t,ch,phase,rep,drive_v,dbm,bfm,temp_c,mA,pd0,pd1,pd2,pd3,pd4,pd5,pd6,pd7,pd8,pd9,pd10,pd11,pd12,pd13
1785421230.78,0,base,0,0.0,15.0,39.274,25.19,241.11,0.0435,0.1608,0.0000,0.1574,0.0005,0.1750,0.0020,0.0230,0.2258,0.0283,0.1965,0.0059,0.2234,0.0000
1785421231.57,0,drive,0,0.0,15.0,39.274,25.19,241.11,0.0440,0.1574,0.0000,0.1554,0.0000,0.1745,0.0020,0.0200,0.2283,0.0347,0.1994,0.0039,0.2278,0.0000
1785421232.36,0,drive,0,0.5,15.0,39.274,25.19,241.11,0.0459,0.1603,0.0000,0.1603,0.0000,0.1730,0.0039,0.0220,0.2195,0.0337,0.1887,0.0049,0.2239,0.0005
1785421233.14,0,drive,0,1.0,15.0,39.274,25.19,241.11,0.0435,0.1613,0.0000,0.1642,0.0000,0.1745,0.0024,0.0249,0.1965,0.0293,0.1398,0.0034,0.1999,0.0020
1785421233.93,0,drive,0,1.5,15.0,39.274,25.19,241.11,0.0445,0.1662,0.0000,0.1662,0.0000,0.1730,0.0034,0.0259,0.1261,0.0318,0.0464,0.0029,0.1325,0.0005
1785421234.72,0,drive,0,2.0,15.0,39.274,25.19,241.11,0.0479,0.1676,0.0010,0.1676,0.0005,0.1774,0.0024,0.0220,0.0254,0.0362,0.0005,0.0020,0.0298,0.0000
1785421235.50,0,drive,0,2.5,15.0,39.274,25.19,241.11,0.0469,0.1667,0.0000,0.1652,0.0000,0.1769,0.0024,0.0127,0.0337,0.0435,0.0978,0.0029,0.0073,0.0000
1785421236.29,0,drive,0,3.0,15.0,39.274,25.19,241.11,0.0479,0.1637,0.0000,0.1593,0.0000,0.1711,0.0039,0.0117,0.2092,0.0391,0.2326,0.0034,0.1872,0.0000
1785421237.08,0,drive,0,3.5,15.0,39.274,25.19,241.11,0.0450,0.1603,0.0029,0.1608,0.0000,0.1769,0.0034,0.0156,0.2498,0.0386,0.2463,0.0059,0.2419,0.0005
1785421237.87,0,drive,0,4.0,15.0,39.274,25.19,241.11,0.0503,0.1662,0.0005,0.1647,0.0005,0.1760,0.0039,0.0152,0.2312,0.0357,0.2043,0.0049,0.2317,0.0005
1785421238.74,1,base,0,0.0,15.0,40.873,25.19,249.66,0.0445,0.1584,0.0000,0.1579,0.0000,0.1735,0.0044,0.0215,0.2283,0.0318,0.1989,0.0044,0.2234,0.0000
1785421239.53,1,drive,0,0.0,15.0,40.873,25.19,249.66,0.0450,0.1608,0.0000,0.1564,0.0000,0.1764,0.0015,0.0215,0.2278,0.0318,0.2014,0.0024,0.2278,0.0010
1785421240.31,1,drive,0,0.5,15.0,40.873,25.19,249.66,0.0450,0.1569,0.0005,0.1608,0.0005,0.1755,0.0024,0.0230,0.2278,0.0308,0.2043,0.0044,0.2331,0.0000
1785421241.10,1,drive,0,1.0,15.0,40.873,25.19,249.66,0.0455,0.1623,0.0000,0.1603,0.0005,0.1750,0.0064,0.0244,0.2366,0.0308,0.2160,0.0068,0.2400,0.0000
1785421241.89,1,drive,0,1.5,15.0,40.873,25.19,249.66,0.0450,0.1574,0.0000,0.1608,0.0005,0.1755,0.0024,0.0254,0.2439,0.0269,0.2175,0.0029,0.2522,0.0000
1785421242.67,1,drive,0,2.0,15.0,40.873,25.19,249.66,0.0469,0.1652,0.0005,0.1608,0.0000,0.1745,0.0039,0.0259,0.2346,0.0269,0.2121,0.0054,0.2468,0.0000
1785421243.46,1,drive,0,2.5,15.0,40.873,25.19,249.66,0.0494,0.1647,0.0000,0.1647,0.0000,0.1769,0.0029,0.0191,0.2009,0.0293,0.1735,0.0034,0.2209,0.0000
1785421244.25,1,drive,0,3.0,15.0,40.873,25.19,249.66,0.0469,0.1613,0.0000,0.1588,0.0000,0.1716,0.0049,0.0152,0.0415,0.0342,0.0552,0.0024,0.0850,0.0000
1785421245.03,1,drive,0,3.5,15.0,40.873,25.19,249.66,0.0459,0.1564,0.0005,0.1618,0.0005,0.1740,0.0049,0.0156,0.0543,0.0371,0.0445,0.0039,0.0308,0.0000
1785421245.82,1,drive,0,4.0,15.0,40.873,25.19,249.66,0.0518,0.1652,0.0000,0.1652,0.0005,0.1750,0.0020,0.0181,0.2131,0.0357,0.1745,0.0064,0.2146,0.0005
1785421246.67,2,base,0,0.0,15.0,40.853,25.19,249.66,0.0440,0.1598,0.0000,0.1579,0.0005,0.1755,0.0049,0.0235,0.2273,0.0308,0.1965,0.0044,0.2263,0.0000
1785421247.46,2,drive,0,0.0,15.0,40.853,25.19,249.66,0.0440,0.1603,0.0000,0.1569,0.0005,0.1750,0.0024,0.0205,0.2263,0.0347,0.1935,0.0039,0.2263,0.0010
1785421248.25,2,drive,0,0.5,15.0,40.853,25.19,249.66,0.0435,0.1603,0.0000,0.1584,0.0000,0.1730,0.0034,0.0220,0.2248,0.0298,0.1979,0.0068,0.2283,0.0005
1785421249.03,2,drive,0,1.0,15.0,40.853,25.19,249.66,0.0415,0.1598,0.0005,0.1608,0.0000,0.1711,0.0020,0.0152,0.2263,0.0298,0.1950,0.0039,0.2278,0.0000
1785421249.82,2,drive,0,1.5,15.0,40.853,25.19,249.66,0.0445,0.1588,0.0000,0.1574,0.0005,0.1711,0.0020,0.0083,0.2195,0.0298,0.1945,0.0049,0.2214,0.0010
1785421250.60,2,drive,0,2.0,15.0,40.853,25.19,249.66,0.0450,0.1584,0.0000,0.1564,0.0010,0.1652,0.0010,0.0024,0.2209,0.0259,0.2028,0.0020,0.2239,0.0005
1785421251.38,2,drive,0,2.5,15.0,40.853,25.19,249.66,0.0474,0.1603,0.0000,0.1544,0.0005,0.1745,0.0010,0.0044,0.2219,0.0259,0.2107,0.0024,0.2292,0.0000
1785421252.17,2,drive,0,3.0,15.0,40.853,25.19,249.66,0.0533,0.1657,0.0000,0.1564,0.0000,0.1813,0.0000,0.0156,0.2195,0.0352,0.1965,0.0024,0.2287,0.0000
1785421252.96,2,drive,0,3.5,15.0,40.853,25.19,249.66,0.0518,0.1667,0.0005,0.1574,0.0005,0.1813,0.0039,0.0215,0.2248,0.0386,0.1887,0.0024,0.2239,0.0005
1785421253.74,2,drive,0,4.0,15.0,40.853,25.19,249.66,0.0489,0.1667,0.0000,0.1662,0.0000,0.1735,0.0044,0.0147,0.2234,0.0357,0.1965,0.0059,0.2219,0.0010
1785421254.62,3,base,0,0.0,15.0,40.853,25.19,249.66,0.0459,0.1618,0.0000,0.1579,0.0000,0.1740,0.0044,0.0210,0.2258,0.0337,0.1970,0.0034,0.2243,0.0000
1785421255.40,3,drive,0,0.0,15.0,40.853,25.19,249.66,0.0430,0.1593,0.0000,0.1579,0.0005,0.1769,0.0015,0.0220,0.2263,0.0318,0.1960,0.0029,0.2258,0.0000
1785421256.19,3,drive,0,0.5,15.0,40.853,25.19,249.66,0.0445,0.1584,0.0010,0.1584,0.0010,0.1720,0.0024,0.0244,0.2278,0.0323,0.1975,0.0044,0.2268,0.0005
1785421256.97,3,drive,0,1.0,15.0,40.853,25.19,249.66,0.0411,0.1588,0.0000,0.1603,0.0000,0.1740,0.0039,0.0235,0.2278,0.0288,0.2004,0.0064,0.2302,0.0000
1785421257.76,3,drive,0,1.5,15.0,40.853,25.19,249.66,0.0459,0.1588,0.0005,0.1652,0.0000,0.1701,0.0039,0.0176,0.2302,0.0269,0.2053,0.0073,0.2292,0.0005
1785421258.54,3,drive,0,2.0,15.0,40.853,25.19,249.66,0.0455,0.1608,0.0015,0.1647,0.0015,0.1681,0.0020,0.0098,0.2292,0.0249,0.2072,0.0068,0.2283,0.0000
1785421259.33,3,drive,0,2.5,15.0,40.853,25.19,249.66,0.0484,0.1603,0.0005,0.1637,0.0020,0.1686,0.0024,0.0024,0.2297,0.0225,0.2097,0.0059,0.2292,0.0010
1785421260.12,3,drive,0,3.0,15.0,40.853,25.19,249.66,0.0503,0.1686,0.0005,0.1598,0.0029,0.1774,0.0010,0.0020,0.2204,0.0264,0.2053,0.0034,0.2283,0.0005
1785421260.90,3,drive,0,3.5,15.0,40.853,25.19,249.66,0.0513,0.1681,0.0000,0.1588,0.0005,0.1813,0.0024,0.0127,0.2121,0.0367,0.1823,0.0010,0.2180,0.0000
1785421261.69,3,drive,0,4.0,15.0,40.853,25.19,249.66,0.0508,0.1623,0.0000,0.1647,0.0020,0.1750,0.0029,0.0166,0.2234,0.0376,0.1945,0.0059,0.2239,0.0020
1785421262.55,4,base,0,0.0,15.0,40.913,25.19,249.66,0.0430,0.1618,0.0000,0.1598,0.0000,0.1725,0.0024,0.0210,0.2248,0.0332,0.1955,0.0029,0.2287,0.0000
1785421263.34,4,drive,0,0.0,15.0,40.913,25.19,249.66,0.0445,0.1588,0.0000,0.1584,0.0005,0.1750,0.0039,0.0215,0.2229,0.0318,0.1926,0.0059,0.2248,0.0005
1785421264.13,4,drive,0,0.5,15.0,40.913,25.19,249.66,0.0445,0.1574,0.0000,0.1618,0.0000,0.1760,0.0015,0.0230,0.2219,0.0332,0.1955,0.0024,0.2253,0.0005
1785421264.92,4,drive,0,1.0,15.0,40.913,25.19,249.66,0.0450,0.1579,0.0005,0.1608,0.0005,0.1760,0.0029,0.0225,0.2234,0.0327,0.1955,0.0020,0.2239,0.0010
1785421265.70,4,drive,0,1.5,15.0,40.913,25.19,249.66,0.0455,0.1593,0.0005,0.1603,0.0005,0.1735,0.0020,0.0191,0.2234,0.0327,0.1945,0.0049,0.2263,0.0005
1785421266.49,4,drive,0,2.0,15.0,40.913,25.19,249.66,0.0430,0.1603,0.0005,0.1569,0.0000,0.1774,0.0020,0.0196,0.2214,0.0308,0.1931,0.0034,0.2258,0.0000
1785421267.28,4,drive,0,2.5,15.0,40.913,25.19,249.66,0.0494,0.1657,0.0000,0.1628,0.0000,0.1784,0.0024,0.0235,0.2224,0.0362,0.1931,0.0024,0.2209,0.0005
1785421268.07,4,drive,0,3.0,15.0,40.913,25.19,249.66,0.0474,0.1628,0.0005,0.1642,0.0000,0.1813,0.0054,0.0235,0.2278,0.0381,0.1965,0.0054,0.2287,0.0000
1785421268.86,4,drive,0,3.5,15.0,40.913,25.19,249.66,0.0484,0.1613,0.0005,0.1642,0.0024,0.1745,0.0039,0.0239,0.2258,0.0376,0.1975,0.0044,0.2278,0.0000
1785421269.64,4,drive,0,4.0,15.0,40.913,25.19,249.66,0.0513,0.1632,0.0005,0.1647,0.0005,0.1779,0.0039,0.0171,0.2209,0.0352,0.1979,0.0064,0.2243,0.0005
1785421270.51,5,base,0,0.0,15.0,40.833,25.19,249.66,0.0455,0.1574,0.0000,0.1608,0.0000,0.1740,0.0039,0.0215,0.2229,0.0327,0.1945,0.0039,0.2234,0.0005
1785421271.30,5,drive,0,0.0,15.0,40.833,25.19,249.66,0.0440,0.1593,0.0000,0.1584,0.0015,0.1745,0.0034,0.0215,0.2248,0.0298,0.1926,0.0059,0.2253,0.0005
1785421272.08,5,drive,0,0.5,15.0,40.833,25.19,249.66,0.0425,0.1608,0.0000,0.1564,0.0000,0.1764,0.0015,0.0215,0.2263,0.0318,0.1955,0.0039,0.2263,0.0000
1785421272.87,5,drive,0,1.0,15.0,40.833,25.19,249.66,0.0469,0.1593,0.0000,0.1618,0.0000,0.1725,0.0029,0.0210,0.2253,0.0288,0.1926,0.0034,0.2243,0.0005
1785421273.65,5,drive,0,1.5,15.0,40.833,25.19,249.66,0.0459,0.1579,0.0000,0.1628,0.0005,0.1755,0.0029,0.0196,0.2253,0.0332,0.1960,0.0024,0.2253,0.0000
1785421274.44,5,drive,0,2.0,15.0,40.833,25.19,249.66,0.0464,0.1613,0.0000,0.1618,0.0005,0.1764,0.0029,0.0200,0.2224,0.0367,0.1926,0.0049,0.2248,0.0010
1785421275.23,5,drive,0,2.5,15.0,40.833,25.19,249.66,0.0464,0.1681,0.0005,0.1623,0.0000,0.1823,0.0020,0.0205,0.2204,0.0362,0.1916,0.0054,0.2214,0.0005
1785421276.01,5,drive,0,3.0,15.0,40.833,25.19,249.66,0.0503,0.1647,0.0000,0.1667,0.0005,0.1794,0.0034,0.0264,0.2243,0.0386,0.1999,0.0068,0.2248,0.0015
1785421276.80,5,drive,0,3.5,15.0,40.833,25.19,249.66,0.0474,0.1672,0.0000,0.1632,0.0000,0.1750,0.0049,0.0225,0.2268,0.0381,0.1999,0.0049,0.2268,0.0000
1785421277.59,5,drive,0,4.0,15.0,40.833,25.19,249.66,0.0484,0.1647,0.0000,0.1657,0.0010,0.1764,0.0039,0.0196,0.2229,0.0391,0.1945,0.0054,0.2229,0.0005
1785421278.45,6,base,0,0.0,15.0,40.873,25.19,249.66,0.0430,0.1574,0.0000,0.1598,0.0010,0.1760,0.0044,0.0196,0.2263,0.0332,0.1950,0.0039,0.2243,0.0000
1785421279.23,6,drive,0,0.0,15.0,40.873,25.19,249.66,0.0455,0.1623,0.0000,0.1598,0.0005,0.1740,0.0029,0.0249,0.2229,0.0313,0.1950,0.0034,0.2268,0.0000
1785421280.02,6,drive,0,0.5,15.0,40.873,25.19,249.66,0.0440,0.1564,0.0005,0.1598,0.0000,0.1745,0.0044,0.0200,0.2263,0.0323,0.1960,0.0054,0.2234,0.0000
1785421280.81,6,drive,0,1.0,15.0,40.873,25.19,249.66,0.0494,0.1623,0.0000,0.1608,0.0020,0.1760,0.0054,0.0342,0.2287,0.0376,0.1984,0.0034,0.2229,0.0005
1785421281.60,6,drive,0,1.5,15.0,40.873,25.19,249.66,0.0484,0.1613,0.0010,0.1623,0.0000,0.1750,0.0059,0.0494,0.2302,0.0367,0.2038,0.0049,0.2234,0.0005
1785421282.38,6,drive,0,2.0,15.0,40.873,25.19,249.66,0.0396,0.1613,0.0000,0.1632,0.0010,0.1769,0.0034,0.0621,0.2395,0.0332,0.2087,0.0029,0.2243,0.0010
1785421283.17,6,drive,0,2.5,15.0,40.873,25.19,249.66,0.0479,0.1613,0.0005,0.1637,0.0015,0.1735,0.0029,0.0792,0.2400,0.0196,0.2087,0.0024,0.2190,0.0010
1785421283.95,6,drive,0,3.0,15.0,40.873,25.19,249.66,0.0523,0.1672,0.0000,0.1730,0.0015,0.1779,0.0039,0.0552,0.2370,0.0122,0.1950,0.0044,0.2155,0.0005
1785421284.74,6,drive,0,3.5,15.0,40.873,25.19,249.66,0.0508,0.1647,0.0015,0.1691,0.0020,0.1760,0.0039,0.0254,0.2292,0.0191,0.1965,0.0049,0.2214,0.0005
1785421285.53,6,drive,0,4.0,15.0,40.873,25.19,249.66,0.0533,0.1652,0.0000,0.1637,0.0005,0.1764,0.0054,0.0181,0.2195,0.0391,0.1979,0.0039,0.2199,0.0005
1785421286.39,7,base,0,0.0,15.0,40.853,25.19,249.66,0.0430,0.1618,0.0000,0.1623,0.0010,0.1750,0.0054,0.0215,0.2214,0.0327,0.1940,0.0024,0.2253,0.0000
1785421287.17,7,drive,0,0.0,15.0,40.853,25.19,249.66,0.0435,0.1598,0.0000,0.1593,0.0005,0.1750,0.0020,0.0196,0.2258,0.0332,0.1955,0.0024,0.2224,0.0015
1785421287.96,7,drive,0,0.5,15.0,40.853,25.19,249.66,0.0445,0.1628,0.0000,0.1642,0.0000,0.1755,0.0020,0.0249,0.2283,0.0362,0.1935,0.0034,0.2253,0.0000
1785421288.74,7,drive,0,1.0,15.0,40.853,25.19,249.66,0.0396,0.1544,0.0000,0.1515,0.0000,0.1711,0.0020,0.0264,0.2243,0.0327,0.1906,0.0029,0.2175,0.0000
1785421289.53,7,drive,0,1.5,15.0,40.853,25.19,249.66,0.0430,0.1564,0.0000,0.1535,0.0005,0.1716,0.0024,0.0415,0.2239,0.0347,0.1950,0.0015,0.2151,0.0000
1785421290.32,7,drive,0,2.0,15.0,40.853,25.19,249.66,0.0445,0.1544,0.0005,0.1584,0.0010,0.1686,0.0034,0.0611,0.2312,0.0308,0.1989,0.0029,0.2185,0.0000
1785421291.10,7,drive,0,2.5,15.0,40.853,25.19,249.66,0.0455,0.1515,0.0000,0.1598,0.0005,0.1701,0.0024,0.0762,0.2361,0.0259,0.2043,0.0015,0.2126,0.0015
1785421291.89,7,drive,0,3.0,15.0,40.853,25.19,249.66,0.0464,0.1608,0.0000,0.1642,0.0000,0.1755,0.0034,0.0650,0.2326,0.0152,0.1906,0.0015,0.2092,0.0000
1785421292.68,7,drive,0,3.5,15.0,40.853,25.19,249.66,0.0474,0.1593,0.0000,0.1642,0.0005,0.1740,0.0029,0.0332,0.2292,0.0181,0.1921,0.0024,0.2141,0.0000
1785421293.46,7,drive,0,4.0,15.0,40.853,25.19,249.66,0.0479,0.1584,0.0000,0.1569,0.0000,0.1681,0.0044,0.0166,0.2155,0.0347,0.1926,0.0029,0.2185,0.0000
1785421294.33,8,base,0,0.0,15.0,40.873,25.18,249.66,0.0415,0.1530,0.0000,0.1520,0.0000,0.1711,0.0059,0.0200,0.2190,0.0313,0.1843,0.0039,0.2209,0.0000
1785421295.11,8,drive,0,0.0,15.0,40.873,25.18,249.66,0.0411,0.1559,0.0000,0.1500,0.0005,0.1696,0.0034,0.0205,0.2180,0.0283,0.1887,0.0059,0.2209,0.0000
1785421295.90,8,drive,0,0.5,15.0,40.873,25.18,249.66,0.0420,0.1540,0.0000,0.1520,0.0005,0.1686,0.0044,0.0196,0.2155,0.0303,0.1818,0.0015,0.2214,0.0005
1785421296.69,8,drive,0,1.0,15.0,40.873,25.18,249.66,0.0386,0.1540,0.0000,0.1525,0.0005,0.1696,0.0039,0.0196,0.2185,0.0298,0.1872,0.0049,0.2180,0.0000
1785421297.47,8,drive,0,1.5,15.0,40.873,25.18,249.66,0.0396,0.1481,0.0010,0.1520,0.0000,0.1676,0.0020,0.0210,0.2219,0.0313,0.1882,0.0029,0.2195,0.0010
1785421298.26,8,drive,0,2.0,15.0,40.873,25.18,249.66,0.0386,0.1554,0.0000,0.1515,0.0000,0.1691,0.0039,0.0171,0.2190,0.0298,0.1843,0.0029,0.2195,0.0005
1785421299.04,8,drive,0,2.5,15.0,40.873,25.18,249.66,0.0391,0.1505,0.0005,0.1510,0.0000,0.1681,0.0015,0.0171,0.2185,0.0283,0.1882,0.0054,0.2224,0.0000
1785421299.83,8,drive,0,3.0,15.0,40.873,25.18,249.66,0.0430,0.1540,0.0000,0.1520,0.0000,0.1696,0.0039,0.0200,0.2175,0.0308,0.1896,0.0034,0.2170,0.0000
1785421300.62,8,drive,0,3.5,15.0,40.873,25.18,249.66,0.0401,0.1564,0.0005,0.1525,0.0000,0.1696,0.0029,0.0210,0.2175,0.0274,0.1848,0.0044,0.2199,0.0000
1785421301.40,8,drive,0,4.0,15.0,40.873,25.18,249.66,0.0381,0.1520,0.0000,0.1530,0.0005,0.1696,0.0015,0.0196,0.2185,0.0279,0.1852,0.0039,0.2204,0.0000
1785421302.26,9,base,0,0.0,15.0,40.813,25.18,249.66,0.0415,0.1549,0.0000,0.1515,0.0000,0.1691,0.0024,0.0191,0.2199,0.0303,0.1857,0.0029,0.2199,0.0000
1785421303.05,9,drive,0,0.0,15.0,40.813,25.18,249.66,0.0420,0.1505,0.0010,0.1535,0.0005,0.1691,0.0020,0.0191,0.2209,0.0283,0.1862,0.0054,0.2190,0.0000
1785421303.83,9,drive,0,0.5,15.0,40.813,25.18,249.66,0.0396,0.1535,0.0000,0.1530,0.0010,0.1701,0.0039,0.0210,0.2185,0.0283,0.1877,0.0029,0.2165,0.0000
1785421304.62,9,drive,0,1.0,15.0,40.813,25.18,249.66,0.0435,0.1525,0.0010,0.1530,0.0010,0.1691,0.0044,0.0196,0.2195,0.0308,0.1828,0.0010,0.2209,0.0000
1785421305.41,9,drive,0,1.5,15.0,40.813,25.18,249.66,0.0420,0.1535,0.0000,0.1535,0.0005,0.1691,0.0029,0.0171,0.2170,0.0308,0.1857,0.0044,0.2199,0.0005
1785421306.19,9,drive,0,2.0,15.0,40.813,25.18,249.66,0.0420,0.1535,0.0000,0.1544,0.0005,0.1676,0.0039,0.0176,0.2190,0.0288,0.1896,0.0039,0.2175,0.0000
1785421306.98,9,drive,0,2.5,15.0,40.813,25.18,249.66,0.0401,0.1530,0.0000,0.1525,0.0005,0.1686,0.0015,0.0210,0.2204,0.0303,0.1857,0.0039,0.2151,0.0000
1785421307.77,9,drive,0,3.0,15.0,40.813,25.18,249.66,0.0445,0.1530,0.0005,0.1535,0.0005,0.1701,0.0024,0.0200,0.2195,0.0332,0.1857,0.0059,0.2204,0.0000
1785421308.56,9,drive,0,3.5,15.0,40.813,25.18,249.66,0.0386,0.1554,0.0005,0.1535,0.0005,0.1711,0.0039,0.0210,0.2195,0.0308,0.1852,0.0039,0.2214,0.0000
1785421309.35,9,drive,0,4.0,15.0,40.813,25.18,249.66,0.0425,0.1535,0.0000,0.1515,0.0005,0.1667,0.0034,0.0200,0.2199,0.0288,0.1857,0.0034,0.2185,0.0005
1785421310.20,10,base,0,0.0,15.0,40.853,25.18,249.66,0.0381,0.1535,0.0000,0.1500,0.0000,0.1711,0.0034,0.0191,0.2185,0.0308,0.1867,0.0039,0.2195,0.0000
1785421310.99,10,drive,0,0.0,15.0,40.853,25.18,249.66,0.0406,0.1525,0.0000,0.1564,0.0005,0.1676,0.0015,0.0200,0.2214,0.0283,0.1872,0.0015,0.2214,0.0000
1785421311.78,10,drive,0,0.5,15.0,40.853,25.18,249.66,0.0386,0.1549,0.0196,0.1608,0.0078,0.1774,0.0103,0.0244,0.2116,0.0362,0.1828,0.0093,0.2160,0.0112
1785421312.57,10,drive,0,1.0,15.0,40.853,25.18,249.66,0.0464,0.1510,0.0073,0.1496,0.0010,0.1662,0.0073,0.0186,0.2180,0.0259,0.1823,0.0230,0.2234,0.0024
1785421313.35,10,drive,0,1.5,15.0,40.853,25.18,249.66,0.0386,0.1569,0.0005,0.1510,0.0029,0.1686,0.0117,0.0186,0.2160,0.0279,0.1872,0.0034,0.2175,0.0000
1785421314.14,10,drive,0,2.0,15.0,40.853,25.18,249.66,0.0455,0.1481,0.0186,0.1520,0.0068,0.1823,0.0015,0.0254,0.2116,0.0288,0.1828,0.0108,0.2199,0.0142
1785421314.93,10,drive,0,2.5,15.0,40.853,25.18,249.66,0.0391,0.1452,0.0073,0.1496,0.0000,0.1672,0.0098,0.0191,0.2155,0.0288,0.1843,0.0098,0.2219,0.0122
1785421315.72,10,drive,0,3.0,15.0,40.853,25.18,249.66,0.0455,0.1515,0.0029,0.1574,0.0044,0.1716,0.0015,0.0230,0.2136,0.0323,0.1891,0.0064,0.2151,0.0059
1785421316.51,10,drive,0,3.5,15.0,40.853,25.18,249.66,0.0298,0.1559,0.0068,0.1471,0.0044,0.1657,0.0083,0.0171,0.2116,0.0283,0.1838,0.0156,0.2146,0.0108
1785421317.29,10,drive,0,4.0,15.0,40.853,25.18,249.66,0.0381,0.1505,0.0083,0.1486,0.0088,0.1691,0.0073,0.0298,0.2204,0.0269,0.1818,0.0068,0.2268,0.0064
1785421318.16,11,base,0,0.0,15.0,40.833,25.18,249.67,0.0327,0.1559,0.0029,0.1496,0.0068,0.1686,0.0147,0.0196,0.2180,0.0298,0.1872,0.0112,0.2229,0.0039
1785421318.95,11,drive,0,0.0,15.0,40.833,25.18,249.67,0.0362,0.1417,0.0073,0.1525,0.0029,0.1745,0.0098,0.0225,0.2175,0.0357,0.1794,0.0108,0.2283,0.0010
1785421319.74,11,drive,0,0.5,15.0,40.833,25.18,249.67,0.0376,0.1549,0.0064,0.1525,0.0191,0.1628,0.0064,0.0142,0.2258,0.0279,0.1818,0.0122,0.2155,0.0073
1785421320.52,11,drive,0,1.0,15.0,40.833,25.18,249.67,0.0435,0.1632,0.0015,0.1476,0.0064,0.1681,0.0147,0.0205,0.2111,0.0244,0.1808,0.0152,0.2131,0.0000
1785421321.31,11,drive,0,1.5,15.0,40.833,25.18,249.67,0.0450,0.1466,0.0112,0.1466,0.0044,0.1667,0.0064,0.0274,0.2258,0.0308,0.1804,0.0117,0.2214,0.0068
1785421322.10,11,drive,0,2.0,15.0,40.833,25.18,249.67,0.0391,0.1554,0.0020,0.1496,0.0147,0.1735,0.0093,0.0244,0.2185,0.0191,0.1804,0.0108,0.2190,0.0078
1785421322.88,11,drive,0,2.5,15.0,40.833,25.18,249.67,0.0396,0.1466,0.0044,0.1554,0.0156,0.1579,0.0064,0.0264,0.2209,0.0215,0.1906,0.0093,0.2126,0.0044
1785421323.67,11,drive,0,3.0,15.0,40.833,25.18,249.67,0.0435,0.1505,0.0137,0.1466,0.0059,0.1691,0.0098,0.0254,0.2141,0.0327,0.1740,0.0103,0.2170,0.0098
1785421324.46,11,drive,0,3.5,15.0,40.833,25.18,249.67,0.0420,0.1520,0.0108,0.1481,0.0010,0.1696,0.0117,0.0186,0.2199,0.0332,0.1882,0.0073,0.2170,0.0039
1785421325.25,11,drive,0,4.0,15.0,40.833,25.18,249.67,0.0455,0.1505,0.0010,0.1476,0.0073,0.1632,0.0117,0.0259,0.2209,0.0352,0.1818,0.0147,0.2131,0.0024
1785421326.11,12,base,0,0.0,15.0,40.853,25.18,249.67,0.0386,0.1413,0.0024,0.1515,0.0054,0.1657,0.0142,0.0244,0.2116,0.0318,0.1867,0.0108,0.2155,0.0064
1785421326.90,12,drive,0,0.0,15.0,40.853,25.18,249.67,0.0371,0.1496,0.0020,0.1491,0.0054,0.1706,0.0122,0.0244,0.2131,0.0298,0.1882,0.0078,0.2195,0.0059
1785421327.69,12,drive,0,0.5,15.0,40.853,25.18,249.67,0.0474,0.1476,0.0034,0.1544,0.0088,0.1652,0.0122,0.0196,0.2151,0.0283,0.1921,0.0068,0.2067,0.0039
1785421328.47,12,drive,0,1.0,15.0,40.853,25.18,249.67,0.0430,0.1544,0.0073,0.1496,0.0112,0.1672,0.0068,0.0205,0.2204,0.0244,0.1906,0.0083,0.2180,0.0054
1785421329.26,12,drive,0,1.5,15.0,40.853,25.18,249.67,0.0411,0.1525,0.0015,0.1471,0.0156,0.1647,0.0108,0.0323,0.2175,0.0357,0.1813,0.0127,0.2248,0.0039
1785421330.05,12,drive,0,2.0,15.0,40.853,25.18,249.67,0.0396,0.1496,0.0068,0.1608,0.0064,0.1691,0.0059,0.0254,0.2121,0.0239,0.1828,0.0127,0.2160,0.0044
1785421330.84,12,drive,0,2.5,15.0,40.853,25.18,249.67,0.0435,0.1481,0.0137,0.1466,0.0064,0.1657,0.0142,0.0196,0.2175,0.0352,0.1838,0.0088,0.2170,0.0098
1785421331.63,12,drive,0,3.0,15.0,40.853,25.18,249.67,0.0430,0.1481,0.0039,0.1559,0.0029,0.1720,0.0078,0.0205,0.2170,0.0352,0.1862,0.0103,0.2204,0.0010
1785421332.41,12,drive,0,3.5,15.0,40.853,25.18,249.67,0.0386,0.1584,0.0000,0.1437,0.0015,0.1632,0.0269,0.0191,0.2170,0.0220,0.1857,0.0108,0.2092,0.0015
1785421333.20,12,drive,0,4.0,15.0,40.853,25.18,249.67,0.0415,0.1427,0.0020,0.1500,0.0098,0.1662,0.0049,0.0235,0.2185,0.0279,0.1799,0.0044,0.2072,0.0015
1785421334.05,13,base,0,0.0,15.0,40.913,25.18,249.67,0.0411,0.1461,0.0000,0.1520,0.0064,0.1691,0.0176,0.0235,0.2160,0.0420,0.1872,0.0039,0.2111,0.0005
1785421334.84,13,drive,0,0.0,15.0,40.913,25.18,249.67,0.0523,0.1540,0.0029,0.1388,0.0010,0.1618,0.0073,0.0215,0.2185,0.0293,0.1843,0.0259,0.2219,0.0000
1785421335.63,13,drive,0,0.5,15.0,40.913,25.18,249.67,0.0415,0.1540,0.0024,0.1525,0.0230,0.1657,0.0024,0.0308,0.2146,0.0357,0.1877,0.0068,0.2160,0.0029
1785421336.41,13,drive,0,1.0,15.0,40.913,25.18,249.67,0.0391,0.1471,0.0000,0.1486,0.0000,0.1672,0.0044,0.0127,0.2165,0.0313,0.1779,0.0034,0.2155,0.0005
1785421337.20,13,drive,0,1.5,15.0,40.913,25.18,249.67,0.0435,0.1515,0.0000,0.1525,0.0000,0.1681,0.0024,0.0078,0.2136,0.0337,0.1852,0.0024,0.2126,0.0005
1785421337.99,13,drive,0,2.0,15.0,40.913,25.18,249.67,0.0430,0.1559,0.0000,0.1540,0.0000,0.1686,0.0054,0.0024,0.2087,0.0362,0.1911,0.0044,0.2136,0.0000
1785421338.78,13,drive,0,2.5,15.0,40.913,25.18,249.67,0.0440,0.1569,0.0005,0.1525,0.0000,0.1667,0.0020,0.0000,0.1950,0.0274,0.1989,0.0039,0.2121,0.0000
1785421339.56,13,drive,0,3.0,15.0,40.913,25.18,249.67,0.0415,0.1476,0.0005,0.1461,0.0000,0.1618,0.0024,0.0015,0.1882,0.0171,0.2028,0.0029,0.2126,0.0005
1785421340.35,13,drive,0,3.5,15.0,40.913,25.18,249.67,0.0376,0.1364,0.0010,0.1344,0.0000,0.1549,0.0020,0.0127,0.1940,0.0161,0.1931,0.0039,0.2131,0.0000
1785421341.14,13,drive,0,4.0,15.0,40.913,25.18,249.67,0.0455,0.1510,0.0005,0.1457,0.0005,0.1652,0.0024,0.0127,0.2082,0.0323,0.1877,0.0044,0.2092,0.0000
1785421342.01,14,base,0,0.0,15.0,40.833,25.18,249.67,0.0396,0.1486,0.0000,0.1500,0.0000,0.1662,0.0029,0.0181,0.2146,0.0283,0.1808,0.0039,0.2151,0.0000
1785421342.80,14,drive,0,0.0,15.0,40.833,25.18,249.67,0.0381,0.1496,0.0000,0.1491,0.0000,0.1657,0.0015,0.0181,0.2155,0.0264,0.1823,0.0039,0.2185,0.0000
1785421343.58,14,drive,0,0.5,15.0,40.833,25.18,249.67,0.0401,0.1461,0.0000,0.1471,0.0005,0.1672,0.0020,0.0200,0.2131,0.0288,0.1818,0.0059,0.2160,0.0000
1785421344.37,14,drive,0,1.0,15.0,40.833,25.18,249.67,0.0362,0.1491,0.0000,0.1461,0.0010,0.1672,0.0020,0.0196,0.2141,0.0298,0.1813,0.0054,0.2155,0.0000
1785421345.16,14,drive,0,1.5,15.0,40.833,25.18,249.67,0.0376,0.1496,0.0000,0.1486,0.0000,0.1652,0.0029,0.0205,0.2131,0.0269,0.1799,0.0059,0.2151,0.0000
1785421345.95,14,drive,0,2.0,15.0,40.833,25.18,249.67,0.0362,0.1476,0.0000,0.1476,0.0005,0.1662,0.0020,0.0171,0.2185,0.0283,0.1818,0.0034,0.2160,0.0000
1785421346.74,14,drive,0,2.5,15.0,40.833,25.18,249.67,0.0391,0.1496,0.0000,0.1466,0.0000,0.1681,0.0029,0.0181,0.2141,0.0274,0.1789,0.0020,0.2146,0.0000
1785421347.52,14,drive,0,3.0,15.0,40.833,25.18,249.67,0.0381,0.1481,0.0005,0.1500,0.0005,0.1657,0.0010,0.0186,0.2151,0.0283,0.1804,0.0034,0.2146,0.0000
1785421348.31,14,drive,0,3.5,15.0,40.833,25.18,249.67,0.0381,0.1486,0.0000,0.1457,0.0005,0.1676,0.0015,0.0181,0.2141,0.0288,0.1823,0.0029,0.2151,0.0000
1785421349.10,14,drive,0,4.0,15.0,40.833,25.18,249.67,0.0420,0.1500,0.0000,0.1505,0.0005,0.1628,0.0029,0.0205,0.2126,0.0269,0.1818,0.0039,0.2136,0.0010
1785421349.96,15,base,0,0.0,15.0,40.773,25.18,249.67,0.0401,0.1496,0.0010,0.1491,0.0000,0.1662,0.0024,0.0171,0.2136,0.0279,0.1813,0.0020,0.2141,0.0010
1785421350.74,15,drive,0,0.0,15.0,40.773,25.18,249.67,0.0411,0.1496,0.0000,0.1510,0.0005,0.1667,0.0024,0.0191,0.2165,0.0313,0.1799,0.0020,0.2155,0.0005
1785421351.53,15,drive,0,0.5,15.0,40.773,25.18,249.67,0.0376,0.1505,0.0000,0.1505,0.0000,0.1613,0.0029,0.0196,0.2141,0.0288,0.1813,0.0020,0.2126,0.0000
1785421352.31,15,drive,0,1.0,15.0,40.773,25.18,249.67,0.0381,0.1486,0.0000,0.1496,0.0005,0.1662,0.0020,0.0181,0.2155,0.0279,0.1794,0.0039,0.2160,0.0000
1785421353.10,15,drive,0,1.5,15.0,40.773,25.18,249.67,0.0376,0.1481,0.0000,0.1491,0.0000,0.1662,0.0044,0.0215,0.2131,0.0288,0.1828,0.0024,0.2170,0.0000
1785421353.88,15,drive,0,2.0,15.0,40.773,25.18,249.67,0.0386,0.1486,0.0005,0.1466,0.0010,0.1691,0.0034,0.0186,0.2165,0.0279,0.1818,0.0039,0.2146,0.0000
1785421354.67,15,drive,0,2.5,15.0,40.773,25.18,249.67,0.0401,0.1491,0.0000,0.1481,0.0005,0.1652,0.0039,0.0181,0.2155,0.0298,0.1813,0.0034,0.2146,0.0000
1785421355.46,15,drive,0,3.0,15.0,40.773,25.18,249.67,0.0367,0.1491,0.0010,0.1515,0.0005,0.1652,0.0029,0.0186,0.2146,0.0279,0.1789,0.0010,0.2151,0.0000
1785421356.25,15,drive,0,3.5,15.0,40.773,25.18,249.67,0.0371,0.1510,0.0000,0.1486,0.0010,0.1672,0.0020,0.0181,0.2155,0.0274,0.1808,0.0029,0.2155,0.0000
1785421357.03,15,drive,0,4.0,15.0,40.773,25.18,249.67,0.0391,0.1500,0.0000,0.1486,0.0005,0.1642,0.0015,0.0171,0.2111,0.0274,0.1828,0.0039,0.2121,0.0000
1785421357.90,16,base,0,0.0,15.0,40.793,25.18,249.67,0.0396,0.1471,0.0005,0.1491,0.0000,0.1667,0.0024,0.0171,0.2111,0.0283,0.1804,0.0029,0.2146,0.0000
1785421358.69,16,drive,0,0.0,15.0,40.793,25.18,249.67,0.0371,0.1476,0.0000,0.1481,0.0000,0.1657,0.0015,0.0210,0.2136,0.0298,0.1808,0.0029,0.2141,0.0000
1785421359.47,16,drive,0,0.5,15.0,40.793,25.18,249.67,0.0381,0.1515,0.0000,0.1476,0.0005,0.1681,0.0024,0.0200,0.2136,0.0283,0.1828,0.0020,0.2155,0.0005
1785421360.26,16,drive,0,1.0,15.0,40.793,25.18,249.67,0.0386,0.1481,0.0000,0.1544,0.0000,0.1760,0.0024,0.0186,0.2146,0.0323,0.1828,0.0029,0.2170,0.0000
1785421361.05,16,drive,0,1.5,15.0,40.793,25.18,249.67,0.0435,0.1549,0.0000,0.1549,0.0005,0.1813,0.0064,0.0171,0.2155,0.0279,0.1818,0.0029,0.2131,0.0000
1785421361.83,16,drive,0,2.0,15.0,40.793,25.18,249.67,0.0430,0.1574,0.0000,0.1544,0.0005,0.1862,0.0108,0.0186,0.2126,0.0288,0.1828,0.0064,0.2160,0.0000
1785421362.62,16,drive,0,2.5,15.0,40.793,25.18,249.67,0.0440,0.1623,0.0000,0.1457,0.0005,0.1764,0.0112,0.0161,0.2136,0.0293,0.1823,0.0049,0.2126,0.0024
1785421363.41,16,drive,0,3.0,15.0,40.793,25.18,249.67,0.0440,0.1574,0.0010,0.1241,0.0005,0.1476,0.0078,0.0152,0.2131,0.0288,0.1808,0.0029,0.2151,0.0010
1785421364.20,16,drive,0,3.5,15.0,40.793,25.18,249.67,0.0459,0.1584,0.0005,0.1251,0.0005,0.1256,0.0044,0.0142,0.2107,0.0342,0.1848,0.0034,0.2107,0.0000
1785421364.98,16,drive,0,4.0,15.0,40.793,25.18,249.67,0.0450,0.1544,0.0000,0.1481,0.0005,0.1628,0.0049,0.0108,0.2107,0.0332,0.1916,0.0054,0.2102,0.0015
1785421365.85,17,base,0,0.0,15.0,40.813,25.18,249.68,0.0381,0.1442,0.0010,0.1486,0.0005,0.1647,0.0015,0.0186,0.2165,0.0308,0.1799,0.0020,0.2155,0.0000
1785421366.63,17,drive,0,0.0,15.0,40.813,25.18,249.68,0.0391,0.1481,0.0000,0.1476,0.0010,0.1652,0.0005,0.0181,0.2155,0.0274,0.1818,0.0034,0.2151,0.0000
1785421367.42,17,drive,0,0.5,15.0,40.813,25.18,249.68,0.0381,0.1452,0.0005,0.1515,0.0000,0.1672,0.0034,0.0191,0.2146,0.0298,0.1789,0.0029,0.2160,0.0000
1785421368.21,17,drive,0,1.0,15.0,40.813,25.18,249.68,0.0381,0.1481,0.0005,0.1496,0.0000,0.1652,0.0024,0.0220,0.2136,0.0298,0.1818,0.0034,0.2141,0.0000
1785421368.99,17,drive,0,1.5,15.0,40.813,25.18,249.68,0.0415,0.1520,0.0005,0.1466,0.0005,0.1667,0.0024,0.0186,0.2126,0.0298,0.1794,0.0049,0.2155,0.0000
1785421369.78,17,drive,0,2.0,15.0,40.813,25.18,249.68,0.0391,0.1491,0.0000,0.1471,0.0000,0.1672,0.0010,0.0176,0.2146,0.0313,0.1799,0.0034,0.2146,0.0000
1785421370.57,17,drive,0,2.5,15.0,40.813,25.18,249.68,0.0386,0.1496,0.0000,0.1491,0.0000,0.1676,0.0015,0.0191,0.2136,0.0279,0.1813,0.0049,0.2160,0.0000
1785421371.36,17,drive,0,3.0,15.0,40.813,25.18,249.68,0.0386,0.1461,0.0000,0.1500,0.0005,0.1672,0.0020,0.0200,0.2136,0.0313,0.1789,0.0024,0.2136,0.0000
1785421372.14,17,drive,0,3.5,15.0,40.813,25.18,249.68,0.0401,0.1476,0.0000,0.1442,0.0000,0.1676,0.0039,0.0176,0.2146,0.0279,0.1808,0.0039,0.2155,0.0000
1785421372.93,17,drive,0,4.0,15.0,40.813,25.18,249.68,0.0396,0.1505,0.0010,0.1461,0.0010,0.1657,0.0015,0.0181,0.2107,0.0288,0.1784,0.0034,0.2170,0.0005
1785421373.80,18,base,0,0.0,15.0,40.813,25.18,249.68,0.0371,0.1476,0.0005,0.1505,0.0005,0.1672,0.0039,0.0171,0.2155,0.0274,0.1808,0.0039,0.2160,0.0000
1785421374.58,18,drive,0,0.0,15.0,40.813,25.18,249.68,0.0386,0.1500,0.0000,0.1476,0.0000,0.1681,0.0024,0.0200,0.2146,0.0288,0.1799,0.0034,0.2175,0.0000
1785421375.37,18,drive,0,0.5,15.0,40.813,25.18,249.68,0.0376,0.1432,0.0000,0.1491,0.0000,0.1676,0.0034,0.0191,0.2160,0.0298,0.1838,0.0020,0.2155,0.0000
1785421376.16,18,drive,0,1.0,15.0,40.813,25.18,249.68,0.0401,0.1476,0.0000,0.1496,0.0000,0.1691,0.0015,0.0176,0.2160,0.0293,0.1794,0.0029,0.2146,0.0000
1785421376.95,18,drive,0,1.5,15.0,40.813,25.18,249.68,0.0396,0.1505,0.0000,0.1461,0.0005,0.1637,0.0029,0.0196,0.2146,0.0279,0.1813,0.0024,0.2141,0.0000
1785421377.74,18,drive,0,2.0,15.0,40.813,25.18,249.68,0.0396,0.1496,0.0000,0.1496,0.0005,0.1642,0.0029,0.0181,0.2146,0.0298,0.1779,0.0020,0.2131,0.0000
1785421378.52,18,drive,0,2.5,15.0,40.813,25.18,249.68,0.0386,0.1500,0.0000,0.1496,0.0005,0.1657,0.0015,0.0196,0.2146,0.0279,0.1828,0.0054,0.2155,0.0005
1785421379.31,18,drive,0,3.0,15.0,40.813,25.18,249.68,0.0376,0.1471,0.0005,0.1491,0.0005,0.1637,0.0015,0.0196,0.2151,0.0274,0.1808,0.0029,0.2141,0.0000
1785421380.10,18,drive,0,3.5,15.0,40.813,25.18,249.68,0.0411,0.1491,0.0000,0.1515,0.0000,0.1657,0.0029,0.0191,0.2136,0.0269,0.1794,0.0059,0.2141,0.0000
1785421380.88,18,drive,0,4.0,15.0,40.813,25.18,249.68,0.0376,0.1457,0.0000,0.1471,0.0000,0.1667,0.0029,0.0191,0.2136,0.0283,0.1808,0.0024,0.2175,0.0000
1785421381.75,19,base,0,0.0,15.0,40.793,25.18,249.68,0.0420,0.1452,0.0000,0.1500,0.0005,0.1657,0.0010,0.0171,0.2165,0.0279,0.1760,0.0034,0.2160,0.0000
1785421382.54,19,drive,0,0.0,15.0,40.793,25.18,249.68,0.0396,0.1496,0.0000,0.1530,0.0005,0.1667,0.0000,0.0210,0.2136,0.0279,0.1794,0.0049,0.2141,0.0000
1785421383.33,19,drive,0,0.5,15.0,40.793,25.18,249.68,0.0406,0.1505,0.0000,0.1515,0.0000,0.1642,0.0020,0.0161,0.2170,0.0303,0.1818,0.0034,0.2151,0.0000
1785421384.11,19,drive,0,1.0,15.0,40.793,25.18,249.68,0.0381,0.1481,0.0000,0.1496,0.0000,0.1608,0.0020,0.0200,0.2146,0.0269,0.1843,0.0015,0.2121,0.0000
1785421384.90,19,drive,0,1.5,15.0,40.793,25.18,249.68,0.0411,0.1476,0.0000,0.1452,0.0000,0.1540,0.0010,0.0152,0.2185,0.0254,0.1945,0.0024,0.2136,0.0010
1785421385.69,19,drive,0,2.0,15.0,40.793,25.18,249.68,0.0425,0.1500,0.0000,0.1403,0.0015,0.1393,0.0020,0.0112,0.2180,0.0156,0.2033,0.0010,0.2116,0.0000
1785421386.47,19,drive,0,2.5,15.0,40.793,25.18,249.68,0.0455,0.1579,0.0005,0.1398,0.0005,0.1388,0.0000,0.0020,0.2097,0.0034,0.2072,0.0010,0.2097,0.0000
1785421387.26,19,drive,0,3.0,15.0,40.793,25.18,249.68,0.0401,0.1569,0.0000,0.1437,0.0000,0.1593,0.0005,0.0005,0.1926,0.0005,0.1965,0.0015,0.2116,0.0010
1785421388.04,19,drive,0,3.5,15.0,40.793,25.18,249.68,0.0430,0.1559,0.0005,0.1496,0.0000,0.1774,0.0015,0.0015,0.1862,0.0088,0.1779,0.0020,0.2126,0.0000
1785421388.83,19,drive,0,4.0,15.0,40.793,25.18,249.68,0.0420,0.1544,0.0005,0.1535,0.0010,0.1799,0.0059,0.0117,0.2048,0.0283,0.1760,0.0039,0.2160,0.0005
1785421389.69,20,base,0,0.0,15.0,40.813,25.18,249.68,0.0386,0.1476,0.0000,0.1500,0.0005,0.1667,0.0020,0.0171,0.2131,0.0279,0.1818,0.0039,0.2155,0.0005
1785421390.47,20,drive,0,0.0,15.0,40.813,25.18,249.68,0.0376,0.1505,0.0000,0.1471,0.0000,0.1672,0.0005,0.0186,0.2136,0.0279,0.1769,0.0044,0.2155,0.0005
1785421391.26,20,drive,0,0.5,15.0,40.813,25.18,249.68,0.0406,0.1481,0.0000,0.1491,0.0000,0.1662,0.0034,0.0220,0.2151,0.0298,0.1852,0.0034,0.2160,0.0005
1785421392.05,20,drive,0,1.0,15.0,40.813,25.18,249.68,0.0411,0.1476,0.0005,0.1500,0.0005,0.1672,0.0029,0.0381,0.2175,0.0347,0.1867,0.0039,0.2146,0.0000
1785421392.84,20,drive,0,1.5,15.0,40.813,25.18,249.68,0.0391,0.1496,0.0010,0.1510,0.0010,0.1667,0.0015,0.0645,0.2258,0.0376,0.1940,0.0015,0.2131,0.0000
1785421393.62,20,drive,0,2.0,15.0,40.813,25.18,249.68,0.0420,0.1549,0.0000,0.1554,0.0000,0.1706,0.0049,0.1109,0.2356,0.0327,0.2043,0.0000,0.2072,0.0000
1785421394.41,20,drive,0,2.5,15.0,40.813,25.18,249.68,0.0435,0.1535,0.0010,0.1608,0.0015,0.1681,0.0054,0.1432,0.2502,0.0166,0.2087,0.0010,0.2067,0.0000
1785421395.20,20,drive,0,3.0,15.0,40.813,25.18,249.68,0.0411,0.1544,0.0000,0.1667,0.0020,0.1701,0.0059,0.1241,0.2507,0.0034,0.2058,0.0015,0.2092,0.0000
1785421395.99,20,drive,0,3.5,15.0,40.813,25.18,249.68,0.0450,0.1549,0.0005,0.1598,0.0010,0.1637,0.0044,0.0484,0.2283,0.0020,0.1877,0.0039,0.2116,0.0010
1785421396.77,20,drive,0,4.0,15.0,40.813,25.18,249.68,0.0464,0.1520,0.0000,0.1525,0.0005,0.1647,0.0029,0.0132,0.2151,0.0337,0.1882,0.0044,0.2126,0.0010
1785421397.62,21,base,0,0.0,15.0,40.833,25.18,249.68,0.0352,0.1481,0.0000,0.1500,0.0005,0.1647,0.0015,0.0181,0.2131,0.0298,0.1789,0.0029,0.2111,0.0000
1785421398.41,21,drive,0,0.0,15.0,40.833,25.18,249.68,0.0376,0.1476,0.0005,0.1491,0.0000,0.1662,0.0024,0.0191,0.2151,0.0283,0.1818,0.0029,0.2146,0.0000
1785421399.19,21,drive,0,0.5,15.0,40.833,25.18,249.68,0.0371,0.1491,0.0000,0.1476,0.0000,0.1657,0.0015,0.0166,0.2185,0.0288,0.1789,0.0049,0.2165,0.0000
1785421399.98,21,drive,0,1.0,15.0,40.833,25.18,249.68,0.0396,0.1520,0.0005,0.1481,0.0000,0.1662,0.0029,0.0186,0.2131,0.0293,0.1813,0.0029,0.2146,0.0000
1785421400.77,21,drive,0,1.5,15.0,40.833,25.18,249.68,0.0415,0.1535,0.0005,0.1520,0.0000,0.1681,0.0005,0.0147,0.2121,0.0313,0.1804,0.0005,0.2141,0.0000
1785421401.56,21,drive,0,2.0,15.0,40.833,25.18,249.68,0.0420,0.1500,0.0000,0.1457,0.0005,0.1686,0.0020,0.0127,0.2116,0.0342,0.1804,0.0010,0.2146,0.0020
1785421402.34,21,drive,0,2.5,15.0,40.833,25.18,249.68,0.0425,0.1510,0.0005,0.1471,0.0000,0.1681,0.0029,0.0186,0.2092,0.0313,0.1813,0.0020,0.2136,0.0005
1785421403.13,21,drive,0,3.0,15.0,40.833,25.18,249.68,0.0440,0.1549,0.0000,0.1481,0.0000,0.1730,0.0034,0.0249,0.2126,0.0327,0.1794,0.0044,0.2121,0.0005
1785421403.92,21,drive,0,3.5,15.0,40.833,25.18,249.68,0.0435,0.1535,0.0000,0.1500,0.0005,0.1711,0.0034,0.0239,0.2136,0.0352,0.1848,0.0044,0.2126,0.0005
1785421404.70,21,drive,0,4.0,15.0,40.833,25.18,249.68,0.0474,0.1525,0.0010,0.1544,0.0010,0.1652,0.0024,0.0161,0.2131,0.0327,0.1862,0.0044,0.2126,0.0000
1785421405.56,22,base,0,0.0,15.0,40.793,25.18,249.69,0.0391,0.1496,0.0000,0.1486,0.0000,0.1657,0.0039,0.0166,0.2121,0.0283,0.1794,0.0039,0.2141,0.0000
1785421406.35,22,drive,0,0.0,15.0,40.793,25.18,249.69,0.0401,0.1471,0.0000,0.1496,0.0000,0.1667,0.0015,0.0171,0.2155,0.0308,0.1813,0.0034,0.2151,0.0005
1785421407.13,22,drive,0,0.5,15.0,40.793,25.18,249.69,0.0396,0.1471,0.0000,0.1505,0.0005,0.1642,0.0020,0.0176,0.2160,0.0264,0.1828,0.0034,0.2170,0.0000
1785421407.92,22,drive,0,1.0,15.0,40.793,25.18,249.69,0.0406,0.1481,0.0000,0.1549,0.0000,0.1667,0.0029,0.0142,0.2165,0.0264,0.1818,0.0039,0.2155,0.0010
1785421408.71,22,drive,0,1.5,15.0,40.793,25.18,249.69,0.0391,0.1535,0.0005,0.1569,0.0005,0.1574,0.0000,0.0059,0.2126,0.0196,0.1838,0.0054,0.2151,0.0000
1785421409.50,22,drive,0,2.0,15.0,40.793,25.18,249.69,0.0425,0.1515,0.0000,0.1559,0.0039,0.1564,0.0005,0.0020,0.2072,0.0156,0.1833,0.0049,0.2116,0.0010
1785421410.28,22,drive,0,2.5,15.0,40.793,25.18,249.69,0.0420,0.1496,0.0000,0.1481,0.0039,0.1608,0.0005,0.0000,0.1901,0.0166,0.1784,0.0010,0.2077,0.0005
1785421411.07,22,drive,0,3.0,15.0,40.793,25.18,249.69,0.0455,0.1525,0.0010,0.1315,0.0015,0.1696,0.0005,0.0049,0.1701,0.0239,0.1681,0.0010,0.2004,0.0000
1785421411.86,22,drive,0,3.5,15.0,40.793,25.18,249.69,0.0435,0.1505,0.0005,0.1354,0.0000,0.1740,0.0044,0.0166,0.1891,0.0371,0.1657,0.0020,0.2033,0.0015
1785421412.64,22,drive,0,4.0,15.0,40.793,25.18,249.69,0.0474,0.1535,0.0000,0.1515,0.0005,0.1647,0.0010,0.0147,0.2131,0.0337,0.1838,0.0059,0.2131,0.0000
1785421413.50,23,base,0,0.0,15.0,40.773,25.18,249.69,0.0406,0.1491,0.0000,0.1525,0.0010,0.1647,0.0049,0.0186,0.2126,0.0279,0.1794,0.0034,0.2141,0.0000
1785421414.29,23,drive,0,0.0,15.0,40.773,25.18,249.69,0.0376,0.1496,0.0010,0.1500,0.0000,0.1667,0.0034,0.0166,0.2141,0.0288,0.1740,0.0029,0.2141,0.0000
1785421415.08,23,drive,0,0.5,15.0,40.773,25.18,249.69,0.0381,0.1496,0.0000,0.1491,0.0005,0.1676,0.0034,0.0171,0.2136,0.0308,0.1735,0.0020,0.2160,0.0005
1785421415.86,23,drive,0,1.0,15.0,40.773,25.18,249.69,0.0406,0.1510,0.0005,0.1510,0.0005,0.1642,0.0044,0.0186,0.2067,0.0303,0.1632,0.0039,0.2155,0.0000
1785421416.65,23,drive,0,1.5,15.0,40.773,25.18,249.69,0.0430,0.1481,0.0005,0.1520,0.0020,0.1667,0.0029,0.0191,0.1891,0.0279,0.1500,0.0005,0.2097,0.0000
1785421417.44,23,drive,0,2.0,15.0,40.773,25.18,249.69,0.0425,0.1466,0.0005,0.1496,0.0000,0.1652,0.0044,0.0161,0.1608,0.0313,0.1711,0.0010,0.2004,0.0010
1785421418.22,23,drive,0,2.5,15.0,40.773,25.18,249.69,0.0440,0.1520,0.0005,0.1564,0.0005,0.1637,0.0005,0.0152,0.1378,0.0327,0.2116,0.0000,0.1828,0.0000
1785421419.01,23,drive,0,3.0,15.0,40.773,25.18,249.69,0.0440,0.1554,0.0000,0.1525,0.0005,0.1628,0.0005,0.0078,0.1696,0.0357,0.2351,0.0015,0.1662,0.0010
1785421419.80,23,drive,0,3.5,15.0,40.773,25.18,249.69,0.0430,0.1535,0.0005,0.1496,0.0015,0.1696,0.0039,0.0044,0.2082,0.0371,0.2341,0.0034,0.1916,0.0005
1785421420.58,23,drive,0,4.0,15.0,40.773,25.18,249.69,0.0455,0.1549,0.0010,0.1491,0.0015,0.1647,0.0015,0.0127,0.2121,0.0323,0.1906,0.0049,0.2126,0.0005
1785421421.44,24,base,0,0.0,15.0,40.773,25.18,249.69,0.0406,0.1520,0.0005,0.1496,0.0005,0.1676,0.0034,0.0181,0.2116,0.0308,0.1784,0.0073,0.2141,0.0000
1785421422.22,24,drive,0,0.0,15.0,40.773,25.18,249.69,0.0401,0.1520,0.0000,0.1505,0.0000,0.1676,0.0029,0.0176,0.2141,0.0303,0.1784,0.0044,0.2155,0.0000
1785421423.01,24,drive,0,0.5,15.0,40.773,25.18,249.69,0.0386,0.1496,0.0000,0.1500,0.0005,0.1662,0.0010,0.0152,0.2102,0.0274,0.1784,0.0044,0.2151,0.0010
1785421423.80,24,drive,0,1.0,15.0,40.773,25.18,249.69,0.0406,0.1476,0.0000,0.1535,0.0000,0.1647,0.0015,0.0122,0.2141,0.0259,0.1823,0.0029,0.2141,0.0000
1785421424.59,24,drive,0,1.5,15.0,40.773,25.18,249.69,0.0420,0.1540,0.0000,0.1554,0.0000,0.1628,0.0020,0.0024,0.2087,0.0205,0.1833,0.0054,0.2141,0.0000
1785421425.37,24,drive,0,2.0,15.0,40.773,25.18,249.69,0.0415,0.1500,0.0000,0.1515,0.0034,0.1598,0.0005,0.0000,0.1960,0.0186,0.1808,0.0010,0.2058,0.0005
1785421426.16,24,drive,0,2.5,15.0,40.773,25.18,249.69,0.0430,0.1515,0.0000,0.1373,0.0039,0.1667,0.0000,0.0010,0.1760,0.0200,0.1750,0.0005,0.2019,0.0000
1785421426.94,24,drive,0,3.0,15.0,40.773,25.18,249.69,0.0425,0.1510,0.0000,0.1281,0.0015,0.1711,0.0005,0.0132,0.1730,0.0264,0.1676,0.0000,0.1975,0.0005
1785421427.73,24,drive,0,3.5,15.0,40.773,25.18,249.69,0.0450,0.1549,0.0000,0.1344,0.0000,0.1764,0.0034,0.0293,0.1926,0.0376,0.1676,0.0010,0.2063,0.0000
1785421428.51,24,drive,0,4.0,15.0,40.773,25.18,249.69,0.0450,0.1544,0.0000,0.1505,0.0010,0.1662,0.0029,0.0191,0.2116,0.0347,0.1813,0.0044,0.2151,0.0005
1785421429.38,25,base,0,0.0,15.0,40.853,25.18,249.69,0.0396,0.1486,0.0000,0.1530,0.0005,0.1657,0.0029,0.0152,0.2141,0.0288,0.1760,0.0015,0.2151,0.0000
1785421430.17,25,drive,0,0.0,15.0,40.853,25.18,249.69,0.0391,0.1515,0.0000,0.1515,0.0005,0.1667,0.0029,0.0186,0.2146,0.0303,0.1804,0.0024,0.2146,0.0000
1785421430.95,25,drive,0,0.5,15.0,40.853,25.18,249.69,0.0411,0.1481,0.0000,0.1510,0.0000,0.1696,0.0015,0.0176,0.2131,0.0274,0.1789,0.0034,0.2175,0.0000
1785421431.74,25,drive,0,1.0,15.0,40.853,25.18,249.69,0.0406,0.1535,0.0000,0.1510,0.0005,0.1686,0.0039,0.0147,0.2136,0.0308,0.1799,0.0029,0.2155,0.0000
1785421432.53,25,drive,0,1.5,15.0,40.853,25.18,249.69,0.0406,0.1505,0.0000,0.1540,0.0000,0.1647,0.0020,0.0166,0.2141,0.0323,0.1804,0.0049,0.2160,0.0005
1785421433.32,25,drive,0,2.0,15.0,40.853,25.18,249.69,0.0420,0.1520,0.0005,0.1515,0.0005,0.1681,0.0020,0.0161,0.2146,0.0313,0.1813,0.0049,0.2146,0.0010
1785421434.11,25,drive,0,2.5,15.0,40.853,25.18,249.69,0.0464,0.1569,0.0005,0.1525,0.0010,0.1676,0.0020,0.0166,0.2160,0.0303,0.1789,0.0059,0.2141,0.0000
1785421434.89,25,drive,0,3.0,15.0,40.853,25.18,249.69,0.0435,0.1520,0.0000,0.1569,0.0005,0.1676,0.0034,0.0156,0.2146,0.0327,0.1833,0.0039,0.2151,0.0005
1785421435.68,25,drive,0,3.5,15.0,40.853,25.18,249.69,0.0425,0.1554,0.0000,0.1540,0.0000,0.1667,0.0024,0.0156,0.2131,0.0332,0.1799,0.0054,0.2126,0.0000
1785421436.46,25,drive,0,4.0,15.0,40.853,25.18,249.69,0.0455,0.1564,0.0005,0.1496,0.0000,0.1657,0.0034,0.0108,0.2141,0.0327,0.1862,0.0044,0.2151,0.0000
1785421437.31,26,base,0,0.0,15.0,40.753,25.18,249.69,0.0391,0.1520,0.0005,0.1510,0.0005,0.1667,0.0010,0.0171,0.2121,0.0288,0.1774,0.0044,0.2136,0.0000
1785421438.10,26,drive,0,0.0,15.0,40.753,25.18,249.69,0.0411,0.1505,0.0000,0.1510,0.0005,0.1667,0.0015,0.0181,0.2151,0.0293,0.1794,0.0024,0.2136,0.0000
1785421438.89,26,drive,0,0.5,15.0,40.753,25.18,249.69,0.0415,0.1481,0.0000,0.1505,0.0005,0.1632,0.0029,0.0186,0.2126,0.0308,0.1799,0.0034,0.2151,0.0000
1785421439.68,26,drive,0,1.0,15.0,40.753,25.18,249.69,0.0381,0.1510,0.0000,0.1471,0.0005,0.1588,0.0010,0.0225,0.2141,0.0323,0.1882,0.0015,0.2141,0.0005
1785421440.46,26,drive,0,1.5,15.0,40.753,25.18,249.69,0.0411,0.1544,0.0010,0.1457,0.0010,0.1540,0.0000,0.0298,0.2165,0.0313,0.1994,0.0024,0.2092,0.0000
1785421441.25,26,drive,0,2.0,15.0,40.753,25.18,249.69,0.0435,0.1564,0.0000,0.1486,0.0010,0.1544,0.0005,0.0469,0.2219,0.0230,0.2116,0.0005,0.2048,0.0010
1785421442.04,26,drive,0,2.5,15.0,40.753,25.18,249.69,0.0406,0.1608,0.0000,0.1510,0.0005,0.1642,0.0005,0.0630,0.2322,0.0088,0.2195,0.0000,0.2028,0.0000
1785421442.82,26,drive,0,3.0,15.0,40.753,25.18,249.69,0.0435,0.1579,0.0010,0.1584,0.0005,0.1774,0.0015,0.0591,0.2322,0.0000,0.2043,0.0020,0.2087,0.0005
1785421443.61,26,drive,0,3.5,15.0,40.753,25.18,249.69,0.0425,0.1549,0.0005,0.1623,0.0005,0.1843,0.0093,0.0303,0.2243,0.0024,0.1804,0.0073,0.2170,0.0005
1785421444.40,26,drive,0,4.0,15.0,40.753,25.18,249.69,0.0474,0.1540,0.0000,0.1505,0.0010,0.1662,0.0039,0.0152,0.2165,0.0313,0.1877,0.0049,0.2131,0.0000
1785421445.26,27,base,0,0.0,15.0,40.773,25.18,249.69,0.0396,0.1496,0.0005,0.1525,0.0000,0.1676,0.0015,0.0176,0.2131,0.0279,0.1808,0.0024,0.2146,0.0000
1785421446.05,27,drive,0,0.0,15.0,40.773,25.18,249.69,0.0406,0.1520,0.0000,0.1544,0.0000,0.1667,0.0024,0.0166,0.2136,0.0298,0.1774,0.0015,0.2146,0.0000
1785421446.83,27,drive,0,0.5,15.0,40.773,25.18,249.69,0.0401,0.1491,0.0000,0.1496,0.0005,0.1657,0.0029,0.0166,0.2146,0.0298,0.1794,0.0049,0.2126,0.0005
1785421447.62,27,drive,0,1.0,15.0,40.773,25.18,249.69,0.0391,0.1510,0.0000,0.1510,0.0005,0.1657,0.0015,0.0171,0.2136,0.0298,0.1789,0.0015,0.2155,0.0010
1785421448.41,27,drive,0,1.5,15.0,40.773,25.18,249.69,0.0415,0.1476,0.0005,0.1505,0.0000,0.1662,0.0020,0.0186,0.2141,0.0293,0.1779,0.0034,0.2151,0.0000
1785421449.20,27,drive,0,2.0,15.0,40.773,25.18,249.69,0.0411,0.1505,0.0000,0.1540,0.0005,0.1652,0.0034,0.0181,0.2155,0.0288,0.1760,0.0024,0.2136,0.0000
1785421449.98,27,drive,0,2.5,15.0,40.773,25.18,249.69,0.0386,0.1505,0.0000,0.1505,0.0005,0.1652,0.0024,0.0186,0.2146,0.0279,0.1750,0.0029,0.2155,0.0000
1785421450.76,27,drive,0,3.0,15.0,40.773,25.18,249.69,0.0406,0.1500,0.0000,0.1505,0.0005,0.1652,0.0029,0.0186,0.2126,0.0288,0.1794,0.0024,0.2151,0.0000
1785421451.55,27,drive,0,3.5,15.0,40.773,25.18,249.69,0.0420,0.1481,0.0010,0.1505,0.0005,0.1691,0.0039,0.0166,0.2160,0.0313,0.1813,0.0015,0.2141,0.0005
1785421452.34,27,drive,0,4.0,15.0,40.773,25.18,249.69,0.0420,0.1491,0.0000,0.1505,0.0005,0.1637,0.0020,0.0181,0.2160,0.0249,0.1760,0.0039,0.2165,0.0000
1785421453.20,28,base,0,0.0,15.0,40.833,25.18,249.70,0.0386,0.1491,0.0000,0.1486,0.0000,0.1686,0.0029,0.0161,0.2170,0.0293,0.1774,0.0039,0.2102,0.0005
1785421453.98,28,drive,0,0.0,15.0,40.833,25.18,249.70,0.0415,0.1481,0.0000,0.1481,0.0000,0.1691,0.0010,0.0166,0.2170,0.0254,0.1779,0.0034,0.2175,0.0000
1785421454.77,28,drive,0,0.5,15.0,40.833,25.18,249.70,0.0386,0.1491,0.0005,0.1510,0.0000,0.1676,0.0020,0.0181,0.2136,0.0293,0.1799,0.0049,0.2146,0.0000
1785421455.56,28,drive,0,1.0,15.0,40.833,25.18,249.70,0.0406,0.1491,0.0000,0.1486,0.0010,0.1681,0.0020,0.0191,0.2155,0.0327,0.1755,0.0024,0.2146,0.0000
1785421456.35,28,drive,0,1.5,15.0,40.833,25.18,249.70,0.0420,0.1496,0.0010,0.1500,0.0015,0.1672,0.0034,0.0205,0.2136,0.0293,0.1799,0.0039,0.2141,0.0010
1785421457.13,28,drive,0,2.0,15.0,40.833,25.18,249.70,0.0371,0.1510,0.0000,0.1505,0.0000,0.1667,0.0029,0.0186,0.2160,0.0283,0.1784,0.0049,0.2146,0.0000
1785421457.92,28,drive,0,2.5,15.0,40.833,25.18,249.70,0.0406,0.1510,0.0000,0.1496,0.0000,0.1657,0.0029,0.0196,0.2126,0.0293,0.1784,0.0039,0.2160,0.0000
1785421458.71,28,drive,0,3.0,15.0,40.833,25.18,249.70,0.0401,0.1496,0.0000,0.1491,0.0000,0.1667,0.0029,0.0166,0.2146,0.0293,0.1799,0.0064,0.2146,0.0000
1785421459.50,28,drive,0,3.5,15.0,40.833,25.18,249.70,0.0396,0.1496,0.0000,0.1530,0.0005,0.1676,0.0044,0.0176,0.2111,0.0313,0.1799,0.0015,0.2116,0.0010
1785421460.28,28,drive,0,4.0,15.0,40.833,25.18,249.70,0.0376,0.1505,0.0000,0.1505,0.0005,0.1647,0.0015,0.0137,0.2126,0.0293,0.1774,0.0044,0.2175,0.0005
1785421461.15,29,base,0,0.0,15.0,40.733,25.17,249.70,0.0401,0.1496,0.0005,0.1520,0.0005,0.1662,0.0020,0.0181,0.2111,0.0274,0.1804,0.0044,0.2175,0.0020
1785421461.94,29,drive,0,0.0,15.0,40.733,25.17,249.70,0.0386,0.1510,0.0000,0.1496,0.0005,0.1652,0.0024,0.0186,0.2151,0.0288,0.1808,0.0034,0.2151,0.0000
1785421462.73,29,drive,0,0.5,15.0,40.733,25.17,249.70,0.0386,0.1500,0.0000,0.1510,0.0010,0.1676,0.0024,0.0196,0.2151,0.0298,0.1813,0.0039,0.2165,0.0005
1785421463.52,29,drive,0,1.0,15.0,40.733,25.17,249.70,0.0406,0.1500,0.0000,0.1505,0.0000,0.1652,0.0039,0.0200,0.2151,0.0293,0.1799,0.0024,0.2151,0.0000
1785421464.30,29,drive,0,1.5,15.0,40.733,25.17,249.70,0.0411,0.1496,0.0000,0.1510,0.0005,0.1686,0.0039,0.0186,0.2141,0.0308,0.1779,0.0059,0.2141,0.0005
1785421465.09,29,drive,0,2.0,15.0,40.733,25.17,249.70,0.0391,0.1505,0.0000,0.1505,0.0000,0.1672,0.0010,0.0166,0.2141,0.0298,0.1808,0.0024,0.2170,0.0000
1785421465.88,29,drive,0,2.5,15.0,40.733,25.17,249.70,0.0420,0.1520,0.0000,0.1481,0.0000,0.1676,0.0020,0.0171,0.2136,0.0293,0.1808,0.0049,0.2165,0.0000
1785421466.67,29,drive,0,3.0,15.0,40.733,25.17,249.70,0.0391,0.1525,0.0005,0.1486,0.0000,0.1686,0.0029,0.0186,0.2136,0.0298,0.1789,0.0015,0.2121,0.0000
1785421467.46,29,drive,0,3.5,15.0,40.733,25.17,249.70,0.0406,0.1530,0.0015,0.1486,0.0005,0.1657,0.0029,0.0156,0.2165,0.0293,0.1789,0.0054,0.2155,0.0000
1785421468.25,29,drive,0,4.0,15.0,40.733,25.17,249.70,0.0406,0.1491,0.0000,0.1496,0.0010,0.1672,0.0034,0.0186,0.2131,0.0293,0.1813,0.0049,0.2141,0.0000
1785421469.11,30,base,0,0.0,15.0,40.773,25.17,249.70,0.0396,0.1491,0.0000,0.1510,0.0000,0.1647,0.0015,0.0156,0.2141,0.0308,0.1769,0.0034,0.2141,0.0005
1785421469.89,30,drive,0,0.0,15.0,40.773,25.17,249.70,0.0386,0.1496,0.0000,0.1491,0.0000,0.1657,0.0029,0.0166,0.2136,0.0279,0.1823,0.0049,0.2185,0.0000
1785421470.68,30,drive,0,0.5,15.0,40.773,25.17,249.70,0.0381,0.1515,0.0000,0.1496,0.0000,0.1681,0.0020,0.0176,0.2146,0.0298,0.1789,0.0034,0.2151,0.0000
1785421471.47,30,drive,0,1.0,15.0,40.773,25.17,249.70,0.0401,0.1457,0.0000,0.1515,0.0010,0.1667,0.0049,0.0171,0.2131,0.0288,0.1808,0.0029,0.2136,0.0000
1785421472.26,30,drive,0,1.5,15.0,40.773,25.17,249.70,0.0376,0.1505,0.0000,0.1505,0.0005,0.1637,0.0029,0.0181,0.2160,0.0308,0.1813,0.0029,0.2116,0.0000
1785421473.04,30,drive,0,2.0,15.0,40.773,25.17,249.70,0.0396,0.1505,0.0000,0.1476,0.0005,0.1667,0.0029,0.0156,0.2155,0.0298,0.1779,0.0064,0.2155,0.0000
1785421473.83,30,drive,0,2.5,15.0,40.773,25.17,249.70,0.0381,0.1486,0.0005,0.1510,0.0000,0.1686,0.0029,0.0166,0.2146,0.0308,0.1799,0.0044,0.2165,0.0005
1785421474.62,30,drive,0,3.0,15.0,40.773,25.17,249.70,0.0381,0.1505,0.0000,0.1520,0.0000,0.1667,0.0024,0.0176,0.2170,0.0298,0.1808,0.0039,0.2160,0.0000
1785421475.40,30,drive,0,3.5,15.0,40.773,25.17,249.70,0.0376,0.1515,0.0005,0.1496,0.0005,0.1672,0.0005,0.0181,0.2126,0.0298,0.1799,0.0024,0.2175,0.0000
1785421476.19,30,drive,0,4.0,15.0,40.773,25.17,249.70,0.0386,0.1471,0.0015,0.1491,0.0000,0.1676,0.0010,0.0196,0.2160,0.0293,0.1799,0.0024,0.2151,0.0000
1785421477.06,31,base,0,0.0,15.0,40.773,25.17,249.70,0.0391,0.1486,0.0005,0.1505,0.0005,0.1652,0.0024,0.0176,0.2151,0.0298,0.1808,0.0044,0.2180,0.0000
1785421477.85,31,drive,0,0.0,15.0,40.773,25.17,249.70,0.0401,0.1476,0.0000,0.1491,0.0005,0.1667,0.0020,0.0196,0.2146,0.0259,0.1808,0.0049,0.2170,0.0000
1785421478.64,31,drive,0,0.5,15.0,40.773,25.17,249.70,0.0440,0.1515,0.0000,0.1520,0.0005,0.1662,0.0034,0.0196,0.2131,0.0283,0.1813,0.0039,0.2155,0.0000
1785421479.42,31,drive,0,1.0,15.0,40.773,25.17,249.70,0.0420,0.1525,0.0000,0.1486,0.0000,0.1637,0.0010,0.0166,0.2136,0.0279,0.1813,0.0039,0.2131,0.0000
1785421480.21,31,drive,0,1.5,15.0,40.773,25.17,249.70,0.0420,0.1500,0.0005,0.1510,0.0010,0.1691,0.0029,0.0186,0.2151,0.0308,0.1794,0.0039,0.2165,0.0000
1785421481.00,31,drive,0,2.0,15.0,40.773,25.17,249.70,0.0420,0.1481,0.0005,0.1486,0.0000,0.1691,0.0039,0.0166,0.2146,0.0279,0.1799,0.0034,0.2160,0.0000
1785421481.79,31,drive,0,2.5,15.0,40.773,25.17,249.70,0.0391,0.1515,0.0005,0.1491,0.0015,0.1672,0.0024,0.0176,0.2155,0.0288,0.1808,0.0015,0.2155,0.0000
1785421482.58,31,drive,0,3.0,15.0,40.773,25.17,249.70,0.0381,0.1510,0.0000,0.1496,0.0005,0.1667,0.0039,0.0205,0.2131,0.0303,0.1779,0.0005,0.2146,0.0000
1785421483.37,31,drive,0,3.5,15.0,40.773,25.17,249.70,0.0391,0.1491,0.0005,0.1481,0.0010,0.1657,0.0024,0.0210,0.2175,0.0293,0.1789,0.0039,0.2141,0.0000
1785421484.15,31,drive,0,4.0,15.0,40.773,25.17,249.70,0.0420,0.1496,0.0000,0.1530,0.0005,0.1647,0.0034,0.0181,0.2121,0.0283,0.1804,0.0029,0.2141,0.0000
1785421485.01,32,base,0,0.0,15.0,40.733,25.17,249.70,0.0401,0.1510,0.0000,0.1491,0.0005,0.1623,0.0024,0.0166,0.2165,0.0303,0.1808,0.0010,0.2151,0.0000
1785421485.80,32,drive,0,0.0,15.0,40.733,25.17,249.70,0.0396,0.1476,0.0005,0.1500,0.0005,0.1672,0.0034,0.0186,0.2155,0.0279,0.1813,0.0044,0.2146,0.0000
1785421486.59,32,drive,0,0.5,15.0,40.733,25.17,249.70,0.0391,0.1505,0.0000,0.1510,0.0000,0.1686,0.0029,0.0161,0.2126,0.0274,0.1794,0.0020,0.2151,0.0000
1785421487.37,32,drive,0,1.0,15.0,40.733,25.17,249.70,0.0411,0.1515,0.0000,0.1510,0.0000,0.1672,0.0044,0.0196,0.2155,0.0283,0.1808,0.0034,0.2131,0.0000
1785421488.16,32,drive,0,1.5,15.0,40.733,25.17,249.70,0.0386,0.1520,0.0000,0.1525,0.0000,0.1667,0.0024,0.0171,0.2116,0.0303,0.1818,0.0034,0.2136,0.0000
1785421488.94,32,drive,0,2.0,15.0,40.733,25.17,249.70,0.0386,0.1515,0.0000,0.1481,0.0000,0.1676,0.0015,0.0161,0.2151,0.0293,0.1804,0.0029,0.2146,0.0005
1785421489.73,32,drive,0,2.5,15.0,40.733,25.17,249.70,0.0381,0.1466,0.0005,0.1510,0.0000,0.1647,0.0034,0.0166,0.2151,0.0288,0.1779,0.0020,0.2146,0.0000
1785421490.52,32,drive,0,3.0,15.0,40.733,25.17,249.70,0.0396,0.1486,0.0000,0.1530,0.0000,0.1672,0.0005,0.0176,0.2160,0.0313,0.1794,0.0024,0.2170,0.0000
1785421491.31,32,drive,0,3.5,15.0,40.733,25.17,249.70,0.0362,0.1496,0.0000,0.1515,0.0010,0.1647,0.0029,0.0166,0.2136,0.0298,0.1808,0.0020,0.2160,0.0000
1785421492.09,32,drive,0,4.0,15.0,40.733,25.17,249.70,0.0381,0.1481,0.0000,0.1496,0.0000,0.1657,0.0024,0.0176,0.2146,0.0303,0.1804,0.0049,0.2180,0.0000
1785421492.96,33,base,0,0.0,15.0,40.773,25.17,249.70,0.0371,0.1510,0.0000,0.1486,0.0000,0.1667,0.0024,0.0171,0.2155,0.0283,0.1804,0.0029,0.2141,0.0000
1785421493.74,33,drive,0,0.0,15.0,40.773,25.17,249.70,0.0396,0.1505,0.0000,0.1500,0.0000,0.1681,0.0034,0.0196,0.2180,0.0283,0.1784,0.0024,0.2195,0.0000
1785421494.53,33,drive,0,0.5,15.0,40.773,25.17,249.70,0.0391,0.1486,0.0000,0.1500,0.0000,0.1652,0.0005,0.0181,0.2165,0.0298,0.1828,0.0049,0.2165,0.0010
1785421495.31,33,drive,0,1.0,15.0,40.773,25.17,249.70,0.0415,0.1491,0.0005,0.1515,0.0005,0.1681,0.0024,0.0186,0.2141,0.0298,0.1789,0.0044,0.2165,0.0005
1785421496.10,33,drive,0,1.5,15.0,40.773,25.17,249.70,0.0450,0.1520,0.0000,0.1496,0.0000,0.1691,0.0029,0.0196,0.2155,0.0313,0.1828,0.0020,0.2155,0.0010
1785421496.89,33,drive,0,2.0,15.0,40.773,25.17,249.70,0.0381,0.1481,0.0000,0.1505,0.0005,0.1672,0.0020,0.0181,0.2185,0.0293,0.1833,0.0029,0.2170,0.0000
1785421497.67,33,drive,0,2.5,15.0,40.773,25.17,249.70,0.0401,0.1476,0.0005,0.1520,0.0000,0.1647,0.0034,0.0181,0.2165,0.0279,0.1818,0.0015,0.2136,0.0000
1785421498.46,33,drive,0,3.0,15.0,40.773,25.17,249.70,0.0415,0.1505,0.0000,0.1471,0.0005,0.1637,0.0029,0.0191,0.2155,0.0308,0.1833,0.0039,0.2126,0.0005
1785421499.25,33,drive,0,3.5,15.0,40.773,25.17,249.70,0.0425,0.1505,0.0000,0.1491,0.0000,0.1672,0.0049,0.0181,0.2151,0.0308,0.1857,0.0024,0.2141,0.0000
1785421500.04,33,drive,0,4.0,15.0,40.773,25.17,249.70,0.0391,0.1491,0.0000,0.1505,0.0000,0.1667,0.0020,0.0186,0.2170,0.0274,0.1808,0.0044,0.2151,0.0000
1785421500.89,34,base,0,0.0,15.0,40.753,25.17,249.70,0.0420,0.1505,0.0000,0.1505,0.0010,0.1676,0.0020,0.0152,0.2160,0.0318,0.1789,0.0029,0.2126,0.0000
1785421501.68,34,drive,0,0.0,15.0,40.753,25.17,249.70,0.0425,0.1471,0.0005,0.1491,0.0005,0.1667,0.0020,0.0186,0.2155,0.0288,0.1833,0.0034,0.2165,0.0000
1785421502.47,34,drive,0,0.5,15.0,40.753,25.17,249.70,0.0391,0.1500,0.0000,0.1510,0.0005,0.1637,0.0029,0.0156,0.2175,0.0279,0.1818,0.0039,0.2165,0.0000
1785421503.25,34,drive,0,1.0,15.0,40.753,25.17,249.70,0.0440,0.1530,0.0005,0.1520,0.0010,0.1584,0.0020,0.0064,0.2121,0.0230,0.1896,0.0029,0.2146,0.0000
1785421504.04,34,drive,0,1.5,15.0,40.753,25.17,249.70,0.0406,0.1481,0.0000,0.1530,0.0010,0.1481,0.0005,0.0020,0.2063,0.0142,0.1916,0.0029,0.2146,0.0000
1785421504.83,34,drive,0,2.0,15.0,40.753,25.17,249.70,0.0430,0.1525,0.0000,0.1422,0.0015,0.1491,0.0005,0.0005,0.1882,0.0034,0.1916,0.0029,0.2077,0.0000
1785421505.61,34,drive,0,2.5,15.0,40.753,25.17,249.70,0.0430,0.1584,0.0005,0.1349,0.0015,0.1632,0.0010,0.0073,0.1554,0.0039,0.1852,0.0024,0.2028,0.0005
1785421506.40,34,drive,0,3.0,15.0,40.753,25.17,249.70,0.0435,0.1549,0.0000,0.1300,0.0010,0.1843,0.0083,0.0293,0.1535,0.0156,0.1745,0.0005,0.2053,0.0000
1785421507.19,34,drive,0,3.5,15.0,40.753,25.17,249.70,0.0430,0.1549,0.0015,0.1417,0.0005,0.1867,0.0142,0.0479,0.1887,0.0367,0.1608,0.0010,0.2087,0.0005
1785421507.98,34,drive,0,4.0,15.0,40.753,25.17,249.70,0.0484,0.1540,0.0005,0.1481,0.0000,0.1725,0.0054,0.0181,0.2136,0.0406,0.1843,0.0068,0.2097,0.0010
1785421508.83,35,base,0,0.0,15.0,40.773,25.17,249.70,0.0420,0.1496,0.0000,0.1476,0.0000,0.1681,0.0039,0.0186,0.2160,0.0303,0.1789,0.0020,0.2165,0.0000
1785421509.62,35,drive,0,0.0,15.0,40.773,25.17,249.70,0.0401,0.1491,0.0000,0.1525,0.0000,0.1662,0.0029,0.0200,0.2116,0.0274,0.1799,0.0034,0.2151,0.0000
1785421510.41,35,drive,0,0.5,15.0,40.773,25.17,249.70,0.0411,0.1505,0.0000,0.1500,0.0000,0.1667,0.0020,0.0191,0.2146,0.0279,0.1799,0.0039,0.2165,0.0000
1785421511.20,35,drive,0,1.0,15.0,40.773,25.17,249.70,0.0386,0.1500,0.0000,0.1491,0.0010,0.1691,0.0024,0.0132,0.2180,0.0303,0.1789,0.0029,0.2131,0.0000
1785421511.99,35,drive,0,1.5,15.0,40.773,25.17,249.70,0.0430,0.1510,0.0010,0.1515,0.0000,0.1672,0.0034,0.0142,0.2136,0.0313,0.1769,0.0049,0.2146,0.0005
1785421512.77,35,drive,0,2.0,15.0,40.773,25.17,249.70,0.0420,0.1515,0.0000,0.1481,0.0005,0.1623,0.0029,0.0127,0.2097,0.0342,0.1794,0.0015,0.2126,0.0000
1785421513.56,35,drive,0,2.5,15.0,40.773,25.17,249.70,0.0430,0.1530,0.0005,0.1437,0.0000,0.1598,0.0034,0.0103,0.2097,0.0318,0.1828,0.0010,0.2111,0.0005
1785421514.35,35,drive,0,3.0,15.0,40.773,25.17,249.70,0.0440,0.1535,0.0005,0.1452,0.0005,0.1618,0.0010,0.0103,0.2097,0.0303,0.1857,0.0020,0.2116,0.0000
1785421515.14,35,drive,0,3.5,15.0,40.773,25.17,249.70,0.0464,0.1564,0.0000,0.1481,0.0010,0.1637,0.0005,0.0103,0.2102,0.0298,0.1906,0.0034,0.2131,0.0005
1785421515.93,35,drive,0,4.0,15.0,40.773,25.17,249.70,0.0440,0.1544,0.0000,0.1491,0.0000,0.1657,0.0010,0.0127,0.2107,0.0303,0.1882,0.0039,0.2121,0.0000
1785421516.78,36,base,0,0.0,15.0,40.793,25.17,249.70,0.0411,0.1505,0.0000,0.1500,0.0005,0.1647,0.0044,0.0152,0.2116,0.0283,0.1799,0.0039,0.2155,0.0000
1785421517.57,36,drive,0,0.0,15.0,40.793,25.17,249.70,0.0425,0.1510,0.0000,0.1496,0.0005,0.1657,0.0005,0.0176,0.2160,0.0274,0.1760,0.0039,0.2155,0.0000
1785421518.36,36,drive,0,0.5,15.0,40.793,25.17,249.70,0.0396,0.1515,0.0000,0.1540,0.0000,0.1667,0.0029,0.0176,0.2151,0.0298,0.1828,0.0029,0.2165,0.0005
1785421519.14,36,drive,0,1.0,15.0,40.793,25.17,249.70,0.0406,0.1505,0.0000,0.1471,0.0000,0.1652,0.0034,0.0176,0.2165,0.0386,0.1848,0.0029,0.2195,0.0000
1785421519.93,36,drive,0,1.5,15.0,40.793,25.17,249.70,0.0455,0.1515,0.0000,0.1481,0.0000,0.1642,0.0000,0.0137,0.2170,0.0406,0.1931,0.0059,0.2180,0.0015
1785421520.72,36,drive,0,2.0,15.0,40.793,25.17,249.70,0.0406,0.1510,0.0000,0.1515,0.0000,0.1613,0.0005,0.0044,0.2087,0.0406,0.2077,0.0054,0.2155,0.0005
1785421521.51,36,drive,0,2.5,15.0,40.793,25.17,249.70,0.0435,0.1544,0.0000,0.1559,0.0000,0.1657,0.0000,0.0005,0.2038,0.0254,0.2160,0.0078,0.2146,0.0000
1785421522.30,36,drive,0,3.0,15.0,40.793,25.17,249.70,0.0450,0.1564,0.0005,0.1628,0.0000,0.1745,0.0044,0.0010,0.1921,0.0015,0.2126,0.0029,0.2092,0.0010
1785421523.09,36,drive,0,3.5,15.0,40.793,25.17,249.70,0.0430,0.1554,0.0005,0.1593,0.0020,0.1745,0.0068,0.0083,0.1945,0.0029,0.1867,0.0010,0.2082,0.0000
1785421523.87,36,drive,0,4.0,15.0,40.793,25.17,249.70,0.0459,0.1530,0.0005,0.1520,0.0010,0.1642,0.0049,0.0147,0.2116,0.0269,0.1838,0.0078,0.2116,0.0010
1785421524.74,37,base,0,0.0,15.0,40.753,25.17,249.70,0.0381,0.1466,0.0010,0.1525,0.0000,0.1686,0.0044,0.0200,0.2151,0.0293,0.1818,0.0020,0.2136,0.0000
1785421525.53,37,drive,0,0.0,15.0,40.753,25.17,249.70,0.0411,0.1481,0.0000,0.1505,0.0000,0.1657,0.0034,0.0181,0.2146,0.0318,0.1799,0.0010,0.2155,0.0000
1785421526.32,37,drive,0,0.5,15.0,40.753,25.17,249.70,0.0376,0.1535,0.0000,0.1510,0.0010,0.1667,0.0010,0.0176,0.2151,0.0279,0.1804,0.0024,0.2136,0.0005
1785421527.10,37,drive,0,1.0,15.0,40.753,25.17,249.70,0.0396,0.1500,0.0005,0.1574,0.0000,0.1701,0.0044,0.0181,0.2151,0.0244,0.1755,0.0010,0.2151,0.0000
1785421527.89,37,drive,0,1.5,15.0,40.753,25.17,249.70,0.0425,0.1515,0.0000,0.1574,0.0010,0.1696,0.0078,0.0269,0.2126,0.0269,0.1603,0.0029,0.2121,0.0000
1785421528.68,37,drive,0,2.0,15.0,40.753,25.17,249.70,0.0406,0.1544,0.0000,0.1554,0.0005,0.1730,0.0103,0.0352,0.2151,0.0469,0.1417,0.0005,0.2126,0.0005
1785421529.46,37,drive,0,2.5,15.0,40.753,25.17,249.70,0.0445,0.1515,0.0005,0.1535,0.0010,0.1706,0.0117,0.0499,0.2199,0.0816,0.1232,0.0039,0.2136,0.0000
1785421530.25,37,drive,0,3.0,15.0,40.753,25.17,249.70,0.0445,0.1520,0.0000,0.1432,0.0010,0.1608,0.0073,0.0513,0.2248,0.1119,0.1373,0.0054,0.2170,0.0005
1785421531.04,37,drive,0,3.5,15.0,40.753,25.17,249.70,0.0425,0.1491,0.0005,0.1457,0.0005,0.1569,0.0054,0.0342,0.2209,0.0943,0.1711,0.0083,0.2165,0.0005
1785421531.82,37,drive,0,4.0,15.0,40.753,25.17,249.70,0.0455,0.1549,0.0000,0.1476,0.0000,0.1672,0.0029,0.0137,0.2102,0.0362,0.1818,0.0064,0.2146,0.0000
1785421532.68,38,base,0,0.0,15.0,40.773,25.17,249.70,0.0391,0.1520,0.0000,0.1530,0.0005,0.1672,0.0029,0.0171,0.2151,0.0264,0.1784,0.0054,0.2141,0.0000
1785421533.47,38,drive,0,0.0,15.0,40.773,25.17,249.70,0.0386,0.1510,0.0000,0.1525,0.0000,0.1652,0.0020,0.0181,0.2146,0.0288,0.1774,0.0054,0.2175,0.0005
1785421534.26,38,drive,0,0.5,15.0,40.773,25.17,249.70,0.0381,0.1515,0.0000,0.1500,0.0005,0.1657,0.0034,0.0186,0.2170,0.0308,0.1799,0.0044,0.2165,0.0000
1785421535.05,38,drive,0,1.0,15.0,40.773,25.17,249.70,0.0411,0.1515,0.0005,0.1500,0.0010,0.1637,0.0020,0.0156,0.2165,0.0391,0.1764,0.0029,0.2121,0.0000
1785421535.83,38,drive,0,1.5,15.0,40.773,25.17,249.70,0.0425,0.1525,0.0000,0.1427,0.0000,0.1574,0.0010,0.0142,0.2155,0.0533,0.1818,0.0034,0.2146,0.0000
1785421536.62,38,drive,0,2.0,15.0,40.773,25.17,249.70,0.0469,0.1608,0.0078,0.1325,0.0088,0.1408,0.0059,0.0088,0.2292,0.0552,0.1916,0.0161,0.2175,0.0098
1785421537.41,38,drive,0,2.5,15.0,40.773,25.17,249.70,0.0450,0.1549,0.0015,0.1310,0.0034,0.1540,0.0230,0.0073,0.2092,0.0616,0.2053,0.0073,0.2170,0.0015
1785421538.20,38,drive,0,3.0,15.0,40.773,25.17,249.70,0.0445,0.1544,0.0093,0.1481,0.0088,0.1672,0.0015,0.0093,0.1940,0.0288,0.2151,0.0044,0.2121,0.0117
1785421538.99,38,drive,0,3.5,15.0,40.773,25.17,249.70,0.0406,0.1618,0.0010,0.1618,0.0024,0.1760,0.0093,0.0034,0.1989,0.0156,0.2023,0.0078,0.2146,0.0015
1785421539.77,38,drive,0,4.0,15.0,40.773,25.17,249.70,0.0494,0.1510,0.0010,0.1486,0.0103,0.1676,0.0064,0.0210,0.2097,0.0239,0.1862,0.0049,0.2180,0.0000
1785421540.64,39,base,0,0.0,15.0,40.733,25.17,249.70,0.0440,0.1457,0.0010,0.1510,0.0064,0.1696,0.0073,0.0166,0.2131,0.0327,0.1774,0.0088,0.2136,0.0015
1785421541.42,39,drive,0,0.0,15.0,40.733,25.17,249.70,0.0469,0.1505,0.0000,0.1520,0.0044,0.1720,0.0054,0.0279,0.2072,0.0298,0.1769,0.0117,0.2136,0.0010
1785421542.21,39,drive,0,0.5,15.0,40.733,25.17,249.70,0.0552,0.1535,0.0024,0.1554,0.0073,0.1750,0.0044,0.0249,0.2155,0.0318,0.1843,0.0078,0.2243,0.0044
1785421543.00,39,drive,0,1.0,15.0,40.733,25.17,249.70,0.0455,0.1549,0.0093,0.1564,0.0054,0.1716,0.0083,0.0205,0.2199,0.0362,0.1794,0.0088,0.2185,0.0142
1785421543.79,39,drive,0,1.5,15.0,40.733,25.17,249.70,0.0523,0.1544,0.0078,0.1569,0.0020,0.1750,0.0068,0.0274,0.2185,0.0357,0.1838,0.0132,0.2239,0.0034
1785421544.57,39,drive,0,2.0,15.0,40.733,25.17,249.70,0.0489,0.1535,0.0015,0.1559,0.0044,0.1725,0.0108,0.0215,0.2214,0.0376,0.1848,0.0147,0.2229,0.0054
1785421545.36,39,drive,0,2.5,15.0,40.733,25.17,249.70,0.0503,0.1623,0.0054,0.1579,0.0029,0.1701,0.0088,0.0156,0.2214,0.0337,0.1833,0.0108,0.2185,0.0059
1785421546.15,39,drive,0,3.0,15.0,40.733,25.17,249.70,0.0513,0.1544,0.0049,0.1564,0.0078,0.1760,0.0078,0.0200,0.2141,0.0323,0.1789,0.0088,0.2219,0.0073
1785421546.94,39,drive,0,3.5,15.0,40.733,25.17,249.70,0.0450,0.1569,0.0054,0.1520,0.0034,0.1701,0.0088,0.0205,0.2219,0.0362,0.1872,0.0098,0.2209,0.0103
1785421547.73,39,drive,0,4.0,15.0,40.733,25.17,249.70,0.0494,0.1520,0.0029,0.1530,0.0064,0.1676,0.0078,0.0220,0.2155,0.0313,0.1813,0.0166,0.2175,0.0088
1785421548.59,40,base,0,0.0,15.0,40.753,25.17,249.71,0.0391,0.1505,0.0088,0.1500,0.0039,0.1681,0.0068,0.0147,0.2107,0.0293,0.1774,0.0049,0.2111,0.0010
1785421549.38,40,drive,0,0.0,15.0,40.753,25.17,249.71,0.0386,0.1491,0.0059,0.1569,0.0064,0.1696,0.0083,0.0200,0.2082,0.0283,0.1769,0.0029,0.2146,0.0024
1785421550.16,40,drive,0,0.5,15.0,40.753,25.17,249.71,0.0464,0.1520,0.0010,0.1530,0.0015,0.1706,0.0078,0.0181,0.2102,0.0308,0.1794,0.0039,0.2121,0.0024
1785421550.95,40,drive,0,1.0,15.0,40.753,25.17,249.71,0.0367,0.1535,0.0034,0.1510,0.0010,0.1662,0.0078,0.0132,0.2160,0.0298,0.1887,0.0054,0.2180,0.0020
1785421551.74,40,drive,0,1.5,15.0,40.753,25.17,249.71,0.0450,0.1515,0.0054,0.1559,0.0059,0.1686,0.0088,0.0137,0.2116,0.0264,0.1896,0.0039,0.2151,0.0064
1785421552.53,40,drive,0,2.0,15.0,40.753,25.17,249.71,0.0518,0.1535,0.0044,0.1603,0.0083,0.1569,0.0015,0.0166,0.2107,0.0171,0.1896,0.0112,0.2175,0.0034
1785421553.31,40,drive,0,2.5,15.0,40.753,25.17,249.71,0.0479,0.1603,0.0000,0.1676,0.0054,0.1608,0.0064,0.0108,0.2146,0.0103,0.1965,0.0064,0.2214,0.0010
1785421554.09,40,drive,0,3.0,15.0,40.753,25.17,249.71,0.0543,0.1525,0.0005,0.1535,0.0054,0.1632,0.0059,0.0103,0.2092,0.0117,0.1867,0.0093,0.2136,0.0015
1785421554.88,40,drive,0,3.5,15.0,40.753,25.17,249.71,0.0484,0.1437,0.0039,0.1549,0.0186,0.1652,0.0137,0.0171,0.2107,0.0288,0.1779,0.0059,0.2160,0.0049
1785421555.67,40,drive,0,4.0,15.0,40.753,25.17,249.71,0.0337,0.1510,0.0010,0.1491,0.0034,0.1642,0.0220,0.0117,0.2131,0.0308,0.1999,0.0152,0.2107,0.0020
1785421556.53,41,base,0,0.0,15.0,40.773,25.17,249.71,0.0357,0.1500,0.0088,0.1496,0.0010,0.1613,0.0078,0.0181,0.2072,0.0279,0.1774,0.0235,0.2126,0.0015
1785421557.32,41,drive,0,0.0,15.0,40.773,25.17,249.71,0.0396,0.1510,0.0083,0.1500,0.0264,0.1691,0.0049,0.0386,0.2131,0.0318,0.1696,0.0088,0.2175,0.0112
1785421558.10,41,drive,0,0.5,15.0,40.773,25.17,249.71,0.0406,0.1500,0.0000,0.1540,0.0000,0.1657,0.0029,0.0186,0.2116,0.0298,0.1808,0.0015,0.2141,0.0000
1785421558.89,41,drive,0,1.0,15.0,40.773,25.17,249.71,0.0391,0.1491,0.0000,0.1540,0.0000,0.1647,0.0029,0.0176,0.2121,0.0293,0.1799,0.0034,0.2155,0.0000
1785421559.68,41,drive,0,1.5,15.0,40.773,25.17,249.71,0.0391,0.1540,0.0000,0.1530,0.0000,0.1676,0.0020,0.0161,0.2136,0.0283,0.1823,0.0020,0.2141,0.0005
1785421560.47,41,drive,0,2.0,15.0,40.773,25.17,249.71,0.0415,0.1525,0.0000,0.1525,0.0005,0.1657,0.0024,0.0166,0.2141,0.0288,0.1799,0.0020,0.2160,0.0005
1785421561.25,41,drive,0,2.5,15.0,40.773,25.17,249.71,0.0396,0.1510,0.0005,0.1515,0.0005,0.1681,0.0044,0.0152,0.2141,0.0298,0.1799,0.0024,0.2180,0.0000
1785421562.04,41,drive,0,3.0,15.0,40.773,25.17,249.71,0.0420,0.1481,0.0000,0.1530,0.0000,0.1647,0.0005,0.0191,0.2126,0.0303,0.1804,0.0024,0.2165,0.0000
1785421562.83,41,drive,0,3.5,15.0,40.773,25.17,249.71,0.0386,0.1525,0.0000,0.1525,0.0010,0.1701,0.0024,0.0166,0.2136,0.0303,0.1799,0.0020,0.2155,0.0005
1785421563.62,41,drive,0,4.0,15.0,40.773,25.17,249.71,0.0381,0.1491,0.0000,0.1520,0.0000,0.1686,0.0029,0.0186,0.2151,0.0303,0.1779,0.0034,0.2146,0.0000
1785421564.49,42,base,0,0.0,15.0,40.753,25.17,249.71,0.0420,0.1525,0.0005,0.1554,0.0010,0.1676,0.0044,0.0156,0.2170,0.0298,0.1769,0.0015,0.2165,0.0005
1785421565.27,42,drive,0,0.0,15.0,40.753,25.17,249.71,0.0401,0.1505,0.0015,0.1500,0.0010,0.1706,0.0024,0.0176,0.2131,0.0293,0.1760,0.0039,0.2141,0.0000
1785421566.06,42,drive,0,0.5,15.0,40.753,25.17,249.71,0.0401,0.1505,0.0000,0.1505,0.0000,0.1662,0.0034,0.0176,0.2126,0.0323,0.1823,0.0054,0.2136,0.0000
1785421566.85,42,drive,0,1.0,15.0,40.753,25.17,249.71,0.0411,0.1520,0.0000,0.1500,0.0000,0.1691,0.0020,0.0176,0.2146,0.0303,0.1799,0.0024,0.2136,0.0000
1785421567.64,42,drive,0,1.5,15.0,40.753,25.17,249.71,0.0411,0.1496,0.0000,0.1525,0.0000,0.1686,0.0024,0.0181,0.2146,0.0264,0.1784,0.0034,0.2146,0.0005
1785421568.42,42,drive,0,2.0,15.0,40.753,25.17,249.71,0.0508,0.1447,0.0122,0.1540,0.0137,0.1618,0.0152,0.0352,0.2058,0.0323,0.1813,0.0215,0.1984,0.0088
1785421569.21,42,drive,0,2.5,15.0,40.753,25.17,249.71,0.0528,0.1515,0.0010,0.1481,0.0015,0.1672,0.0044,0.0210,0.2121,0.0308,0.1794,0.0196,0.2190,0.0005
1785421570.00,42,drive,0,3.0,15.0,40.753,25.17,249.71,0.0499,0.1432,0.0000,0.1515,0.0024,0.1676,0.0137,0.0249,0.2141,0.0313,0.1804,0.0029,0.2248,0.0000
1785421570.78,42,drive,0,3.5,15.0,40.753,25.17,249.71,0.0406,0.1442,0.0073,0.1481,0.0147,0.1652,0.0152,0.0327,0.2111,0.0332,0.1730,0.0039,0.2136,0.0064
1785421571.57,42,drive,0,4.0,15.0,40.753,25.17,249.71,0.0386,0.1593,0.0098,0.1452,0.0059,0.1662,0.0112,0.0215,0.2160,0.0318,0.1828,0.0064,0.2116,0.0068
1785421572.44,43,base,0,0.0,15.0,40.733,25.17,249.71,0.0415,0.1520,0.0059,0.1413,0.0039,0.1681,0.0108,0.0327,0.2136,0.0332,0.1720,0.0137,0.2107,0.0068
1785421573.23,43,drive,0,0.0,15.0,40.733,25.17,249.71,0.0420,0.1505,0.0029,0.1491,0.0078,0.1686,0.0122,0.0318,0.2136,0.0323,0.1882,0.0068,0.2116,0.0044
1785421574.02,43,drive,0,0.5,15.0,40.733,25.17,249.71,0.0391,0.1461,0.0098,0.1515,0.0059,0.1706,0.0029,0.0156,0.2175,0.0298,0.1848,0.0088,0.2151,0.0039
1785421574.80,43,drive,0,1.0,15.0,40.733,25.17,249.71,0.0425,0.1486,0.0117,0.1437,0.0059,0.1755,0.0073,0.0156,0.2160,0.0318,0.1740,0.0122,0.2185,0.0073
1785421575.59,43,drive,0,1.5,15.0,40.733,25.17,249.71,0.0469,0.1637,0.0034,0.1500,0.0059,0.1647,0.0098,0.0181,0.2141,0.0308,0.1794,0.0147,0.2151,0.0024
1785421576.38,43,drive,0,2.0,15.0,40.733,25.17,249.71,0.0455,0.1520,0.0044,0.1574,0.0054,0.1672,0.0137,0.0186,0.2092,0.0323,0.1882,0.0078,0.2160,0.0029
1785421577.17,43,drive,0,2.5,15.0,40.733,25.17,249.71,0.0455,0.1457,0.0098,0.1535,0.0054,0.1686,0.0010,0.0122,0.2116,0.0279,0.1901,0.0088,0.2136,0.0093
1785421577.95,43,drive,0,3.0,15.0,40.733,25.17,249.71,0.0362,0.1525,0.0108,0.1491,0.0020,0.1711,0.0088,0.0230,0.2160,0.0362,0.1716,0.0083,0.2180,0.0108
1785421578.74,43,drive,0,3.5,15.0,40.733,25.17,249.71,0.0357,0.1476,0.0059,0.1510,0.0073,0.1711,0.0103,0.0254,0.2121,0.0269,0.1774,0.0083,0.2170,0.0049
1785421579.53,43,drive,0,4.0,15.0,40.733,25.17,249.71,0.0391,0.1510,0.0117,0.1525,0.0054,0.1608,0.0064,0.0230,0.2146,0.0352,0.1804,0.0083,0.2131,0.0083
1785421580.39,44,base,0,0.0,15.0,40.753,25.17,249.72,0.0318,0.1559,0.0039,0.1471,0.0044,0.1676,0.0103,0.0186,0.2170,0.0293,0.1760,0.0171,0.2131,0.0010
1785421581.18,44,drive,0,0.0,15.0,40.753,25.17,249.72,0.0362,0.1579,0.0034,0.1500,0.0054,0.1676,0.0083,0.0176,0.2097,0.0283,0.1784,0.0132,0.2107,0.0054
1785421581.97,44,drive,0,0.5,15.0,40.753,25.17,249.72,0.0327,0.1559,0.0088,0.1388,0.0029,0.1667,0.0064,0.0205,0.2155,0.0249,0.1804,0.0181,0.2185,0.0059
1785421582.75,44,drive,0,1.0,15.0,40.753,25.17,249.72,0.0435,0.1496,0.0005,0.1408,0.0088,0.1681,0.0137,0.0176,0.2151,0.0318,0.1696,0.0137,0.2180,0.0015
1785421583.54,44,drive,0,1.5,15.0,40.753,25.17,249.72,0.0440,0.1564,0.0078,0.1515,0.0083,0.1701,0.0024,0.0239,0.2146,0.0274,0.1755,0.0132,0.2136,0.0078
1785421584.33,44,drive,0,2.0,15.0,40.753,25.17,249.72,0.0362,0.1569,0.0059,0.1432,0.0098,0.1750,0.0103,0.0230,0.2185,0.0303,0.1813,0.0156,0.2199,0.0044
1785421585.12,44,drive,0,2.5,15.0,40.753,25.17,249.72,0.0371,0.1496,0.0078,0.1559,0.0015,0.1564,0.0088,0.0196,0.2175,0.0303,0.1750,0.0186,0.2190,0.0073
1785421585.90,44,drive,0,3.0,15.0,40.753,25.17,249.72,0.0386,0.1491,0.0083,0.1535,0.0068,0.1755,0.0024,0.0200,0.2195,0.0264,0.1896,0.0029,0.2151,0.0093
1785421586.69,44,drive,0,3.5,15.0,40.753,25.17,249.72,0.0303,0.1530,0.0000,0.1608,0.0015,0.1642,0.0137,0.0171,0.2204,0.0205,0.1804,0.0103,0.2121,0.0010
1785421587.48,44,drive,0,4.0,15.0,40.753,25.17,249.72,0.0337,0.1496,0.0093,0.1461,0.0015,0.1652,0.0078,0.0166,0.2209,0.0332,0.1789,0.0249,0.2160,0.0015
1785421588.33,45,base,0,0.0,15.0,40.773,25.17,249.72,0.0508,0.1549,0.0000,0.1505,0.0054,0.1681,0.0147,0.0156,0.2141,0.0357,0.1794,0.0156,0.2185,0.0010
1785421589.12,45,drive,0,0.0,15.0,40.773,25.17,249.72,0.0386,0.1559,0.0059,0.1525,0.0127,0.1613,0.0039,0.0298,0.2165,0.0293,0.1911,0.0059,0.2175,0.0117
1785421589.91,45,drive,0,0.5,15.0,40.773,25.17,249.72,0.0415,0.1505,0.0005,0.1520,0.0000,0.1662,0.0034,0.0205,0.2146,0.0288,0.1774,0.0039,0.2175,0.0000
1785421590.69,45,drive,0,1.0,15.0,40.773,25.17,249.72,0.0367,0.1505,0.0005,0.1525,0.0000,0.1667,0.0049,0.0196,0.2141,0.0303,0.1823,0.0054,0.2151,0.0005
1785421591.48,45,drive,0,1.5,15.0,40.773,25.17,249.72,0.0371,0.1466,0.0005,0.1505,0.0000,0.1647,0.0024,0.0176,0.2151,0.0323,0.1794,0.0039,0.2146,0.0000
1785421592.27,45,drive,0,2.0,15.0,40.773,25.17,249.72,0.0411,0.1505,0.0000,0.1486,0.0000,0.1667,0.0029,0.0210,0.2131,0.0308,0.1789,0.0054,0.2151,0.0000
1785421593.05,45,drive,0,2.5,15.0,40.773,25.17,249.72,0.0420,0.1520,0.0000,0.1500,0.0010,0.1676,0.0039,0.0176,0.2151,0.0298,0.1833,0.0064,0.2170,0.0000
1785421593.84,45,drive,0,3.0,15.0,40.773,25.17,249.72,0.0411,0.1496,0.0000,0.1540,0.0010,0.1672,0.0029,0.0176,0.2141,0.0313,0.1808,0.0039,0.2131,0.0000
1785421594.63,45,drive,0,3.5,15.0,40.773,25.17,249.72,0.0401,0.1510,0.0000,0.1491,0.0000,0.1676,0.0010,0.0196,0.2146,0.0283,0.1813,0.0034,0.2175,0.0010
1785421595.42,45,drive,0,4.0,15.0,40.773,25.17,249.72,0.0401,0.1515,0.0000,0.1530,0.0000,0.1667,0.0029,0.0181,0.2141,0.0269,0.1794,0.0020,0.2155,0.0015
1785421596.27,46,base,0,0.0,15.0,40.753,25.17,249.72,0.0391,0.1515,0.0005,0.1491,0.0005,0.1686,0.0020,0.0191,0.2146,0.0293,0.1828,0.0064,0.2165,0.0000
1785421597.06,46,drive,0,0.0,15.0,40.753,25.17,249.72,0.0406,0.1520,0.0000,0.1510,0.0000,0.1667,0.0054,0.0171,0.2160,0.0283,0.1794,0.0039,0.2146,0.0000
1785421597.85,46,drive,0,0.5,15.0,40.753,25.17,249.72,0.0401,0.1496,0.0000,0.1525,0.0010,0.1647,0.0034,0.0196,0.2180,0.0313,0.1813,0.0049,0.2151,0.0000
1785421598.64,46,drive,0,1.0,15.0,40.753,25.17,249.72,0.0411,0.1481,0.0000,0.1525,0.0000,0.1652,0.0024,0.0200,0.2151,0.0269,0.1799,0.0020,0.2165,0.0000
1785421599.43,46,drive,0,1.5,15.0,40.753,25.17,249.72,0.0406,0.1457,0.0000,0.1525,0.0000,0.1657,0.0010,0.0181,0.2131,0.0318,0.1799,0.0049,0.2151,0.0000
1785421600.21,46,drive,0,2.0,15.0,40.753,25.17,249.72,0.0411,0.1500,0.0000,0.1520,0.0000,0.1657,0.0015,0.0171,0.2175,0.0323,0.1794,0.0024,0.2190,0.0000
1785421601.00,46,drive,0,2.5,15.0,40.753,25.17,249.72,0.0381,0.1476,0.0000,0.1540,0.0000,0.1657,0.0015,0.0171,0.2165,0.0283,0.1789,0.0039,0.2160,0.0000
1785421601.79,46,drive,0,3.0,15.0,40.753,25.17,249.72,0.0376,0.1486,0.0005,0.1540,0.0000,0.1667,0.0020,0.0191,0.2146,0.0298,0.1813,0.0024,0.2185,0.0000
1785421602.58,46,drive,0,3.5,15.0,40.753,25.17,249.72,0.0376,0.1505,0.0000,0.1500,0.0000,0.1667,0.0044,0.0181,0.2141,0.0308,0.1808,0.0039,0.2146,0.0000
1785421603.36,46,drive,0,4.0,15.0,40.753,25.17,249.72,0.0406,0.1496,0.0000,0.1525,0.0005,0.1672,0.0005,0.0186,0.2160,0.0293,0.1804,0.0029,0.2151,0.0000
1785421604.23,47,base,0,0.0,15.0,40.753,25.17,249.72,0.0386,0.1510,0.0000,0.1520,0.0000,0.1686,0.0029,0.0196,0.2151,0.0279,0.1804,0.0015,0.2151,0.0005
1785421605.01,47,drive,0,0.0,15.0,40.753,25.17,249.72,0.0406,0.1491,0.0005,0.1515,0.0000,0.1672,0.0024,0.0196,0.2131,0.0283,0.1804,0.0010,0.2155,0.0000
1785421605.80,47,drive,0,0.5,15.0,40.753,25.17,249.72,0.0376,0.1500,0.0000,0.1466,0.0005,0.1667,0.0029,0.0196,0.2180,0.0293,0.1808,0.0039,0.2165,0.0000
1785421606.59,47,drive,0,1.0,15.0,40.753,25.17,249.72,0.0396,0.1481,0.0010,0.1481,0.0000,0.1676,0.0020,0.0196,0.2155,0.0288,0.1799,0.0024,0.2141,0.0000
1785421607.38,47,drive,0,1.5,15.0,40.753,25.17,249.72,0.0396,0.1515,0.0000,0.1491,0.0010,0.1676,0.0010,0.0161,0.2131,0.0274,0.1818,0.0049,0.2190,0.0000
1785421608.16,47,drive,0,2.0,15.0,40.753,25.17,249.72,0.0406,0.1500,0.0005,0.1515,0.0005,0.1691,0.0015,0.0161,0.2151,0.0288,0.1818,0.0034,0.2146,0.0000
1785421608.95,47,drive,0,2.5,15.0,40.753,25.17,249.72,0.0411,0.1535,0.0000,0.1466,0.0000,0.1706,0.0024,0.0171,0.2155,0.0313,0.1808,0.0054,0.2151,0.0000
1785421609.73,47,drive,0,3.0,15.0,40.753,25.17,249.72,0.0391,0.1520,0.0000,0.1496,0.0000,0.1657,0.0020,0.0200,0.2146,0.0308,0.1804,0.0044,0.2175,0.0010
1785421610.52,47,drive,0,3.5,15.0,40.753,25.17,249.72,0.0386,0.1496,0.0000,0.1496,0.0005,0.1706,0.0024,0.0186,0.2175,0.0303,0.1784,0.0039,0.2155,0.0000
1785421611.31,47,drive,0,4.0,15.0,40.753,25.17,249.72,0.0430,0.1471,0.0005,0.1530,0.0005,0.1672,0.0015,0.0210,0.2151,0.0303,0.1813,0.0039,0.2175,0.0000
1785421612.18,48,base,0,0.0,15.0,40.713,25.17,249.72,0.0406,0.1520,0.0000,0.1505,0.0005,0.1681,0.0044,0.0166,0.2160,0.0298,0.1808,0.0068,0.2180,0.0000
1785421612.97,48,drive,0,0.0,15.0,40.713,25.17,249.72,0.0376,0.1500,0.0000,0.1520,0.0005,0.1681,0.0034,0.0210,0.2155,0.0283,0.1808,0.0044,0.2160,0.0000
1785421613.76,48,drive,0,0.5,15.0,40.713,25.17,249.72,0.0401,0.1505,0.0000,0.1549,0.0010,0.1701,0.0024,0.0152,0.2165,0.0264,0.1857,0.0044,0.2155,0.0005
1785421614.55,48,drive,0,1.0,15.0,40.713,25.17,249.72,0.0396,0.1544,0.0000,0.1540,0.0000,0.1618,0.0005,0.0068,0.2072,0.0210,0.1989,0.0024,0.2141,0.0015
1785421615.34,48,drive,0,1.5,15.0,40.713,25.17,249.72,0.0420,0.1549,0.0005,0.1520,0.0000,0.1632,0.0015,0.0005,0.2009,0.0127,0.2087,0.0000,0.2151,0.0005
1785421616.13,48,drive,0,2.0,15.0,40.713,25.17,249.72,0.0415,0.1569,0.0005,0.1530,0.0005,0.1676,0.0000,0.0029,0.1740,0.0024,0.2175,0.0015,0.2097,0.0000
1785421616.91,48,drive,0,2.5,15.0,40.713,25.17,249.72,0.0435,0.1613,0.0005,0.1608,0.0000,0.1764,0.0015,0.0283,0.1569,0.0020,0.2136,0.0000,0.2072,0.0000
1785421617.70,48,drive,0,3.0,15.0,40.713,25.17,249.72,0.0430,0.1628,0.0000,0.1613,0.0005,0.1838,0.0093,0.0640,0.1808,0.0186,0.1872,0.0010,0.2072,0.0005
1785421618.49,48,drive,0,3.5,15.0,40.713,25.17,249.72,0.0440,0.1554,0.0005,0.1569,0.0000,0.1808,0.0127,0.0684,0.2097,0.0401,0.1364,0.0039,0.2146,0.0000
1785421619.28,48,drive,0,4.0,15.0,40.713,25.17,249.72,0.0464,0.1535,0.0000,0.1466,0.0005,0.1632,0.0068,0.0239,0.2165,0.0401,0.1882,0.0054,0.2151,0.0010
1785421620.14,49,base,0,0.0,15.0,40.733,25.17,249.72,0.0411,0.1535,0.0000,0.1496,0.0000,0.1662,0.0024,0.0181,0.2121,0.0259,0.1813,0.0024,0.2126,0.0000
1785421620.93,49,drive,0,0.0,15.0,40.733,25.17,249.72,0.0391,0.1510,0.0000,0.1525,0.0000,0.1672,0.0029,0.0186,0.2151,0.0308,0.1818,0.0044,0.2160,0.0005
1785421621.71,49,drive,0,0.5,15.0,40.733,25.17,249.72,0.0391,0.1540,0.0000,0.1505,0.0000,0.1701,0.0034,0.0200,0.2175,0.0337,0.1823,0.0034,0.2170,0.0000
1785421622.50,49,drive,0,1.0,15.0,40.733,25.17,249.72,0.0425,0.1530,0.0000,0.1491,0.0000,0.1632,0.0029,0.0152,0.2199,0.0435,0.1887,0.0015,0.2175,0.0000
1785421623.29,49,drive,0,1.5,15.0,40.733,25.17,249.72,0.0450,0.1510,0.0000,0.1466,0.0000,0.1544,0.0064,0.0156,0.2195,0.0543,0.2019,0.0059,0.2151,0.0005
1785421624.07,49,drive,0,2.0,15.0,40.733,25.17,249.72,0.0440,0.1500,0.0000,0.1432,0.0005,0.1373,0.0054,0.0098,0.2180,0.0621,0.2170,0.0059,0.2141,0.0000
1785421624.86,49,drive,0,2.5,15.0,40.733,25.17,249.72,0.0450,0.1569,0.0005,0.1408,0.0000,0.1315,0.0024,0.0005,0.2028,0.0523,0.2322,0.0024,0.2136,0.0005
1785421625.65,49,drive,0,3.0,15.0,40.733,25.17,249.72,0.0469,0.1549,0.0000,0.1417,0.0005,0.1457,0.0010,0.0005,0.1779,0.0200,0.2302,0.0005,0.2053,0.0005
1785421626.44,49,drive,0,3.5,15.0,40.733,25.17,249.72,0.0420,0.1598,0.0000,0.1525,0.0000,0.1667,0.0000,0.0024,0.1808,0.0000,0.2048,0.0015,0.2077,0.0005
1785421627.22,49,drive,0,4.0,15.0,40.733,25.17,249.72,0.0459,0.1554,0.0005,0.1491,0.0005,0.1676,0.0034,0.0117,0.2082,0.0239,0.1862,0.0044,0.2126,0.0000
1785421628.09,50,base,0,0.0,15.0,40.753,25.17,249.72,0.0386,0.1496,0.0000,0.1544,0.0000,0.1696,0.0034,0.0176,0.2116,0.0308,0.1789,0.0034,0.2180,0.0005
1785421628.88,50,drive,0,0.0,15.0,40.753,25.17,249.72,0.0415,0.1491,0.0010,0.1500,0.0005,0.1672,0.0020,0.0176,0.2146,0.0283,0.1818,0.0024,0.2141,0.0005
1785421629.67,50,drive,0,0.5,15.0,40.753,25.17,249.72,0.0415,0.1535,0.0000,0.1544,0.0000,0.1686,0.0024,0.0181,0.2190,0.0254,0.1823,0.0034,0.2165,0.0005
1785421630.46,50,drive,0,1.0,15.0,40.753,25.17,249.72,0.0401,0.1520,0.0000,0.1584,0.0005,0.1706,0.0064,0.0186,0.2126,0.0161,0.1828,0.0029,0.2175,0.0005
1785421631.24,50,drive,0,1.5,15.0,40.753,25.17,249.72,0.0411,0.1525,0.0000,0.1667,0.0044,0.1701,0.0156,0.0181,0.2141,0.0088,0.1818,0.0024,0.2116,0.0000
1785421632.03,50,drive,0,2.0,15.0,40.753,25.17,249.72,0.0415,0.1569,0.0005,0.1652,0.0103,0.1647,0.0259,0.0152,0.2155,0.0137,0.1667,0.0010,0.2072,0.0010
1785421632.82,50,drive,0,2.5,15.0,40.753,25.17,249.72,0.0425,0.1549,0.0000,0.1540,0.0147,0.1442,0.0279,0.0147,0.2116,0.0489,0.1281,0.0005,0.2048,0.0015
1785421633.61,50,drive,0,3.0,15.0,40.753,25.17,249.72,0.0445,0.1530,0.0000,0.1320,0.0137,0.1227,0.0166,0.0152,0.2102,0.0978,0.0953,0.0005,0.2082,0.0015
1785421634.39,50,drive,0,3.5,15.0,40.753,25.17,249.72,0.0430,0.1530,0.0005,0.1237,0.0029,0.1383,0.0020,0.0161,0.2087,0.1012,0.1364,0.0015,0.2151,0.0005
1785421635.18,50,drive,0,4.0,15.0,40.753,25.17,249.72,0.0464,0.1525,0.0005,0.1476,0.0005,0.1642,0.0015,0.0132,0.2126,0.0391,0.1813,0.0054,0.2146,0.0010
1785421636.04,51,base,0,0.0,15.0,40.773,25.17,249.72,0.0401,0.1525,0.0005,0.1515,0.0000,0.1686,0.0029,0.0166,0.2165,0.0318,0.1808,0.0024,0.2160,0.0005
1785421636.83,51,drive,0,0.0,15.0,40.773,25.17,249.72,0.0386,0.1505,0.0000,0.1540,0.0005,0.1657,0.0034,0.0181,0.2170,0.0293,0.1789,0.0024,0.2155,0.0020
1785421637.62,51,drive,0,0.5,15.0,40.773,25.17,249.72,0.0396,0.1496,0.0000,0.1515,0.0000,0.1696,0.0024,0.0186,0.2155,0.0303,0.1779,0.0039,0.2165,0.0000
1785421638.40,51,drive,0,1.0,15.0,40.773,25.17,249.72,0.0376,0.1520,0.0005,0.1515,0.0005,0.1657,0.0024,0.0152,0.2131,0.0308,0.1808,0.0044,0.2136,0.0000
1785421639.19,51,drive,0,1.5,15.0,40.773,25.17,249.72,0.0391,0.1476,0.0000,0.1510,0.0005,0.1676,0.0044,0.0166,0.2151,0.0288,0.1774,0.0015,0.2170,0.0000
1785421639.98,51,drive,0,2.0,15.0,40.773,25.17,249.72,0.0406,0.1505,0.0005,0.1510,0.0000,0.1681,0.0024,0.0181,0.2146,0.0303,0.1813,0.0020,0.2180,0.0010
1785421640.77,51,drive,0,2.5,15.0,40.773,25.17,249.72,0.0430,0.1515,0.0010,0.1515,0.0005,0.1676,0.0015,0.0166,0.2160,0.0303,0.1779,0.0034,0.2160,0.0000
1785421641.59,51,drive,0,3.0,15.0,40.773,25.17,249.72,0.0396,0.1486,0.0000,0.1530,0.0000,0.1672,0.0015,0.0186,0.2180,0.0323,0.1794,0.0024,0.2111,0.0000
1785421642.39,51,drive,0,3.5,15.0,40.773,25.17,249.72,0.0406,0.1535,0.0000,0.1505,0.0000,0.1662,0.0020,0.0161,0.2170,0.0303,0.1804,0.0034,0.2146,0.0000
1785421643.18,51,drive,0,4.0,15.0,40.773,25.17,249.72,0.0406,0.1510,0.0000,0.1530,0.0000,0.1676,0.0029,0.0176,0.2126,0.0288,0.1769,0.0034,0.2155,0.0000
1785421644.04,52,base,0,0.0,15.0,40.773,25.17,249.73,0.0391,0.1496,0.0000,0.1515,0.0000,0.1681,0.0015,0.0176,0.2175,0.0303,0.1789,0.0029,0.2180,0.0000
1785421644.83,52,drive,0,0.0,15.0,40.773,25.17,249.73,0.0381,0.1535,0.0000,0.1505,0.0000,0.1676,0.0020,0.0181,0.2146,0.0318,0.1808,0.0020,0.2170,0.0000
1785421645.62,52,drive,0,0.5,15.0,40.773,25.17,249.73,0.0391,0.1525,0.0000,0.1496,0.0000,0.1637,0.0015,0.0181,0.2136,0.0327,0.1755,0.0039,0.2165,0.0005
1785421646.41,52,drive,0,1.0,15.0,40.773,25.17,249.73,0.0425,0.1564,0.0068,0.1305,0.0088,0.1637,0.0059,0.0225,0.2214,0.0577,0.1505,0.0166,0.2273,0.0068
1785421647.20,52,drive,0,1.5,15.0,40.773,25.17,249.73,0.0450,0.1569,0.0015,0.1281,0.0108,0.1417,0.0191,0.0156,0.2107,0.1109,0.1300,0.0049,0.2253,0.0049
1785421648.00,52,drive,0,2.0,15.0,40.773,25.17,249.73,0.0469,0.1544,0.0049,0.0968,0.0127,0.1305,0.0064,0.0171,0.2097,0.1857,0.1383,0.0083,0.2175,0.0005
1785421648.79,52,drive,0,2.5,15.0,40.773,25.17,249.73,0.0440,0.1525,0.0010,0.0924,0.0117,0.1564,0.0137,0.0279,0.2155,0.2126,0.1911,0.0176,0.2258,0.0020
1785421649.57,52,drive,0,3.0,15.0,40.773,25.17,249.73,0.0406,0.1476,0.0044,0.1251,0.0108,0.1828,0.0186,0.0215,0.2146,0.2067,0.2209,0.0230,0.2307,0.0093
1785421650.36,52,drive,0,3.5,15.0,40.773,25.17,249.73,0.0459,0.1540,0.0093,0.1608,0.0029,0.1984,0.0142,0.0186,0.2102,0.0875,0.2258,0.0181,0.2253,0.0044
1785421651.15,52,drive,0,4.0,15.0,40.773,25.17,249.73,0.0474,0.1500,0.0024,0.1442,0.0044,0.1574,0.0044,0.0166,0.2131,0.0415,0.1730,0.0083,0.2141,0.0015
1785421652.02,53,base,0,0.0,15.0,40.773,25.17,249.73,0.0396,0.1525,0.0068,0.1554,0.0024,0.1662,0.0064,0.0152,0.2111,0.0303,0.1769,0.0054,0.2170,0.0068
1785421652.81,53,drive,0,0.0,15.0,40.773,25.17,249.73,0.0435,0.1549,0.0020,0.1491,0.0015,0.1667,0.0034,0.0176,0.2087,0.0342,0.1804,0.0112,0.2185,0.0024
1785421653.60,53,drive,0,0.5,15.0,40.773,25.17,249.73,0.0396,0.1461,0.0015,0.1520,0.0093,0.1716,0.0083,0.0196,0.2146,0.0283,0.1813,0.0093,0.2151,0.0015
1785421654.40,53,drive,0,1.0,15.0,40.773,25.17,249.73,0.0376,0.1554,0.0059,0.1618,0.0054,0.1779,0.0132,0.0200,0.2151,0.0171,0.1955,0.0098,0.2092,0.0005
1785421655.19,53,drive,0,1.5,15.0,40.773,25.17,249.73,0.0430,0.1525,0.0029,0.1730,0.0044,0.1857,0.0225,0.0132,0.2121,0.0137,0.2121,0.0103,0.2195,0.0039
1785421655.98,53,drive,0,2.0,15.0,40.773,25.17,249.73,0.0518,0.1559,0.0088,0.1823,0.0127,0.1896,0.0543,0.0127,0.2063,0.0068,0.2126,0.0059,0.2160,0.0005
1785421656.77,53,drive,0,2.5,15.0,40.773,25.17,249.73,0.0543,0.1632,0.0059,0.1891,0.0318,0.1808,0.0753,0.0117,0.2072,0.0181,0.2082,0.0049,0.2077,0.0029
1785421657.56,53,drive,0,3.0,15.0,40.773,25.17,249.73,0.0381,0.1603,0.0015,0.1784,0.0396,0.1476,0.0714,0.0122,0.2102,0.0543,0.1608,0.0054,0.1896,0.0049
1785421658.35,53,drive,0,3.5,15.0,40.773,25.17,249.73,0.0415,0.1520,0.0044,0.1388,0.0196,0.1222,0.0283,0.0196,0.2126,0.0748,0.1051,0.0049,0.1999,0.0034
1785421659.13,53,drive,0,4.0,15.0,40.773,25.17,249.73,0.0440,0.1500,0.0073,0.1471,0.0044,0.1642,0.0098,0.0166,0.2102,0.0357,0.1872,0.0098,0.2160,0.0049
1785421659.99,54,base,0,0.0,15.0,40.713,25.17,249.73,0.0396,0.1520,0.0020,0.1486,0.0064,0.1662,0.0083,0.0176,0.2146,0.0391,0.1760,0.0059,0.2111,0.0044
1785421660.78,54,drive,0,0.0,15.0,40.713,25.17,249.73,0.0401,0.1510,0.0015,0.1510,0.0093,0.1642,0.0064,0.0156,0.2165,0.0362,0.1711,0.0034,0.2063,0.0024
1785421661.56,54,drive,0,0.5,15.0,40.713,25.17,249.73,0.0425,0.1544,0.0020,0.1510,0.0015,0.1657,0.0054,0.0254,0.2175,0.0342,0.1760,0.0088,0.2136,0.0147
1785421662.35,54,drive,0,1.0,15.0,40.713,25.17,249.73,0.0469,0.1525,0.0235,0.1549,0.0010,0.1540,0.0039,0.0137,0.2111,0.0313,0.1891,0.0132,0.2155,0.0132
1785421663.14,54,drive,0,1.5,15.0,40.713,25.17,249.73,0.0415,0.1461,0.0015,0.1564,0.0152,0.1603,0.0161,0.0132,0.2121,0.0411,0.1901,0.0034,0.2102,0.0029
1785421663.93,54,drive,0,2.0,15.0,40.713,25.17,249.73,0.0455,0.1544,0.0024,0.1632,0.0117,0.1574,0.0039,0.0088,0.2033,0.0342,0.2102,0.0015,0.2243,0.0064
1785421664.72,54,drive,0,2.5,15.0,40.713,25.17,249.73,0.0445,0.1574,0.0000,0.1647,0.0029,0.1584,0.0000,0.0005,0.1931,0.0176,0.2116,0.0020,0.2111,0.0005
1785421665.51,54,drive,0,3.0,15.0,40.713,25.17,249.73,0.0450,0.1525,0.0005,0.1623,0.0015,0.1632,0.0000,0.0073,0.1872,0.0015,0.2063,0.0015,0.2097,0.0000
1785421666.30,54,drive,0,3.5,15.0,40.713,25.17,249.73,0.0459,0.1540,0.0005,0.1530,0.0039,0.1725,0.0000,0.0200,0.2009,0.0059,0.1921,0.0005,0.2121,0.0005
1785421667.09,54,drive,0,4.0,15.0,40.713,25.17,249.73,0.0459,0.1505,0.0000,0.1461,0.0000,0.1637,0.0029,0.0176,0.2136,0.0279,0.1911,0.0044,0.2107,0.0000
1785421667.95,55,base,0,0.0,15.0,40.773,25.17,249.73,0.0391,0.1515,0.0000,0.1549,0.0000,0.1686,0.0015,0.0181,0.2107,0.0303,0.1760,0.0024,0.2160,0.0000
1785421668.74,55,drive,0,0.0,15.0,40.773,25.17,249.73,0.0420,0.1515,0.0000,0.1520,0.0005,0.1681,0.0029,0.0147,0.2146,0.0318,0.1794,0.0034,0.2131,0.0000
1785421669.53,55,drive,0,0.5,15.0,40.773,25.17,249.73,0.0391,0.1505,0.0000,0.1535,0.0000,0.1667,0.0020,0.0166,0.2155,0.0308,0.1774,0.0010,0.2155,0.0000
1785421670.31,55,drive,0,1.0,15.0,40.773,25.17,249.73,0.0411,0.1505,0.0000,0.1535,0.0005,0.1672,0.0024,0.0176,0.2160,0.0298,0.1774,0.0044,0.2170,0.0000
1785421671.10,55,drive,0,1.5,15.0,40.773,25.17,249.73,0.0430,0.1500,0.0000,0.1491,0.0000,0.1662,0.0024,0.0181,0.2146,0.0303,0.1808,0.0029,0.2165,0.0000
1785421671.90,55,drive,0,2.0,15.0,40.773,25.17,249.73,0.0396,0.1515,0.0000,0.1515,0.0000,0.1672,0.0010,0.0152,0.2175,0.0313,0.1794,0.0029,0.2155,0.0005
1785421672.69,55,drive,0,2.5,15.0,40.773,25.17,249.73,0.0401,0.1486,0.0015,0.1535,0.0000,0.1672,0.0034,0.0181,0.2155,0.0303,0.1799,0.0029,0.2146,0.0000
1785421673.48,55,drive,0,3.0,15.0,40.773,25.17,249.73,0.0381,0.1544,0.0000,0.1515,0.0000,0.1662,0.0029,0.0176,0.2146,0.0318,0.1779,0.0039,0.2160,0.0000
1785421674.27,55,drive,0,3.5,15.0,40.773,25.17,249.73,0.0406,0.1500,0.0000,0.1510,0.0005,0.1681,0.0029,0.0186,0.2155,0.0323,0.1818,0.0029,0.2160,0.0000
1785421675.06,55,drive,0,4.0,15.0,40.773,25.17,249.73,0.0411,0.1481,0.0000,0.1491,0.0005,0.1662,0.0015,0.0181,0.2151,0.0298,0.1828,0.0020,0.2190,0.0000
1785421675.92,56,base,0,0.0,15.0,40.733,25.17,249.73,0.0415,0.1544,0.0000,0.1505,0.0000,0.1667,0.0049,0.0196,0.2136,0.0288,0.1799,0.0029,0.2155,0.0010
1785421676.71,56,drive,0,0.0,15.0,40.733,25.17,249.73,0.0386,0.1500,0.0000,0.1515,0.0000,0.1691,0.0010,0.0171,0.2155,0.0323,0.1794,0.0044,0.2180,0.0000
1785421677.50,56,drive,0,0.5,15.0,40.733,25.17,249.73,0.0396,0.1520,0.0000,0.1500,0.0010,0.1691,0.0039,0.0171,0.2151,0.0323,0.1808,0.0049,0.2146,0.0005
1785421678.28,56,drive,0,1.0,15.0,40.733,25.17,249.73,0.0401,0.1496,0.0000,0.1491,0.0005,0.1667,0.0024,0.0166,0.2146,0.0274,0.1779,0.0020,0.2170,0.0000
1785421679.08,56,drive,0,1.5,15.0,40.733,25.17,249.73,0.0406,0.1520,0.0000,0.1535,0.0005,0.1691,0.0015,0.0176,0.2160,0.0293,0.1808,0.0039,0.2165,0.0000
1785421679.87,56,drive,0,2.0,15.0,40.733,25.17,249.73,0.0401,0.1486,0.0000,0.1525,0.0000,0.1681,0.0020,0.0171,0.2160,0.0279,0.1794,0.0029,0.2170,0.0000
1785421680.66,56,drive,0,2.5,15.0,40.733,25.17,249.73,0.0391,0.1510,0.0000,0.1515,0.0005,0.1676,0.0034,0.0200,0.2141,0.0279,0.1804,0.0034,0.2151,0.0000
1785421681.45,56,drive,0,3.0,15.0,40.733,25.17,249.73,0.0401,0.1496,0.0005,0.1500,0.0005,0.1681,0.0039,0.0152,0.2151,0.0313,0.1804,0.0010,0.2155,0.0000
1785421682.24,56,drive,0,3.5,15.0,40.733,25.17,249.73,0.0440,0.1525,0.0000,0.1544,0.0005,0.1691,0.0020,0.0205,0.2160,0.0264,0.1784,0.0044,0.2141,0.0000
1785421683.03,56,drive,0,4.0,15.0,40.733,25.17,249.73,0.0420,0.1515,0.0000,0.1540,0.0000,0.1686,0.0024,0.0161,0.2160,0.0313,0.1813,0.0020,0.2121,0.0000
1785421683.89,57,base,0,0.0,15.0,40.753,25.17,249.73,0.0406,0.1510,0.0000,0.1530,0.0000,0.1657,0.0020,0.0181,0.2126,0.0283,0.1804,0.0064,0.2136,0.0000
1785421684.69,57,drive,0,0.0,15.0,40.753,25.17,249.73,0.0430,0.1505,0.0000,0.1520,0.0000,0.1657,0.0039,0.0171,0.2155,0.0293,0.1818,0.0039,0.2141,0.0000
1785421685.48,57,drive,0,0.5,15.0,40.753,25.17,249.73,0.0420,0.1500,0.0005,0.1510,0.0005,0.1662,0.0034,0.0166,0.2146,0.0269,0.1789,0.0034,0.2195,0.0005
1785421686.27,57,drive,0,1.0,15.0,40.753,25.17,249.73,0.0420,0.1500,0.0000,0.1530,0.0005,0.1681,0.0015,0.0166,0.2155,0.0303,0.1808,0.0020,0.2151,0.0000
1785421687.06,57,drive,0,1.5,15.0,40.753,25.17,249.73,0.0401,0.1505,0.0000,0.1515,0.0000,0.1681,0.0034,0.0181,0.2160,0.0323,0.1818,0.0010,0.2160,0.0000
1785421687.85,57,drive,0,2.0,15.0,40.753,25.17,249.73,0.0401,0.1515,0.0000,0.1500,0.0000,0.1676,0.0024,0.0166,0.2146,0.0323,0.1813,0.0039,0.2151,0.0000
1785421688.64,57,drive,0,2.5,15.0,40.753,25.17,249.73,0.0401,0.1505,0.0005,0.1540,0.0005,0.1672,0.0015,0.0181,0.2180,0.0298,0.1789,0.0024,0.2170,0.0000
1785421689.43,57,drive,0,3.0,15.0,40.753,25.17,249.73,0.0411,0.1525,0.0005,0.1505,0.0000,0.1681,0.0005,0.0161,0.2155,0.0303,0.1804,0.0029,0.2151,0.0000
1785421690.22,57,drive,0,3.5,15.0,40.753,25.17,249.73,0.0411,0.1515,0.0000,0.1486,0.0000,0.1676,0.0010,0.0196,0.2155,0.0303,0.1813,0.0049,0.2165,0.0000
1785421691.01,57,drive,0,4.0,15.0,40.753,25.17,249.73,0.0415,0.1520,0.0000,0.1520,0.0005,0.1681,0.0015,0.0176,0.2160,0.0303,0.1794,0.0039,0.2175,0.0005
1785421691.87,58,base,0,0.0,15.0,40.773,25.17,249.73,0.0386,0.1520,0.0000,0.1515,0.0005,0.1652,0.0029,0.0176,0.2151,0.0298,0.1808,0.0029,0.2151,0.0000
1785421692.66,58,drive,0,0.0,15.0,40.773,25.17,249.73,0.0401,0.1505,0.0000,0.1525,0.0000,0.1676,0.0024,0.0186,0.2160,0.0288,0.1799,0.0029,0.2141,0.0005
1785421693.45,58,drive,0,0.5,15.0,40.773,25.17,249.73,0.0391,0.1500,0.0000,0.1496,0.0000,0.1676,0.0015,0.0191,0.2155,0.0308,0.1784,0.0029,0.2155,0.0000
1785421694.24,58,drive,0,1.0,15.0,40.773,25.17,249.73,0.0406,0.1540,0.0000,0.1510,0.0000,0.1681,0.0044,0.0196,0.2146,0.0298,0.1843,0.0039,0.2146,0.0000
1785421695.03,58,drive,0,1.5,15.0,40.773,25.17,249.73,0.0396,0.1496,0.0000,0.1520,0.0010,0.1667,0.0015,0.0171,0.2155,0.0298,0.1784,0.0049,0.2155,0.0000
1785421695.82,58,drive,0,2.0,15.0,40.773,25.17,249.73,0.0391,0.1515,0.0000,0.1530,0.0000,0.1696,0.0020,0.0196,0.2136,0.0308,0.1828,0.0039,0.2165,0.0000
1785421696.61,58,drive,0,2.5,15.0,40.773,25.17,249.73,0.0396,0.1540,0.0005,0.1486,0.0005,0.1696,0.0034,0.0171,0.2136,0.0308,0.1813,0.0044,0.2155,0.0000
1785421697.40,58,drive,0,3.0,15.0,40.773,25.17,249.73,0.0386,0.1505,0.0000,0.1525,0.0000,0.1676,0.0020,0.0161,0.2175,0.0303,0.1799,0.0024,0.2160,0.0005
1785421698.19,58,drive,0,3.5,15.0,40.773,25.17,249.73,0.0411,0.1496,0.0000,0.1486,0.0000,0.1681,0.0029,0.0191,0.2151,0.0293,0.1813,0.0024,0.2165,0.0000
1785421698.98,58,drive,0,4.0,15.0,40.773,25.17,249.73,0.0406,0.1515,0.0000,0.1476,0.0000,0.1681,0.0015,0.0205,0.2170,0.0303,0.1804,0.0054,0.2185,0.0000
1785421699.85,59,base,0,0.0,15.0,40.733,25.17,249.74,0.0425,0.1496,0.0000,0.1530,0.0005,0.1676,0.0015,0.0186,0.2151,0.0303,0.1828,0.0039,0.2146,0.0000
1785421700.64,59,drive,0,0.0,15.0,40.733,25.17,249.74,0.0430,0.1500,0.0000,0.1486,0.0000,0.1667,0.0024,0.0176,0.2155,0.0327,0.1813,0.0044,0.2131,0.0005
1785421701.43,59,drive,0,0.5,15.0,40.733,25.17,249.74,0.0386,0.1496,0.0005,0.1510,0.0000,0.1681,0.0015,0.0166,0.2160,0.0293,0.1799,0.0015,0.2160,0.0000
1785421702.22,59,drive,0,1.0,15.0,40.733,25.17,249.74,0.0406,0.1520,0.0005,0.1520,0.0000,0.1647,0.0029,0.0181,0.2160,0.0303,0.1823,0.0049,0.2160,0.0000
1785421703.01,59,drive,0,1.5,15.0,40.733,25.17,249.74,0.0406,0.1486,0.0000,0.1510,0.0000,0.1662,0.0039,0.0210,0.2165,0.0283,0.1818,0.0044,0.2155,0.0000
1785421703.80,59,drive,0,2.0,15.0,40.733,25.17,249.74,0.0386,0.1500,0.0000,0.1510,0.0005,0.1662,0.0034,0.0196,0.2155,0.0293,0.1813,0.0054,0.2175,0.0000
1785421704.59,59,drive,0,2.5,15.0,40.733,25.17,249.74,0.0396,0.1496,0.0005,0.1540,0.0005,0.1676,0.0049,0.0171,0.2155,0.0303,0.1818,0.0034,0.2170,0.0000
1785421705.37,59,drive,0,3.0,15.0,40.733,25.17,249.74,0.0381,0.1510,0.0005,0.1510,0.0005,0.1696,0.0029,0.0191,0.2141,0.0298,0.1823,0.0059,0.2170,0.0000
1785421706.16,59,drive,0,3.5,15.0,40.733,25.17,249.74,0.0415,0.1515,0.0000,0.1486,0.0000,0.1672,0.0020,0.0176,0.2190,0.0283,0.1818,0.0049,0.2170,0.0005
1785421706.94,59,drive,0,4.0,15.0,40.733,25.17,249.74,0.0391,0.1520,0.0000,0.1530,0.0005,0.1681,0.0015,0.0191,0.2126,0.0283,0.1789,0.0034,0.2121,0.0000
1785421707.80,60,base,0,0.0,15.0,40.733,25.16,249.74,0.0406,0.1515,0.0000,0.1515,0.0000,0.1691,0.0020,0.0191,0.2165,0.0283,0.1779,0.0054,0.2155,0.0000
1785421708.59,60,drive,0,0.0,15.0,40.733,25.16,249.74,0.0391,0.1491,0.0000,0.1515,0.0000,0.1696,0.0034,0.0196,0.2141,0.0293,0.1808,0.0044,0.2160,0.0000
1785421709.38,60,drive,0,0.5,15.0,40.733,25.16,249.74,0.0430,0.1525,0.0000,0.1500,0.0015,0.1686,0.0015,0.0191,0.2151,0.0269,0.1823,0.0039,0.2155,0.0000
1785421710.16,60,drive,0,1.0,15.0,40.733,25.16,249.74,0.0386,0.1500,0.0000,0.1530,0.0000,0.1647,0.0015,0.0215,0.2136,0.0293,0.1833,0.0039,0.2170,0.0015
1785421710.95,60,drive,0,1.5,15.0,40.733,25.16,249.74,0.0406,0.1520,0.0000,0.1510,0.0000,0.1662,0.0024,0.0215,0.2180,0.0303,0.1823,0.0044,0.2160,0.0000
1785421711.74,60,drive,0,2.0,15.0,40.733,25.16,249.74,0.0401,0.1496,0.0000,0.1510,0.0000,0.1686,0.0034,0.0181,0.2170,0.0323,0.1804,0.0029,0.2160,0.0005
1785421712.53,60,drive,0,2.5,15.0,40.733,25.16,249.74,0.0411,0.1510,0.0000,0.1520,0.0000,0.1676,0.0029,0.0196,0.2151,0.0279,0.1828,0.0034,0.2160,0.0000
1785421713.32,60,drive,0,3.0,15.0,40.733,25.16,249.74,0.0435,0.1510,0.0000,0.1510,0.0000,0.1681,0.0024,0.0200,0.2185,0.0308,0.1789,0.0044,0.2155,0.0005
1785421714.10,60,drive,0,3.5,15.0,40.733,25.16,249.74,0.0415,0.1505,0.0000,0.1510,0.0000,0.1657,0.0015,0.0152,0.2136,0.0293,0.1823,0.0020,0.2165,0.0000
1785421714.89,60,drive,0,4.0,15.0,40.733,25.16,249.74,0.0420,0.1505,0.0005,0.1510,0.0000,0.1652,0.0020,0.0210,0.2141,0.0288,0.1813,0.0044,0.2151,0.0000
1785421715.76,61,base,0,0.0,15.0,40.773,25.16,249.74,0.0401,0.1486,0.0000,0.1500,0.0005,0.1681,0.0020,0.0196,0.2155,0.0303,0.1808,0.0020,0.2141,0.0000
1785421716.55,61,drive,0,0.0,15.0,40.773,25.16,249.74,0.0406,0.1496,0.0000,0.1476,0.0000,0.1681,0.0029,0.0186,0.2165,0.0283,0.1823,0.0029,0.2160,0.0000
1785421717.34,61,drive,0,0.5,15.0,40.773,25.16,249.74,0.0327,0.1593,0.0068,0.1520,0.0142,0.1755,0.0132,0.0239,0.2204,0.0293,0.1823,0.0127,0.2199,0.0049
1785421718.13,61,drive,0,1.0,15.0,40.773,25.16,249.74,0.0435,0.1520,0.0093,0.1452,0.0073,0.1867,0.0088,0.0396,0.2107,0.0450,0.1794,0.0132,0.2273,0.0064
1785421718.92,61,drive,0,1.5,15.0,40.773,25.16,249.74,0.0401,0.1403,0.0044,0.1530,0.0288,0.1691,0.0024,0.0293,0.2190,0.0298,0.1867,0.0039,0.2204,0.0068
1785421719.70,61,drive,0,2.0,15.0,40.773,25.16,249.74,0.0381,0.1471,0.0024,0.1530,0.0108,0.1676,0.0024,0.0166,0.2131,0.0288,0.1813,0.0029,0.2151,0.0005
1785421720.49,61,drive,0,2.5,15.0,40.773,25.16,249.74,0.0406,0.1486,0.0029,0.1486,0.0039,0.1760,0.0054,0.0186,0.2028,0.0313,0.1823,0.0112,0.2155,0.0015
1785421721.28,61,drive,0,3.0,15.0,40.773,25.16,249.74,0.0357,0.1486,0.0049,0.1510,0.0015,0.1672,0.0078,0.0230,0.2151,0.0254,0.1813,0.0098,0.2160,0.0039
1785421722.07,61,drive,0,3.5,15.0,40.773,25.16,249.74,0.0411,0.1520,0.0103,0.1554,0.0010,0.1701,0.0073,0.0191,0.2087,0.0298,0.1813,0.0059,0.2195,0.0039
1785421722.86,61,drive,0,4.0,15.0,40.773,25.16,249.74,0.0455,0.1540,0.0020,0.1496,0.0049,0.1696,0.0039,0.0171,0.2151,0.0259,0.1813,0.0093,0.2263,0.0015
1785421723.71,62,base,0,0.0,15.0,40.713,25.16,249.74,0.0450,0.1505,0.0049,0.1496,0.0020,0.1598,0.0044,0.0142,0.2155,0.0283,0.1862,0.0122,0.2175,0.0039
1785421724.50,62,drive,0,0.0,15.0,40.713,25.16,249.74,0.0440,0.1500,0.0024,0.1554,0.0068,0.1652,0.0073,0.0200,0.2180,0.0225,0.1804,0.0039,0.2136,0.0020
1785421725.29,62,drive,0,0.5,15.0,40.713,25.16,249.74,0.0381,0.1535,0.0044,0.1564,0.0078,0.1642,0.0103,0.0181,0.2180,0.0249,0.1813,0.0059,0.2180,0.0020
1785421726.08,62,drive,0,1.0,15.0,40.713,25.16,249.74,0.0391,0.1500,0.0015,0.1486,0.0073,0.1657,0.0034,0.0225,0.2146,0.0352,0.1823,0.0088,0.2195,0.0015
1785421726.87,62,drive,0,1.5,15.0,40.713,25.16,249.74,0.0396,0.1505,0.0064,0.1515,0.0020,0.1642,0.0059,0.0181,0.2136,0.0283,0.1833,0.0064,0.2195,0.0088
1785421727.67,62,drive,0,2.0,15.0,40.713,25.16,249.74,0.0435,0.1530,0.0024,0.1554,0.0054,0.1647,0.0059,0.0147,0.2151,0.0313,0.1794,0.0078,0.2131,0.0015
1785421728.46,62,drive,0,2.5,15.0,40.713,25.16,249.74,0.0455,0.1422,0.0029,0.1535,0.0015,0.1676,0.0078,0.0220,0.2180,0.0254,0.1887,0.0098,0.2199,0.0024
1785421729.25,62,drive,0,3.0,15.0,40.713,25.16,249.74,0.0386,0.1554,0.0020,0.1554,0.0020,0.1676,0.0034,0.0235,0.2116,0.0298,0.1833,0.0078,0.2204,0.0020
1785421730.05,62,drive,0,3.5,15.0,40.713,25.16,249.74,0.0396,0.1510,0.0000,0.1530,0.0000,0.1730,0.0088,0.0230,0.2146,0.0269,0.1789,0.0117,0.2170,0.0005
1785421730.84,62,drive,0,4.0,15.0,40.713,25.16,249.74,0.0425,0.1554,0.0049,0.1515,0.0005,0.1701,0.0054,0.0171,0.2160,0.0279,0.1882,0.0059,0.2214,0.0059
1785421731.70,63,base,0,0.0,15.0,40.713,25.16,249.74,0.0425,0.1476,0.0000,0.1452,0.0039,0.1632,0.0073,0.0191,0.2199,0.0318,0.1813,0.0137,0.2155,0.0044
1785421732.49,63,drive,0,0.0,15.0,40.713,25.16,249.74,0.0381,0.1457,0.0088,0.1510,0.0034,0.1740,0.0078,0.0210,0.2151,0.0327,0.1823,0.0039,0.2141,0.0083
1785421733.27,63,drive,0,0.5,15.0,40.713,25.16,249.74,0.0450,0.1476,0.0083,0.1530,0.0024,0.1706,0.0088,0.0230,0.2131,0.0279,0.1843,0.0034,0.2185,0.0029
1785421734.06,63,drive,0,1.0,15.0,40.713,25.16,249.74,0.0381,0.1452,0.0015,0.1530,0.0088,0.1667,0.0122,0.0176,0.2146,0.0196,0.1789,0.0088,0.2107,0.0029
1785421734.85,63,drive,0,1.5,15.0,40.713,25.16,249.74,0.0445,0.1574,0.0010,0.1530,0.0083,0.1559,0.0093,0.0152,0.2121,0.0132,0.1730,0.0103,0.2146,0.0029
1785421735.64,63,drive,0,2.0,15.0,40.713,25.16,249.74,0.0415,0.1447,0.0029,0.1378,0.0112,0.1525,0.0142,0.0186,0.2146,0.0479,0.1369,0.0059,0.2082,0.0020
1785421736.43,63,drive,0,2.5,15.0,40.713,25.16,249.74,0.0474,0.1584,0.0039,0.1183,0.0068,0.1373,0.0132,0.0244,0.2121,0.1056,0.0943,0.0024,0.2072,0.0054
1785421737.21,63,drive,0,3.0,15.0,40.713,25.16,249.74,0.0455,0.1500,0.0005,0.1261,0.0024,0.1476,0.0034,0.0235,0.2170,0.1178,0.1305,0.0029,0.2248,0.0015
1785421737.99,63,drive,0,3.5,15.0,40.713,25.16,249.74,0.0445,0.1457,0.0020,0.1413,0.0059,0.1696,0.0005,0.0235,0.2107,0.0591,0.1784,0.0068,0.2204,0.0024
1785421738.78,63,drive,0,4.0,15.0,40.713,25.16,249.74,0.0445,0.1569,0.0029,0.1442,0.0098,0.1579,0.0205,0.0220,0.2111,0.0288,0.1711,0.0049,0.2097,0.0034
1785421739.64,64,base,0,0.0,15.0,40.793,25.16,249.74,0.0435,0.1544,0.0112,0.1530,0.0010,0.1755,0.0083,0.0205,0.2067,0.0298,0.1804,0.0200,0.2160,0.0024
1785421740.43,64,drive,0,0.0,15.0,40.793,25.16,249.74,0.0435,0.1549,0.0010,0.1535,0.0039,0.1681,0.0200,0.0156,0.2190,0.0337,0.1813,0.0059,0.2175,0.0000
1785421741.22,64,drive,0,0.5,15.0,40.793,25.16,249.74,0.0455,0.1525,0.0117,0.1481,0.0005,0.1657,0.0054,0.0176,0.2116,0.0279,0.1857,0.0205,0.2185,0.0039
1785421742.01,64,drive,0,1.0,15.0,40.793,25.16,249.74,0.0435,0.1544,0.0000,0.1476,0.0005,0.1637,0.0054,0.0156,0.2116,0.0186,0.2014,0.0024,0.2155,0.0000
1785421742.80,64,drive,0,1.5,15.0,40.793,25.16,249.74,0.0415,0.1515,0.0000,0.1500,0.0005,0.1525,0.0054,0.0186,0.2097,0.0064,0.2165,0.0015,0.2190,0.0005
1785421743.59,64,drive,0,2.0,15.0,40.793,25.16,249.74,0.0425,0.1457,0.0005,0.1564,0.0024,0.1349,0.0034,0.0362,0.2107,0.0049,0.2253,0.0029,0.2185,0.0005
1785421744.38,64,drive,0,2.5,15.0,40.793,25.16,249.74,0.0445,0.1466,0.0000,0.1676,0.0020,0.1295,0.0020,0.0670,0.2165,0.0244,0.2199,0.0034,0.2155,0.0005
1785421745.16,64,drive,0,3.0,15.0,40.793,25.16,249.74,0.0464,0.1461,0.0000,0.1755,0.0034,0.1559,0.0015,0.0836,0.2283,0.0670,0.1774,0.0049,0.2146,0.0000
1785421745.96,64,drive,0,3.5,15.0,40.793,25.16,249.74,0.0435,0.1510,0.0024,0.1706,0.0034,0.1735,0.0024,0.0601,0.2273,0.0943,0.0992,0.0059,0.2165,0.0000
1785421746.74,64,drive,0,4.0,15.0,40.793,25.16,249.74,0.0440,0.1510,0.0000,0.1530,0.0029,0.1701,0.0039,0.0191,0.2151,0.0435,0.1637,0.0044,0.2155,0.0005
1785421747.60,65,base,0,0.0,15.0,40.713,25.16,249.74,0.0435,0.1535,0.0000,0.1540,0.0015,0.1676,0.0029,0.0176,0.2136,0.0298,0.1804,0.0034,0.2146,0.0000
1785421748.39,65,drive,0,0.0,15.0,40.713,25.16,249.74,0.0411,0.1530,0.0010,0.1510,0.0010,0.1662,0.0034,0.0181,0.2146,0.0293,0.1828,0.0029,0.2146,0.0005
1785421749.18,65,drive,0,0.5,15.0,40.713,25.16,249.74,0.0411,0.1500,0.0000,0.1540,0.0000,0.1716,0.0039,0.0166,0.2175,0.0352,0.1769,0.0034,0.2170,0.0005
1785421749.97,65,drive,0,1.0,15.0,40.713,25.16,249.74,0.0406,0.1500,0.0010,0.1530,0.0005,0.1784,0.0024,0.0200,0.2185,0.0552,0.1613,0.0024,0.2165,0.0000
1785421750.76,65,drive,0,1.5,15.0,40.713,25.16,249.74,0.0445,0.1535,0.0000,0.1549,0.0020,0.1852,0.0112,0.0205,0.2224,0.1061,0.1422,0.0024,0.2190,0.0000
1785421751.55,65,drive,0,2.0,15.0,40.713,25.16,249.74,0.0430,0.1618,0.0000,0.1530,0.0024,0.1950,0.0269,0.0127,0.2214,0.1764,0.1540,0.0039,0.2170,0.0005
1785421752.34,65,drive,0,2.5,15.0,40.713,25.16,249.74,0.0445,0.1618,0.0000,0.1403,0.0044,0.1960,0.0508,0.0010,0.2111,0.2131,0.1955,0.0034,0.2116,0.0000
1785421753.13,65,drive,0,3.0,15.0,40.713,25.16,249.74,0.0440,0.1593,0.0005,0.1266,0.0020,0.1848,0.0562,0.0005,0.1921,0.2058,0.2283,0.0024,0.2102,0.0020
1785421753.92,65,drive,0,3.5,15.0,40.713,25.16,249.74,0.0430,0.1559,0.0005,0.1310,0.0005,0.1603,0.0303,0.0024,0.1901,0.1100,0.2307,0.0024,0.2136,0.0000
1785421754.71,65,drive,0,4.0,15.0,40.713,25.16,249.74,0.0479,0.1520,0.0005,0.1486,0.0000,0.1608,0.0059,0.0152,0.2053,0.0225,0.1921,0.0039,0.2146,0.0005
1785421755.58,66,base,0,0.0,15.0,40.793,25.16,249.74,0.0401,0.1500,0.0000,0.1525,0.0005,0.1686,0.0010,0.0200,0.2141,0.0303,0.1779,0.0034,0.2165,0.0000
1785421756.36,66,drive,0,0.0,15.0,40.793,25.16,249.74,0.0396,0.1481,0.0000,0.1544,0.0000,0.1681,0.0010,0.0186,0.2136,0.0308,0.1804,0.0044,0.2165,0.0000
1785421757.15,66,drive,0,0.5,15.0,40.793,25.16,249.74,0.0406,0.1525,0.0000,0.1525,0.0000,0.1672,0.0010,0.0176,0.2175,0.0308,0.1813,0.0015,0.2146,0.0000
1785421757.95,66,drive,0,1.0,15.0,40.793,25.16,249.74,0.0420,0.1544,0.0000,0.1496,0.0000,0.1686,0.0054,0.0161,0.2141,0.0347,0.1848,0.0049,0.2141,0.0000
1785421758.73,66,drive,0,1.5,15.0,40.793,25.16,249.74,0.0396,0.1559,0.0000,0.1500,0.0005,0.1696,0.0039,0.0147,0.2126,0.0308,0.1857,0.0044,0.2151,0.0005
1785421759.53,66,drive,0,2.0,15.0,40.793,25.16,249.74,0.0430,0.1535,0.0000,0.1505,0.0000,0.1642,0.0034,0.0156,0.2121,0.0239,0.1896,0.0044,0.2165,0.0000
1785421760.31,66,drive,0,2.5,15.0,40.793,25.16,249.74,0.0440,0.1530,0.0010,0.1544,0.0015,0.1642,0.0020,0.0191,0.2107,0.0166,0.1911,0.0015,0.2151,0.0000
1785421761.10,66,drive,0,3.0,15.0,40.793,25.16,249.74,0.0459,0.1564,0.0000,0.1544,0.0005,0.1628,0.0015,0.0210,0.2126,0.0137,0.1828,0.0020,0.2151,0.0000
1785421761.89,66,drive,0,3.5,15.0,40.793,25.16,249.74,0.0450,0.1505,0.0005,0.1544,0.0000,0.1652,0.0024,0.0225,0.2131,0.0254,0.1755,0.0034,0.2141,0.0000
1785421762.68,66,drive,0,4.0,15.0,40.793,25.16,249.74,0.0464,0.1535,0.0000,0.1520,0.0015,0.1657,0.0039,0.0191,0.2126,0.0313,0.1789,0.0034,0.2136,0.0005
1785421763.55,67,base,0,0.0,15.0,40.813,25.16,249.74,0.0391,0.1530,0.0000,0.1554,0.0000,0.1672,0.0015,0.0176,0.2141,0.0283,0.1774,0.0015,0.2170,0.0000
1785421764.33,67,drive,0,0.0,15.0,40.813,25.16,249.74,0.0420,0.1530,0.0000,0.1510,0.0000,0.1701,0.0029,0.0166,0.2146,0.0308,0.1794,0.0044,0.2151,0.0000
1785421765.12,67,drive,0,0.5,15.0,40.813,25.16,249.74,0.0420,0.1554,0.0010,0.1525,0.0000,0.1667,0.0029,0.0171,0.2141,0.0283,0.1823,0.0039,0.2151,0.0000
1785421765.92,67,drive,0,1.0,15.0,40.813,25.16,249.74,0.0415,0.1535,0.0000,0.1515,0.0000,0.1711,0.0034,0.0166,0.2170,0.0362,0.1784,0.0020,0.2151,0.0000
1785421766.71,67,drive,0,1.5,15.0,40.813,25.16,249.74,0.0420,0.1525,0.0000,0.1525,0.0000,0.1672,0.0044,0.0156,0.2141,0.0381,0.1833,0.0044,0.2160,0.0000
1785421767.49,67,drive,0,2.0,15.0,40.813,25.16,249.74,0.0450,0.1574,0.0000,0.1525,0.0015,0.1686,0.0049,0.0142,0.2077,0.0376,0.1887,0.0064,0.2160,0.0000
1785421768.28,67,drive,0,2.5,15.0,40.813,25.16,249.74,0.0435,0.1505,0.0000,0.1530,0.0005,0.1667,0.0044,0.0147,0.2126,0.0308,0.1955,0.0034,0.2151,0.0005
1785421769.06,67,drive,0,3.0,15.0,40.813,25.16,249.74,0.0455,0.1510,0.0005,0.1530,0.0005,0.1623,0.0039,0.0176,0.2087,0.0239,0.1921,0.0054,0.2165,0.0000
1785421769.85,67,drive,0,3.5,15.0,40.813,25.16,249.74,0.0435,0.1544,0.0015,0.1510,0.0000,0.1637,0.0029,0.0166,0.2136,0.0244,0.1857,0.0039,0.2165,0.0010
1785421770.63,67,drive,0,4.0,15.0,40.813,25.16,249.74,0.0455,0.1515,0.0010,0.1481,0.0010,0.1672,0.0020,0.0186,0.2107,0.0264,0.1838,0.0034,0.2136,0.0000
1785421771.49,68,base,0,0.0,15.0,40.713,25.16,249.74,0.0396,0.1525,0.0005,0.1554,0.0000,0.1657,0.0020,0.0171,0.2155,0.0308,0.1779,0.0015,0.2175,0.0000
1785421772.29,68,drive,0,0.0,15.0,40.713,25.16,249.74,0.0411,0.1505,0.0000,0.1505,0.0005,0.1686,0.0020,0.0196,0.2165,0.0298,0.1730,0.0024,0.2165,0.0000
1785421773.07,68,drive,0,0.5,15.0,40.713,25.16,249.74,0.0386,0.1530,0.0000,0.1540,0.0000,0.1691,0.0039,0.0181,0.2155,0.0308,0.1794,0.0049,0.2155,0.0000
1785421773.85,68,drive,0,1.0,15.0,40.713,25.16,249.74,0.0401,0.1515,0.0010,0.1525,0.0005,0.1706,0.0044,0.0152,0.2151,0.0283,0.1818,0.0064,0.2165,0.0000
1785421774.64,68,drive,0,1.5,15.0,40.713,25.16,249.74,0.0415,0.1505,0.0000,0.1520,0.0005,0.1691,0.0024,0.0166,0.2136,0.0249,0.1808,0.0044,0.2155,0.0000
1785421775.44,68,drive,0,2.0,15.0,40.713,25.16,249.74,0.0396,0.1515,0.0005,0.1471,0.0000,0.1696,0.0015,0.0210,0.2141,0.0235,0.1799,0.0059,0.2180,0.0000
1785421776.23,68,drive,0,2.5,15.0,40.713,25.16,249.74,0.0401,0.1510,0.0000,0.1417,0.0005,0.1706,0.0029,0.0210,0.2160,0.0225,0.1735,0.0059,0.2131,0.0000
1785421777.02,68,drive,0,3.0,15.0,40.713,25.16,249.74,0.0479,0.1535,0.0000,0.1417,0.0005,0.1706,0.0034,0.0225,0.2141,0.0283,0.1720,0.0039,0.2126,0.0000
1785421777.80,68,drive,0,3.5,15.0,40.713,25.16,249.74,0.0435,0.1549,0.0000,0.1481,0.0000,0.1681,0.0064,0.0176,0.2131,0.0332,0.1750,0.0034,0.2151,0.0000
1785421778.59,68,drive,0,4.0,15.0,40.713,25.16,249.74,0.0440,0.1540,0.0000,0.1471,0.0005,0.1667,0.0039,0.0171,0.2136,0.0323,0.1828,0.0034,0.2165,0.0005
1785421779.46,69,base,0,0.0,15.0,40.713,25.16,249.75,0.0406,0.1520,0.0000,0.1520,0.0000,0.1662,0.0029,0.0181,0.2136,0.0288,0.1804,0.0054,0.2136,0.0000
1785421780.25,69,drive,0,0.0,15.0,40.713,25.16,249.75,0.0406,0.1510,0.0000,0.1510,0.0000,0.1706,0.0029,0.0171,0.2141,0.0327,0.1779,0.0044,0.2155,0.0000
1785421781.04,69,drive,0,0.5,15.0,40.713,25.16,249.75,0.0435,0.1525,0.0000,0.1540,0.0010,0.1667,0.0015,0.0191,0.2160,0.0313,0.1789,0.0034,0.2160,0.0000
1785421781.83,69,drive,0,1.0,15.0,40.713,25.16,249.75,0.0435,0.1505,0.0005,0.1505,0.0000,0.1686,0.0024,0.0171,0.2146,0.0274,0.1838,0.0044,0.2160,0.0005
1785421782.62,69,drive,0,1.5,15.0,40.713,25.16,249.75,0.0420,0.1535,0.0005,0.1486,0.0005,0.1676,0.0029,0.0196,0.2136,0.0274,0.1799,0.0029,0.2165,0.0000
1785421783.41,69,drive,0,2.0,15.0,40.713,25.16,249.75,0.0450,0.1544,0.0000,0.1496,0.0020,0.1696,0.0029,0.0196,0.2151,0.0205,0.1784,0.0073,0.2180,0.0005
1785421784.20,69,drive,0,2.5,15.0,40.713,25.16,249.75,0.0415,0.1520,0.0000,0.1417,0.0000,0.1730,0.0020,0.0181,0.2160,0.0259,0.1730,0.0049,0.2116,0.0000
1785421784.99,69,drive,0,3.0,15.0,40.713,25.16,249.75,0.0459,0.1525,0.0000,0.1442,0.0000,0.1716,0.0034,0.0210,0.2155,0.0298,0.1735,0.0049,0.2155,0.0000
1785421785.77,69,drive,0,3.5,15.0,40.713,25.16,249.75,0.0445,0.1540,0.0000,0.1510,0.0010,0.1686,0.0049,0.0181,0.2131,0.0352,0.1774,0.0049,0.2126,0.0005
1785421786.56,69,drive,0,4.0,15.0,40.713,25.16,249.75,0.0455,0.1544,0.0000,0.1486,0.0000,0.1623,0.0029,0.0196,0.2097,0.0308,0.1843,0.0029,0.2136,0.0010
1785421787.43,70,base,0,0.0,15.0,40.753,25.16,249.75,0.0376,0.1530,0.0000,0.1535,0.0000,0.1701,0.0029,0.0176,0.2131,0.0293,0.1784,0.0020,0.2165,0.0000
1785421788.23,70,drive,0,0.0,15.0,40.753,25.16,249.75,0.0371,0.1505,0.0000,0.1525,0.0000,0.1696,0.0034,0.0186,0.2136,0.0337,0.1784,0.0024,0.2170,0.0000
1785421789.02,70,drive,0,0.5,15.0,40.753,25.16,249.75,0.0381,0.1496,0.0000,0.1530,0.0000,0.1662,0.0029,0.0161,0.2121,0.0327,0.1804,0.0034,0.2180,0.0005
1785421789.81,70,drive,0,1.0,15.0,40.753,25.16,249.75,0.0411,0.1520,0.0000,0.1540,0.0020,0.1667,0.0020,0.0186,0.2151,0.0293,0.1774,0.0039,0.2155,0.0005
1785421790.60,70,drive,0,1.5,15.0,40.753,25.16,249.75,0.0445,0.1535,0.0000,0.1510,0.0005,0.1676,0.0034,0.0176,0.2131,0.0327,0.1755,0.0024,0.2151,0.0000
1785421791.39,70,drive,0,2.0,15.0,40.753,25.16,249.75,0.0411,0.1505,0.0000,0.1500,0.0000,0.1637,0.0010,0.0196,0.2121,0.0381,0.1701,0.0034,0.2141,0.0000
1785421792.19,70,drive,0,2.5,15.0,40.753,25.16,249.75,0.0415,0.1540,0.0000,0.1476,0.0005,0.1608,0.0020,0.0196,0.2155,0.0435,0.1681,0.0049,0.2146,0.0005
1785421792.98,70,drive,0,3.0,15.0,40.753,25.16,249.75,0.0411,0.1544,0.0005,0.1417,0.0015,0.1623,0.0000,0.0181,0.2126,0.0528,0.1725,0.0049,0.2165,0.0005
1785421793.76,70,drive,0,3.5,15.0,40.753,25.16,249.75,0.0469,0.1530,0.0000,0.1471,0.0000,0.1672,0.0020,0.0171,0.2151,0.0464,0.1857,0.0064,0.2180,0.0005
1785421794.56,70,drive,0,4.0,15.0,40.753,25.16,249.75,0.0425,0.1496,0.0000,0.1500,0.0000,0.1652,0.0015,0.0186,0.2141,0.0279,0.1891,0.0034,0.2151,0.0005
1785421795.43,71,base,0,0.0,15.0,40.713,25.16,249.75,0.0425,0.1510,0.0005,0.1535,0.0000,0.1691,0.0024,0.0161,0.2141,0.0318,0.1813,0.0039,0.2131,0.0000
1785421796.21,71,drive,0,0.0,15.0,40.713,25.16,249.75,0.0420,0.1540,0.0005,0.1525,0.0005,0.1691,0.0029,0.0166,0.2151,0.0318,0.1789,0.0020,0.2160,0.0000
1785421797.00,71,drive,0,0.5,15.0,40.713,25.16,249.75,0.0406,0.1535,0.0000,0.1544,0.0000,0.1672,0.0059,0.0176,0.2155,0.0298,0.1804,0.0034,0.2136,0.0000
1785421797.80,71,drive,0,1.0,15.0,40.713,25.16,249.75,0.0430,0.1540,0.0000,0.1535,0.0000,0.1662,0.0029,0.0186,0.2155,0.0283,0.1808,0.0024,0.2151,0.0000
1785421798.58,71,drive,0,1.5,15.0,40.713,25.16,249.75,0.0435,0.1544,0.0005,0.1535,0.0000,0.1672,0.0049,0.0181,0.2126,0.0274,0.1769,0.0034,0.2155,0.0000
1785421799.36,71,drive,0,2.0,15.0,40.713,25.16,249.75,0.0430,0.1530,0.0005,0.1510,0.0000,0.1632,0.0039,0.0191,0.2131,0.0318,0.1696,0.0015,0.2165,0.0000
1785421800.15,71,drive,0,2.5,15.0,40.713,25.16,249.75,0.0440,0.1535,0.0000,0.1452,0.0020,0.1637,0.0039,0.0176,0.2141,0.0367,0.1681,0.0034,0.2126,0.0000
1785421800.94,71,drive,0,3.0,15.0,40.713,25.16,249.75,0.0445,0.1525,0.0005,0.1432,0.0010,0.1584,0.0015,0.0200,0.2116,0.0499,0.1676,0.0010,0.2131,0.0005
1785421801.73,71,drive,0,3.5,15.0,40.713,25.16,249.75,0.0435,0.1500,0.0005,0.1432,0.0000,0.1642,0.0015,0.0147,0.2141,0.0455,0.1813,0.0044,0.2146,0.0000
1785421802.52,71,drive,0,4.0,15.0,40.713,25.16,249.75,0.0459,0.1510,0.0000,0.1486,0.0005,0.1647,0.0015,0.0191,0.2170,0.0327,0.1872,0.0015,0.2136,0.0000
1785421803.39,72,base,0,0.0,15.0,40.693,25.16,249.75,0.0415,0.1530,0.0000,0.1520,0.0010,0.1681,0.0039,0.0181,0.2141,0.0298,0.1784,0.0049,0.2126,0.0000
1785421804.18,72,drive,0,0.0,15.0,40.693,25.16,249.75,0.0406,0.1476,0.0005,0.1559,0.0005,0.1676,0.0039,0.0196,0.2131,0.0323,0.1784,0.0044,0.2155,0.0000
1785421804.97,72,drive,0,0.5,15.0,40.693,25.16,249.75,0.0391,0.1500,0.0005,0.1564,0.0000,0.1691,0.0039,0.0176,0.2165,0.0313,0.1794,0.0029,0.2160,0.0000
1785421805.75,72,drive,0,1.0,15.0,40.693,25.16,249.75,0.0401,0.1530,0.0000,0.1540,0.0000,0.1696,0.0039,0.0171,0.2151,0.0303,0.1794,0.0044,0.2155,0.0000
1785421806.54,72,drive,0,1.5,15.0,40.693,25.16,249.75,0.0411,0.1471,0.0000,0.1510,0.0000,0.1672,0.0054,0.0166,0.2136,0.0298,0.1828,0.0024,0.2165,0.0000
1785421807.33,72,drive,0,2.0,15.0,40.693,25.16,249.75,0.0411,0.1510,0.0000,0.1530,0.0000,0.1696,0.0029,0.0161,0.2126,0.0332,0.1789,0.0049,0.2170,0.0000
1785421808.12,72,drive,0,2.5,15.0,40.693,25.16,249.75,0.0440,0.1515,0.0000,0.1530,0.0005,0.1686,0.0015,0.0176,0.2151,0.0323,0.1813,0.0044,0.2136,0.0005
1785421808.91,72,drive,0,3.0,15.0,40.693,25.16,249.75,0.0415,0.1535,0.0000,0.1525,0.0000,0.1686,0.0020,0.0161,0.2146,0.0313,0.1813,0.0020,0.2155,0.0000
1785421809.69,72,drive,0,3.5,15.0,40.693,25.16,249.75,0.0406,0.1535,0.0000,0.1530,0.0005,0.1706,0.0020,0.0166,0.2165,0.0327,0.1799,0.0010,0.2146,0.0000
1785421810.49,72,drive,0,4.0,15.0,40.693,25.16,249.75,0.0415,0.1398,0.0059,0.1623,0.0073,0.1672,0.0186,0.0244,0.2067,0.0357,0.1833,0.0166,0.2151,0.0132
1785421811.36,73,base,0,0.0,15.0,40.753,25.16,249.75,0.0401,0.1481,0.0000,0.1447,0.0010,0.1701,0.0186,0.0176,0.2180,0.0352,0.1823,0.0142,0.2155,0.0005
1785421812.15,73,drive,0,0.0,15.0,40.753,25.16,249.75,0.0396,0.1588,0.0010,0.1471,0.0064,0.1667,0.0142,0.0132,0.2136,0.0381,0.1838,0.0093,0.2043,0.0015
1785421812.95,73,drive,0,0.5,15.0,40.753,25.16,249.75,0.0381,0.1554,0.0039,0.1457,0.0166,0.1706,0.0200,0.0303,0.2170,0.0288,0.1681,0.0068,0.2043,0.0029
1785421813.73,73,drive,0,1.0,15.0,40.753,25.16,249.75,0.0420,0.1510,0.0088,0.1544,0.0098,0.1696,0.0044,0.0161,0.2116,0.0274,0.1813,0.0127,0.2087,0.0078
1785421814.52,73,drive,0,1.5,15.0,40.753,25.16,249.75,0.0386,0.1584,0.0034,0.1540,0.0044,0.1691,0.0083,0.0196,0.2170,0.0352,0.1804,0.0117,0.2160,0.0044
1785421815.30,73,drive,0,2.0,15.0,40.753,25.16,249.75,0.0445,0.1486,0.0064,0.1559,0.0073,0.1667,0.0078,0.0249,0.2195,0.0303,0.1764,0.0103,0.2087,0.0088
1785421816.09,73,drive,0,2.5,15.0,40.753,25.16,249.75,0.0411,0.1569,0.0127,0.1544,0.0044,0.1662,0.0073,0.0235,0.2111,0.0327,0.1701,0.0127,0.2224,0.0078
1785421816.88,73,drive,0,3.0,15.0,40.753,25.16,249.75,0.0430,0.1471,0.0068,0.1520,0.0088,0.1686,0.0054,0.0269,0.2151,0.0308,0.1764,0.0142,0.2165,0.0103
1785421817.67,73,drive,0,3.5,15.0,40.753,25.16,249.75,0.0450,0.1584,0.0078,0.1432,0.0034,0.1691,0.0098,0.0186,0.2209,0.0352,0.1760,0.0132,0.2204,0.0044
1785421818.46,73,drive,0,4.0,15.0,40.753,25.16,249.75,0.0435,0.1481,0.0073,0.1540,0.0059,0.1642,0.0093,0.0161,0.2092,0.0371,0.1852,0.0054,0.2180,0.0098
1785421819.33,74,base,0,0.0,15.0,40.693,25.16,249.75,0.0435,0.1500,0.0073,0.1481,0.0034,0.1706,0.0064,0.0230,0.2146,0.0323,0.1833,0.0152,0.2170,0.0064
1785421820.12,74,drive,0,0.0,15.0,40.693,25.16,249.75,0.0430,0.1540,0.0064,0.1544,0.0039,0.1613,0.0176,0.0200,0.2180,0.0235,0.1823,0.0147,0.2146,0.0020
1785421820.91,74,drive,0,0.5,15.0,40.693,25.16,249.75,0.0342,0.1496,0.0049,0.1535,0.0142,0.1652,0.0166,0.0205,0.2165,0.0323,0.1750,0.0044,0.2190,0.0029
1785421821.70,74,drive,0,1.0,15.0,40.693,25.16,249.75,0.0503,0.1496,0.0078,0.1574,0.0029,0.1672,0.0103,0.0210,0.2111,0.0274,0.1784,0.0068,0.2175,0.0103
1785421822.49,74,drive,0,1.5,15.0,40.693,25.16,249.75,0.0430,0.1520,0.0059,0.1530,0.0044,0.1628,0.0112,0.0191,0.2190,0.0254,0.1838,0.0083,0.2209,0.0059
1785421823.28,74,drive,0,2.0,15.0,40.693,25.16,249.75,0.0386,0.1544,0.0068,0.1559,0.0054,0.1632,0.0049,0.0166,0.2204,0.0323,0.1838,0.0083,0.2312,0.0068
1785421824.07,74,drive,0,2.5,15.0,40.693,25.16,249.75,0.0474,0.1515,0.0029,0.1496,0.0142,0.1701,0.0073,0.0186,0.2121,0.0352,0.1779,0.0073,0.2185,0.0015
1785421824.85,74,drive,0,3.0,15.0,40.693,25.16,249.75,0.0450,0.1491,0.0015,0.1491,0.0073,0.1706,0.0064,0.0235,0.2165,0.0347,0.1769,0.0093,0.2151,0.0020
1785421825.64,74,drive,0,3.5,15.0,40.693,25.16,249.75,0.0362,0.1510,0.0005,0.1740,0.0000,0.1720,0.0083,0.0171,0.2160,0.0303,0.1823,0.0054,0.2219,0.0005
1785421826.43,74,drive,0,4.0,15.0,40.693,25.16,249.75,0.0469,0.1510,0.0093,0.1525,0.0010,0.1603,0.0015,0.0254,0.2151,0.0298,0.1794,0.0073,0.2170,0.0073
1785421827.28,75,base,0,0.0,15.0,40.753,25.16,249.76,0.0401,0.1535,0.0093,0.1540,0.0176,0.1647,0.0034,0.0318,0.2160,0.0308,0.1769,0.0098,0.2180,0.0103
1785421828.07,75,drive,0,0.0,15.0,40.753,25.16,249.76,0.0362,0.1525,0.0191,0.1530,0.0020,0.1652,0.0054,0.0142,0.2170,0.0264,0.1862,0.0122,0.2146,0.0225
1785421828.86,75,drive,0,0.5,15.0,40.753,25.16,249.76,0.0411,0.1520,0.0000,0.1530,0.0005,0.1662,0.0020,0.0191,0.2170,0.0298,0.1808,0.0039,0.2155,0.0010
1785421829.65,75,drive,0,1.0,15.0,40.753,25.16,249.76,0.0396,0.1530,0.0000,0.1530,0.0015,0.1672,0.0020,0.0171,0.2160,0.0303,0.1823,0.0034,0.2175,0.0000
1785421830.44,75,drive,0,1.5,15.0,40.753,25.16,249.76,0.0415,0.1549,0.0005,0.1520,0.0000,0.1696,0.0029,0.0166,0.2116,0.0318,0.1818,0.0015,0.2175,0.0000
1785421831.24,75,drive,0,2.0,15.0,40.753,25.16,249.76,0.0391,0.1500,0.0000,0.1554,0.0000,0.1652,0.0029,0.0191,0.2165,0.0283,0.1808,0.0049,0.2151,0.0000
1785421832.03,75,drive,0,2.5,15.0,40.753,25.16,249.76,0.0376,0.1530,0.0005,0.1505,0.0010,0.1711,0.0024,0.0176,0.2180,0.0298,0.1789,0.0024,0.2195,0.0000
1785421832.82,75,drive,0,3.0,15.0,40.753,25.16,249.76,0.0420,0.1544,0.0010,0.1505,0.0000,0.1716,0.0010,0.0191,0.2151,0.0283,0.1769,0.0029,0.2180,0.0000
1785421833.60,75,drive,0,3.5,15.0,40.753,25.16,249.76,0.0425,0.1510,0.0005,0.1505,0.0005,0.1652,0.0024,0.0166,0.2151,0.0288,0.1808,0.0049,0.2151,0.0000
1785421834.39,75,drive,0,4.0,15.0,40.753,25.16,249.76,0.0401,0.1535,0.0000,0.1500,0.0010,0.1706,0.0034,0.0171,0.2165,0.0323,0.1789,0.0034,0.2175,0.0005
1785421835.26,76,base,0,0.0,15.0,40.753,25.16,249.75,0.0406,0.1500,0.0000,0.1491,0.0000,0.1672,0.0024,0.0171,0.2151,0.0288,0.1838,0.0044,0.2170,0.0000
1785421836.05,76,drive,0,0.0,15.0,40.753,25.16,249.75,0.0425,0.1540,0.0005,0.1510,0.0005,0.1681,0.0020,0.0166,0.2170,0.0298,0.1808,0.0049,0.2165,0.0000
1785421836.84,76,drive,0,0.5,15.0,40.753,25.16,249.75,0.0411,0.1515,0.0000,0.1540,0.0005,0.1686,0.0029,0.0196,0.2160,0.0308,0.1794,0.0024,0.2155,0.0000
1785421837.63,76,drive,0,1.0,15.0,40.753,25.16,249.75,0.0420,0.1530,0.0000,0.1544,0.0005,0.1696,0.0015,0.0147,0.2185,0.0298,0.1808,0.0029,0.2165,0.0000
1785421838.41,76,drive,0,1.5,15.0,40.753,25.16,249.75,0.0401,0.1515,0.0000,0.1500,0.0005,0.1686,0.0024,0.0166,0.2151,0.0298,0.1823,0.0039,0.2195,0.0000
1785421839.20,76,drive,0,2.0,15.0,40.753,25.16,249.75,0.0415,0.1520,0.0000,0.1520,0.0000,0.1681,0.0024,0.0171,0.2160,0.0283,0.1818,0.0049,0.2146,0.0000
1785421839.99,76,drive,0,2.5,15.0,40.753,25.16,249.75,0.0440,0.1530,0.0000,0.1520,0.0005,0.1681,0.0015,0.0171,0.2141,0.0298,0.1799,0.0044,0.2185,0.0000
1785421840.79,76,drive,0,3.0,15.0,40.753,25.16,249.75,0.0367,0.1540,0.0000,0.1540,0.0005,0.1681,0.0024,0.0200,0.2146,0.0293,0.1813,0.0024,0.2190,0.0000
1785421841.57,76,drive,0,3.5,15.0,40.753,25.16,249.75,0.0406,0.1520,0.0000,0.1535,0.0000,0.1701,0.0015,0.0181,0.2180,0.0298,0.1799,0.0034,0.2190,0.0005
1785421842.36,76,drive,0,4.0,15.0,40.753,25.16,249.75,0.0406,0.1525,0.0000,0.1525,0.0000,0.1667,0.0029,0.0156,0.2170,0.0318,0.1804,0.0024,0.2151,0.0000
1785421843.23,77,base,0,0.0,15.0,40.713,25.16,249.76,0.0381,0.1500,0.0015,0.1530,0.0000,0.1667,0.0034,0.0166,0.2165,0.0288,0.1804,0.0044,0.2175,0.0000
1785421844.02,77,drive,0,0.0,15.0,40.713,25.16,249.76,0.0411,0.1491,0.0000,0.1500,0.0005,0.1681,0.0039,0.0186,0.2165,0.0303,0.1828,0.0034,0.2185,0.0010
1785421844.81,77,drive,0,0.5,15.0,40.713,25.16,249.76,0.0386,0.1520,0.0000,0.1525,0.0005,0.1681,0.0024,0.0161,0.2136,0.0313,0.1804,0.0034,0.2170,0.0000
1785421845.60,77,drive,0,1.0,15.0,40.713,25.16,249.76,0.0391,0.1520,0.0000,0.1530,0.0000,0.1676,0.0015,0.0191,0.2155,0.0298,0.1804,0.0039,0.2195,0.0000
1785421846.39,77,drive,0,1.5,15.0,40.713,25.16,249.76,0.0386,0.1500,0.0000,0.1535,0.0000,0.1652,0.0029,0.0205,0.2151,0.0279,0.1813,0.0054,0.2141,0.0010
1785421847.19,77,drive,0,2.0,15.0,40.713,25.16,249.76,0.0420,0.1525,0.0000,0.1505,0.0000,0.1711,0.0005,0.0205,0.2146,0.0303,0.1794,0.0029,0.2155,0.0000
1785421847.98,77,drive,0,2.5,15.0,40.713,25.16,249.76,0.0386,0.1491,0.0000,0.1554,0.0005,0.1647,0.0024,0.0171,0.2170,0.0264,0.1813,0.0015,0.2180,0.0000
1785421848.77,77,drive,0,3.0,15.0,40.713,25.16,249.76,0.0411,0.1515,0.0000,0.1515,0.0000,0.1652,0.0039,0.0171,0.2131,0.0283,0.1813,0.0024,0.2136,0.0000
1785421849.56,77,drive,0,3.5,15.0,40.713,25.16,249.76,0.0420,0.1535,0.0010,0.1535,0.0000,0.1681,0.0015,0.0196,0.2155,0.0279,0.1828,0.0020,0.2160,0.0005
1785421850.35,77,drive,0,4.0,15.0,40.713,25.16,249.76,0.0435,0.1486,0.0000,0.1525,0.0000,0.1676,0.0029,0.0176,0.2190,0.0288,0.1843,0.0015,0.2170,0.0000
1785421851.22,78,base,0,0.0,15.0,40.713,25.16,249.76,0.0415,0.1496,0.0000,0.1540,0.0005,0.1691,0.0039,0.0171,0.2175,0.0313,0.1818,0.0049,0.2180,0.0000
1785421852.01,78,drive,0,0.0,15.0,40.713,25.16,249.76,0.0420,0.1505,0.0000,0.1530,0.0005,0.1676,0.0024,0.0181,0.2165,0.0308,0.1794,0.0044,0.2155,0.0000
1785421852.80,78,drive,0,0.5,15.0,40.713,25.16,249.76,0.0396,0.1481,0.0010,0.1515,0.0010,0.1657,0.0020,0.0196,0.2160,0.0318,0.1804,0.0024,0.2180,0.0005
1785421853.60,78,drive,0,1.0,15.0,40.713,25.16,249.76,0.0396,0.1515,0.0000,0.1530,0.0000,0.1696,0.0020,0.0186,0.2151,0.0318,0.1808,0.0029,0.2155,0.0000
1785421854.39,78,drive,0,1.5,15.0,40.713,25.16,249.76,0.0420,0.1486,0.0000,0.1530,0.0005,0.1672,0.0054,0.0186,0.2146,0.0308,0.1813,0.0029,0.2165,0.0000
1785421855.18,78,drive,0,2.0,15.0,40.713,25.16,249.76,0.0430,0.1505,0.0010,0.1500,0.0005,0.1672,0.0020,0.0186,0.2175,0.0293,0.1823,0.0039,0.2165,0.0000
1785421855.97,78,drive,0,2.5,15.0,40.713,25.16,249.76,0.0381,0.1525,0.0010,0.1525,0.0010,0.1686,0.0029,0.0191,0.2155,0.0303,0.1813,0.0034,0.2175,0.0000
1785421856.76,78,drive,0,3.0,15.0,40.713,25.16,249.76,0.0401,0.1505,0.0010,0.1540,0.0000,0.1667,0.0020,0.0166,0.2180,0.0274,0.1833,0.0049,0.2195,0.0000
1785421857.54,78,drive,0,3.5,15.0,40.713,25.16,249.76,0.0415,0.1496,0.0005,0.1535,0.0000,0.1681,0.0034,0.0186,0.2199,0.0269,0.1808,0.0044,0.2151,0.0000
1785421858.33,78,drive,0,4.0,15.0,40.713,25.16,249.76,0.0386,0.1505,0.0000,0.1500,0.0000,0.1686,0.0024,0.0196,0.2165,0.0283,0.1804,0.0024,0.2165,0.0000
1785421859.20,79,base,0,0.0,15.0,40.693,25.16,249.76,0.0406,0.1496,0.0005,0.1535,0.0005,0.1686,0.0024,0.0171,0.2141,0.0303,0.1848,0.0034,0.2175,0.0000
1785421859.98,79,drive,0,0.0,15.0,40.693,25.16,249.76,0.0450,0.1525,0.0029,0.1574,0.0152,0.1642,0.0112,0.0327,0.2185,0.0259,0.1872,0.0181,0.2082,0.0064
1785421860.77,79,drive,0,0.5,15.0,40.693,25.16,249.76,0.0391,0.1525,0.0078,0.1496,0.0064,0.1716,0.0020,0.0249,0.2155,0.0303,0.1911,0.0049,0.2121,0.0132
1785421861.57,79,drive,0,1.0,15.0,40.693,25.16,249.76,0.0303,0.1569,0.0000,0.1461,0.0005,0.1681,0.0166,0.0171,0.2131,0.0249,0.1818,0.0176,0.2131,0.0005
1785421862.35,79,drive,0,1.5,15.0,40.693,25.16,249.76,0.0445,0.1525,0.0215,0.1471,0.0015,0.1554,0.0039,0.0186,0.2136,0.0298,0.1843,0.0191,0.2214,0.0044
1785421863.14,79,drive,0,2.0,15.0,40.693,25.16,249.76,0.0440,0.1540,0.0005,0.1525,0.0098,0.1676,0.0132,0.0249,0.2160,0.0298,0.1843,0.0147,0.2136,0.0005
1785421863.93,79,drive,0,2.5,15.0,40.693,25.16,249.76,0.0508,0.1559,0.0073,0.1535,0.0073,0.1618,0.0112,0.0200,0.2229,0.0298,0.1867,0.0034,0.2190,0.0044
1785421864.72,79,drive,0,3.0,15.0,40.693,25.16,249.76,0.0445,0.1579,0.0039,0.1535,0.0093,0.1696,0.0098,0.0230,0.2116,0.0269,0.1838,0.0098,0.2126,0.0059
1785421865.51,79,drive,0,3.5,15.0,40.693,25.16,249.76,0.0415,0.1466,0.0059,0.1476,0.0098,0.1642,0.0073,0.0269,0.2072,0.0352,0.1764,0.0093,0.2141,0.0112
1785421866.30,79,drive,0,4.0,15.0,40.693,25.16,249.76,0.0362,0.1554,0.0044,0.1515,0.0064,0.1701,0.0127,0.0244,0.2131,0.0303,0.1764,0.0078,0.2097,0.0049
1785421867.18,80,base,0,0.0,15.0,40.753,25.16,249.76,0.0376,0.1515,0.0068,0.1500,0.0049,0.1711,0.0083,0.0161,0.2239,0.0396,0.1784,0.0122,0.2160,0.0010
1785421867.97,80,drive,0,0.0,15.0,40.753,25.16,249.76,0.0430,0.1452,0.0054,0.1540,0.0093,0.1623,0.0073,0.0239,0.2107,0.0259,0.1789,0.0127,0.2097,0.0078
1785421868.75,80,drive,0,0.5,15.0,40.753,25.16,249.76,0.0381,0.1510,0.0020,0.1505,0.0073,0.1559,0.0156,0.0215,0.2312,0.0269,0.1818,0.0156,0.2126,0.0029
1785421869.54,80,drive,0,1.0,15.0,40.753,25.16,249.76,0.0420,0.1476,0.0059,0.1520,0.0073,0.1579,0.0039,0.0259,0.2170,0.0264,0.1877,0.0122,0.2199,0.0068
1785421870.33,80,drive,0,1.5,15.0,40.753,25.16,249.76,0.0411,0.1432,0.0049,0.1500,0.0098,0.1618,0.0122,0.0196,0.2141,0.0288,0.1740,0.0029,0.2165,0.0093
1785421871.13,80,drive,0,2.0,15.0,40.753,25.16,249.76,0.0406,0.1510,0.0044,0.1554,0.0029,0.1696,0.0059,0.0235,0.2151,0.0362,0.1794,0.0103,0.2292,0.0024
1785421871.92,80,drive,0,2.5,15.0,40.753,25.16,249.76,0.0376,0.1505,0.0049,0.1520,0.0117,0.1632,0.0039,0.0298,0.2190,0.0298,0.1774,0.0117,0.2170,0.0044
1785421872.71,80,drive,0,3.0,15.0,40.753,25.16,249.76,0.0440,0.1500,0.0078,0.1496,0.0088,0.1730,0.0083,0.0254,0.2092,0.0225,0.1779,0.0088,0.2165,0.0059
1785421873.50,80,drive,0,3.5,15.0,40.753,25.16,249.76,0.0371,0.1598,0.0015,0.1525,0.0078,0.1716,0.0044,0.0239,0.2219,0.0337,0.1843,0.0088,0.2243,0.0054
1785421874.29,80,drive,0,4.0,15.0,40.753,25.16,249.76,0.0406,0.1471,0.0073,0.1574,0.0034,0.1628,0.0064,0.0176,0.2131,0.0303,0.1862,0.0196,0.2180,0.0098
1785421875.16,81,base,0,0.0,15.0,40.713,25.16,249.76,0.0386,0.1491,0.0108,0.1554,0.0112,0.1676,0.0098,0.0249,0.2126,0.0264,0.1755,0.0088,0.2204,0.0088
1785421875.95,81,drive,0,0.0,15.0,40.713,25.16,249.76,0.0420,0.1437,0.0103,0.1491,0.0034,0.1642,0.0108,0.0191,0.2131,0.0401,0.1818,0.0098,0.2131,0.0034
1785421876.74,81,drive,0,0.5,15.0,40.713,25.16,249.76,0.0523,0.1505,0.0054,0.1564,0.0059,0.1588,0.0054,0.0274,0.2170,0.0279,0.1872,0.0103,0.2209,0.0078
1785421877.53,81,drive,0,1.0,15.0,40.713,25.16,249.76,0.0352,0.1447,0.0078,0.1481,0.0073,0.1725,0.0088,0.0308,0.2224,0.0362,0.1701,0.0083,0.2180,0.0073
1785421878.32,81,drive,0,1.5,15.0,40.713,25.16,249.76,0.0371,0.1471,0.0288,0.1564,0.0186,0.1632,0.0137,0.0376,0.2263,0.0303,0.1725,0.0142,0.2019,0.0132
1785421879.11,81,drive,0,2.0,15.0,40.713,25.16,249.76,0.0396,0.1554,0.0073,0.1432,0.0225,0.1442,0.0073,0.0274,0.2302,0.0386,0.1588,0.0147,0.2087,0.0142
1785421879.89,81,drive,0,2.5,15.0,40.713,25.16,249.76,0.0411,0.1457,0.0230,0.1422,0.0039,0.1525,0.0093,0.0415,0.2283,0.0445,0.1496,0.0210,0.2248,0.0161
1785421880.69,81,drive,0,3.0,15.0,40.713,25.16,249.76,0.0396,0.1447,0.0039,0.1315,0.0117,0.1520,0.0098,0.0215,0.1999,0.0635,0.1408,0.0108,0.2111,0.0039
1785421881.48,81,drive,0,3.5,15.0,40.713,25.16,249.76,0.0455,0.1540,0.0078,0.1334,0.0034,0.1647,0.0147,0.0049,0.1779,0.0670,0.1652,0.0264,0.2239,0.0039
1785421882.26,81,drive,0,4.0,15.0,40.713,25.16,249.76,0.0508,0.1466,0.0073,0.1452,0.0093,0.1706,0.0249,0.0117,0.2067,0.0435,0.1823,0.0171,0.2180,0.0088
1785421883.13,82,base,0,0.0,15.0,40.753,25.16,249.76,0.0445,0.1525,0.0117,0.1564,0.0049,0.1740,0.0127,0.0176,0.2229,0.0283,0.1794,0.0137,0.2151,0.0112
1785421883.93,82,drive,0,0.0,15.0,40.753,25.16,249.76,0.0371,0.1544,0.0034,0.1520,0.0005,0.1696,0.0078,0.0181,0.2141,0.0367,0.1799,0.0088,0.2155,0.0024
1785421884.72,82,drive,0,0.5,15.0,40.753,25.16,249.76,0.0396,0.1461,0.0015,0.1481,0.0020,0.1691,0.0039,0.0259,0.2155,0.0357,0.1760,0.0064,0.2204,0.0020
1785421885.51,82,drive,0,1.0,15.0,40.753,25.16,249.76,0.0381,0.1515,0.0010,0.1525,0.0117,0.1720,0.0078,0.0215,0.2195,0.0279,0.1745,0.0073,0.2146,0.0024
1785421886.31,82,drive,0,1.5,15.0,40.753,25.16,249.76,0.0450,0.1481,0.0039,0.1530,0.0044,0.1808,0.0020,0.0332,0.2199,0.0362,0.1647,0.0117,0.2204,0.0005
1785421887.10,82,drive,0,2.0,15.0,40.753,25.16,249.76,0.0415,0.1515,0.0010,0.1505,0.0034,0.1745,0.0059,0.0288,0.2243,0.0543,0.1457,0.0117,0.2155,0.0024
1785421887.89,82,drive,0,2.5,15.0,40.753,25.16,249.76,0.0406,0.1525,0.0015,0.1481,0.0073,0.1882,0.0117,0.0230,0.2292,0.0953,0.1266,0.0078,0.2141,0.0044
1785421888.68,82,drive,0,3.0,15.0,40.753,25.16,249.76,0.0435,0.1598,0.0029,0.1486,0.0073,0.1877,0.0181,0.0176,0.2190,0.1188,0.1471,0.0073,0.2146,0.0024
1785421889.47,82,drive,0,3.5,15.0,40.753,25.16,249.76,0.0415,0.1505,0.0015,0.1432,0.0068,0.1779,0.0186,0.0127,0.2092,0.0958,0.1818,0.0108,0.2107,0.0029
1785421890.26,82,drive,0,4.0,15.0,40.753,25.16,249.76,0.0415,0.1505,0.0010,0.1437,0.0039,0.1716,0.0083,0.0196,0.2146,0.0362,0.1911,0.0088,0.2190,0.0005
1785421891.13,83,base,0,0.0,15.0,40.693,25.16,249.76,0.0381,0.1515,0.0068,0.1588,0.0034,0.1686,0.0098,0.0171,0.2097,0.0283,0.1804,0.0054,0.2165,0.0029
1785421891.92,83,drive,0,0.0,15.0,40.693,25.16,249.76,0.0401,0.1500,0.0064,0.1515,0.0039,0.1657,0.0024,0.0112,0.2229,0.0293,0.1784,0.0093,0.2170,0.0044
1785421892.71,83,drive,0,0.5,15.0,40.693,25.16,249.76,0.0425,0.1549,0.0044,0.1515,0.0020,0.1618,0.0068,0.0166,0.2155,0.0308,0.1848,0.0068,0.2170,0.0054
1785421893.50,83,drive,0,1.0,15.0,40.693,25.16,249.76,0.0386,0.1540,0.0064,0.1471,0.0024,0.1652,0.0093,0.0112,0.2185,0.0376,0.1931,0.0044,0.2111,0.0068
1785421894.29,83,drive,0,1.5,15.0,40.693,25.16,249.76,0.0479,0.1569,0.0039,0.1422,0.0020,0.1711,0.0147,0.0103,0.2087,0.0376,0.2077,0.0034,0.2175,0.0049
1785421895.08,83,drive,0,2.0,15.0,40.693,25.16,249.76,0.0440,0.1520,0.0010,0.1369,0.0054,0.1608,0.0205,0.0132,0.2048,0.0249,0.2195,0.0049,0.2175,0.0020
1785421895.87,83,drive,0,2.5,15.0,40.693,25.16,249.76,0.0445,0.1505,0.0064,0.1325,0.0147,0.1530,0.0117,0.0283,0.2087,0.0215,0.2234,0.0122,0.2165,0.0103
1785421896.65,83,drive,0,3.0,15.0,40.693,25.16,249.76,0.0415,0.1530,0.0103,0.1476,0.0171,0.1588,0.0200,0.0440,0.2151,0.0181,0.2185,0.0274,0.2004,0.0078
1785421897.44,83,drive,0,3.5,15.0,40.693,25.16,249.76,0.0464,0.1500,0.0367,0.1559,0.0176,0.1584,0.0088,0.0479,0.2243,0.0161,0.1681,0.0088,0.2151,0.0303
1785421898.23,83,drive,0,4.0,15.0,40.693,25.16,249.76,0.0420,0.1500,0.0108,0.1544,0.0205,0.1613,0.0073,0.0298,0.2180,0.0244,0.1701,0.0108,0.2063,0.0176
1785421899.09,84,base,0,0.0,15.0,40.733,25.16,249.76,0.0469,0.1481,0.0191,0.1530,0.0010,0.1774,0.0088,0.0235,0.1935,0.0293,0.1784,0.0210,0.2204,0.0044
1785421899.89,84,drive,0,0.0,15.0,40.733,25.16,249.76,0.0411,0.1491,0.0024,0.1564,0.0078,0.1701,0.0068,0.0181,0.2141,0.0293,0.1804,0.0054,0.2092,0.0005
1785421900.67,84,drive,0,0.5,15.0,40.733,25.16,249.76,0.0455,0.1554,0.0044,0.1510,0.0034,0.1662,0.0078,0.0205,0.2136,0.0279,0.1852,0.0059,0.2151,0.0034
1785421901.45,84,drive,0,1.0,15.0,40.733,25.16,249.76,0.0406,0.1530,0.0015,0.1378,0.0024,0.1764,0.0093,0.0249,0.2121,0.0274,0.1808,0.0098,0.2180,0.0005
1785421902.24,84,drive,0,1.5,15.0,40.733,25.16,249.76,0.0396,0.1544,0.0005,0.1320,0.0059,0.1716,0.0147,0.0147,0.2199,0.0327,0.1774,0.0083,0.2209,0.0034
1785421903.03,84,drive,0,2.0,15.0,40.733,25.16,249.76,0.0484,0.1510,0.0024,0.1422,0.0191,0.1774,0.0235,0.0186,0.2126,0.0371,0.1618,0.0044,0.2165,0.0044
1785421903.82,84,drive,0,2.5,15.0,40.733,25.16,249.76,0.0455,0.1574,0.0024,0.1848,0.0499,0.1593,0.0274,0.0147,0.2116,0.0547,0.1525,0.0098,0.2136,0.0029
1785421904.61,84,drive,0,3.0,15.0,40.733,25.16,249.76,0.0459,0.1598,0.0000,0.2077,0.0728,0.1417,0.0249,0.0137,0.2131,0.0577,0.1598,0.0064,0.2116,0.0039
1785421905.40,84,drive,0,3.5,15.0,40.733,25.16,249.76,0.0523,0.1544,0.0054,0.2097,0.0494,0.1491,0.0044,0.0181,0.2058,0.0557,0.1745,0.0078,0.2180,0.0029
1785421906.19,84,drive,0,4.0,15.0,40.733,25.16,249.76,0.0469,0.1544,0.0078,0.1637,0.0049,0.1569,0.0049,0.0186,0.2229,0.0283,0.1769,0.0083,0.2180,0.0073
1785421907.06,85,base,0,0.0,15.0,40.753,25.16,249.76,0.0440,0.1505,0.0005,0.1510,0.0073,0.1662,0.0298,0.0166,0.2151,0.0381,0.1848,0.0073,0.2121,0.0020
1785421907.84,85,drive,0,0.0,15.0,40.753,25.16,249.76,0.0503,0.1520,0.0010,0.1525,0.0015,0.1750,0.0137,0.0176,0.2190,0.0357,0.1813,0.0191,0.2136,0.0005
1785421908.64,85,drive,0,0.5,15.0,40.753,25.16,249.76,0.0420,0.1422,0.0015,0.1579,0.0064,0.1637,0.0254,0.0220,0.2160,0.0406,0.1828,0.0039,0.2151,0.0010
1785421909.43,85,drive,0,1.0,15.0,40.753,25.16,249.76,0.0430,0.1520,0.0010,0.1667,0.0083,0.1667,0.0000,0.0176,0.2160,0.0371,0.1857,0.0029,0.2209,0.0000
1785421910.22,85,drive,0,1.5,15.0,40.753,25.16,249.76,0.0440,0.1549,0.0005,0.1720,0.0293,0.1657,0.0000,0.0196,0.2151,0.0318,0.1891,0.0068,0.2170,0.0010
1785421911.01,85,drive,0,2.0,15.0,40.753,25.16,249.76,0.0455,0.1530,0.0000,0.1681,0.0679,0.1794,0.0020,0.0191,0.2126,0.0225,0.1945,0.0054,0.2190,0.0000
1785421911.80,85,drive,0,2.5,15.0,40.753,25.16,249.76,0.0440,0.1525,0.0000,0.1334,0.1031,0.1935,0.0156,0.0220,0.2165,0.0132,0.1984,0.0098,0.2209,0.0015
1785421912.58,85,drive,0,3.0,15.0,40.753,25.16,249.76,0.0440,0.1520,0.0000,0.0748,0.0968,0.2014,0.0298,0.0230,0.2160,0.0068,0.1916,0.0083,0.2170,0.0005
1785421913.37,85,drive,0,3.5,15.0,40.753,25.16,249.76,0.0445,0.1520,0.0005,0.0718,0.0386,0.1935,0.0274,0.0230,0.2151,0.0137,0.1750,0.0044,0.2160,0.0005
1785421914.16,85,drive,0,4.0,15.0,40.753,25.16,249.76,0.0469,0.1530,0.0000,0.1369,0.0000,0.1716,0.0093,0.0210,0.2141,0.0288,0.1784,0.0059,0.2151,0.0005
1785421915.03,86,base,0,0.0,15.0,40.753,25.16,249.77,0.0415,0.1510,0.0000,0.1520,0.0005,0.1642,0.0044,0.0200,0.2136,0.0323,0.1794,0.0059,0.2170,0.0000
1785421915.82,86,drive,0,0.0,15.0,40.753,25.16,249.77,0.0415,0.1500,0.0000,0.1515,0.0000,0.1696,0.0020,0.0171,0.2126,0.0288,0.1833,0.0044,0.2175,0.0010
1785421916.60,86,drive,0,0.5,15.0,40.753,25.16,249.77,0.0376,0.1510,0.0000,0.1525,0.0010,0.1662,0.0059,0.0181,0.2160,0.0303,0.1794,0.0034,0.2195,0.0015
1785421917.39,86,drive,0,1.0,15.0,40.753,25.16,249.77,0.0425,0.1515,0.0000,0.1530,0.0000,0.1720,0.0034,0.0171,0.2146,0.0342,0.1823,0.0049,0.2185,0.0000
1785421918.19,86,drive,0,1.5,15.0,40.753,25.16,249.77,0.0440,0.1535,0.0000,0.1544,0.0000,0.1706,0.0039,0.0147,0.2160,0.0396,0.1823,0.0064,0.2165,0.0000
1785421918.97,86,drive,0,2.0,15.0,40.753,25.16,249.77,0.0430,0.1559,0.0000,0.1544,0.0005,0.1711,0.0073,0.0093,0.2146,0.0396,0.1833,0.0049,0.2151,0.0010
1785421919.75,86,drive,0,2.5,15.0,40.753,25.16,249.77,0.0425,0.1559,0.0000,0.1520,0.0005,0.1701,0.0073,0.0029,0.2082,0.0347,0.1862,0.0029,0.2170,0.0000
1785421920.55,86,drive,0,3.0,15.0,40.753,25.16,249.77,0.0459,0.1554,0.0000,0.1530,0.0005,0.1662,0.0064,0.0005,0.1999,0.0298,0.1882,0.0049,0.2175,0.0005
1785421921.33,86,drive,0,3.5,15.0,40.753,25.16,249.77,0.0445,0.1540,0.0000,0.1505,0.0015,0.1647,0.0029,0.0088,0.2023,0.0259,0.1857,0.0054,0.2160,0.0005
1785421922.12,86,drive,0,4.0,15.0,40.753,25.16,249.77,0.0479,0.1530,0.0000,0.1476,0.0005,0.1676,0.0024,0.0186,0.2136,0.0269,0.1857,0.0049,0.2116,0.0005
1785421922.98,87,base,0,0.0,15.0,40.733,25.16,249.77,0.0406,0.1530,0.0000,0.1515,0.0000,0.1691,0.0029,0.0176,0.2151,0.0313,0.1813,0.0039,0.2170,0.0000
1785421923.77,87,drive,0,0.0,15.0,40.733,25.16,249.77,0.0391,0.1535,0.0005,0.1525,0.0005,0.1681,0.0039,0.0181,0.2151,0.0298,0.1799,0.0010,0.2165,0.0000
1785421924.56,87,drive,0,0.5,15.0,40.733,25.16,249.77,0.0406,0.1515,0.0000,0.1535,0.0000,0.1667,0.0020,0.0176,0.2209,0.0303,0.1813,0.0034,0.2160,0.0000
1785421925.35,87,drive,0,1.0,15.0,40.733,25.16,249.77,0.0445,0.1530,0.0000,0.1530,0.0005,0.1691,0.0034,0.0220,0.2209,0.0249,0.1872,0.0039,0.2175,0.0005
1785421926.14,87,drive,0,1.5,15.0,40.733,25.16,249.77,0.0430,0.1540,0.0005,0.1554,0.0005,0.1647,0.0059,0.0279,0.2243,0.0132,0.1950,0.0029,0.2160,0.0000
1785421926.93,87,drive,0,2.0,15.0,40.733,25.16,249.77,0.0459,0.1510,0.0000,0.1588,0.0010,0.1618,0.0000,0.0274,0.2278,0.0024,0.1979,0.0020,0.2151,0.0000
1785421927.71,87,drive,0,2.5,15.0,40.733,25.16,249.77,0.0440,0.1530,0.0000,0.1598,0.0015,0.1588,0.0000,0.0196,0.2224,0.0005,0.1926,0.0024,0.2165,0.0010
1785421928.51,87,drive,0,3.0,15.0,40.733,25.16,249.77,0.0455,0.1525,0.0000,0.1584,0.0010,0.1637,0.0000,0.0059,0.2121,0.0103,0.1725,0.0068,0.2165,0.0005
1785421929.30,87,drive,0,3.5,15.0,40.733,25.16,249.77,0.0469,0.1505,0.0000,0.1579,0.0005,0.1706,0.0005,0.0005,0.2014,0.0367,0.1510,0.0049,0.2155,0.0000
1785421930.09,87,drive,0,4.0,15.0,40.733,25.16,249.77,0.0450,0.1530,0.0005,0.1491,0.0024,0.1686,0.0039,0.0152,0.2097,0.0332,0.1769,0.0029,0.2160,0.0005
1785421930.96,88,base,0,0.0,15.0,40.693,25.16,249.77,0.0386,0.1540,0.0000,0.1520,0.0000,0.1701,0.0039,0.0176,0.2141,0.0293,0.1789,0.0044,0.2155,0.0000
1785421931.75,88,drive,0,0.0,15.0,40.693,25.16,249.77,0.0435,0.1520,0.0000,0.1530,0.0010,0.1662,0.0029,0.0186,0.2151,0.0313,0.1808,0.0029,0.2141,0.0010
1785421932.54,88,drive,0,0.5,15.0,40.693,25.16,249.77,0.0391,0.1530,0.0000,0.1540,0.0000,0.1691,0.0034,0.0186,0.2165,0.0293,0.1784,0.0073,0.2151,0.0000
1785421933.33,88,drive,0,1.0,15.0,40.693,25.16,249.77,0.0401,0.1530,0.0000,0.1535,0.0005,0.1711,0.0029,0.0191,0.2131,0.0308,0.1799,0.0024,0.2160,0.0000
1785421934.12,88,drive,0,1.5,15.0,40.693,25.16,249.77,0.0401,0.1525,0.0000,0.1530,0.0000,0.1686,0.0024,0.0161,0.2151,0.0303,0.1804,0.0029,0.2155,0.0000
1785421934.90,88,drive,0,2.0,15.0,40.693,25.16,249.77,0.0406,0.1505,0.0000,0.1515,0.0005,0.1696,0.0039,0.0152,0.2151,0.0303,0.1818,0.0034,0.2160,0.0000
1785421935.70,88,drive,0,2.5,15.0,40.693,25.16,249.77,0.0396,0.1544,0.0000,0.1535,0.0005,0.1672,0.0020,0.0176,0.2160,0.0298,0.1804,0.0034,0.2180,0.0000
1785421936.49,88,drive,0,3.0,15.0,40.693,25.16,249.77,0.0415,0.1525,0.0005,0.1549,0.0000,0.1647,0.0010,0.0210,0.2151,0.0298,0.1823,0.0059,0.2165,0.0000
1785421937.28,88,drive,0,3.5,15.0,40.693,25.16,249.77,0.0401,0.1496,0.0000,0.1549,0.0000,0.1706,0.0010,0.0196,0.2151,0.0303,0.1823,0.0029,0.2146,0.0000
1785421938.08,88,drive,0,4.0,15.0,40.693,25.16,249.77,0.0420,0.1530,0.0000,0.1510,0.0005,0.1676,0.0020,0.0186,0.2175,0.0303,0.1804,0.0020,0.2190,0.0000
1785421938.94,89,base,0,0.0,15.0,40.793,25.16,249.77,0.0425,0.1530,0.0000,0.1544,0.0000,0.1681,0.0034,0.0152,0.2165,0.0318,0.1799,0.0020,0.2170,0.0000
1785421939.72,89,drive,0,0.0,15.0,40.793,25.16,249.77,0.0367,0.1549,0.0005,0.1535,0.0000,0.1696,0.0020,0.0181,0.2170,0.0308,0.1799,0.0039,0.2151,0.0005
1785421940.52,89,drive,0,0.5,15.0,40.793,25.16,249.77,0.0411,0.1496,0.0000,0.1540,0.0000,0.1696,0.0034,0.0142,0.2160,0.0342,0.1789,0.0015,0.2160,0.0000
1785421941.31,89,drive,0,1.0,15.0,40.793,25.16,249.77,0.0420,0.1520,0.0005,0.1540,0.0005,0.1686,0.0015,0.0176,0.2151,0.0313,0.1774,0.0039,0.2131,0.0005
1785421942.10,89,drive,0,1.5,15.0,40.793,25.16,249.77,0.0420,0.1535,0.0000,0.1515,0.0015,0.1696,0.0029,0.0156,0.2151,0.0279,0.1823,0.0029,0.2180,0.0000
1785421942.89,89,drive,0,2.0,15.0,40.793,25.16,249.77,0.0430,0.1540,0.0000,0.1525,0.0010,0.1686,0.0029,0.0186,0.2146,0.0303,0.1843,0.0020,0.2190,0.0000
1785421943.68,89,drive,0,2.5,15.0,40.793,25.16,249.77,0.0406,0.1530,0.0000,0.1540,0.0010,0.1696,0.0020,0.0181,0.2155,0.0288,0.1813,0.0054,0.2151,0.0005
1785421944.47,89,drive,0,3.0,15.0,40.793,25.16,249.77,0.0386,0.1510,0.0010,0.1535,0.0000,0.1691,0.0020,0.0196,0.2141,0.0313,0.1799,0.0034,0.2185,0.0000
1785421945.26,89,drive,0,3.5,15.0,40.793,25.16,249.77,0.0420,0.1510,0.0005,0.1530,0.0015,0.1667,0.0034,0.0191,0.2160,0.0308,0.1828,0.0039,0.2155,0.0005
1785421946.05,89,drive,0,4.0,15.0,40.793,25.16,249.77,0.0401,0.1540,0.0000,0.1564,0.0000,0.1667,0.0039,0.0200,0.2136,0.0279,0.1804,0.0024,0.2136,0.0000
1785421946.92,90,base,0,0.0,15.0,40.693,25.16,249.77,0.0430,0.1544,0.0005,0.1559,0.0005,0.1681,0.0010,0.0171,0.2141,0.0313,0.1813,0.0039,0.2146,0.0000
1785421947.71,90,drive,0,0.0,15.0,40.693,25.16,249.77,0.0420,0.1535,0.0005,0.1540,0.0005,0.1696,0.0034,0.0181,0.2155,0.0303,0.1813,0.0034,0.2151,0.0000
1785421948.50,90,drive,0,0.5,15.0,40.693,25.16,249.77,0.0396,0.1520,0.0000,0.1530,0.0005,0.1681,0.0020,0.0171,0.2136,0.0279,0.1808,0.0024,0.2180,0.0000
1785421949.28,90,drive,0,1.0,15.0,40.693,25.16,249.77,0.0440,0.1500,0.0005,0.1540,0.0000,0.1672,0.0039,0.0191,0.2170,0.0293,0.1818,0.0034,0.2170,0.0000
1785421950.07,90,drive,0,1.5,15.0,40.693,25.16,249.77,0.0396,0.1520,0.0000,0.1515,0.0005,0.1676,0.0024,0.0186,0.2180,0.0308,0.1804,0.0024,0.2170,0.0000
1785421950.86,90,drive,0,2.0,15.0,40.693,25.16,249.77,0.0411,0.1535,0.0005,0.1496,0.0010,0.1691,0.0015,0.0181,0.2165,0.0288,0.1804,0.0039,0.2170,0.0000
1785421951.65,90,drive,0,2.5,15.0,40.693,25.16,249.77,0.0406,0.1530,0.0005,0.1496,0.0005,0.1667,0.0024,0.0196,0.2190,0.0323,0.1818,0.0039,0.2180,0.0005
1785421952.44,90,drive,0,3.0,15.0,40.693,25.16,249.77,0.0401,0.1535,0.0000,0.1525,0.0010,0.1672,0.0029,0.0191,0.2151,0.0298,0.1804,0.0044,0.2175,0.0000
1785421953.23,90,drive,0,3.5,15.0,40.693,25.16,249.77,0.0396,0.1510,0.0005,0.1510,0.0000,0.1686,0.0034,0.0181,0.2151,0.0327,0.1823,0.0029,0.2185,0.0000
1785421954.02,90,drive,0,4.0,15.0,40.693,25.16,249.77,0.0411,0.1510,0.0000,0.1559,0.0000,0.1735,0.0029,0.0191,0.2151,0.0303,0.1843,0.0044,0.2165,0.0000
1785421954.88,91,base,0,0.0,15.0,40.753,25.16,249.78,0.0396,0.1520,0.0000,0.1500,0.0005,0.1706,0.0029,0.0176,0.2170,0.0323,0.1804,0.0020,0.2170,0.0000
1785421955.67,91,drive,0,0.0,15.0,40.753,25.16,249.78,0.0415,0.1515,0.0000,0.1520,0.0000,0.1701,0.0020,0.0176,0.2175,0.0318,0.1794,0.0044,0.2180,0.0000
1785421956.45,91,drive,0,0.5,15.0,40.753,25.16,249.78,0.0401,0.1505,0.0000,0.1530,0.0010,0.1691,0.0044,0.0176,0.2160,0.0313,0.1838,0.0024,0.2175,0.0000
1785421957.25,91,drive,0,1.0,15.0,40.753,25.16,249.78,0.0415,0.1544,0.0000,0.1510,0.0010,0.1686,0.0015,0.0205,0.2136,0.0288,0.1784,0.0015,0.2165,0.0000
1785421958.04,91,drive,0,1.5,15.0,40.753,25.16,249.78,0.0411,0.1505,0.0005,0.1549,0.0000,0.1672,0.0029,0.0196,0.2155,0.0303,0.1804,0.0034,0.2155,0.0000
1785421958.83,91,drive,0,2.0,15.0,40.753,25.16,249.78,0.0411,0.1496,0.0000,0.1540,0.0010,0.1681,0.0010,0.0186,0.2160,0.0303,0.1804,0.0015,0.2155,0.0005
1785421959.62,91,drive,0,2.5,15.0,40.753,25.16,249.78,0.0401,0.1491,0.0005,0.1505,0.0000,0.1686,0.0049,0.0176,0.2146,0.0332,0.1804,0.0054,0.2146,0.0005
1785421960.41,91,drive,0,3.0,15.0,40.753,25.16,249.78,0.0401,0.1549,0.0000,0.1515,0.0000,0.1686,0.0010,0.0166,0.2136,0.0288,0.1808,0.0024,0.2190,0.0000
1785421961.20,91,drive,0,3.5,15.0,40.753,25.16,249.78,0.0386,0.1505,0.0000,0.1530,0.0000,0.1667,0.0029,0.0176,0.2151,0.0308,0.1813,0.0034,0.2165,0.0000
1785421961.98,91,drive,0,4.0,15.0,40.753,25.16,249.78,0.0401,0.1515,0.0005,0.1540,0.0000,0.1686,0.0024,0.0196,0.2170,0.0298,0.1828,0.0010,0.2165,0.0005
1785421962.84,92,base,0,0.0,15.0,40.693,25.16,249.78,0.0401,0.1520,0.0000,0.1544,0.0005,0.1681,0.0020,0.0191,0.2155,0.0303,0.1828,0.0054,0.2165,0.0000
1785421963.63,92,drive,0,0.0,15.0,40.693,25.16,249.78,0.0401,0.1525,0.0000,0.1515,0.0005,0.1686,0.0024,0.0176,0.2151,0.0303,0.1813,0.0029,0.2170,0.0000
1785421964.42,92,drive,0,0.5,15.0,40.693,25.16,249.78,0.0415,0.1515,0.0000,0.1540,0.0010,0.1696,0.0029,0.0176,0.2175,0.0308,0.1818,0.0029,0.2141,0.0000
1785421965.21,92,drive,0,1.0,15.0,40.693,25.16,249.78,0.0391,0.1500,0.0005,0.1500,0.0005,0.1711,0.0024,0.0176,0.2185,0.0274,0.1799,0.0029,0.2209,0.0000
1785421966.01,92,drive,0,1.5,15.0,40.693,25.16,249.78,0.0401,0.1496,0.0000,0.1535,0.0010,0.1672,0.0010,0.0181,0.2170,0.0318,0.1808,0.0044,0.2175,0.0000
1785421966.80,92,drive,0,2.0,15.0,40.693,25.16,249.78,0.0391,0.1535,0.0005,0.1520,0.0010,0.1676,0.0010,0.0181,0.2136,0.0308,0.1823,0.0029,0.2165,0.0000
1785421967.59,92,drive,0,2.5,15.0,40.693,25.16,249.78,0.0391,0.1505,0.0000,0.1510,0.0010,0.1691,0.0020,0.0176,0.2175,0.0313,0.1828,0.0034,0.2170,0.0005
1785421968.38,92,drive,0,3.0,15.0,40.693,25.16,249.78,0.0415,0.1510,0.0000,0.1530,0.0000,0.1676,0.0020,0.0176,0.2155,0.0308,0.1818,0.0020,0.2160,0.0005
1785421969.17,92,drive,0,3.5,15.0,40.693,25.16,249.78,0.0411,0.1544,0.0000,0.1505,0.0000,0.1676,0.0034,0.0196,0.2165,0.0293,0.1799,0.0034,0.2190,0.0000
1785421969.96,92,drive,0,4.0,15.0,40.693,25.16,249.78,0.0401,0.1491,0.0000,0.1481,0.0005,0.1701,0.0039,0.0186,0.2155,0.0327,0.1799,0.0024,0.2160,0.0005
1785421970.82,93,base,0,0.0,15.0,40.733,25.16,249.78,0.0415,0.1530,0.0000,0.1496,0.0000,0.1667,0.0024,0.0156,0.2190,0.0293,0.1833,0.0015,0.2195,0.0000
1785421971.61,93,drive,0,0.0,15.0,40.733,25.16,249.78,0.0396,0.1530,0.0000,0.1520,0.0000,0.1701,0.0049,0.0191,0.2155,0.0313,0.1784,0.0039,0.2151,0.0000
1785421972.40,93,drive,0,0.5,15.0,40.733,25.16,249.78,0.0406,0.1520,0.0000,0.1540,0.0005,0.1686,0.0010,0.0166,0.2165,0.0303,0.1794,0.0039,0.2180,0.0000
1785421973.20,93,drive,0,1.0,15.0,40.733,25.16,249.78,0.0420,0.1520,0.0000,0.1535,0.0000,0.1686,0.0020,0.0181,0.2155,0.0303,0.1808,0.0029,0.2170,0.0005
1785421973.99,93,drive,0,1.5,15.0,40.733,25.16,249.78,0.0391,0.1520,0.0000,0.1515,0.0000,0.1652,0.0015,0.0181,0.2160,0.0298,0.1833,0.0049,0.2155,0.0000
1785421974.78,93,drive,0,2.0,15.0,40.733,25.16,249.78,0.0411,0.1500,0.0005,0.1510,0.0000,0.1686,0.0024,0.0171,0.2141,0.0288,0.1838,0.0024,0.2151,0.0010
1785421975.57,93,drive,0,2.5,15.0,40.733,25.16,249.78,0.0415,0.1520,0.0005,0.1515,0.0005,0.1691,0.0020,0.0181,0.2170,0.0308,0.1838,0.0029,0.2131,0.0000
1785421976.37,93,drive,0,3.0,15.0,40.733,25.16,249.78,0.0420,0.1505,0.0000,0.1554,0.0005,0.1676,0.0024,0.0196,0.2141,0.0313,0.1813,0.0010,0.2180,0.0000
1785421977.16,93,drive,0,3.5,15.0,40.733,25.16,249.78,0.0391,0.1505,0.0000,0.1549,0.0000,0.1662,0.0010,0.0191,0.2170,0.0308,0.1813,0.0034,0.2180,0.0000
1785421977.95,93,drive,0,4.0,15.0,40.733,25.16,249.78,0.0411,0.1525,0.0000,0.1525,0.0000,0.1701,0.0015,0.0186,0.2151,0.0308,0.1823,0.0024,0.2180,0.0005
1785421978.81,94,base,0,0.0,15.0,40.753,25.16,249.78,0.0435,0.1520,0.0005,0.1505,0.0000,0.1701,0.0015,0.0176,0.2155,0.0274,0.1808,0.0039,0.2141,0.0000
1785421979.60,94,drive,0,0.0,15.0,40.753,25.16,249.78,0.0425,0.1515,0.0000,0.1520,0.0005,0.1676,0.0029,0.0176,0.2151,0.0318,0.1813,0.0029,0.2136,0.0000
1785421980.39,94,drive,0,0.5,15.0,40.753,25.16,249.78,0.0415,0.1520,0.0000,0.1515,0.0000,0.1662,0.0020,0.0210,0.2170,0.0298,0.1813,0.0054,0.2185,0.0000
1785421981.18,94,drive,0,1.0,15.0,40.753,25.16,249.78,0.0406,0.1496,0.0000,0.1540,0.0015,0.1667,0.0020,0.0200,0.2151,0.0293,0.1833,0.0029,0.2175,0.0000
1785421981.97,94,drive,0,1.5,15.0,40.753,25.16,249.78,0.0406,0.1530,0.0010,0.1520,0.0000,0.1701,0.0039,0.0176,0.2165,0.0323,0.1818,0.0020,0.2195,0.0000
1785421982.76,94,drive,0,2.0,15.0,40.753,25.16,249.78,0.0411,0.1515,0.0000,0.1535,0.0000,0.1667,0.0010,0.0181,0.2141,0.0308,0.1828,0.0029,0.2160,0.0010
1785421983.55,94,drive,0,2.5,15.0,40.753,25.16,249.78,0.0401,0.1496,0.0000,0.1540,0.0005,0.1676,0.0044,0.0186,0.2141,0.0313,0.1843,0.0020,0.2190,0.0005
1785421984.34,94,drive,0,3.0,15.0,40.753,25.16,249.78,0.0425,0.1540,0.0000,0.1520,0.0005,0.1672,0.0020,0.0147,0.2160,0.0313,0.1823,0.0039,0.2185,0.0005
1785421985.13,94,drive,0,3.5,15.0,40.753,25.16,249.78,0.0415,0.1535,0.0000,0.1515,0.0000,0.1706,0.0044,0.0176,0.2170,0.0298,0.1843,0.0024,0.2190,0.0000
1785421985.93,94,drive,0,4.0,15.0,40.753,25.16,249.78,0.0415,0.1510,0.0005,0.1540,0.0005,0.1681,0.0020,0.0181,0.2219,0.0298,0.1823,0.0034,0.2195,0.0005
1785421986.80,95,base,0,0.0,15.0,40.693,25.16,249.79,0.0406,0.1505,0.0000,0.1496,0.0005,0.1716,0.0015,0.0181,0.2155,0.0342,0.1823,0.0049,0.2190,0.0000
1785421987.59,95,drive,0,0.0,15.0,40.693,25.16,249.79,0.0406,0.1520,0.0005,0.1535,0.0005,0.1691,0.0020,0.0161,0.2165,0.0318,0.1828,0.0024,0.2165,0.0000
1785421988.38,95,drive,0,0.5,15.0,40.693,25.16,249.79,0.0386,0.1520,0.0000,0.1535,0.0000,0.1672,0.0024,0.0181,0.2185,0.0298,0.1838,0.0059,0.2180,0.0000
1785421989.17,95,drive,0,1.0,15.0,40.693,25.16,249.79,0.0406,0.1530,0.0000,0.1584,0.0010,0.1691,0.0015,0.0196,0.2199,0.0279,0.1769,0.0049,0.2180,0.0005
1785421989.97,95,drive,0,1.5,15.0,40.693,25.16,249.79,0.0445,0.1544,0.0000,0.1569,0.0005,0.1711,0.0024,0.0147,0.2141,0.0381,0.1716,0.0044,0.2180,0.0000
1785421990.76,95,drive,0,2.0,15.0,40.693,25.16,249.79,0.0455,0.1559,0.0005,0.1579,0.0015,0.1745,0.0044,0.0161,0.2175,0.0445,0.1642,0.0010,0.2126,0.0005
1785421991.55,95,drive,0,2.5,15.0,40.693,25.16,249.79,0.0430,0.1564,0.0000,0.1569,0.0020,0.1779,0.0034,0.0142,0.2111,0.0626,0.1632,0.0020,0.2063,0.0005
1785421992.34,95,drive,0,3.0,15.0,40.693,25.16,249.79,0.0435,0.1525,0.0000,0.1520,0.0015,0.1789,0.0078,0.0117,0.2107,0.0684,0.1716,0.0005,0.1994,0.0000
1785421993.13,95,drive,0,3.5,15.0,40.693,25.16,249.79,0.0445,0.1530,0.0005,0.1432,0.0020,0.1764,0.0073,0.0152,0.2126,0.0572,0.1862,0.0000,0.2072,0.0015
1785421993.92,95,drive,0,4.0,15.0,40.693,25.16,249.79,0.0450,0.1544,0.0000,0.1520,0.0010,0.1711,0.0049,0.0191,0.2126,0.0352,0.1901,0.0049,0.2146,0.0000
1785421994.79,96,base,0,0.0,15.0,40.833,25.15,249.79,0.0406,0.1520,0.0000,0.1530,0.0000,0.1686,0.0039,0.0171,0.2141,0.0303,0.1784,0.0024,0.2160,0.0010
1785421995.57,96,drive,0,0.0,15.0,40.833,25.15,249.79,0.0406,0.1510,0.0000,0.1520,0.0000,0.1696,0.0024,0.0147,0.2146,0.0298,0.1823,0.0029,0.2190,0.0005
1785421996.36,96,drive,0,0.5,15.0,40.833,25.15,249.79,0.0420,0.1544,0.0000,0.1535,0.0005,0.1701,0.0059,0.0200,0.2146,0.0298,0.1818,0.0024,0.2160,0.0010
1785421997.15,96,drive,0,1.0,15.0,40.833,25.15,249.79,0.0420,0.1535,0.0000,0.1525,0.0010,0.1662,0.0044,0.0205,0.2175,0.0308,0.1823,0.0034,0.2195,0.0000
1785421997.95,96,drive,0,1.5,15.0,40.833,25.15,249.79,0.0420,0.1535,0.0000,0.1544,0.0000,0.1691,0.0049,0.0244,0.2234,0.0293,0.1818,0.0044,0.2170,0.0010
1785421998.73,96,drive,0,2.0,15.0,40.833,25.15,249.79,0.0440,0.1540,0.0000,0.1608,0.0020,0.1676,0.0054,0.0239,0.2253,0.0293,0.1769,0.0020,0.2180,0.0005
1785421999.52,96,drive,0,2.5,15.0,40.833,25.15,249.79,0.0445,0.1549,0.0005,0.1672,0.0020,0.1632,0.0024,0.0181,0.2204,0.0288,0.1755,0.0010,0.2170,0.0010
1785422000.32,96,drive,0,3.0,15.0,40.833,25.15,249.79,0.0435,0.1549,0.0000,0.1755,0.0044,0.1584,0.0005,0.0093,0.2136,0.0298,0.1760,0.0034,0.2170,0.0000
1785422001.11,96,drive,0,3.5,15.0,40.833,25.15,249.79,0.0459,0.1530,0.0005,0.1725,0.0078,0.1662,0.0000,0.0010,0.2067,0.0327,0.1740,0.0059,0.2160,0.0000
1785422001.90,96,drive,0,4.0,15.0,40.833,25.15,249.79,0.0489,0.1535,0.0005,0.1544,0.0020,0.1676,0.0015,0.0191,0.2141,0.0298,0.1813,0.0039,0.2155,0.0005
1785422002.78,97,base,0,0.0,15.0,40.733,25.15,249.79,0.0406,0.1520,0.0005,0.1549,0.0000,0.1696,0.0029,0.0156,0.2151,0.0318,0.1789,0.0044,0.2165,0.0000
1785422003.56,97,drive,0,0.0,15.0,40.733,25.15,249.79,0.0396,0.1515,0.0000,0.1530,0.0005,0.1686,0.0024,0.0186,0.2175,0.0303,0.1838,0.0029,0.2146,0.0005
1785422004.35,97,drive,0,0.5,15.0,40.733,25.15,249.79,0.0435,0.1540,0.0000,0.1540,0.0010,0.1681,0.0029,0.0171,0.2175,0.0308,0.1843,0.0024,0.2199,0.0000
1785422005.14,97,drive,0,1.0,15.0,40.733,25.15,249.79,0.0445,0.1540,0.0000,0.1530,0.0005,0.1706,0.0015,0.0196,0.2214,0.0254,0.1867,0.0020,0.2185,0.0005
1785422005.92,97,drive,0,1.5,15.0,40.733,25.15,249.79,0.0430,0.1554,0.0005,0.1486,0.0034,0.1760,0.0020,0.0191,0.2253,0.0215,0.1891,0.0034,0.2175,0.0010
1785422006.71,97,drive,0,2.0,15.0,40.733,25.15,249.79,0.0420,0.1540,0.0000,0.1349,0.0103,0.1774,0.0029,0.0210,0.2224,0.0156,0.1882,0.0088,0.2199,0.0000
1785422007.50,97,drive,0,2.5,15.0,40.733,25.15,249.79,0.0440,0.1535,0.0005,0.1114,0.0127,0.1901,0.0117,0.0098,0.2170,0.0122,0.1828,0.0098,0.2180,0.0005
1785422008.30,97,drive,0,3.0,15.0,40.733,25.15,249.79,0.0450,0.1574,0.0005,0.1031,0.0073,0.1867,0.0156,0.0015,0.2067,0.0181,0.1720,0.0068,0.2175,0.0010
1785422009.09,97,drive,0,3.5,15.0,40.733,25.15,249.79,0.0425,0.1525,0.0010,0.1227,0.0010,0.1804,0.0152,0.0005,0.1940,0.0318,0.1647,0.0054,0.2165,0.0005
1785422009.88,97,drive,0,4.0,15.0,40.733,25.15,249.79,0.0435,0.1510,0.0000,0.1481,0.0000,0.1686,0.0068,0.0166,0.2116,0.0293,0.1764,0.0024,0.2175,0.0015
1785422010.75,98,base,0,0.0,15.0,40.773,25.15,249.79,0.0401,0.1525,0.0000,0.1540,0.0020,0.1701,0.0029,0.0166,0.2141,0.0298,0.1794,0.0039,0.2155,0.0000
1785422011.53,98,drive,0,0.0,15.0,40.773,25.15,249.79,0.0386,0.1476,0.0000,0.1549,0.0000,0.1696,0.0029,0.0191,0.2155,0.0303,0.1789,0.0029,0.2185,0.0000
1785422012.32,98,drive,0,0.5,15.0,40.773,25.15,249.79,0.0494,0.1564,0.0000,0.1574,0.0010,0.1735,0.0064,0.0230,0.2214,0.0357,0.1848,0.0068,0.2229,0.0034
1785422013.11,98,drive,0,1.0,15.0,40.773,25.15,249.79,0.0508,0.1559,0.0005,0.1584,0.0020,0.1745,0.0064,0.0196,0.2195,0.0362,0.1877,0.0039,0.2248,0.0044
1785422013.90,98,drive,0,1.5,15.0,40.773,25.15,249.79,0.0455,0.1584,0.0015,0.1569,0.0005,0.1764,0.0073,0.0210,0.2190,0.0347,0.1867,0.0049,0.2229,0.0024
1785422014.69,98,drive,0,2.0,15.0,40.773,25.15,249.79,0.0499,0.1584,0.0010,0.1569,0.0010,0.1720,0.0054,0.0225,0.2219,0.0332,0.1857,0.0073,0.2248,0.0015
1785422015.48,98,drive,0,2.5,15.0,40.773,25.15,249.79,0.0469,0.1544,0.0005,0.1579,0.0010,0.1735,0.0059,0.0230,0.2229,0.0362,0.1857,0.0059,0.2258,0.0020
1785422016.26,98,drive,0,3.0,15.0,40.773,25.15,249.79,0.0494,0.1579,0.0010,0.1593,0.0010,0.1725,0.0049,0.0205,0.2224,0.0293,0.1887,0.0073,0.2234,0.0034
1785422017.05,98,drive,0,3.5,15.0,40.773,25.15,249.79,0.0474,0.1569,0.0005,0.1584,0.0005,0.1730,0.0059,0.0200,0.2229,0.0327,0.1896,0.0068,0.2253,0.0020
1785422017.84,98,drive,0,4.0,15.0,40.773,25.15,249.79,0.0474,0.1608,0.0005,0.1579,0.0005,0.1740,0.0034,0.0225,0.2219,0.0332,0.1843,0.0078,0.2243,0.0039
1785422018.71,99,base,0,0.0,15.0,40.773,25.15,249.79,0.0440,0.1549,0.0000,0.1535,0.0005,0.1686,0.0024,0.0156,0.2151,0.0342,0.1843,0.0020,0.2185,0.0000
1785422019.50,99,drive,0,0.0,15.0,40.773,25.15,249.79,0.0401,0.1549,0.0005,0.1540,0.0000,0.1696,0.0020,0.0152,0.2180,0.0279,0.1804,0.0020,0.2199,0.0000
1785422020.29,99,drive,0,0.5,15.0,40.773,25.15,249.79,0.0396,0.1520,0.0000,0.1535,0.0010,0.1667,0.0015,0.0200,0.2185,0.0293,0.1808,0.0020,0.2190,0.0000
1785422021.08,99,drive,0,1.0,15.0,40.773,25.15,249.79,0.0435,0.1500,0.0000,0.1603,0.0015,0.1681,0.0029,0.0215,0.2185,0.0318,0.1818,0.0034,0.2155,0.0000
1785422021.88,99,drive,0,1.5,15.0,40.773,25.15,249.79,0.0425,0.1530,0.0000,0.1618,0.0005,0.1667,0.0044,0.0210,0.2214,0.0313,0.1784,0.0054,0.2151,0.0005
1785422022.67,99,drive,0,2.0,15.0,40.773,25.15,249.79,0.0401,0.1549,0.0000,0.1608,0.0005,0.1672,0.0029,0.0205,0.2209,0.0308,0.1784,0.0044,0.2175,0.0000
1785422023.47,99,drive,0,2.5,15.0,40.773,25.15,249.79,0.0445,0.1535,0.0000,0.1618,0.0005,0.1667,0.0029,0.0210,0.2219,0.0318,0.1799,0.0015,0.2160,0.0010
1785422024.25,99,drive,0,3.0,15.0,40.773,25.15,249.79,0.0430,0.1574,0.0000,0.1623,0.0005,0.1686,0.0024,0.0186,0.2185,0.0303,0.1799,0.0034,0.2141,0.0015
1785422025.04,99,drive,0,3.5,15.0,40.773,25.15,249.79,0.0435,0.1540,0.0000,0.1618,0.0000,0.1662,0.0039,0.0215,0.2214,0.0318,0.1804,0.0029,0.2160,0.0005
1785422025.83,99,drive,0,4.0,15.0,40.773,25.15,249.79,0.0420,0.1530,0.0000,0.1618,0.0000,0.1676,0.0010,0.0215,0.2195,0.0298,0.1808,0.0015,0.2170,0.0000
1785422026.70,100,base,0,0.0,15.0,40.753,25.15,249.79,0.0411,0.1530,0.0010,0.1525,0.0000,0.1681,0.0039,0.0171,0.2180,0.0313,0.1799,0.0024,0.2185,0.0000
1785422027.49,100,drive,0,0.0,15.0,40.753,25.15,249.79,0.0406,0.1535,0.0000,0.1520,0.0000,0.1691,0.0024,0.0196,0.2165,0.0318,0.1828,0.0024,0.2141,0.0000
1785422028.28,100,drive,0,0.5,15.0,40.753,25.15,249.79,0.0455,0.1540,0.0000,0.1540,0.0005,0.1681,0.0029,0.0196,0.2175,0.0327,0.1808,0.0039,0.2180,0.0005
1785422029.07,100,drive,0,1.0,15.0,40.753,25.15,249.79,0.0435,0.1530,0.0000,0.1603,0.0000,0.1662,0.0024,0.0220,0.2209,0.0327,0.1784,0.0039,0.2170,0.0015
1785422029.86,100,drive,0,1.5,15.0,40.753,25.15,249.79,0.0430,0.1544,0.0000,0.1637,0.0015,0.1676,0.0039,0.0186,0.2224,0.0318,0.1813,0.0039,0.2155,0.0000
1785422030.65,100,drive,0,2.0,15.0,40.753,25.15,249.79,0.0464,0.1530,0.0000,0.1613,0.0000,0.1681,0.0044,0.0191,0.2234,0.0293,0.1804,0.0024,0.2136,0.0000
1785422031.44,100,drive,0,2.5,15.0,40.753,25.15,249.79,0.0445,0.1564,0.0024,0.1588,0.0005,0.1652,0.0039,0.0225,0.2175,0.0313,0.1808,0.0029,0.2151,0.0000
1785422032.23,100,drive,0,3.0,15.0,40.753,25.15,249.79,0.0450,0.1549,0.0015,0.1623,0.0005,0.1667,0.0034,0.0205,0.2190,0.0303,0.1794,0.0044,0.2146,0.0005
1785422033.02,100,drive,0,3.5,15.0,40.753,25.15,249.79,0.0430,0.1540,0.0000,0.1623,0.0005,0.1681,0.0049,0.0220,0.2219,0.0308,0.1774,0.0029,0.2151,0.0000
1785422033.81,100,drive,0,4.0,15.0,40.753,25.15,249.79,0.0445,0.1496,0.0000,0.1613,0.0015,0.1686,0.0044,0.0225,0.2219,0.0332,0.1789,0.0029,0.2160,0.0005
1785422034.68,101,base,0,0.0,15.0,40.793,25.15,249.79,0.0430,0.1535,0.0000,0.1525,0.0005,0.1681,0.0029,0.0166,0.2151,0.0323,0.1828,0.0044,0.2170,0.0000
1785422035.47,101,drive,0,0.0,15.0,40.793,25.15,249.79,0.0401,0.1515,0.0000,0.1535,0.0010,0.1672,0.0034,0.0191,0.2141,0.0298,0.1823,0.0054,0.2190,0.0000
1785422036.26,101,drive,0,0.5,15.0,40.793,25.15,249.79,0.0533,0.1608,0.0015,0.1584,0.0015,0.1755,0.0078,0.0215,0.2234,0.0357,0.1867,0.0044,0.2248,0.0039
1785422037.05,101,drive,0,1.0,15.0,40.793,25.15,249.79,0.0528,0.1569,0.0000,0.1579,0.0010,0.1760,0.0059,0.0220,0.2209,0.0376,0.1901,0.0039,0.2253,0.0049
1785422037.83,101,drive,0,1.5,15.0,40.793,25.15,249.79,0.0469,0.1574,0.0010,0.1559,0.0005,0.1769,0.0073,0.0239,0.2248,0.0347,0.1872,0.0098,0.2258,0.0005
1785422038.62,101,drive,0,2.0,15.0,40.793,25.15,249.79,0.0479,0.1579,0.0010,0.1564,0.0005,0.1774,0.0054,0.0254,0.2224,0.0327,0.1882,0.0098,0.2258,0.0000
1785422039.41,101,drive,0,2.5,15.0,40.793,25.15,249.79,0.0518,0.1584,0.0005,0.1554,0.0010,0.1750,0.0068,0.0220,0.2204,0.0347,0.1862,0.0073,0.2253,0.0029
1785422040.19,101,drive,0,3.0,15.0,40.793,25.15,249.79,0.0494,0.1579,0.0000,0.1593,0.0010,0.1740,0.0064,0.0254,0.2253,0.0342,0.1882,0.0073,0.2239,0.0044
1785422040.98,101,drive,0,3.5,15.0,40.793,25.15,249.79,0.0513,0.1588,0.0010,0.1540,0.0010,0.1720,0.0073,0.0235,0.2224,0.0371,0.1896,0.0059,0.2263,0.0029
1785422041.77,101,drive,0,4.0,15.0,40.793,25.15,249.79,0.0513,0.1588,0.0000,0.1598,0.0010,0.1730,0.0039,0.0244,0.2204,0.0347,0.1877,0.0064,0.2283,0.0034
1785422042.65,102,base,0,0.0,15.0,40.713,25.15,249.80,0.0411,0.1559,0.0005,0.1564,0.0000,0.1681,0.0010,0.0186,0.2170,0.0283,0.1804,0.0044,0.2170,0.0000
1785422043.43,102,drive,0,0.0,15.0,40.713,25.15,249.80,0.0396,0.1525,0.0005,0.1530,0.0005,0.1691,0.0020,0.0181,0.2170,0.0313,0.1823,0.0039,0.2175,0.0000
1785422044.22,102,drive,0,0.5,15.0,40.713,25.15,249.80,0.0406,0.1510,0.0000,0.1525,0.0000,0.1696,0.0020,0.0161,0.2165,0.0303,0.1843,0.0020,0.2175,0.0005
1785422045.01,102,drive,0,1.0,15.0,40.713,25.15,249.80,0.0420,0.1525,0.0000,0.1540,0.0010,0.1681,0.0029,0.0196,0.2165,0.0283,0.1818,0.0029,0.2175,0.0005
1785422045.80,102,drive,0,1.5,15.0,40.713,25.15,249.80,0.0425,0.1559,0.0000,0.1505,0.0000,0.1686,0.0039,0.0181,0.2170,0.0308,0.1828,0.0039,0.2165,0.0015
1785422046.59,102,drive,0,2.0,15.0,40.713,25.15,249.80,0.0411,0.1515,0.0000,0.1549,0.0000,0.1652,0.0029,0.0171,0.2190,0.0303,0.1833,0.0024,0.2180,0.0000
1785422047.38,102,drive,0,2.5,15.0,40.713,25.15,249.80,0.0391,0.1505,0.0000,0.1530,0.0000,0.1662,0.0015,0.0186,0.2165,0.0283,0.1828,0.0029,0.2165,0.0000
1785422048.17,102,drive,0,3.0,15.0,40.713,25.15,249.80,0.0411,0.1544,0.0000,0.1574,0.0000,0.1691,0.0034,0.0205,0.2175,0.0283,0.1818,0.0054,0.2170,0.0000
1785422048.96,102,drive,0,3.5,15.0,40.713,25.15,249.80,0.0386,0.1496,0.0000,0.1496,0.0010,0.1691,0.0010,0.0181,0.2170,0.0298,0.1799,0.0034,0.2175,0.0000
1785422049.75,102,drive,0,4.0,15.0,40.713,25.15,249.80,0.0381,0.1486,0.0000,0.1554,0.0005,0.1676,0.0015,0.0191,0.2180,0.0288,0.1808,0.0049,0.2151,0.0000
1785422050.61,103,base,0,0.0,15.0,40.773,25.15,249.80,0.0430,0.1525,0.0000,0.1515,0.0005,0.1696,0.0029,0.0200,0.2185,0.0303,0.1818,0.0029,0.2170,0.0000
1785422051.39,103,drive,0,0.0,15.0,40.773,25.15,249.80,0.0420,0.1491,0.0000,0.1530,0.0005,0.1711,0.0005,0.0186,0.2170,0.0318,0.1848,0.0015,0.2180,0.0000
1785422052.19,103,drive,0,0.5,15.0,40.773,25.15,249.80,0.0406,0.1515,0.0000,0.1544,0.0000,0.1681,0.0015,0.0200,0.2175,0.0303,0.1818,0.0054,0.2165,0.0005
1785422052.98,103,drive,0,1.0,15.0,40.773,25.15,249.80,0.0406,0.1491,0.0000,0.1520,0.0000,0.1686,0.0024,0.0205,0.2160,0.0293,0.1848,0.0029,0.2175,0.0000
1785422053.77,103,drive,0,1.5,15.0,40.773,25.15,249.80,0.0415,0.1510,0.0005,0.1525,0.0000,0.1696,0.0039,0.0176,0.2155,0.0283,0.1843,0.0029,0.2175,0.0000
1785422054.56,103,drive,0,2.0,15.0,40.773,25.15,249.80,0.0411,0.1515,0.0000,0.1530,0.0000,0.1716,0.0034,0.0166,0.2160,0.0323,0.1808,0.0029,0.2190,0.0000
1785422055.35,103,drive,0,2.5,15.0,40.773,25.15,249.80,0.0411,0.1520,0.0000,0.1505,0.0005,0.1706,0.0020,0.0181,0.2180,0.0313,0.1828,0.0049,0.2151,0.0000
1785422056.14,103,drive,0,3.0,15.0,40.773,25.15,249.80,0.0401,0.1544,0.0005,0.1530,0.0000,0.1711,0.0029,0.0166,0.2175,0.0298,0.1804,0.0024,0.2190,0.0005
1785422056.93,103,drive,0,3.5,15.0,40.773,25.15,249.80,0.0386,0.1515,0.0000,0.1540,0.0005,0.1667,0.0029,0.0176,0.2175,0.0308,0.1808,0.0049,0.2165,0.0000
1785422057.72,103,drive,0,4.0,15.0,40.773,25.15,249.80,0.0401,0.1486,0.0000,0.1554,0.0000,0.1672,0.0029,0.0186,0.2170,0.0308,0.1838,0.0059,0.2160,0.0000
1785422058.58,104,base,0,0.0,15.0,40.753,25.15,249.80,0.0386,0.1520,0.0000,0.1535,0.0005,0.1676,0.0020,0.0191,0.2185,0.0298,0.1808,0.0039,0.2195,0.0005
1785422059.37,104,drive,0,0.0,15.0,40.753,25.15,249.80,0.0396,0.1505,0.0000,0.1535,0.0005,0.1691,0.0020,0.0196,0.2175,0.0298,0.1843,0.0029,0.2175,0.0000
1785422060.16,104,drive,0,0.5,15.0,40.753,25.15,249.80,0.0396,0.1500,0.0000,0.1544,0.0000,0.1681,0.0034,0.0171,0.2180,0.0313,0.1818,0.0059,0.2175,0.0000
1785422060.94,104,drive,0,1.0,15.0,40.753,25.15,249.80,0.0411,0.1554,0.0000,0.1540,0.0000,0.1686,0.0024,0.0225,0.2151,0.0313,0.1833,0.0054,0.2170,0.0000
1785422061.73,104,drive,0,1.5,15.0,40.753,25.15,249.80,0.0420,0.1540,0.0005,0.1486,0.0000,0.1716,0.0029,0.0166,0.2165,0.0313,0.1804,0.0059,0.2185,0.0000
1785422062.52,104,drive,0,2.0,15.0,40.753,25.15,249.80,0.0396,0.1530,0.0000,0.1535,0.0005,0.1696,0.0039,0.0191,0.2151,0.0269,0.1833,0.0029,0.2180,0.0000
1785422063.32,104,drive,0,2.5,15.0,40.753,25.15,249.80,0.0411,0.1520,0.0000,0.1544,0.0005,0.1647,0.0034,0.0186,0.2180,0.0288,0.1828,0.0029,0.2160,0.0000
1785422064.11,104,drive,0,3.0,15.0,40.753,25.15,249.80,0.0430,0.1520,0.0000,0.1520,0.0010,0.1681,0.0034,0.0181,0.2175,0.0303,0.1808,0.0020,0.2160,0.0000
1785422064.89,104,drive,0,3.5,15.0,40.753,25.15,249.80,0.0415,0.1520,0.0000,0.1515,0.0000,0.1696,0.0015,0.0181,0.2195,0.0298,0.1823,0.0015,0.2180,0.0000
1785422065.68,104,drive,0,4.0,15.0,40.753,25.15,249.80,0.0401,0.1510,0.0000,0.1530,0.0000,0.1691,0.0034,0.0186,0.2170,0.0308,0.1848,0.0034,0.2136,0.0005
1785422066.54,105,base,0,0.0,15.0,40.753,25.15,249.80,0.0391,0.1510,0.0000,0.1515,0.0005,0.1716,0.0039,0.0176,0.2170,0.0298,0.1818,0.0044,0.2160,0.0000
1785422067.33,105,drive,0,0.0,15.0,40.753,25.15,249.80,0.0411,0.1520,0.0000,0.1496,0.0010,0.1686,0.0024,0.0196,0.2165,0.0313,0.1808,0.0044,0.2160,0.0005
1785422068.11,105,drive,0,0.5,15.0,40.753,25.15,249.80,0.0406,0.1520,0.0000,0.1535,0.0000,0.1681,0.0044,0.0200,0.2160,0.0288,0.1794,0.0039,0.2165,0.0000
1785422068.90,105,drive,0,1.0,15.0,40.753,25.15,249.80,0.0420,0.1549,0.0000,0.1496,0.0005,0.1667,0.0020,0.0171,0.2190,0.0283,0.1828,0.0039,0.2170,0.0000
1785422069.70,105,drive,0,1.5,15.0,40.753,25.15,249.80,0.0415,0.1540,0.0000,0.1525,0.0000,0.1681,0.0020,0.0200,0.2170,0.0308,0.1813,0.0029,0.2195,0.0000
1785422070.48,105,drive,0,2.0,15.0,40.753,25.15,249.80,0.0411,0.1525,0.0000,0.1535,0.0010,0.1706,0.0015,0.0225,0.2199,0.0298,0.1823,0.0029,0.2160,0.0005
1785422071.27,105,drive,0,2.5,15.0,40.753,25.15,249.80,0.0401,0.1535,0.0000,0.1515,0.0000,0.1711,0.0034,0.0191,0.2146,0.0298,0.1828,0.0015,0.2165,0.0000
1785422072.07,105,drive,0,3.0,15.0,40.753,25.15,249.80,0.0396,0.1491,0.0000,0.1525,0.0000,0.1667,0.0029,0.0191,0.2165,0.0298,0.1808,0.0054,0.2190,0.0000
1785422072.86,105,drive,0,3.5,15.0,40.753,25.15,249.80,0.0391,0.1525,0.0000,0.1554,0.0000,0.1686,0.0029,0.0196,0.2151,0.0323,0.1823,0.0039,0.2195,0.0005
1785422073.65,105,drive,0,4.0,15.0,40.753,25.15,249.80,0.0425,0.1530,0.0005,0.1510,0.0000,0.1691,0.0034,0.0181,0.2170,0.0298,0.1833,0.0039,0.2175,0.0000
1785422074.51,106,base,0,0.0,15.0,40.753,25.15,249.80,0.0406,0.1510,0.0000,0.1525,0.0000,0.1662,0.0029,0.0196,0.2155,0.0313,0.1838,0.0020,0.2199,0.0010
1785422075.30,106,drive,0,0.0,15.0,40.753,25.15,249.80,0.0376,0.1520,0.0000,0.1549,0.0005,0.1686,0.0034,0.0186,0.2170,0.0303,0.1808,0.0020,0.2199,0.0005
1785422076.09,106,drive,0,0.5,15.0,40.753,25.15,249.80,0.0489,0.1383,0.0083,0.1652,0.0073,0.1632,0.0171,0.0191,0.2038,0.0308,0.1994,0.0078,0.2175,0.0186
1785422076.88,106,drive,0,1.0,15.0,40.753,25.15,249.80,0.0347,0.1540,0.0127,0.1461,0.0015,0.1520,0.0088,0.0176,0.2224,0.0293,0.1852,0.0264,0.2141,0.0024
1785422077.68,106,drive,0,1.5,15.0,40.753,25.15,249.80,0.0425,0.1447,0.0000,0.1549,0.0068,0.1701,0.0059,0.0220,0.2160,0.0342,0.1804,0.0034,0.2302,0.0005
1785422078.47,106,drive,0,2.0,15.0,40.753,25.15,249.80,0.0464,0.1505,0.0103,0.1520,0.0059,0.1789,0.0024,0.0303,0.2131,0.0298,0.1760,0.0049,0.2155,0.0215
1785422079.26,106,drive,0,2.5,15.0,40.753,25.15,249.80,0.0371,0.1491,0.0049,0.1549,0.0098,0.1740,0.0029,0.0308,0.2111,0.0274,0.1769,0.0127,0.2170,0.0064
1785422080.05,106,drive,0,3.0,15.0,40.753,25.15,249.80,0.0508,0.1491,0.0029,0.1457,0.0078,0.1637,0.0098,0.0215,0.2165,0.0283,0.1799,0.0112,0.2234,0.0049
1785422080.84,106,drive,0,3.5,15.0,40.753,25.15,249.80,0.0469,0.1481,0.0010,0.1452,0.0054,0.1745,0.0122,0.0293,0.2185,0.0327,0.1716,0.0073,0.2214,0.0073
1785422081.63,106,drive,0,4.0,15.0,40.753,25.15,249.80,0.0308,0.1608,0.0083,0.1569,0.0098,0.1735,0.0059,0.0230,0.2097,0.0298,0.1701,0.0191,0.2151,0.0083
1785422082.50,107,base,0,0.0,15.0,40.693,25.15,249.80,0.0455,0.1535,0.0152,0.1554,0.0068,0.1540,0.0049,0.0166,0.2102,0.0352,0.1852,0.0122,0.2190,0.0054
1785422083.28,107,drive,0,0.0,15.0,40.693,25.15,249.80,0.0401,0.1579,0.0073,0.1535,0.0044,0.1657,0.0044,0.0191,0.2170,0.0376,0.1848,0.0108,0.2155,0.0020
1785422084.08,107,drive,0,0.5,15.0,40.693,25.15,249.80,0.0420,0.1491,0.0064,0.1452,0.0039,0.1584,0.0137,0.0264,0.2234,0.0254,0.1843,0.0068,0.2160,0.0073
1785422084.87,107,drive,0,1.0,15.0,40.693,25.15,249.80,0.0411,0.1515,0.0044,0.1579,0.0024,0.1735,0.0064,0.0171,0.2097,0.0337,0.1799,0.0103,0.2224,0.0020
1785422085.66,107,drive,0,1.5,15.0,40.693,25.15,249.80,0.0376,0.1569,0.0024,0.1515,0.0171,0.1691,0.0059,0.0254,0.2170,0.0298,0.1774,0.0054,0.2155,0.0137
1785422086.45,107,drive,0,2.0,15.0,40.693,25.15,249.80,0.0450,0.1549,0.0029,0.1540,0.0000,0.1681,0.0044,0.0186,0.2243,0.0298,0.1838,0.0029,0.2146,0.0000
1785422087.24,107,drive,0,2.5,15.0,40.693,25.15,249.80,0.0425,0.1540,0.0005,0.1608,0.0029,0.1667,0.0127,0.0196,0.2185,0.0274,0.1818,0.0152,0.2224,0.0010
1785422088.03,107,drive,0,3.0,15.0,40.693,25.15,249.80,0.0435,0.1535,0.0166,0.1486,0.0020,0.1667,0.0039,0.0279,0.2239,0.0342,0.1799,0.0078,0.2165,0.0176
1785422088.82,107,drive,0,3.5,15.0,40.693,25.15,249.80,0.0450,0.1471,0.0005,0.1525,0.0078,0.1676,0.0156,0.0210,0.2160,0.0381,0.1843,0.0029,0.2243,0.0005
1785422089.61,107,drive,0,4.0,15.0,40.693,25.15,249.80,0.0406,0.1510,0.0000,0.1530,0.0000,0.1720,0.0020,0.0181,0.2170,0.0303,0.1843,0.0024,0.2204,0.0000
1785422090.47,108,base,0,0.0,15.0,40.753,25.15,249.80,0.0406,0.1486,0.0000,0.1491,0.0010,0.1691,0.0010,0.0171,0.2141,0.0323,0.1838,0.0015,0.2185,0.0000
1785422091.26,108,drive,0,0.0,15.0,40.753,25.15,249.80,0.0396,0.1535,0.0000,0.1515,0.0000,0.1691,0.0015,0.0191,0.2190,0.0303,0.1804,0.0015,0.2219,0.0000
1785422092.05,108,drive,0,0.5,15.0,40.753,25.15,249.80,0.0406,0.1530,0.0073,0.1535,0.0049,0.1745,0.0108,0.0215,0.2146,0.0381,0.1838,0.0098,0.2224,0.0122
1785422092.85,108,drive,0,1.0,15.0,40.753,25.15,249.80,0.0533,0.1564,0.0103,0.1657,0.0029,0.1794,0.0078,0.0205,0.2234,0.0308,0.1838,0.0171,0.2292,0.0054
1785422093.63,108,drive,0,1.5,15.0,40.753,25.15,249.80,0.0503,0.1588,0.0015,0.1540,0.0093,0.1740,0.0108,0.0210,0.2199,0.0425,0.1794,0.0078,0.2209,0.0034
1785422094.42,108,drive,0,2.0,15.0,40.753,25.15,249.80,0.0450,0.1574,0.0044,0.1676,0.0029,0.1720,0.0147,0.0186,0.2351,0.0347,0.1872,0.0078,0.2263,0.0039
1785422095.21,108,drive,0,2.5,15.0,40.753,25.15,249.80,0.0455,0.1554,0.0064,0.1540,0.0093,0.1764,0.0073,0.0283,0.2263,0.0347,0.1872,0.0127,0.2214,0.0127
1785422096.00,108,drive,0,3.0,15.0,40.753,25.15,249.80,0.0508,0.1628,0.0049,0.1584,0.0127,0.1789,0.0108,0.0318,0.2204,0.0381,0.1799,0.0127,0.2199,0.0068
1785422096.79,108,drive,0,3.5,15.0,40.753,25.15,249.80,0.0489,0.1549,0.0132,0.1603,0.0093,0.1764,0.0088,0.0283,0.2268,0.0376,0.1843,0.0073,0.2273,0.0064
1785422097.58,108,drive,0,4.0,15.0,40.753,25.15,249.80,0.0479,0.1613,0.0068,0.1540,0.0112,0.1774,0.0064,0.0176,0.2204,0.0298,0.1877,0.0156,0.2253,0.0142
1785422098.43,109,base,0,0.0,15.0,40.793,25.15,249.80,0.0455,0.1593,0.0015,0.1486,0.0098,0.1735,0.0147,0.0127,0.2185,0.0220,0.1843,0.0117,0.2185,0.0005
1785422099.23,109,drive,0,0.0,15.0,40.793,25.15,249.80,0.0445,0.1584,0.0142,0.1500,0.0166,0.1686,0.0161,0.0220,0.2243,0.0288,0.1906,0.0171,0.2239,0.0108
1785422100.02,109,drive,0,0.5,15.0,40.793,25.15,249.80,0.0547,0.1588,0.0034,0.1432,0.0068,0.1564,0.0186,0.0161,0.2268,0.0308,0.1891,0.0244,0.2160,0.0068
1785422100.80,109,drive,0,1.0,15.0,40.793,25.15,249.80,0.0435,0.1540,0.0225,0.1466,0.0073,0.1637,0.0054,0.0200,0.2048,0.0308,0.1906,0.0132,0.2180,0.0220
1785422101.60,109,drive,0,1.5,15.0,40.793,25.15,249.80,0.0445,0.1608,0.0073,0.1222,0.0098,0.1833,0.0078,0.0166,0.2273,0.0376,0.2092,0.0083,0.2185,0.0078
1785422102.39,109,drive,0,2.0,15.0,40.793,25.15,249.80,0.0459,0.1496,0.0068,0.0924,0.0327,0.1769,0.0152,0.0103,0.2087,0.0298,0.2082,0.0122,0.2175,0.0049
1785422103.18,109,drive,0,2.5,15.0,40.793,25.15,249.80,0.0484,0.1535,0.0098,0.0723,0.0269,0.1926,0.0293,0.0166,0.2023,0.0191,0.2175,0.0098,0.2165,0.0098
1785422103.97,109,drive,0,3.0,15.0,40.793,25.15,249.80,0.0420,0.1598,0.0103,0.1022,0.0274,0.1755,0.0264,0.0186,0.2146,0.0054,0.2102,0.0196,0.2292,0.0068
1785422104.76,109,drive,0,3.5,15.0,40.793,25.15,249.80,0.0484,0.1530,0.0108,0.1442,0.0142,0.1686,0.0186,0.0357,0.2126,0.0064,0.1843,0.0132,0.2160,0.0103
1785422105.55,109,drive,0,4.0,15.0,40.793,25.15,249.80,0.0474,0.1486,0.0122,0.1554,0.0156,0.1760,0.0103,0.0303,0.2102,0.0274,0.1769,0.0073,0.2160,0.0064
1785422106.41,110,base,0,0.0,15.0,40.733,25.15,249.80,0.0352,0.1515,0.0034,0.1554,0.0108,0.1711,0.0098,0.0259,0.2180,0.0308,0.1808,0.0098,0.2136,0.0039
1785422107.21,110,drive,0,0.0,15.0,40.733,25.15,249.80,0.0411,0.1593,0.0078,0.1544,0.0039,0.1755,0.0039,0.0166,0.2219,0.0303,0.1848,0.0083,0.2165,0.0059
1785422108.00,110,drive,0,0.5,15.0,40.733,25.15,249.80,0.0450,0.1500,0.0059,0.1500,0.0059,0.1657,0.0122,0.0308,0.2092,0.0288,0.1808,0.0166,0.2175,0.0073
1785422108.79,110,drive,0,1.0,15.0,40.733,25.15,249.80,0.0479,0.1544,0.0015,0.1549,0.0108,0.1720,0.0059,0.0235,0.2204,0.0244,0.1891,0.0093,0.2155,0.0020
1785422109.58,110,drive,0,1.5,15.0,40.733,25.15,249.80,0.0469,0.1608,0.0054,0.1369,0.0176,0.1701,0.0117,0.0347,0.2302,0.0347,0.1916,0.0078,0.2097,0.0191
1785422110.37,110,drive,0,2.0,15.0,40.733,25.15,249.80,0.0371,0.1579,0.0068,0.1373,0.0044,0.1760,0.0171,0.0230,0.2243,0.0293,0.2043,0.0200,0.2072,0.0083
1785422111.16,110,drive,0,2.5,15.0,40.733,25.15,249.80,0.0391,0.1559,0.0024,0.1354,0.0049,0.1755,0.0205,0.0235,0.2175,0.0269,0.1965,0.0176,0.2131,0.0020
1785422111.96,110,drive,0,3.0,15.0,40.733,25.15,249.80,0.0411,0.1500,0.0049,0.1364,0.0205,0.1774,0.0137,0.0352,0.2234,0.0352,0.1935,0.0083,0.2185,0.0078
1785422112.74,110,drive,0,3.5,15.0,40.733,25.15,249.80,0.0543,0.1540,0.0015,0.1310,0.0068,0.1735,0.0205,0.0249,0.2258,0.0362,0.1975,0.0239,0.2063,0.0029
1785422113.53,110,drive,0,4.0,15.0,40.733,25.15,249.80,0.0440,0.1564,0.0034,0.1383,0.0044,0.1745,0.0098,0.0244,0.2214,0.0269,0.1984,0.0127,0.2180,0.0064
1785422114.40,111,base,0,0.0,15.0,40.773,25.15,249.81,0.0440,0.1505,0.0029,0.1515,0.0068,0.1711,0.0044,0.0142,0.2146,0.0249,0.1828,0.0073,0.2253,0.0015
1785422115.19,111,drive,0,0.0,15.0,40.773,25.15,249.81,0.0406,0.1574,0.0015,0.1496,0.0005,0.1628,0.0054,0.0171,0.2141,0.0283,0.1833,0.0103,0.2214,0.0000
1785422115.98,111,drive,0,0.5,15.0,40.773,25.15,249.81,0.0455,0.1603,0.0024,0.1598,0.0117,0.1784,0.0098,0.0235,0.2248,0.0376,0.1901,0.0127,0.2195,0.0068
1785422116.78,111,drive,0,1.0,15.0,40.773,25.15,249.81,0.0503,0.1564,0.0068,0.1579,0.0064,0.1774,0.0103,0.0259,0.2160,0.0332,0.1823,0.0117,0.2224,0.0073
1785422117.57,111,drive,0,1.5,15.0,40.773,25.15,249.81,0.0489,0.1574,0.0010,0.1540,0.0029,0.1779,0.0103,0.0196,0.2283,0.0332,0.1921,0.0147,0.2258,0.0044
1785422118.36,111,drive,0,2.0,15.0,40.773,25.15,249.81,0.0440,0.1584,0.0073,0.1574,0.0024,0.1755,0.0103,0.0200,0.2268,0.0308,0.1945,0.0117,0.2204,0.0034
1785422119.15,111,drive,0,2.5,15.0,40.773,25.15,249.81,0.0455,0.1608,0.0005,0.1554,0.0073,0.1716,0.0181,0.0220,0.2243,0.0274,0.1887,0.0098,0.2229,0.0059
1785422119.95,111,drive,0,3.0,15.0,40.773,25.15,249.81,0.0455,0.1608,0.0064,0.1574,0.0024,0.1750,0.0132,0.0220,0.2180,0.0327,0.1862,0.0117,0.2199,0.0088
1785422120.73,111,drive,0,3.5,15.0,40.773,25.15,249.81,0.0523,0.1549,0.0279,0.1549,0.0034,0.1760,0.0083,0.0244,0.2214,0.0347,0.1862,0.0127,0.2229,0.0274
1785422121.53,111,drive,0,4.0,15.0,40.773,25.15,249.81,0.0430,0.1544,0.0127,0.1525,0.0034,0.1745,0.0127,0.0225,0.2268,0.0396,0.1872,0.0235,0.2190,0.0039
1785422122.38,112,base,0,0.0,15.0,40.753,25.15,249.81,0.0411,0.1500,0.0186,0.1598,0.0005,0.1716,0.0073,0.0186,0.2141,0.0239,0.1808,0.0142,0.2160,0.0117
1785422123.17,112,drive,0,0.0,15.0,40.753,25.15,249.81,0.0430,0.1471,0.0005,0.1544,0.0073,0.1672,0.0283,0.0171,0.2151,0.0362,0.1794,0.0044,0.2146,0.0015
1785422123.96,112,drive,0,0.5,15.0,40.753,25.15,249.81,0.0430,0.1515,0.0000,0.1520,0.0000,0.1686,0.0044,0.0200,0.2160,0.0323,0.1813,0.0049,0.2160,0.0005
1785422124.75,112,drive,0,1.0,15.0,40.753,25.15,249.81,0.0430,0.1544,0.0000,0.1530,0.0010,0.1706,0.0024,0.0200,0.2195,0.0332,0.1838,0.0015,0.2175,0.0078
1785422125.54,112,drive,0,1.5,15.0,40.753,25.15,249.81,0.0445,0.1544,0.0005,0.1554,0.0000,0.1725,0.0039,0.0205,0.2155,0.0327,0.1828,0.0020,0.2141,0.0073
1785422126.33,112,drive,0,2.0,15.0,40.753,25.15,249.81,0.0411,0.1525,0.0000,0.1549,0.0000,0.1701,0.0015,0.0230,0.2185,0.0323,0.1755,0.0020,0.2111,0.0103
1785422127.11,112,drive,0,2.5,15.0,40.753,25.15,249.81,0.0430,0.1520,0.0000,0.1544,0.0005,0.1711,0.0039,0.0210,0.2170,0.0318,0.1779,0.0024,0.2121,0.0088
1785422127.90,112,drive,0,3.0,15.0,40.753,25.15,249.81,0.0411,0.1549,0.0000,0.1559,0.0005,0.1720,0.0049,0.0191,0.2146,0.0347,0.1794,0.0020,0.2116,0.0093
1785422128.69,112,drive,0,3.5,15.0,40.753,25.15,249.81,0.0450,0.1588,0.0000,0.1574,0.0000,0.1716,0.0034,0.0147,0.2170,0.0337,0.1794,0.0024,0.2126,0.0083
1785422129.48,112,drive,0,4.0,15.0,40.753,25.15,249.81,0.0430,0.1540,0.0005,0.1564,0.0000,0.1711,0.0024,0.0186,0.2185,0.0303,0.1808,0.0015,0.2136,0.0068
1785422130.34,113,base,0,0.0,15.0,40.733,25.15,249.81,0.0411,0.1496,0.0010,0.1535,0.0000,0.1667,0.0029,0.0156,0.2165,0.0283,0.1833,0.0039,0.2170,0.0010
1785422131.13,113,drive,0,0.0,15.0,40.733,25.15,249.81,0.0430,0.1535,0.0000,0.1535,0.0000,0.1691,0.0039,0.0196,0.2155,0.0308,0.1808,0.0034,0.2165,0.0000
1785422131.92,113,drive,0,0.5,15.0,40.733,25.15,249.81,0.0396,0.1525,0.0000,0.1515,0.0000,0.1676,0.0010,0.0191,0.2175,0.0313,0.1843,0.0034,0.2195,0.0010
1785422132.70,113,drive,0,1.0,15.0,40.733,25.15,249.81,0.0567,0.1613,0.0059,0.1603,0.0117,0.1696,0.0093,0.0347,0.2160,0.0318,0.1808,0.0166,0.2067,0.0147
1785422133.49,113,drive,0,1.5,15.0,40.733,25.15,249.81,0.0415,0.1613,0.0010,0.1574,0.0088,0.1696,0.0244,0.0161,0.2195,0.0396,0.1745,0.0024,0.2141,0.0098
1785422134.28,113,drive,0,2.0,15.0,40.733,25.15,249.81,0.0469,0.1574,0.0010,0.1481,0.0034,0.1716,0.0210,0.0196,0.2170,0.0357,0.1804,0.0054,0.2063,0.0098
1785422135.07,113,drive,0,2.5,15.0,40.733,25.15,249.81,0.0411,0.1549,0.0020,0.1564,0.0044,0.1760,0.0064,0.0249,0.2175,0.0298,0.1828,0.0020,0.2209,0.0054
1785422135.86,113,drive,0,3.0,15.0,40.733,25.15,249.81,0.0474,0.1452,0.0024,0.1535,0.0064,0.1711,0.0059,0.0230,0.2185,0.0337,0.1764,0.0044,0.2053,0.0132
1785422136.65,113,drive,0,3.5,15.0,40.733,25.15,249.81,0.0415,0.1549,0.0068,0.1520,0.0073,0.1667,0.0049,0.0181,0.2146,0.0327,0.1764,0.0064,0.2126,0.0166
1785422137.44,113,drive,0,4.0,15.0,40.733,25.15,249.81,0.0455,0.1525,0.0068,0.1530,0.0054,0.1725,0.0059,0.0225,0.2151,0.0323,0.1779,0.0073,0.2151,0.0186
1785422138.31,114,base,0,0.0,15.0,40.773,25.15,249.81,0.0459,0.1525,0.0088,0.1574,0.0005,0.1720,0.0054,0.0196,0.2116,0.0269,0.1867,0.0093,0.2180,0.0005
1785422139.10,114,drive,0,0.0,15.0,40.773,25.15,249.81,0.0445,0.1515,0.0103,0.1525,0.0044,0.1676,0.0029,0.0235,0.2107,0.0308,0.1808,0.0108,0.2190,0.0068
1785422139.89,114,drive,0,0.5,15.0,40.773,25.15,249.81,0.0474,0.1549,0.0073,0.1491,0.0010,0.1740,0.0034,0.0191,0.2102,0.0371,0.1852,0.0103,0.2199,0.0015
1785422140.68,114,drive,0,1.0,15.0,40.773,25.15,249.81,0.0455,0.1574,0.0044,0.1549,0.0176,0.1720,0.0029,0.0254,0.2175,0.0352,0.1965,0.0059,0.2199,0.0112
1785422141.46,114,drive,0,1.5,15.0,40.773,25.15,249.81,0.0425,0.1466,0.0010,0.1579,0.0044,0.1681,0.0244,0.0181,0.2219,0.0425,0.2067,0.0049,0.2190,0.0103
1785422142.25,114,drive,0,2.0,15.0,40.773,25.15,249.81,0.0430,0.1491,0.0005,0.1564,0.0078,0.1706,0.0283,0.0166,0.2224,0.0435,0.2067,0.0034,0.2155,0.0093
1785422143.04,114,drive,0,2.5,15.0,40.773,25.15,249.81,0.0450,0.1544,0.0220,0.1574,0.0034,0.1642,0.0068,0.0249,0.2204,0.0411,0.2033,0.0083,0.2170,0.0249
1785422143.84,114,drive,0,3.0,15.0,40.773,25.15,249.81,0.0455,0.1559,0.0005,0.1540,0.0010,0.1686,0.0034,0.0152,0.2214,0.0376,0.2082,0.0049,0.2165,0.0059
1785422144.63,114,drive,0,3.5,15.0,40.773,25.15,249.81,0.0425,0.1500,0.0000,0.1549,0.0010,0.1706,0.0034,0.0161,0.2224,0.0386,0.2048,0.0049,0.2185,0.0098
1785422145.42,114,drive,0,4.0,15.0,40.773,25.15,249.81,0.0459,0.1549,0.0000,0.1564,0.0010,0.1686,0.0020,0.0166,0.2219,0.0381,0.2053,0.0064,0.2180,0.0064
1785422146.28,115,base,0,0.0,15.0,40.713,25.15,249.81,0.0396,0.1515,0.0000,0.1535,0.0000,0.1696,0.0039,0.0186,0.2155,0.0313,0.1843,0.0029,0.2160,0.0000
1785422147.07,115,drive,0,0.0,15.0,40.713,25.15,249.81,0.0415,0.1520,0.0000,0.1520,0.0000,0.1686,0.0034,0.0176,0.2170,0.0342,0.1838,0.0044,0.2131,0.0000
1785422147.86,115,drive,0,0.5,15.0,40.713,25.15,249.81,0.0386,0.1535,0.0010,0.1554,0.0000,0.1686,0.0034,0.0200,0.2165,0.0323,0.1867,0.0049,0.2175,0.0020
1785422148.65,115,drive,0,1.0,15.0,40.713,25.15,249.81,0.0440,0.1540,0.0000,0.1540,0.0000,0.1691,0.0044,0.0161,0.2224,0.0367,0.1994,0.0039,0.2180,0.0059
1785422149.44,115,drive,0,1.5,15.0,40.713,25.15,249.81,0.0440,0.1549,0.0005,0.1525,0.0000,0.1706,0.0039,0.0191,0.2219,0.0367,0.2048,0.0029,0.2185,0.0054
1785422150.23,115,drive,0,2.0,15.0,40.713,25.15,249.81,0.0440,0.1544,0.0000,0.1559,0.0010,0.1696,0.0029,0.0156,0.2229,0.0396,0.2072,0.0039,0.2180,0.0073
1785422151.02,115,drive,0,2.5,15.0,40.713,25.15,249.81,0.0420,0.1540,0.0000,0.1544,0.0005,0.1720,0.0049,0.0156,0.2209,0.0415,0.2053,0.0020,0.2180,0.0054
1785422151.81,115,drive,0,3.0,15.0,40.713,25.15,249.81,0.0430,0.1525,0.0000,0.1559,0.0000,0.1686,0.0039,0.0186,0.2199,0.0376,0.2067,0.0044,0.2136,0.0059
1785422152.60,115,drive,0,3.5,15.0,40.713,25.15,249.81,0.0455,0.1530,0.0005,0.1554,0.0000,0.1706,0.0029,0.0161,0.2224,0.0367,0.2048,0.0024,0.2170,0.0054
1785422153.40,115,drive,0,4.0,15.0,40.713,25.15,249.81,0.0425,0.1535,0.0000,0.1569,0.0000,0.1711,0.0024,0.0152,0.2204,0.0406,0.2072,0.0034,0.2190,0.0103
1785422154.27,116,base,0,0.0,15.0,40.653,25.15,249.81,0.0455,0.1525,0.0000,0.1549,0.0000,0.1681,0.0020,0.0181,0.2185,0.0313,0.1828,0.0039,0.2170,0.0000
1785422155.06,116,drive,0,0.0,15.0,40.653,25.15,249.81,0.0411,0.1500,0.0005,0.1564,0.0000,0.1672,0.0029,0.0161,0.2175,0.0288,0.1843,0.0034,0.2180,0.0000
1785422155.85,116,drive,0,0.5,15.0,40.653,25.15,249.81,0.0401,0.1515,0.0000,0.1540,0.0015,0.1681,0.0024,0.0161,0.2195,0.0313,0.1804,0.0034,0.2190,0.0000
1785422156.63,116,drive,0,1.0,15.0,40.653,25.15,249.81,0.0411,0.1505,0.0000,0.1500,0.0000,0.1686,0.0034,0.0161,0.2175,0.0298,0.1833,0.0024,0.2170,0.0000
1785422157.43,116,drive,0,1.5,15.0,40.653,25.15,249.81,0.0386,0.1569,0.0000,0.1515,0.0005,0.1686,0.0020,0.0210,0.2175,0.0313,0.1833,0.0054,0.2170,0.0000
1785422158.21,116,drive,0,2.0,15.0,40.653,25.15,249.81,0.0425,0.1515,0.0000,0.1520,0.0000,0.1681,0.0029,0.0176,0.2175,0.0318,0.1813,0.0029,0.2180,0.0000
1785422159.01,116,drive,0,2.5,15.0,40.653,25.15,249.81,0.0371,0.1515,0.0000,0.1525,0.0005,0.1652,0.0034,0.0166,0.2180,0.0303,0.1804,0.0054,0.2190,0.0015
1785422159.80,116,drive,0,3.0,15.0,40.653,25.15,249.81,0.0401,0.1510,0.0005,0.1515,0.0000,0.1667,0.0034,0.0191,0.2136,0.0308,0.1838,0.0068,0.2175,0.0005
1785422160.59,116,drive,0,3.5,15.0,40.653,25.15,249.81,0.0406,0.1525,0.0000,0.1491,0.0005,0.1691,0.0029,0.0176,0.2175,0.0308,0.1813,0.0020,0.2175,0.0005
1785422161.38,116,drive,0,4.0,15.0,40.653,25.15,249.81,0.0411,0.1535,0.0000,0.1530,0.0005,0.1691,0.0024,0.0161,0.2165,0.0308,0.1833,0.0044,0.2190,0.0005
1785422162.26,117,base,0,0.0,15.0,40.793,25.15,249.81,0.0381,0.1515,0.0005,0.1540,0.0000,0.1672,0.0015,0.0205,0.2151,0.0293,0.1838,0.0034,0.2180,0.0000
1785422163.05,117,drive,0,0.0,15.0,40.793,25.15,249.81,0.0391,0.1549,0.0000,0.1525,0.0005,0.1667,0.0039,0.0181,0.2165,0.0269,0.1823,0.0029,0.2185,0.0000
1785422163.84,117,drive,0,0.5,15.0,40.793,25.15,249.81,0.0445,0.1554,0.0000,0.1525,0.0005,0.1711,0.0015,0.0171,0.2180,0.0318,0.1823,0.0039,0.2146,0.0015
1785422164.63,117,drive,0,1.0,15.0,40.793,25.15,249.81,0.0435,0.1549,0.0005,0.1500,0.0000,0.1623,0.0034,0.0186,0.2175,0.0308,0.1857,0.0024,0.2185,0.0064
1785422165.41,117,drive,0,1.5,15.0,40.793,25.15,249.81,0.0450,0.1559,0.0000,0.1388,0.0020,0.1452,0.0029,0.0215,0.2146,0.0318,0.1818,0.0049,0.2190,0.0108
1785422166.20,117,drive,0,2.0,15.0,40.793,25.15,249.81,0.0420,0.1559,0.0005,0.1197,0.0020,0.1325,0.0049,0.0191,0.2141,0.0327,0.1804,0.0059,0.2180,0.0127
1785422166.99,117,drive,0,2.5,15.0,40.793,25.15,249.81,0.0484,0.1584,0.0000,0.1168,0.0005,0.1197,0.0073,0.0210,0.2131,0.0352,0.1760,0.0039,0.2180,0.0191
1785422167.78,117,drive,0,3.0,15.0,40.793,25.15,249.81,0.0494,0.1569,0.0010,0.1158,0.0024,0.1442,0.0078,0.0191,0.2116,0.0313,0.1730,0.0029,0.2126,0.0293
1785422168.57,117,drive,0,3.5,15.0,40.793,25.15,249.81,0.0494,0.1530,0.0005,0.1325,0.0034,0.1701,0.0088,0.0215,0.2146,0.0283,0.1760,0.0049,0.2190,0.0308
1785422169.36,117,drive,0,4.0,15.0,40.793,25.15,249.81,0.0513,0.1549,0.0015,0.1593,0.0000,0.1862,0.0117,0.0200,0.2111,0.0230,0.1676,0.0044,0.2190,0.0347
1785422170.22,118,base,0,0.0,15.0,40.793,25.15,249.81,0.0411,0.1486,0.0005,0.1535,0.0005,0.1647,0.0020,0.0166,0.2160,0.0337,0.1799,0.0015,0.2160,0.0000
1785422171.01,118,drive,0,0.0,15.0,40.793,25.15,249.81,0.0411,0.1530,0.0000,0.1515,0.0000,0.1681,0.0029,0.0176,0.2175,0.0318,0.1823,0.0029,0.2175,0.0000
1785422171.80,118,drive,0,0.5,15.0,40.793,25.15,249.81,0.0396,0.1525,0.0000,0.1535,0.0000,0.1696,0.0029,0.0181,0.2151,0.0318,0.1808,0.0054,0.2165,0.0000
1785422172.59,118,drive,0,1.0,15.0,40.793,25.15,249.81,0.0401,0.1549,0.0000,0.1515,0.0000,0.1691,0.0049,0.0181,0.2165,0.0313,0.1813,0.0024,0.2190,0.0000
1785422173.38,118,drive,0,1.5,15.0,40.793,25.15,249.81,0.0406,0.1549,0.0000,0.1530,0.0000,0.1672,0.0024,0.0186,0.2151,0.0293,0.1823,0.0034,0.2141,0.0000
1785422174.17,118,drive,0,2.0,15.0,40.793,25.15,249.81,0.0406,0.1554,0.0000,0.1515,0.0000,0.1681,0.0020,0.0200,0.2151,0.0279,0.1828,0.0034,0.2195,0.0000
1785422174.97,118,drive,0,2.5,15.0,40.793,25.15,249.81,0.0425,0.1520,0.0000,0.1535,0.0000,0.1681,0.0010,0.0200,0.2175,0.0293,0.1808,0.0039,0.2180,0.0000
1785422175.75,118,drive,0,3.0,15.0,40.793,25.15,249.81,0.0401,0.1535,0.0005,0.1569,0.0000,0.1691,0.0015,0.0191,0.2190,0.0283,0.1852,0.0029,0.2175,0.0000
1785422176.54,118,drive,0,3.5,15.0,40.793,25.15,249.81,0.0401,0.1544,0.0000,0.1540,0.0000,0.1657,0.0029,0.0181,0.2165,0.0313,0.1813,0.0034,0.2146,0.0000
1785422177.33,118,drive,0,4.0,15.0,40.793,25.15,249.81,0.0411,0.1530,0.0010,0.1544,0.0000,0.1706,0.0010,0.0196,0.2209,0.0303,0.1799,0.0029,0.2175,0.0000
1785422178.20,119,base,0,0.0,15.0,40.753,25.15,249.81,0.0425,0.1535,0.0000,0.1520,0.0000,0.1681,0.0029,0.0196,0.2151,0.0303,0.1852,0.0049,0.2160,0.0000
1785422178.99,119,drive,0,0.0,15.0,40.753,25.15,249.81,0.0440,0.1525,0.0005,0.1535,0.0005,0.1681,0.0010,0.0181,0.2190,0.0293,0.1838,0.0049,0.2151,0.0005
1785422179.78,119,drive,0,0.5,15.0,40.753,25.15,249.81,0.0406,0.1505,0.0000,0.1554,0.0000,0.1681,0.0010,0.0166,0.2180,0.0313,0.1813,0.0039,0.2199,0.0000
1785422180.57,119,drive,0,1.0,15.0,40.753,25.15,249.81,0.0406,0.1540,0.0000,0.1535,0.0005,0.1691,0.0024,0.0186,0.2199,0.0298,0.1808,0.0049,0.2175,0.0000
1785422181.36,119,drive,0,1.5,15.0,40.753,25.15,249.81,0.0401,0.1520,0.0005,0.1500,0.0000,0.1720,0.0024,0.0186,0.2190,0.0318,0.1818,0.0044,0.2170,0.0000
1785422182.15,119,drive,0,2.0,15.0,40.753,25.15,249.81,0.0391,0.1505,0.0005,0.1535,0.0000,0.1711,0.0024,0.0176,0.2185,0.0327,0.1799,0.0029,0.2190,0.0000
1785422182.93,119,drive,0,2.5,15.0,40.753,25.15,249.81,0.0425,0.1510,0.0000,0.1530,0.0005,0.1701,0.0029,0.0186,0.2175,0.0274,0.1828,0.0039,0.2170,0.0005
1785422183.73,119,drive,0,3.0,15.0,40.753,25.15,249.81,0.0411,0.1496,0.0000,0.1540,0.0000,0.1686,0.0024,0.0191,0.2190,0.0298,0.1843,0.0024,0.2175,0.0005
1785422184.52,119,drive,0,3.5,15.0,40.753,25.15,249.81,0.0391,0.1510,0.0000,0.1535,0.0005,0.1686,0.0020,0.0210,0.2175,0.0332,0.1804,0.0024,0.2180,0.0000
1785422185.31,119,drive,0,4.0,15.0,40.753,25.15,249.81,0.0425,0.1515,0.0000,0.1540,0.0005,0.1696,0.0034,0.0215,0.2170,0.0303,0.1848,0.0044,0.2155,0.0000
1785422186.17,120,base,0,0.0,15.0,40.713,25.15,249.82,0.0371,0.1520,0.0005,0.1540,0.0005,0.1716,0.0020,0.0176,0.2155,0.0308,0.1813,0.0029,0.2180,0.0000
1785422186.96,120,drive,0,0.0,15.0,40.713,25.15,249.82,0.0406,0.1549,0.0000,0.1505,0.0000,0.1706,0.0029,0.0171,0.2180,0.0303,0.1818,0.0054,0.2175,0.0000
1785422187.75,120,drive,0,0.5,15.0,40.713,25.15,249.82,0.0411,0.1530,0.0000,0.1520,0.0005,0.1672,0.0010,0.0200,0.2185,0.0303,0.1813,0.0024,0.2180,0.0000
1785422188.54,120,drive,0,1.0,15.0,40.713,25.15,249.82,0.0406,0.1520,0.0000,0.1535,0.0000,0.1691,0.0044,0.0186,0.2170,0.0293,0.1828,0.0029,0.2185,0.0000
1785422189.33,120,drive,0,1.5,15.0,40.713,25.15,249.82,0.0411,0.1520,0.0000,0.1530,0.0000,0.1691,0.0034,0.0210,0.2155,0.0308,0.1833,0.0044,0.2185,0.0000
1785422190.12,120,drive,0,2.0,15.0,40.713,25.15,249.82,0.0406,0.1505,0.0005,0.1535,0.0015,0.1686,0.0005,0.0205,0.2195,0.0303,0.1813,0.0059,0.2180,0.0000
1785422190.91,120,drive,0,2.5,15.0,40.713,25.15,249.82,0.0425,0.1535,0.0000,0.1540,0.0015,0.1706,0.0039,0.0200,0.2170,0.0283,0.1818,0.0039,0.2175,0.0010
1785422191.70,120,drive,0,3.0,15.0,40.713,25.15,249.82,0.0415,0.1510,0.0000,0.1525,0.0005,0.1681,0.0015,0.0156,0.2170,0.0308,0.1794,0.0024,0.2175,0.0000
1785422192.49,120,drive,0,3.5,15.0,40.713,25.15,249.82,0.0420,0.1515,0.0000,0.1549,0.0000,0.1681,0.0024,0.0171,0.2180,0.0308,0.1813,0.0020,0.2160,0.0000
1785422193.28,120,drive,0,4.0,15.0,40.713,25.15,249.82,0.0396,0.1491,0.0000,0.1520,0.0000,0.1701,0.0034,0.0210,0.2155,0.0318,0.1838,0.0044,0.2180,0.0000
1785422194.14,121,base,0,0.0,15.0,40.813,25.15,249.82,0.0411,0.1500,0.0000,0.1520,0.0005,0.1706,0.0005,0.0176,0.2185,0.0323,0.1823,0.0024,0.2180,0.0005
1785422194.93,121,drive,0,0.0,15.0,40.813,25.15,249.82,0.0381,0.1535,0.0000,0.1530,0.0000,0.1667,0.0034,0.0200,0.2165,0.0308,0.1823,0.0034,0.2190,0.0000
1785422195.72,121,drive,0,0.5,15.0,40.813,25.15,249.82,0.0396,0.1515,0.0000,0.1525,0.0000,0.1686,0.0024,0.0181,0.2165,0.0303,0.1843,0.0034,0.2195,0.0000
1785422196.51,121,drive,0,1.0,15.0,40.813,25.15,249.82,0.0362,0.1505,0.0005,0.1525,0.0005,0.1691,0.0010,0.0196,0.2204,0.0293,0.1804,0.0024,0.2195,0.0000
1785422197.30,121,drive,0,1.5,15.0,40.813,25.15,249.82,0.0420,0.1530,0.0000,0.1540,0.0005,0.1662,0.0024,0.0191,0.2155,0.0303,0.1838,0.0054,0.2180,0.0000
1785422198.09,121,drive,0,2.0,15.0,40.813,25.15,249.82,0.0411,0.1554,0.0000,0.1540,0.0005,0.1676,0.0020,0.0176,0.2175,0.0288,0.1833,0.0029,0.2160,0.0005
1785422198.88,121,drive,0,2.5,15.0,40.813,25.15,249.82,0.0386,0.1496,0.0010,0.1520,0.0000,0.1686,0.0005,0.0196,0.2155,0.0303,0.1838,0.0044,0.2195,0.0000
1785422199.67,121,drive,0,3.0,15.0,40.813,25.15,249.82,0.0411,0.1540,0.0000,0.1505,0.0005,0.1720,0.0010,0.0186,0.2195,0.0274,0.1833,0.0024,0.2180,0.0000
1785422200.45,121,drive,0,3.5,15.0,40.813,25.15,249.82,0.0406,0.1525,0.0000,0.1505,0.0000,0.1691,0.0010,0.0191,0.2146,0.0318,0.1838,0.0049,0.2155,0.0000
1785422201.24,121,drive,0,4.0,15.0,40.813,25.15,249.82,0.0396,0.1491,0.0000,0.1535,0.0005,0.1681,0.0029,0.0176,0.2199,0.0323,0.1818,0.0034,0.2185,0.0000
1785422202.11,122,base,0,0.0,15.0,40.753,25.15,249.82,0.0396,0.1510,0.0005,0.1530,0.0000,0.1701,0.0039,0.0161,0.2141,0.0308,0.1843,0.0034,0.2151,0.0005
1785422202.90,122,drive,0,0.0,15.0,40.753,25.15,249.82,0.0415,0.1510,0.0000,0.1535,0.0005,0.1681,0.0010,0.0196,0.2170,0.0303,0.1848,0.0029,0.2141,0.0000
1785422203.69,122,drive,0,0.5,15.0,40.753,25.15,249.82,0.0411,0.1520,0.0000,0.1535,0.0000,0.1701,0.0024,0.0186,0.2180,0.0288,0.1867,0.0049,0.2155,0.0000
1785422204.49,122,drive,0,1.0,15.0,40.753,25.15,249.82,0.0406,0.1510,0.0010,0.1540,0.0000,0.1681,0.0029,0.0181,0.2160,0.0288,0.1838,0.0049,0.2195,0.0000
1785422205.28,122,drive,0,1.5,15.0,40.753,25.15,249.82,0.0406,0.1500,0.0000,0.1500,0.0000,0.1672,0.0039,0.0205,0.2209,0.0293,0.1833,0.0039,0.2155,0.0000
1785422206.06,122,drive,0,2.0,15.0,40.753,25.15,249.82,0.0406,0.1496,0.0010,0.1520,0.0000,0.1681,0.0015,0.0176,0.2170,0.0288,0.1848,0.0039,0.2165,0.0000
1785422206.85,122,drive,0,2.5,15.0,40.753,25.15,249.82,0.0415,0.1466,0.0005,0.1535,0.0000,0.1676,0.0029,0.0191,0.2165,0.0283,0.1828,0.0020,0.2175,0.0000
1785422207.64,122,drive,0,3.0,15.0,40.753,25.15,249.82,0.0386,0.1520,0.0000,0.1520,0.0005,0.1681,0.0015,0.0200,0.2180,0.0283,0.1843,0.0049,0.2190,0.0005
1785422208.43,122,drive,0,3.5,15.0,40.753,25.15,249.82,0.0357,0.1496,0.0000,0.1544,0.0000,0.1696,0.0029,0.0220,0.2175,0.0313,0.1818,0.0020,0.2180,0.0000
1785422209.22,122,drive,0,4.0,15.0,40.753,25.15,249.82,0.0415,0.1515,0.0005,0.1535,0.0000,0.1672,0.0024,0.0181,0.2180,0.0283,0.1833,0.0034,0.2180,0.0000
1785422210.08,123,base,0,0.0,15.0,40.733,25.15,249.82,0.0401,0.1515,0.0005,0.1510,0.0005,0.1701,0.0029,0.0186,0.2151,0.0303,0.1833,0.0034,0.2170,0.0000
1785422210.87,123,drive,0,0.0,15.0,40.733,25.15,249.82,0.0406,0.1525,0.0000,0.1530,0.0000,0.1662,0.0005,0.0181,0.2180,0.0283,0.1828,0.0039,0.2146,0.0000
1785422211.67,123,drive,0,0.5,15.0,40.733,25.15,249.82,0.0420,0.1540,0.0000,0.1515,0.0010,0.1735,0.0044,0.0186,0.2175,0.0303,0.1833,0.0039,0.2185,0.0000
1785422212.46,123,drive,0,1.0,15.0,40.733,25.15,249.82,0.0415,0.1505,0.0000,0.1569,0.0000,0.1681,0.0044,0.0181,0.2180,0.0279,0.1828,0.0029,0.2180,0.0000
1785422213.24,123,drive,0,1.5,15.0,40.733,25.15,249.82,0.0440,0.1535,0.0000,0.1510,0.0010,0.1647,0.0029,0.0200,0.2170,0.0308,0.1852,0.0024,0.2165,0.0000
1785422214.03,123,drive,0,2.0,15.0,40.733,25.15,249.82,0.0420,0.1525,0.0005,0.1544,0.0000,0.1696,0.0034,0.0186,0.2175,0.0303,0.1818,0.0024,0.2180,0.0005
1785422214.82,123,drive,0,2.5,15.0,40.733,25.15,249.82,0.0411,0.1525,0.0005,0.1530,0.0000,0.1681,0.0020,0.0196,0.2175,0.0293,0.1833,0.0039,0.2180,0.0000
1785422215.60,123,drive,0,3.0,15.0,40.733,25.15,249.82,0.0401,0.1515,0.0000,0.1540,0.0005,0.1701,0.0029,0.0181,0.2175,0.0313,0.1848,0.0039,0.2199,0.0000
1785422216.40,123,drive,0,3.5,15.0,40.733,25.15,249.82,0.0401,0.1515,0.0000,0.1500,0.0000,0.1691,0.0039,0.0196,0.2151,0.0303,0.1833,0.0054,0.2185,0.0005
1785422217.18,123,drive,0,4.0,15.0,40.733,25.15,249.82,0.0391,0.1496,0.0000,0.1544,0.0005,0.1676,0.0010,0.0200,0.2160,0.0298,0.1818,0.0034,0.2151,0.0005
1785422218.05,124,base,0,0.0,15.0,40.733,25.15,249.82,0.0406,0.1491,0.0005,0.1535,0.0000,0.1701,0.0039,0.0176,0.2151,0.0298,0.1828,0.0020,0.2165,0.0000
1785422218.84,124,drive,0,0.0,15.0,40.733,25.15,249.82,0.0391,0.1525,0.0000,0.1520,0.0000,0.1681,0.0029,0.0200,0.2180,0.0308,0.1818,0.0049,0.2190,0.0005
1785422219.63,124,drive,0,0.5,15.0,40.733,25.15,249.82,0.0411,0.1525,0.0000,0.1525,0.0005,0.1696,0.0034,0.0205,0.2155,0.0283,0.1852,0.0034,0.2141,0.0005
1785422220.42,124,drive,0,1.0,15.0,40.733,25.15,249.82,0.0406,0.1496,0.0000,0.1525,0.0000,0.1691,0.0024,0.0210,0.2185,0.0283,0.1833,0.0059,0.2185,0.0000
1785422221.21,124,drive,0,1.5,15.0,40.733,25.15,249.82,0.0420,0.1476,0.0000,0.1549,0.0000,0.1686,0.0024,0.0191,0.2160,0.0308,0.1833,0.0015,0.2180,0.0000
1785422222.00,124,drive,0,2.0,15.0,40.733,25.15,249.82,0.0435,0.1510,0.0010,0.1549,0.0000,0.1701,0.0044,0.0166,0.2175,0.0288,0.1862,0.0020,0.2165,0.0005
1785422222.79,124,drive,0,2.5,15.0,40.733,25.15,249.82,0.0420,0.1525,0.0000,0.1500,0.0005,0.1706,0.0020,0.0161,0.2165,0.0327,0.1828,0.0029,0.2190,0.0005
1785422223.58,124,drive,0,3.0,15.0,40.733,25.15,249.82,0.0391,0.1530,0.0000,0.1530,0.0000,0.1672,0.0020,0.0200,0.2204,0.0283,0.1833,0.0049,0.2190,0.0000
1785422224.37,124,drive,0,3.5,15.0,40.733,25.15,249.82,0.0347,0.1500,0.0000,0.1549,0.0005,0.1681,0.0015,0.0215,0.2175,0.0288,0.1838,0.0044,0.2185,0.0000
1785422225.16,124,drive,0,4.0,15.0,40.733,25.15,249.82,0.0396,0.1530,0.0000,0.1515,0.0000,0.1676,0.0024,0.0215,0.2170,0.0283,0.1838,0.0034,0.2204,0.0000
1785422226.02,125,base,0,0.0,15.0,40.673,25.15,249.82,0.0391,0.1515,0.0005,0.1520,0.0000,0.1701,0.0015,0.0200,0.2180,0.0318,0.1848,0.0029,0.2170,0.0000
1785422226.81,125,drive,0,0.0,15.0,40.673,25.15,249.82,0.0401,0.1505,0.0005,0.1520,0.0005,0.1681,0.0029,0.0200,0.2180,0.0283,0.1799,0.0039,0.2185,0.0000
1785422227.60,125,drive,0,0.5,15.0,40.673,25.15,249.82,0.0411,0.1525,0.0000,0.1515,0.0005,0.1667,0.0015,0.0200,0.2165,0.0288,0.1833,0.0049,0.2155,0.0005
1785422228.39,125,drive,0,1.0,15.0,40.673,25.15,249.82,0.0406,0.1500,0.0000,0.1515,0.0015,0.1681,0.0020,0.0176,0.2175,0.0332,0.1838,0.0024,0.2165,0.0000
1785422229.18,125,drive,0,1.5,15.0,40.673,25.15,249.82,0.0396,0.1525,0.0000,0.1544,0.0000,0.1662,0.0039,0.0196,0.2170,0.0279,0.1838,0.0039,0.2209,0.0000
1785422229.97,125,drive,0,2.0,15.0,40.673,25.15,249.82,0.0396,0.1510,0.0005,0.1520,0.0000,0.1662,0.0020,0.0205,0.2209,0.0288,0.1833,0.0034,0.2180,0.0005
1785422230.76,125,drive,0,2.5,15.0,40.673,25.15,249.82,0.0396,0.1500,0.0000,0.1559,0.0005,0.1701,0.0015,0.0205,0.2185,0.0288,0.1843,0.0054,0.2175,0.0000
1785422231.55,125,drive,0,3.0,15.0,40.673,25.15,249.82,0.0401,0.1515,0.0000,0.1520,0.0000,0.1657,0.0024,0.0186,0.2165,0.0298,0.1833,0.0024,0.2180,0.0000
1785422232.34,125,drive,0,3.5,15.0,40.673,25.15,249.82,0.0401,0.1530,0.0000,0.1530,0.0005,0.1696,0.0039,0.0186,0.2160,0.0293,0.1857,0.0039,0.2180,0.0000
1785422233.12,125,drive,0,4.0,15.0,40.673,25.15,249.82,0.0415,0.1554,0.0005,0.1520,0.0000,0.1691,0.0010,0.0196,0.2190,0.0303,0.1828,0.0039,0.2199,0.0000
1785422234.00,126,base,0,0.0,15.0,40.793,25.15,249.83,0.0415,0.1535,0.0005,0.1540,0.0005,0.1686,0.0010,0.0191,0.2160,0.0308,0.1843,0.0034,0.2195,0.0000
1785422234.79,126,drive,0,0.0,15.0,40.793,25.15,249.83,0.0396,0.1515,0.0000,0.1510,0.0005,0.1696,0.0024,0.0200,0.2170,0.0279,0.1823,0.0029,0.2170,0.0000
1785422235.58,126,drive,0,0.5,15.0,40.793,25.15,249.83,0.0420,0.1525,0.0000,0.1525,0.0000,0.1706,0.0015,0.0166,0.2185,0.0298,0.1848,0.0024,0.2190,0.0005
1785422236.37,126,drive,0,1.0,15.0,40.793,25.15,249.83,0.0391,0.1510,0.0000,0.1525,0.0005,0.1686,0.0024,0.0181,0.2155,0.0288,0.1833,0.0029,0.2199,0.0000
1785422237.16,126,drive,0,1.5,15.0,40.793,25.15,249.83,0.0415,0.1515,0.0000,0.1549,0.0000,0.1676,0.0020,0.0171,0.2190,0.0274,0.1857,0.0020,0.2170,0.0000
1785422237.95,126,drive,0,2.0,15.0,40.793,25.15,249.83,0.0406,0.1515,0.0000,0.1535,0.0000,0.1691,0.0015,0.0181,0.2170,0.0308,0.1838,0.0049,0.2180,0.0000
1785422238.74,126,drive,0,2.5,15.0,40.793,25.15,249.83,0.0406,0.1496,0.0000,0.1520,0.0000,0.1691,0.0010,0.0205,0.2141,0.0313,0.1872,0.0034,0.2180,0.0005
1785422239.53,126,drive,0,3.0,15.0,40.793,25.15,249.83,0.0401,0.1510,0.0000,0.1530,0.0005,0.1681,0.0024,0.0186,0.2195,0.0308,0.1867,0.0034,0.2190,0.0000
1785422240.32,126,drive,0,3.5,15.0,40.793,25.15,249.83,0.0430,0.1510,0.0000,0.1510,0.0000,0.1701,0.0020,0.0191,0.2151,0.0308,0.1848,0.0024,0.2170,0.0005
1785422241.11,126,drive,0,4.0,15.0,40.793,25.15,249.83,0.0425,0.1505,0.0000,0.1530,0.0000,0.1711,0.0029,0.0181,0.2165,0.0293,0.1843,0.0024,0.2160,0.0000
1785422241.98,127,base,0,0.0,15.0,40.713,25.15,249.83,0.0391,0.1530,0.0000,0.1515,0.0005,0.1691,0.0024,0.0181,0.2190,0.0308,0.1833,0.0068,0.2175,0.0000
1785422242.77,127,drive,0,0.0,15.0,40.713,25.15,249.83,0.0411,0.1515,0.0000,0.1515,0.0005,0.1691,0.0005,0.0191,0.2165,0.0293,0.1823,0.0039,0.2170,0.0000
1785422243.55,127,drive,0,0.5,15.0,40.713,25.15,249.83,0.0401,0.1530,0.0000,0.1520,0.0010,0.1681,0.0010,0.0196,0.2141,0.0288,0.1833,0.0034,0.2170,0.0005
1785422244.34,127,drive,0,1.0,15.0,40.713,25.15,249.83,0.0425,0.1530,0.0005,0.1500,0.0005,0.1716,0.0020,0.0191,0.2195,0.0274,0.1833,0.0029,0.2185,0.0000
1785422245.13,127,drive,0,1.5,15.0,40.713,25.15,249.83,0.0415,0.1510,0.0000,0.1505,0.0020,0.1672,0.0020,0.0181,0.2185,0.0323,0.1843,0.0029,0.2170,0.0005
1785422245.93,127,drive,0,2.0,15.0,40.713,25.15,249.83,0.0425,0.1510,0.0000,0.1525,0.0000,0.1676,0.0020,0.0181,0.2180,0.0318,0.1794,0.0024,0.2190,0.0000
1785422246.72,127,drive,0,2.5,15.0,40.713,25.15,249.83,0.0440,0.1520,0.0005,0.1505,0.0000,0.1676,0.0029,0.0210,0.2165,0.0327,0.1862,0.0029,0.2180,0.0000
1785422247.51,127,drive,0,3.0,15.0,40.713,25.15,249.83,0.0401,0.1554,0.0005,0.1510,0.0000,0.1696,0.0029,0.0225,0.2155,0.0298,0.1833,0.0054,0.2204,0.0000
1785422248.30,127,drive,0,3.5,15.0,40.713,25.15,249.83,0.0401,0.1505,0.0005,0.1535,0.0005,0.1686,0.0015,0.0210,0.2199,0.0283,0.1838,0.0029,0.2185,0.0000
1785422249.09,127,drive,0,4.0,15.0,40.713,25.15,249.83,0.0411,0.1496,0.0000,0.1510,0.0010,0.1696,0.0044,0.0176,0.2185,0.0298,0.1838,0.0039,0.2160,0.0000
