t,ch,phase,rep,drive_v,dbm,bfm,temp_c,mA,pd0,pd1,pd2,pd3,pd4,pd5,pd6,pd7,pd8,pd9,pd10,pd11,pd12,pd13
1785417017.98,0,base,0,0.0,15.0,38.834,25.28,238.53,0.0171,0.0758,0.0000,0.0679,0.0005,0.0982,0.0015,0.0059,0.1393,0.0137,0.1095,0.0015,0.1447,0.0000
1785417018.07,0,base,1,0.0,15.0,38.834,25.28,238.53,0.0152,0.0753,0.0000,0.0699,0.0000,0.0934,0.0024,0.0059,0.1383,0.0122,0.1095,0.0015,0.1466,0.0000
1785417018.96,0,drive,0,0.0,15.0,38.834,25.28,238.53,0.0122,0.0792,0.0000,0.0738,0.0000,0.0978,0.0010,0.0088,0.1452,0.0132,0.1105,0.0000,0.1471,0.0000
1785417019.05,0,drive,1,0.0,15.0,38.834,25.28,238.53,0.0137,0.0758,0.0005,0.0723,0.0005,0.0992,0.0020,0.0088,0.1437,0.0127,0.1119,0.0015,0.1491,0.0005
1785417019.93,0,drive,0,0.25,15.0,38.834,25.28,238.53,0.0156,0.0748,0.0005,0.0733,0.0005,0.0987,0.0000,0.0059,0.1457,0.0142,0.1090,0.0005,0.1457,0.0000
1785417020.03,0,drive,1,0.25,15.0,38.834,25.28,238.53,0.0132,0.0792,0.0000,0.0733,0.0000,0.0992,0.0020,0.0059,0.1417,0.0137,0.1085,0.0015,0.1466,0.0005
1785417020.91,0,drive,0,0.5,15.0,38.834,25.28,238.53,0.0171,0.0772,0.0005,0.0718,0.0010,0.0982,0.0010,0.0064,0.1354,0.0108,0.0978,0.0010,0.1378,0.0000
1785417021.01,0,drive,1,0.5,15.0,38.834,25.28,238.53,0.0142,0.0762,0.0000,0.0728,0.0000,0.0997,0.0015,0.0088,0.1369,0.0112,0.0963,0.0015,0.1408,0.0000
1785417021.89,0,drive,0,0.75,15.0,38.834,25.28,238.53,0.0147,0.0767,0.0000,0.0728,0.0000,0.0958,0.0015,0.0088,0.1197,0.0108,0.0792,0.0015,0.1232,0.0000
1785417021.99,0,drive,1,0.75,15.0,38.834,25.28,238.53,0.0166,0.0777,0.0000,0.0718,0.0010,0.0992,0.0010,0.0020,0.1202,0.0127,0.0806,0.0005,0.1246,0.0000
1785417022.88,0,drive,0,1.0,15.0,38.834,25.28,238.53,0.0152,0.0762,0.0000,0.0728,0.0015,0.0992,0.0005,0.0088,0.1022,0.0117,0.0601,0.0005,0.1065,0.0000
1785417022.97,0,drive,1,1.0,15.0,38.834,25.28,238.53,0.0166,0.0753,0.0000,0.0709,0.0000,0.0973,0.0010,0.0049,0.1017,0.0127,0.0582,0.0010,0.1056,0.0000
1785417023.86,0,drive,0,1.25,15.0,38.834,25.28,238.53,0.0152,0.0777,0.0000,0.0753,0.0005,0.0963,0.0005,0.0059,0.0792,0.0112,0.0391,0.0005,0.0885,0.0000
1785417023.95,0,drive,1,1.25,15.0,38.834,25.28,238.53,0.0176,0.0777,0.0005,0.0753,0.0005,0.1002,0.0015,0.0054,0.0821,0.0122,0.0420,0.0029,0.0865,0.0000
1785417024.84,0,drive,0,1.5,15.0,38.834,25.28,238.53,0.0147,0.0797,0.0000,0.0772,0.0000,0.0997,0.0005,0.0073,0.0464,0.0083,0.0142,0.0000,0.0543,0.0005
1785417024.94,0,drive,1,1.5,15.0,38.834,25.28,238.53,0.0166,0.0787,0.0000,0.0748,0.0000,0.1012,0.0010,0.0078,0.0450,0.0088,0.0186,0.0015,0.0533,0.0005
1785417025.82,0,drive,0,1.75,15.0,38.834,25.28,238.53,0.0156,0.0792,0.0005,0.0767,0.0005,0.1017,0.0015,0.0054,0.0171,0.0132,0.0010,0.0000,0.0200,0.0020
1785417025.92,0,drive,1,1.75,15.0,38.834,25.28,238.53,0.0200,0.0806,0.0000,0.0748,0.0020,0.1002,0.0005,0.0059,0.0171,0.0132,0.0015,0.0010,0.0220,0.0010
1785417026.81,0,drive,0,2.0,15.0,38.834,25.28,238.53,0.0186,0.0767,0.0098,0.0723,0.0108,0.1012,0.0122,0.0137,0.0127,0.0215,0.0034,0.0088,0.0186,0.0059
1785417026.90,0,drive,1,2.0,15.0,38.834,25.28,238.53,0.0259,0.0699,0.0093,0.0802,0.0029,0.1065,0.0088,0.0176,0.0078,0.0186,0.0093,0.0068,0.0122,0.0161
1785417027.87,1,base,0,0.0,15.0,40.813,25.28,249.98,0.0117,0.0738,0.0068,0.0684,0.0010,0.0958,0.0029,0.0088,0.1413,0.0186,0.1105,0.0108,0.1466,0.0044
1785417027.96,1,base,1,0.0,15.0,40.813,25.28,249.98,0.0142,0.0758,0.0024,0.0728,0.0034,0.1017,0.0000,0.0147,0.1447,0.0132,0.1217,0.0015,0.1486,0.0029
1785417028.87,1,drive,0,0.0,15.0,40.813,25.28,249.98,0.0225,0.0728,0.0000,0.0723,0.0020,0.0982,0.0005,0.0103,0.1481,0.0279,0.1090,0.0059,0.1432,0.0000
1785417028.96,1,drive,1,0.0,15.0,40.813,25.28,249.98,0.0176,0.0733,0.0059,0.0689,0.0029,0.1017,0.0039,0.0108,0.1461,0.0156,0.0992,0.0103,0.1447,0.0215
1785417029.85,1,drive,0,0.25,15.0,40.813,25.28,249.98,0.0269,0.0797,0.0010,0.0733,0.0064,0.0973,0.0088,0.0127,0.1452,0.0205,0.1163,0.0161,0.1496,0.0000
1785417029.94,1,drive,1,0.25,15.0,40.813,25.28,249.98,0.0137,0.0728,0.0088,0.0748,0.0088,0.1026,0.0044,0.0186,0.1437,0.0220,0.1075,0.0020,0.1500,0.0059
1785417030.83,1,drive,0,0.5,15.0,40.813,25.28,249.98,0.0152,0.0792,0.0054,0.0753,0.0020,0.0992,0.0137,0.0112,0.1457,0.0161,0.1158,0.0137,0.1559,0.0005
1785417030.92,1,drive,1,0.5,15.0,40.813,25.28,249.98,0.0171,0.0782,0.0049,0.0714,0.0083,0.0973,0.0156,0.0152,0.1510,0.0191,0.1202,0.0049,0.1505,0.0044
1785417031.81,1,drive,0,0.75,15.0,40.813,25.28,249.98,0.0176,0.0821,0.0049,0.0748,0.0098,0.0963,0.0068,0.0088,0.1584,0.0137,0.1232,0.0054,0.1720,0.0147
1785417031.90,1,drive,1,0.75,15.0,40.813,25.28,249.98,0.0161,0.0758,0.0098,0.0767,0.0005,0.0968,0.0088,0.0049,0.1603,0.0186,0.1241,0.0064,0.1657,0.0064
1785417032.79,1,drive,0,1.0,15.0,40.813,25.28,249.98,0.0161,0.0728,0.0064,0.0772,0.0024,0.0938,0.0117,0.0068,0.1642,0.0161,0.1334,0.0083,0.1745,0.0015
1785417032.89,1,drive,1,1.0,15.0,40.813,25.28,249.98,0.0137,0.0811,0.0039,0.0738,0.0064,0.0992,0.0059,0.0142,0.1667,0.0176,0.1232,0.0049,0.1784,0.0083
1785417033.77,1,drive,0,1.25,15.0,40.813,25.28,249.98,0.0176,0.0728,0.0049,0.0772,0.0098,0.1002,0.0044,0.0249,0.1686,0.0156,0.1393,0.0054,0.1784,0.0054
1785417033.86,1,drive,1,1.25,15.0,40.813,25.28,249.98,0.0196,0.0792,0.0029,0.0723,0.0000,0.1173,0.0029,0.0049,0.1662,0.0137,0.1373,0.0078,0.1804,0.0078
1785417034.75,1,drive,0,1.5,15.0,40.813,25.28,249.98,0.0161,0.0758,0.0044,0.0738,0.0034,0.0943,0.0010,0.0142,0.1735,0.0122,0.1364,0.0059,0.1857,0.0078
1785417034.85,1,drive,1,1.5,15.0,40.813,25.28,249.98,0.0152,0.0767,0.0010,0.0762,0.0098,0.0992,0.0034,0.0117,0.1720,0.0142,0.1378,0.0010,0.1882,0.0024
1785417035.73,1,drive,0,1.75,15.0,40.813,25.28,249.98,0.0108,0.0938,0.0054,0.0733,0.0171,0.0973,0.0020,0.0152,0.1667,0.0117,0.1471,0.0039,0.1852,0.0059
1785417035.83,1,drive,1,1.75,15.0,40.813,25.28,249.98,0.0196,0.0753,0.0020,0.0748,0.0117,0.1012,0.0039,0.0220,0.1662,0.0156,0.1452,0.0024,0.1960,0.0024
1785417036.72,1,drive,0,2.0,15.0,40.813,25.28,249.98,0.0327,0.0811,0.0015,0.0841,0.0049,0.0992,0.0137,0.0122,0.1598,0.0176,0.1295,0.0078,0.1901,0.0000
1785417036.82,1,drive,1,2.0,15.0,40.813,25.28,249.98,0.0142,0.0914,0.0064,0.0743,0.0191,0.0958,0.0015,0.0186,0.1603,0.0098,0.1339,0.0049,0.1755,0.0078
1785417037.78,2,base,0,0.0,15.0,40.933,25.27,249.98,0.0152,0.0718,0.0000,0.0694,0.0005,0.0987,0.0020,0.0059,0.1486,0.0112,0.1149,0.0020,0.1466,0.0000
1785417037.87,2,base,1,0.0,15.0,40.933,25.27,249.98,0.0156,0.0748,0.0000,0.0714,0.0010,0.0973,0.0000,0.0064,0.1486,0.0137,0.1119,0.0010,0.1496,0.0005
1785417038.76,2,drive,0,0.0,15.0,40.933,25.27,249.98,0.0156,0.0738,0.0000,0.0748,0.0005,0.0968,0.0015,0.0088,0.1461,0.0132,0.1119,0.0005,0.1510,0.0000
1785417038.86,2,drive,1,0.0,15.0,40.933,25.27,249.98,0.0137,0.0777,0.0005,0.0714,0.0000,0.0987,0.0024,0.0068,0.1461,0.0112,0.1114,0.0024,0.1476,0.0005
1785417039.74,2,drive,0,0.25,15.0,40.933,25.27,249.98,0.0127,0.0767,0.0005,0.0733,0.0005,0.0982,0.0000,0.0059,0.1471,0.0132,0.1114,0.0015,0.1491,0.0000
1785417039.84,2,drive,1,0.25,15.0,40.933,25.27,249.98,0.0122,0.0767,0.0000,0.0728,0.0000,0.0953,0.0005,0.0049,0.1466,0.0112,0.1114,0.0020,0.1452,0.0020
1785417040.72,2,drive,0,0.5,15.0,40.933,25.27,249.98,0.0152,0.0748,0.0000,0.0748,0.0005,0.0987,0.0005,0.0054,0.1466,0.0117,0.1119,0.0024,0.1471,0.0005
1785417040.82,2,drive,1,0.5,15.0,40.933,25.27,249.98,0.0147,0.0782,0.0000,0.0743,0.0000,0.0987,0.0010,0.0064,0.1452,0.0147,0.1105,0.0020,0.1461,0.0005
1785417041.70,2,drive,0,0.75,15.0,40.933,25.27,249.98,0.0176,0.0743,0.0000,0.0738,0.0000,0.0958,0.0010,0.0059,0.1422,0.0093,0.1095,0.0015,0.1471,0.0000
1785417041.80,2,drive,1,0.75,15.0,40.933,25.27,249.98,0.0152,0.0758,0.0000,0.0733,0.0005,0.0934,0.0005,0.0049,0.1437,0.0117,0.1070,0.0015,0.1481,0.0005
1785417042.68,2,drive,0,1.0,15.0,40.933,25.27,249.98,0.0156,0.0762,0.0005,0.0738,0.0005,0.0963,0.0015,0.0064,0.1432,0.0108,0.1109,0.0010,0.1461,0.0000
1785417042.78,2,drive,1,1.0,15.0,40.933,25.27,249.98,0.0152,0.0787,0.0000,0.0709,0.0005,0.0963,0.0010,0.0034,0.1432,0.0117,0.1100,0.0015,0.1447,0.0005
1785417043.66,2,drive,0,1.25,15.0,40.933,25.27,249.98,0.0147,0.0792,0.0000,0.0728,0.0005,0.0953,0.0015,0.0049,0.1393,0.0132,0.1095,0.0015,0.1447,0.0000
1785417043.76,2,drive,1,1.25,15.0,40.933,25.27,249.98,0.0176,0.0772,0.0005,0.0738,0.0000,0.0958,0.0015,0.0029,0.1369,0.0132,0.1095,0.0000,0.1403,0.0005
1785417044.65,2,drive,0,1.5,15.0,40.933,25.27,249.98,0.0166,0.0806,0.0005,0.0699,0.0005,0.0938,0.0010,0.0024,0.1334,0.0098,0.1070,0.0029,0.1378,0.0005
1785417044.74,2,drive,1,1.5,15.0,40.933,25.27,249.98,0.0147,0.0767,0.0010,0.0723,0.0005,0.0924,0.0024,0.0024,0.1325,0.0108,0.1061,0.0020,0.1364,0.0000
1785417045.63,2,drive,0,1.75,15.0,40.933,25.27,249.98,0.0137,0.0758,0.0000,0.0684,0.0000,0.0899,0.0005,0.0015,0.1295,0.0083,0.1095,0.0005,0.1388,0.0000
1785417045.72,2,drive,1,1.75,15.0,40.933,25.27,249.98,0.0156,0.0753,0.0000,0.0704,0.0024,0.0899,0.0000,0.0005,0.1281,0.0088,0.1090,0.0029,0.1329,0.0000
1785417046.61,2,drive,0,2.0,15.0,40.933,25.27,249.98,0.0147,0.0743,0.0005,0.0650,0.0005,0.0890,0.0015,0.0000,0.1329,0.0078,0.1144,0.0015,0.1388,0.0000
1785417046.70,2,drive,1,2.0,15.0,40.933,25.27,249.98,0.0147,0.0753,0.0010,0.0684,0.0010,0.0909,0.0000,0.0005,0.1325,0.0078,0.1144,0.0015,0.1413,0.0005
1785417047.66,3,base,0,0.0,15.0,40.933,25.27,249.98,0.0137,0.0821,0.0073,0.0670,0.0137,0.1022,0.0112,0.0161,0.1579,0.0239,0.1100,0.0166,0.1520,0.0098
1785417047.76,3,base,1,0.0,15.0,40.933,25.27,249.98,0.0264,0.0743,0.0088,0.0797,0.0010,0.0997,0.0112,0.0191,0.1325,0.0249,0.1153,0.0078,0.1422,0.0161
1785417048.64,3,drive,0,0.0,15.0,40.933,25.27,249.98,0.0137,0.0753,0.0010,0.0714,0.0156,0.1012,0.0142,0.0093,0.1452,0.0244,0.1026,0.0020,0.1457,0.0024
1785417048.73,3,drive,1,0.0,15.0,40.933,25.27,249.98,0.0156,0.0753,0.0059,0.0718,0.0152,0.0909,0.0015,0.0230,0.1437,0.0117,0.1163,0.0073,0.1496,0.0108
1785417049.62,3,drive,0,0.25,15.0,40.933,25.27,249.98,0.0200,0.0762,0.0024,0.0694,0.0005,0.0890,0.0132,0.0064,0.1476,0.0122,0.1109,0.0303,0.1432,0.0005
1785417049.71,3,drive,1,0.25,15.0,40.933,25.27,249.98,0.0230,0.0753,0.0108,0.0689,0.0000,0.1046,0.0015,0.0068,0.1378,0.0147,0.1144,0.0112,0.1505,0.0059
1785417050.60,3,drive,0,0.5,15.0,40.933,25.27,249.98,0.0166,0.0748,0.0083,0.0709,0.0054,0.0982,0.0064,0.0191,0.1452,0.0200,0.1065,0.0024,0.1486,0.0098
1785417050.70,3,drive,1,0.5,15.0,40.933,25.27,249.98,0.0244,0.0777,0.0112,0.0704,0.0015,0.0894,0.0059,0.0049,0.1505,0.0239,0.1153,0.0147,0.1505,0.0054
1785417051.58,3,drive,0,0.75,15.0,40.933,25.27,249.98,0.0181,0.0782,0.0034,0.0802,0.0034,0.1007,0.0039,0.0122,0.1500,0.0200,0.1119,0.0073,0.1515,0.0117
1785417051.68,3,drive,1,0.75,15.0,40.933,25.27,249.98,0.0181,0.0718,0.0127,0.0743,0.0078,0.0914,0.0122,0.0093,0.1466,0.0156,0.1070,0.0039,0.1476,0.0088
1785417052.57,3,drive,0,1.0,15.0,40.933,25.27,249.98,0.0176,0.0782,0.0010,0.0709,0.0112,0.0997,0.0127,0.0117,0.1491,0.0225,0.1149,0.0078,0.1447,0.0015
1785417052.66,3,drive,1,1.0,15.0,40.933,25.27,249.98,0.0152,0.0694,0.0054,0.0718,0.0049,0.1036,0.0132,0.0112,0.1505,0.0279,0.1139,0.0068,0.1510,0.0020
1785417053.56,3,drive,0,1.25,15.0,40.933,25.27,249.98,0.0137,0.0841,0.0127,0.0762,0.0122,0.0978,0.0098,0.0112,0.1530,0.0176,0.1139,0.0088,0.1461,0.0088
1785417053.65,3,drive,1,1.25,15.0,40.933,25.27,249.98,0.0244,0.0816,0.0024,0.0767,0.0103,0.0938,0.0083,0.0147,0.1564,0.0230,0.1178,0.0108,0.1457,0.0034
1785417054.54,3,drive,0,1.5,15.0,40.933,25.27,249.98,0.0176,0.0782,0.0059,0.0748,0.0093,0.0860,0.0132,0.0020,0.1584,0.0161,0.1232,0.0034,0.1457,0.0034
1785417054.64,3,drive,1,1.5,15.0,40.933,25.27,249.98,0.0166,0.0821,0.0024,0.0792,0.0142,0.0919,0.0117,0.0132,0.1471,0.0088,0.1232,0.0083,0.1491,0.0049
1785417055.53,3,drive,0,1.75,15.0,40.933,25.27,249.98,0.0205,0.0767,0.0098,0.0704,0.0098,0.0841,0.0044,0.0137,0.1422,0.0112,0.1266,0.0098,0.1632,0.0088
1785417055.62,3,drive,1,1.75,15.0,40.933,25.27,249.98,0.0171,0.0855,0.0117,0.0694,0.0034,0.0948,0.0093,0.0078,0.1422,0.0122,0.1149,0.0181,0.1559,0.0083
1785417056.52,3,drive,0,2.0,15.0,40.933,25.27,249.98,0.0191,0.0723,0.0029,0.0733,0.0049,0.0855,0.0083,0.0093,0.1447,0.0122,0.1256,0.0117,0.1481,0.0049
1785417056.61,3,drive,1,2.0,15.0,40.933,25.27,249.98,0.0196,0.0718,0.0078,0.0660,0.0152,0.0894,0.0098,0.0073,0.1466,0.0191,0.1129,0.0073,0.1466,0.0049
1785417057.57,4,base,0,0.0,15.0,40.933,25.27,249.97,0.0152,0.0836,0.0029,0.0699,0.0078,0.0938,0.0068,0.0112,0.1481,0.0166,0.1065,0.0171,0.1476,0.0029
1785417057.67,4,base,1,0.0,15.0,40.933,25.27,249.97,0.0127,0.0870,0.0029,0.0635,0.0098,0.1031,0.0132,0.0064,0.1383,0.0191,0.1139,0.0049,0.1471,0.0034
1785417058.57,4,drive,0,0.0,15.0,40.933,25.27,249.97,0.0181,0.0841,0.0044,0.0640,0.0064,0.1002,0.0073,0.0127,0.1452,0.0117,0.1144,0.0044,0.1530,0.0034
1785417058.67,4,drive,1,0.0,15.0,40.933,25.27,249.97,0.0152,0.0782,0.0059,0.0762,0.0078,0.0992,0.0127,0.0171,0.1388,0.0161,0.1100,0.0108,0.1447,0.0054
1785417059.82,4,drive,0,0.25,15.0,40.933,25.27,249.97,0.0191,0.0743,0.0098,0.0733,0.0044,0.0973,0.0083,0.0108,0.1432,0.0181,0.1065,0.0078,0.1457,0.0039
1785417059.92,4,drive,1,0.25,15.0,40.933,25.27,249.97,0.0220,0.0777,0.0005,0.0816,0.0078,0.0943,0.0088,0.0161,0.1476,0.0103,0.1193,0.0073,0.1505,0.0015
1785417060.82,4,drive,0,0.5,15.0,40.933,25.27,249.97,0.0161,0.0753,0.0068,0.0728,0.0044,0.0958,0.0064,0.0103,0.1437,0.0205,0.1041,0.0098,0.1457,0.0024
1785417060.91,4,drive,1,0.5,15.0,40.933,25.27,249.97,0.0117,0.0714,0.0122,0.0714,0.0083,0.0934,0.0093,0.0054,0.1491,0.0186,0.1163,0.0064,0.1554,0.0034
1785417061.80,4,drive,0,0.75,15.0,40.933,25.27,249.97,0.0176,0.0728,0.0039,0.0704,0.0029,0.0953,0.0078,0.0127,0.1471,0.0088,0.1109,0.0024,0.1540,0.0088
1785417061.89,4,drive,1,0.75,15.0,40.933,25.27,249.97,0.0117,0.0811,0.0005,0.0787,0.0078,0.0958,0.0073,0.0088,0.1505,0.0176,0.1134,0.0103,0.1388,0.0010
1785417062.78,4,drive,0,1.0,15.0,40.933,25.27,249.97,0.0210,0.0777,0.0147,0.0616,0.0010,0.0880,0.0024,0.0093,0.1339,0.0171,0.1075,0.0152,0.1496,0.0034
1785417062.87,4,drive,1,1.0,15.0,40.933,25.27,249.97,0.0152,0.0860,0.0000,0.0699,0.0034,0.1017,0.0093,0.0078,0.1466,0.0147,0.1144,0.0024,0.1369,0.0020
1785417063.76,4,drive,0,1.25,15.0,40.933,25.27,249.97,0.0137,0.0748,0.0176,0.0753,0.0015,0.0899,0.0068,0.0083,0.1422,0.0117,0.1109,0.0156,0.1437,0.0122
1785417063.86,4,drive,1,1.25,15.0,40.933,25.27,249.97,0.0156,0.0855,0.0108,0.0704,0.0127,0.0934,0.0029,0.0215,0.1432,0.0112,0.1266,0.0078,0.1461,0.0152
1785417064.74,4,drive,0,1.5,15.0,40.933,25.27,249.97,0.0254,0.0826,0.0010,0.0743,0.0059,0.0973,0.0220,0.0073,0.1442,0.0293,0.1139,0.0059,0.1515,0.0010
1785417064.84,4,drive,1,1.5,15.0,40.933,25.27,249.97,0.0269,0.0718,0.0010,0.0753,0.0039,0.0982,0.0156,0.0103,0.1388,0.0122,0.1153,0.0215,0.1432,0.0015
1785417065.73,4,drive,0,1.75,15.0,40.933,25.27,249.97,0.0176,0.0806,0.0112,0.0665,0.0152,0.0924,0.0020,0.0303,0.1432,0.0127,0.1168,0.0059,0.1461,0.0132
1785417065.82,4,drive,1,1.75,15.0,40.933,25.27,249.97,0.0371,0.0733,0.0010,0.0587,0.0029,0.0948,0.0147,0.0093,0.1437,0.0220,0.1124,0.0196,0.1432,0.0005
1785417066.71,4,drive,0,2.0,15.0,40.933,25.27,249.97,0.0156,0.0777,0.0005,0.0704,0.0000,0.0973,0.0005,0.0059,0.1442,0.0122,0.1095,0.0005,0.1442,0.0005
1785417066.80,4,drive,1,2.0,15.0,40.933,25.27,249.97,0.0196,0.0758,0.0000,0.0699,0.0010,0.0953,0.0015,0.0103,0.1437,0.0108,0.1100,0.0000,0.1422,0.0000
1785417067.75,5,base,0,0.0,15.0,40.933,25.27,249.97,0.0161,0.0767,0.0000,0.0733,0.0000,0.0948,0.0005,0.0068,0.1500,0.0117,0.1100,0.0020,0.1457,0.0005
1785417067.85,5,base,1,0.0,15.0,40.933,25.27,249.97,0.0142,0.0762,0.0000,0.0733,0.0000,0.0968,0.0005,0.0078,0.1452,0.0122,0.1105,0.0005,0.1476,0.0000
1785417068.74,5,drive,0,0.0,15.0,40.933,25.27,249.97,0.0171,0.0792,0.0000,0.0699,0.0000,0.0982,0.0024,0.0064,0.1432,0.0098,0.1134,0.0024,0.1466,0.0000
1785417068.83,5,drive,1,0.0,15.0,40.933,25.27,249.97,0.0147,0.0787,0.0005,0.0709,0.0000,0.0997,0.0039,0.0059,0.1447,0.0132,0.1129,0.0000,0.1476,0.0005
1785417069.72,5,drive,0,0.25,15.0,40.933,25.27,249.97,0.0132,0.0753,0.0000,0.0743,0.0010,0.0968,0.0005,0.0073,0.1466,0.0137,0.1124,0.0010,0.1466,0.0000
1785417069.81,5,drive,1,0.25,15.0,40.933,25.27,249.97,0.0132,0.0777,0.0000,0.0704,0.0000,0.0987,0.0015,0.0064,0.1442,0.0117,0.1134,0.0015,0.1437,0.0000
1785417070.70,5,drive,0,0.5,15.0,40.933,25.27,249.97,0.0127,0.0777,0.0005,0.0699,0.0000,0.0992,0.0000,0.0064,0.1461,0.0112,0.1119,0.0024,0.1471,0.0005
1785417070.79,5,drive,1,0.5,15.0,40.933,25.27,249.97,0.0147,0.0777,0.0000,0.0714,0.0000,0.0948,0.0000,0.0068,0.1447,0.0108,0.1139,0.0024,0.1471,0.0000
1785417071.68,5,drive,0,0.75,15.0,40.933,25.27,249.97,0.0161,0.0777,0.0000,0.0728,0.0005,0.0968,0.0005,0.0083,0.1413,0.0093,0.1119,0.0005,0.1432,0.0000
1785417071.78,5,drive,1,0.75,15.0,40.933,25.27,249.97,0.0152,0.0782,0.0000,0.0704,0.0000,0.0963,0.0015,0.0064,0.1457,0.0117,0.1139,0.0015,0.1471,0.0000
1785417072.66,5,drive,0,1.0,15.0,40.933,25.27,249.97,0.0142,0.0758,0.0010,0.0728,0.0010,0.0958,0.0000,0.0064,0.1437,0.0108,0.1114,0.0005,0.1481,0.0015
1785417072.76,5,drive,1,1.0,15.0,40.933,25.27,249.97,0.0181,0.0777,0.0000,0.0714,0.0010,0.0992,0.0005,0.0068,0.1442,0.0142,0.1119,0.0010,0.1447,0.0005
1785417073.64,5,drive,0,1.25,15.0,40.933,25.27,249.97,0.0152,0.0762,0.0000,0.0728,0.0005,0.0953,0.0024,0.0083,0.1437,0.0117,0.1134,0.0015,0.1481,0.0000
1785417073.74,5,drive,1,1.25,15.0,40.933,25.27,249.97,0.0137,0.0748,0.0000,0.0718,0.0005,0.0963,0.0005,0.0068,0.1422,0.0103,0.1129,0.0005,0.1466,0.0000
1785417074.62,5,drive,0,1.5,15.0,40.933,25.27,249.97,0.0181,0.0772,0.0000,0.0689,0.0000,0.0968,0.0020,0.0059,0.1437,0.0132,0.1144,0.0024,0.1457,0.0005
1785417074.72,5,drive,1,1.5,15.0,40.933,25.27,249.97,0.0166,0.0787,0.0000,0.0718,0.0005,0.0948,0.0000,0.0044,0.1432,0.0122,0.1095,0.0020,0.1471,0.0000
1785417075.61,5,drive,0,1.75,15.0,40.933,25.27,249.97,0.0156,0.0767,0.0005,0.0674,0.0000,0.0963,0.0020,0.0034,0.1427,0.0112,0.1129,0.0005,0.1437,0.0000
1785417075.70,5,drive,1,1.75,15.0,40.933,25.27,249.97,0.0156,0.0758,0.0000,0.0728,0.0000,0.0914,0.0005,0.0064,0.1457,0.0122,0.1119,0.0010,0.1461,0.0000
1785417076.59,5,drive,0,2.0,15.0,40.933,25.27,249.97,0.0171,0.0782,0.0000,0.0699,0.0000,0.0973,0.0005,0.0083,0.1403,0.0122,0.1119,0.0010,0.1442,0.0000
1785417076.68,5,drive,1,2.0,15.0,40.933,25.27,249.97,0.0181,0.0758,0.0020,0.0699,0.0005,0.0963,0.0020,0.0064,0.1447,0.0122,0.1129,0.0005,0.1437,0.0000
1785417077.64,6,base,0,0.0,15.0,40.873,25.27,249.98,0.0132,0.0772,0.0005,0.0748,0.0005,0.0948,0.0010,0.0083,0.1442,0.0122,0.1124,0.0015,0.1447,0.0005
1785417077.73,6,base,1,0.0,15.0,40.873,25.27,249.98,0.0171,0.0758,0.0000,0.0728,0.0000,0.0963,0.0000,0.0049,0.1452,0.0122,0.1119,0.0005,0.1457,0.0005
1785417078.62,6,drive,0,0.0,15.0,40.873,25.27,249.98,0.0156,0.0782,0.0000,0.0699,0.0005,0.0973,0.0010,0.0078,0.1466,0.0108,0.1109,0.0010,0.1471,0.0010
1785417078.71,6,drive,1,0.0,15.0,40.873,25.27,249.98,0.0137,0.0772,0.0000,0.0748,0.0000,0.0968,0.0015,0.0059,0.1452,0.0112,0.1109,0.0010,0.1457,0.0005
1785417079.60,6,drive,0,0.25,15.0,40.873,25.27,249.98,0.0127,0.0758,0.0000,0.0733,0.0005,0.0978,0.0000,0.0073,0.1461,0.0098,0.1100,0.0000,0.1457,0.0005
1785417079.69,6,drive,1,0.25,15.0,40.873,25.27,249.98,0.0156,0.0767,0.0000,0.0738,0.0000,0.0968,0.0005,0.0049,0.1427,0.0117,0.1119,0.0010,0.1447,0.0000
1785417080.58,6,drive,0,0.5,15.0,40.873,25.27,249.98,0.0288,0.0811,0.0098,0.0699,0.0132,0.0958,0.0093,0.0161,0.1491,0.0161,0.1158,0.0186,0.1496,0.0078
1785417080.67,6,drive,1,0.5,15.0,40.873,25.27,249.98,0.0171,0.0787,0.0127,0.0635,0.0108,0.0973,0.0078,0.0137,0.1525,0.0239,0.1061,0.0112,0.1549,0.0068
1785417081.56,6,drive,0,0.75,15.0,40.873,25.27,249.98,0.0171,0.0772,0.0024,0.0723,0.0264,0.0978,0.0064,0.0249,0.1500,0.0215,0.1134,0.0039,0.1437,0.0064
1785417081.65,6,drive,1,0.75,15.0,40.873,25.27,249.98,0.0337,0.0777,0.0005,0.0699,0.0054,0.0929,0.0225,0.0147,0.1544,0.0191,0.1144,0.0181,0.1447,0.0010
1785417082.54,6,drive,0,1.0,15.0,40.873,25.27,249.98,0.0239,0.0767,0.0020,0.0792,0.0024,0.0943,0.0039,0.0156,0.1549,0.0132,0.1158,0.0083,0.1471,0.0005
1785417082.64,6,drive,1,1.0,15.0,40.873,25.27,249.98,0.0161,0.0782,0.0068,0.0714,0.0020,0.0953,0.0034,0.0132,0.1481,0.0122,0.1134,0.0029,0.1481,0.0044
1785417083.52,6,drive,0,1.25,15.0,40.873,25.27,249.98,0.0181,0.0758,0.0005,0.0704,0.0024,0.0982,0.0108,0.0156,0.1535,0.0176,0.1124,0.0049,0.1422,0.0005
1785417083.62,6,drive,1,1.25,15.0,40.873,25.27,249.98,0.0171,0.0806,0.0029,0.0723,0.0024,0.0938,0.0039,0.0181,0.1544,0.0156,0.1149,0.0122,0.1486,0.0039
1785417084.51,6,drive,0,1.5,15.0,40.873,25.27,249.98,0.0108,0.0748,0.0068,0.0758,0.0034,0.0953,0.0093,0.0176,0.1559,0.0142,0.1217,0.0044,0.1510,0.0044
1785417084.60,6,drive,1,1.5,15.0,40.873,25.27,249.98,0.0122,0.0880,0.0054,0.0743,0.0005,0.0987,0.0068,0.0171,0.1544,0.0152,0.1295,0.0049,0.1408,0.0078
1785417085.49,6,drive,0,1.75,15.0,40.873,25.27,249.98,0.0225,0.0762,0.0034,0.0748,0.0015,0.0948,0.0059,0.0259,0.1598,0.0147,0.1281,0.0059,0.1496,0.0024
1785417085.58,6,drive,1,1.75,15.0,40.873,25.27,249.98,0.0176,0.0714,0.0049,0.0728,0.0010,0.0978,0.0064,0.0293,0.1706,0.0112,0.1320,0.0049,0.1413,0.0000
1785417086.47,6,drive,0,2.0,15.0,40.873,25.27,249.98,0.0147,0.0767,0.0020,0.0772,0.0024,0.0963,0.0073,0.0308,0.1696,0.0083,0.1354,0.0039,0.1505,0.0039
1785417086.57,6,drive,1,2.0,15.0,40.873,25.27,249.98,0.0137,0.0748,0.0039,0.0748,0.0029,0.0982,0.0024,0.0337,0.1681,0.0093,0.1344,0.0093,0.1437,0.0010
1785417087.52,7,base,0,0.0,15.0,40.833,25.27,249.98,0.0142,0.0777,0.0044,0.0733,0.0015,0.1007,0.0044,0.0068,0.1432,0.0117,0.1149,0.0024,0.1491,0.0059
1785417087.62,7,base,1,0.0,15.0,40.833,25.27,249.98,0.0132,0.0802,0.0000,0.0684,0.0029,0.0987,0.0044,0.0049,0.1417,0.0117,0.1109,0.0108,0.1432,0.0020
1785417088.51,7,drive,0,0.0,15.0,40.833,25.27,249.98,0.0225,0.0762,0.0024,0.0748,0.0034,0.0992,0.0044,0.0117,0.1388,0.0132,0.1085,0.0073,0.1476,0.0024
1785417088.60,7,drive,1,0.0,15.0,40.833,25.27,249.98,0.0132,0.0714,0.0020,0.0748,0.0029,0.0958,0.0054,0.0088,0.1461,0.0112,0.1124,0.0078,0.1447,0.0015
1785417089.49,7,drive,0,0.25,15.0,40.833,25.27,249.98,0.0166,0.0787,0.0000,0.0767,0.0000,0.1002,0.0039,0.0176,0.1442,0.0127,0.1114,0.0108,0.1481,0.0000
1785417089.58,7,drive,1,0.25,15.0,40.833,25.27,249.98,0.0166,0.0767,0.0049,0.0714,0.0024,0.0924,0.0039,0.0132,0.1413,0.0152,0.1139,0.0059,0.1491,0.0059
1785417090.47,7,drive,0,0.5,15.0,40.833,25.27,249.98,0.0191,0.0767,0.0020,0.0762,0.0039,0.1002,0.0064,0.0073,0.1437,0.0166,0.1100,0.0010,0.1461,0.0029
1785417090.57,7,drive,1,0.5,15.0,40.833,25.27,249.98,0.0142,0.0782,0.0049,0.0733,0.0010,0.0938,0.0044,0.0059,0.1461,0.0152,0.1178,0.0112,0.1500,0.0039
1785417091.46,7,drive,0,0.75,15.0,40.833,25.27,249.98,0.0181,0.0762,0.0015,0.0718,0.0029,0.0943,0.0029,0.0161,0.1476,0.0117,0.1129,0.0064,0.1427,0.0029
1785417091.55,7,drive,1,0.75,15.0,40.833,25.27,249.98,0.0191,0.0758,0.0010,0.0645,0.0049,0.0943,0.0054,0.0073,0.1432,0.0166,0.1114,0.0098,0.1476,0.0049
1785417092.44,7,drive,0,1.0,15.0,40.833,25.27,249.98,0.0152,0.0772,0.0049,0.0753,0.0020,0.0953,0.0068,0.0161,0.1432,0.0112,0.1188,0.0029,0.1535,0.0029
1785417092.53,7,drive,1,1.0,15.0,40.833,25.27,249.98,0.0191,0.0787,0.0049,0.0689,0.0049,0.1007,0.0083,0.0127,0.1496,0.0196,0.1139,0.0034,0.1403,0.0059
1785417093.42,7,drive,0,1.25,15.0,40.833,25.27,249.98,0.0161,0.0826,0.0034,0.0718,0.0010,0.0978,0.0049,0.0171,0.1457,0.0152,0.1183,0.0112,0.1447,0.0015
1785417093.51,7,drive,1,1.25,15.0,40.833,25.27,249.98,0.0239,0.0787,0.0000,0.0689,0.0103,0.0924,0.0015,0.0132,0.1515,0.0191,0.1217,0.0064,0.1383,0.0020
1785417094.40,7,drive,0,1.5,15.0,40.833,25.27,249.98,0.0156,0.0914,0.0005,0.0777,0.0024,0.0978,0.0073,0.0191,0.1535,0.0073,0.1295,0.0015,0.1535,0.0054
1785417094.49,7,drive,1,1.5,15.0,40.833,25.27,249.98,0.0176,0.0821,0.0015,0.0792,0.0010,0.0958,0.0073,0.0152,0.1598,0.0132,0.1246,0.0064,0.1500,0.0020
1785417095.38,7,drive,0,1.75,15.0,40.833,25.27,249.98,0.0142,0.0714,0.0078,0.0679,0.0005,0.0963,0.0108,0.0264,0.1540,0.0161,0.1276,0.0112,0.1447,0.0005
1785417095.48,7,drive,1,1.75,15.0,40.833,25.27,249.98,0.0220,0.0762,0.0005,0.0645,0.0005,0.0953,0.0103,0.0200,0.1681,0.0181,0.1290,0.0103,0.1432,0.0015
1785417096.36,7,drive,0,2.0,15.0,40.833,25.27,249.98,0.0142,0.0762,0.0156,0.0762,0.0010,0.1075,0.0049,0.0313,0.1603,0.0142,0.1246,0.0083,0.1461,0.0181
1785417096.46,7,drive,1,2.0,15.0,40.833,25.27,249.98,0.0186,0.0777,0.0152,0.0704,0.0020,0.0899,0.0073,0.0283,0.1672,0.0132,0.1281,0.0181,0.1461,0.0034
1785417097.42,8,base,0,0.0,15.0,40.813,25.27,249.98,0.0244,0.0738,0.0010,0.0738,0.0029,0.0982,0.0132,0.0098,0.1422,0.0117,0.1129,0.0127,0.1461,0.0005
1785417097.52,8,base,1,0.0,15.0,40.813,25.27,249.98,0.0161,0.0792,0.0020,0.0718,0.0112,0.0929,0.0093,0.0117,0.1452,0.0235,0.1119,0.0029,0.1432,0.0010
1785417098.40,8,drive,0,0.0,15.0,40.813,25.27,249.98,0.0327,0.0797,0.0005,0.0758,0.0049,0.0963,0.0166,0.0073,0.1447,0.0235,0.1109,0.0147,0.1554,0.0005
1785417098.50,8,drive,1,0.0,15.0,40.813,25.27,249.98,0.0196,0.0816,0.0005,0.0748,0.0039,0.0997,0.0210,0.0088,0.1432,0.0332,0.1105,0.0010,0.1549,0.0029
1785417099.38,8,drive,0,0.25,15.0,40.813,25.27,249.98,0.0161,0.0772,0.0000,0.0738,0.0000,0.0943,0.0015,0.0059,0.1437,0.0108,0.1129,0.0010,0.1466,0.0000
1785417099.48,8,drive,1,0.25,15.0,40.813,25.27,249.98,0.0156,0.0787,0.0005,0.0723,0.0005,0.0982,0.0010,0.0068,0.1442,0.0122,0.1119,0.0000,0.1500,0.0000
1785417100.36,8,drive,0,0.5,15.0,40.813,25.27,249.98,0.0142,0.0762,0.0000,0.0718,0.0000,0.0978,0.0010,0.0064,0.1417,0.0103,0.1129,0.0010,0.1476,0.0000
1785417100.46,8,drive,1,0.5,15.0,40.813,25.27,249.98,0.0156,0.0762,0.0000,0.0723,0.0005,0.0978,0.0005,0.0083,0.1457,0.0108,0.1158,0.0000,0.1452,0.0005
1785417101.34,8,drive,0,0.75,15.0,40.813,25.27,249.98,0.0142,0.0782,0.0000,0.0679,0.0005,0.0958,0.0000,0.0044,0.1476,0.0127,0.1124,0.0005,0.1466,0.0000
1785417101.44,8,drive,1,0.75,15.0,40.813,25.27,249.98,0.0152,0.0782,0.0000,0.0748,0.0010,0.0929,0.0005,0.0093,0.1461,0.0117,0.1124,0.0005,0.1466,0.0005
1785417102.32,8,drive,0,1.0,15.0,40.813,25.27,249.98,0.0156,0.0782,0.0000,0.0714,0.0000,0.0958,0.0015,0.0083,0.1461,0.0122,0.1129,0.0015,0.1461,0.0000
1785417102.42,8,drive,1,1.0,15.0,40.813,25.27,249.98,0.0152,0.0753,0.0005,0.0718,0.0000,0.0958,0.0010,0.0078,0.1447,0.0098,0.1119,0.0024,0.1500,0.0000
1785417103.31,8,drive,0,1.25,15.0,40.813,25.27,249.98,0.0142,0.0758,0.0000,0.0728,0.0000,0.0973,0.0015,0.0059,0.1471,0.0127,0.1129,0.0015,0.1461,0.0000
1785417103.40,8,drive,1,1.25,15.0,40.813,25.27,249.98,0.0137,0.0762,0.0005,0.0733,0.0005,0.0963,0.0015,0.0059,0.1437,0.0098,0.1095,0.0005,0.1452,0.0000
1785417104.29,8,drive,0,1.5,15.0,40.813,25.27,249.98,0.0191,0.0762,0.0000,0.0728,0.0010,0.0943,0.0005,0.0064,0.1471,0.0122,0.1144,0.0010,0.1481,0.0005
1785417104.39,8,drive,1,1.5,15.0,40.813,25.27,249.98,0.0147,0.0787,0.0005,0.0718,0.0000,0.0943,0.0005,0.0093,0.1447,0.0083,0.1105,0.0015,0.1471,0.0000
1785417105.27,8,drive,0,1.75,15.0,40.813,25.27,249.98,0.0152,0.0767,0.0005,0.0743,0.0000,0.0948,0.0024,0.0073,0.1457,0.0117,0.1100,0.0010,0.1515,0.0000
1785417105.36,8,drive,1,1.75,15.0,40.813,25.27,249.98,0.0156,0.0772,0.0000,0.0709,0.0005,0.0982,0.0000,0.0059,0.1427,0.0108,0.1114,0.0005,0.1457,0.0000
1785417106.25,8,drive,0,2.0,15.0,40.813,25.27,249.98,0.0137,0.0767,0.0005,0.0723,0.0015,0.0963,0.0024,0.0049,0.1457,0.0122,0.1051,0.0015,0.1486,0.0000
1785417106.35,8,drive,1,2.0,15.0,40.813,25.27,249.98,0.0127,0.0753,0.0000,0.0728,0.0000,0.0953,0.0005,0.0083,0.1461,0.0127,0.1109,0.0010,0.1476,0.0000
1785417107.31,9,base,0,0.0,15.0,40.833,25.27,249.98,0.0152,0.0777,0.0000,0.0743,0.0000,0.0948,0.0000,0.0103,0.1437,0.0078,0.1119,0.0010,0.1452,0.0005
1785417107.40,9,base,1,0.0,15.0,40.833,25.27,249.98,0.0132,0.0797,0.0005,0.0733,0.0000,0.0963,0.0015,0.0068,0.1437,0.0127,0.1100,0.0015,0.1466,0.0005
1785417108.29,9,drive,0,0.0,15.0,40.833,25.27,249.98,0.0103,0.0704,0.0176,0.0704,0.0024,0.1109,0.0152,0.0152,0.1447,0.0332,0.1026,0.0088,0.1574,0.0083
1785417108.38,9,drive,1,0.0,15.0,40.833,25.27,249.98,0.0196,0.0684,0.0161,0.0738,0.0122,0.0929,0.0186,0.0161,0.1369,0.0283,0.1105,0.0117,0.1388,0.0152
1785417109.27,9,drive,0,0.25,15.0,40.833,25.27,249.98,0.0142,0.0758,0.0210,0.0748,0.0015,0.0899,0.0024,0.0073,0.1481,0.0132,0.1100,0.0083,0.1457,0.0264
1785417109.36,9,drive,1,0.25,15.0,40.833,25.27,249.98,0.0205,0.0787,0.0225,0.0758,0.0010,0.0894,0.0039,0.0054,0.1383,0.0103,0.1114,0.0103,0.1505,0.0103
1785417110.25,9,drive,0,0.5,15.0,40.833,25.27,249.98,0.0171,0.0670,0.0005,0.0767,0.0024,0.0963,0.0068,0.0142,0.1447,0.0181,0.1109,0.0010,0.1559,0.0010
1785417110.34,9,drive,1,0.5,15.0,40.833,25.27,249.98,0.0108,0.0909,0.0000,0.0797,0.0010,0.0973,0.0137,0.0103,0.1486,0.0147,0.1114,0.0010,0.1496,0.0000
1785417111.23,9,drive,0,0.75,15.0,40.833,25.27,249.98,0.0235,0.0758,0.0127,0.0753,0.0015,0.1070,0.0064,0.0088,0.1290,0.0112,0.1026,0.0093,0.1496,0.0093
1785417111.33,9,drive,1,0.75,15.0,40.833,25.27,249.98,0.0215,0.0767,0.0117,0.0674,0.0000,0.0860,0.0083,0.0103,0.1554,0.0171,0.1075,0.0083,0.1417,0.0122
1785417112.21,9,drive,0,1.0,15.0,40.833,25.27,249.98,0.0088,0.0709,0.0073,0.0709,0.0064,0.0938,0.0127,0.0152,0.1383,0.0127,0.1075,0.0156,0.1427,0.0059
1785417112.31,9,drive,1,1.0,15.0,40.833,25.27,249.98,0.0239,0.0806,0.0029,0.0684,0.0166,0.0904,0.0073,0.0147,0.1466,0.0156,0.1046,0.0161,0.1427,0.0137
1785417113.20,9,drive,0,1.25,15.0,40.833,25.27,249.98,0.0186,0.0743,0.0088,0.0787,0.0010,0.0968,0.0108,0.0098,0.1466,0.0176,0.1153,0.0122,0.1496,0.0015
1785417113.29,9,drive,1,1.25,15.0,40.833,25.27,249.98,0.0166,0.0753,0.0088,0.0630,0.0010,0.0938,0.0132,0.0122,0.1447,0.0132,0.1070,0.0122,0.1520,0.0142
1785417114.18,9,drive,0,1.5,15.0,40.833,25.27,249.98,0.0225,0.0846,0.0073,0.0714,0.0029,0.0929,0.0039,0.0196,0.1520,0.0156,0.1168,0.0093,0.1520,0.0078
1785417114.27,9,drive,1,1.5,15.0,40.833,25.27,249.98,0.0181,0.0802,0.0044,0.0694,0.0044,0.0968,0.0073,0.0098,0.1496,0.0196,0.1031,0.0098,0.1500,0.0024
1785417115.16,9,drive,0,1.75,15.0,40.833,25.27,249.98,0.0259,0.0772,0.0064,0.0738,0.0049,0.0973,0.0068,0.0112,0.1413,0.0117,0.1026,0.0098,0.1471,0.0073
1785417115.25,9,drive,1,1.75,15.0,40.833,25.27,249.98,0.0142,0.0772,0.0093,0.0689,0.0103,0.0992,0.0034,0.0156,0.1486,0.0127,0.1109,0.0044,0.1432,0.0059
1785417116.14,9,drive,0,2.0,15.0,40.833,25.27,249.98,0.0142,0.0733,0.0103,0.0718,0.0108,0.0963,0.0020,0.0161,0.1437,0.0132,0.1090,0.0024,0.1569,0.0083
1785417116.23,9,drive,1,2.0,15.0,40.833,25.27,249.98,0.0210,0.0723,0.0064,0.0767,0.0059,0.0860,0.0010,0.0078,0.1457,0.0112,0.1100,0.0147,0.1427,0.0122
1785417117.20,10,base,0,0.0,15.0,40.833,25.27,249.98,0.0166,0.0762,0.0083,0.0728,0.0098,0.0973,0.0064,0.0108,0.1466,0.0176,0.1095,0.0059,0.1491,0.0083
1785417117.29,10,base,1,0.0,15.0,40.833,25.27,249.98,0.0230,0.0831,0.0015,0.0718,0.0029,0.0982,0.0064,0.0103,0.1510,0.0112,0.1129,0.0171,0.1584,0.0039
1785417118.18,10,drive,0,0.0,15.0,40.833,25.27,249.98,0.0127,0.0782,0.0073,0.0718,0.0117,0.0982,0.0005,0.0147,0.1491,0.0161,0.1036,0.0064,0.1461,0.0088
1785417118.27,10,drive,1,0.0,15.0,40.833,25.27,249.98,0.0205,0.0870,0.0044,0.0704,0.0049,0.0948,0.0098,0.0098,0.1408,0.0230,0.1163,0.0093,0.1457,0.0054
1785417119.16,10,drive,0,0.25,15.0,40.833,25.27,249.98,0.0196,0.0674,0.0064,0.0655,0.0034,0.1026,0.0108,0.0122,0.1422,0.0161,0.1114,0.0068,0.1476,0.0029
1785417119.25,10,drive,1,0.25,15.0,40.833,25.27,249.98,0.0186,0.0841,0.0020,0.0684,0.0054,0.1061,0.0147,0.0132,0.1476,0.0166,0.1070,0.0083,0.1500,0.0034
1785417120.14,10,drive,0,0.5,15.0,40.833,25.27,249.98,0.0254,0.0699,0.0049,0.0684,0.0039,0.0968,0.0083,0.0108,0.1432,0.0171,0.1119,0.0152,0.1378,0.0024
1785417120.23,10,drive,1,0.5,15.0,40.833,25.27,249.98,0.0166,0.0792,0.0015,0.0758,0.0127,0.0958,0.0200,0.0122,0.1378,0.0127,0.1173,0.0064,0.1447,0.0024
1785417121.12,10,drive,0,0.75,15.0,40.833,25.27,249.98,0.0225,0.0816,0.0088,0.0723,0.0024,0.1065,0.0068,0.0068,0.1398,0.0152,0.1124,0.0049,0.1525,0.0044
1785417121.21,10,drive,1,0.75,15.0,40.833,25.27,249.98,0.0205,0.0699,0.0073,0.0704,0.0054,0.0948,0.0127,0.0156,0.1466,0.0186,0.1114,0.0029,0.1393,0.0054
1785417122.10,10,drive,0,1.0,15.0,40.833,25.27,249.98,0.0176,0.0758,0.0059,0.0665,0.0059,0.0953,0.0152,0.0132,0.1491,0.0093,0.1041,0.0049,0.1393,0.0098
1785417122.19,10,drive,1,1.0,15.0,40.833,25.27,249.98,0.0166,0.0782,0.0112,0.0689,0.0064,0.0919,0.0083,0.0078,0.1447,0.0117,0.1134,0.0064,0.1491,0.0020
1785417123.08,10,drive,0,1.25,15.0,40.833,25.27,249.98,0.0264,0.0733,0.0010,0.0587,0.0039,0.0968,0.0176,0.0103,0.1388,0.0161,0.1070,0.0132,0.1422,0.0000
1785417123.17,10,drive,1,1.25,15.0,40.833,25.27,249.98,0.0259,0.0772,0.0044,0.0718,0.0005,0.1100,0.0049,0.0088,0.1413,0.0088,0.1119,0.0112,0.1500,0.0044
1785417124.06,10,drive,0,1.5,15.0,40.833,25.27,249.98,0.0205,0.0743,0.0005,0.0802,0.0005,0.0953,0.0064,0.0068,0.1476,0.0127,0.1109,0.0064,0.1535,0.0010
1785417124.15,10,drive,1,1.5,15.0,40.833,25.27,249.98,0.0176,0.0762,0.0029,0.0670,0.0015,0.1012,0.0029,0.0059,0.1417,0.0161,0.1134,0.0064,0.1452,0.0020
1785417125.04,10,drive,0,1.75,15.0,40.833,25.27,249.98,0.0176,0.0758,0.0024,0.0694,0.0186,0.0948,0.0015,0.0225,0.1457,0.0147,0.1075,0.0015,0.1354,0.0078
1785417125.14,10,drive,1,1.75,15.0,40.833,25.27,249.98,0.0108,0.0738,0.0152,0.0718,0.0029,0.0992,0.0024,0.0230,0.1466,0.0147,0.1012,0.0029,0.1452,0.0132
1785417126.03,10,drive,0,2.0,15.0,40.833,25.27,249.98,0.0127,0.0875,0.0054,0.0704,0.0200,0.0963,0.0029,0.0191,0.1383,0.0122,0.1109,0.0024,0.1476,0.0068
1785417126.12,10,drive,1,2.0,15.0,40.833,25.27,249.98,0.0264,0.0777,0.0024,0.0738,0.0010,0.0968,0.0054,0.0083,0.1466,0.0127,0.1105,0.0147,0.1442,0.0000
1785417127.08,11,base,0,0.0,15.0,40.833,25.27,249.98,0.0147,0.0777,0.0010,0.0733,0.0005,0.0963,0.0005,0.0068,0.1466,0.0127,0.1114,0.0005,0.1476,0.0000
1785417127.17,11,base,1,0.0,15.0,40.833,25.27,249.98,0.0142,0.0802,0.0000,0.0733,0.0000,0.0987,0.0005,0.0073,0.1461,0.0098,0.1114,0.0005,0.1437,0.0000
1785417128.06,11,drive,0,0.0,15.0,40.833,25.27,249.98,0.0142,0.0792,0.0005,0.0714,0.0015,0.0987,0.0010,0.0059,0.1442,0.0122,0.1114,0.0010,0.1452,0.0005
1785417128.15,11,drive,1,0.0,15.0,40.833,25.27,249.98,0.0191,0.0777,0.0010,0.0718,0.0005,0.0973,0.0000,0.0059,0.1442,0.0137,0.1119,0.0010,0.1461,0.0015
1785417129.04,11,drive,0,0.25,15.0,40.833,25.27,249.98,0.0127,0.0758,0.0000,0.0709,0.0005,0.0968,0.0005,0.0044,0.1447,0.0142,0.1124,0.0005,0.1447,0.0005
1785417129.14,11,drive,1,0.25,15.0,40.833,25.27,249.98,0.0166,0.0772,0.0000,0.0704,0.0000,0.0978,0.0010,0.0059,0.1452,0.0122,0.1105,0.0010,0.1486,0.0000
1785417130.02,11,drive,0,0.5,15.0,40.833,25.27,249.98,0.0132,0.0733,0.0020,0.0714,0.0000,0.0958,0.0010,0.0078,0.1442,0.0108,0.1119,0.0005,0.1476,0.0000
1785417130.12,11,drive,1,0.5,15.0,40.833,25.27,249.98,0.0152,0.0787,0.0005,0.0694,0.0000,0.0953,0.0020,0.0078,0.1432,0.0108,0.1129,0.0015,0.1466,0.0000
1785417131.01,11,drive,0,0.75,15.0,40.833,25.27,249.98,0.0152,0.0733,0.0005,0.0709,0.0005,0.0938,0.0005,0.0054,0.1437,0.0103,0.1109,0.0020,0.1466,0.0000
1785417131.10,11,drive,1,0.75,15.0,40.833,25.27,249.98,0.0152,0.0777,0.0005,0.0714,0.0000,0.0968,0.0010,0.0059,0.1452,0.0108,0.1109,0.0010,0.1466,0.0000
1785417131.99,11,drive,0,1.0,15.0,40.833,25.27,249.98,0.0152,0.0792,0.0000,0.0718,0.0000,0.0968,0.0010,0.0054,0.1457,0.0083,0.1109,0.0010,0.1461,0.0000
1785417132.08,11,drive,1,1.0,15.0,40.833,25.27,249.98,0.0161,0.0792,0.0000,0.0709,0.0000,0.0958,0.0020,0.0078,0.1437,0.0127,0.1105,0.0020,0.1437,0.0000
1785417132.97,11,drive,0,1.25,15.0,40.833,25.27,249.98,0.0117,0.0792,0.0000,0.0709,0.0000,0.0973,0.0005,0.0054,0.1437,0.0117,0.1090,0.0010,0.1457,0.0010
1785417133.06,11,drive,1,1.25,15.0,40.833,25.27,249.98,0.0127,0.0723,0.0000,0.0743,0.0005,0.0953,0.0010,0.0068,0.1471,0.0117,0.1100,0.0005,0.1461,0.0000
1785417133.95,11,drive,0,1.5,15.0,40.833,25.27,249.98,0.0142,0.0782,0.0000,0.0743,0.0010,0.0968,0.0000,0.0059,0.1461,0.0117,0.1119,0.0000,0.1422,0.0005
1785417134.05,11,drive,1,1.5,15.0,40.833,25.27,249.98,0.0171,0.0762,0.0005,0.0718,0.0000,0.0978,0.0005,0.0054,0.1442,0.0132,0.1109,0.0000,0.1452,0.0010
1785417134.93,11,drive,0,1.75,15.0,40.833,25.27,249.98,0.0142,0.0767,0.0005,0.0753,0.0000,0.0934,0.0010,0.0103,0.1461,0.0073,0.1114,0.0015,0.1481,0.0000
1785417135.03,11,drive,1,1.75,15.0,40.833,25.27,249.98,0.0137,0.0758,0.0005,0.0733,0.0000,0.0963,0.0005,0.0049,0.1457,0.0093,0.1114,0.0005,0.1432,0.0000
1785417135.92,11,drive,0,2.0,15.0,40.833,25.27,249.98,0.0152,0.0767,0.0005,0.0718,0.0005,0.0963,0.0005,0.0039,0.1447,0.0103,0.1090,0.0005,0.1447,0.0005
1785417136.01,11,drive,1,2.0,15.0,40.833,25.27,249.98,0.0132,0.0733,0.0005,0.0709,0.0000,0.0953,0.0015,0.0068,0.1461,0.0112,0.1105,0.0005,0.1500,0.0000
1785417136.98,12,base,0,0.0,15.0,40.833,25.27,249.98,0.0137,0.0753,0.0000,0.0704,0.0000,0.0973,0.0005,0.0054,0.1452,0.0108,0.1119,0.0005,0.1486,0.0005
1785417137.08,12,base,1,0.0,15.0,40.833,25.27,249.98,0.0142,0.0758,0.0000,0.0709,0.0000,0.0982,0.0005,0.0068,0.1432,0.0147,0.1114,0.0010,0.1447,0.0005
1785417137.96,12,drive,0,0.0,15.0,40.833,25.27,249.98,0.0161,0.0787,0.0000,0.0714,0.0000,0.0978,0.0005,0.0093,0.1408,0.0112,0.1124,0.0005,0.1427,0.0000
1785417138.06,12,drive,1,0.0,15.0,40.833,25.27,249.98,0.0147,0.0762,0.0000,0.0699,0.0000,0.0978,0.0005,0.0064,0.1452,0.0108,0.1100,0.0000,0.1466,0.0000
1785417138.95,12,drive,0,0.25,15.0,40.833,25.27,249.98,0.0127,0.0792,0.0000,0.0743,0.0000,0.0948,0.0005,0.0068,0.1432,0.0098,0.1114,0.0020,0.1442,0.0000
1785417139.04,12,drive,1,0.25,15.0,40.833,25.27,249.98,0.0342,0.0723,0.0171,0.0811,0.0235,0.0982,0.0073,0.0249,0.1305,0.0220,0.1085,0.0122,0.1447,0.0122
1785417139.93,12,drive,0,0.5,15.0,40.833,25.27,249.98,0.0205,0.0743,0.0073,0.0802,0.0054,0.0914,0.0156,0.0186,0.1476,0.0122,0.1168,0.0103,0.1520,0.0005
1785417140.02,12,drive,1,0.5,15.0,40.833,25.27,249.98,0.0283,0.0802,0.0000,0.0816,0.0054,0.0958,0.0196,0.0083,0.1437,0.0210,0.1095,0.0073,0.1515,0.0005
1785417140.91,12,drive,0,0.75,15.0,40.833,25.27,249.98,0.0381,0.0802,0.0000,0.0699,0.0010,0.1007,0.0127,0.0098,0.1437,0.0112,0.1109,0.0254,0.1447,0.0005
1785417141.00,12,drive,1,0.75,15.0,40.833,25.27,249.98,0.0191,0.0762,0.0073,0.0684,0.0010,0.1007,0.0083,0.0059,0.1481,0.0127,0.1153,0.0205,0.1461,0.0005
1785417141.88,12,drive,0,1.0,15.0,40.833,25.27,249.98,0.0147,0.0694,0.0029,0.0714,0.0044,0.0953,0.0015,0.0156,0.1413,0.0108,0.1090,0.0059,0.1515,0.0024
1785417141.98,12,drive,1,1.0,15.0,40.833,25.27,249.98,0.0225,0.0699,0.0088,0.0704,0.0000,0.1046,0.0015,0.0088,0.1393,0.0137,0.1168,0.0044,0.1466,0.0034
1785417142.87,12,drive,0,1.25,15.0,40.833,25.27,249.98,0.0181,0.0792,0.0044,0.0758,0.0005,0.0978,0.0049,0.0068,0.1422,0.0108,0.1090,0.0024,0.1500,0.0029
1785417142.96,12,drive,1,1.25,15.0,40.833,25.27,249.98,0.0191,0.0797,0.0020,0.0758,0.0020,0.0992,0.0064,0.0108,0.1413,0.0132,0.1129,0.0083,0.1461,0.0015
1785417143.85,12,drive,0,1.5,15.0,40.833,25.27,249.98,0.0156,0.0748,0.0034,0.0802,0.0015,0.0958,0.0083,0.0098,0.1481,0.0117,0.1100,0.0015,0.1413,0.0039
1785417143.94,12,drive,1,1.5,15.0,40.833,25.27,249.98,0.0137,0.0767,0.0024,0.0714,0.0059,0.0968,0.0049,0.0103,0.1422,0.0108,0.1109,0.0073,0.1417,0.0010
1785417144.83,12,drive,0,1.75,15.0,40.833,25.27,249.98,0.0156,0.0723,0.0020,0.0674,0.0064,0.0924,0.0015,0.0117,0.1437,0.0142,0.1129,0.0059,0.1486,0.0020
1785417144.92,12,drive,1,1.75,15.0,40.833,25.27,249.98,0.0196,0.0772,0.0034,0.0704,0.0049,0.0943,0.0073,0.0127,0.1403,0.0191,0.1100,0.0034,0.1388,0.0044
1785417145.81,12,drive,0,2.0,15.0,40.833,25.27,249.98,0.0200,0.0841,0.0029,0.0733,0.0064,0.0968,0.0029,0.0112,0.1442,0.0088,0.1095,0.0059,0.1437,0.0020
1785417145.91,12,drive,1,2.0,15.0,40.833,25.27,249.98,0.0127,0.0762,0.0024,0.0670,0.0024,0.0904,0.0088,0.0108,0.1496,0.0137,0.1100,0.0029,0.1466,0.0029
1785417146.87,13,base,0,0.0,15.0,40.833,25.26,249.98,0.0152,0.0748,0.0044,0.0718,0.0029,0.0938,0.0034,0.0132,0.1417,0.0108,0.1085,0.0039,0.1471,0.0078
1785417146.96,13,base,1,0.0,15.0,40.833,25.26,249.98,0.0181,0.0802,0.0034,0.0733,0.0005,0.0953,0.0073,0.0049,0.1466,0.0068,0.1129,0.0059,0.1496,0.0073
1785417147.85,13,drive,0,0.0,15.0,40.833,25.26,249.98,0.0152,0.0718,0.0024,0.0728,0.0068,0.0987,0.0029,0.0122,0.1461,0.0103,0.1109,0.0049,0.1486,0.0049
1785417147.94,13,drive,1,0.0,15.0,40.833,25.26,249.98,0.0196,0.0743,0.0064,0.0679,0.0054,0.0973,0.0059,0.0108,0.1452,0.0142,0.1119,0.0103,0.1476,0.0015
1785417148.83,13,drive,0,0.25,15.0,40.833,25.26,249.98,0.0132,0.0777,0.0029,0.0772,0.0078,0.0953,0.0044,0.0156,0.1427,0.0078,0.1080,0.0059,0.1461,0.0034
1785417148.93,13,drive,1,0.25,15.0,40.833,25.26,249.98,0.0098,0.0723,0.0034,0.0714,0.0078,0.0943,0.0088,0.0132,0.1461,0.0122,0.1105,0.0054,0.1422,0.0020
1785417149.81,13,drive,0,0.5,15.0,40.833,25.26,249.98,0.0127,0.0787,0.0132,0.0684,0.0020,0.0973,0.0054,0.0108,0.1466,0.0166,0.1051,0.0039,0.1442,0.0044
1785417149.91,13,drive,1,0.5,15.0,40.833,25.26,249.98,0.0132,0.0758,0.0049,0.0758,0.0024,0.0982,0.0039,0.0127,0.1457,0.0127,0.1061,0.0054,0.1461,0.0029
1785417150.79,13,drive,0,0.75,15.0,40.833,25.26,249.98,0.0230,0.0767,0.0029,0.0684,0.0020,0.0938,0.0024,0.0103,0.1378,0.0161,0.1065,0.0098,0.1491,0.0034
1785417150.89,13,drive,1,0.75,15.0,40.833,25.26,249.98,0.0215,0.0718,0.0024,0.0684,0.0044,0.0938,0.0073,0.0108,0.1491,0.0186,0.1095,0.0044,0.1461,0.0020
1785417151.77,13,drive,0,1.0,15.0,40.833,25.26,249.98,0.0220,0.0802,0.0029,0.0733,0.0010,0.0982,0.0049,0.0068,0.1476,0.0186,0.1163,0.0152,0.1491,0.0010
1785417151.87,13,drive,1,1.0,15.0,40.833,25.26,249.98,0.0161,0.0723,0.0044,0.0743,0.0137,0.0943,0.0010,0.0200,0.1486,0.0152,0.1109,0.0054,0.1408,0.0054
1785417152.76,13,drive,0,1.25,15.0,40.833,25.26,249.98,0.0161,0.0811,0.0059,0.0743,0.0200,0.1012,0.0020,0.0244,0.1476,0.0147,0.1139,0.0029,0.1515,0.0059
1785417152.85,13,drive,1,1.25,15.0,40.833,25.26,249.98,0.0283,0.0743,0.0010,0.0738,0.0020,0.0992,0.0156,0.0054,0.1476,0.0132,0.1105,0.0249,0.1432,0.0015
1785417153.74,13,drive,0,1.5,15.0,40.833,25.26,249.98,0.0137,0.0758,0.0010,0.0723,0.0142,0.1017,0.0044,0.0122,0.1476,0.0196,0.1129,0.0024,0.1486,0.0044
1785417153.83,13,drive,1,1.5,15.0,40.833,25.26,249.98,0.0112,0.0777,0.0200,0.0723,0.0010,0.0953,0.0034,0.0059,0.1422,0.0156,0.1085,0.0108,0.1476,0.0156
1785417154.72,13,drive,0,1.75,15.0,40.833,25.26,249.98,0.0181,0.0787,0.0132,0.0767,0.0039,0.0958,0.0020,0.0083,0.1442,0.0117,0.1266,0.0068,0.1413,0.0176
1785417154.82,13,drive,1,1.75,15.0,40.833,25.26,249.98,0.0352,0.0758,0.0010,0.0733,0.0034,0.0953,0.0220,0.0034,0.1476,0.0210,0.1178,0.0122,0.1481,0.0010
1785417155.70,13,drive,0,2.0,15.0,40.833,25.26,249.98,0.0181,0.0821,0.0000,0.0762,0.0015,0.0968,0.0015,0.0000,0.1408,0.0152,0.1202,0.0015,0.1413,0.0000
1785417155.80,13,drive,1,2.0,15.0,40.833,25.26,249.98,0.0196,0.0806,0.0010,0.0733,0.0015,0.0982,0.0015,0.0005,0.1388,0.0132,0.1237,0.0024,0.1452,0.0000
1785417156.77,14,base,0,0.0,15.0,40.793,25.26,249.98,0.0142,0.0811,0.0000,0.0723,0.0000,0.0934,0.0005,0.0059,0.1447,0.0103,0.1070,0.0015,0.1452,0.0000
1785417156.86,14,base,1,0.0,15.0,40.793,25.26,249.98,0.0122,0.0753,0.0000,0.0718,0.0000,0.0958,0.0010,0.0088,0.1447,0.0122,0.1109,0.0005,0.1461,0.0000
1785417157.75,14,drive,0,0.0,15.0,40.793,25.26,249.98,0.0142,0.0767,0.0000,0.0714,0.0000,0.0982,0.0020,0.0049,0.1432,0.0108,0.1109,0.0010,0.1447,0.0000
1785417157.84,14,drive,1,0.0,15.0,40.793,25.26,249.98,0.0152,0.0767,0.0000,0.0718,0.0000,0.0943,0.0005,0.0044,0.1457,0.0083,0.1114,0.0029,0.1452,0.0000
1785417158.73,14,drive,0,0.25,15.0,40.793,25.26,249.98,0.0166,0.0767,0.0000,0.0733,0.0000,0.0958,0.0005,0.0073,0.1461,0.0112,0.1085,0.0010,0.1413,0.0000
1785417158.82,14,drive,1,0.25,15.0,40.793,25.26,249.98,0.0142,0.0777,0.0000,0.0709,0.0000,0.0948,0.0000,0.0059,0.1442,0.0127,0.1075,0.0005,0.1452,0.0000
1785417159.71,14,drive,0,0.5,15.0,40.793,25.26,249.98,0.0152,0.0777,0.0000,0.0709,0.0005,0.0978,0.0000,0.0044,0.1466,0.0088,0.1095,0.0005,0.1447,0.0000
1785417159.80,14,drive,1,0.5,15.0,40.793,25.26,249.98,0.0142,0.0738,0.0000,0.0714,0.0000,0.0982,0.0000,0.0073,0.1432,0.0098,0.1075,0.0010,0.1466,0.0000
1785417160.69,14,drive,0,0.75,15.0,40.793,25.26,249.98,0.0132,0.0792,0.0005,0.0699,0.0000,0.0963,0.0005,0.0059,0.1447,0.0117,0.1124,0.0024,0.1466,0.0000
1785417160.78,14,drive,1,0.75,15.0,40.793,25.26,249.98,0.0122,0.0753,0.0000,0.0743,0.0000,0.0914,0.0005,0.0073,0.1442,0.0132,0.1114,0.0005,0.1466,0.0000
1785417161.67,14,drive,0,1.0,15.0,40.793,25.26,249.98,0.0142,0.0777,0.0000,0.0733,0.0000,0.0938,0.0010,0.0073,0.1447,0.0108,0.1105,0.0005,0.1466,0.0005
1785417161.76,14,drive,1,1.0,15.0,40.793,25.26,249.98,0.0166,0.0802,0.0000,0.0704,0.0005,0.0992,0.0005,0.0034,0.1427,0.0142,0.1105,0.0010,0.1466,0.0000
1785417162.65,14,drive,0,1.25,15.0,40.793,25.26,249.98,0.0161,0.0782,0.0000,0.0699,0.0005,0.0924,0.0000,0.0103,0.1422,0.0103,0.1105,0.0015,0.1452,0.0000
1785417162.74,14,drive,1,1.25,15.0,40.793,25.26,249.98,0.0127,0.0753,0.0005,0.0718,0.0000,0.0953,0.0020,0.0068,0.1437,0.0117,0.1109,0.0000,0.1461,0.0000
1785417163.63,14,drive,0,1.5,15.0,40.793,25.26,249.98,0.0156,0.0792,0.0000,0.0709,0.0000,0.0963,0.0005,0.0073,0.1442,0.0147,0.1100,0.0010,0.1427,0.0000
1785417163.73,14,drive,1,1.5,15.0,40.793,25.26,249.98,0.0127,0.0753,0.0000,0.0714,0.0000,0.0987,0.0000,0.0083,0.1452,0.0098,0.1100,0.0010,0.1466,0.0005
1785417164.61,14,drive,0,1.75,15.0,40.793,25.26,249.98,0.0161,0.0777,0.0000,0.0718,0.0000,0.0963,0.0005,0.0068,0.1437,0.0122,0.1075,0.0005,0.1471,0.0000
1785417164.71,14,drive,1,1.75,15.0,40.793,25.26,249.98,0.0152,0.0772,0.0000,0.0714,0.0000,0.0958,0.0010,0.0073,0.1461,0.0137,0.1119,0.0000,0.1457,0.0010
1785417165.59,14,drive,0,2.0,15.0,40.793,25.26,249.98,0.0117,0.0762,0.0010,0.0699,0.0000,0.0943,0.0000,0.0078,0.1461,0.0083,0.1109,0.0000,0.1466,0.0000
1785417165.69,14,drive,1,2.0,15.0,40.793,25.26,249.98,0.0152,0.0753,0.0000,0.0718,0.0000,0.0973,0.0010,0.0049,0.1447,0.0132,0.1129,0.0000,0.1476,0.0000
1785417166.65,15,base,0,0.0,15.0,40.833,25.26,249.98,0.0142,0.0777,0.0000,0.0728,0.0000,0.0987,0.0020,0.0054,0.1452,0.0127,0.1109,0.0015,0.1457,0.0000
1785417166.75,15,base,1,0.0,15.0,40.833,25.26,249.98,0.0161,0.0767,0.0000,0.0723,0.0000,0.0963,0.0000,0.0083,0.1432,0.0112,0.1100,0.0010,0.1422,0.0000
1785417167.63,15,drive,0,0.0,15.0,40.833,25.26,249.98,0.0147,0.0767,0.0005,0.0704,0.0005,0.0953,0.0010,0.0054,0.1457,0.0156,0.1090,0.0010,0.1427,0.0000
1785417167.73,15,drive,1,0.0,15.0,40.833,25.26,249.98,0.0122,0.0762,0.0005,0.0733,0.0000,0.0948,0.0010,0.0083,0.1432,0.0108,0.1109,0.0015,0.1437,0.0010
1785417168.61,15,drive,0,0.25,15.0,40.833,25.26,249.98,0.0152,0.0762,0.0005,0.0718,0.0005,0.0943,0.0005,0.0078,0.1437,0.0108,0.1090,0.0005,0.1457,0.0000
1785417168.71,15,drive,1,0.25,15.0,40.833,25.26,249.98,0.0156,0.0767,0.0000,0.0723,0.0000,0.0958,0.0020,0.0073,0.1447,0.0073,0.1114,0.0000,0.1447,0.0000
1785417169.60,15,drive,0,0.5,15.0,40.833,25.26,249.98,0.0137,0.0748,0.0000,0.0743,0.0000,0.0919,0.0020,0.0093,0.1442,0.0108,0.1100,0.0000,0.1471,0.0000
1785417169.69,15,drive,1,0.5,15.0,40.833,25.26,249.98,0.0161,0.0762,0.0000,0.0718,0.0005,0.0948,0.0010,0.0068,0.1457,0.0088,0.1090,0.0024,0.1476,0.0000
1785417170.58,15,drive,0,0.75,15.0,40.833,25.26,249.98,0.0137,0.0753,0.0000,0.0738,0.0005,0.0958,0.0000,0.0064,0.1427,0.0103,0.1080,0.0000,0.1442,0.0005
1785417170.67,15,drive,1,0.75,15.0,40.833,25.26,249.98,0.0161,0.0797,0.0000,0.0714,0.0000,0.0958,0.0005,0.0068,0.1461,0.0098,0.1105,0.0015,0.1471,0.0000
1785417171.56,15,drive,0,1.0,15.0,40.833,25.26,249.98,0.0166,0.0787,0.0000,0.0699,0.0000,0.0948,0.0005,0.0049,0.1417,0.0108,0.1105,0.0010,0.1476,0.0000
1785417171.65,15,drive,1,1.0,15.0,40.833,25.26,249.98,0.0137,0.0733,0.0000,0.0689,0.0000,0.0958,0.0010,0.0059,0.1442,0.0132,0.1085,0.0005,0.1466,0.0015
1785417172.54,15,drive,0,1.25,15.0,40.833,25.26,249.98,0.0132,0.0772,0.0000,0.0723,0.0005,0.0948,0.0015,0.0054,0.1427,0.0122,0.1134,0.0015,0.1457,0.0010
1785417172.64,15,drive,1,1.25,15.0,40.833,25.26,249.98,0.0142,0.0758,0.0005,0.0684,0.0005,0.0968,0.0005,0.0068,0.1442,0.0137,0.1085,0.0010,0.1452,0.0000
1785417173.52,15,drive,0,1.5,15.0,40.833,25.26,249.98,0.0147,0.0738,0.0005,0.0728,0.0010,0.0958,0.0010,0.0083,0.1447,0.0103,0.1105,0.0015,0.1442,0.0000
1785417173.62,15,drive,1,1.5,15.0,40.833,25.26,249.98,0.0186,0.0753,0.0010,0.0718,0.0000,0.0963,0.0015,0.0073,0.1437,0.0122,0.1109,0.0020,0.1471,0.0000
1785417174.50,15,drive,0,1.75,15.0,40.833,25.26,249.98,0.0156,0.0743,0.0000,0.0723,0.0000,0.0987,0.0005,0.0064,0.1442,0.0132,0.1105,0.0005,0.1437,0.0005
1785417174.60,15,drive,1,1.75,15.0,40.833,25.26,249.98,0.0142,0.0748,0.0000,0.0699,0.0000,0.0958,0.0000,0.0059,0.1422,0.0088,0.1119,0.0015,0.1427,0.0000
1785417175.48,15,drive,0,2.0,15.0,40.833,25.26,249.98,0.0171,0.0777,0.0000,0.0718,0.0000,0.0968,0.0010,0.0073,0.1466,0.0098,0.1109,0.0010,0.1476,0.0000
1785417175.58,15,drive,1,2.0,15.0,40.833,25.26,249.98,0.0166,0.0743,0.0000,0.0704,0.0015,0.0973,0.0005,0.0088,0.1413,0.0132,0.1085,0.0000,0.1457,0.0000
1785417176.53,16,base,0,0.0,15.0,40.753,25.26,249.98,0.0152,0.0782,0.0000,0.0714,0.0000,0.0943,0.0015,0.0068,0.1427,0.0122,0.1124,0.0005,0.1437,0.0000
1785417176.63,16,base,1,0.0,15.0,40.753,25.26,249.98,0.0152,0.0753,0.0000,0.0699,0.0005,0.0958,0.0005,0.0078,0.1481,0.0122,0.1105,0.0010,0.1447,0.0000
1785417177.52,16,drive,0,0.0,15.0,40.753,25.26,249.98,0.0186,0.0767,0.0000,0.0728,0.0000,0.0973,0.0000,0.0049,0.1447,0.0108,0.1095,0.0010,0.1461,0.0000
1785417177.61,16,drive,1,0.0,15.0,40.753,25.26,249.98,0.0161,0.0777,0.0000,0.0738,0.0000,0.0968,0.0000,0.0059,0.1461,0.0088,0.1109,0.0020,0.1452,0.0005
1785417178.49,16,drive,0,0.25,15.0,40.753,25.26,249.98,0.0108,0.0748,0.0005,0.0743,0.0005,0.0978,0.0000,0.0073,0.1427,0.0127,0.1095,0.0000,0.1457,0.0000
1785417178.59,16,drive,1,0.25,15.0,40.753,25.26,249.98,0.0127,0.0797,0.0005,0.0728,0.0000,0.0968,0.0015,0.0064,0.1457,0.0088,0.1085,0.0015,0.1471,0.0000
1785417179.47,16,drive,0,0.5,15.0,40.753,25.26,249.98,0.0142,0.0782,0.0000,0.0728,0.0000,0.0978,0.0000,0.0059,0.1442,0.0098,0.1105,0.0015,0.1437,0.0005
1785417179.57,16,drive,1,0.5,15.0,40.753,25.26,249.98,0.0147,0.0748,0.0000,0.0753,0.0010,0.0987,0.0010,0.0064,0.1452,0.0098,0.1114,0.0010,0.1427,0.0000
1785417180.46,16,drive,0,0.75,15.0,40.753,25.26,249.98,0.0166,0.0772,0.0000,0.0738,0.0005,0.1012,0.0005,0.0068,0.1442,0.0117,0.1114,0.0024,0.1457,0.0010
1785417180.55,16,drive,1,0.75,15.0,40.753,25.26,249.98,0.0166,0.0792,0.0000,0.0748,0.0005,0.1012,0.0015,0.0103,0.1471,0.0064,0.1100,0.0010,0.1452,0.0000
1785417181.43,16,drive,0,1.0,15.0,40.753,25.26,249.98,0.0186,0.0787,0.0000,0.0772,0.0000,0.1051,0.0015,0.0078,0.1461,0.0122,0.1124,0.0010,0.1461,0.0000
1785417181.53,16,drive,1,1.0,15.0,40.753,25.26,249.98,0.0181,0.0748,0.0000,0.0753,0.0000,0.1061,0.0010,0.0073,0.1457,0.0132,0.1109,0.0000,0.1461,0.0005
1785417182.42,16,drive,0,1.25,15.0,40.753,25.26,249.98,0.0161,0.0797,0.0000,0.0758,0.0000,0.1065,0.0015,0.0108,0.1476,0.0098,0.1105,0.0015,0.1457,0.0000
1785417182.51,16,drive,1,1.25,15.0,40.753,25.26,249.98,0.0147,0.0772,0.0000,0.0772,0.0000,0.1075,0.0029,0.0068,0.1486,0.0122,0.1129,0.0015,0.1466,0.0000
1785417183.40,16,drive,0,1.5,15.0,40.753,25.26,249.98,0.0171,0.0772,0.0000,0.0792,0.0000,0.1153,0.0010,0.0044,0.1500,0.0122,0.1109,0.0015,0.1432,0.0015
1785417183.49,16,drive,1,1.5,15.0,40.753,25.26,249.98,0.0166,0.0806,0.0000,0.0782,0.0000,0.1139,0.0044,0.0049,0.1457,0.0108,0.1109,0.0005,0.1461,0.0000
1785417184.38,16,drive,0,1.75,15.0,40.753,25.26,249.98,0.0166,0.0811,0.0000,0.0772,0.0000,0.1158,0.0029,0.0068,0.1486,0.0103,0.1119,0.0005,0.1457,0.0005
1785417184.48,16,drive,1,1.75,15.0,40.753,25.26,249.98,0.0137,0.0792,0.0000,0.0777,0.0000,0.1183,0.0015,0.0103,0.1461,0.0122,0.1090,0.0010,0.1471,0.0000
1785417185.36,16,drive,0,2.0,15.0,40.753,25.26,249.98,0.0171,0.0806,0.0000,0.0743,0.0000,0.1173,0.0020,0.0088,0.1457,0.0137,0.1114,0.0029,0.1432,0.0005
1785417185.46,16,drive,1,2.0,15.0,40.753,25.26,249.98,0.0181,0.0811,0.0000,0.0777,0.0000,0.1173,0.0015,0.0098,0.1471,0.0112,0.1144,0.0005,0.1461,0.0000
1785417186.42,17,base,0,0.0,15.0,40.753,25.26,249.98,0.0122,0.0811,0.0000,0.0762,0.0000,0.0968,0.0005,0.0054,0.1452,0.0108,0.1114,0.0000,0.1452,0.0005
1785417186.51,17,base,1,0.0,15.0,40.753,25.26,249.98,0.0142,0.0777,0.0000,0.0718,0.0005,0.0948,0.0010,0.0078,0.1447,0.0122,0.1100,0.0010,0.1471,0.0005
1785417187.40,17,drive,0,0.0,15.0,40.753,25.26,249.98,0.0156,0.0753,0.0000,0.0714,0.0000,0.0963,0.0010,0.0044,0.1461,0.0122,0.1105,0.0005,0.1486,0.0000
1785417187.49,17,drive,1,0.0,15.0,40.753,25.26,249.98,0.0171,0.0787,0.0005,0.0714,0.0005,0.0973,0.0005,0.0073,0.1457,0.0108,0.1095,0.0005,0.1476,0.0000
1785417188.48,17,drive,0,0.25,15.0,40.753,25.26,249.98,0.0161,0.0806,0.0000,0.0694,0.0000,0.0924,0.0010,0.0073,0.1437,0.0103,0.1085,0.0015,0.1452,0.0000
1785417188.59,17,drive,1,0.25,15.0,40.753,25.26,249.98,0.0132,0.0758,0.0000,0.0699,0.0005,0.0973,0.0010,0.0049,0.1481,0.0108,0.1109,0.0010,0.1447,0.0005
1785417189.53,17,drive,0,0.5,15.0,40.753,25.26,249.98,0.0142,0.0772,0.0005,0.0718,0.0005,0.0963,0.0020,0.0064,0.1442,0.0112,0.1070,0.0010,0.1452,0.0000
1785417189.63,17,drive,1,0.5,15.0,40.753,25.26,249.98,0.0137,0.0787,0.0005,0.0718,0.0000,0.0953,0.0005,0.0088,0.1447,0.0122,0.1095,0.0010,0.1461,0.0005
1785417190.52,17,drive,0,0.75,15.0,40.753,25.26,249.98,0.0166,0.0767,0.0000,0.0704,0.0005,0.0953,0.0000,0.0088,0.1422,0.0093,0.1095,0.0015,0.1442,0.0005
1785417190.62,17,drive,1,0.75,15.0,40.753,25.26,249.98,0.0152,0.0748,0.0000,0.0714,0.0000,0.0948,0.0015,0.0064,0.1403,0.0108,0.1119,0.0020,0.1461,0.0005
1785417191.50,17,drive,0,1.0,15.0,40.753,25.26,249.98,0.0239,0.0792,0.0117,0.0621,0.0108,0.1139,0.0064,0.0191,0.1510,0.0264,0.0904,0.0093,0.1530,0.0059
1785417191.60,17,drive,1,1.0,15.0,40.753,25.26,249.98,0.0357,0.0816,0.0034,0.0718,0.0176,0.0865,0.0078,0.0264,0.1486,0.0137,0.1173,0.0122,0.1329,0.0078
1785417192.48,17,drive,0,1.25,15.0,40.753,25.26,249.98,0.0288,0.0797,0.0024,0.0674,0.0005,0.0978,0.0088,0.0064,0.1500,0.0112,0.1114,0.0152,0.1437,0.0000
1785417192.58,17,drive,1,1.25,15.0,40.753,25.26,249.98,0.0152,0.0670,0.0020,0.0674,0.0166,0.0953,0.0108,0.0196,0.1461,0.0215,0.1065,0.0034,0.1373,0.0020
1785417193.47,17,drive,0,1.5,15.0,40.753,25.26,249.98,0.0132,0.0802,0.0078,0.0714,0.0293,0.0924,0.0029,0.0196,0.1471,0.0073,0.1139,0.0049,0.1417,0.0103
1785417193.56,17,drive,1,1.5,15.0,40.753,25.26,249.98,0.0127,0.0782,0.0181,0.0718,0.0010,0.1041,0.0029,0.0103,0.1457,0.0088,0.1036,0.0068,0.1471,0.0249
1785417194.44,17,drive,0,1.75,15.0,40.753,25.26,249.98,0.0176,0.0777,0.0054,0.0753,0.0015,0.0885,0.0054,0.0088,0.1496,0.0078,0.1046,0.0088,0.1457,0.0073
1785417194.54,17,drive,1,1.75,15.0,40.753,25.26,249.98,0.0161,0.0762,0.0073,0.0679,0.0015,0.0938,0.0015,0.0127,0.1403,0.0132,0.1051,0.0044,0.1437,0.0059
1785417195.43,17,drive,0,2.0,15.0,40.753,25.26,249.98,0.0127,0.0797,0.0083,0.0758,0.0039,0.0855,0.0020,0.0064,0.1466,0.0068,0.1119,0.0078,0.1437,0.0068
1785417195.52,17,drive,1,2.0,15.0,40.753,25.26,249.98,0.0166,0.0728,0.0000,0.0694,0.0015,0.0943,0.0103,0.0088,0.1432,0.0181,0.1061,0.0088,0.1422,0.0015
1785417196.48,18,base,0,0.0,15.0,40.833,25.26,249.98,0.0122,0.0811,0.0044,0.0723,0.0039,0.0963,0.0049,0.0039,0.1486,0.0098,0.1109,0.0049,0.1432,0.0132
1785417196.57,18,base,1,0.0,15.0,40.833,25.26,249.98,0.0176,0.0723,0.0098,0.0699,0.0039,0.0943,0.0015,0.0142,0.1413,0.0112,0.1061,0.0059,0.1417,0.0039
1785417197.46,18,drive,0,0.0,15.0,40.833,25.26,249.98,0.0142,0.0753,0.0039,0.0689,0.0049,0.0953,0.0024,0.0161,0.1432,0.0117,0.1026,0.0049,0.1447,0.0073
1785417197.55,18,drive,1,0.0,15.0,40.833,25.26,249.98,0.0166,0.0782,0.0020,0.0709,0.0020,0.0987,0.0064,0.0073,0.1476,0.0103,0.1105,0.0078,0.1437,0.0039
1785417198.44,18,drive,0,0.25,15.0,40.833,25.26,249.98,0.0112,0.0787,0.0064,0.0709,0.0098,0.0894,0.0024,0.0098,0.1437,0.0142,0.1065,0.0044,0.1417,0.0059
1785417198.53,18,drive,1,0.25,15.0,40.833,25.26,249.98,0.0186,0.0689,0.0005,0.0797,0.0039,0.0953,0.0020,0.0122,0.1422,0.0156,0.1070,0.0034,0.1540,0.0010
1785417199.42,18,drive,0,0.5,15.0,40.833,25.26,249.98,0.0186,0.0782,0.0000,0.0723,0.0024,0.0963,0.0068,0.0098,0.1442,0.0161,0.1129,0.0015,0.1496,0.0020
1785417199.51,18,drive,1,0.5,15.0,40.833,25.26,249.98,0.0191,0.0767,0.0083,0.0743,0.0000,0.0982,0.0049,0.0054,0.1398,0.0093,0.1090,0.0088,0.1422,0.0068
1785417200.40,18,drive,0,0.75,15.0,40.833,25.26,249.98,0.0362,0.0738,0.0010,0.0728,0.0010,0.0958,0.0152,0.0108,0.1427,0.0235,0.1105,0.0127,0.1559,0.0010
1785417200.49,18,drive,1,0.75,15.0,40.833,25.26,249.98,0.0152,0.0738,0.0181,0.0714,0.0078,0.1022,0.0020,0.0205,0.1452,0.0098,0.1075,0.0029,0.1481,0.0230
1785417201.38,18,drive,0,1.0,15.0,40.833,25.26,249.98,0.0166,0.0699,0.0049,0.0699,0.0142,0.0982,0.0010,0.0288,0.1427,0.0127,0.1041,0.0024,0.1491,0.0064
1785417201.48,18,drive,1,1.0,15.0,40.833,25.26,249.98,0.0127,0.0792,0.0098,0.0709,0.0122,0.0914,0.0015,0.0205,0.1432,0.0098,0.1095,0.0044,0.1447,0.0176
1785417202.37,18,drive,0,1.25,15.0,40.833,25.26,249.98,0.0161,0.0753,0.0186,0.0699,0.0010,0.0938,0.0015,0.0147,0.1461,0.0142,0.1163,0.0078,0.1500,0.0117
1785417202.46,18,drive,1,1.25,15.0,40.833,25.26,249.98,0.0161,0.0743,0.0024,0.0704,0.0196,0.0978,0.0039,0.0152,0.1452,0.0200,0.1065,0.0039,0.1457,0.0054
1785417203.34,18,drive,0,1.5,15.0,40.833,25.26,249.98,0.0142,0.0738,0.0000,0.0723,0.0000,0.0934,0.0015,0.0059,0.1457,0.0127,0.1119,0.0005,0.1447,0.0005
1785417203.44,18,drive,1,1.5,15.0,40.833,25.26,249.98,0.0147,0.0772,0.0000,0.0704,0.0005,0.0953,0.0010,0.0073,0.1422,0.0103,0.1090,0.0005,0.1447,0.0000
1785417204.32,18,drive,0,1.75,15.0,40.833,25.26,249.98,0.0152,0.0733,0.0005,0.0694,0.0000,0.0958,0.0024,0.0068,0.1452,0.0103,0.1100,0.0005,0.1452,0.0000
1785417204.42,18,drive,1,1.75,15.0,40.833,25.26,249.98,0.0152,0.0767,0.0000,0.0684,0.0000,0.0948,0.0000,0.0073,0.1457,0.0112,0.1109,0.0020,0.1461,0.0005
1785417205.31,18,drive,0,2.0,15.0,40.833,25.26,249.98,0.0137,0.0758,0.0000,0.0733,0.0000,0.0968,0.0000,0.0073,0.1447,0.0117,0.1109,0.0005,0.1476,0.0000
1785417205.40,18,drive,1,2.0,15.0,40.833,25.26,249.98,0.0147,0.0792,0.0000,0.0699,0.0005,0.0968,0.0000,0.0049,0.1427,0.0108,0.1114,0.0005,0.1461,0.0000
1785417206.36,19,base,0,0.0,15.0,40.773,25.26,249.98,0.0137,0.0738,0.0005,0.0694,0.0015,0.0953,0.0015,0.0064,0.1408,0.0117,0.1105,0.0015,0.1461,0.0005
1785417206.46,19,base,1,0.0,15.0,40.773,25.26,249.98,0.0137,0.0762,0.0005,0.0704,0.0000,0.0978,0.0005,0.0064,0.1457,0.0098,0.1085,0.0000,0.1476,0.0000
1785417207.34,19,drive,0,0.0,15.0,40.773,25.26,249.98,0.0132,0.0762,0.0000,0.0714,0.0000,0.0953,0.0000,0.0064,0.1427,0.0112,0.1100,0.0015,0.1442,0.0000
1785417207.44,19,drive,1,0.0,15.0,40.773,25.26,249.98,0.0171,0.0743,0.0000,0.0714,0.0000,0.0968,0.0000,0.0083,0.1427,0.0103,0.1100,0.0005,0.1437,0.0000
1785417208.32,19,drive,0,0.25,15.0,40.773,25.26,249.98,0.0161,0.0792,0.0000,0.0718,0.0005,0.0992,0.0005,0.0083,0.1476,0.0112,0.1100,0.0020,0.1437,0.0000
1785417208.42,19,drive,1,0.25,15.0,40.773,25.26,249.98,0.0147,0.0738,0.0000,0.0694,0.0000,0.0958,0.0005,0.0073,0.1452,0.0103,0.1105,0.0005,0.1471,0.0000
1785417209.31,19,drive,0,0.5,15.0,40.773,25.26,249.98,0.0152,0.0777,0.0000,0.0704,0.0000,0.0953,0.0005,0.0059,0.1457,0.0122,0.1080,0.0000,0.1471,0.0000
1785417209.40,19,drive,1,0.5,15.0,40.773,25.26,249.98,0.0147,0.0762,0.0000,0.0718,0.0000,0.0934,0.0010,0.0083,0.1452,0.0112,0.1158,0.0005,0.1413,0.0000
1785417210.29,19,drive,0,0.75,15.0,40.773,25.26,249.98,0.0156,0.0792,0.0000,0.0694,0.0000,0.0914,0.0015,0.0098,0.1466,0.0132,0.1163,0.0010,0.1447,0.0000
1785417210.38,19,drive,1,0.75,15.0,40.773,25.26,249.98,0.0132,0.0748,0.0000,0.0699,0.0000,0.0899,0.0005,0.0088,0.1486,0.0117,0.1149,0.0015,0.1442,0.0010
1785417211.27,19,drive,0,1.0,15.0,40.773,25.26,249.98,0.0152,0.0753,0.0000,0.0723,0.0005,0.0855,0.0000,0.0059,0.1525,0.0122,0.1158,0.0000,0.1437,0.0005
1785417211.36,19,drive,1,1.0,15.0,40.773,25.26,249.98,0.0132,0.0777,0.0000,0.0733,0.0005,0.0899,0.0020,0.0073,0.1476,0.0117,0.1149,0.0020,0.1466,0.0005
1785417212.25,19,drive,0,1.25,15.0,40.773,25.26,249.98,0.0152,0.0787,0.0005,0.0704,0.0010,0.0865,0.0010,0.0044,0.1486,0.0108,0.1188,0.0020,0.1427,0.0000
1785417212.34,19,drive,1,1.25,15.0,40.773,25.26,249.98,0.0181,0.0777,0.0005,0.0694,0.0000,0.0865,0.0020,0.0073,0.1510,0.0112,0.1217,0.0015,0.1437,0.0000
1785417213.23,19,drive,0,1.5,15.0,40.773,25.26,249.98,0.0152,0.0767,0.0000,0.0704,0.0005,0.0797,0.0000,0.0044,0.1515,0.0112,0.1227,0.0005,0.1437,0.0005
1785417213.32,19,drive,1,1.5,15.0,40.773,25.26,249.98,0.0142,0.0777,0.0000,0.0684,0.0000,0.0772,0.0010,0.0083,0.1549,0.0083,0.1271,0.0020,0.1413,0.0005
1785417214.21,19,drive,0,1.75,15.0,40.773,25.26,249.98,0.0142,0.0767,0.0000,0.0670,0.0005,0.0753,0.0005,0.0049,0.1540,0.0093,0.1276,0.0010,0.1378,0.0010
1785417214.30,19,drive,1,1.75,15.0,40.773,25.26,249.98,0.0176,0.0758,0.0000,0.0699,0.0005,0.0733,0.0005,0.0068,0.1515,0.0108,0.1281,0.0000,0.1388,0.0005
1785417215.19,19,drive,0,2.0,15.0,40.773,25.26,249.98,0.0181,0.0738,0.0000,0.0674,0.0005,0.0743,0.0005,0.0024,0.1525,0.0083,0.1364,0.0010,0.1378,0.0010
1785417215.28,19,drive,1,2.0,15.0,40.773,25.26,249.98,0.0156,0.0738,0.0010,0.0670,0.0005,0.0709,0.0015,0.0020,0.1549,0.0068,0.1334,0.0010,0.1369,0.0000
1785417216.25,20,base,0,0.0,15.0,40.733,25.26,249.98,0.0137,0.0758,0.0005,0.0718,0.0000,0.0953,0.0010,0.0054,0.1461,0.0093,0.1109,0.0015,0.1457,0.0000
1785417216.34,20,base,1,0.0,15.0,40.733,25.26,249.98,0.0132,0.0782,0.0000,0.0718,0.0000,0.0938,0.0024,0.0112,0.1427,0.0093,0.1124,0.0010,0.1427,0.0000
1785417217.23,20,drive,0,0.0,15.0,40.733,25.26,249.98,0.0166,0.0850,0.0068,0.0679,0.0103,0.0948,0.0122,0.0137,0.1554,0.0152,0.1163,0.0083,0.1437,0.0088
1785417217.32,20,drive,1,0.0,15.0,40.733,25.26,249.98,0.0186,0.0816,0.0068,0.0635,0.0147,0.1026,0.0122,0.0112,0.1530,0.0181,0.1031,0.0093,0.1457,0.0078
1785417218.21,20,drive,0,0.25,15.0,40.733,25.26,249.98,0.0186,0.0743,0.0093,0.0709,0.0005,0.1090,0.0024,0.0078,0.1437,0.0137,0.1158,0.0044,0.1471,0.0064
1785417218.30,20,drive,1,0.25,15.0,40.733,25.26,249.98,0.0127,0.0767,0.0015,0.0743,0.0108,0.0943,0.0020,0.0122,0.1447,0.0152,0.1100,0.0044,0.1437,0.0039
1785417219.19,20,drive,0,0.5,15.0,40.733,25.26,249.98,0.0259,0.0718,0.0020,0.0557,0.0010,0.1022,0.0161,0.0117,0.1290,0.0225,0.1095,0.0235,0.1447,0.0005
1785417219.28,20,drive,1,0.5,15.0,40.733,25.26,249.98,0.0132,0.0919,0.0010,0.0753,0.0122,0.0982,0.0073,0.0215,0.1452,0.0200,0.1202,0.0029,0.1432,0.0015
1785417220.17,20,drive,0,0.75,15.0,40.733,25.26,249.98,0.0254,0.0772,0.0147,0.0689,0.0005,0.0875,0.0147,0.0122,0.1530,0.0127,0.1119,0.0127,0.1437,0.0064
1785417220.27,20,drive,1,0.75,15.0,40.733,25.26,249.98,0.0244,0.0689,0.0034,0.0733,0.0098,0.0973,0.0078,0.0239,0.1486,0.0186,0.1153,0.0064,0.1427,0.0044
1785417221.15,20,drive,0,1.0,15.0,40.733,25.26,249.98,0.0244,0.0767,0.0147,0.0743,0.0044,0.0958,0.0073,0.0166,0.1437,0.0196,0.1090,0.0073,0.1452,0.0083
1785417221.25,20,drive,1,1.0,15.0,40.733,25.26,249.98,0.0318,0.0797,0.0073,0.0704,0.0098,0.0870,0.0117,0.0249,0.1593,0.0176,0.1246,0.0054,0.1476,0.0020
1785417222.13,20,drive,0,1.25,15.0,40.733,25.26,249.98,0.0156,0.0743,0.0068,0.0709,0.0068,0.1022,0.0088,0.0196,0.1569,0.0176,0.1183,0.0073,0.1383,0.0034
1785417222.23,20,drive,1,1.25,15.0,40.733,25.26,249.98,0.0239,0.0806,0.0015,0.0640,0.0068,0.0958,0.0093,0.0230,0.1574,0.0147,0.1168,0.0171,0.1437,0.0039
1785417223.11,20,drive,0,1.5,15.0,40.733,25.26,249.98,0.0264,0.0772,0.0093,0.0743,0.0020,0.0929,0.0078,0.0420,0.1579,0.0108,0.1276,0.0142,0.1388,0.0083
1785417223.21,20,drive,1,1.5,15.0,40.733,25.26,249.98,0.0161,0.0816,0.0049,0.0777,0.0020,0.0973,0.0117,0.0337,0.1637,0.0186,0.1290,0.0112,0.1452,0.0005
1785417224.10,20,drive,0,1.75,15.0,40.733,25.26,249.98,0.0186,0.0767,0.0054,0.0718,0.0068,0.0865,0.0044,0.0499,0.1681,0.0122,0.1320,0.0132,0.1334,0.0044
1785417224.19,20,drive,1,1.75,15.0,40.733,25.26,249.98,0.0181,0.0777,0.0059,0.0762,0.0083,0.0860,0.0142,0.0479,0.1696,0.0132,0.1398,0.0049,0.1408,0.0015
1785417225.08,20,drive,0,2.0,15.0,40.733,25.26,249.98,0.0127,0.0714,0.0078,0.0772,0.0068,0.0997,0.0049,0.0572,0.1833,0.0142,0.1500,0.0098,0.1339,0.0049
1785417225.17,20,drive,1,2.0,15.0,40.733,25.26,249.98,0.0166,0.0718,0.0059,0.0704,0.0088,0.0958,0.0073,0.0552,0.1804,0.0254,0.1320,0.0015,0.1349,0.0142
1785417226.14,21,base,0,0.0,15.0,40.733,25.26,249.98,0.0156,0.0806,0.0083,0.0660,0.0142,0.0948,0.0034,0.0108,0.1520,0.0147,0.1046,0.0064,0.1491,0.0073
1785417226.23,21,base,1,0.0,15.0,40.733,25.26,249.98,0.0235,0.0762,0.0044,0.0689,0.0078,0.1017,0.0049,0.0088,0.1359,0.0103,0.1193,0.0117,0.1432,0.0078
1785417227.12,21,drive,0,0.0,15.0,40.733,25.26,249.98,0.0093,0.0762,0.0064,0.0679,0.0088,0.0968,0.0029,0.0147,0.1457,0.0152,0.1105,0.0093,0.1540,0.0088
1785417227.21,21,drive,1,0.0,15.0,40.733,25.26,249.98,0.0186,0.0806,0.0059,0.0655,0.0088,0.1002,0.0103,0.0112,0.1349,0.0132,0.1056,0.0132,0.1520,0.0044
1785417228.09,21,drive,0,0.25,15.0,40.733,25.26,249.98,0.0161,0.0777,0.0039,0.0767,0.0024,0.0938,0.0098,0.0103,0.1427,0.0176,0.1100,0.0108,0.1525,0.0020
1785417228.19,21,drive,1,0.25,15.0,40.733,25.26,249.98,0.0137,0.0865,0.0044,0.0718,0.0127,0.0924,0.0054,0.0186,0.1442,0.0171,0.1153,0.0068,0.1364,0.0024
1785417229.07,21,drive,0,0.5,15.0,40.733,25.26,249.98,0.0239,0.0806,0.0059,0.0650,0.0073,0.0948,0.0088,0.0142,0.1476,0.0186,0.1051,0.0142,0.1354,0.0020
1785417229.17,21,drive,1,0.5,15.0,40.733,25.26,249.98,0.0181,0.0758,0.0039,0.0679,0.0093,0.0953,0.0064,0.0137,0.1466,0.0186,0.1105,0.0044,0.1427,0.0064
1785417230.05,21,drive,0,0.75,15.0,40.733,25.26,249.98,0.0225,0.0806,0.0049,0.0621,0.0029,0.0875,0.0117,0.0088,0.1544,0.0171,0.1149,0.0039,0.1457,0.0083
1785417230.15,21,drive,1,0.75,15.0,40.733,25.26,249.98,0.0127,0.0841,0.0000,0.0699,0.0078,0.1017,0.0098,0.0122,0.1393,0.0171,0.1031,0.0122,0.1349,0.0044
1785417231.03,21,drive,0,1.0,15.0,40.733,25.26,249.98,0.0147,0.0748,0.0064,0.0709,0.0064,0.0934,0.0034,0.0161,0.1457,0.0142,0.1124,0.0117,0.1432,0.0039
1785417231.13,21,drive,1,1.0,15.0,40.733,25.26,249.98,0.0117,0.0728,0.0005,0.0762,0.0078,0.0958,0.0137,0.0147,0.1447,0.0103,0.1041,0.0039,0.1422,0.0029
1785417232.02,21,drive,0,1.25,15.0,40.733,25.26,249.98,0.0137,0.0738,0.0078,0.0684,0.0215,0.0890,0.0015,0.0249,0.1378,0.0156,0.1022,0.0029,0.1344,0.0171
1785417232.11,21,drive,1,1.25,15.0,40.733,25.26,249.98,0.0186,0.0738,0.0005,0.0758,0.0024,0.0997,0.0108,0.0073,0.1471,0.0152,0.1109,0.0010,0.1579,0.0000
1785417233.00,21,drive,0,1.5,15.0,40.733,25.26,249.98,0.0117,0.0743,0.0059,0.0674,0.0093,0.1002,0.0024,0.0186,0.1457,0.0147,0.1017,0.0039,0.1413,0.0073
1785417233.09,21,drive,1,1.5,15.0,40.733,25.26,249.98,0.0176,0.0718,0.0039,0.0733,0.0073,0.0934,0.0005,0.0225,0.1427,0.0098,0.1041,0.0020,0.1476,0.0049
1785417233.98,21,drive,0,1.75,15.0,40.733,25.26,249.98,0.0132,0.0890,0.0029,0.0699,0.0186,0.0973,0.0064,0.0132,0.1432,0.0215,0.1051,0.0015,0.1422,0.0083
1785417234.08,21,drive,1,1.75,15.0,40.733,25.26,249.98,0.0303,0.0762,0.0034,0.0640,0.0015,0.0987,0.0068,0.0103,0.1325,0.0152,0.1085,0.0239,0.1403,0.0020
1785417234.97,21,drive,0,2.0,15.0,40.733,25.26,249.98,0.0313,0.0758,0.0073,0.0674,0.0015,0.0924,0.0044,0.0078,0.1241,0.0132,0.1109,0.0259,0.1457,0.0015
1785417235.06,21,drive,1,2.0,15.0,40.733,25.26,249.98,0.0166,0.0894,0.0044,0.0689,0.0205,0.0953,0.0054,0.0181,0.1408,0.0215,0.1061,0.0029,0.1388,0.0068
1785417236.02,22,base,0,0.0,15.0,40.793,25.26,249.98,0.0142,0.0772,0.0000,0.0704,0.0000,0.0963,0.0015,0.0059,0.1471,0.0108,0.1119,0.0010,0.1437,0.0000
1785417236.11,22,base,1,0.0,15.0,40.793,25.26,249.98,0.0132,0.0767,0.0005,0.0699,0.0000,0.0963,0.0005,0.0088,0.1461,0.0108,0.1085,0.0029,0.1437,0.0000
1785417237.00,22,drive,0,0.0,15.0,40.793,25.26,249.98,0.0176,0.0787,0.0000,0.0704,0.0000,0.0934,0.0015,0.0064,0.1457,0.0078,0.1095,0.0020,0.1476,0.0000
1785417237.09,22,drive,1,0.0,15.0,40.793,25.26,249.98,0.0156,0.0767,0.0000,0.0699,0.0000,0.0953,0.0020,0.0059,0.1437,0.0093,0.1090,0.0015,0.1457,0.0000
1785417237.98,22,drive,0,0.25,15.0,40.793,25.26,249.98,0.0122,0.0758,0.0000,0.0704,0.0000,0.0929,0.0005,0.0103,0.1437,0.0088,0.1095,0.0005,0.1427,0.0000
1785417238.08,22,drive,1,0.25,15.0,40.793,25.26,249.98,0.0156,0.0777,0.0005,0.0733,0.0000,0.0934,0.0005,0.0083,0.1413,0.0103,0.1070,0.0015,0.1486,0.0000
1785417238.96,22,drive,0,0.5,15.0,40.793,25.26,249.98,0.0147,0.0762,0.0005,0.0733,0.0000,0.0909,0.0010,0.0068,0.1452,0.0098,0.1090,0.0000,0.1461,0.0000
1785417239.06,22,drive,1,0.5,15.0,40.793,25.26,249.98,0.0142,0.0743,0.0005,0.0738,0.0000,0.0934,0.0000,0.0078,0.1476,0.0127,0.1075,0.0024,0.1432,0.0000
1785417239.95,22,drive,0,0.75,15.0,40.793,25.26,249.98,0.0171,0.0782,0.0000,0.0723,0.0000,0.0924,0.0000,0.0054,0.1461,0.0108,0.1119,0.0010,0.1447,0.0010
1785417240.04,22,drive,1,0.75,15.0,40.793,25.26,249.98,0.0156,0.0753,0.0000,0.0728,0.0005,0.0943,0.0010,0.0059,0.1461,0.0108,0.1090,0.0020,0.1466,0.0010
1785417240.92,22,drive,0,1.0,15.0,40.793,25.26,249.98,0.0156,0.0772,0.0000,0.0767,0.0000,0.0924,0.0024,0.0039,0.1461,0.0078,0.1149,0.0020,0.1466,0.0000
1785417241.03,22,drive,1,1.0,15.0,40.793,25.26,249.98,0.0161,0.0753,0.0000,0.0714,0.0000,0.0938,0.0015,0.0034,0.1496,0.0098,0.1124,0.0020,0.1486,0.0000
1785417241.91,22,drive,0,1.25,15.0,40.793,25.26,249.98,0.0156,0.0772,0.0000,0.0738,0.0000,0.0885,0.0010,0.0054,0.1466,0.0088,0.1158,0.0024,0.1447,0.0010
1785417242.01,22,drive,1,1.25,15.0,40.793,25.26,249.98,0.0152,0.0792,0.0000,0.0753,0.0015,0.0904,0.0000,0.0044,0.1491,0.0083,0.1149,0.0005,0.1471,0.0000
1785417242.89,22,drive,0,1.5,15.0,40.793,25.26,249.98,0.0161,0.0748,0.0005,0.0733,0.0005,0.0885,0.0015,0.0020,0.1437,0.0078,0.1178,0.0010,0.1447,0.0005
1785417242.99,22,drive,1,1.5,15.0,40.793,25.26,249.98,0.0171,0.0738,0.0000,0.0748,0.0000,0.0875,0.0010,0.0020,0.1422,0.0073,0.1178,0.0020,0.1437,0.0000
1785417243.87,22,drive,0,1.75,15.0,40.793,25.26,249.98,0.0147,0.0728,0.0005,0.0772,0.0010,0.0846,0.0005,0.0005,0.1393,0.0078,0.1134,0.0020,0.1447,0.0020
1785417243.97,22,drive,1,1.75,15.0,40.793,25.26,249.98,0.0161,0.0777,0.0005,0.0743,0.0010,0.0865,0.0010,0.0005,0.1378,0.0064,0.1158,0.0020,0.1408,0.0000
1785417244.85,22,drive,0,2.0,15.0,40.793,25.26,249.98,0.0127,0.0748,0.0005,0.0699,0.0015,0.0841,0.0000,0.0010,0.1325,0.0044,0.1119,0.0005,0.1422,0.0000
1785417244.95,22,drive,1,2.0,15.0,40.793,25.26,249.98,0.0127,0.0762,0.0000,0.0723,0.0000,0.0836,0.0000,0.0010,0.1349,0.0034,0.1149,0.0015,0.1373,0.0010
1785417245.92,23,base,0,0.0,15.0,40.733,25.26,249.98,0.0132,0.0753,0.0005,0.0709,0.0000,0.0953,0.0020,0.0059,0.1442,0.0108,0.1090,0.0015,0.1447,0.0000
1785417246.02,23,base,1,0.0,15.0,40.733,25.26,249.98,0.0166,0.0777,0.0000,0.0704,0.0000,0.0958,0.0005,0.0064,0.1437,0.0098,0.1070,0.0015,0.1457,0.0000
1785417246.90,23,drive,0,0.0,15.0,40.733,25.26,249.98,0.0132,0.0723,0.0005,0.0718,0.0000,0.0948,0.0005,0.0073,0.1452,0.0068,0.1080,0.0010,0.1452,0.0000
1785417246.99,23,drive,1,0.0,15.0,40.733,25.26,249.98,0.0152,0.0758,0.0000,0.0714,0.0000,0.0958,0.0005,0.0044,0.1452,0.0112,0.1085,0.0005,0.1437,0.0000
1785417247.88,23,drive,0,0.25,15.0,40.733,25.26,249.98,0.0137,0.0758,0.0010,0.0728,0.0000,0.0953,0.0000,0.0078,0.1452,0.0127,0.1070,0.0015,0.1466,0.0000
1785417247.98,23,drive,1,0.25,15.0,40.733,25.26,249.98,0.0142,0.0748,0.0005,0.0714,0.0000,0.0934,0.0000,0.0088,0.1461,0.0127,0.1051,0.0000,0.1457,0.0000
1785417248.87,23,drive,0,0.5,15.0,40.733,25.26,249.98,0.0308,0.0694,0.0088,0.0660,0.0156,0.0836,0.0142,0.0220,0.1378,0.0196,0.1178,0.0249,0.1300,0.0073
1785417248.96,23,drive,1,0.5,15.0,40.733,25.26,249.98,0.0200,0.0787,0.0132,0.0591,0.0117,0.0982,0.0054,0.0122,0.1593,0.0152,0.0973,0.0132,0.1520,0.0064
1785417249.85,23,drive,0,0.75,15.0,40.733,25.26,249.98,0.0308,0.0743,0.0000,0.0704,0.0054,0.0968,0.0318,0.0112,0.1417,0.0274,0.0997,0.0064,0.1447,0.0015
1785417249.94,23,drive,1,0.75,15.0,40.733,25.26,249.98,0.0127,0.0743,0.0142,0.0738,0.0147,0.1002,0.0034,0.0269,0.1403,0.0117,0.0943,0.0049,0.1486,0.0269
1785417250.83,23,drive,0,1.0,15.0,40.733,25.26,249.98,0.0127,0.0816,0.0010,0.0733,0.0029,0.0953,0.0064,0.0088,0.1310,0.0088,0.0953,0.0020,0.1481,0.0005
1785417250.92,23,drive,1,1.0,15.0,40.733,25.26,249.98,0.0156,0.0723,0.0039,0.0699,0.0054,0.0973,0.0015,0.0117,0.1315,0.0103,0.0870,0.0039,0.1452,0.0078
1785417251.81,23,drive,0,1.25,15.0,40.733,25.26,249.98,0.0161,0.0718,0.0005,0.0694,0.0039,0.0973,0.0059,0.0088,0.1207,0.0166,0.0885,0.0132,0.1520,0.0005
1785417251.90,23,drive,1,1.25,15.0,40.733,25.26,249.98,0.0191,0.0767,0.0029,0.0699,0.0054,0.0963,0.0103,0.0156,0.1266,0.0112,0.0875,0.0024,0.1403,0.0049
1785417252.79,23,drive,0,1.5,15.0,40.733,25.26,249.98,0.0181,0.0782,0.0015,0.0738,0.0059,0.0948,0.0024,0.0127,0.1163,0.0137,0.0870,0.0078,0.1364,0.0015
1785417252.88,23,drive,1,1.5,15.0,40.733,25.26,249.98,0.0235,0.0767,0.0049,0.0684,0.0015,0.0958,0.0122,0.0103,0.1065,0.0137,0.0860,0.0024,0.1373,0.0073
1785417253.77,23,drive,0,1.75,15.0,40.733,25.26,249.98,0.0147,0.0802,0.0044,0.0748,0.0020,0.0914,0.0054,0.0112,0.0958,0.0049,0.0963,0.0020,0.1344,0.0078
1785417253.86,23,drive,1,1.75,15.0,40.733,25.26,249.98,0.0186,0.0792,0.0108,0.0684,0.0015,0.0924,0.0044,0.0059,0.0929,0.0098,0.0904,0.0049,0.1344,0.0064
1785417254.75,23,drive,0,2.0,15.0,40.733,25.26,249.98,0.0161,0.0748,0.0068,0.0767,0.0024,0.0968,0.0083,0.0088,0.0860,0.0156,0.1090,0.0015,0.1256,0.0015
1785417254.84,23,drive,1,2.0,15.0,40.733,25.26,249.98,0.0181,0.0782,0.0064,0.0733,0.0010,0.0973,0.0049,0.0098,0.0875,0.0108,0.1129,0.0039,0.1320,0.0073
1785417255.80,24,base,0,0.0,15.0,40.753,25.26,249.98,0.0161,0.0777,0.0049,0.0645,0.0054,0.0943,0.0015,0.0049,0.1422,0.0127,0.1070,0.0064,0.1461,0.0020
1785417255.90,24,base,1,0.0,15.0,40.753,25.26,249.98,0.0156,0.0792,0.0020,0.0650,0.0020,0.0978,0.0068,0.0117,0.1496,0.0166,0.1090,0.0029,0.1417,0.0044
1785417256.78,24,drive,0,0.0,15.0,40.753,25.26,249.98,0.0137,0.0787,0.0112,0.0709,0.0024,0.0890,0.0083,0.0054,0.1466,0.0156,0.1012,0.0054,0.1437,0.0137
1785417256.88,24,drive,1,0.0,15.0,40.753,25.26,249.98,0.0176,0.0811,0.0029,0.0748,0.0068,0.0973,0.0024,0.0147,0.1452,0.0122,0.1100,0.0039,0.1388,0.0029
1785417257.77,24,drive,0,0.25,15.0,40.753,25.26,249.98,0.0122,0.0743,0.0029,0.0733,0.0122,0.0963,0.0039,0.0093,0.1461,0.0098,0.1026,0.0044,0.1437,0.0034
1785417257.86,24,drive,1,0.25,15.0,40.753,25.26,249.98,0.0156,0.0689,0.0064,0.0728,0.0029,0.0919,0.0044,0.0137,0.1461,0.0156,0.1070,0.0044,0.1432,0.0029
1785417258.75,24,drive,0,0.5,15.0,40.753,25.26,249.98,0.0156,0.0782,0.0015,0.0772,0.0059,0.0953,0.0034,0.0088,0.1442,0.0098,0.1095,0.0068,0.1486,0.0049
1785417258.84,24,drive,1,0.5,15.0,40.753,25.26,249.98,0.0152,0.0762,0.0054,0.0709,0.0039,0.0973,0.0039,0.0073,0.1408,0.0088,0.1065,0.0034,0.1413,0.0073
1785417259.73,24,drive,0,0.75,15.0,40.753,25.26,249.98,0.0191,0.0748,0.0039,0.0762,0.0005,0.0978,0.0015,0.0117,0.1417,0.0083,0.1153,0.0039,0.1505,0.0083
1785417259.82,24,drive,1,0.75,15.0,40.753,25.26,249.98,0.0269,0.0714,0.0024,0.0621,0.0044,0.0909,0.0039,0.0073,0.1413,0.0171,0.1080,0.0108,0.1491,0.0034
1785417260.71,24,drive,0,1.0,15.0,40.753,25.26,249.98,0.0171,0.0728,0.0054,0.0758,0.0034,0.0943,0.0020,0.0059,0.1491,0.0083,0.1178,0.0029,0.1520,0.0005
1785417260.80,24,drive,1,1.0,15.0,40.753,25.26,249.98,0.0147,0.0743,0.0054,0.0723,0.0029,0.0772,0.0039,0.0073,0.1457,0.0112,0.1109,0.0112,0.1427,0.0073
1785417261.69,24,drive,0,1.25,15.0,40.753,25.26,249.98,0.0210,0.0743,0.0142,0.0723,0.0034,0.0948,0.0034,0.0171,0.1442,0.0122,0.1080,0.0044,0.1427,0.0142
1785417261.79,24,drive,1,1.25,15.0,40.753,25.26,249.98,0.0200,0.0772,0.0029,0.0753,0.0034,0.0914,0.0068,0.0059,0.1398,0.0112,0.1139,0.0181,0.1427,0.0005
1785417262.67,24,drive,0,1.5,15.0,40.753,25.26,249.98,0.0176,0.0772,0.0152,0.0704,0.0176,0.0904,0.0020,0.0244,0.1329,0.0103,0.1109,0.0054,0.1447,0.0196
1785417262.77,24,drive,1,1.5,15.0,40.753,25.26,249.98,0.0249,0.0777,0.0005,0.0953,0.0024,0.0894,0.0083,0.0044,0.1388,0.0244,0.1129,0.0083,0.1544,0.0010
1785417263.65,24,drive,0,1.75,15.0,40.753,25.26,249.98,0.0176,0.0792,0.0044,0.0728,0.0147,0.0890,0.0039,0.0108,0.1315,0.0147,0.1144,0.0015,0.1515,0.0083
1785417263.75,24,drive,1,1.75,15.0,40.753,25.26,249.98,0.0156,0.0802,0.0015,0.0689,0.0093,0.0885,0.0332,0.0068,0.1325,0.0220,0.1114,0.0029,0.1281,0.0044
1785417264.63,24,drive,0,2.0,15.0,40.753,25.26,249.98,0.0161,0.0758,0.0000,0.0699,0.0005,0.0880,0.0005,0.0000,0.1232,0.0049,0.1109,0.0005,0.1329,0.0000
1785417264.72,24,drive,1,2.0,15.0,40.753,25.26,249.98,0.0176,0.0767,0.0000,0.0709,0.0015,0.0885,0.0005,0.0010,0.1197,0.0064,0.1134,0.0010,0.1334,0.0020
1785417265.69,25,base,0,0.0,15.0,40.773,25.25,249.98,0.0156,0.0762,0.0000,0.0684,0.0000,0.0973,0.0005,0.0049,0.1447,0.0098,0.1100,0.0005,0.1442,0.0005
1785417265.78,25,base,1,0.0,15.0,40.773,25.25,249.98,0.0127,0.0767,0.0010,0.0714,0.0005,0.0943,0.0005,0.0059,0.1481,0.0132,0.1061,0.0010,0.1447,0.0010
1785417266.67,25,drive,0,0.0,15.0,40.773,25.25,249.98,0.0132,0.0777,0.0000,0.0699,0.0005,0.0958,0.0015,0.0068,0.1476,0.0122,0.1070,0.0015,0.1393,0.0000
1785417266.76,25,drive,1,0.0,15.0,40.773,25.25,249.98,0.0152,0.0762,0.0000,0.0714,0.0005,0.0958,0.0015,0.0039,0.1437,0.0103,0.1090,0.0020,0.1432,0.0000
1785417267.65,25,drive,0,0.25,15.0,40.773,25.25,249.98,0.0166,0.0758,0.0000,0.0753,0.0000,0.0982,0.0010,0.0078,0.1457,0.0103,0.1065,0.0015,0.1447,0.0000
1785417267.74,25,drive,1,0.25,15.0,40.773,25.25,249.98,0.0137,0.0782,0.0000,0.0704,0.0000,0.0963,0.0005,0.0073,0.1457,0.0103,0.1114,0.0010,0.1452,0.0005
1785417268.63,25,drive,0,0.5,15.0,40.773,25.25,249.98,0.0166,0.0777,0.0000,0.0723,0.0005,0.0963,0.0015,0.0068,0.1422,0.0073,0.1105,0.0024,0.1452,0.0000
1785417268.72,25,drive,1,0.5,15.0,40.773,25.25,249.98,0.0142,0.0767,0.0000,0.0699,0.0000,0.0963,0.0005,0.0044,0.1447,0.0142,0.1080,0.0000,0.1417,0.0000
1785417269.61,25,drive,0,0.75,15.0,40.773,25.25,249.98,0.0166,0.0767,0.0000,0.0709,0.0010,0.0958,0.0010,0.0073,0.1466,0.0103,0.1090,0.0010,0.1466,0.0005
1785417269.70,25,drive,1,0.75,15.0,40.773,25.25,249.98,0.0147,0.0767,0.0000,0.0699,0.0000,0.0963,0.0005,0.0088,0.1437,0.0117,0.1075,0.0015,0.1457,0.0000
1785417270.59,25,drive,0,1.0,15.0,40.773,25.25,249.98,0.0147,0.0782,0.0000,0.0723,0.0000,0.0943,0.0015,0.0059,0.1452,0.0108,0.1105,0.0024,0.1442,0.0000
1785417270.68,25,drive,1,1.0,15.0,40.773,25.25,249.98,0.0156,0.0728,0.0005,0.0728,0.0000,0.0963,0.0010,0.0083,0.1457,0.0117,0.1080,0.0000,0.1447,0.0010
1785417271.57,25,drive,0,1.25,15.0,40.773,25.25,249.98,0.0147,0.0767,0.0005,0.0694,0.0005,0.0943,0.0010,0.0088,0.1461,0.0122,0.1080,0.0005,0.1447,0.0000
1785417271.66,25,drive,1,1.25,15.0,40.773,25.25,249.98,0.0181,0.0753,0.0000,0.0723,0.0000,0.0943,0.0000,0.0073,0.1437,0.0122,0.1100,0.0000,0.1466,0.0000
1785417272.55,25,drive,0,1.5,15.0,40.773,25.25,249.98,0.0186,0.0753,0.0000,0.0704,0.0000,0.0958,0.0010,0.0068,0.1452,0.0137,0.1109,0.0005,0.1447,0.0005
1785417272.65,25,drive,1,1.5,15.0,40.773,25.25,249.98,0.0181,0.0767,0.0000,0.0679,0.0010,0.0953,0.0005,0.0073,0.1432,0.0093,0.1114,0.0020,0.1427,0.0000
1785417273.53,25,drive,0,1.75,15.0,40.773,25.25,249.98,0.0166,0.0777,0.0000,0.0733,0.0000,0.0973,0.0015,0.0073,0.1466,0.0098,0.1075,0.0005,0.1427,0.0000
1785417273.63,25,drive,1,1.75,15.0,40.773,25.25,249.98,0.0156,0.0767,0.0000,0.0709,0.0000,0.0934,0.0015,0.0112,0.1437,0.0093,0.1085,0.0010,0.1457,0.0000
1785417274.51,25,drive,0,2.0,15.0,40.773,25.25,249.98,0.0181,0.0748,0.0010,0.0738,0.0000,0.0938,0.0010,0.0054,0.1486,0.0098,0.1114,0.0010,0.1413,0.0005
1785417274.60,25,drive,1,2.0,15.0,40.773,25.25,249.98,0.0176,0.0758,0.0005,0.0704,0.0005,0.0943,0.0010,0.0083,0.1481,0.0132,0.1095,0.0000,0.1457,0.0010
1785417275.56,26,base,0,0.0,15.0,40.773,25.25,249.98,0.0147,0.0767,0.0000,0.0704,0.0000,0.0953,0.0005,0.0064,0.1452,0.0088,0.1080,0.0010,0.1461,0.0000
1785417275.65,26,base,1,0.0,15.0,40.773,25.25,249.98,0.0156,0.0758,0.0005,0.0714,0.0010,0.0943,0.0010,0.0093,0.1417,0.0108,0.1056,0.0010,0.1432,0.0000
1785417276.54,26,drive,0,0.0,15.0,40.773,25.25,249.98,0.0161,0.0762,0.0000,0.0674,0.0000,0.0953,0.0005,0.0073,0.1432,0.0088,0.1109,0.0010,0.1413,0.0000
1785417276.63,26,drive,1,0.0,15.0,40.773,25.25,249.98,0.0152,0.0762,0.0000,0.0728,0.0000,0.0948,0.0005,0.0073,0.1491,0.0108,0.1022,0.0015,0.1457,0.0000
1785417277.52,26,drive,0,0.25,15.0,40.773,25.25,249.98,0.0156,0.0777,0.0000,0.0704,0.0010,0.0948,0.0000,0.0068,0.1427,0.0098,0.1065,0.0015,0.1442,0.0000
1785417277.62,26,drive,1,0.25,15.0,40.773,25.25,249.98,0.0147,0.0748,0.0005,0.0714,0.0000,0.0943,0.0005,0.0064,0.1447,0.0117,0.1095,0.0000,0.1471,0.0000
1785417278.50,26,drive,0,0.5,15.0,40.773,25.25,249.98,0.0152,0.0738,0.0010,0.0718,0.0000,0.0958,0.0010,0.0078,0.1427,0.0132,0.1114,0.0000,0.1422,0.0005
1785417278.60,26,drive,1,0.5,15.0,40.773,25.25,249.98,0.0176,0.0753,0.0000,0.0738,0.0000,0.0914,0.0010,0.0098,0.1437,0.0108,0.1109,0.0005,0.1422,0.0000
1785417279.48,26,drive,0,0.75,15.0,40.773,25.25,249.98,0.0132,0.0748,0.0010,0.0694,0.0010,0.0894,0.0005,0.0078,0.1461,0.0093,0.1144,0.0020,0.1432,0.0000
1785417279.58,26,drive,1,0.75,15.0,40.773,25.25,249.98,0.0137,0.0777,0.0005,0.0674,0.0000,0.0914,0.0005,0.0083,0.1466,0.0122,0.1134,0.0010,0.1437,0.0024
1785417280.46,26,drive,0,1.0,15.0,40.773,25.25,249.98,0.0152,0.0787,0.0000,0.0699,0.0000,0.0890,0.0005,0.0093,0.1457,0.0112,0.1197,0.0024,0.1408,0.0005
1785417280.56,26,drive,1,1.0,15.0,40.773,25.25,249.98,0.0147,0.0758,0.0000,0.0709,0.0000,0.0899,0.0010,0.0112,0.1427,0.0117,0.1193,0.0005,0.1422,0.0000
1785417281.45,26,drive,0,1.25,15.0,40.773,25.25,249.98,0.0156,0.0738,0.0005,0.0660,0.0000,0.0860,0.0000,0.0137,0.1447,0.0132,0.1261,0.0010,0.1408,0.0005
1785417281.54,26,drive,1,1.25,15.0,40.773,25.25,249.98,0.0152,0.0777,0.0000,0.0650,0.0000,0.0860,0.0000,0.0093,0.1491,0.0137,0.1256,0.0005,0.1422,0.0005
1785417282.43,26,drive,0,1.5,15.0,40.773,25.25,249.98,0.0196,0.0777,0.0000,0.0655,0.0000,0.0797,0.0005,0.0142,0.1471,0.0132,0.1373,0.0005,0.1393,0.0005
1785417282.52,26,drive,1,1.5,15.0,40.773,25.25,249.98,0.0117,0.0762,0.0000,0.0694,0.0015,0.0792,0.0005,0.0176,0.1496,0.0132,0.1334,0.0010,0.1344,0.0000
1785417283.41,26,drive,0,1.75,15.0,40.773,25.25,249.98,0.0181,0.0777,0.0010,0.0635,0.0000,0.0758,0.0010,0.0200,0.1544,0.0108,0.1442,0.0020,0.1329,0.0005
1785417283.50,26,drive,1,1.75,15.0,40.773,25.25,249.98,0.0161,0.0772,0.0005,0.0630,0.0005,0.0767,0.0000,0.0196,0.1535,0.0117,0.1447,0.0005,0.1329,0.0000
1785417284.39,26,drive,0,2.0,15.0,40.773,25.25,249.98,0.0152,0.0767,0.0010,0.0650,0.0005,0.0777,0.0015,0.0230,0.1574,0.0083,0.1476,0.0005,0.1285,0.0005
1785417284.48,26,drive,1,2.0,15.0,40.773,25.25,249.98,0.0161,0.0782,0.0005,0.0679,0.0005,0.0797,0.0000,0.0249,0.1559,0.0093,0.1476,0.0005,0.1310,0.0000
1785417285.44,27,base,0,0.0,15.0,40.793,25.25,249.98,0.0142,0.0714,0.0005,0.0738,0.0000,0.0953,0.0020,0.0078,0.1466,0.0108,0.1090,0.0005,0.1466,0.0000
1785417285.54,27,base,1,0.0,15.0,40.793,25.25,249.98,0.0156,0.0762,0.0000,0.0699,0.0000,0.0978,0.0005,0.0078,0.1452,0.0093,0.1080,0.0005,0.1447,0.0000
1785417286.43,27,drive,0,0.0,15.0,40.793,25.25,249.98,0.0181,0.0753,0.0000,0.0709,0.0000,0.0963,0.0000,0.0064,0.1461,0.0132,0.1085,0.0005,0.1437,0.0000
1785417286.52,27,drive,1,0.0,15.0,40.793,25.25,249.98,0.0127,0.0738,0.0000,0.0694,0.0000,0.0958,0.0005,0.0054,0.1432,0.0112,0.1114,0.0029,0.1457,0.0000
1785417287.41,27,drive,0,0.25,15.0,40.793,25.25,249.98,0.0132,0.0748,0.0005,0.0714,0.0000,0.0953,0.0010,0.0093,0.1432,0.0093,0.1095,0.0015,0.1452,0.0000
1785417287.50,27,drive,1,0.25,15.0,40.793,25.25,249.98,0.0137,0.0753,0.0000,0.0694,0.0000,0.0929,0.0015,0.0059,0.1408,0.0108,0.1119,0.0020,0.1442,0.0000
1785417288.39,27,drive,0,0.5,15.0,40.793,25.25,249.98,0.0152,0.0782,0.0000,0.0699,0.0005,0.0948,0.0015,0.0064,0.1461,0.0112,0.1070,0.0005,0.1461,0.0000
1785417288.48,27,drive,1,0.5,15.0,40.793,25.25,249.98,0.0127,0.0743,0.0005,0.0689,0.0000,0.0982,0.0015,0.0054,0.1457,0.0093,0.1070,0.0010,0.1466,0.0005
1785417289.37,27,drive,0,0.75,15.0,40.793,25.25,249.98,0.0127,0.0767,0.0000,0.0699,0.0000,0.0929,0.0000,0.0078,0.1447,0.0093,0.1085,0.0015,0.1461,0.0000
1785417289.46,27,drive,1,0.75,15.0,40.793,25.25,249.98,0.0161,0.0728,0.0000,0.0743,0.0000,0.0943,0.0005,0.0078,0.1466,0.0103,0.1075,0.0005,0.1481,0.0000
1785417290.35,27,drive,0,1.0,15.0,40.793,25.25,249.98,0.0323,0.0777,0.0044,0.0762,0.0117,0.0880,0.0117,0.0186,0.1476,0.0108,0.1129,0.0186,0.1339,0.0044
1785417290.44,27,drive,1,1.0,15.0,40.793,25.25,249.98,0.0235,0.0723,0.0044,0.0836,0.0024,0.0880,0.0103,0.0215,0.1339,0.0196,0.1168,0.0073,0.1364,0.0200
1785417291.33,27,drive,0,1.25,15.0,40.793,25.25,249.98,0.0191,0.0748,0.0249,0.0704,0.0005,0.0997,0.0029,0.0108,0.1354,0.0103,0.1080,0.0093,0.1457,0.0249
1785417291.42,27,drive,1,1.25,15.0,40.793,25.25,249.98,0.0152,0.0723,0.0029,0.0679,0.0313,0.0963,0.0039,0.0225,0.1457,0.0132,0.1095,0.0034,0.1403,0.0054
1785417292.31,27,drive,0,1.5,15.0,40.793,25.25,249.98,0.0196,0.0777,0.0000,0.0806,0.0005,0.0978,0.0103,0.0068,0.1471,0.0073,0.1095,0.0049,0.1432,0.0005
1785417292.40,27,drive,1,1.5,15.0,40.793,25.25,249.98,0.0210,0.0723,0.0059,0.0704,0.0000,0.1041,0.0015,0.0078,0.1369,0.0098,0.1114,0.0064,0.1413,0.0015
1785417293.29,27,drive,0,1.75,15.0,40.793,25.25,249.98,0.0205,0.0728,0.0010,0.0733,0.0034,0.0987,0.0029,0.0117,0.1417,0.0147,0.1080,0.0039,0.1554,0.0010
1785417293.38,27,drive,1,1.75,15.0,40.793,25.25,249.98,0.0166,0.0718,0.0029,0.0655,0.0098,0.0919,0.0073,0.0132,0.1471,0.0142,0.0997,0.0020,0.1378,0.0029
1785417294.27,27,drive,0,2.0,15.0,40.793,25.25,249.98,0.0176,0.0777,0.0029,0.0758,0.0024,0.1007,0.0034,0.0059,0.1422,0.0078,0.1109,0.0073,0.1422,0.0015
1785417294.36,27,drive,1,2.0,15.0,40.793,25.25,249.98,0.0161,0.0674,0.0010,0.0723,0.0083,0.0973,0.0044,0.0196,0.1437,0.0176,0.1017,0.0059,0.1383,0.0068
1785417295.33,28,base,0,0.0,15.0,40.813,25.25,249.98,0.0191,0.0762,0.0039,0.0733,0.0015,0.0934,0.0034,0.0161,0.1481,0.0108,0.1149,0.0024,0.1466,0.0054
1785417295.42,28,base,1,0.0,15.0,40.813,25.25,249.98,0.0142,0.0772,0.0034,0.0670,0.0073,0.0948,0.0078,0.0127,0.1417,0.0152,0.1041,0.0039,0.1403,0.0034
1785417296.31,28,drive,0,0.0,15.0,40.813,25.25,249.98,0.0108,0.0860,0.0029,0.0718,0.0093,0.0943,0.0059,0.0083,0.1481,0.0122,0.1105,0.0015,0.1417,0.0054
1785417296.40,28,drive,1,0.0,15.0,40.813,25.25,249.98,0.0132,0.0826,0.0015,0.0704,0.0088,0.0953,0.0054,0.0098,0.1476,0.0117,0.1134,0.0044,0.1393,0.0064
1785417297.29,28,drive,0,0.25,15.0,40.813,25.25,249.98,0.0166,0.0699,0.0005,0.0704,0.0073,0.0978,0.0020,0.0156,0.1422,0.0098,0.1100,0.0005,0.1496,0.0005
1785417297.39,28,drive,1,0.25,15.0,40.813,25.25,249.98,0.0181,0.0753,0.0010,0.0758,0.0015,0.0963,0.0044,0.0088,0.1486,0.0127,0.1031,0.0039,0.1486,0.0000
1785417298.28,28,drive,0,0.5,15.0,40.813,25.25,249.98,0.0279,0.0782,0.0005,0.0762,0.0054,0.0958,0.0098,0.0059,0.1413,0.0108,0.1109,0.0171,0.1432,0.0010
1785417298.37,28,drive,1,0.5,15.0,40.813,25.25,249.98,0.0332,0.0753,0.0005,0.0753,0.0039,0.0997,0.0093,0.0068,0.1417,0.0166,0.1095,0.0132,0.1491,0.0015
1785417299.26,28,drive,0,0.75,15.0,40.813,25.25,249.98,0.0098,0.0738,0.0147,0.0709,0.0147,0.0919,0.0049,0.0186,0.1437,0.0117,0.1007,0.0044,0.1427,0.0186
1785417299.35,28,drive,1,0.75,15.0,40.813,25.25,249.98,0.0147,0.0743,0.0127,0.0689,0.0010,0.0904,0.0088,0.0083,0.1427,0.0117,0.1051,0.0166,0.1427,0.0039
1785417300.24,28,drive,0,1.0,15.0,40.813,25.25,249.98,0.0196,0.0743,0.0181,0.0733,0.0000,0.0987,0.0029,0.0083,0.1408,0.0093,0.1095,0.0127,0.1471,0.0073
1785417300.34,28,drive,1,1.0,15.0,40.813,25.25,249.98,0.0337,0.0772,0.0010,0.0806,0.0010,0.0929,0.0068,0.0088,0.1476,0.0122,0.1065,0.0220,0.1500,0.0005
1785417301.22,28,drive,0,1.25,15.0,40.813,25.25,249.98,0.0152,0.0767,0.0000,0.0714,0.0000,0.0943,0.0000,0.0054,0.1452,0.0152,0.1090,0.0010,0.1461,0.0005
1785417301.32,28,drive,1,1.25,15.0,40.813,25.25,249.98,0.0152,0.0758,0.0005,0.0738,0.0005,0.0963,0.0005,0.0049,0.1457,0.0088,0.1090,0.0000,0.1461,0.0000
1785417302.20,28,drive,0,1.5,15.0,40.813,25.25,249.98,0.0137,0.0748,0.0005,0.0738,0.0005,0.0973,0.0000,0.0083,0.1466,0.0098,0.1085,0.0000,0.1447,0.0000
1785417302.30,28,drive,1,1.5,15.0,40.813,25.25,249.98,0.0181,0.0797,0.0000,0.0699,0.0000,0.0963,0.0005,0.0064,0.1447,0.0108,0.1090,0.0005,0.1452,0.0000
1785417303.18,28,drive,0,1.75,15.0,40.813,25.25,249.98,0.0152,0.0753,0.0010,0.0709,0.0000,0.0958,0.0024,0.0078,0.1447,0.0093,0.1075,0.0015,0.1437,0.0000
1785417303.28,28,drive,1,1.75,15.0,40.813,25.25,249.98,0.0171,0.0743,0.0010,0.0684,0.0000,0.0953,0.0015,0.0103,0.1432,0.0088,0.1095,0.0005,0.1447,0.0000
1785417304.16,28,drive,0,2.0,15.0,40.813,25.25,249.98,0.0186,0.0772,0.0000,0.0684,0.0005,0.0978,0.0010,0.0068,0.1461,0.0112,0.1105,0.0000,0.1452,0.0000
1785417304.26,28,drive,1,2.0,15.0,40.813,25.25,249.98,0.0098,0.0758,0.0005,0.0709,0.0005,0.0963,0.0005,0.0073,0.1457,0.0098,0.1061,0.0005,0.1471,0.0005
1785417305.21,29,base,0,0.0,15.0,40.833,25.25,249.98,0.0132,0.0777,0.0020,0.0684,0.0000,0.0963,0.0005,0.0108,0.1437,0.0132,0.1100,0.0015,0.1471,0.0000
1785417305.30,29,base,1,0.0,15.0,40.833,25.25,249.98,0.0161,0.0767,0.0000,0.0679,0.0000,0.0948,0.0010,0.0054,0.1447,0.0112,0.1080,0.0015,0.1471,0.0005
1785417306.19,29,drive,0,0.0,15.0,40.833,25.25,249.98,0.0147,0.0743,0.0000,0.0699,0.0005,0.0982,0.0000,0.0083,0.1442,0.0112,0.1105,0.0010,0.1432,0.0000
1785417306.28,29,drive,1,0.0,15.0,40.833,25.25,249.98,0.0147,0.0758,0.0000,0.0709,0.0000,0.0948,0.0010,0.0083,0.1442,0.0078,0.1065,0.0020,0.1457,0.0000
1785417307.17,29,drive,0,0.25,15.0,40.833,25.25,249.98,0.0137,0.0762,0.0005,0.0684,0.0005,0.0948,0.0010,0.0059,0.1471,0.0112,0.1061,0.0015,0.1457,0.0000
1785417307.27,29,drive,1,0.25,15.0,40.833,25.25,249.98,0.0152,0.0758,0.0000,0.0714,0.0000,0.0987,0.0005,0.0049,0.1447,0.0112,0.1085,0.0010,0.1422,0.0000
1785417308.15,29,drive,0,0.5,15.0,40.833,25.25,249.98,0.0152,0.0762,0.0000,0.0743,0.0005,0.0968,0.0005,0.0078,0.1452,0.0108,0.1065,0.0000,0.1466,0.0005
1785417308.25,29,drive,1,0.5,15.0,40.833,25.25,249.98,0.0186,0.0782,0.0005,0.0689,0.0005,0.0963,0.0020,0.0059,0.1427,0.0078,0.1114,0.0010,0.1437,0.0000
1785417309.14,29,drive,0,0.75,15.0,40.833,25.25,249.98,0.0117,0.0728,0.0000,0.0738,0.0000,0.0924,0.0005,0.0064,0.1452,0.0127,0.1075,0.0010,0.1437,0.0000
1785417309.23,29,drive,1,0.75,15.0,40.833,25.25,249.98,0.0156,0.0787,0.0000,0.0689,0.0000,0.0973,0.0015,0.0098,0.1427,0.0108,0.1090,0.0005,0.1442,0.0005
1785417310.12,29,drive,0,1.0,15.0,40.833,25.25,249.98,0.0156,0.0782,0.0000,0.0718,0.0005,0.0958,0.0010,0.0068,0.1437,0.0117,0.1100,0.0000,0.1432,0.0000
1785417310.21,29,drive,1,1.0,15.0,40.833,25.25,249.98,0.0147,0.0787,0.0000,0.0738,0.0005,0.0953,0.0010,0.0073,0.1427,0.0083,0.1090,0.0010,0.1466,0.0000
1785417311.10,29,drive,0,1.25,15.0,40.833,25.25,249.98,0.0156,0.0733,0.0005,0.0689,0.0000,0.0943,0.0000,0.0088,0.1442,0.0108,0.1070,0.0015,0.1466,0.0000
1785417311.19,29,drive,1,1.25,15.0,40.833,25.25,249.98,0.0152,0.0782,0.0000,0.0738,0.0000,0.0953,0.0010,0.0078,0.1427,0.0127,0.1056,0.0010,0.1437,0.0005
1785417312.08,29,drive,0,1.5,15.0,40.833,25.25,249.98,0.0161,0.0733,0.0000,0.0748,0.0000,0.0948,0.0005,0.0078,0.1447,0.0098,0.1095,0.0020,0.1437,0.0000
1785417312.18,29,drive,1,1.5,15.0,40.833,25.25,249.98,0.0166,0.0748,0.0000,0.0718,0.0000,0.0963,0.0015,0.0073,0.1457,0.0108,0.1080,0.0005,0.1437,0.0005
1785417313.06,29,drive,0,1.75,15.0,40.833,25.25,249.98,0.0152,0.0758,0.0000,0.0699,0.0000,0.0953,0.0000,0.0073,0.1437,0.0103,0.1080,0.0010,0.1442,0.0010
1785417313.16,29,drive,1,1.75,15.0,40.833,25.25,249.98,0.0132,0.0748,0.0000,0.0689,0.0000,0.0948,0.0005,0.0073,0.1437,0.0127,0.1095,0.0000,0.1432,0.0000
1785417314.04,29,drive,0,2.0,15.0,40.833,25.25,249.98,0.0171,0.0743,0.0000,0.0694,0.0000,0.0973,0.0000,0.0049,0.1447,0.0103,0.1085,0.0005,0.1437,0.0000
1785417314.14,29,drive,1,2.0,15.0,40.833,25.25,249.98,0.0132,0.0738,0.0000,0.0714,0.0000,0.0968,0.0010,0.0064,0.1437,0.0112,0.1075,0.0020,0.1461,0.0000
1785417315.10,30,base,0,0.0,15.0,40.833,25.25,249.98,0.0161,0.0772,0.0000,0.0704,0.0000,0.0968,0.0029,0.0064,0.1466,0.0083,0.1100,0.0000,0.1442,0.0000
1785417315.19,30,base,1,0.0,15.0,40.833,25.25,249.98,0.0117,0.0748,0.0000,0.0728,0.0000,0.0943,0.0029,0.0088,0.1417,0.0093,0.1061,0.0005,0.1466,0.0000
1785417316.08,30,drive,0,0.0,15.0,40.833,25.25,249.98,0.0152,0.0767,0.0000,0.0723,0.0005,0.0938,0.0000,0.0073,0.1476,0.0098,0.1080,0.0010,0.1442,0.0000
1785417316.18,30,drive,1,0.0,15.0,40.833,25.25,249.98,0.0127,0.0777,0.0000,0.0709,0.0000,0.0943,0.0020,0.0064,0.1432,0.0093,0.1109,0.0005,0.1457,0.0005
1785417317.06,30,drive,0,0.25,15.0,40.833,25.25,249.98,0.0205,0.0929,0.0073,0.0635,0.0142,0.1026,0.0073,0.0117,0.1564,0.0161,0.1002,0.0122,0.1457,0.0000
1785417317.16,30,drive,1,0.25,15.0,40.833,25.25,249.98,0.0225,0.0733,0.0108,0.0714,0.0039,0.0894,0.0186,0.0127,0.1437,0.0176,0.1237,0.0064,0.1486,0.0137
1785417318.04,30,drive,0,0.5,15.0,40.833,25.25,249.98,0.0259,0.0738,0.0127,0.0738,0.0020,0.0904,0.0073,0.0083,0.1471,0.0122,0.1051,0.0293,0.1486,0.0034
1785417318.14,30,drive,1,0.5,15.0,40.833,25.25,249.98,0.0152,0.0738,0.0049,0.0743,0.0191,0.0958,0.0010,0.0244,0.1457,0.0166,0.1129,0.0049,0.1491,0.0049
1785417319.02,30,drive,0,0.75,15.0,40.833,25.25,249.98,0.0298,0.0738,0.0083,0.0718,0.0000,0.0943,0.0044,0.0078,0.1398,0.0112,0.1075,0.0152,0.1427,0.0020
1785417319.12,30,drive,1,0.75,15.0,40.833,25.25,249.98,0.0205,0.0728,0.0000,0.0743,0.0005,0.0958,0.0088,0.0137,0.1369,0.0156,0.1075,0.0098,0.1466,0.0005
1785417320.32,30,drive,0,1.0,15.0,40.833,25.25,249.98,0.0132,0.0777,0.0024,0.0797,0.0015,0.0919,0.0093,0.0088,0.1500,0.0083,0.1090,0.0068,0.1437,0.0010
1785417320.41,30,drive,1,1.0,15.0,40.833,25.25,249.98,0.0205,0.0758,0.0034,0.0665,0.0024,0.0904,0.0049,0.0068,0.1466,0.0166,0.1095,0.0049,0.1471,0.0015
1785417321.31,30,drive,0,1.25,15.0,40.833,25.25,249.98,0.0215,0.0762,0.0020,0.0718,0.0020,0.0997,0.0054,0.0088,0.1452,0.0161,0.1075,0.0064,0.1447,0.0015
1785417321.41,30,drive,1,1.25,15.0,40.833,25.25,249.98,0.0161,0.0743,0.0044,0.0718,0.0034,0.0938,0.0049,0.0132,0.1408,0.0137,0.1075,0.0024,0.1432,0.0049
1785417322.29,30,drive,0,1.5,15.0,40.833,25.25,249.98,0.0161,0.0748,0.0039,0.0674,0.0015,0.0978,0.0059,0.0122,0.1476,0.0166,0.1041,0.0039,0.1442,0.0044
1785417322.39,30,drive,1,1.5,15.0,40.833,25.25,249.98,0.0142,0.0704,0.0039,0.0718,0.0000,0.1007,0.0059,0.0122,0.1476,0.0093,0.1139,0.0049,0.1510,0.0083
1785417323.27,30,drive,0,1.75,15.0,40.833,25.25,249.98,0.0152,0.0733,0.0020,0.0674,0.0098,0.0987,0.0054,0.0122,0.1403,0.0152,0.1056,0.0088,0.1457,0.0039
1785417323.37,30,drive,1,1.75,15.0,40.833,25.25,249.98,0.0127,0.0772,0.0064,0.0738,0.0024,0.0958,0.0093,0.0132,0.1417,0.0088,0.1139,0.0044,0.1486,0.0015
1785417324.25,30,drive,0,2.0,15.0,40.833,25.25,249.98,0.0156,0.0787,0.0049,0.0753,0.0088,0.0968,0.0020,0.0132,0.1398,0.0059,0.1051,0.0054,0.1466,0.0020
1785417324.35,30,drive,1,2.0,15.0,40.833,25.25,249.98,0.0215,0.0777,0.0068,0.0704,0.0054,0.1007,0.0098,0.0068,0.1393,0.0152,0.1105,0.0020,0.1388,0.0039
1785417325.32,31,base,0,0.0,15.0,40.753,25.25,249.98,0.0152,0.0802,0.0103,0.0689,0.0054,0.0943,0.0034,0.0088,0.1476,0.0093,0.1065,0.0049,0.1520,0.0064
1785417325.41,31,base,1,0.0,15.0,40.753,25.25,249.98,0.0186,0.0777,0.0039,0.0694,0.0044,0.0909,0.0054,0.0093,0.1505,0.0108,0.1129,0.0122,0.1471,0.0034
1785417326.30,31,drive,0,0.0,15.0,40.753,25.25,249.98,0.0215,0.0748,0.0000,0.0860,0.0010,0.0973,0.0015,0.0098,0.1520,0.0098,0.1114,0.0049,0.1486,0.0000
1785417326.39,31,drive,1,0.0,15.0,40.753,25.25,249.98,0.0191,0.0709,0.0015,0.0635,0.0005,0.0924,0.0108,0.0122,0.1447,0.0210,0.1036,0.0029,0.1393,0.0005
1785417327.28,31,drive,0,0.25,15.0,40.753,25.25,249.98,0.0142,0.0787,0.0093,0.0723,0.0068,0.0968,0.0024,0.0122,0.1471,0.0117,0.1114,0.0049,0.1447,0.0176
1785417327.38,31,drive,1,0.25,15.0,40.753,25.25,249.98,0.0156,0.0782,0.0068,0.0689,0.0029,0.0987,0.0049,0.0191,0.1442,0.0108,0.1134,0.0064,0.1447,0.0093
1785417328.26,31,drive,0,0.5,15.0,40.753,25.25,249.98,0.0117,0.0748,0.0191,0.0748,0.0044,0.0855,0.0034,0.0186,0.1398,0.0098,0.1065,0.0093,0.1447,0.0196
1785417328.36,31,drive,1,0.5,15.0,40.753,25.25,249.98,0.0303,0.0821,0.0000,0.0723,0.0029,0.0919,0.0108,0.0054,0.1491,0.0142,0.1105,0.0176,0.1461,0.0015
1785417329.25,31,drive,0,0.75,15.0,40.753,25.25,249.98,0.0186,0.0758,0.0191,0.0714,0.0015,0.0943,0.0010,0.0181,0.1437,0.0127,0.1061,0.0073,0.1432,0.0161
1785417329.34,31,drive,1,0.75,15.0,40.753,25.25,249.98,0.0156,0.0802,0.0034,0.0694,0.0112,0.0919,0.0005,0.0274,0.1437,0.0073,0.1232,0.0034,0.1452,0.0093
1785417330.23,31,drive,0,1.0,15.0,40.753,25.25,249.98,0.0259,0.0772,0.0010,0.0728,0.0049,0.0968,0.0259,0.0117,0.1447,0.0357,0.1070,0.0029,0.1500,0.0024
1785417330.32,31,drive,1,1.0,15.0,40.753,25.25,249.98,0.0171,0.0782,0.0137,0.0758,0.0049,0.0802,0.0020,0.0200,0.1452,0.0103,0.1109,0.0093,0.1461,0.0215
1785417331.21,31,drive,0,1.25,15.0,40.753,25.25,249.98,0.0142,0.0782,0.0000,0.0718,0.0000,0.0929,0.0000,0.0103,0.1422,0.0093,0.1065,0.0015,0.1471,0.0000
1785417331.30,31,drive,1,1.25,15.0,40.753,25.25,249.98,0.0137,0.0743,0.0005,0.0714,0.0005,0.0938,0.0015,0.0073,0.1442,0.0083,0.1090,0.0015,0.1432,0.0000
1785417332.19,31,drive,0,1.5,15.0,40.753,25.25,249.98,0.0132,0.0743,0.0000,0.0684,0.0000,0.0968,0.0000,0.0073,0.1442,0.0122,0.1095,0.0015,0.1471,0.0000
1785417332.28,31,drive,1,1.5,15.0,40.753,25.25,249.98,0.0152,0.0802,0.0000,0.0694,0.0000,0.0958,0.0000,0.0064,0.1476,0.0117,0.1075,0.0020,0.1427,0.0000
1785417333.17,31,drive,0,1.75,15.0,40.753,25.25,249.98,0.0166,0.0772,0.0000,0.0714,0.0015,0.0953,0.0005,0.0078,0.1427,0.0098,0.1090,0.0010,0.1417,0.0000
1785417333.27,31,drive,1,1.75,15.0,40.753,25.25,249.98,0.0156,0.0743,0.0005,0.0714,0.0000,0.0958,0.0000,0.0083,0.1461,0.0112,0.1105,0.0010,0.1457,0.0000
1785417334.16,31,drive,0,2.0,15.0,40.753,25.25,249.98,0.0161,0.0772,0.0000,0.0704,0.0000,0.0953,0.0005,0.0054,0.1476,0.0122,0.1085,0.0010,0.1432,0.0005
1785417334.25,31,drive,1,2.0,15.0,40.753,25.25,249.98,0.0142,0.0758,0.0005,0.0714,0.0005,0.0919,0.0015,0.0103,0.1461,0.0098,0.1075,0.0000,0.1471,0.0000
1785417335.22,32,base,0,0.0,15.0,40.753,25.25,249.98,0.0147,0.0758,0.0000,0.0733,0.0005,0.0948,0.0005,0.0059,0.1422,0.0117,0.1090,0.0015,0.1457,0.0000
1785417335.31,32,base,1,0.0,15.0,40.753,25.25,249.98,0.0156,0.0758,0.0000,0.0704,0.0000,0.0958,0.0005,0.0088,0.1442,0.0098,0.1061,0.0010,0.1442,0.0000
1785417336.20,32,drive,0,0.0,15.0,40.753,25.25,249.98,0.0147,0.0758,0.0000,0.0699,0.0000,0.0958,0.0020,0.0059,0.1447,0.0098,0.1080,0.0020,0.1432,0.0010
1785417336.29,32,drive,1,0.0,15.0,40.753,25.25,249.98,0.0176,0.0733,0.0000,0.0728,0.0000,0.0968,0.0000,0.0073,0.1457,0.0112,0.1090,0.0010,0.1457,0.0000
1785417337.18,32,drive,0,0.25,15.0,40.753,25.25,249.98,0.0127,0.0762,0.0005,0.0723,0.0010,0.0929,0.0005,0.0064,0.1447,0.0083,0.1085,0.0005,0.1457,0.0005
1785417337.27,32,drive,1,0.25,15.0,40.753,25.25,249.98,0.0122,0.0758,0.0000,0.0743,0.0000,0.0953,0.0000,0.0068,0.1476,0.0103,0.1080,0.0005,0.1432,0.0005
1785417338.16,32,drive,0,0.5,15.0,40.753,25.25,249.98,0.0142,0.0753,0.0010,0.0714,0.0000,0.0919,0.0010,0.0064,0.1452,0.0093,0.1061,0.0000,0.1481,0.0005
1785417338.25,32,drive,1,0.5,15.0,40.753,25.25,249.98,0.0127,0.0748,0.0000,0.0694,0.0000,0.0958,0.0010,0.0054,0.1457,0.0103,0.1080,0.0010,0.1432,0.0000
1785417339.14,32,drive,0,0.75,15.0,40.753,25.25,249.98,0.0137,0.0733,0.0000,0.0723,0.0000,0.0948,0.0010,0.0088,0.1432,0.0108,0.1095,0.0020,0.1442,0.0000
1785417339.23,32,drive,1,0.75,15.0,40.753,25.25,249.98,0.0142,0.0743,0.0005,0.0733,0.0000,0.0938,0.0010,0.0059,0.1432,0.0103,0.1075,0.0005,0.1466,0.0000
1785417340.12,32,drive,0,1.0,15.0,40.753,25.25,249.98,0.0152,0.0772,0.0000,0.0684,0.0000,0.0982,0.0005,0.0054,0.1432,0.0093,0.1095,0.0010,0.1432,0.0000
1785417340.21,32,drive,1,1.0,15.0,40.753,25.25,249.98,0.0132,0.0758,0.0000,0.0694,0.0000,0.0953,0.0005,0.0044,0.1457,0.0127,0.1090,0.0000,0.1442,0.0000
1785417341.10,32,drive,0,1.25,15.0,40.753,25.25,249.98,0.0210,0.0733,0.0108,0.0743,0.0068,0.0894,0.0215,0.0122,0.1461,0.0235,0.1134,0.0152,0.1403,0.0171
1785417341.20,32,drive,1,1.25,15.0,40.753,25.25,249.98,0.0303,0.0860,0.0108,0.0689,0.0098,0.1002,0.0054,0.0191,0.1442,0.0186,0.0992,0.0137,0.1554,0.0059
1785417342.08,32,drive,0,1.5,15.0,40.753,25.25,249.98,0.0156,0.0753,0.0191,0.0709,0.0024,0.0894,0.0020,0.0205,0.1471,0.0108,0.1017,0.0059,0.1471,0.0205
1785417342.17,32,drive,1,1.5,15.0,40.753,25.25,249.98,0.0132,0.0728,0.0068,0.0699,0.0093,0.0914,0.0034,0.0181,0.1486,0.0137,0.1012,0.0044,0.1461,0.0210
1785417343.06,32,drive,0,1.75,15.0,40.753,25.25,249.98,0.0156,0.0738,0.0068,0.0655,0.0000,0.1002,0.0015,0.0073,0.1383,0.0137,0.1061,0.0103,0.1466,0.0005
1785417343.16,32,drive,1,1.75,15.0,40.753,25.25,249.98,0.0142,0.0743,0.0000,0.0792,0.0015,0.0963,0.0127,0.0088,0.1466,0.0171,0.1109,0.0020,0.1637,0.0000
1785417344.04,32,drive,0,2.0,15.0,40.753,25.25,249.98,0.0152,0.0846,0.0010,0.0714,0.0073,0.0992,0.0088,0.0147,0.1515,0.0088,0.1031,0.0020,0.1525,0.0078
1785417344.13,32,drive,1,2.0,15.0,40.753,25.25,249.98,0.0230,0.0709,0.0108,0.0806,0.0000,0.0938,0.0088,0.0093,0.1559,0.0108,0.1100,0.0083,0.1457,0.0064
1785417345.10,33,base,0,0.0,15.0,40.753,25.25,249.98,0.0098,0.0792,0.0073,0.0738,0.0093,0.0929,0.0064,0.0117,0.1471,0.0249,0.1109,0.0039,0.1442,0.0088
1785417345.20,33,base,1,0.0,15.0,40.753,25.25,249.98,0.0225,0.0831,0.0029,0.0684,0.0108,0.0948,0.0103,0.0122,0.1461,0.0176,0.1085,0.0034,0.1398,0.0098
1785417346.08,33,drive,0,0.0,15.0,40.753,25.25,249.98,0.0117,0.0753,0.0083,0.0714,0.0117,0.0929,0.0039,0.0103,0.1388,0.0127,0.1085,0.0098,0.1466,0.0088
1785417346.18,33,drive,1,0.0,15.0,40.753,25.25,249.98,0.0205,0.0767,0.0117,0.0806,0.0015,0.0914,0.0054,0.0078,0.1491,0.0142,0.1041,0.0093,0.1447,0.0117
1785417347.06,33,drive,0,0.25,15.0,40.753,25.25,249.98,0.0132,0.0787,0.0034,0.0679,0.0078,0.0914,0.0078,0.0152,0.1505,0.0127,0.1041,0.0088,0.1427,0.0049
1785417347.16,33,drive,1,0.25,15.0,40.753,25.25,249.98,0.0117,0.0767,0.0064,0.0738,0.0005,0.0914,0.0073,0.0103,0.1471,0.0191,0.1105,0.0122,0.1452,0.0044
1785417348.04,33,drive,0,0.5,15.0,40.753,25.25,249.98,0.0122,0.0797,0.0137,0.0694,0.0122,0.0914,0.0034,0.0122,0.1461,0.0112,0.1085,0.0068,0.1442,0.0108
1785417348.14,33,drive,1,0.5,15.0,40.753,25.25,249.98,0.0215,0.0782,0.0005,0.0714,0.0005,0.0963,0.0103,0.0073,0.1496,0.0108,0.1085,0.0078,0.1471,0.0005
1785417349.03,33,drive,0,0.75,15.0,40.753,25.25,249.98,0.0318,0.0762,0.0039,0.0762,0.0000,0.1012,0.0054,0.0054,0.1457,0.0137,0.1119,0.0108,0.1457,0.0010
1785417349.12,33,drive,1,0.75,15.0,40.753,25.25,249.98,0.0166,0.0831,0.0000,0.0665,0.0005,0.0919,0.0152,0.0078,0.1422,0.0117,0.1075,0.0142,0.1417,0.0000
1785417350.01,33,drive,0,1.0,15.0,40.753,25.25,249.98,0.0147,0.0694,0.0005,0.0738,0.0049,0.0934,0.0132,0.0156,0.1442,0.0200,0.1095,0.0015,0.1491,0.0034
1785417350.10,33,drive,1,1.0,15.0,40.753,25.25,249.98,0.0269,0.0787,0.0015,0.0684,0.0015,0.0958,0.0049,0.0088,0.1476,0.0137,0.1119,0.0156,0.1422,0.0000
1785417350.99,33,drive,0,1.25,15.0,40.753,25.25,249.98,0.0103,0.0909,0.0049,0.0743,0.0147,0.0968,0.0015,0.0196,0.1481,0.0112,0.1149,0.0029,0.1403,0.0034
1785417351.08,33,drive,1,1.25,15.0,40.753,25.25,249.98,0.0239,0.0792,0.0034,0.0816,0.0000,0.0914,0.0049,0.0078,0.1544,0.0088,0.1090,0.0210,0.1471,0.0020
1785417351.97,33,drive,0,1.5,15.0,40.753,25.25,249.98,0.0156,0.0792,0.0122,0.0679,0.0029,0.0948,0.0015,0.0147,0.1496,0.0117,0.1241,0.0073,0.1447,0.0161
1785417352.06,33,drive,1,1.5,15.0,40.753,25.25,249.98,0.0362,0.0777,0.0000,0.0821,0.0054,0.0968,0.0156,0.0068,0.1471,0.0220,0.1075,0.0117,0.1520,0.0010
1785417352.95,33,drive,0,1.75,15.0,40.753,25.25,249.98,0.0142,0.0743,0.0005,0.0694,0.0005,0.0973,0.0005,0.0054,0.1432,0.0078,0.1090,0.0015,0.1466,0.0005
1785417353.05,33,drive,1,1.75,15.0,40.753,25.25,249.98,0.0181,0.0723,0.0000,0.0694,0.0000,0.0958,0.0020,0.0073,0.1427,0.0117,0.1085,0.0024,0.1457,0.0005
1785417353.94,33,drive,0,2.0,15.0,40.753,25.25,249.98,0.0147,0.0772,0.0000,0.0714,0.0000,0.0973,0.0005,0.0054,0.1442,0.0117,0.1095,0.0005,0.1442,0.0010
1785417354.03,33,drive,1,2.0,15.0,40.753,25.25,249.98,0.0137,0.0753,0.0000,0.0694,0.0000,0.0978,0.0005,0.0078,0.1452,0.0108,0.1119,0.0005,0.1417,0.0000
1785417354.99,34,base,0,0.0,15.0,40.753,25.25,249.98,0.0147,0.0762,0.0000,0.0714,0.0000,0.0968,0.0010,0.0073,0.1442,0.0117,0.1080,0.0010,0.1442,0.0000
1785417355.08,34,base,1,0.0,15.0,40.753,25.25,249.98,0.0122,0.0738,0.0000,0.0718,0.0005,0.0938,0.0010,0.0078,0.1466,0.0122,0.1095,0.0000,0.1452,0.0000
1785417355.97,34,drive,0,0.0,15.0,40.753,25.25,249.98,0.0176,0.0753,0.0000,0.0728,0.0000,0.0978,0.0000,0.0064,0.1452,0.0122,0.1085,0.0005,0.1442,0.0000
1785417356.06,34,drive,1,0.0,15.0,40.753,25.25,249.98,0.0147,0.0748,0.0005,0.0733,0.0005,0.0968,0.0015,0.0093,0.1437,0.0098,0.1075,0.0000,0.1466,0.0000
1785417356.95,34,drive,0,0.25,15.0,40.753,25.25,249.98,0.0196,0.0753,0.0000,0.0704,0.0000,0.0938,0.0005,0.0049,0.1471,0.0108,0.1080,0.0010,0.1437,0.0000
1785417357.04,34,drive,1,0.25,15.0,40.753,25.25,249.98,0.0147,0.0743,0.0000,0.0718,0.0000,0.0948,0.0000,0.0064,0.1466,0.0103,0.1095,0.0000,0.1457,0.0000
1785417357.94,34,drive,0,0.5,15.0,40.753,25.25,249.98,0.0147,0.0723,0.0000,0.0699,0.0005,0.0953,0.0005,0.0039,0.1486,0.0083,0.1105,0.0010,0.1457,0.0000
1785417358.03,34,drive,1,0.5,15.0,40.753,25.25,249.98,0.0147,0.0777,0.0000,0.0709,0.0000,0.0934,0.0005,0.0059,0.1452,0.0117,0.1109,0.0000,0.1452,0.0005
1785417358.92,34,drive,0,0.75,15.0,40.753,25.25,249.98,0.0147,0.0777,0.0000,0.0723,0.0000,0.0890,0.0005,0.0049,0.1422,0.0108,0.1109,0.0015,0.1437,0.0005
1785417359.01,34,drive,1,0.75,15.0,40.753,25.25,249.98,0.0200,0.0762,0.0000,0.0709,0.0000,0.0904,0.0000,0.0029,0.1442,0.0098,0.1149,0.0010,0.1432,0.0000
1785417359.90,34,drive,0,1.0,15.0,40.753,25.25,249.98,0.0166,0.0748,0.0000,0.0738,0.0000,0.0850,0.0005,0.0015,0.1432,0.0064,0.1168,0.0015,0.1437,0.0005
1785417359.99,34,drive,1,1.0,15.0,40.753,25.25,249.98,0.0132,0.0772,0.0000,0.0718,0.0010,0.0836,0.0005,0.0024,0.1422,0.0064,0.1153,0.0005,0.1437,0.0005
1785417360.88,34,drive,0,1.25,15.0,40.753,25.25,249.98,0.0156,0.0767,0.0000,0.0709,0.0000,0.0855,0.0000,0.0020,0.1403,0.0054,0.1193,0.0015,0.1432,0.0000
1785417360.98,34,drive,1,1.25,15.0,40.753,25.25,249.98,0.0196,0.0743,0.0005,0.0743,0.0000,0.0826,0.0005,0.0005,0.1432,0.0064,0.1173,0.0005,0.1447,0.0005
1785417361.86,34,drive,0,1.5,15.0,40.753,25.25,249.98,0.0171,0.0723,0.0186,0.0679,0.0103,0.0870,0.0156,0.0020,0.1422,0.0181,0.1183,0.0083,0.1588,0.0117
1785417361.96,34,drive,1,1.5,15.0,40.753,25.25,249.98,0.0200,0.0831,0.0171,0.0689,0.0098,0.0958,0.0064,0.0142,0.1378,0.0191,0.1095,0.0112,0.1510,0.0015
1785417362.84,34,drive,0,1.75,15.0,40.753,25.25,249.98,0.0313,0.0758,0.0108,0.0743,0.0020,0.0782,0.0044,0.0015,0.1281,0.0068,0.1217,0.0147,0.1447,0.0054
1785417362.94,34,drive,1,1.75,15.0,40.753,25.25,249.98,0.0176,0.0762,0.0152,0.0674,0.0093,0.0758,0.0005,0.0137,0.1222,0.0039,0.1364,0.0024,0.1413,0.0132
1785417363.82,34,drive,0,2.0,15.0,40.753,25.25,249.98,0.0171,0.0846,0.0000,0.0674,0.0010,0.0758,0.0083,0.0005,0.1158,0.0044,0.1305,0.0059,0.1398,0.0000
1785417363.92,34,drive,1,2.0,15.0,40.753,25.25,249.98,0.0191,0.0704,0.0000,0.0670,0.0034,0.0787,0.0122,0.0029,0.1168,0.0103,0.1285,0.0029,0.1457,0.0000
1785417364.87,35,base,0,0.0,15.0,40.733,25.25,249.98,0.0196,0.0743,0.0156,0.0733,0.0049,0.0875,0.0054,0.0171,0.1466,0.0142,0.1022,0.0166,0.1476,0.0103
1785417364.97,35,base,1,0.0,15.0,40.733,25.25,249.98,0.0220,0.0748,0.0073,0.0660,0.0024,0.0909,0.0064,0.0088,0.1452,0.0127,0.1100,0.0117,0.1442,0.0098
1785417365.85,35,drive,0,0.0,15.0,40.733,25.25,249.98,0.0191,0.0850,0.0103,0.0718,0.0029,0.0875,0.0112,0.0103,0.1481,0.0147,0.1095,0.0059,0.1408,0.0073
1785417365.95,35,drive,1,0.0,15.0,40.733,25.25,249.98,0.0103,0.0772,0.0103,0.0699,0.0049,0.0924,0.0122,0.0235,0.1505,0.0137,0.1046,0.0054,0.1432,0.0049
1785417366.83,35,drive,0,0.25,15.0,40.733,25.25,249.98,0.0132,0.0797,0.0064,0.0792,0.0068,0.0943,0.0147,0.0098,0.1413,0.0147,0.1168,0.0088,0.1373,0.0059
1785417366.93,35,drive,1,0.25,15.0,40.733,25.25,249.98,0.0230,0.0836,0.0034,0.0645,0.0044,0.0904,0.0127,0.0078,0.1491,0.0156,0.1134,0.0156,0.1457,0.0010
1785417367.81,35,drive,0,0.5,15.0,40.733,25.25,249.98,0.0191,0.0816,0.0029,0.0630,0.0073,0.0968,0.0171,0.0083,0.1437,0.0215,0.1075,0.0049,0.1432,0.0059
1785417367.91,35,drive,1,0.5,15.0,40.733,25.25,249.98,0.0152,0.0714,0.0068,0.0753,0.0093,0.0987,0.0088,0.0132,0.1413,0.0220,0.1056,0.0020,0.1481,0.0093
1785417368.79,35,drive,0,0.75,15.0,40.733,25.25,249.98,0.0186,0.0689,0.0029,0.0723,0.0093,0.0909,0.0068,0.0147,0.1486,0.0152,0.1090,0.0112,0.1383,0.0122
1785417368.89,35,drive,1,0.75,15.0,40.733,25.25,249.98,0.0259,0.0723,0.0068,0.0674,0.0059,0.0963,0.0078,0.0132,0.1500,0.0147,0.1139,0.0122,0.1417,0.0078
1785417369.78,35,drive,0,1.0,15.0,40.733,25.25,249.98,0.0117,0.0767,0.0088,0.0709,0.0015,0.0894,0.0108,0.0103,0.1452,0.0166,0.1129,0.0112,0.1442,0.0142
1785417369.87,35,drive,1,1.0,15.0,40.733,25.25,249.98,0.0196,0.0826,0.0064,0.0699,0.0093,0.0938,0.0147,0.0166,0.1383,0.0176,0.1070,0.0064,0.1413,0.0108
1785417370.76,35,drive,0,1.25,15.0,40.733,25.25,249.98,0.0283,0.0748,0.0049,0.0748,0.0054,0.0924,0.0083,0.0122,0.1505,0.0205,0.1080,0.0078,0.1417,0.0044
1785417370.86,35,drive,1,1.25,15.0,40.733,25.25,249.98,0.0298,0.0758,0.0073,0.0762,0.0083,0.0963,0.0064,0.0171,0.1413,0.0122,0.1109,0.0108,0.1388,0.0088
1785417371.74,35,drive,0,1.5,15.0,40.733,25.25,249.98,0.0181,0.0674,0.0127,0.0714,0.0068,0.0846,0.0068,0.0147,0.1422,0.0171,0.1153,0.0073,0.1437,0.0059
1785417371.84,35,drive,1,1.5,15.0,40.733,25.25,249.98,0.0205,0.0762,0.0044,0.0714,0.0059,0.0958,0.0098,0.0054,0.1510,0.0152,0.1124,0.0132,0.1417,0.0068
1785417372.73,35,drive,0,1.75,15.0,40.733,25.25,249.98,0.0205,0.0836,0.0137,0.0709,0.0073,0.1002,0.0078,0.0127,0.1452,0.0147,0.0997,0.0103,0.1471,0.0127
1785417372.82,35,drive,1,1.75,15.0,40.733,25.25,249.98,0.0220,0.0718,0.0078,0.0743,0.0073,0.0904,0.0093,0.0059,0.1373,0.0132,0.1158,0.0122,0.1369,0.0152
1785417373.71,35,drive,0,2.0,15.0,40.733,25.25,249.98,0.0239,0.0767,0.0024,0.0670,0.0064,0.0929,0.0108,0.0083,0.1422,0.0196,0.1061,0.0142,0.1378,0.0029
1785417373.81,35,drive,1,2.0,15.0,40.733,25.25,249.98,0.0176,0.0699,0.0127,0.0635,0.0064,0.0894,0.0093,0.0132,0.1437,0.0196,0.1090,0.0088,0.1461,0.0059
1785417374.77,36,base,0,0.0,15.0,40.713,25.25,249.98,0.0166,0.0762,0.0098,0.0743,0.0044,0.0919,0.0044,0.0127,0.1461,0.0142,0.1041,0.0073,0.1491,0.0103
1785417374.87,36,base,1,0.0,15.0,40.713,25.25,249.98,0.0225,0.0738,0.0073,0.0640,0.0054,0.0987,0.0103,0.0142,0.1437,0.0132,0.1007,0.0161,0.1432,0.0088
1785417375.76,36,drive,0,0.0,15.0,40.713,25.25,249.98,0.0132,0.0777,0.0044,0.0660,0.0034,0.0953,0.0176,0.0108,0.1476,0.0181,0.1124,0.0132,0.1369,0.0054
1785417375.85,36,drive,1,0.0,15.0,40.713,25.25,249.98,0.0108,0.0782,0.0054,0.0753,0.0029,0.0909,0.0054,0.0147,0.1505,0.0142,0.1085,0.0098,0.1481,0.0112
1785417376.75,36,drive,0,0.25,15.0,40.713,25.25,249.98,0.0225,0.0831,0.0049,0.0758,0.0044,0.0987,0.0127,0.0083,0.1515,0.0196,0.1129,0.0137,0.1417,0.0059
1785417376.84,36,drive,1,0.25,15.0,40.713,25.25,249.98,0.0186,0.0821,0.0034,0.0728,0.0059,0.0914,0.0132,0.0161,0.1437,0.0142,0.1051,0.0108,0.1442,0.0044
1785417377.73,36,drive,0,0.5,15.0,40.713,25.25,249.98,0.0288,0.0699,0.0103,0.0582,0.0044,0.0953,0.0083,0.0152,0.1549,0.0186,0.1139,0.0034,0.1442,0.0024
1785417377.83,36,drive,1,0.5,15.0,40.713,25.25,249.98,0.0166,0.0621,0.0073,0.0733,0.0088,0.0894,0.0049,0.0112,0.1530,0.0147,0.1124,0.0088,0.1569,0.0010
1785417378.72,36,drive,0,0.75,15.0,40.713,25.25,249.98,0.0132,0.0655,0.0044,0.0714,0.0078,0.0934,0.0083,0.0156,0.1481,0.0259,0.1178,0.0029,0.1510,0.0059
1785417378.81,36,drive,1,0.75,15.0,40.713,25.25,249.98,0.0147,0.0743,0.0039,0.0714,0.0083,0.0963,0.0029,0.0132,0.1466,0.0235,0.1158,0.0020,0.1457,0.0044
1785417379.70,36,drive,0,1.0,15.0,40.713,25.25,249.98,0.0318,0.0758,0.0015,0.0621,0.0005,0.0987,0.0054,0.0059,0.1383,0.0196,0.1119,0.0098,0.1457,0.0005
1785417379.80,36,drive,1,1.0,15.0,40.713,25.25,249.98,0.0200,0.0714,0.0000,0.0836,0.0024,0.0948,0.0117,0.0132,0.1491,0.0225,0.1207,0.0024,0.1569,0.0000
1785417380.68,36,drive,0,1.25,15.0,40.713,25.25,249.98,0.0259,0.0743,0.0020,0.0728,0.0015,0.0963,0.0068,0.0078,0.1383,0.0137,0.1212,0.0132,0.1471,0.0020
1785417380.78,36,drive,1,1.25,15.0,40.713,25.25,249.98,0.0142,0.0816,0.0010,0.0674,0.0039,0.0919,0.0088,0.0098,0.1486,0.0298,0.1285,0.0020,0.1481,0.0044
1785417381.66,36,drive,0,1.5,15.0,40.713,25.25,249.98,0.0152,0.0811,0.0015,0.0709,0.0137,0.0919,0.0210,0.0078,0.1515,0.0308,0.1261,0.0024,0.1417,0.0029
1785417381.75,36,drive,1,1.5,15.0,40.713,25.25,249.98,0.0181,0.0865,0.0010,0.0743,0.0068,0.0938,0.0235,0.0059,0.1461,0.0327,0.1271,0.0020,0.1505,0.0005
1785417382.64,36,drive,0,1.75,15.0,40.713,25.25,249.98,0.0166,0.0850,0.0054,0.0699,0.0166,0.0870,0.0010,0.0235,0.1452,0.0156,0.1369,0.0039,0.1510,0.0108
1785417382.73,36,drive,1,1.75,15.0,40.713,25.25,249.98,0.0171,0.0875,0.0020,0.0748,0.0108,0.0924,0.0191,0.0088,0.1500,0.0308,0.1334,0.0024,0.1540,0.0039
1785417383.62,36,drive,0,2.0,15.0,40.713,25.25,249.98,0.0166,0.0767,0.0000,0.0684,0.0005,0.0929,0.0000,0.0020,0.1457,0.0166,0.1413,0.0010,0.1457,0.0000
1785417383.71,36,drive,1,2.0,15.0,40.713,25.25,249.98,0.0147,0.0772,0.0000,0.0728,0.0005,0.0909,0.0005,0.0024,0.1457,0.0191,0.1432,0.0010,0.1461,0.0005
1785417384.68,37,base,0,0.0,15.0,40.693,25.25,249.98,0.0127,0.0787,0.0000,0.0684,0.0005,0.0948,0.0010,0.0064,0.1432,0.0103,0.1100,0.0005,0.1447,0.0005
1785417384.77,37,base,1,0.0,15.0,40.693,25.25,249.98,0.0132,0.0743,0.0000,0.0733,0.0000,0.0973,0.0005,0.0054,0.1466,0.0117,0.1085,0.0005,0.1437,0.0005
1785417385.66,37,drive,0,0.0,15.0,40.693,25.25,249.98,0.0132,0.0758,0.0000,0.0714,0.0000,0.0963,0.0005,0.0078,0.1471,0.0093,0.1085,0.0010,0.1422,0.0000
1785417385.75,37,drive,1,0.0,15.0,40.693,25.25,249.98,0.0176,0.0743,0.0000,0.0738,0.0000,0.0963,0.0010,0.0064,0.1457,0.0108,0.1090,0.0000,0.1447,0.0000
1785417386.64,37,drive,0,0.25,15.0,40.693,25.25,249.98,0.0171,0.0758,0.0000,0.0728,0.0005,0.0958,0.0005,0.0083,0.1457,0.0088,0.1070,0.0015,0.1437,0.0000
1785417386.74,37,drive,1,0.25,15.0,40.693,25.25,249.98,0.0132,0.0772,0.0000,0.0684,0.0000,0.0934,0.0010,0.0088,0.1476,0.0103,0.1085,0.0010,0.1457,0.0000
1785417387.63,37,drive,0,0.5,15.0,40.693,25.25,249.98,0.0200,0.0816,0.0000,0.0699,0.0000,0.0978,0.0010,0.0098,0.1427,0.0083,0.1085,0.0024,0.1427,0.0000
1785417387.73,37,drive,1,0.5,15.0,40.693,25.25,249.98,0.0132,0.0762,0.0005,0.0709,0.0000,0.0987,0.0015,0.0068,0.1442,0.0083,0.1085,0.0029,0.1442,0.0000
1785417388.61,37,drive,0,0.75,15.0,40.693,25.25,249.98,0.0137,0.0753,0.0000,0.0728,0.0000,0.1007,0.0024,0.0073,0.1442,0.0059,0.1051,0.0015,0.1452,0.0000
1785417388.71,37,drive,1,0.75,15.0,40.693,25.25,249.98,0.0171,0.0758,0.0000,0.0723,0.0000,0.0978,0.0005,0.0073,0.1442,0.0073,0.1070,0.0010,0.1432,0.0000
1785417389.60,37,drive,0,1.0,15.0,40.693,25.25,249.98,0.0156,0.0777,0.0000,0.0743,0.0000,0.0973,0.0010,0.0108,0.1422,0.0064,0.1056,0.0029,0.1422,0.0000
1785417389.69,37,drive,1,1.0,15.0,40.693,25.25,249.98,0.0152,0.0792,0.0000,0.0733,0.0005,0.0973,0.0015,0.0112,0.1442,0.0083,0.1056,0.0015,0.1442,0.0000
1785417390.59,37,drive,0,1.25,15.0,40.693,25.25,249.98,0.0176,0.0753,0.0000,0.0767,0.0005,0.0987,0.0010,0.0103,0.1437,0.0088,0.0997,0.0000,0.1447,0.0000
1785417390.68,37,drive,1,1.25,15.0,40.693,25.25,249.98,0.0181,0.0743,0.0000,0.0758,0.0010,0.1007,0.0010,0.0108,0.1408,0.0073,0.1026,0.0005,0.1442,0.0005
1785417391.57,37,drive,0,1.5,15.0,40.693,25.25,249.98,0.0142,0.0777,0.0000,0.0743,0.0000,0.0997,0.0010,0.0122,0.1452,0.0083,0.0943,0.0000,0.1437,0.0000
1785417391.67,37,drive,1,1.5,15.0,40.693,25.25,249.98,0.0152,0.0777,0.0000,0.0772,0.0005,0.0968,0.0024,0.0117,0.1417,0.0078,0.0929,0.0020,0.1447,0.0000
1785417392.56,37,drive,0,1.75,15.0,40.693,25.25,249.98,0.0171,0.0787,0.0000,0.0748,0.0010,0.0997,0.0015,0.0152,0.1437,0.0137,0.0860,0.0010,0.1427,0.0010
1785417392.65,37,drive,1,1.75,15.0,40.693,25.25,249.98,0.0161,0.0772,0.0005,0.0753,0.0000,0.0978,0.0044,0.0147,0.1437,0.0108,0.0855,0.0005,0.1413,0.0000
1785417393.53,37,drive,0,2.0,15.0,40.693,25.25,249.98,0.0176,0.0797,0.0000,0.0743,0.0010,0.0982,0.0010,0.0186,0.1457,0.0156,0.0782,0.0015,0.1422,0.0010
1785417393.63,37,drive,1,2.0,15.0,40.693,25.25,249.98,0.0161,0.0762,0.0000,0.0762,0.0005,0.0978,0.0024,0.0215,0.1471,0.0166,0.0782,0.0015,0.1442,0.0005
1785417394.59,38,base,0,0.0,15.0,40.753,25.24,249.98,0.0156,0.0762,0.0000,0.0709,0.0000,0.0958,0.0005,0.0078,0.1447,0.0117,0.1100,0.0015,0.1461,0.0000
1785417394.69,38,base,1,0.0,15.0,40.753,25.24,249.98,0.0147,0.0758,0.0000,0.0723,0.0000,0.0973,0.0034,0.0078,0.1471,0.0083,0.1070,0.0005,0.1471,0.0000
1785417395.57,38,drive,0,0.0,15.0,40.753,25.24,249.98,0.0152,0.0758,0.0005,0.0723,0.0000,0.0943,0.0005,0.0088,0.1437,0.0078,0.1065,0.0005,0.1432,0.0000
1785417395.67,38,drive,1,0.0,15.0,40.753,25.24,249.98,0.0176,0.0767,0.0005,0.0704,0.0000,0.0963,0.0015,0.0073,0.1437,0.0103,0.1090,0.0020,0.1461,0.0000
1785417396.56,38,drive,0,0.25,15.0,40.753,25.24,249.98,0.0132,0.0762,0.0000,0.0694,0.0000,0.0953,0.0000,0.0093,0.1447,0.0098,0.1056,0.0015,0.1466,0.0000
1785417396.65,38,drive,1,0.25,15.0,40.753,25.24,249.98,0.0137,0.0758,0.0005,0.0728,0.0005,0.0963,0.0010,0.0083,0.1457,0.0088,0.1105,0.0005,0.1432,0.0000
1785417397.54,38,drive,0,0.5,15.0,40.753,25.24,249.98,0.0117,0.0762,0.0000,0.0733,0.0005,0.0948,0.0005,0.0064,0.1491,0.0122,0.1070,0.0024,0.1466,0.0000
1785417397.63,38,drive,1,0.5,15.0,40.753,25.24,249.98,0.0152,0.0748,0.0005,0.0704,0.0000,0.0919,0.0005,0.0073,0.1461,0.0117,0.1051,0.0005,0.1457,0.0000
1785417398.52,38,drive,0,0.75,15.0,40.753,25.24,249.98,0.0186,0.0777,0.0000,0.0709,0.0000,0.0914,0.0005,0.0054,0.1491,0.0142,0.1061,0.0020,0.1486,0.0000
1785417398.61,38,drive,1,0.75,15.0,40.753,25.24,249.98,0.0156,0.0787,0.0000,0.0689,0.0000,0.0943,0.0010,0.0044,0.1466,0.0132,0.1090,0.0010,0.1447,0.0005
1785417399.50,38,drive,0,1.0,15.0,40.753,25.24,249.98,0.0137,0.0767,0.0000,0.0694,0.0005,0.0899,0.0010,0.0078,0.1510,0.0166,0.1085,0.0010,0.1447,0.0005
1785417399.60,38,drive,1,1.0,15.0,40.753,25.24,249.98,0.0142,0.0772,0.0000,0.0679,0.0005,0.0909,0.0015,0.0093,0.1500,0.0186,0.1061,0.0005,0.1432,0.0000
1785417400.49,38,drive,0,1.25,15.0,40.753,25.24,249.98,0.0161,0.0743,0.0000,0.0714,0.0000,0.0875,0.0010,0.0073,0.1510,0.0191,0.1085,0.0010,0.1471,0.0000
1785417400.58,38,drive,1,1.25,15.0,40.753,25.24,249.98,0.0161,0.0758,0.0000,0.0709,0.0000,0.0899,0.0010,0.0049,0.1496,0.0210,0.1085,0.0010,0.1447,0.0000
1785417401.47,38,drive,0,1.5,15.0,40.753,25.24,249.98,0.0186,0.0758,0.0000,0.0660,0.0000,0.0831,0.0015,0.0054,0.1510,0.0220,0.1105,0.0010,0.1452,0.0000
1785417401.57,38,drive,1,1.5,15.0,40.753,25.24,249.98,0.0147,0.0748,0.0005,0.0704,0.0005,0.0816,0.0005,0.0059,0.1520,0.0210,0.1109,0.0015,0.1461,0.0000
1785417402.45,38,drive,0,1.75,15.0,40.753,25.24,249.98,0.0166,0.0733,0.0000,0.0660,0.0010,0.0777,0.0000,0.0049,0.1535,0.0239,0.1149,0.0024,0.1457,0.0005
1785417402.55,38,drive,1,1.75,15.0,40.753,25.24,249.98,0.0152,0.0758,0.0005,0.0670,0.0000,0.0782,0.0005,0.0054,0.1515,0.0239,0.1139,0.0000,0.1466,0.0000
1785417403.43,38,drive,0,2.0,15.0,40.753,25.24,249.98,0.0200,0.0753,0.0000,0.0655,0.0000,0.0792,0.0005,0.0020,0.1520,0.0220,0.1202,0.0005,0.1452,0.0000
1785417403.53,38,drive,1,2.0,15.0,40.753,25.24,249.98,0.0152,0.0758,0.0000,0.0660,0.0000,0.0762,0.0000,0.0024,0.1510,0.0254,0.1212,0.0000,0.1437,0.0015
1785417404.49,39,base,0,0.0,15.0,40.693,25.24,249.98,0.0191,0.0733,0.0000,0.0699,0.0000,0.0958,0.0010,0.0068,0.1461,0.0108,0.1085,0.0000,0.1452,0.0000
1785417404.58,39,base,1,0.0,15.0,40.693,25.24,249.98,0.0132,0.0762,0.0000,0.0699,0.0005,0.0982,0.0005,0.0073,0.1447,0.0122,0.1080,0.0000,0.1437,0.0000
1785417405.47,39,drive,0,0.0,15.0,40.693,25.24,249.98,0.0156,0.0767,0.0000,0.0699,0.0000,0.0968,0.0010,0.0049,0.1452,0.0112,0.1095,0.0000,0.1452,0.0000
1785417405.56,39,drive,1,0.0,15.0,40.693,25.24,249.98,0.0156,0.0758,0.0000,0.0718,0.0010,0.0968,0.0005,0.0054,0.1457,0.0122,0.1061,0.0015,0.1437,0.0000
1785417406.45,39,drive,0,0.25,15.0,40.693,25.24,249.98,0.0239,0.0802,0.0024,0.0748,0.0010,0.1002,0.0010,0.0088,0.1500,0.0156,0.1124,0.0034,0.1476,0.0024
1785417406.55,39,drive,1,0.25,15.0,40.693,25.24,249.98,0.0230,0.0811,0.0005,0.0758,0.0000,0.1002,0.0015,0.0127,0.1505,0.0156,0.1095,0.0024,0.1496,0.0015
1785417407.44,39,drive,0,0.5,15.0,40.693,25.24,249.98,0.0191,0.0806,0.0015,0.0762,0.0000,0.0997,0.0015,0.0117,0.1486,0.0152,0.1129,0.0015,0.1505,0.0044
1785417407.53,39,drive,1,0.5,15.0,40.693,25.24,249.98,0.0235,0.0806,0.0000,0.0748,0.0015,0.1026,0.0010,0.0083,0.1491,0.0132,0.1119,0.0029,0.1491,0.0015
1785417408.43,39,drive,0,0.75,15.0,40.693,25.24,249.98,0.0225,0.0787,0.0000,0.0753,0.0020,0.0992,0.0024,0.0108,0.1496,0.0137,0.1124,0.0029,0.1476,0.0039
1785417408.52,39,drive,1,0.75,15.0,40.693,25.24,249.98,0.0235,0.0797,0.0015,0.0704,0.0005,0.0992,0.0029,0.0112,0.1491,0.0137,0.1134,0.0064,0.1500,0.0020
1785417409.41,39,drive,0,1.0,15.0,40.693,25.24,249.98,0.0205,0.0811,0.0005,0.0738,0.0015,0.0973,0.0044,0.0112,0.1481,0.0132,0.1153,0.0005,0.1510,0.0020
1785417409.51,39,drive,1,1.0,15.0,40.693,25.24,249.98,0.0230,0.0826,0.0005,0.0743,0.0000,0.0987,0.0034,0.0117,0.1510,0.0122,0.1119,0.0054,0.1491,0.0024
1785417410.40,39,drive,0,1.25,15.0,40.693,25.24,249.98,0.0220,0.0787,0.0020,0.0772,0.0005,0.0997,0.0034,0.0103,0.1510,0.0147,0.1168,0.0015,0.1476,0.0010
1785417410.49,39,drive,1,1.25,15.0,40.693,25.24,249.98,0.0249,0.0811,0.0000,0.0733,0.0020,0.1007,0.0020,0.0103,0.1505,0.0142,0.1139,0.0029,0.1496,0.0020
1785417411.38,39,drive,0,1.5,15.0,40.693,25.24,249.98,0.0215,0.0802,0.0010,0.0767,0.0010,0.0992,0.0034,0.0103,0.1486,0.0137,0.1153,0.0024,0.1481,0.0029
1785417411.47,39,drive,1,1.5,15.0,40.693,25.24,249.98,0.0215,0.0762,0.0005,0.0743,0.0005,0.1007,0.0015,0.0112,0.1491,0.0137,0.1119,0.0039,0.1461,0.0020
1785417412.36,39,drive,0,1.75,15.0,40.693,25.24,249.98,0.0220,0.0816,0.0005,0.0758,0.0015,0.0997,0.0049,0.0108,0.1520,0.0127,0.1105,0.0034,0.1486,0.0015
1785417412.45,39,drive,1,1.75,15.0,40.693,25.24,249.98,0.0215,0.0792,0.0010,0.0743,0.0005,0.1002,0.0015,0.0112,0.1496,0.0142,0.1114,0.0020,0.1500,0.0020
1785417413.34,39,drive,0,2.0,15.0,40.693,25.24,249.98,0.0225,0.0792,0.0005,0.0762,0.0000,0.1022,0.0029,0.0142,0.1500,0.0137,0.1119,0.0020,0.1505,0.0044
1785417413.43,39,drive,1,2.0,15.0,40.693,25.24,249.98,0.0244,0.0806,0.0000,0.0758,0.0010,0.1022,0.0029,0.0122,0.1486,0.0147,0.1119,0.0020,0.1515,0.0005
1785417414.39,40,base,0,0.0,15.0,40.773,25.24,249.98,0.0161,0.0772,0.0000,0.0718,0.0000,0.0943,0.0000,0.0088,0.1461,0.0117,0.1085,0.0015,0.1417,0.0000
1785417414.49,40,base,1,0.0,15.0,40.773,25.24,249.98,0.0152,0.0772,0.0005,0.0723,0.0000,0.0953,0.0005,0.0078,0.1457,0.0083,0.1100,0.0010,0.1432,0.0005
1785417415.38,40,drive,0,0.0,15.0,40.773,25.24,249.98,0.0132,0.0738,0.0005,0.0709,0.0000,0.0978,0.0005,0.0078,0.1447,0.0103,0.1075,0.0000,0.1442,0.0005
1785417415.48,40,drive,1,0.0,15.0,40.773,25.24,249.98,0.0122,0.0753,0.0005,0.0704,0.0000,0.0938,0.0000,0.0068,0.1427,0.0098,0.1085,0.0015,0.1442,0.0000
1785417416.36,40,drive,0,0.25,15.0,40.773,25.24,249.98,0.0176,0.0718,0.0005,0.0714,0.0005,0.0973,0.0020,0.0054,0.1452,0.0112,0.1075,0.0010,0.1432,0.0000
1785417416.46,40,drive,1,0.25,15.0,40.773,25.24,249.98,0.0152,0.0762,0.0000,0.0714,0.0005,0.0958,0.0010,0.0059,0.1437,0.0098,0.1109,0.0010,0.1457,0.0000
1785417417.34,40,drive,0,0.5,15.0,40.773,25.24,249.98,0.0142,0.0787,0.0005,0.0723,0.0000,0.0968,0.0024,0.0078,0.1457,0.0103,0.1105,0.0029,0.1457,0.0000
1785417417.43,40,drive,1,0.5,15.0,40.773,25.24,249.98,0.0117,0.0767,0.0005,0.0723,0.0000,0.0963,0.0005,0.0073,0.1481,0.0127,0.1070,0.0015,0.1476,0.0000
1785417418.33,40,drive,0,0.75,15.0,40.773,25.24,249.98,0.0200,0.0621,0.0191,0.0723,0.0064,0.0836,0.0225,0.0083,0.1388,0.0293,0.1129,0.0098,0.1422,0.0225
1785417418.42,40,drive,1,0.75,15.0,40.773,25.24,249.98,0.0298,0.0792,0.0108,0.0674,0.0108,0.1080,0.0093,0.0220,0.1549,0.0205,0.0987,0.0112,0.1500,0.0029
1785417419.31,40,drive,0,1.0,15.0,40.773,25.24,249.98,0.0156,0.0836,0.0020,0.0689,0.0108,0.0958,0.0200,0.0132,0.1500,0.0357,0.1149,0.0015,0.1383,0.0015
1785417419.41,40,drive,1,1.0,15.0,40.773,25.24,249.98,0.0103,0.0811,0.0044,0.0689,0.0279,0.0938,0.0039,0.0176,0.1447,0.0166,0.1031,0.0059,0.1437,0.0064
1785417420.30,40,drive,0,1.25,15.0,40.773,25.24,249.98,0.0156,0.0753,0.0196,0.0728,0.0005,0.0890,0.0010,0.0166,0.1461,0.0132,0.1129,0.0083,0.1457,0.0117
1785417420.39,40,drive,1,1.25,15.0,40.773,25.24,249.98,0.0142,0.0787,0.0029,0.0709,0.0068,0.0982,0.0010,0.0181,0.1481,0.0093,0.1163,0.0034,0.1500,0.0034
1785417421.29,40,drive,0,1.5,15.0,40.773,25.24,249.98,0.0112,0.0802,0.0010,0.0679,0.0039,0.0894,0.0127,0.0078,0.1496,0.0142,0.1197,0.0088,0.1432,0.0015
1785417421.38,40,drive,1,1.5,15.0,40.773,25.24,249.98,0.0176,0.0606,0.0044,0.0699,0.0083,0.0909,0.0039,0.0122,0.1486,0.0181,0.1139,0.0044,0.1437,0.0000
1785417422.27,40,drive,0,1.75,15.0,40.773,25.24,249.98,0.0249,0.0753,0.0010,0.0709,0.0054,0.0890,0.0064,0.0068,0.1535,0.0142,0.1256,0.0049,0.1447,0.0029
1785417422.36,40,drive,1,1.75,15.0,40.773,25.24,249.98,0.0147,0.0709,0.0068,0.0694,0.0068,0.0875,0.0068,0.0098,0.1510,0.0098,0.1222,0.0044,0.1500,0.0073
1785417423.25,40,drive,0,2.0,15.0,40.773,25.24,249.98,0.0205,0.0738,0.0054,0.0718,0.0068,0.0865,0.0044,0.0098,0.1500,0.0098,0.1202,0.0147,0.1481,0.0049
1785417423.35,40,drive,1,2.0,15.0,40.773,25.24,249.98,0.0161,0.0762,0.0020,0.0767,0.0049,0.0894,0.0073,0.0093,0.1510,0.0073,0.1276,0.0049,0.1432,0.0088
1785417424.31,41,base,0,0.0,15.0,40.793,25.24,249.98,0.0171,0.0733,0.0000,0.0772,0.0034,0.0992,0.0044,0.0088,0.1466,0.0078,0.1149,0.0054,0.1432,0.0000
1785417424.40,41,base,1,0.0,15.0,40.793,25.24,249.98,0.0137,0.0772,0.0068,0.0709,0.0015,0.0924,0.0029,0.0073,0.1417,0.0103,0.1056,0.0049,0.1461,0.0044
1785417425.29,41,drive,0,0.0,15.0,40.793,25.24,249.98,0.0093,0.0816,0.0020,0.0718,0.0083,0.0948,0.0029,0.0049,0.1525,0.0147,0.1080,0.0024,0.1461,0.0054
1785417425.39,41,drive,1,0.0,15.0,40.793,25.24,249.98,0.0156,0.0762,0.0044,0.0694,0.0005,0.0992,0.0064,0.0161,0.1437,0.0166,0.1090,0.0049,0.1466,0.0064
1785417426.28,41,drive,0,0.25,15.0,40.793,25.24,249.98,0.0196,0.0767,0.0024,0.0718,0.0044,0.0914,0.0020,0.0088,0.1437,0.0112,0.1100,0.0132,0.1457,0.0015
1785417426.37,41,drive,1,0.25,15.0,40.793,25.24,249.98,0.0142,0.0816,0.0083,0.0758,0.0015,0.0987,0.0054,0.0108,0.1427,0.0083,0.1051,0.0034,0.1525,0.0068
1785417427.27,41,drive,0,0.5,15.0,40.793,25.24,249.98,0.0137,0.0743,0.0049,0.0684,0.0034,0.0973,0.0078,0.0083,0.1471,0.0103,0.1036,0.0049,0.1432,0.0093
1785417427.36,41,drive,1,0.5,15.0,40.793,25.24,249.98,0.0161,0.0846,0.0059,0.0694,0.0015,0.0894,0.0044,0.0029,0.1447,0.0132,0.1085,0.0093,0.1437,0.0024
1785417428.25,41,drive,0,0.75,15.0,40.793,25.24,249.98,0.0225,0.0792,0.0029,0.0704,0.0024,0.0943,0.0039,0.0068,0.1427,0.0088,0.1065,0.0127,0.1452,0.0024
1785417428.34,41,drive,1,0.75,15.0,40.793,25.24,249.98,0.0166,0.0806,0.0049,0.0733,0.0015,0.0968,0.0064,0.0088,0.1427,0.0083,0.1070,0.0049,0.1461,0.0068
1785417429.23,41,drive,0,1.0,15.0,40.793,25.24,249.98,0.0186,0.0767,0.0029,0.0674,0.0024,0.0948,0.0098,0.0088,0.1471,0.0152,0.1139,0.0073,0.1447,0.0005
1785417429.33,41,drive,1,1.0,15.0,40.793,25.24,249.98,0.0186,0.0758,0.0010,0.0714,0.0034,0.0982,0.0029,0.0083,0.1471,0.0108,0.1085,0.0073,0.1466,0.0015
1785417430.21,41,drive,0,1.25,15.0,40.793,25.24,249.98,0.0156,0.0767,0.0068,0.0684,0.0015,0.0943,0.0049,0.0132,0.1447,0.0127,0.1119,0.0073,0.1471,0.0029
1785417430.31,41,drive,1,1.25,15.0,40.793,25.24,249.98,0.0181,0.0802,0.0059,0.0733,0.0054,0.0948,0.0132,0.0103,0.1422,0.0078,0.1085,0.0024,0.1388,0.0034
1785417431.20,41,drive,0,1.5,15.0,40.793,25.24,249.98,0.0161,0.0714,0.0015,0.0709,0.0029,0.0943,0.0073,0.0093,0.1491,0.0161,0.1061,0.0034,0.1510,0.0049
1785417431.29,41,drive,1,1.5,15.0,40.793,25.24,249.98,0.0161,0.0831,0.0059,0.0762,0.0024,0.1007,0.0083,0.0064,0.1486,0.0171,0.1090,0.0034,0.1461,0.0020
1785417432.18,41,drive,0,1.75,15.0,40.793,25.24,249.98,0.0166,0.0762,0.0024,0.0767,0.0034,0.0968,0.0078,0.0073,0.1510,0.0127,0.1061,0.0020,0.1461,0.0010
1785417432.28,41,drive,1,1.75,15.0,40.793,25.24,249.98,0.0171,0.0714,0.0024,0.0694,0.0078,0.0953,0.0054,0.0108,0.1447,0.0152,0.1124,0.0034,0.1461,0.0034
1785418367.45,41,drive,0,2.0,15.0,40.793,25.24,249.98,0.0181,0.0821,0.0005,0.0782,0.0000,0.0982,0.0000,0.0059,0.1496,0.0103,0.1100,0.0000,0.1452,0.0010
1785418367.54,41,drive,1,2.0,15.0,40.793,25.24,249.98,0.0161,0.0792,0.0000,0.0758,0.0000,0.1026,0.0005,0.0068,0.1515,0.0117,0.1134,0.0005,0.1476,0.0000
1785418368.51,42,base,0,0.0,15.0,40.853,25.24,249.98,0.0161,0.0836,0.0000,0.0738,0.0010,0.0997,0.0005,0.0073,0.1510,0.0103,0.1105,0.0010,0.1491,0.0000
1785418368.60,42,base,1,0.0,15.0,40.853,25.24,249.98,0.0171,0.0797,0.0005,0.0802,0.0000,0.0987,0.0005,0.0083,0.1481,0.0068,0.1129,0.0000,0.1491,0.0000
1785418369.49,42,drive,0,0.0,15.0,40.853,25.24,249.98,0.0142,0.0787,0.0000,0.0772,0.0005,0.1002,0.0005,0.0098,0.1486,0.0108,0.1090,0.0010,0.1496,0.0000
1785418369.58,42,drive,1,0.0,15.0,40.853,25.24,249.98,0.0127,0.0826,0.0005,0.0767,0.0005,0.1036,0.0005,0.0064,0.1515,0.0103,0.1095,0.0015,0.1525,0.0000
1785418370.47,42,drive,0,0.25,15.0,40.853,25.24,249.98,0.0142,0.0782,0.0000,0.0797,0.0010,0.0992,0.0005,0.0098,0.1520,0.0098,0.1090,0.0029,0.1515,0.0000
1785418370.57,42,drive,1,0.25,15.0,40.853,25.24,249.98,0.0191,0.0792,0.0000,0.0782,0.0000,0.0997,0.0005,0.0103,0.1505,0.0093,0.1090,0.0015,0.1515,0.0000
1785418371.46,42,drive,0,0.5,15.0,40.853,25.24,249.98,0.0156,0.0806,0.0000,0.0758,0.0000,0.0973,0.0015,0.0068,0.1481,0.0127,0.1105,0.0000,0.1486,0.0005
1785418371.55,42,drive,1,0.5,15.0,40.853,25.24,249.98,0.0191,0.0792,0.0000,0.0772,0.0000,0.0987,0.0000,0.0083,0.1486,0.0112,0.1109,0.0010,0.1496,0.0000
1785418398.43,42,drive,0,0.75,15.0,40.853,25.24,249.98,0.0445,0.0787,0.0015,0.0831,0.0015,0.1007,0.0073,0.0088,0.1505,0.0127,0.1090,0.0264,0.1505,0.0005
1785418398.52,42,drive,1,0.75,15.0,40.853,25.24,249.98,0.0127,0.0811,0.0205,0.0762,0.0010,0.1105,0.0039,0.0108,0.1500,0.0142,0.1163,0.0088,0.1491,0.0254
1785418399.41,42,drive,0,1.0,15.0,40.853,25.24,249.98,0.0156,0.0826,0.0210,0.0782,0.0005,0.1100,0.0049,0.0098,0.1579,0.0108,0.1100,0.0117,0.1496,0.0108
1785418399.51,42,drive,1,1.0,15.0,40.853,25.24,249.98,0.0430,0.0841,0.0005,0.0836,0.0059,0.1017,0.0161,0.0078,0.1496,0.0215,0.1080,0.0181,0.1525,0.0015
1785418400.40,42,drive,0,1.25,15.0,40.853,25.24,249.98,0.0132,0.0806,0.0000,0.0733,0.0000,0.1002,0.0010,0.0078,0.1510,0.0122,0.1139,0.0015,0.1530,0.0000
1785418400.49,42,drive,1,1.25,15.0,40.853,25.24,249.98,0.0152,0.0797,0.0000,0.0748,0.0000,0.1007,0.0005,0.0108,0.1515,0.0093,0.1105,0.0015,0.1530,0.0000
1785418401.38,42,drive,0,1.5,15.0,40.853,25.24,249.98,0.0147,0.0816,0.0000,0.0738,0.0000,0.1031,0.0005,0.0078,0.1491,0.0108,0.1114,0.0015,0.1505,0.0005
1785418401.47,42,drive,1,1.5,15.0,40.853,25.24,249.98,0.0147,0.0792,0.0000,0.0782,0.0000,0.0978,0.0010,0.0083,0.1481,0.0103,0.1109,0.0010,0.1530,0.0010
1785418402.36,42,drive,0,1.75,15.0,40.853,25.24,249.98,0.0166,0.0821,0.0005,0.0772,0.0000,0.0943,0.0044,0.0083,0.1510,0.0103,0.1124,0.0015,0.1520,0.0000
1785418402.45,42,drive,1,1.75,15.0,40.853,25.24,249.98,0.0122,0.0821,0.0005,0.0762,0.0000,0.0992,0.0024,0.0083,0.1496,0.0108,0.1075,0.0015,0.1500,0.0005
1785418403.35,42,drive,0,2.0,15.0,40.853,25.24,249.98,0.0161,0.0797,0.0000,0.0767,0.0005,0.1022,0.0010,0.0083,0.1500,0.0127,0.1139,0.0005,0.1515,0.0010
1785418403.44,42,drive,1,2.0,15.0,40.853,25.24,249.98,0.0171,0.0797,0.0000,0.0733,0.0005,0.1007,0.0010,0.0068,0.1515,0.0093,0.1109,0.0010,0.1525,0.0000
1785418404.42,43,base,0,0.0,15.0,40.733,25.24,249.99,0.0171,0.0821,0.0000,0.0748,0.0005,0.1002,0.0005,0.0059,0.1530,0.0147,0.1105,0.0010,0.1476,0.0000
1785418404.51,43,base,1,0.0,15.0,40.733,25.24,249.99,0.0166,0.0821,0.0000,0.0777,0.0000,0.0987,0.0000,0.0054,0.1500,0.0098,0.1114,0.0020,0.1530,0.0010
1785418553.61,43,drive,0,0.0,15.0,40.733,25.24,249.99,0.0161,0.0787,0.0000,0.0767,0.0020,0.1002,0.0010,0.0083,0.1500,0.0073,0.1114,0.0005,0.1500,0.0000
1785418553.77,43,drive,1,0.0,15.0,40.733,25.24,249.99,0.0166,0.0870,0.0005,0.0767,0.0034,0.1051,0.0005,0.0127,0.1608,0.0112,0.1178,0.0015,0.1471,0.0020
1785418554.65,43,drive,0,0.25,15.0,40.733,25.24,249.99,0.0367,0.0934,0.0083,0.0709,0.0117,0.1065,0.0034,0.0088,0.1647,0.0142,0.1051,0.0147,0.1603,0.0073
1785418554.75,43,drive,1,0.25,15.0,40.733,25.24,249.99,0.0196,0.0885,0.0044,0.0782,0.0068,0.1046,0.0068,0.0196,0.1535,0.0147,0.1144,0.0122,0.1481,0.0112
1785418555.64,43,drive,0,0.5,15.0,40.733,25.24,249.99,0.0186,0.0841,0.0147,0.0748,0.0225,0.0987,0.0044,0.0220,0.1471,0.0181,0.1017,0.0132,0.1500,0.0073
1785418555.73,43,drive,1,0.5,15.0,40.733,25.24,249.99,0.0137,0.0860,0.0132,0.0821,0.0152,0.1017,0.0117,0.0122,0.1496,0.0283,0.1119,0.0093,0.1681,0.0137
1785418556.62,43,drive,0,0.75,15.0,40.733,25.24,249.99,0.0186,0.0870,0.0015,0.0777,0.0068,0.0978,0.0108,0.0083,0.1510,0.0186,0.1144,0.0098,0.1471,0.0044
1785418556.72,43,drive,1,0.75,15.0,40.733,25.24,249.99,0.0235,0.0811,0.0034,0.0758,0.0034,0.1031,0.0088,0.0103,0.1505,0.0225,0.1163,0.0034,0.1466,0.0024
1785418557.61,43,drive,0,1.0,15.0,40.733,25.24,249.99,0.0112,0.0929,0.0010,0.0802,0.0054,0.0997,0.0078,0.0122,0.1569,0.0142,0.1212,0.0044,0.1491,0.0059
1785418557.70,43,drive,1,1.0,15.0,40.733,25.24,249.99,0.0225,0.0826,0.0034,0.0767,0.0064,0.0997,0.0024,0.0083,0.1515,0.0108,0.1139,0.0054,0.1588,0.0064
1785418558.58,43,drive,0,1.25,15.0,40.733,25.24,249.99,0.0191,0.0758,0.0029,0.0758,0.0093,0.0973,0.0005,0.0142,0.1510,0.0166,0.1085,0.0132,0.1520,0.0054
1785418558.68,43,drive,1,1.25,15.0,40.733,25.24,249.99,0.0215,0.0855,0.0015,0.0723,0.0083,0.0919,0.0078,0.0132,0.1535,0.0142,0.1090,0.0156,0.1471,0.0039
1785418559.57,43,drive,0,1.5,15.0,40.733,25.24,249.99,0.0147,0.0855,0.0059,0.0782,0.0054,0.0963,0.0059,0.0112,0.1452,0.0068,0.1134,0.0108,0.1500,0.0093
1785418559.66,43,drive,1,1.5,15.0,40.733,25.24,249.99,0.0127,0.0714,0.0064,0.0694,0.0093,0.1007,0.0078,0.0225,0.1544,0.0166,0.1061,0.0044,0.1510,0.0049
1785418560.55,43,drive,0,1.75,15.0,40.733,25.24,249.99,0.0122,0.0772,0.0054,0.0699,0.0093,0.0987,0.0059,0.0117,0.1510,0.0196,0.1109,0.0117,0.1481,0.0049
1785418560.65,43,drive,1,1.75,15.0,40.733,25.24,249.99,0.0230,0.0816,0.0098,0.0792,0.0078,0.0997,0.0103,0.0152,0.1417,0.0259,0.1144,0.0132,0.1505,0.0083
1785418561.53,43,drive,0,2.0,15.0,40.733,25.24,249.99,0.0152,0.0875,0.0108,0.0753,0.0059,0.1036,0.0068,0.0137,0.1461,0.0137,0.1173,0.0103,0.1510,0.0088
1785418561.63,43,drive,1,2.0,15.0,40.733,25.24,249.99,0.0127,0.0762,0.0039,0.0738,0.0112,0.1022,0.0122,0.0152,0.1520,0.0161,0.1105,0.0083,0.1486,0.0054
1785418562.59,44,base,0,0.0,15.0,40.733,25.24,249.99,0.0254,0.0870,0.0020,0.0762,0.0083,0.0992,0.0064,0.0152,0.1496,0.0137,0.1144,0.0068,0.1574,0.0054
1785418562.68,44,base,1,0.0,15.0,40.733,25.24,249.99,0.0230,0.0802,0.0029,0.0718,0.0049,0.1041,0.0020,0.0176,0.1500,0.0191,0.1109,0.0132,0.1481,0.0024
1785418563.57,44,drive,0,0.0,15.0,40.733,25.24,249.99,0.0191,0.0855,0.0020,0.0718,0.0059,0.0968,0.0103,0.0103,0.1598,0.0181,0.1153,0.0098,0.1520,0.0010
1785418563.67,44,drive,1,0.0,15.0,40.733,25.24,249.99,0.0230,0.0890,0.0078,0.0767,0.0010,0.1017,0.0015,0.0147,0.1530,0.0112,0.1217,0.0098,0.1574,0.0068
1785418564.56,44,drive,0,0.25,15.0,40.733,25.24,249.99,0.0205,0.0841,0.0103,0.0758,0.0029,0.1007,0.0068,0.0088,0.1549,0.0161,0.1100,0.0078,0.1466,0.0073
1785418564.66,44,drive,1,0.25,15.0,40.733,25.24,249.99,0.0181,0.0836,0.0108,0.0762,0.0024,0.1022,0.0103,0.0127,0.1486,0.0127,0.1114,0.0078,0.1515,0.0083
1785418566.88,44,drive,0,0.5,15.0,40.733,25.24,249.99,0.0406,0.1422,0.0015,0.1339,0.0039,0.1618,0.0049,0.0191,0.2151,0.0244,0.1848,0.0078,0.2185,0.0059
1785418567.09,44,drive,1,0.5,15.0,40.733,25.24,249.99,0.0401,0.1452,0.0034,0.1378,0.0039,0.1608,0.0044,0.0215,0.2131,0.0239,0.1848,0.0034,0.2190,0.0059
1785418568.15,44,drive,0,0.75,15.0,40.733,25.24,249.99,0.0303,0.1476,0.0015,0.1354,0.0015,0.1593,0.0152,0.0181,0.2219,0.0313,0.1891,0.0098,0.2141,0.0083
1785418568.33,44,drive,1,0.75,15.0,40.733,25.24,249.99,0.0347,0.1442,0.0049,0.1388,0.0083,0.1691,0.0108,0.0249,0.2141,0.0264,0.1813,0.0059,0.2082,0.0083
1785418569.22,44,drive,0,1.0,15.0,40.733,25.24,249.99,0.0396,0.1466,0.0068,0.1378,0.0122,0.1652,0.0064,0.0303,0.2146,0.0249,0.1828,0.0112,0.2204,0.0044
1785418569.31,44,drive,1,1.0,15.0,40.733,25.24,249.99,0.0381,0.1491,0.0088,0.1452,0.0078,0.1618,0.0161,0.0117,0.2170,0.0283,0.1867,0.0039,0.2170,0.0083
1785418570.20,44,drive,0,1.25,15.0,40.733,25.24,249.99,0.0352,0.1349,0.0049,0.1432,0.0073,0.1549,0.0166,0.0293,0.2170,0.0283,0.1799,0.0088,0.2141,0.0049
1785418570.29,44,drive,1,1.25,15.0,40.733,25.24,249.99,0.0352,0.1486,0.0049,0.1408,0.0049,0.1672,0.0108,0.0191,0.2116,0.0239,0.1940,0.0142,0.2195,0.0029
1785418571.18,44,drive,0,1.5,15.0,40.733,25.24,249.99,0.0274,0.1476,0.0088,0.1540,0.0020,0.1574,0.0103,0.0137,0.2165,0.0166,0.1945,0.0088,0.2165,0.0093
1785418571.27,44,drive,1,1.5,15.0,40.733,25.24,249.99,0.0381,0.1457,0.0064,0.1432,0.0142,0.1672,0.0098,0.0166,0.2160,0.0254,0.1838,0.0029,0.2146,0.0088
1785418572.16,44,drive,0,1.75,15.0,40.733,25.24,249.99,0.0430,0.1373,0.0103,0.1403,0.0034,0.1574,0.0132,0.0244,0.2116,0.0313,0.1769,0.0200,0.2180,0.0015
1785418572.25,44,drive,1,1.75,15.0,40.733,25.24,249.99,0.0459,0.1427,0.0073,0.1364,0.0034,0.1544,0.0078,0.0215,0.2165,0.0293,0.1818,0.0205,0.2234,0.0044
1785418573.14,44,drive,0,2.0,15.0,40.733,25.24,249.99,0.0396,0.1383,0.0083,0.1417,0.0269,0.1637,0.0196,0.0406,0.2199,0.0288,0.1901,0.0078,0.2234,0.0117
1785418573.24,44,drive,1,2.0,15.0,40.733,25.24,249.99,0.0606,0.1442,0.0005,0.1417,0.0132,0.1608,0.0347,0.0200,0.2190,0.0518,0.1931,0.0210,0.2077,0.0044
1785418574.21,45,base,0,0.0,15.0,40.713,25.24,249.99,0.0357,0.1427,0.0083,0.1510,0.0254,0.1637,0.0205,0.0239,0.2102,0.0396,0.1833,0.0078,0.2283,0.0112
1785418574.30,45,base,1,0.0,15.0,40.713,25.24,249.99,0.0347,0.1476,0.0264,0.1403,0.0054,0.1691,0.0132,0.0274,0.2116,0.0347,0.1779,0.0186,0.2141,0.0181
1785418575.18,45,drive,0,0.0,15.0,40.713,25.24,249.99,0.0396,0.1593,0.0156,0.1378,0.0176,0.1642,0.0161,0.0396,0.2107,0.0371,0.1921,0.0093,0.2053,0.0142
1785418575.28,45,drive,1,0.0,15.0,40.713,25.24,249.99,0.0415,0.1457,0.0127,0.1417,0.0171,0.1681,0.0303,0.0313,0.2204,0.0479,0.1828,0.0132,0.1955,0.0064
1785418576.16,45,drive,0,0.25,15.0,40.713,25.24,249.99,0.0371,0.1481,0.0000,0.1408,0.0005,0.1642,0.0024,0.0186,0.2151,0.0274,0.1857,0.0024,0.2180,0.0000
1785418576.26,45,drive,1,0.25,15.0,40.713,25.24,249.99,0.0357,0.1442,0.0005,0.1398,0.0000,0.1608,0.0029,0.0200,0.2160,0.0274,0.1823,0.0024,0.2185,0.0000
1785418577.14,45,drive,0,0.5,15.0,40.713,25.24,249.99,0.0367,0.1442,0.0000,0.1427,0.0000,0.1647,0.0020,0.0230,0.2165,0.0259,0.1843,0.0029,0.2190,0.0000
1785418577.24,45,drive,1,0.5,15.0,40.713,25.24,249.99,0.0347,0.1442,0.0000,0.1417,0.0000,0.1623,0.0015,0.0215,0.2175,0.0259,0.1877,0.0034,0.2146,0.0000
1785418578.13,45,drive,0,0.75,15.0,40.713,25.24,249.99,0.0376,0.1461,0.0000,0.1398,0.0010,0.1628,0.0044,0.0181,0.2155,0.0269,0.1867,0.0029,0.2170,0.0005
1785418578.22,45,drive,1,0.75,15.0,40.713,25.24,249.99,0.0367,0.1471,0.0000,0.1403,0.0005,0.1603,0.0029,0.0196,0.2155,0.0288,0.1862,0.0044,0.2165,0.0000
1785418579.11,45,drive,0,1.0,15.0,40.713,25.24,249.99,0.0347,0.1481,0.0005,0.1398,0.0000,0.1603,0.0020,0.0196,0.2204,0.0254,0.1867,0.0049,0.2190,0.0000
1785418579.20,45,drive,1,1.0,15.0,40.713,25.24,249.99,0.0357,0.1481,0.0005,0.1437,0.0000,0.1618,0.0020,0.0215,0.2136,0.0259,0.1862,0.0034,0.2185,0.0000
1785418580.09,45,drive,0,1.25,15.0,40.713,25.24,249.99,0.0386,0.1461,0.0000,0.1452,0.0000,0.1613,0.0024,0.0210,0.2160,0.0298,0.1877,0.0029,0.2170,0.0000
1785418580.18,45,drive,1,1.25,15.0,40.713,25.24,249.99,0.0362,0.1486,0.0000,0.1403,0.0000,0.1628,0.0020,0.0205,0.2165,0.0288,0.1852,0.0039,0.2199,0.0000
1785418581.07,45,drive,0,1.5,15.0,40.713,25.24,249.99,0.0381,0.1471,0.0005,0.1447,0.0005,0.1623,0.0020,0.0176,0.2165,0.0279,0.1857,0.0024,0.2165,0.0010
1785418581.16,45,drive,1,1.5,15.0,40.713,25.24,249.99,0.0371,0.1481,0.0000,0.1417,0.0005,0.1652,0.0029,0.0196,0.2146,0.0279,0.1916,0.0034,0.2175,0.0000
1785418582.05,45,drive,0,1.75,15.0,40.713,25.24,249.99,0.0367,0.1491,0.0005,0.1447,0.0000,0.1623,0.0029,0.0235,0.2160,0.0269,0.1882,0.0059,0.2214,0.0000
1785418582.14,45,drive,1,1.75,15.0,40.713,25.24,249.99,0.0381,0.1500,0.0000,0.1403,0.0000,0.1637,0.0029,0.0220,0.2170,0.0269,0.1911,0.0034,0.2175,0.0000
1785418583.03,45,drive,0,2.0,15.0,40.713,25.24,249.99,0.0376,0.1481,0.0005,0.1417,0.0024,0.1618,0.0029,0.0166,0.2170,0.0259,0.1877,0.0049,0.2180,0.0000
1785418583.12,45,drive,1,2.0,15.0,40.713,25.24,249.99,0.0376,0.1481,0.0010,0.1442,0.0005,0.1623,0.0029,0.0225,0.2165,0.0249,0.1891,0.0029,0.2175,0.0000
1785418584.08,46,base,0,0.0,15.0,40.773,25.24,249.99,0.0420,0.1496,0.0005,0.1403,0.0015,0.1637,0.0039,0.0171,0.2146,0.0279,0.1906,0.0044,0.2185,0.0000
1785418584.17,46,base,1,0.0,15.0,40.773,25.24,249.99,0.0352,0.1500,0.0000,0.1442,0.0000,0.1642,0.0034,0.0191,0.2155,0.0288,0.1867,0.0044,0.2199,0.0000
1785418585.06,46,drive,0,0.0,15.0,40.773,25.24,249.99,0.0381,0.1496,0.0000,0.1417,0.0000,0.1632,0.0034,0.0215,0.2155,0.0269,0.1896,0.0064,0.2175,0.0000
1785418585.15,46,drive,1,0.0,15.0,40.773,25.24,249.99,0.0371,0.1491,0.0000,0.1432,0.0005,0.1632,0.0020,0.0205,0.2170,0.0249,0.1882,0.0029,0.2180,0.0000
1785418586.04,46,drive,0,0.25,15.0,40.773,25.24,249.99,0.0391,0.1452,0.0098,0.1520,0.0108,0.1540,0.0142,0.0200,0.2209,0.0274,0.1999,0.0117,0.2160,0.0137
1785418586.14,46,drive,1,0.25,15.0,40.773,25.24,249.99,0.0406,0.1500,0.0064,0.1398,0.0103,0.1672,0.0088,0.0259,0.2263,0.0293,0.1818,0.0171,0.2155,0.0073
1785418587.02,46,drive,0,0.5,15.0,40.773,25.24,249.99,0.0327,0.1471,0.0108,0.1408,0.0020,0.1623,0.0068,0.0239,0.2195,0.0269,0.1823,0.0093,0.2180,0.0078
1785418587.12,46,drive,1,0.5,15.0,40.773,25.24,249.99,0.0323,0.1452,0.0015,0.1422,0.0147,0.1652,0.0039,0.0127,0.2180,0.0279,0.1862,0.0083,0.2165,0.0127
1785418588.00,46,drive,0,0.75,15.0,40.773,25.24,249.99,0.0415,0.1452,0.0117,0.1447,0.0112,0.1588,0.0024,0.0337,0.2165,0.0298,0.1813,0.0068,0.2175,0.0073
1785418588.09,46,drive,1,0.75,15.0,40.773,25.24,249.99,0.0342,0.1549,0.0073,0.1417,0.0112,0.1667,0.0029,0.0279,0.2199,0.0249,0.1945,0.0054,0.2229,0.0152
1785418588.98,46,drive,0,1.0,15.0,40.773,25.24,249.99,0.0298,0.1554,0.0054,0.1452,0.0024,0.1613,0.0108,0.0205,0.2160,0.0181,0.1882,0.0171,0.2258,0.0005
1785418589.08,46,drive,1,1.0,15.0,40.773,25.24,249.99,0.0474,0.1505,0.0010,0.1373,0.0054,0.1657,0.0122,0.0230,0.2165,0.0352,0.1882,0.0083,0.2146,0.0093
1785418589.96,46,drive,0,1.25,15.0,40.773,25.24,249.99,0.0337,0.1535,0.0044,0.1452,0.0020,0.1681,0.0127,0.0313,0.2204,0.0249,0.1838,0.0093,0.2107,0.0073
1785418590.06,46,drive,1,1.25,15.0,40.773,25.24,249.99,0.0425,0.1432,0.0068,0.1413,0.0073,0.1540,0.0147,0.0117,0.2243,0.0142,0.2023,0.0103,0.2258,0.0034
1785418590.95,46,drive,0,1.5,15.0,40.773,25.24,249.99,0.0415,0.1510,0.0093,0.1422,0.0059,0.1716,0.0108,0.0254,0.2151,0.0269,0.1867,0.0083,0.2146,0.0054
1785418591.04,46,drive,1,1.5,15.0,40.773,25.24,249.99,0.0440,0.1447,0.0054,0.1393,0.0186,0.1632,0.0010,0.0176,0.2224,0.0274,0.1891,0.0083,0.2165,0.0044
1785418591.93,46,drive,0,1.75,15.0,40.773,25.24,249.99,0.0367,0.1505,0.0049,0.1378,0.0049,0.1579,0.0117,0.0225,0.2190,0.0274,0.1877,0.0152,0.2155,0.0054
1785418592.02,46,drive,1,1.75,15.0,40.773,25.24,249.99,0.0352,0.1427,0.0064,0.1442,0.0034,0.1662,0.0108,0.0181,0.2131,0.0279,0.1960,0.0078,0.2219,0.0039
1785418592.91,46,drive,0,2.0,15.0,40.773,25.24,249.99,0.0313,0.1491,0.0059,0.1471,0.0064,0.1544,0.0103,0.0181,0.2195,0.0323,0.1975,0.0112,0.2175,0.0024
1785418593.01,46,drive,1,2.0,15.0,40.773,25.24,249.99,0.0381,0.1549,0.0044,0.1398,0.0078,0.1647,0.0127,0.0161,0.2180,0.0259,0.1828,0.0083,0.2195,0.0024
1785418593.97,47,base,0,0.0,15.0,40.753,25.24,249.99,0.0371,0.1491,0.0020,0.1471,0.0098,0.1613,0.0054,0.0210,0.2131,0.0269,0.1877,0.0093,0.2116,0.0024
1785418594.06,47,base,1,0.0,15.0,40.753,25.24,249.99,0.0450,0.1481,0.0005,0.1339,0.0142,0.1706,0.0112,0.0239,0.2195,0.0323,0.1843,0.0049,0.2199,0.0029
1785418594.95,47,drive,0,0.0,15.0,40.753,25.24,249.99,0.0430,0.1359,0.0176,0.1530,0.0054,0.1559,0.0166,0.0318,0.2004,0.0376,0.1891,0.0156,0.1999,0.0132
1785418595.04,47,drive,1,0.0,15.0,40.753,25.24,249.99,0.0474,0.1442,0.0083,0.1471,0.0098,0.1672,0.0112,0.0298,0.2165,0.0308,0.1813,0.0249,0.2219,0.0049
1785418595.93,47,drive,0,0.25,15.0,40.753,25.24,249.99,0.0391,0.1471,0.0112,0.1628,0.0103,0.1515,0.0225,0.0215,0.2253,0.0239,0.1921,0.0127,0.2160,0.0024
1785418596.02,47,drive,1,0.25,15.0,40.753,25.24,249.99,0.0455,0.1329,0.0112,0.1422,0.0093,0.1652,0.0332,0.0347,0.2063,0.0327,0.1911,0.0049,0.2151,0.0108
1785418596.91,47,drive,0,0.5,15.0,40.753,25.24,249.99,0.0337,0.1417,0.0064,0.1500,0.0112,0.1652,0.0083,0.0264,0.2263,0.0283,0.1843,0.0073,0.2204,0.0098
1785418597.01,47,drive,1,0.5,15.0,40.753,25.24,249.99,0.0396,0.1471,0.0054,0.1447,0.0029,0.1608,0.0132,0.0259,0.2195,0.0327,0.1857,0.0112,0.2151,0.0054
1785418597.89,47,drive,0,0.75,15.0,40.753,25.24,249.99,0.0381,0.1442,0.0088,0.1505,0.0005,0.1691,0.0098,0.0264,0.2131,0.0254,0.1857,0.0225,0.2204,0.0078
1785418597.99,47,drive,1,0.75,15.0,40.753,25.24,249.99,0.0332,0.1349,0.0005,0.1530,0.0054,0.1691,0.0161,0.0161,0.2204,0.0225,0.1867,0.0044,0.2307,0.0000
1785418598.88,47,drive,0,1.0,15.0,40.753,25.24,249.99,0.0425,0.1505,0.0112,0.1496,0.0005,0.1701,0.0093,0.0259,0.2033,0.0239,0.1926,0.0117,0.2204,0.0015
1785418598.97,47,drive,1,1.0,15.0,40.753,25.24,249.99,0.0342,0.1417,0.0103,0.1422,0.0205,0.1672,0.0020,0.0367,0.2141,0.0313,0.1764,0.0088,0.2229,0.0117
1785418599.86,47,drive,0,1.25,15.0,40.753,25.24,249.99,0.0440,0.1452,0.0049,0.1349,0.0024,0.1657,0.0152,0.0225,0.2058,0.0386,0.1848,0.0249,0.2243,0.0000
1785418599.95,47,drive,1,1.25,15.0,40.753,25.24,249.99,0.0376,0.1496,0.0068,0.1447,0.0186,0.1598,0.0078,0.0259,0.2155,0.0367,0.1896,0.0127,0.2038,0.0108
1785418600.84,47,drive,0,1.5,15.0,40.753,25.24,249.99,0.0406,0.1486,0.0015,0.1466,0.0020,0.1711,0.0191,0.0200,0.2185,0.0327,0.1970,0.0093,0.2214,0.0010
1785418600.93,47,drive,1,1.5,15.0,40.753,25.24,249.99,0.0288,0.1510,0.0122,0.1471,0.0166,0.1637,0.0108,0.0347,0.2283,0.0239,0.1852,0.0098,0.2121,0.0137
1785418601.82,47,drive,0,1.75,15.0,40.753,25.24,249.99,0.0357,0.1417,0.0015,0.1344,0.0010,0.1632,0.0112,0.0239,0.2151,0.0293,0.1852,0.0147,0.2170,0.0000
1785418601.91,47,drive,1,1.75,15.0,40.753,25.24,249.99,0.0323,0.1476,0.0059,0.1437,0.0024,0.1603,0.0068,0.0210,0.2239,0.0264,0.1872,0.0088,0.2175,0.0073
1785418602.80,47,drive,0,2.0,15.0,40.753,25.24,249.99,0.0327,0.1471,0.0117,0.1457,0.0010,0.1652,0.0088,0.0186,0.2165,0.0293,0.1916,0.0093,0.2165,0.0196
1785418602.90,47,drive,1,2.0,15.0,40.753,25.24,249.99,0.0347,0.1496,0.0147,0.1427,0.0000,0.1740,0.0083,0.0220,0.2141,0.0259,0.1896,0.0083,0.2185,0.0112
1785418603.85,48,base,0,0.0,15.0,40.733,25.24,249.99,0.0352,0.1486,0.0034,0.1515,0.0034,0.1598,0.0073,0.0186,0.2234,0.0269,0.1887,0.0186,0.2214,0.0029
1785418603.95,48,base,1,0.0,15.0,40.733,25.24,249.99,0.0386,0.1393,0.0049,0.1447,0.0171,0.1642,0.0029,0.0376,0.2209,0.0308,0.1750,0.0068,0.2204,0.0108
1785418604.83,48,drive,0,0.0,15.0,40.733,25.24,249.99,0.0411,0.1422,0.0005,0.1413,0.0078,0.1618,0.0093,0.0225,0.2141,0.0479,0.1882,0.0059,0.2199,0.0015
1785418604.92,48,drive,1,0.0,15.0,40.733,25.24,249.99,0.0376,0.1500,0.0010,0.1364,0.0127,0.1632,0.0132,0.0176,0.2175,0.0342,0.1833,0.0039,0.2111,0.0015
1785418605.81,48,drive,0,0.25,15.0,40.733,25.24,249.99,0.0352,0.1486,0.0000,0.1442,0.0000,0.1618,0.0020,0.0220,0.2160,0.0254,0.1921,0.0034,0.2199,0.0000
1785418605.91,48,drive,1,0.25,15.0,40.733,25.24,249.99,0.0347,0.1496,0.0000,0.1427,0.0000,0.1637,0.0039,0.0220,0.2185,0.0264,0.1877,0.0034,0.2204,0.0000
1785418606.80,48,drive,0,0.5,15.0,40.733,25.24,249.99,0.0376,0.1471,0.0005,0.1437,0.0000,0.1623,0.0005,0.0176,0.2175,0.0259,0.1926,0.0029,0.2180,0.0005
1785418606.89,48,drive,1,0.5,15.0,40.733,25.24,249.99,0.0371,0.1481,0.0000,0.1466,0.0000,0.1647,0.0024,0.0156,0.2160,0.0259,0.1945,0.0024,0.2214,0.0005
1785418607.78,48,drive,0,0.75,15.0,40.733,25.24,249.99,0.0396,0.1491,0.0010,0.1466,0.0000,0.1623,0.0020,0.0108,0.2190,0.0230,0.1970,0.0034,0.2224,0.0000
1785418607.88,48,drive,1,0.75,15.0,40.733,25.24,249.99,0.0367,0.1510,0.0005,0.1461,0.0000,0.1618,0.0010,0.0117,0.2136,0.0215,0.2004,0.0024,0.2199,0.0010
1785418608.76,48,drive,0,1.0,15.0,40.733,25.24,249.99,0.0406,0.1535,0.0005,0.1471,0.0000,0.1676,0.0010,0.0029,0.2160,0.0215,0.2097,0.0015,0.2209,0.0000
1785418608.86,48,drive,1,1.0,15.0,40.733,25.24,249.99,0.0259,0.1158,0.0000,0.1139,0.0020,0.1373,0.0000,0.0044,0.1872,0.0127,0.1764,0.0029,0.1945,0.0005
1785418609.74,48,drive,0,1.25,15.0,40.733,25.24,249.99,0.0371,0.1476,0.0000,0.1432,0.0000,0.1584,0.0010,0.0034,0.2121,0.0156,0.2053,0.0034,0.2165,0.0000
1785418609.84,48,drive,1,1.25,15.0,40.733,25.24,249.99,0.0376,0.1476,0.0005,0.1413,0.0005,0.1608,0.0010,0.0015,0.2116,0.0166,0.2097,0.0039,0.2180,0.0000
1785418610.72,48,drive,0,1.5,15.0,40.733,25.24,249.99,0.0371,0.1457,0.0005,0.1422,0.0005,0.1613,0.0000,0.0005,0.2072,0.0112,0.2126,0.0010,0.2165,0.0000
1785418610.82,48,drive,1,1.5,15.0,40.733,25.24,249.99,0.0396,0.1481,0.0000,0.1432,0.0000,0.1574,0.0000,0.0005,0.2028,0.0137,0.2180,0.0020,0.2180,0.0000
1785418611.71,48,drive,0,1.75,15.0,40.733,25.24,249.99,0.0371,0.1510,0.0000,0.1408,0.0000,0.1593,0.0005,0.0010,0.1916,0.0044,0.2224,0.0010,0.2111,0.0005
1785418611.80,48,drive,1,1.75,15.0,40.733,25.24,249.99,0.0357,0.1530,0.0000,0.1403,0.0000,0.1588,0.0000,0.0000,0.1926,0.0059,0.2199,0.0000,0.2160,0.0000
1785418612.69,48,drive,0,2.0,15.0,40.733,25.24,249.99,0.0415,0.1637,0.0108,0.1408,0.0137,0.1662,0.0098,0.0064,0.1891,0.0073,0.2243,0.0117,0.2185,0.0049
1785418612.78,48,drive,1,2.0,15.0,40.733,25.24,249.99,0.0357,0.1535,0.0088,0.1466,0.0054,0.1672,0.0117,0.0103,0.1848,0.0166,0.2336,0.0112,0.2165,0.0137
1785418613.74,49,base,0,0.0,15.0,40.713,25.24,249.99,0.0386,0.1491,0.0005,0.1442,0.0044,0.1637,0.0176,0.0210,0.2136,0.0288,0.1818,0.0103,0.2126,0.0010
1785418613.84,49,base,1,0.0,15.0,40.713,25.24,249.99,0.0386,0.1437,0.0005,0.1364,0.0093,0.1618,0.0103,0.0210,0.2136,0.0401,0.1857,0.0039,0.2087,0.0000
1785418614.72,49,drive,0,0.0,15.0,40.713,25.24,249.99,0.0430,0.1437,0.0010,0.1354,0.0132,0.1642,0.0161,0.0249,0.2160,0.0376,0.1808,0.0064,0.2243,0.0015
1785418614.82,49,drive,1,0.0,15.0,40.713,25.24,249.99,0.0323,0.1466,0.0015,0.1637,0.0010,0.1569,0.0073,0.0196,0.2219,0.0313,0.1916,0.0103,0.2278,0.0000
1785418615.70,49,drive,0,0.25,15.0,40.713,25.24,249.99,0.0381,0.1496,0.0064,0.1447,0.0112,0.1564,0.0078,0.0254,0.2175,0.0283,0.1926,0.0191,0.2199,0.0029
1785418615.80,49,drive,1,0.25,15.0,40.713,25.24,249.99,0.0342,0.1593,0.0034,0.1476,0.0064,0.1652,0.0142,0.0215,0.2160,0.0225,0.1862,0.0039,0.2175,0.0112
1785418616.68,49,drive,0,0.5,15.0,40.713,25.24,249.99,0.0406,0.1608,0.0020,0.1432,0.0029,0.1711,0.0064,0.0210,0.2151,0.0313,0.1828,0.0098,0.2248,0.0068
1785418616.78,49,drive,1,0.5,15.0,40.713,25.24,249.99,0.0327,0.1466,0.0117,0.1544,0.0078,0.1696,0.0064,0.0186,0.2146,0.0367,0.1872,0.0078,0.2097,0.0064
1785418617.67,49,drive,0,0.75,15.0,40.713,25.24,249.99,0.0474,0.1427,0.0176,0.1559,0.0083,0.1549,0.0220,0.0367,0.2121,0.0391,0.1935,0.0176,0.2175,0.0122
1785418617.76,49,drive,1,0.75,15.0,40.713,25.24,249.99,0.0357,0.1466,0.0064,0.1437,0.0196,0.1510,0.0318,0.0274,0.2155,0.0411,0.2141,0.0215,0.2072,0.0156
1785418618.65,49,drive,0,1.0,15.0,40.713,25.24,249.99,0.0430,0.1437,0.0191,0.1457,0.0127,0.1623,0.0073,0.0396,0.2234,0.0469,0.2063,0.0112,0.2248,0.0191
1785418618.74,49,drive,1,1.0,15.0,40.713,25.24,249.99,0.0327,0.1520,0.0049,0.1486,0.0279,0.1628,0.0088,0.0230,0.2263,0.0401,0.1950,0.0088,0.2219,0.0156
1785418619.63,49,drive,0,1.25,15.0,40.713,25.24,249.99,0.0396,0.1496,0.0054,0.1393,0.0078,0.1593,0.0098,0.0225,0.2239,0.0425,0.2136,0.0161,0.2219,0.0034
1785418619.72,49,drive,1,1.25,15.0,40.713,25.24,249.99,0.0332,0.1422,0.0039,0.1437,0.0015,0.1515,0.0108,0.0225,0.2351,0.0445,0.2048,0.0064,0.2263,0.0068
1785418620.61,49,drive,0,1.5,15.0,40.713,25.24,249.99,0.0440,0.1491,0.0039,0.1422,0.0039,0.1535,0.0117,0.0166,0.2268,0.0479,0.2170,0.0068,0.2141,0.0064
1785418620.71,49,drive,1,1.5,15.0,40.713,25.24,249.99,0.0371,0.1505,0.0103,0.1383,0.0117,0.1261,0.0191,0.0239,0.2322,0.0523,0.2033,0.0132,0.2136,0.0088
1785418621.59,49,drive,0,1.75,15.0,40.713,25.24,249.99,0.0376,0.1588,0.0068,0.1383,0.0088,0.1325,0.0205,0.0137,0.2302,0.0459,0.2258,0.0127,0.2214,0.0020
1785418621.69,49,drive,1,1.75,15.0,40.713,25.24,249.99,0.0415,0.1417,0.0137,0.1393,0.0088,0.1285,0.0132,0.0181,0.2165,0.0621,0.2141,0.0093,0.2234,0.0078
1785418622.57,49,drive,0,2.0,15.0,40.713,25.24,249.99,0.0474,0.1481,0.0044,0.1290,0.0083,0.1413,0.0137,0.0152,0.2111,0.0596,0.2253,0.0166,0.2307,0.0059
1785418622.67,49,drive,1,2.0,15.0,40.713,25.24,249.99,0.0479,0.1452,0.0117,0.1251,0.0103,0.1398,0.0205,0.0171,0.2087,0.0601,0.2175,0.0122,0.2195,0.0034
1785418623.63,50,base,0,0.0,15.0,40.753,25.23,249.99,0.0362,0.1393,0.0054,0.1349,0.0078,0.1584,0.0166,0.0254,0.2234,0.0308,0.1882,0.0093,0.2014,0.0044
1785418623.72,50,base,1,0.0,15.0,40.753,25.23,249.99,0.0420,0.1466,0.0039,0.1413,0.0049,0.1642,0.0117,0.0342,0.2204,0.0327,0.1852,0.0059,0.2190,0.0034
1785418624.61,50,drive,0,0.0,15.0,40.753,25.23,249.99,0.0396,0.1491,0.0064,0.1427,0.0024,0.1681,0.0112,0.0147,0.2151,0.0406,0.1935,0.0112,0.2199,0.0083
1785418624.71,50,drive,1,0.0,15.0,40.753,25.23,249.99,0.0479,0.1579,0.0039,0.1496,0.0039,0.1755,0.0039,0.0210,0.2214,0.0230,0.1970,0.0083,0.2175,0.0098
1785418625.59,50,drive,0,0.25,15.0,40.753,25.23,249.99,0.0401,0.1496,0.0127,0.1452,0.0064,0.1540,0.0103,0.0235,0.2243,0.0298,0.1916,0.0161,0.2111,0.0112
1785418625.69,50,drive,1,0.25,15.0,40.753,25.23,249.99,0.0371,0.1398,0.0059,0.1383,0.0088,0.1642,0.0152,0.0318,0.2131,0.0362,0.1818,0.0171,0.2146,0.0015
1785418626.58,50,drive,0,0.5,15.0,40.753,25.23,249.99,0.0430,0.1559,0.0088,0.1364,0.0088,0.1696,0.0210,0.0191,0.2219,0.0367,0.1940,0.0196,0.2283,0.0059
1785418626.67,50,drive,1,0.5,15.0,40.753,25.23,249.99,0.0435,0.1491,0.0064,0.1413,0.0132,0.1564,0.0152,0.0420,0.2234,0.0230,0.1984,0.0132,0.2170,0.0147
1785418627.56,50,drive,0,0.75,15.0,40.753,25.23,249.99,0.0323,0.1437,0.0054,0.1554,0.0103,0.1676,0.0156,0.0176,0.2180,0.0147,0.1862,0.0064,0.2239,0.0088
1785418627.65,50,drive,1,0.75,15.0,40.753,25.23,249.99,0.0391,0.1398,0.0083,0.1466,0.0103,0.1657,0.0098,0.0259,0.2151,0.0200,0.1891,0.0103,0.2136,0.0073
1785418628.54,50,drive,0,1.0,15.0,40.753,25.23,249.99,0.0332,0.1496,0.0073,0.1432,0.0039,0.1686,0.0127,0.0220,0.2199,0.0161,0.1935,0.0166,0.2199,0.0054
1785418628.63,50,drive,1,1.0,15.0,40.753,25.23,249.99,0.0386,0.1486,0.0020,0.1535,0.0152,0.1657,0.0196,0.0264,0.2190,0.0181,0.1794,0.0054,0.2209,0.0029
1785418629.52,50,drive,0,1.25,15.0,40.753,25.23,249.99,0.0381,0.1466,0.0083,0.1457,0.0137,0.1701,0.0093,0.0244,0.2195,0.0147,0.1896,0.0142,0.2234,0.0083
1785418629.61,50,drive,1,1.25,15.0,40.753,25.23,249.99,0.0386,0.1549,0.0103,0.1481,0.0098,0.1623,0.0088,0.0239,0.2229,0.0093,0.1921,0.0161,0.2053,0.0103
1785418630.50,50,drive,0,1.5,15.0,40.753,25.23,249.99,0.0371,0.1388,0.0059,0.1579,0.0156,0.1608,0.0171,0.0220,0.2185,0.0132,0.1911,0.0083,0.2190,0.0078
1785418630.60,50,drive,1,1.5,15.0,40.753,25.23,249.99,0.0367,0.1476,0.0049,0.1559,0.0127,0.1667,0.0103,0.0259,0.2273,0.0093,0.1857,0.0122,0.2248,0.0083
1785418631.48,50,drive,0,1.75,15.0,40.753,25.23,249.99,0.0459,0.1706,0.0078,0.1774,0.0049,0.1823,0.0279,0.0220,0.2322,0.0137,0.2023,0.0068,0.2307,0.0064
1785418631.58,50,drive,1,1.75,15.0,40.753,25.23,249.99,0.0484,0.1588,0.0010,0.1681,0.0196,0.1725,0.0298,0.0205,0.2234,0.0152,0.1935,0.0093,0.2151,0.0054
1785418632.47,50,drive,0,2.0,15.0,40.753,25.23,249.99,0.0474,0.1672,0.0098,0.1779,0.0108,0.1623,0.0298,0.0249,0.2341,0.0137,0.1867,0.0098,0.2248,0.0078
1785418632.56,50,drive,1,2.0,15.0,40.753,25.23,249.99,0.0450,0.1652,0.0073,0.1672,0.0156,0.1735,0.0318,0.0283,0.2273,0.0171,0.1960,0.0064,0.2165,0.0034
1785418633.52,51,base,0,0.0,15.0,40.713,25.23,249.99,0.0425,0.1667,0.0005,0.1632,0.0083,0.1735,0.0142,0.0166,0.2248,0.0244,0.1970,0.0132,0.2341,0.0024
1785418633.61,51,base,1,0.0,15.0,40.713,25.23,249.99,0.0406,0.1642,0.0103,0.1564,0.0000,0.1662,0.0127,0.0274,0.2322,0.0342,0.1999,0.0112,0.2268,0.0108
1785418634.50,51,drive,0,0.0,15.0,40.713,25.23,249.99,0.0371,0.1632,0.0108,0.1544,0.0054,0.1750,0.0064,0.0288,0.2317,0.0362,0.1984,0.0093,0.2287,0.0083
1785418634.60,51,drive,1,0.0,15.0,40.713,25.23,249.99,0.0318,0.1667,0.0044,0.1579,0.0064,0.1764,0.0152,0.0205,0.2297,0.0298,0.1979,0.0083,0.2292,0.0059
1785418635.48,51,drive,0,0.25,15.0,40.713,25.23,249.99,0.0332,0.1628,0.0044,0.1515,0.0059,0.1760,0.0108,0.0235,0.2283,0.0279,0.2028,0.0108,0.2287,0.0093
1785418635.57,51,drive,1,0.25,15.0,40.713,25.23,249.99,0.0464,0.1510,0.0039,0.1593,0.0049,0.1750,0.0137,0.0264,0.2302,0.0396,0.2014,0.0103,0.2268,0.0010
1785418636.46,51,drive,0,0.5,15.0,40.713,25.23,249.99,0.0440,0.1505,0.0044,0.1535,0.0112,0.1652,0.0088,0.0259,0.2312,0.0323,0.2063,0.0103,0.2297,0.0020
1785418636.56,51,drive,1,0.5,15.0,40.713,25.23,249.99,0.0323,0.1564,0.0108,0.1618,0.0117,0.1755,0.0088,0.0288,0.2170,0.0362,0.2028,0.0166,0.2111,0.0059
1785418637.45,51,drive,0,0.75,15.0,40.713,25.23,249.99,0.0425,0.1603,0.0010,0.1623,0.0059,0.1745,0.0108,0.0332,0.2307,0.0308,0.2014,0.0083,0.2366,0.0010
1785418637.54,51,drive,1,0.75,15.0,40.713,25.23,249.99,0.0469,0.1696,0.0024,0.1579,0.0064,0.1720,0.0054,0.0293,0.2312,0.0327,0.1999,0.0088,0.2326,0.0117
1785418638.43,51,drive,0,1.0,15.0,40.713,25.23,249.99,0.0425,0.1657,0.0000,0.1574,0.0142,0.1760,0.0112,0.0200,0.2317,0.0396,0.1979,0.0083,0.2160,0.0020
1785418638.52,51,drive,1,1.0,15.0,40.713,25.23,249.99,0.0396,0.1657,0.0073,0.1569,0.0000,0.1667,0.0142,0.0220,0.2287,0.0279,0.1979,0.0259,0.2278,0.0010
1785418639.41,51,drive,0,1.25,15.0,40.713,25.23,249.99,0.0533,0.1657,0.0020,0.1544,0.0010,0.1896,0.0020,0.0259,0.2229,0.0288,0.2019,0.0152,0.2307,0.0039
1785418639.50,51,drive,1,1.25,15.0,40.713,25.23,249.99,0.0489,0.1603,0.0112,0.1628,0.0005,0.1672,0.0049,0.0235,0.2258,0.0303,0.2014,0.0122,0.2297,0.0083
1785418640.39,51,drive,0,1.5,15.0,40.713,25.23,249.99,0.0513,0.1623,0.0024,0.1628,0.0005,0.1720,0.0098,0.0235,0.2287,0.0347,0.2019,0.0288,0.2302,0.0000
1785418640.48,51,drive,1,1.5,15.0,40.713,25.23,249.99,0.0494,0.1593,0.0024,0.1525,0.0020,0.1735,0.0112,0.0230,0.2278,0.0386,0.1999,0.0327,0.2312,0.0010
1785418641.37,51,drive,0,1.75,15.0,40.713,25.23,249.99,0.0518,0.1564,0.0078,0.1579,0.0230,0.1628,0.0313,0.0337,0.2297,0.0401,0.1984,0.0186,0.2053,0.0064
1785418641.46,51,drive,1,1.75,15.0,40.713,25.23,249.99,0.0367,0.1672,0.0220,0.1569,0.0235,0.1657,0.0215,0.0303,0.2331,0.0327,0.2141,0.0068,0.2243,0.0259
1785418642.35,51,drive,0,2.0,15.0,40.713,25.23,249.99,0.0479,0.1603,0.0166,0.1520,0.0015,0.1696,0.0044,0.0210,0.2307,0.0313,0.2023,0.0200,0.2297,0.0054
1785418642.44,51,drive,1,2.0,15.0,40.713,25.23,249.99,0.0469,0.1593,0.0161,0.1564,0.0044,0.1774,0.0034,0.0308,0.2283,0.0298,0.2004,0.0073,0.2307,0.0200
1785418643.40,52,base,0,0.0,15.0,40.773,25.23,249.99,0.0591,0.1618,0.0005,0.1549,0.0015,0.1784,0.0147,0.0205,0.2283,0.0386,0.2043,0.0191,0.2341,0.0010
1785418643.50,52,base,1,0.0,15.0,40.773,25.23,249.99,0.0381,0.1608,0.0029,0.1608,0.0010,0.1799,0.0098,0.0259,0.2204,0.0318,0.2009,0.0220,0.2322,0.0010
1785418644.39,52,drive,0,0.0,15.0,40.773,25.23,249.99,0.0411,0.1628,0.0000,0.1598,0.0015,0.1740,0.0117,0.0254,0.2317,0.0298,0.2019,0.0093,0.2253,0.0015
1785418644.48,52,drive,1,0.0,15.0,40.773,25.23,249.99,0.0440,0.1593,0.0005,0.1623,0.0005,0.1779,0.0098,0.0249,0.2297,0.0327,0.2077,0.0059,0.2351,0.0000
1785418645.37,52,drive,0,0.25,15.0,40.773,25.23,249.99,0.0396,0.1632,0.0005,0.1603,0.0049,0.1750,0.0083,0.0293,0.2273,0.0313,0.1999,0.0103,0.2292,0.0020
1785418645.46,52,drive,1,0.25,15.0,40.773,25.23,249.99,0.0425,0.1584,0.0083,0.1647,0.0044,0.1755,0.0064,0.0283,0.2258,0.0269,0.2033,0.0054,0.2307,0.0059
1785418646.35,52,drive,0,0.5,15.0,40.773,25.23,249.99,0.0411,0.1652,0.0029,0.1618,0.0054,0.1730,0.0044,0.0332,0.2307,0.0313,0.1931,0.0078,0.2312,0.0010
1785418646.44,52,drive,1,0.5,15.0,40.773,25.23,249.99,0.0401,0.1628,0.0024,0.1608,0.0029,0.1701,0.0093,0.0239,0.2302,0.0381,0.1984,0.0049,0.2268,0.0024
1785418647.33,52,drive,0,0.75,15.0,40.773,25.23,249.99,0.0401,0.1603,0.0010,0.1540,0.0044,0.1667,0.0068,0.0205,0.2302,0.0425,0.1950,0.0064,0.2253,0.0015
1785418647.43,52,drive,1,0.75,15.0,40.773,25.23,249.99,0.0459,0.1623,0.0015,0.1530,0.0088,0.1642,0.0083,0.0210,0.2326,0.0391,0.1891,0.0054,0.2273,0.0020
1785418648.31,52,drive,0,1.0,15.0,40.773,25.23,249.99,0.0469,0.1613,0.0034,0.1427,0.0054,0.1515,0.0083,0.0220,0.2336,0.0523,0.1799,0.0068,0.2317,0.0054
1785418648.41,52,drive,1,1.0,15.0,40.773,25.23,249.99,0.0459,0.1608,0.0029,0.1500,0.0098,0.1662,0.0020,0.0239,0.2239,0.0591,0.1872,0.0054,0.2258,0.0015
1785418649.29,52,drive,0,1.25,15.0,40.773,25.23,249.99,0.0489,0.1608,0.0049,0.1417,0.0112,0.1593,0.0049,0.0244,0.2273,0.0718,0.1720,0.0073,0.2248,0.0049
1785418649.39,52,drive,1,1.25,15.0,40.773,25.23,249.99,0.0528,0.1613,0.0059,0.1378,0.0020,0.1554,0.0024,0.0239,0.2253,0.0699,0.1808,0.0098,0.2302,0.0015
1785418650.28,52,drive,0,1.5,15.0,40.773,25.23,249.99,0.0450,0.1593,0.0039,0.1276,0.0112,0.1427,0.0073,0.0220,0.2195,0.1119,0.1584,0.0093,0.2258,0.0059
1785418650.37,52,drive,1,1.5,15.0,40.773,25.23,249.99,0.0523,0.1579,0.0015,0.1276,0.0166,0.1486,0.0054,0.0244,0.2278,0.1095,0.1608,0.0078,0.2224,0.0034
1785418651.26,52,drive,0,1.75,15.0,40.773,25.23,249.99,0.0425,0.1574,0.0020,0.1070,0.0103,0.1403,0.0112,0.0244,0.2297,0.1637,0.1588,0.0117,0.2263,0.0029
1785418651.35,52,drive,1,1.75,15.0,40.773,25.23,249.99,0.0459,0.1584,0.0034,0.1114,0.0142,0.1373,0.0064,0.0244,0.2268,0.1642,0.1618,0.0098,0.2317,0.0024
1785418652.24,52,drive,0,2.0,15.0,40.773,25.23,249.99,0.0420,0.1588,0.0024,0.0997,0.0176,0.1378,0.0117,0.0274,0.2302,0.1867,0.1657,0.0088,0.2312,0.0054
1785418652.33,52,drive,1,2.0,15.0,40.773,25.23,249.99,0.0440,0.1603,0.0112,0.1075,0.0147,0.1359,0.0093,0.0269,0.2263,0.1813,0.1662,0.0108,0.2297,0.0039
1785418653.30,53,base,0,0.0,15.0,40.713,25.23,249.98,0.0450,0.1564,0.0064,0.1618,0.0029,0.1720,0.0029,0.0293,0.2224,0.0323,0.2004,0.0078,0.2287,0.0059
1785418653.39,53,base,1,0.0,15.0,40.713,25.23,249.98,0.0440,0.1564,0.0010,0.1603,0.0049,0.1799,0.0059,0.0249,0.2292,0.0313,0.2009,0.0073,0.2385,0.0015
1785418654.28,53,drive,0,0.0,15.0,40.713,25.23,249.98,0.0435,0.1579,0.0029,0.1584,0.0015,0.1760,0.0103,0.0230,0.2336,0.0357,0.1999,0.0132,0.2302,0.0000
1785418654.37,53,drive,1,0.0,15.0,40.713,25.23,249.98,0.0425,0.1618,0.0068,0.1603,0.0015,0.1691,0.0054,0.0259,0.2356,0.0308,0.2028,0.0127,0.2297,0.0137
1785418655.26,53,drive,0,0.25,15.0,40.713,25.23,249.98,0.0425,0.1618,0.0249,0.1613,0.0020,0.1701,0.0054,0.0230,0.2273,0.0337,0.1999,0.0132,0.2283,0.0259
1785418655.35,53,drive,1,0.25,15.0,40.713,25.23,249.98,0.0401,0.1647,0.0044,0.1579,0.0137,0.1755,0.0054,0.0303,0.2253,0.0298,0.2097,0.0059,0.2278,0.0049
1785418656.24,53,drive,0,0.5,15.0,40.713,25.23,249.98,0.0440,0.1691,0.0064,0.1608,0.0156,0.1755,0.0044,0.0259,0.2253,0.0313,0.2067,0.0103,0.2317,0.0064
1785418656.33,53,drive,1,0.5,15.0,40.713,25.23,249.98,0.0371,0.1603,0.0186,0.1623,0.0000,0.1774,0.0093,0.0239,0.2219,0.0298,0.2048,0.0142,0.2292,0.0093
1785418657.22,53,drive,0,0.75,15.0,40.713,25.23,249.98,0.0445,0.1647,0.0039,0.1642,0.0225,0.1799,0.0093,0.0303,0.2278,0.0220,0.2185,0.0098,0.2326,0.0127
1785418657.31,53,drive,1,0.75,15.0,40.713,25.23,249.98,0.0440,0.1608,0.0000,0.1637,0.0000,0.1823,0.0083,0.0239,0.2273,0.0264,0.2131,0.0049,0.2292,0.0010
1785418658.20,53,drive,0,1.0,15.0,40.713,25.23,249.98,0.0440,0.1608,0.0005,0.1701,0.0010,0.1857,0.0117,0.0235,0.2278,0.0200,0.2141,0.0103,0.2297,0.0000
1785418658.29,53,drive,1,1.0,15.0,40.713,25.23,249.98,0.0445,0.1613,0.0005,0.1701,0.0000,0.1852,0.0112,0.0225,0.2302,0.0181,0.2146,0.0088,0.2312,0.0000
1785418659.18,53,drive,0,1.25,15.0,40.713,25.23,249.98,0.0425,0.1628,0.0005,0.1750,0.0015,0.1838,0.0191,0.0220,0.2278,0.0161,0.2214,0.0083,0.2312,0.0000
1785418659.27,53,drive,1,1.25,15.0,40.713,25.23,249.98,0.0430,0.1657,0.0005,0.1750,0.0000,0.1882,0.0186,0.0215,0.2302,0.0137,0.2180,0.0088,0.2317,0.0010
1785418660.16,53,drive,0,1.5,15.0,40.713,25.23,249.98,0.0445,0.1623,0.0005,0.1848,0.0034,0.1916,0.0327,0.0186,0.2302,0.0064,0.2278,0.0068,0.2302,0.0000
1785418660.25,53,drive,1,1.5,15.0,40.713,25.23,249.98,0.0445,0.1652,0.0000,0.1823,0.0020,0.1935,0.0327,0.0200,0.2312,0.0083,0.2278,0.0098,0.2287,0.0010
1785418661.14,53,drive,0,1.75,15.0,40.713,25.23,249.98,0.0450,0.1667,0.0000,0.1896,0.0103,0.2004,0.0523,0.0166,0.2292,0.0029,0.2326,0.0083,0.2273,0.0000
1785418661.23,53,drive,1,1.75,15.0,40.713,25.23,249.98,0.0464,0.1647,0.0005,0.1896,0.0083,0.1989,0.0499,0.0181,0.2302,0.0034,0.2302,0.0073,0.2302,0.0000
1785418662.12,53,drive,0,2.0,15.0,40.713,25.23,249.98,0.0445,0.1642,0.0010,0.1965,0.0132,0.1999,0.0630,0.0156,0.2283,0.0020,0.2312,0.0093,0.2239,0.0000
1785418662.22,53,drive,1,2.0,15.0,40.713,25.23,249.98,0.0435,0.1662,0.0015,0.1970,0.0161,0.1970,0.0684,0.0176,0.2258,0.0024,0.2341,0.0078,0.2258,0.0000
1785418663.19,54,base,0,0.0,15.0,40.673,25.23,249.98,0.0435,0.1632,0.0000,0.1588,0.0000,0.1730,0.0044,0.0230,0.2268,0.0357,0.2004,0.0039,0.2302,0.0000
1785418663.28,54,base,1,0.0,15.0,40.673,25.23,249.98,0.0420,0.1632,0.0000,0.1579,0.0000,0.1769,0.0029,0.0249,0.2292,0.0308,0.2014,0.0078,0.2283,0.0005
1785418664.17,54,drive,0,0.0,15.0,40.673,25.23,249.98,0.0445,0.1647,0.0010,0.1584,0.0000,0.1750,0.0039,0.0244,0.2248,0.0308,0.1989,0.0054,0.2273,0.0005
1785418664.26,54,drive,1,0.0,15.0,40.673,25.23,249.98,0.0464,0.1637,0.0000,0.1574,0.0005,0.1730,0.0044,0.0249,0.2268,0.0323,0.2023,0.0054,0.2292,0.0005
1785418665.15,54,drive,0,0.25,15.0,40.673,25.23,249.98,0.0450,0.1593,0.0000,0.1564,0.0000,0.1755,0.0024,0.0205,0.2292,0.0332,0.1989,0.0064,0.2283,0.0005
1785418665.24,54,drive,1,0.25,15.0,40.673,25.23,249.98,0.0450,0.1618,0.0000,0.1569,0.0000,0.1760,0.0024,0.0239,0.2258,0.0337,0.2009,0.0054,0.2273,0.0000
1785418666.13,54,drive,0,0.5,15.0,40.673,25.23,249.98,0.0440,0.1632,0.0005,0.1603,0.0005,0.1740,0.0024,0.0235,0.2287,0.0352,0.2009,0.0049,0.2287,0.0000
1785418666.22,54,drive,1,0.5,15.0,40.673,25.23,249.98,0.0445,0.1608,0.0000,0.1603,0.0010,0.1701,0.0044,0.0235,0.2268,0.0303,0.2028,0.0049,0.2273,0.0000
1785418667.11,54,drive,0,0.75,15.0,40.673,25.23,249.98,0.0455,0.1593,0.0005,0.1608,0.0000,0.1720,0.0034,0.0186,0.2278,0.0357,0.2033,0.0039,0.2283,0.0000
1785418667.20,54,drive,1,0.75,15.0,40.673,25.23,249.98,0.0425,0.1618,0.0000,0.1588,0.0005,0.1730,0.0029,0.0225,0.2287,0.0337,0.2048,0.0044,0.2283,0.0005
1785418668.09,54,drive,0,1.0,15.0,40.673,25.23,249.98,0.0484,0.1559,0.0088,0.1740,0.0122,0.1579,0.0132,0.0293,0.2239,0.0376,0.2248,0.0098,0.2170,0.0103
1785418668.18,54,drive,1,1.0,15.0,40.673,25.23,249.98,0.0469,0.1720,0.0068,0.1447,0.0156,0.1760,0.0093,0.0166,0.2375,0.0357,0.1970,0.0244,0.2317,0.0068
1785418669.07,54,drive,0,1.25,15.0,40.673,25.23,249.98,0.0508,0.1628,0.0117,0.1632,0.0010,0.1593,0.0049,0.0122,0.2248,0.0376,0.2131,0.0225,0.2287,0.0024
1785418669.16,54,drive,1,1.25,15.0,40.673,25.23,249.98,0.0411,0.1613,0.0166,0.1637,0.0024,0.1637,0.0064,0.0191,0.2307,0.0386,0.2155,0.0112,0.2263,0.0112
1785418670.05,54,drive,0,1.5,15.0,40.673,25.23,249.98,0.0420,0.1584,0.0064,0.1603,0.0024,0.1730,0.0044,0.0093,0.2190,0.0411,0.2126,0.0117,0.2283,0.0029
1785418670.14,54,drive,1,1.5,15.0,40.673,25.23,249.98,0.0367,0.1672,0.0000,0.1716,0.0024,0.1657,0.0205,0.0054,0.2292,0.0308,0.2131,0.0093,0.2283,0.0005
1785418671.03,54,drive,0,1.75,15.0,40.673,25.23,249.98,0.0459,0.1608,0.0000,0.1701,0.0098,0.1667,0.0049,0.0137,0.2214,0.0430,0.2146,0.0064,0.2312,0.0020
1785418671.13,54,drive,1,1.75,15.0,40.673,25.23,249.98,0.0464,0.1593,0.0064,0.1632,0.0117,0.1588,0.0024,0.0088,0.2209,0.0381,0.2116,0.0044,0.2239,0.0117
1785418672.02,54,drive,0,2.0,15.0,40.673,25.23,249.98,0.0415,0.1637,0.0049,0.1740,0.0078,0.1701,0.0059,0.0147,0.2141,0.0318,0.2180,0.0103,0.2292,0.0049
1785418672.11,54,drive,1,2.0,15.0,40.673,25.23,249.98,0.0513,0.1672,0.0010,0.1681,0.0039,0.1637,0.0049,0.0073,0.2170,0.0352,0.2239,0.0093,0.2253,0.0044
1785418673.07,55,base,0,0.0,15.0,40.773,25.23,249.98,0.0513,0.1540,0.0044,0.1584,0.0068,0.1774,0.0117,0.0303,0.2243,0.0362,0.2087,0.0083,0.2356,0.0029
1785418673.16,55,base,1,0.0,15.0,40.773,25.23,249.98,0.0494,0.1657,0.0117,0.1637,0.0044,0.1745,0.0064,0.0225,0.2278,0.0308,0.1921,0.0156,0.2307,0.0117
1785418674.05,55,drive,0,0.0,15.0,40.773,25.23,249.98,0.0469,0.1535,0.0034,0.1642,0.0098,0.1701,0.0064,0.0318,0.2312,0.0347,0.2087,0.0132,0.2312,0.0083
1785418674.14,55,drive,1,0.0,15.0,40.773,25.23,249.98,0.0450,0.1540,0.0064,0.1632,0.0054,0.1760,0.0142,0.0249,0.2283,0.0347,0.2077,0.0098,0.2204,0.0044
1785418675.03,55,drive,0,0.25,15.0,40.773,25.23,249.98,0.0406,0.1628,0.0029,0.1725,0.0044,0.1730,0.0122,0.0288,0.2263,0.0352,0.2053,0.0068,0.2297,0.0034
1785418675.13,55,drive,1,0.25,15.0,40.773,25.23,249.98,0.0435,0.1564,0.0117,0.1588,0.0147,0.1608,0.0088,0.0308,0.2307,0.0225,0.1945,0.0137,0.2336,0.0112
1785418676.01,55,drive,0,0.5,15.0,40.773,25.23,249.98,0.0484,0.1593,0.0015,0.1628,0.0068,0.1774,0.0108,0.0362,0.2258,0.0298,0.2077,0.0132,0.2258,0.0020
1785418676.11,55,drive,1,0.5,15.0,40.773,25.23,249.98,0.0313,0.1618,0.0098,0.1618,0.0000,0.1716,0.0117,0.0269,0.2239,0.0337,0.1984,0.0171,0.2317,0.0112
1785418676.99,55,drive,0,0.75,15.0,40.773,25.23,249.98,0.0450,0.1579,0.0049,0.1603,0.0049,0.1764,0.0161,0.0254,0.2214,0.0347,0.2038,0.0108,0.2229,0.0054
1785418677.09,55,drive,1,0.75,15.0,40.773,25.23,249.98,0.0357,0.1637,0.0049,0.1564,0.0049,0.1691,0.0088,0.0210,0.2331,0.0303,0.1950,0.0152,0.2302,0.0064
1785418677.97,55,drive,0,1.0,15.0,40.773,25.23,249.98,0.0367,0.1652,0.0059,0.1642,0.0039,0.1755,0.0127,0.0288,0.2317,0.0269,0.2067,0.0122,0.2248,0.0064
1785418678.07,55,drive,1,1.0,15.0,40.773,25.23,249.98,0.0459,0.1662,0.0049,0.1603,0.0034,0.1755,0.0064,0.0269,0.2322,0.0347,0.1975,0.0112,0.2268,0.0059
1785418678.96,55,drive,0,1.25,15.0,40.773,25.23,249.98,0.0425,0.1593,0.0054,0.1540,0.0034,0.1706,0.0186,0.0196,0.2307,0.0308,0.2067,0.0103,0.2292,0.0093
1785418679.05,55,drive,1,1.25,15.0,40.773,25.23,249.98,0.0445,0.1647,0.0117,0.1618,0.0054,0.1794,0.0078,0.0279,0.2190,0.0308,0.2072,0.0103,0.2322,0.0098
1785418679.93,55,drive,0,1.5,15.0,40.773,25.23,249.98,0.0445,0.1569,0.0103,0.1603,0.0064,0.1774,0.0039,0.0205,0.2263,0.0298,0.2141,0.0044,0.2351,0.0059
1785418680.03,55,drive,1,1.5,15.0,40.773,25.23,249.98,0.0435,0.1598,0.0112,0.1549,0.0010,0.1642,0.0044,0.0259,0.2380,0.0327,0.1975,0.0171,0.2283,0.0132
1785418680.92,55,drive,0,1.75,15.0,40.773,25.23,249.98,0.0474,0.1618,0.0073,0.1569,0.0010,0.1799,0.0039,0.0279,0.2224,0.0318,0.2072,0.0029,0.2297,0.0029
1785418681.01,55,drive,1,1.75,15.0,40.773,25.23,249.98,0.0401,0.1500,0.0005,0.1613,0.0015,0.1720,0.0029,0.0298,0.2273,0.0327,0.2033,0.0059,0.2297,0.0000
1785418681.90,55,drive,0,2.0,15.0,40.773,25.23,249.98,0.0411,0.1647,0.0093,0.1603,0.0098,0.1686,0.0049,0.0327,0.2258,0.0298,0.2053,0.0078,0.2292,0.0176
1785418681.99,55,drive,1,2.0,15.0,40.773,25.23,249.98,0.0415,0.1554,0.0000,0.1457,0.0005,0.1725,0.0308,0.0205,0.2283,0.0406,0.2023,0.0093,0.2195,0.0005
1785418682.96,56,base,0,0.0,15.0,40.713,25.23,249.98,0.0420,0.1613,0.0073,0.1588,0.0205,0.1720,0.0039,0.0347,0.2283,0.0313,0.2058,0.0059,0.2341,0.0093
1785418683.06,56,base,1,0.0,15.0,40.713,25.23,249.98,0.0415,0.1598,0.0020,0.1564,0.0176,0.1716,0.0166,0.0298,0.2336,0.0367,0.2004,0.0083,0.2160,0.0015
1785418683.94,56,drive,0,0.0,15.0,40.713,25.23,249.98,0.0430,0.1505,0.0005,0.1574,0.0088,0.1740,0.0034,0.0259,0.2292,0.0318,0.2009,0.0034,0.2283,0.0000
1785418684.04,56,drive,1,0.0,15.0,40.713,25.23,249.98,0.0440,0.1632,0.0000,0.1584,0.0000,0.1750,0.0024,0.0235,0.2292,0.0327,0.2028,0.0034,0.2317,0.0000
1785418684.92,56,drive,0,0.25,15.0,40.713,25.23,249.98,0.0435,0.1623,0.0005,0.1579,0.0005,0.1735,0.0024,0.0225,0.2307,0.0298,0.1994,0.0049,0.2278,0.0000
1785418685.02,56,drive,1,0.25,15.0,40.713,25.23,249.98,0.0435,0.1657,0.0000,0.1579,0.0000,0.1764,0.0029,0.0230,0.2283,0.0298,0.2009,0.0064,0.2302,0.0000
1785418685.90,56,drive,0,0.5,15.0,40.713,25.23,249.98,0.0435,0.1628,0.0000,0.1598,0.0000,0.1764,0.0034,0.0254,0.2243,0.0323,0.2033,0.0044,0.2287,0.0000
1785418686.00,56,drive,1,0.5,15.0,40.713,25.23,249.98,0.0420,0.1623,0.0005,0.1598,0.0000,0.1750,0.0024,0.0235,0.2283,0.0318,0.1999,0.0034,0.2307,0.0000
1785418686.88,56,drive,0,0.75,15.0,40.713,25.23,249.98,0.0455,0.1603,0.0005,0.1564,0.0005,0.1750,0.0044,0.0254,0.2278,0.0332,0.2009,0.0049,0.2263,0.0000
1785418686.98,56,drive,1,0.75,15.0,40.713,25.23,249.98,0.0430,0.1628,0.0000,0.1603,0.0010,0.1750,0.0015,0.0235,0.2302,0.0313,0.1970,0.0059,0.2297,0.0000
1785418687.86,56,drive,0,1.0,15.0,40.713,25.23,249.98,0.0425,0.1584,0.0000,0.1579,0.0010,0.1764,0.0015,0.0235,0.2292,0.0308,0.2033,0.0039,0.2278,0.0000
1785418687.96,56,drive,1,1.0,15.0,40.713,25.23,249.98,0.0430,0.1598,0.0000,0.1574,0.0000,0.1740,0.0039,0.0220,0.2283,0.0332,0.2028,0.0083,0.2263,0.0005
1785418688.85,56,drive,0,1.25,15.0,40.713,25.23,249.98,0.0455,0.1623,0.0000,0.1603,0.0000,0.1701,0.0039,0.0264,0.2292,0.0313,0.2023,0.0068,0.2278,0.0005
1785418688.94,56,drive,1,1.25,15.0,40.713,25.23,249.98,0.0425,0.1608,0.0000,0.1574,0.0000,0.1760,0.0020,0.0239,0.2283,0.0303,0.1984,0.0029,0.2268,0.0000
1785418689.83,56,drive,0,1.5,15.0,40.713,25.23,249.98,0.0406,0.1608,0.0005,0.1598,0.0005,0.1730,0.0034,0.0249,0.2287,0.0308,0.1984,0.0034,0.2307,0.0005
1785418689.92,56,drive,1,1.5,15.0,40.713,25.23,249.98,0.0450,0.1593,0.0000,0.1579,0.0000,0.1769,0.0044,0.0235,0.2268,0.0298,0.2014,0.0044,0.2263,0.0000
1785418690.81,56,drive,0,1.75,15.0,40.713,25.23,249.98,0.0435,0.1593,0.0000,0.1593,0.0000,0.1706,0.0034,0.0230,0.2283,0.0337,0.2009,0.0054,0.2283,0.0005
1785418690.91,56,drive,1,1.75,15.0,40.713,25.23,249.98,0.0406,0.1598,0.0005,0.1569,0.0024,0.1740,0.0029,0.0210,0.2287,0.0327,0.2014,0.0049,0.2273,0.0005
1785418691.79,56,drive,0,2.0,15.0,40.713,25.23,249.98,0.0440,0.1613,0.0005,0.1584,0.0000,0.1735,0.0034,0.0230,0.2287,0.0308,0.1975,0.0039,0.2278,0.0000
1785418691.89,56,drive,1,2.0,15.0,40.713,25.23,249.98,0.0425,0.1637,0.0000,0.1574,0.0000,0.1755,0.0024,0.0254,0.2273,0.0318,0.2023,0.0064,0.2297,0.0005
1785418692.85,57,base,0,0.0,15.0,40.693,25.23,249.98,0.0430,0.1618,0.0000,0.1584,0.0000,0.1745,0.0024,0.0249,0.2253,0.0318,0.2009,0.0024,0.2302,0.0005
1785418692.94,57,base,1,0.0,15.0,40.693,25.23,249.98,0.0371,0.1652,0.0000,0.1554,0.0005,0.1755,0.0029,0.0254,0.2273,0.0318,0.1994,0.0044,0.2268,0.0005
1785418693.83,57,drive,0,0.0,15.0,40.693,25.23,249.98,0.0435,0.1598,0.0005,0.1564,0.0000,0.1745,0.0044,0.0205,0.2312,0.0293,0.2019,0.0049,0.2278,0.0000
1785418693.93,57,drive,1,0.0,15.0,40.693,25.23,249.98,0.0450,0.1579,0.0000,0.1593,0.0000,0.1750,0.0029,0.0244,0.2248,0.0327,0.1984,0.0039,0.2273,0.0000
1785418694.81,57,drive,0,0.25,15.0,40.693,25.23,249.98,0.0425,0.1613,0.0000,0.1579,0.0000,0.1735,0.0020,0.0249,0.2278,0.0308,0.1970,0.0059,0.2287,0.0000
1785418694.91,57,drive,1,0.25,15.0,40.693,25.23,249.98,0.0435,0.1628,0.0005,0.1584,0.0000,0.1774,0.0044,0.0215,0.2263,0.0318,0.2004,0.0054,0.2253,0.0000
1785418695.80,57,drive,0,0.5,15.0,40.693,25.23,249.98,0.0484,0.1608,0.0000,0.1564,0.0000,0.1740,0.0024,0.0235,0.2253,0.0313,0.2014,0.0044,0.2283,0.0005
1785418695.89,57,drive,1,0.5,15.0,40.693,25.23,249.98,0.0415,0.1588,0.0005,0.1603,0.0005,0.1740,0.0010,0.0230,0.2287,0.0303,0.2009,0.0044,0.2283,0.0000
1785418696.78,57,drive,0,0.75,15.0,40.693,25.23,249.98,0.0406,0.1613,0.0000,0.1579,0.0000,0.1735,0.0029,0.0215,0.2268,0.0303,0.2023,0.0068,0.2292,0.0000
1785418696.87,57,drive,1,0.75,15.0,40.693,25.23,249.98,0.0401,0.1608,0.0000,0.1584,0.0000,0.1730,0.0049,0.0244,0.2253,0.0352,0.2023,0.0054,0.2312,0.0005
1785418697.76,57,drive,0,1.0,15.0,40.693,25.23,249.98,0.0391,0.1598,0.0005,0.1593,0.0005,0.1730,0.0029,0.0244,0.2263,0.0342,0.1999,0.0039,0.2283,0.0000
1785418697.85,57,drive,1,1.0,15.0,40.693,25.23,249.98,0.0445,0.1603,0.0000,0.1564,0.0000,0.1745,0.0034,0.0239,0.2253,0.0313,0.2009,0.0039,0.2283,0.0015
1785418698.74,57,drive,0,1.25,15.0,40.693,25.23,249.98,0.0455,0.1618,0.0000,0.1564,0.0000,0.1755,0.0024,0.0230,0.2263,0.0337,0.2048,0.0054,0.2239,0.0000
1785418698.83,57,drive,1,1.25,15.0,40.693,25.23,249.98,0.0420,0.1603,0.0000,0.1579,0.0000,0.1730,0.0044,0.0205,0.2263,0.0332,0.2014,0.0034,0.2273,0.0000
1785418699.72,57,drive,0,1.5,15.0,40.693,25.23,249.98,0.0440,0.1579,0.0000,0.1593,0.0000,0.1730,0.0010,0.0249,0.2263,0.0303,0.2009,0.0029,0.2283,0.0000
1785418699.81,57,drive,1,1.5,15.0,40.693,25.23,249.98,0.0411,0.1618,0.0000,0.1584,0.0005,0.1740,0.0020,0.0235,0.2263,0.0323,0.1984,0.0029,0.2292,0.0000
1785418700.70,57,drive,0,1.75,15.0,40.693,25.23,249.98,0.0445,0.1618,0.0000,0.1579,0.0005,0.1745,0.0029,0.0235,0.2243,0.0323,0.1994,0.0039,0.2302,0.0005
1785418700.79,57,drive,1,1.75,15.0,40.693,25.23,249.98,0.0440,0.1584,0.0005,0.1588,0.0000,0.1740,0.0029,0.0279,0.2292,0.0313,0.1999,0.0029,0.2297,0.0000
1785418701.68,57,drive,0,2.0,15.0,40.693,25.23,249.98,0.0420,0.1584,0.0000,0.1593,0.0000,0.1716,0.0029,0.0249,0.2258,0.0323,0.2023,0.0039,0.2268,0.0000
1785418701.78,57,drive,1,2.0,15.0,40.693,25.23,249.98,0.0450,0.1613,0.0000,0.1574,0.0000,0.1735,0.0024,0.0254,0.2263,0.0303,0.1970,0.0039,0.2273,0.0000
1785418702.73,58,base,0,0.0,15.0,40.773,25.23,249.98,0.0430,0.1598,0.0000,0.1584,0.0005,0.1730,0.0039,0.0210,0.2278,0.0332,0.2004,0.0049,0.2297,0.0000
1785418702.83,58,base,1,0.0,15.0,40.773,25.23,249.98,0.0420,0.1608,0.0000,0.1579,0.0000,0.1760,0.0044,0.0259,0.2263,0.0327,0.1994,0.0068,0.2287,0.0000
1785418703.71,58,drive,0,0.0,15.0,40.773,25.23,249.98,0.0430,0.1623,0.0005,0.1584,0.0005,0.1745,0.0020,0.0235,0.2287,0.0332,0.1999,0.0020,0.2287,0.0005
1785418703.81,58,drive,1,0.0,15.0,40.773,25.23,249.98,0.0420,0.1642,0.0010,0.1579,0.0010,0.1750,0.0039,0.0230,0.2287,0.0303,0.2004,0.0039,0.2292,0.0000
1785418704.69,58,drive,0,0.25,15.0,40.773,25.23,249.98,0.0430,0.1613,0.0000,0.1554,0.0000,0.1755,0.0029,0.0225,0.2273,0.0332,0.1999,0.0039,0.2283,0.0015
1785418704.79,58,drive,1,0.25,15.0,40.773,25.23,249.98,0.0440,0.1588,0.0000,0.1588,0.0000,0.1774,0.0024,0.0220,0.2287,0.0342,0.2019,0.0039,0.2253,0.0005
1785418705.68,58,drive,0,0.5,15.0,40.773,25.23,249.98,0.0435,0.1593,0.0005,0.1584,0.0000,0.1735,0.0049,0.0230,0.2283,0.0327,0.1984,0.0049,0.2273,0.0000
1785418705.77,58,drive,1,0.5,15.0,40.773,25.23,249.98,0.0445,0.1598,0.0005,0.1608,0.0005,0.1725,0.0020,0.0254,0.2263,0.0323,0.2038,0.0049,0.2297,0.0000
1785418706.66,58,drive,0,0.75,15.0,40.773,25.23,249.98,0.0430,0.1598,0.0010,0.1588,0.0000,0.1764,0.0024,0.0249,0.2258,0.0318,0.1999,0.0049,0.2283,0.0000
1785418706.75,58,drive,1,0.75,15.0,40.773,25.23,249.98,0.0445,0.1613,0.0000,0.1579,0.0005,0.1725,0.0024,0.0220,0.2283,0.0332,0.1975,0.0073,0.2287,0.0000
1785418707.63,58,drive,0,1.0,15.0,40.773,25.23,249.98,0.0450,0.1618,0.0000,0.1554,0.0000,0.1730,0.0024,0.0215,0.2297,0.0323,0.1989,0.0029,0.2278,0.0000
1785418707.73,58,drive,1,1.0,15.0,40.773,25.23,249.98,0.0381,0.1613,0.0000,0.1579,0.0000,0.1755,0.0039,0.0249,0.2253,0.0323,0.1989,0.0068,0.2292,0.0000
1785418708.61,58,drive,0,1.25,15.0,40.773,25.23,249.98,0.0440,0.1584,0.0015,0.1579,0.0000,0.1745,0.0020,0.0239,0.2312,0.0327,0.1989,0.0044,0.2297,0.0000
1785418708.71,58,drive,1,1.25,15.0,40.773,25.23,249.98,0.0435,0.1593,0.0000,0.1569,0.0000,0.1730,0.0015,0.0225,0.2283,0.0313,0.2009,0.0044,0.2302,0.0000
1785418709.60,58,drive,0,1.5,15.0,40.773,25.23,249.98,0.0415,0.1588,0.0000,0.1579,0.0005,0.1730,0.0020,0.0244,0.2268,0.0318,0.2023,0.0020,0.2297,0.0000
1785418709.69,58,drive,1,1.5,15.0,40.773,25.23,249.98,0.0469,0.1618,0.0000,0.1574,0.0005,0.1740,0.0029,0.0239,0.2297,0.0347,0.2004,0.0044,0.2258,0.0000
1785418710.58,58,drive,0,1.75,15.0,40.773,25.23,249.98,0.0450,0.1584,0.0000,0.1593,0.0010,0.1740,0.0049,0.0225,0.2283,0.0308,0.2004,0.0054,0.2283,0.0000
1785418710.67,58,drive,1,1.75,15.0,40.773,25.23,249.98,0.0435,0.1618,0.0000,0.1569,0.0000,0.1740,0.0034,0.0259,0.2263,0.0323,0.2019,0.0054,0.2248,0.0000
1785418711.56,58,drive,0,2.0,15.0,40.773,25.23,249.98,0.0430,0.1613,0.0000,0.1544,0.0000,0.1764,0.0029,0.0244,0.2263,0.0332,0.2014,0.0059,0.2258,0.0005
1785418711.65,58,drive,1,2.0,15.0,40.773,25.23,249.98,0.0430,0.1588,0.0010,0.1584,0.0000,0.1740,0.0039,0.0244,0.2258,0.0323,0.2014,0.0054,0.2253,0.0000
1785418712.61,59,base,0,0.0,15.0,40.653,25.23,249.99,0.0406,0.1623,0.0005,0.1598,0.0000,0.1735,0.0029,0.0249,0.2283,0.0288,0.1999,0.0078,0.2302,0.0005
1785418712.71,59,base,1,0.0,15.0,40.653,25.23,249.99,0.0440,0.1559,0.0000,0.1544,0.0000,0.1725,0.0054,0.0244,0.2268,0.0318,0.2009,0.0054,0.2278,0.0000
1785418713.59,59,drive,0,0.0,15.0,40.653,25.23,249.99,0.0406,0.1593,0.0000,0.1579,0.0005,0.1730,0.0029,0.0264,0.2258,0.0293,0.1994,0.0034,0.2302,0.0000
1785418713.68,59,drive,1,0.0,15.0,40.653,25.23,249.99,0.0425,0.1613,0.0000,0.1608,0.0005,0.1730,0.0020,0.0235,0.2278,0.0313,0.1984,0.0039,0.2268,0.0005
1785418714.57,59,drive,0,0.25,15.0,40.653,25.23,249.99,0.0445,0.1598,0.0000,0.1569,0.0005,0.1730,0.0024,0.0244,0.2263,0.0313,0.2009,0.0034,0.2253,0.0000
1785418714.66,59,drive,1,0.25,15.0,40.653,25.23,249.99,0.0420,0.1613,0.0005,0.1598,0.0000,0.1706,0.0049,0.0249,0.2283,0.0313,0.2009,0.0054,0.2268,0.0000
1785418715.55,59,drive,0,0.5,15.0,40.653,25.23,249.99,0.0430,0.1584,0.0000,0.1559,0.0005,0.1750,0.0029,0.0264,0.2268,0.0323,0.1999,0.0059,0.2278,0.0000
1785418715.65,59,drive,1,0.5,15.0,40.653,25.23,249.99,0.0450,0.1603,0.0000,0.1569,0.0000,0.1750,0.0015,0.0244,0.2278,0.0318,0.2004,0.0044,0.2292,0.0010
1785418716.53,59,drive,0,0.75,15.0,40.653,25.23,249.99,0.0425,0.1569,0.0000,0.1584,0.0000,0.1740,0.0049,0.0264,0.2287,0.0308,0.1989,0.0039,0.2307,0.0000
1785418716.63,59,drive,1,0.75,15.0,40.653,25.23,249.99,0.0445,0.1613,0.0000,0.1593,0.0005,0.1750,0.0039,0.0259,0.2273,0.0308,0.2014,0.0068,0.2239,0.0000
1785418717.51,59,drive,0,1.0,15.0,40.653,25.23,249.99,0.0684,0.1559,0.0152,0.1486,0.0132,0.1672,0.0210,0.0196,0.2160,0.0264,0.1882,0.0044,0.2283,0.0127
1785418717.61,59,drive,1,1.0,15.0,40.653,25.23,249.99,0.0591,0.1618,0.0103,0.1564,0.0112,0.1696,0.0068,0.0381,0.2219,0.0342,0.1965,0.0152,0.2307,0.0073
1785418718.49,59,drive,0,1.25,15.0,40.653,25.23,249.99,0.0464,0.1613,0.0020,0.1505,0.0024,0.1735,0.0103,0.0215,0.2336,0.0327,0.2004,0.0239,0.2273,0.0010
1785418718.59,59,drive,1,1.25,15.0,40.653,25.23,249.99,0.0406,0.1637,0.0054,0.1564,0.0244,0.1764,0.0039,0.0220,0.2214,0.0327,0.1950,0.0039,0.2292,0.0108
1785418719.48,59,drive,0,1.5,15.0,40.653,25.23,249.99,0.0445,0.1603,0.0137,0.1535,0.0034,0.1720,0.0059,0.0347,0.2292,0.0337,0.1926,0.0108,0.2283,0.0244
1785418719.57,59,drive,1,1.5,15.0,40.653,25.23,249.99,0.0464,0.1535,0.0015,0.1574,0.0166,0.1725,0.0088,0.0362,0.2248,0.0362,0.2048,0.0083,0.2224,0.0044
1785418720.46,59,drive,0,1.75,15.0,40.653,25.23,249.99,0.0538,0.1598,0.0005,0.1505,0.0020,0.1730,0.0122,0.0254,0.2263,0.0371,0.1999,0.0068,0.2302,0.0005
1785418720.55,59,drive,1,1.75,15.0,40.653,25.23,249.99,0.0411,0.1613,0.0059,0.1569,0.0054,0.1720,0.0059,0.0249,0.2283,0.0347,0.1921,0.0073,0.2283,0.0108
1785418721.44,59,drive,0,2.0,15.0,40.653,25.23,249.99,0.0440,0.1588,0.0044,0.1598,0.0029,0.1779,0.0034,0.0274,0.2248,0.0352,0.2014,0.0078,0.2263,0.0049
1785418721.53,59,drive,1,2.0,15.0,40.653,25.23,249.99,0.0440,0.1598,0.0015,0.1549,0.0054,0.1716,0.0103,0.0254,0.2287,0.0327,0.1970,0.0064,0.2248,0.0029
1785418722.50,60,base,0,0.0,15.0,40.693,25.23,249.99,0.0440,0.1652,0.0005,0.1579,0.0044,0.1720,0.0068,0.0210,0.2258,0.0332,0.2019,0.0117,0.2287,0.0034
1785418722.59,60,base,1,0.0,15.0,40.693,25.23,249.99,0.0415,0.1642,0.0024,0.1603,0.0044,0.1696,0.0034,0.0264,0.2287,0.0303,0.2043,0.0068,0.2283,0.0029
1785418723.48,60,drive,0,0.0,15.0,40.693,25.23,249.99,0.0450,0.1608,0.0034,0.1569,0.0010,0.1701,0.0039,0.0235,0.2258,0.0386,0.2004,0.0098,0.2273,0.0073
1785418723.58,60,drive,1,0.0,15.0,40.693,25.23,249.99,0.0440,0.1588,0.0020,0.1584,0.0064,0.1799,0.0029,0.0274,0.2268,0.0332,0.2004,0.0083,0.2243,0.0010
1785418724.47,60,drive,0,0.25,15.0,40.693,25.23,249.99,0.0435,0.1647,0.0029,0.1579,0.0029,0.1760,0.0098,0.0215,0.2214,0.0298,0.2004,0.0068,0.2273,0.0020
1785418724.56,60,drive,1,0.25,15.0,40.693,25.23,249.99,0.0381,0.1598,0.0024,0.1579,0.0024,0.1769,0.0156,0.0244,0.2283,0.0313,0.2033,0.0059,0.2248,0.0054
1785418725.45,60,drive,0,0.5,15.0,40.693,25.23,249.99,0.0367,0.1613,0.0020,0.1593,0.0049,0.1813,0.0112,0.0239,0.2253,0.0327,0.1994,0.0108,0.2283,0.0005
1785418725.54,60,drive,1,0.5,15.0,40.693,25.23,249.99,0.0469,0.1681,0.0015,0.1608,0.0029,0.1794,0.0029,0.0239,0.2199,0.0342,0.2014,0.0064,0.2302,0.0020
1785418726.43,60,drive,0,0.75,15.0,40.693,25.23,249.99,0.0455,0.1593,0.0054,0.1579,0.0029,0.1740,0.0117,0.0235,0.2273,0.0337,0.2009,0.0059,0.2219,0.0024
1785418726.52,60,drive,1,0.75,15.0,40.693,25.23,249.99,0.0415,0.1544,0.0020,0.1579,0.0054,0.1750,0.0059,0.0288,0.2287,0.0391,0.1975,0.0088,0.2297,0.0049
1785418727.41,60,drive,0,1.0,15.0,40.693,25.23,249.99,0.0435,0.1554,0.0000,0.1574,0.0034,0.1740,0.0083,0.0279,0.2297,0.0327,0.2004,0.0103,0.2278,0.0034
1785418727.51,60,drive,1,1.0,15.0,40.693,25.23,249.99,0.0391,0.1667,0.0015,0.1579,0.0010,0.1716,0.0064,0.0225,0.2253,0.0323,0.2023,0.0166,0.2312,0.0049
1785418728.40,60,drive,0,1.25,15.0,40.693,25.23,249.99,0.0376,0.1554,0.0010,0.1574,0.0059,0.1711,0.0068,0.0230,0.2278,0.0362,0.2009,0.0122,0.2263,0.0015
1785418728.49,60,drive,1,1.25,15.0,40.693,25.23,249.99,0.0440,0.1667,0.0024,0.1608,0.0049,0.1760,0.0078,0.0235,0.2312,0.0313,0.2014,0.0083,0.2243,0.0010
1785418729.38,60,drive,0,1.5,15.0,40.693,25.23,249.99,0.0464,0.1574,0.0039,0.1569,0.0068,0.1760,0.0039,0.0259,0.2273,0.0293,0.1965,0.0103,0.2273,0.0024
1785418729.47,60,drive,1,1.5,15.0,40.693,25.23,249.99,0.0425,0.1574,0.0029,0.1535,0.0044,0.1701,0.0132,0.0230,0.2283,0.0293,0.1984,0.0088,0.2229,0.0034
1785418730.36,60,drive,0,1.75,15.0,40.693,25.23,249.99,0.0411,0.1588,0.0024,0.1515,0.0039,0.1784,0.0044,0.0264,0.2278,0.0308,0.1984,0.0117,0.2273,0.0010
1785418730.46,60,drive,1,1.75,15.0,40.693,25.23,249.99,0.0435,0.1628,0.0010,0.1588,0.0034,0.1720,0.0044,0.0191,0.2336,0.0367,0.2058,0.0161,0.2302,0.0015
1785418731.34,60,drive,0,2.0,15.0,40.693,25.23,249.99,0.0484,0.1632,0.0010,0.1569,0.0024,0.1774,0.0068,0.0269,0.2292,0.0357,0.1999,0.0127,0.2273,0.0029
1785418731.43,60,drive,1,2.0,15.0,40.693,25.23,249.99,0.0435,0.1696,0.0064,0.1603,0.0039,0.1735,0.0064,0.0249,0.2263,0.0342,0.1945,0.0044,0.2243,0.0044
1785418732.40,61,base,0,0.0,15.0,40.773,25.23,249.99,0.0376,0.1613,0.0059,0.1593,0.0020,0.1672,0.0073,0.0225,0.2366,0.0298,0.1960,0.0088,0.2273,0.0088
1785418732.50,61,base,1,0.0,15.0,40.773,25.23,249.99,0.0381,0.1628,0.0000,0.1598,0.0005,0.1828,0.0088,0.0210,0.2273,0.0303,0.2038,0.0064,0.2258,0.0049
1785418733.39,61,drive,0,0.0,15.0,40.773,25.23,249.99,0.0425,0.1554,0.0034,0.1584,0.0068,0.1691,0.0098,0.0337,0.2248,0.0362,0.2043,0.0073,0.2336,0.0044
1785418733.48,61,drive,1,0.0,15.0,40.773,25.23,249.99,0.0396,0.1642,0.0029,0.1569,0.0186,0.1735,0.0034,0.0332,0.2273,0.0347,0.1999,0.0083,0.2253,0.0049
1785418734.37,61,drive,0,0.25,15.0,40.773,25.23,249.99,0.0455,0.1569,0.0054,0.1647,0.0020,0.1740,0.0098,0.0254,0.2214,0.0235,0.2004,0.0176,0.2278,0.0020
1785418734.46,61,drive,1,0.25,15.0,40.773,25.23,249.99,0.0450,0.1618,0.0147,0.1623,0.0020,0.1706,0.0064,0.0274,0.2204,0.0308,0.2009,0.0103,0.2292,0.0142
1785418735.35,61,drive,0,0.5,15.0,40.773,25.23,249.99,0.0420,0.1603,0.0068,0.1574,0.0205,0.1750,0.0044,0.0288,0.2234,0.0303,0.1960,0.0054,0.2287,0.0083
1785418735.44,61,drive,1,0.5,15.0,40.773,25.23,249.99,0.0445,0.1598,0.0103,0.1530,0.0093,0.1760,0.0049,0.0303,0.2263,0.0352,0.2038,0.0083,0.2297,0.0161
1785418736.33,61,drive,0,0.75,15.0,40.773,25.23,249.99,0.0440,0.1608,0.0005,0.1525,0.0005,0.1740,0.0020,0.0254,0.2273,0.0303,0.1989,0.0054,0.2278,0.0000
1785418736.42,61,drive,1,0.75,15.0,40.773,25.23,249.99,0.0415,0.1588,0.0000,0.1549,0.0010,0.1774,0.0044,0.0225,0.2263,0.0318,0.1999,0.0039,0.2263,0.0000
1785418737.31,61,drive,0,1.0,15.0,40.773,25.23,249.99,0.0430,0.1613,0.0000,0.1598,0.0005,0.1725,0.0015,0.0244,0.2258,0.0318,0.1975,0.0044,0.2283,0.0000
1785418737.40,61,drive,1,1.0,15.0,40.773,25.23,249.99,0.0440,0.1618,0.0000,0.1574,0.0005,0.1750,0.0020,0.0254,0.2273,0.0303,0.2009,0.0039,0.2292,0.0000
1785418738.29,61,drive,0,1.25,15.0,40.773,25.23,249.99,0.0420,0.1632,0.0000,0.1584,0.0005,0.1750,0.0020,0.0244,0.2234,0.0332,0.1979,0.0049,0.2292,0.0005
1785418738.38,61,drive,1,1.25,15.0,40.773,25.23,249.99,0.0415,0.1608,0.0000,0.1588,0.0000,0.1720,0.0015,0.0230,0.2248,0.0323,0.2023,0.0049,0.2273,0.0000
1785418739.27,61,drive,0,1.5,15.0,40.773,25.23,249.99,0.0455,0.1618,0.0000,0.1574,0.0000,0.1745,0.0034,0.0244,0.2263,0.0342,0.2004,0.0034,0.2283,0.0000
1785418739.37,61,drive,1,1.5,15.0,40.773,25.23,249.99,0.0440,0.1598,0.0000,0.1613,0.0005,0.1730,0.0015,0.0239,0.2292,0.0323,0.1970,0.0029,0.2283,0.0000
1785418740.25,61,drive,0,1.75,15.0,40.773,25.23,249.99,0.0420,0.1603,0.0015,0.1569,0.0000,0.1755,0.0034,0.0239,0.2273,0.0332,0.2014,0.0049,0.2283,0.0000
1785418740.35,61,drive,1,1.75,15.0,40.773,25.23,249.99,0.0430,0.1603,0.0000,0.1574,0.0000,0.1725,0.0010,0.0230,0.2248,0.0327,0.2023,0.0029,0.2278,0.0000
1785418741.23,61,drive,0,2.0,15.0,40.773,25.23,249.99,0.0455,0.1628,0.0000,0.1603,0.0000,0.1720,0.0049,0.0220,0.2273,0.0308,0.2004,0.0034,0.2263,0.0010
1785418741.33,61,drive,1,2.0,15.0,40.773,25.23,249.99,0.0425,0.1608,0.0005,0.1574,0.0000,0.1735,0.0029,0.0244,0.2248,0.0337,0.1994,0.0039,0.2273,0.0000
1785418742.29,62,base,0,0.0,15.0,40.733,25.23,249.99,0.0440,0.1608,0.0000,0.1574,0.0000,0.1740,0.0024,0.0225,0.2268,0.0332,0.2019,0.0029,0.2273,0.0000
1785418742.39,62,base,1,0.0,15.0,40.733,25.23,249.99,0.0411,0.1608,0.0005,0.1579,0.0005,0.1760,0.0044,0.0254,0.2268,0.0279,0.2028,0.0044,0.2287,0.0005
1785418743.27,62,drive,0,0.0,15.0,40.733,25.23,249.99,0.0415,0.1613,0.0000,0.1574,0.0000,0.1735,0.0015,0.0239,0.2263,0.0298,0.1999,0.0049,0.2292,0.0000
1785418743.37,62,drive,1,0.0,15.0,40.733,25.23,249.99,0.0396,0.1628,0.0000,0.1569,0.0000,0.1745,0.0039,0.0215,0.2278,0.0332,0.1994,0.0068,0.2253,0.0000
1785418744.26,62,drive,0,0.25,15.0,40.733,25.23,249.99,0.0430,0.1593,0.0000,0.1574,0.0000,0.1760,0.0020,0.0244,0.2287,0.0323,0.1984,0.0049,0.2302,0.0000
1785418744.35,62,drive,1,0.25,15.0,40.733,25.23,249.99,0.0445,0.1603,0.0000,0.1584,0.0005,0.1750,0.0029,0.0264,0.2263,0.0318,0.2004,0.0039,0.2292,0.0000
1785418745.24,62,drive,0,0.5,15.0,40.733,25.23,249.99,0.0411,0.1613,0.0000,0.1603,0.0010,0.1730,0.0029,0.0210,0.2273,0.0318,0.1989,0.0020,0.2292,0.0005
1785418745.33,62,drive,1,0.5,15.0,40.733,25.23,249.99,0.0445,0.1628,0.0000,0.1569,0.0005,0.1750,0.0020,0.0244,0.2258,0.0298,0.2014,0.0049,0.2248,0.0000
1785418746.22,62,drive,0,0.75,15.0,40.733,25.23,249.99,0.0445,0.1603,0.0000,0.1584,0.0005,0.1716,0.0010,0.0264,0.2258,0.0308,0.2009,0.0059,0.2263,0.0000
1785418746.32,62,drive,1,0.75,15.0,40.733,25.23,249.99,0.0411,0.1598,0.0005,0.1549,0.0010,0.1789,0.0024,0.0230,0.2273,0.0327,0.2038,0.0029,0.2297,0.0000
1785418747.20,62,drive,0,1.0,15.0,40.733,25.23,249.99,0.0415,0.1613,0.0000,0.1598,0.0005,0.1725,0.0020,0.0239,0.2307,0.0308,0.2004,0.0039,0.2273,0.0000
1785418747.30,62,drive,1,1.0,15.0,40.733,25.23,249.99,0.0406,0.1637,0.0000,0.1569,0.0005,0.1745,0.0049,0.0244,0.2239,0.0323,0.2014,0.0034,0.2278,0.0000
1785418748.18,62,drive,0,1.25,15.0,40.733,25.23,249.99,0.0406,0.1613,0.0000,0.1593,0.0000,0.1730,0.0020,0.0239,0.2287,0.0318,0.1999,0.0049,0.2253,0.0000
1785418748.28,62,drive,1,1.25,15.0,40.733,25.23,249.99,0.0430,0.1603,0.0005,0.1574,0.0000,0.1750,0.0029,0.0225,0.2268,0.0313,0.2004,0.0034,0.2273,0.0010
1785418749.17,62,drive,0,1.5,15.0,40.733,25.23,249.99,0.0464,0.1598,0.0186,0.1515,0.0083,0.1735,0.0108,0.0259,0.2302,0.0381,0.1960,0.0073,0.2341,0.0078
1785418749.26,62,drive,1,1.5,15.0,40.733,25.23,249.99,0.0469,0.1549,0.0112,0.1623,0.0103,0.1730,0.0186,0.0274,0.2185,0.0342,0.1911,0.0186,0.2190,0.0161
1785418750.15,62,drive,0,1.75,15.0,40.733,25.23,249.99,0.0420,0.1608,0.0122,0.1598,0.0049,0.1647,0.0029,0.0274,0.2219,0.0313,0.1950,0.0098,0.2287,0.0117
1785418750.24,62,drive,1,1.75,15.0,40.733,25.23,249.99,0.0435,0.1569,0.0039,0.1588,0.0073,0.1755,0.0029,0.0274,0.2287,0.0337,0.2028,0.0034,0.2268,0.0039
1785418751.13,62,drive,0,2.0,15.0,40.733,25.23,249.99,0.0547,0.1637,0.0020,0.1613,0.0000,0.1818,0.0215,0.0249,0.2322,0.0239,0.2014,0.0152,0.2224,0.0005
1785418751.22,62,drive,1,2.0,15.0,40.733,25.23,249.99,0.0376,0.1657,0.0078,0.1535,0.0191,0.1701,0.0073,0.0371,0.2297,0.0303,0.1828,0.0064,0.2219,0.0142
1785418752.18,63,base,0,0.0,15.0,40.733,25.23,249.99,0.0391,0.1637,0.0034,0.1579,0.0093,0.1769,0.0132,0.0318,0.2239,0.0215,0.1970,0.0054,0.2351,0.0034
1785418752.27,63,base,1,0.0,15.0,40.733,25.23,249.99,0.0425,0.1623,0.0039,0.1574,0.0122,0.1720,0.0088,0.0283,0.2297,0.0337,0.1994,0.0083,0.2243,0.0039
1785418753.16,63,drive,0,0.0,15.0,40.733,25.23,249.99,0.0513,0.1696,0.0098,0.1452,0.0029,0.1755,0.0098,0.0205,0.2234,0.0420,0.1999,0.0196,0.2204,0.0088
1785418753.26,63,drive,1,0.0,15.0,40.733,25.23,249.99,0.0435,0.1540,0.0073,0.1647,0.0039,0.1823,0.0103,0.0254,0.2131,0.0327,0.1950,0.0083,0.2312,0.0044
1785418754.15,63,drive,0,0.25,15.0,40.733,25.23,249.99,0.0474,0.1588,0.0064,0.1584,0.0073,0.1779,0.0122,0.0196,0.2199,0.0254,0.2067,0.0122,0.2214,0.0093
1785418754.24,63,drive,1,0.25,15.0,40.733,25.23,249.99,0.0450,0.1618,0.0049,0.1623,0.0108,0.1750,0.0166,0.0357,0.2287,0.0259,0.1965,0.0068,0.2356,0.0000
1785418755.13,63,drive,0,0.5,15.0,40.733,25.23,249.99,0.0420,0.1696,0.0073,0.1618,0.0083,0.1745,0.0156,0.0230,0.2234,0.0293,0.2058,0.0049,0.2234,0.0059
1785418755.22,63,drive,1,0.5,15.0,40.733,25.23,249.99,0.0440,0.1618,0.0005,0.1505,0.0098,0.1789,0.0127,0.0259,0.2307,0.0293,0.1896,0.0093,0.2322,0.0073
1785418756.11,63,drive,0,0.75,15.0,40.733,25.23,249.99,0.0459,0.1593,0.0034,0.1628,0.0093,0.1725,0.0220,0.0303,0.2243,0.0249,0.2121,0.0083,0.2234,0.0049
1785418756.20,63,drive,1,0.75,15.0,40.733,25.23,249.99,0.0396,0.1603,0.0039,0.1628,0.0054,0.1789,0.0176,0.0371,0.2199,0.0210,0.2048,0.0117,0.2263,0.0034
1785418757.09,63,drive,0,1.0,15.0,40.733,25.23,249.99,0.0445,0.1623,0.0044,0.1593,0.0088,0.1823,0.0176,0.0220,0.2248,0.0283,0.1950,0.0039,0.2214,0.0103
1785418757.19,63,drive,1,1.0,15.0,40.733,25.23,249.99,0.0450,0.1667,0.0015,0.1544,0.0044,0.1676,0.0191,0.0249,0.2395,0.0161,0.2043,0.0098,0.2204,0.0064
1785418758.07,63,drive,0,1.25,15.0,40.733,25.23,249.99,0.0425,0.1603,0.0054,0.1632,0.0098,0.1740,0.0176,0.0274,0.2204,0.0161,0.1984,0.0127,0.2234,0.0039
1785418758.17,63,drive,1,1.25,15.0,40.733,25.23,249.99,0.0489,0.1628,0.0020,0.1628,0.0083,0.1760,0.0191,0.0288,0.2297,0.0122,0.2063,0.0078,0.2243,0.0039
1785418759.05,63,drive,0,1.5,15.0,40.733,25.23,249.99,0.0508,0.1632,0.0044,0.1628,0.0132,0.1750,0.0166,0.0332,0.2341,0.0112,0.1979,0.0054,0.2243,0.0054
1785418759.15,63,drive,1,1.5,15.0,40.733,25.23,249.99,0.0459,0.1564,0.0108,0.1613,0.0112,0.1745,0.0196,0.0235,0.2224,0.0161,0.1926,0.0059,0.2248,0.0112
1785418760.04,63,drive,0,1.75,15.0,40.733,25.23,249.99,0.0430,0.1628,0.0059,0.1505,0.0147,0.1662,0.0205,0.0254,0.2263,0.0254,0.1774,0.0059,0.2273,0.0103
1785418760.13,63,drive,1,1.75,15.0,40.733,25.23,249.99,0.0440,0.1637,0.0112,0.1476,0.0132,0.1637,0.0220,0.0200,0.2278,0.0264,0.1799,0.0078,0.2195,0.0059
1785418761.01,63,drive,0,2.0,15.0,40.733,25.23,249.99,0.0489,0.1608,0.0103,0.1491,0.0059,0.1544,0.0230,0.0323,0.2209,0.0415,0.1667,0.0088,0.2224,0.0093
1785418761.11,63,drive,1,2.0,15.0,40.733,25.23,249.99,0.0440,0.1584,0.0044,0.1491,0.0049,0.1540,0.0200,0.0225,0.2243,0.0411,0.1667,0.0122,0.2229,0.0024
1785418762.07,64,base,0,0.0,15.0,40.693,25.23,249.99,0.0474,0.1657,0.0103,0.1569,0.0044,0.1676,0.0112,0.0244,0.2283,0.0279,0.1896,0.0078,0.2287,0.0059
1785418762.16,64,base,1,0.0,15.0,40.693,25.23,249.99,0.0391,0.1569,0.0024,0.1510,0.0073,0.1706,0.0049,0.0161,0.2273,0.0367,0.2043,0.0112,0.2287,0.0029
1785418763.05,64,drive,0,0.0,15.0,40.693,25.23,249.99,0.0455,0.1676,0.0000,0.1569,0.0020,0.1808,0.0132,0.0196,0.2283,0.0283,0.2043,0.0093,0.2317,0.0005
1785418763.15,64,drive,1,0.0,15.0,40.693,25.23,249.99,0.0371,0.1662,0.0010,0.1535,0.0122,0.1735,0.0117,0.0244,0.2278,0.0274,0.1970,0.0064,0.2287,0.0088
1785418764.03,64,drive,0,0.25,15.0,40.693,25.23,249.99,0.0450,0.1603,0.0020,0.1628,0.0000,0.1808,0.0054,0.0235,0.2287,0.0318,0.2019,0.0059,0.2273,0.0054
1785418764.13,64,drive,1,0.25,15.0,40.693,25.23,249.99,0.0489,0.1637,0.0049,0.1540,0.0000,0.1784,0.0024,0.0239,0.2190,0.0342,0.2009,0.0098,0.2278,0.0049
1785418765.02,64,drive,0,0.5,15.0,40.693,25.23,249.99,0.0415,0.1716,0.0039,0.1559,0.0186,0.1750,0.0059,0.0293,0.2297,0.0298,0.2077,0.0049,0.2253,0.0044
1785418765.11,64,drive,1,0.5,15.0,40.693,25.23,249.99,0.0450,0.1598,0.0181,0.1554,0.0015,0.1769,0.0064,0.0274,0.2312,0.0283,0.2077,0.0083,0.2253,0.0156
1785418766.00,64,drive,0,0.75,15.0,40.693,25.23,249.99,0.0435,0.1657,0.0000,0.1598,0.0049,0.1706,0.0235,0.0225,0.2258,0.0215,0.2102,0.0181,0.2248,0.0010
1785418766.09,64,drive,1,0.75,15.0,40.693,25.23,249.99,0.0406,0.1603,0.0044,0.1554,0.0117,0.1662,0.0044,0.0435,0.2322,0.0225,0.2126,0.0083,0.2258,0.0117
1785418766.98,64,drive,0,1.0,15.0,40.693,25.23,249.99,0.0464,0.1632,0.0200,0.1515,0.0005,0.1657,0.0078,0.0264,0.2209,0.0205,0.2087,0.0098,0.2258,0.0210
1785418767.07,64,drive,1,1.0,15.0,40.693,25.23,249.99,0.0455,0.1603,0.0000,0.1564,0.0015,0.1672,0.0059,0.0235,0.2243,0.0210,0.2141,0.0049,0.2307,0.0005
1785418767.96,64,drive,0,1.25,15.0,40.693,25.23,249.99,0.0450,0.1618,0.0000,0.1549,0.0000,0.1662,0.0064,0.0230,0.2219,0.0127,0.2199,0.0059,0.2283,0.0000
1785418768.05,64,drive,1,1.25,15.0,40.693,25.23,249.99,0.0479,0.1574,0.0000,0.1564,0.0000,0.1632,0.0064,0.0244,0.2219,0.0137,0.2195,0.0034,0.2273,0.0000
1785418768.94,64,drive,0,1.5,15.0,40.693,25.23,249.99,0.0455,0.1588,0.0000,0.1559,0.0005,0.1588,0.0068,0.0259,0.2195,0.0103,0.2263,0.0049,0.2283,0.0000
1785418769.03,64,drive,1,1.5,15.0,40.693,25.23,249.99,0.0455,0.1574,0.0000,0.1554,0.0000,0.1598,0.0054,0.0283,0.2224,0.0088,0.2273,0.0029,0.2297,0.0000
1785418769.92,64,drive,0,1.75,15.0,40.693,25.23,249.99,0.0464,0.1559,0.0000,0.1579,0.0000,0.1500,0.0059,0.0376,0.2199,0.0054,0.2331,0.0054,0.2283,0.0000
1785418770.02,64,drive,1,1.75,15.0,40.693,25.23,249.99,0.0459,0.1588,0.0010,0.1584,0.0000,0.1461,0.0049,0.0391,0.2190,0.0044,0.2331,0.0044,0.2278,0.0000
1785418770.90,64,drive,0,2.0,15.0,40.693,25.23,249.99,0.0445,0.1549,0.0005,0.1608,0.0005,0.1393,0.0034,0.0469,0.2234,0.0039,0.2331,0.0039,0.2292,0.0000
1785418771.00,64,drive,1,2.0,15.0,40.693,25.23,249.99,0.0435,0.1569,0.0000,0.1628,0.0005,0.1413,0.0064,0.0464,0.2229,0.0059,0.2351,0.0044,0.2283,0.0000
1785418771.96,65,base,0,0.0,15.0,40.753,25.22,249.99,0.0420,0.1593,0.0005,0.1569,0.0000,0.1760,0.0020,0.0235,0.2297,0.0357,0.1994,0.0049,0.2302,0.0000
1785418772.05,65,base,1,0.0,15.0,40.753,25.22,249.99,0.0435,0.1603,0.0005,0.1588,0.0000,0.1750,0.0039,0.0254,0.2248,0.0288,0.2033,0.0034,0.2292,0.0005
1785418772.94,65,drive,0,0.0,15.0,40.753,25.22,249.99,0.0420,0.1613,0.0005,0.1598,0.0000,0.1706,0.0010,0.0239,0.2239,0.0323,0.1984,0.0044,0.2263,0.0020
1785418773.03,65,drive,1,0.0,15.0,40.753,25.22,249.99,0.0415,0.1628,0.0000,0.1579,0.0005,0.1745,0.0044,0.0249,0.2297,0.0323,0.1999,0.0034,0.2268,0.0000
1785418773.92,65,drive,0,0.25,15.0,40.753,25.22,249.99,0.0440,0.1618,0.0000,0.1554,0.0000,0.1740,0.0044,0.0235,0.2253,0.0342,0.2019,0.0054,0.2283,0.0000
1785418774.02,65,drive,1,0.25,15.0,40.753,25.22,249.99,0.0435,0.1628,0.0000,0.1569,0.0005,0.1745,0.0039,0.0225,0.2234,0.0332,0.1984,0.0064,0.2287,0.0000
1785418774.90,65,drive,0,0.5,15.0,40.753,25.22,249.99,0.0455,0.1647,0.0000,0.1564,0.0000,0.1769,0.0054,0.0249,0.2263,0.0357,0.1970,0.0049,0.2278,0.0000
1785418775.00,65,drive,1,0.5,15.0,40.753,25.22,249.99,0.0415,0.1598,0.0005,0.1574,0.0000,0.1735,0.0034,0.0259,0.2283,0.0391,0.1970,0.0064,0.2307,0.0005
1785418775.88,65,drive,0,0.75,15.0,40.753,25.22,249.99,0.0406,0.1603,0.0000,0.1598,0.0000,0.1804,0.0039,0.0259,0.2307,0.0474,0.1911,0.0064,0.2243,0.0005
1785418775.98,65,drive,1,0.75,15.0,40.753,25.22,249.99,0.0440,0.1642,0.0000,0.1574,0.0010,0.1774,0.0059,0.0249,0.2268,0.0494,0.1901,0.0049,0.2278,0.0005
1785418776.86,65,drive,0,1.0,15.0,40.753,25.22,249.99,0.0450,0.1632,0.0000,0.1588,0.0010,0.1808,0.0064,0.0244,0.2287,0.0587,0.1848,0.0073,0.2278,0.0000
1785418776.96,65,drive,1,1.0,15.0,40.753,25.22,249.99,0.0440,0.1637,0.0005,0.1623,0.0000,0.1818,0.0005,0.0264,0.2302,0.0591,0.1833,0.0059,0.2292,0.0015
1785418777.85,65,drive,0,1.25,15.0,40.753,25.22,249.99,0.0459,0.1628,0.0000,0.1637,0.0005,0.1813,0.0059,0.0279,0.2312,0.0767,0.1774,0.0073,0.2248,0.0015
1785418777.94,65,drive,1,1.25,15.0,40.753,25.22,249.99,0.0396,0.1637,0.0000,0.1603,0.0005,0.1828,0.0049,0.0239,0.2297,0.0767,0.1774,0.0054,0.2287,0.0005
1785418778.83,65,drive,0,1.5,15.0,40.753,25.22,249.99,0.0440,0.1642,0.0010,0.1603,0.0010,0.1901,0.0117,0.0239,0.2341,0.1139,0.1676,0.0068,0.2302,0.0000
1785418778.92,65,drive,1,1.5,15.0,40.753,25.22,249.99,0.0440,0.1637,0.0000,0.1574,0.0005,0.1896,0.0103,0.0244,0.2326,0.1158,0.1681,0.0059,0.2302,0.0000
1785418779.81,65,drive,0,1.75,15.0,40.753,25.22,249.99,0.0445,0.1701,0.0000,0.1569,0.0044,0.1945,0.0215,0.0200,0.2322,0.1598,0.1667,0.0054,0.2273,0.0000
1785418779.90,65,drive,1,1.75,15.0,40.753,25.22,249.99,0.0430,0.1642,0.0015,0.1579,0.0020,0.1955,0.0244,0.0215,0.2322,0.1603,0.1676,0.0044,0.2273,0.0000
1785418780.79,65,drive,0,2.0,15.0,40.753,25.22,249.99,0.0435,0.1662,0.0000,0.1574,0.0020,0.2004,0.0318,0.0186,0.2322,0.1877,0.1745,0.0049,0.2263,0.0015
1785418780.89,65,drive,1,2.0,15.0,40.753,25.22,249.99,0.0445,0.1686,0.0000,0.1559,0.0020,0.2009,0.0323,0.0161,0.2322,0.1828,0.1769,0.0059,0.2253,0.0000
1785418781.85,66,base,0,0.0,15.0,40.713,25.22,249.99,0.0450,0.1608,0.0005,0.1588,0.0000,0.1725,0.0029,0.0205,0.2292,0.0318,0.1970,0.0044,0.2307,0.0000
1785418781.94,66,base,1,0.0,15.0,40.713,25.22,249.99,0.0450,0.1598,0.0000,0.1588,0.0000,0.1720,0.0039,0.0205,0.2263,0.0327,0.1984,0.0044,0.2263,0.0005
1785418782.82,66,drive,0,0.0,15.0,40.713,25.22,249.99,0.0440,0.1613,0.0000,0.1564,0.0005,0.1745,0.0015,0.0235,0.2248,0.0342,0.1989,0.0073,0.2283,0.0010
1785418782.92,66,drive,1,0.0,15.0,40.713,25.22,249.99,0.0396,0.1613,0.0005,0.1579,0.0020,0.1725,0.0024,0.0244,0.2283,0.0308,0.1975,0.0064,0.2307,0.0000
1785418783.80,66,drive,0,0.25,15.0,40.713,25.22,249.99,0.0430,0.1608,0.0000,0.1579,0.0000,0.1720,0.0034,0.0249,0.2302,0.0323,0.2014,0.0078,0.2302,0.0015
1785418783.90,66,drive,1,0.25,15.0,40.713,25.22,249.99,0.0450,0.1598,0.0000,0.1593,0.0000,0.1735,0.0039,0.0244,0.2273,0.0327,0.2004,0.0054,0.2253,0.0005
1785418784.78,66,drive,0,0.5,15.0,40.713,25.22,249.99,0.0474,0.1628,0.0000,0.1574,0.0000,0.1760,0.0029,0.0239,0.2273,0.0327,0.2004,0.0044,0.2292,0.0000
1785418784.88,66,drive,1,0.5,15.0,40.713,25.22,249.99,0.0440,0.1642,0.0010,0.1608,0.0000,0.1720,0.0044,0.0235,0.2268,0.0323,0.2023,0.0044,0.2278,0.0000
1785418785.76,66,drive,0,0.75,15.0,40.713,25.22,249.99,0.0415,0.1593,0.0000,0.1564,0.0000,0.1764,0.0044,0.0235,0.2263,0.0357,0.2009,0.0054,0.2287,0.0000
1785418785.86,66,drive,1,0.75,15.0,40.713,25.22,249.99,0.0430,0.1584,0.0000,0.1588,0.0000,0.1720,0.0024,0.0283,0.2292,0.0323,0.1999,0.0049,0.2297,0.0000
1785418786.74,66,drive,0,1.0,15.0,40.713,25.22,249.99,0.0440,0.1603,0.0005,0.1569,0.0000,0.1745,0.0039,0.0220,0.2268,0.0327,0.2009,0.0064,0.2283,0.0000
1785418786.84,66,drive,1,1.0,15.0,40.713,25.22,249.99,0.0440,0.1574,0.0000,0.1598,0.0000,0.1740,0.0039,0.0210,0.2287,0.0352,0.2033,0.0044,0.2268,0.0005
1785418787.73,66,drive,0,1.25,15.0,40.713,25.22,249.99,0.0455,0.1613,0.0000,0.1569,0.0000,0.1735,0.0034,0.0274,0.2263,0.0323,0.2009,0.0039,0.2263,0.0010
1785418787.82,66,drive,1,1.25,15.0,40.713,25.22,249.99,0.0455,0.1623,0.0000,0.1598,0.0000,0.1755,0.0029,0.0239,0.2248,0.0323,0.2019,0.0020,0.2292,0.0005
1785418788.70,66,drive,0,1.5,15.0,40.713,25.22,249.99,0.0440,0.1613,0.0005,0.1574,0.0005,0.1760,0.0039,0.0249,0.2302,0.0332,0.2028,0.0054,0.2273,0.0000
1785418788.80,66,drive,1,1.5,15.0,40.713,25.22,249.99,0.0406,0.1642,0.0000,0.1598,0.0010,0.1730,0.0044,0.0210,0.2283,0.0308,0.2048,0.0054,0.2278,0.0000
1785418789.69,66,drive,0,1.75,15.0,40.713,25.22,249.99,0.0401,0.1623,0.0010,0.1569,0.0000,0.1764,0.0039,0.0230,0.2273,0.0308,0.2033,0.0059,0.2239,0.0000
1785418789.78,66,drive,1,1.75,15.0,40.713,25.22,249.99,0.0469,0.1618,0.0000,0.1564,0.0000,0.1750,0.0039,0.0239,0.2258,0.0298,0.2048,0.0039,0.2268,0.0005
1785418790.67,66,drive,0,2.0,15.0,40.713,25.22,249.99,0.0464,0.1608,0.0000,0.1569,0.0005,0.1769,0.0029,0.0196,0.2287,0.0303,0.2063,0.0044,0.2273,0.0005
1785418790.76,66,drive,1,2.0,15.0,40.713,25.22,249.99,0.0469,0.1613,0.0000,0.1588,0.0000,0.1740,0.0044,0.0210,0.2243,0.0308,0.2043,0.0044,0.2283,0.0000
1785418791.72,67,base,0,0.0,15.0,40.693,25.22,249.99,0.0435,0.1652,0.0000,0.1559,0.0005,0.1745,0.0054,0.0244,0.2273,0.0323,0.2019,0.0054,0.2278,0.0000
1785418791.81,67,base,1,0.0,15.0,40.693,25.22,249.99,0.0420,0.1618,0.0005,0.1569,0.0000,0.1769,0.0024,0.0244,0.2273,0.0347,0.2009,0.0024,0.2278,0.0000
1785418792.70,67,drive,0,0.0,15.0,40.693,25.22,249.99,0.0450,0.1652,0.0000,0.1569,0.0005,0.1725,0.0039,0.0249,0.2268,0.0313,0.1979,0.0049,0.2278,0.0000
1785418792.79,67,drive,1,0.0,15.0,40.693,25.22,249.99,0.0435,0.1608,0.0000,0.1554,0.0000,0.1740,0.0024,0.0225,0.2278,0.0337,0.2009,0.0039,0.2302,0.0005
1785418793.68,67,drive,0,0.25,15.0,40.693,25.22,249.99,0.0440,0.1647,0.0000,0.1569,0.0000,0.1769,0.0029,0.0239,0.2258,0.0337,0.1999,0.0044,0.2287,0.0000
1785418793.78,67,drive,1,0.25,15.0,40.693,25.22,249.99,0.0435,0.1608,0.0000,0.1588,0.0010,0.1711,0.0054,0.0244,0.2283,0.0308,0.1989,0.0064,0.2287,0.0000
1785418794.66,67,drive,0,0.5,15.0,40.693,25.22,249.99,0.0440,0.1647,0.0005,0.1569,0.0000,0.1774,0.0044,0.0200,0.2263,0.0352,0.2023,0.0034,0.2268,0.0000
1785418794.76,67,drive,1,0.5,15.0,40.693,25.22,249.99,0.0415,0.1608,0.0000,0.1588,0.0000,0.1740,0.0029,0.0210,0.2292,0.0313,0.2033,0.0064,0.2297,0.0000
1785418795.64,67,drive,0,0.75,15.0,40.693,25.22,249.99,0.0430,0.1598,0.0005,0.1584,0.0000,0.1760,0.0054,0.0239,0.2258,0.0352,0.1994,0.0034,0.2302,0.0000
1785418795.74,67,drive,1,0.75,15.0,40.693,25.22,249.99,0.0430,0.1603,0.0000,0.1593,0.0005,0.1755,0.0034,0.0249,0.2243,0.0347,0.2004,0.0029,0.2287,0.0000
1785418796.62,67,drive,0,1.0,15.0,40.693,25.22,249.99,0.0420,0.1608,0.0005,0.1593,0.0005,0.1755,0.0064,0.0230,0.2248,0.0347,0.1970,0.0039,0.2283,0.0000
1785418796.72,67,drive,1,1.0,15.0,40.693,25.22,249.99,0.0425,0.1598,0.0000,0.1569,0.0000,0.1735,0.0044,0.0259,0.2278,0.0357,0.2014,0.0049,0.2287,0.0000
1785418797.60,67,drive,0,1.25,15.0,40.693,25.22,249.99,0.0445,0.1647,0.0000,0.1559,0.0005,0.1725,0.0039,0.0239,0.2278,0.0367,0.2009,0.0059,0.2287,0.0000
1785418797.70,67,drive,1,1.25,15.0,40.693,25.22,249.99,0.0445,0.1613,0.0005,0.1549,0.0000,0.1760,0.0039,0.0220,0.2287,0.0376,0.1989,0.0034,0.2292,0.0010
1785418798.59,67,drive,0,1.5,15.0,40.693,25.22,249.99,0.0430,0.1652,0.0005,0.1569,0.0000,0.1764,0.0073,0.0225,0.2263,0.0435,0.2019,0.0078,0.2278,0.0010
1785418798.68,67,drive,1,1.5,15.0,40.693,25.22,249.99,0.0445,0.1603,0.0005,0.1574,0.0000,0.1755,0.0054,0.0210,0.2278,0.0420,0.1979,0.0024,0.2297,0.0010
1785418799.57,67,drive,0,1.75,15.0,40.693,25.22,249.99,0.0459,0.1593,0.0005,0.1564,0.0005,0.1760,0.0064,0.0205,0.2283,0.0450,0.2038,0.0034,0.2292,0.0010
1785418799.66,67,drive,1,1.75,15.0,40.693,25.22,249.99,0.0469,0.1603,0.0000,0.1588,0.0000,0.1755,0.0059,0.0205,0.2297,0.0440,0.2028,0.0059,0.2297,0.0000
1785418800.55,67,drive,0,2.0,15.0,40.693,25.22,249.99,0.0459,0.1623,0.0000,0.1549,0.0010,0.1784,0.0064,0.0196,0.2278,0.0464,0.2058,0.0068,0.2287,0.0029
1785418800.64,67,drive,1,2.0,15.0,40.693,25.22,249.99,0.0474,0.1623,0.0000,0.1574,0.0000,0.1760,0.0064,0.0181,0.2273,0.0469,0.2048,0.0059,0.2307,0.0000
1785418801.61,68,base,0,0.0,15.0,40.753,25.22,249.99,0.0401,0.1579,0.0000,0.1574,0.0005,0.1720,0.0005,0.0235,0.2283,0.0357,0.2014,0.0034,0.2258,0.0000
1785418801.70,68,base,1,0.0,15.0,40.753,25.22,249.99,0.0435,0.1608,0.0000,0.1618,0.0000,0.1750,0.0015,0.0254,0.2243,0.0288,0.2004,0.0083,0.2253,0.0000
1785418802.59,68,drive,0,0.0,15.0,40.753,25.22,249.99,0.0430,0.1593,0.0000,0.1584,0.0015,0.1750,0.0020,0.0239,0.2268,0.0313,0.1955,0.0029,0.2292,0.0000
1785418802.68,68,drive,1,0.0,15.0,40.753,25.22,249.99,0.0445,0.1647,0.0000,0.1584,0.0010,0.1774,0.0010,0.0215,0.2263,0.0327,0.1999,0.0073,0.2278,0.0005
1785418803.57,68,drive,0,0.25,15.0,40.753,25.22,249.99,0.0425,0.1628,0.0005,0.1584,0.0000,0.1755,0.0020,0.0244,0.2273,0.0313,0.1984,0.0073,0.2273,0.0000
1785418803.67,68,drive,1,0.25,15.0,40.753,25.22,249.99,0.0445,0.1628,0.0005,0.1593,0.0010,0.1755,0.0010,0.0254,0.2273,0.0342,0.1979,0.0029,0.2283,0.0000
1785418804.55,68,drive,0,0.5,15.0,40.753,25.22,249.99,0.0445,0.1598,0.0000,0.1608,0.0010,0.1745,0.0010,0.0235,0.2278,0.0332,0.2014,0.0049,0.2278,0.0000
1785418804.65,68,drive,1,0.5,15.0,40.753,25.22,249.99,0.0455,0.1569,0.0005,0.1593,0.0010,0.1740,0.0029,0.0244,0.2273,0.0293,0.2009,0.0044,0.2283,0.0000
1785418805.54,68,drive,0,0.75,15.0,40.753,25.22,249.99,0.0435,0.1603,0.0005,0.1588,0.0000,0.1735,0.0039,0.0230,0.2278,0.0318,0.2048,0.0034,0.2287,0.0010
1785418805.63,68,drive,1,0.75,15.0,40.753,25.22,249.99,0.0435,0.1637,0.0000,0.1584,0.0005,0.1750,0.0024,0.0269,0.2278,0.0327,0.1999,0.0064,0.2278,0.0000
1785418806.52,68,drive,0,1.0,15.0,40.753,25.22,249.99,0.0445,0.1637,0.0005,0.1559,0.0000,0.1750,0.0034,0.0259,0.2278,0.0298,0.2023,0.0054,0.2268,0.0000
1785418806.61,68,drive,1,1.0,15.0,40.753,25.22,249.99,0.0455,0.1647,0.0005,0.1608,0.0000,0.1725,0.0024,0.0230,0.2273,0.0303,0.2014,0.0083,0.2297,0.0000
1785418807.50,68,drive,0,1.25,15.0,40.753,25.22,249.99,0.0445,0.1623,0.0000,0.1559,0.0000,0.1769,0.0024,0.0220,0.2283,0.0283,0.2014,0.0034,0.2253,0.0000
1785418807.60,68,drive,1,1.25,15.0,40.753,25.22,249.99,0.0450,0.1657,0.0000,0.1584,0.0000,0.1745,0.0029,0.0249,0.2268,0.0303,0.2023,0.0054,0.2268,0.0005
1785418808.48,68,drive,0,1.5,15.0,40.753,25.22,249.99,0.0469,0.1628,0.0000,0.1569,0.0005,0.1774,0.0029,0.0230,0.2273,0.0283,0.2019,0.0054,0.2278,0.0000
1785418808.58,68,drive,1,1.5,15.0,40.753,25.22,249.99,0.0445,0.1623,0.0000,0.1554,0.0000,0.1784,0.0034,0.0259,0.2322,0.0274,0.2028,0.0054,0.2292,0.0005
1785418809.47,68,drive,0,1.75,15.0,40.753,25.22,249.99,0.0435,0.1623,0.0005,0.1554,0.0000,0.1755,0.0024,0.0239,0.2312,0.0254,0.2004,0.0054,0.2302,0.0005
1785418809.56,68,drive,1,1.75,15.0,40.753,25.22,249.99,0.0435,0.1598,0.0000,0.1540,0.0000,0.1755,0.0020,0.0254,0.2283,0.0249,0.2023,0.0073,0.2287,0.0005
1785418810.45,68,drive,0,2.0,15.0,40.753,25.22,249.99,0.0445,0.1584,0.0005,0.1564,0.0000,0.1740,0.0049,0.0274,0.2268,0.0239,0.1999,0.0049,0.2278,0.0000
1785418810.54,68,drive,1,2.0,15.0,40.753,25.22,249.99,0.0435,0.1603,0.0005,0.1500,0.0015,0.1769,0.0024,0.0249,0.2283,0.0230,0.1994,0.0039,0.2302,0.0000
1785418811.51,69,base,0,0.0,15.0,40.713,25.22,249.99,0.0450,0.1588,0.0000,0.1579,0.0000,0.1730,0.0034,0.0244,0.2263,0.0323,0.2033,0.0044,0.2283,0.0000
1785418811.60,69,base,1,0.0,15.0,40.713,25.22,249.99,0.0411,0.1593,0.0000,0.1584,0.0000,0.1755,0.0015,0.0269,0.2283,0.0308,0.2019,0.0029,0.2273,0.0000
1785418812.49,69,drive,0,0.0,15.0,40.713,25.22,249.99,0.0425,0.1608,0.0000,0.1564,0.0000,0.1755,0.0054,0.0225,0.2258,0.0327,0.2038,0.0034,0.2283,0.0005
1785418812.58,69,drive,1,0.0,15.0,40.713,25.22,249.99,0.0450,0.1588,0.0000,0.1579,0.0000,0.1750,0.0029,0.0264,0.2278,0.0332,0.2009,0.0054,0.2258,0.0000
1785418813.47,69,drive,0,0.25,15.0,40.713,25.22,249.99,0.0450,0.1584,0.0005,0.1584,0.0000,0.1740,0.0049,0.0244,0.2297,0.0327,0.2004,0.0044,0.2292,0.0010
1785418813.57,69,drive,1,0.25,15.0,40.713,25.22,249.99,0.0450,0.1613,0.0000,0.1593,0.0005,0.1740,0.0034,0.0230,0.2273,0.0308,0.1979,0.0044,0.2297,0.0000
1785418814.45,69,drive,0,0.5,15.0,40.713,25.22,249.99,0.0401,0.1637,0.0000,0.1564,0.0000,0.1720,0.0039,0.0244,0.2263,0.0318,0.2019,0.0044,0.2297,0.0005
1785418814.55,69,drive,1,0.5,15.0,40.713,25.22,249.99,0.0450,0.1632,0.0000,0.1574,0.0000,0.1769,0.0020,0.0235,0.2312,0.0303,0.2004,0.0029,0.2292,0.0000
1785418815.44,69,drive,0,0.75,15.0,40.713,25.22,249.99,0.0425,0.1632,0.0005,0.1579,0.0005,0.1720,0.0034,0.0235,0.2278,0.0303,0.2004,0.0059,0.2258,0.0000
1785418815.53,69,drive,1,0.75,15.0,40.713,25.22,249.99,0.0430,0.1632,0.0000,0.1598,0.0000,0.1755,0.0049,0.0249,0.2273,0.0298,0.2023,0.0054,0.2312,0.0000
1785418816.41,69,drive,0,1.0,15.0,40.713,25.22,249.99,0.0464,0.1608,0.0000,0.1593,0.0000,0.1750,0.0024,0.0254,0.2258,0.0298,0.2028,0.0054,0.2278,0.0000
1785418816.51,69,drive,1,1.0,15.0,40.713,25.22,249.99,0.0440,0.1613,0.0000,0.1564,0.0000,0.1784,0.0044,0.0244,0.2278,0.0293,0.1970,0.0059,0.2258,0.0000
1785418817.40,69,drive,0,1.25,15.0,40.713,25.22,249.99,0.0489,0.1569,0.0161,0.1681,0.0103,0.1784,0.0161,0.0367,0.2229,0.0332,0.2053,0.0137,0.2263,0.0103
1785418817.49,69,drive,1,1.25,15.0,40.713,25.22,249.99,0.0401,0.1657,0.0054,0.1628,0.0068,0.1716,0.0161,0.0200,0.2263,0.0391,0.2043,0.0127,0.2341,0.0142
1785418818.38,69,drive,0,1.5,15.0,40.713,25.22,249.99,0.0440,0.1657,0.0010,0.1613,0.0078,0.1760,0.0161,0.0264,0.2283,0.0362,0.2033,0.0034,0.2454,0.0044
1785418818.47,69,drive,1,1.5,15.0,40.713,25.22,249.99,0.0494,0.1691,0.0000,0.1574,0.0068,0.1779,0.0239,0.0244,0.2239,0.0293,0.1994,0.0142,0.2302,0.0015
1785418819.36,69,drive,0,1.75,15.0,40.713,25.22,249.99,0.0538,0.1642,0.0005,0.1540,0.0029,0.1764,0.0142,0.0235,0.2302,0.0298,0.2043,0.0205,0.2297,0.0010
1785418819.45,69,drive,1,1.75,15.0,40.713,25.22,249.99,0.0391,0.1603,0.0132,0.1559,0.0005,0.1779,0.0073,0.0239,0.2273,0.0249,0.2023,0.0127,0.2287,0.0088
1785418820.34,69,drive,0,2.0,15.0,40.713,25.22,249.99,0.0459,0.1608,0.0005,0.1559,0.0054,0.1769,0.0049,0.0342,0.2297,0.0215,0.2058,0.0068,0.2326,0.0000
1785418820.44,69,drive,1,2.0,15.0,40.713,25.22,249.99,0.0474,0.1603,0.0034,0.1520,0.0044,0.1769,0.0015,0.0367,0.2297,0.0244,0.1994,0.0068,0.2287,0.0034
1785418821.40,70,base,0,0.0,15.0,40.793,25.22,249.99,0.0489,0.1579,0.0034,0.1559,0.0020,0.1716,0.0024,0.0220,0.2268,0.0362,0.2038,0.0083,0.2312,0.0054
1785418821.49,70,base,1,0.0,15.0,40.793,25.22,249.99,0.0430,0.1613,0.0054,0.1608,0.0015,0.1711,0.0088,0.0269,0.2302,0.0367,0.2004,0.0068,0.2302,0.0044
1785418822.38,70,drive,0,0.0,15.0,40.793,25.22,249.99,0.0435,0.1632,0.0015,0.1569,0.0015,0.1667,0.0034,0.0239,0.2292,0.0352,0.2009,0.0117,0.2297,0.0000
1785418822.47,70,drive,1,0.0,15.0,40.793,25.22,249.99,0.0425,0.1603,0.0024,0.1588,0.0024,0.1735,0.0083,0.0235,0.2278,0.0332,0.2048,0.0103,0.2292,0.0059
1785418823.36,70,drive,0,0.25,15.0,40.793,25.22,249.99,0.0396,0.1745,0.0049,0.1544,0.0044,0.1813,0.0112,0.0254,0.2263,0.0376,0.2053,0.0176,0.2414,0.0064
1785418823.46,70,drive,1,0.25,15.0,40.793,25.22,249.99,0.0401,0.1647,0.0064,0.1549,0.0093,0.1745,0.0186,0.0225,0.2356,0.0308,0.2048,0.0181,0.2292,0.0088
1785418824.34,70,drive,0,0.5,15.0,40.793,25.22,249.99,0.0435,0.1618,0.0029,0.1598,0.0049,0.1706,0.0088,0.0235,0.2283,0.0303,0.2014,0.0318,0.2317,0.0024
1785418824.44,70,drive,1,0.5,15.0,40.793,25.22,249.99,0.0445,0.1637,0.0078,0.1574,0.0215,0.1769,0.0103,0.0279,0.2243,0.0318,0.2004,0.0059,0.2375,0.0103
1785418825.33,70,drive,0,0.75,15.0,40.793,25.22,249.99,0.0445,0.1544,0.0005,0.1632,0.0010,0.1740,0.0064,0.0254,0.2283,0.0327,0.2019,0.0108,0.2307,0.0010
1785418825.42,70,drive,1,0.75,15.0,40.793,25.22,249.99,0.0455,0.1544,0.0005,0.1530,0.0024,0.1760,0.0112,0.0313,0.2268,0.0435,0.1979,0.0083,0.2243,0.0015
1785418826.31,70,drive,0,1.0,15.0,40.793,25.22,249.99,0.0386,0.1554,0.0098,0.1491,0.0044,0.1662,0.0166,0.0259,0.2312,0.0396,0.1984,0.0152,0.2214,0.0059
1785418826.40,70,drive,1,1.0,15.0,40.793,25.22,249.99,0.0425,0.1564,0.0029,0.1623,0.0073,0.1789,0.0166,0.0347,0.2297,0.0298,0.1994,0.0054,0.2278,0.0010
1785418827.29,70,drive,0,1.25,15.0,40.793,25.22,249.99,0.0391,0.1628,0.0010,0.1569,0.0029,0.1755,0.0083,0.0196,0.2346,0.0352,0.1999,0.0098,0.2331,0.0029
1785418827.39,70,drive,1,1.25,15.0,40.793,25.22,249.99,0.0469,0.1657,0.0068,0.1584,0.0039,0.1642,0.0098,0.0186,0.2322,0.0381,0.2023,0.0147,0.2253,0.0054
1785418828.27,70,drive,0,1.5,15.0,40.793,25.22,249.99,0.0450,0.1588,0.0049,0.1623,0.0064,0.1794,0.0156,0.0274,0.2258,0.0288,0.1970,0.0078,0.2268,0.0010
1785418828.37,70,drive,1,1.5,15.0,40.793,25.22,249.99,0.0411,0.1652,0.0088,0.1559,0.0034,0.1662,0.0098,0.0186,0.2258,0.0308,0.1984,0.0142,0.2287,0.0088
1785418829.25,70,drive,0,1.75,15.0,40.793,25.22,249.99,0.0440,0.1637,0.0015,0.1559,0.0068,0.1662,0.0117,0.0264,0.2326,0.0357,0.1906,0.0073,0.2331,0.0073
1785418829.35,70,drive,1,1.75,15.0,40.793,25.22,249.99,0.0474,0.1579,0.0020,0.1554,0.0073,0.1730,0.0117,0.0323,0.2283,0.0401,0.2014,0.0122,0.2248,0.0064
1785418830.24,70,drive,0,2.0,15.0,40.793,25.22,249.99,0.0415,0.1632,0.0064,0.1554,0.0152,0.1720,0.0112,0.0323,0.2273,0.0411,0.1877,0.0083,0.2204,0.0059
1785418830.33,70,drive,1,2.0,15.0,40.793,25.22,249.99,0.0518,0.1569,0.0005,0.1569,0.0078,0.1681,0.0064,0.0264,0.2302,0.0357,0.1901,0.0103,0.2283,0.0024
1785418831.29,71,base,0,0.0,15.0,40.713,25.22,249.99,0.0391,0.1593,0.0029,0.1564,0.0108,0.1681,0.0078,0.0298,0.2312,0.0367,0.2058,0.0142,0.2204,0.0029
1785418831.38,71,base,1,0.0,15.0,40.713,25.22,249.99,0.0396,0.1618,0.0034,0.1554,0.0054,0.1701,0.0137,0.0298,0.2370,0.0396,0.2038,0.0132,0.2224,0.0068
1785418832.27,71,drive,0,0.0,15.0,40.713,25.22,249.99,0.0420,0.1564,0.0034,0.1628,0.0044,0.1764,0.0117,0.0264,0.2239,0.0323,0.1950,0.0093,0.2312,0.0044
1785418832.36,71,drive,1,0.0,15.0,40.713,25.22,249.99,0.0430,0.1632,0.0049,0.1584,0.0049,0.1852,0.0156,0.0249,0.2243,0.0337,0.1984,0.0078,0.2258,0.0083
1785418833.25,71,drive,0,0.25,15.0,40.713,25.22,249.99,0.0513,0.1608,0.0083,0.1569,0.0078,0.1720,0.0142,0.0225,0.2190,0.0327,0.2053,0.0181,0.2326,0.0049
1785418833.35,71,drive,1,0.25,15.0,40.713,25.22,249.99,0.0499,0.1652,0.0024,0.1662,0.0103,0.1696,0.0078,0.0239,0.2214,0.0264,0.1989,0.0191,0.2273,0.0049
1785418834.23,71,drive,0,0.5,15.0,40.713,25.22,249.99,0.0459,0.1613,0.0029,0.1559,0.0064,0.1764,0.0196,0.0225,0.2243,0.0357,0.1970,0.0142,0.2239,0.0029
1785418834.32,71,drive,1,0.5,15.0,40.713,25.22,249.99,0.0323,0.1691,0.0024,0.1569,0.0034,0.1774,0.0137,0.0259,0.2248,0.0352,0.1979,0.0122,0.2185,0.0020
1785418835.21,71,drive,0,0.75,15.0,40.713,25.22,249.99,0.0411,0.1593,0.0054,0.1642,0.0049,0.1769,0.0098,0.0235,0.2366,0.0342,0.2023,0.0054,0.2278,0.0073
1785418835.30,71,drive,1,0.75,15.0,40.713,25.22,249.99,0.0401,0.1681,0.0005,0.1603,0.0005,0.1667,0.0078,0.0254,0.2351,0.0283,0.2053,0.0098,0.2336,0.0039
1785418836.19,71,drive,0,1.0,15.0,40.713,25.22,249.99,0.0479,0.1588,0.0244,0.1574,0.0029,0.1730,0.0117,0.0244,0.2219,0.0254,0.2077,0.0161,0.2307,0.0147
1785418836.28,71,drive,1,1.0,15.0,40.713,25.22,249.99,0.0425,0.1623,0.0049,0.1554,0.0220,0.1784,0.0108,0.0318,0.2243,0.0264,0.1989,0.0142,0.2273,0.0117
1785418837.17,71,drive,0,1.25,15.0,40.713,25.22,249.99,0.0420,0.1647,0.0029,0.1613,0.0171,0.1745,0.0083,0.0288,0.2297,0.0220,0.2107,0.0064,0.2366,0.0068
1785418837.26,71,drive,1,1.25,15.0,40.713,25.22,249.99,0.0489,0.1593,0.0005,0.1662,0.0108,0.1740,0.0269,0.0279,0.2248,0.0352,0.1984,0.0161,0.2224,0.0015
1785418838.15,71,drive,0,1.5,15.0,40.713,25.22,249.99,0.0411,0.1628,0.0147,0.1623,0.0181,0.1667,0.0103,0.0293,0.2273,0.0254,0.2033,0.0152,0.2248,0.0156
1785418838.25,71,drive,1,1.5,15.0,40.713,25.22,249.99,0.0503,0.1623,0.0088,0.1588,0.0152,0.1740,0.0068,0.0283,0.2263,0.0283,0.1984,0.0073,0.2268,0.0127
1785418839.14,71,drive,0,1.75,15.0,40.713,25.22,249.99,0.0572,0.1623,0.0005,0.1613,0.0024,0.1725,0.0122,0.0259,0.2234,0.0283,0.1945,0.0239,0.2317,0.0010
1785418839.23,71,drive,1,1.75,15.0,40.713,25.22,249.99,0.0464,0.1623,0.0181,0.1637,0.0034,0.1696,0.0064,0.0254,0.2258,0.0269,0.2014,0.0078,0.2268,0.0181
1785418840.11,71,drive,0,2.0,15.0,40.713,25.22,249.99,0.0445,0.1672,0.0044,0.1584,0.0132,0.1676,0.0083,0.0298,0.2312,0.0357,0.1911,0.0064,0.2180,0.0029
1785418840.21,71,drive,1,2.0,15.0,40.713,25.22,249.99,0.0464,0.1628,0.0039,0.1496,0.0049,0.1701,0.0117,0.0225,0.2312,0.0337,0.1901,0.0191,0.2307,0.0010
1785418841.17,72,base,0,0.0,15.0,40.753,25.22,249.99,0.0499,0.1637,0.0010,0.1559,0.0059,0.1745,0.0205,0.0191,0.2258,0.0352,0.1984,0.0098,0.2346,0.0015
1785418841.27,72,base,1,0.0,15.0,40.753,25.22,249.99,0.0406,0.1628,0.0142,0.1520,0.0005,0.1755,0.0073,0.0230,0.2331,0.0327,0.1955,0.0117,0.2283,0.0191
1785418842.15,72,drive,0,0.0,15.0,40.753,25.22,249.99,0.0406,0.1588,0.0010,0.1608,0.0000,0.1745,0.0054,0.0259,0.2268,0.0323,0.1979,0.0039,0.2287,0.0000
1785418842.25,72,drive,1,0.0,15.0,40.753,25.22,249.99,0.0430,0.1628,0.0005,0.1579,0.0000,0.1725,0.0034,0.0254,0.2263,0.0313,0.2009,0.0044,0.2292,0.0000
1785418843.13,72,drive,0,0.25,15.0,40.753,25.22,249.99,0.0455,0.1618,0.0000,0.1574,0.0000,0.1725,0.0024,0.0235,0.2287,0.0342,0.1989,0.0044,0.2292,0.0005
1785418843.23,72,drive,1,0.25,15.0,40.753,25.22,249.99,0.0435,0.1642,0.0000,0.1559,0.0000,0.1750,0.0034,0.0220,0.2258,0.0332,0.2014,0.0044,0.2302,0.0000
1785418844.12,72,drive,0,0.5,15.0,40.753,25.22,249.99,0.0435,0.1593,0.0005,0.1593,0.0005,0.1730,0.0020,0.0279,0.2268,0.0318,0.2014,0.0049,0.2278,0.0000
1785418844.21,72,drive,1,0.5,15.0,40.753,25.22,249.99,0.0425,0.1632,0.0000,0.1598,0.0000,0.1755,0.0020,0.0235,0.2253,0.0318,0.2014,0.0024,0.2287,0.0005
1785418845.10,72,drive,0,0.75,15.0,40.753,25.22,249.99,0.0425,0.1632,0.0005,0.1593,0.0005,0.1730,0.0029,0.0244,0.2283,0.0313,0.1994,0.0054,0.2297,0.0000
1785418845.19,72,drive,1,0.75,15.0,40.753,25.22,249.99,0.0430,0.1632,0.0005,0.1588,0.0000,0.1735,0.0024,0.0244,0.2273,0.0323,0.2004,0.0064,0.2287,0.0005
1785418846.08,72,drive,0,1.0,15.0,40.753,25.22,249.99,0.0450,0.1598,0.0005,0.1574,0.0005,0.1735,0.0039,0.0264,0.2273,0.0337,0.2009,0.0024,0.2283,0.0000
1785418846.17,72,drive,1,1.0,15.0,40.753,25.22,249.99,0.0425,0.1647,0.0005,0.1564,0.0000,0.1760,0.0044,0.0254,0.2258,0.0318,0.1994,0.0029,0.2263,0.0000
1785418847.06,72,drive,0,1.25,15.0,40.753,25.22,249.99,0.0450,0.1593,0.0005,0.1588,0.0000,0.1735,0.0044,0.0225,0.2273,0.0327,0.1979,0.0029,0.2287,0.0010
1785418847.15,72,drive,1,1.25,15.0,40.753,25.22,249.99,0.0430,0.1608,0.0000,0.1574,0.0000,0.1730,0.0015,0.0215,0.2287,0.0318,0.2004,0.0029,0.2283,0.0000
1785418848.04,72,drive,0,1.5,15.0,40.753,25.22,249.99,0.0455,0.1598,0.0000,0.1569,0.0000,0.1740,0.0064,0.0230,0.2273,0.0327,0.2014,0.0039,0.2273,0.0000
1785418848.13,72,drive,1,1.5,15.0,40.753,25.22,249.99,0.0420,0.1613,0.0000,0.1554,0.0000,0.1760,0.0020,0.0239,0.2273,0.0327,0.1989,0.0059,0.2283,0.0000
1785418849.02,72,drive,0,1.75,15.0,40.753,25.22,249.99,0.0455,0.1628,0.0000,0.1574,0.0005,0.1750,0.0049,0.0210,0.2263,0.0308,0.2009,0.0068,0.2283,0.0000
1785418849.12,72,drive,1,1.75,15.0,40.753,25.22,249.99,0.0411,0.1613,0.0000,0.1574,0.0005,0.1745,0.0024,0.0239,0.2268,0.0308,0.1984,0.0054,0.2278,0.0000
1785418850.00,72,drive,0,2.0,15.0,40.753,25.22,249.99,0.0435,0.1637,0.0000,0.1564,0.0010,0.1750,0.0029,0.0244,0.2248,0.0342,0.2004,0.0039,0.2248,0.0000
1785418850.10,72,drive,1,2.0,15.0,40.753,25.22,249.99,0.0435,0.1642,0.0000,0.1574,0.0005,0.1735,0.0015,0.0225,0.2292,0.0327,0.2009,0.0054,0.2273,0.0000
1785418851.06,73,base,0,0.0,15.0,40.653,25.22,249.99,0.0445,0.1637,0.0005,0.1593,0.0000,0.1769,0.0024,0.0244,0.2268,0.0357,0.1994,0.0039,0.2253,0.0000
1785418851.16,73,base,1,0.0,15.0,40.653,25.22,249.99,0.0440,0.1593,0.0000,0.1603,0.0015,0.1745,0.0039,0.0210,0.2278,0.0327,0.1979,0.0020,0.2258,0.0000
1785418852.04,73,drive,0,0.0,15.0,40.653,25.22,249.99,0.0420,0.1593,0.0000,0.1588,0.0005,0.1720,0.0024,0.0249,0.2283,0.0308,0.1984,0.0049,0.2297,0.0005
1785418852.14,73,drive,1,0.0,15.0,40.653,25.22,249.99,0.0406,0.1628,0.0005,0.1569,0.0000,0.1745,0.0029,0.0230,0.2287,0.0318,0.2009,0.0049,0.2287,0.0000
1785418853.02,73,drive,0,0.25,15.0,40.653,25.22,249.99,0.0420,0.1642,0.0000,0.1579,0.0005,0.1725,0.0024,0.0249,0.2253,0.0327,0.1989,0.0064,0.2283,0.0000
1785418853.12,73,drive,1,0.25,15.0,40.653,25.22,249.99,0.0440,0.1618,0.0000,0.1603,0.0000,0.1745,0.0034,0.0220,0.2292,0.0327,0.1984,0.0054,0.2302,0.0000
1785418854.00,73,drive,0,0.5,15.0,40.653,25.22,249.99,0.0415,0.1588,0.0000,0.1554,0.0000,0.1745,0.0039,0.0264,0.2292,0.0313,0.1989,0.0044,0.2297,0.0000
1785418854.10,73,drive,1,0.5,15.0,40.653,25.22,249.99,0.0445,0.1603,0.0000,0.1564,0.0000,0.1750,0.0034,0.0235,0.2263,0.0308,0.2038,0.0064,0.2278,0.0005
1785418854.99,73,drive,0,0.75,15.0,40.653,25.22,249.99,0.0464,0.1618,0.0000,0.1588,0.0005,0.1745,0.0024,0.0225,0.2278,0.0313,0.2014,0.0049,0.2268,0.0000
1785418855.08,73,drive,1,0.75,15.0,40.653,25.22,249.99,0.0415,0.1603,0.0000,0.1564,0.0005,0.1745,0.0029,0.0225,0.2258,0.0303,0.2009,0.0064,0.2287,0.0000
1785418855.97,73,drive,0,1.0,15.0,40.653,25.22,249.99,0.0440,0.1598,0.0000,0.1588,0.0005,0.1760,0.0020,0.0230,0.2219,0.0323,0.1999,0.0029,0.2283,0.0000
1785418856.06,73,drive,1,1.0,15.0,40.653,25.22,249.99,0.0445,0.1544,0.0000,0.1584,0.0010,0.1740,0.0024,0.0254,0.2292,0.0352,0.1965,0.0054,0.2268,0.0005
1785418856.95,73,drive,0,1.25,15.0,40.653,25.22,249.99,0.0445,0.1574,0.0083,0.1598,0.0078,0.1769,0.0122,0.0298,0.2195,0.0401,0.2004,0.0186,0.2219,0.0083
1785418857.05,73,drive,1,1.25,15.0,40.653,25.22,249.99,0.0499,0.1598,0.0005,0.1525,0.0054,0.1740,0.0200,0.0239,0.2278,0.0445,0.2009,0.0078,0.2219,0.0015
1785418857.94,73,drive,0,1.5,15.0,40.653,25.22,249.99,0.0499,0.1584,0.0068,0.1564,0.0000,0.1691,0.0049,0.0288,0.2229,0.0318,0.2004,0.0122,0.2253,0.0029
1785418858.03,73,drive,1,1.5,15.0,40.653,25.22,249.99,0.0430,0.1603,0.0005,0.1637,0.0015,0.1774,0.0083,0.0235,0.2287,0.0269,0.2014,0.0073,0.2283,0.0000
1785418858.92,73,drive,0,1.75,15.0,40.653,25.22,249.99,0.0484,0.1628,0.0015,0.1662,0.0005,0.1882,0.0078,0.0239,0.2263,0.0283,0.2033,0.0044,0.2287,0.0152
1785418859.01,73,drive,1,1.75,15.0,40.653,25.22,249.99,0.0450,0.1559,0.0015,0.1618,0.0000,0.1804,0.0230,0.0220,0.2234,0.0235,0.2028,0.0161,0.2331,0.0010
1785418859.90,73,drive,0,2.0,15.0,40.653,25.22,249.99,0.0430,0.1593,0.0005,0.1525,0.0078,0.1769,0.0137,0.0244,0.2229,0.0327,0.1960,0.0210,0.2243,0.0020
1785418860.00,73,drive,1,2.0,15.0,40.653,25.22,249.99,0.0518,0.1618,0.0034,0.1598,0.0054,0.1823,0.0083,0.0308,0.2297,0.0347,0.2048,0.0103,0.2209,0.0029
1785418860.95,74,base,0,0.0,15.0,40.693,25.22,249.99,0.0425,0.1735,0.0083,0.1647,0.0064,0.1750,0.0068,0.0396,0.2234,0.0391,0.1852,0.0122,0.2243,0.0059
1785418861.05,74,base,1,0.0,15.0,40.693,25.22,249.99,0.0474,0.1676,0.0024,0.1471,0.0034,0.1730,0.0093,0.0318,0.2341,0.0318,0.1999,0.0059,0.2292,0.0059
1785418861.93,74,drive,0,0.0,15.0,40.693,25.22,249.99,0.0337,0.1657,0.0029,0.1584,0.0059,0.1720,0.0132,0.0298,0.2302,0.0332,0.1955,0.0166,0.2195,0.0039
1785418862.03,74,drive,1,0.0,15.0,40.693,25.22,249.99,0.0435,0.1628,0.0020,0.1530,0.0098,0.1794,0.0039,0.0318,0.2214,0.0357,0.1877,0.0137,0.2239,0.0093
1785418862.91,74,drive,0,0.25,15.0,40.693,25.22,249.99,0.0347,0.1691,0.0073,0.1623,0.0068,0.1828,0.0127,0.0186,0.2180,0.0259,0.2023,0.0112,0.2263,0.0098
1785418863.01,74,drive,1,0.25,15.0,40.693,25.22,249.99,0.0420,0.1691,0.0088,0.1642,0.0044,0.1882,0.0112,0.0323,0.2229,0.0308,0.2009,0.0083,0.2283,0.0044
1785418863.90,74,drive,0,0.5,15.0,40.693,25.22,249.99,0.0464,0.1642,0.0117,0.1535,0.0044,0.1725,0.0117,0.0239,0.2278,0.0313,0.1994,0.0073,0.2385,0.0103
1785418863.99,74,drive,1,0.5,15.0,40.693,25.22,249.99,0.0406,0.1603,0.0078,0.1647,0.0088,0.1740,0.0059,0.0279,0.2180,0.0308,0.1950,0.0161,0.2214,0.0029
1785418864.88,74,drive,0,0.75,15.0,40.693,25.22,249.99,0.0430,0.1598,0.0068,0.1623,0.0078,0.1784,0.0088,0.0303,0.2258,0.0362,0.1940,0.0088,0.2322,0.0083
1785418864.97,74,drive,1,0.75,15.0,40.693,25.22,249.99,0.0474,0.1642,0.0054,0.1574,0.0078,0.1779,0.0034,0.0147,0.2307,0.0347,0.2053,0.0064,0.2229,0.0064
1785418865.86,74,drive,0,1.0,15.0,40.693,25.22,249.99,0.0415,0.1613,0.0024,0.1618,0.0112,0.1764,0.0098,0.0235,0.2278,0.0313,0.2107,0.0068,0.2297,0.0044
1785418865.95,74,drive,1,1.0,15.0,40.693,25.22,249.99,0.0464,0.1647,0.0024,0.1628,0.0010,0.1676,0.0166,0.0215,0.2488,0.0288,0.1989,0.0093,0.2283,0.0005
1785418866.84,74,drive,0,1.25,15.0,40.693,25.22,249.99,0.0415,0.1598,0.0029,0.1554,0.0015,0.1706,0.0059,0.0254,0.2297,0.0298,0.1999,0.0122,0.2263,0.0039
1785418866.94,74,drive,1,1.25,15.0,40.693,25.22,249.99,0.0406,0.1701,0.0010,0.1569,0.0098,0.1794,0.0044,0.0244,0.2297,0.0269,0.1979,0.0049,0.2287,0.0029
1785418867.82,74,drive,0,1.5,15.0,40.693,25.22,249.99,0.0435,0.1554,0.0024,0.1574,0.0166,0.1755,0.0029,0.0386,0.2263,0.0323,0.2023,0.0093,0.2199,0.0029
1785418867.92,74,drive,1,1.5,15.0,40.693,25.22,249.99,0.0420,0.1593,0.0005,0.1672,0.0064,0.1740,0.0239,0.0244,0.2302,0.0391,0.1979,0.0088,0.2385,0.0024
1785418868.81,74,drive,0,1.75,15.0,40.693,25.22,249.99,0.0469,0.1569,0.0235,0.1603,0.0010,0.1603,0.0059,0.0235,0.2263,0.0283,0.1994,0.0137,0.2253,0.0137
1785418868.90,74,drive,1,1.75,15.0,40.693,25.22,249.99,0.0415,0.1632,0.0073,0.1505,0.0024,0.1789,0.0108,0.0210,0.2375,0.0337,0.2028,0.0205,0.2253,0.0034
1785418869.79,74,drive,0,2.0,15.0,40.693,25.22,249.99,0.0450,0.1613,0.0000,0.1574,0.0000,0.1774,0.0024,0.0200,0.2258,0.0342,0.1984,0.0039,0.2302,0.0000
1785418869.88,74,drive,1,2.0,15.0,40.693,25.22,249.99,0.0435,0.1613,0.0000,0.1579,0.0005,0.1735,0.0044,0.0215,0.2287,0.0332,0.2048,0.0049,0.2278,0.0015
1785418870.84,75,base,0,0.0,15.0,40.693,25.22,249.99,0.0415,0.1618,0.0000,0.1603,0.0000,0.1720,0.0039,0.0254,0.2273,0.0298,0.2009,0.0034,0.2258,0.0000
1785418870.93,75,base,1,0.0,15.0,40.693,25.22,249.99,0.0425,0.1598,0.0000,0.1579,0.0000,0.1764,0.0044,0.0249,0.2248,0.0337,0.1979,0.0034,0.2278,0.0000
1785418871.82,75,drive,0,0.0,15.0,40.693,25.22,249.99,0.0430,0.1618,0.0010,0.1593,0.0015,0.1755,0.0024,0.0249,0.2283,0.0308,0.1999,0.0049,0.2297,0.0000
1785418871.91,75,drive,1,0.0,15.0,40.693,25.22,249.99,0.0435,0.1618,0.0000,0.1593,0.0005,0.1745,0.0029,0.0220,0.2278,0.0303,0.1999,0.0029,0.2287,0.0000
1785418872.80,75,drive,0,0.25,15.0,40.693,25.22,249.99,0.0459,0.1598,0.0000,0.1598,0.0005,0.1740,0.0020,0.0279,0.2278,0.0342,0.1994,0.0049,0.2283,0.0000
1785418872.89,75,drive,1,0.25,15.0,40.693,25.22,249.99,0.0440,0.1628,0.0000,0.1588,0.0000,0.1774,0.0034,0.0215,0.2278,0.0323,0.1999,0.0044,0.2287,0.0000
1785418873.78,75,drive,0,0.5,15.0,40.693,25.22,249.99,0.0420,0.1642,0.0000,0.1608,0.0000,0.1755,0.0015,0.0264,0.2287,0.0313,0.1975,0.0024,0.2283,0.0000
1785418873.87,75,drive,1,0.5,15.0,40.693,25.22,249.99,0.0425,0.1632,0.0000,0.1579,0.0000,0.1725,0.0020,0.0244,0.2268,0.0323,0.2009,0.0039,0.2302,0.0005
1785418874.76,75,drive,0,0.75,15.0,40.693,25.22,249.99,0.0435,0.1603,0.0000,0.1618,0.0000,0.1735,0.0029,0.0235,0.2263,0.0313,0.1999,0.0044,0.2278,0.0000
1785418874.86,75,drive,1,0.75,15.0,40.693,25.22,249.99,0.0430,0.1628,0.0000,0.1549,0.0005,0.1755,0.0024,0.0274,0.2273,0.0332,0.2009,0.0054,0.2263,0.0005
1785418875.74,75,drive,0,1.0,15.0,40.693,25.22,249.99,0.0440,0.1598,0.0000,0.1579,0.0005,0.1764,0.0034,0.0239,0.2283,0.0342,0.2023,0.0020,0.2283,0.0000
1785418875.84,75,drive,1,1.0,15.0,40.693,25.22,249.99,0.0415,0.1623,0.0000,0.1603,0.0000,0.1750,0.0039,0.0215,0.2283,0.0313,0.1975,0.0044,0.2283,0.0010
1785418876.73,75,drive,0,1.25,15.0,40.693,25.22,249.99,0.0425,0.1598,0.0000,0.1593,0.0000,0.1720,0.0020,0.0239,0.2243,0.0293,0.1999,0.0064,0.2263,0.0005
1785418876.82,75,drive,1,1.25,15.0,40.693,25.22,249.99,0.0425,0.1623,0.0000,0.1574,0.0000,0.1750,0.0054,0.0249,0.2258,0.0313,0.2014,0.0068,0.2283,0.0000
1785418877.71,75,drive,0,1.5,15.0,40.693,25.22,249.99,0.0425,0.1588,0.0000,0.1579,0.0000,0.1735,0.0024,0.0244,0.2287,0.0318,0.2004,0.0029,0.2292,0.0000
1785418877.80,75,drive,1,1.5,15.0,40.693,25.22,249.99,0.0411,0.1637,0.0005,0.1584,0.0000,0.1745,0.0039,0.0249,0.2258,0.0332,0.2004,0.0024,0.2248,0.0000
1785418878.69,75,drive,0,1.75,15.0,40.693,25.22,249.99,0.0450,0.1608,0.0000,0.1569,0.0000,0.1735,0.0044,0.0225,0.2268,0.0323,0.2014,0.0059,0.2248,0.0005
1785418878.79,75,drive,1,1.75,15.0,40.693,25.22,249.99,0.0386,0.1623,0.0000,0.1574,0.0000,0.1720,0.0020,0.0220,0.2278,0.0313,0.2009,0.0049,0.2307,0.0000
1785418879.67,75,drive,0,2.0,15.0,40.693,25.22,249.99,0.0455,0.1618,0.0000,0.1569,0.0005,0.1760,0.0015,0.0235,0.2278,0.0347,0.2019,0.0029,0.2268,0.0010
1785418879.77,75,drive,1,2.0,15.0,40.693,25.22,249.99,0.0406,0.1618,0.0005,0.1584,0.0000,0.1725,0.0044,0.0230,0.2297,0.0327,0.1979,0.0049,0.2283,0.0000
1785418880.73,76,base,0,0.0,15.0,40.673,25.22,249.99,0.0420,0.1613,0.0000,0.1579,0.0000,0.1735,0.0024,0.0244,0.2307,0.0323,0.2019,0.0054,0.2283,0.0000
1785418880.82,76,base,1,0.0,15.0,40.673,25.22,249.99,0.0455,0.1632,0.0000,0.1574,0.0010,0.1750,0.0024,0.0244,0.2273,0.0347,0.2023,0.0049,0.2278,0.0005
1785418881.71,76,drive,0,0.0,15.0,40.673,25.22,249.99,0.0445,0.1588,0.0054,0.1667,0.0083,0.1769,0.0132,0.0298,0.2258,0.0362,0.2004,0.0161,0.2258,0.0156
1785418881.81,76,drive,1,0.0,15.0,40.673,25.22,249.99,0.0425,0.1652,0.0127,0.1647,0.0098,0.1877,0.0249,0.0254,0.2234,0.0303,0.1994,0.0088,0.2292,0.0024
1785418882.69,76,drive,0,0.25,15.0,40.673,25.22,249.99,0.0494,0.1564,0.0000,0.1652,0.0020,0.1755,0.0108,0.0249,0.2292,0.0371,0.2004,0.0049,0.2317,0.0005
1785418882.79,76,drive,1,0.25,15.0,40.673,25.22,249.99,0.0406,0.1618,0.0005,0.1608,0.0059,0.1725,0.0103,0.0239,0.2292,0.0401,0.1994,0.0078,0.2190,0.0015
1785418883.67,76,drive,0,0.5,15.0,40.673,25.22,249.99,0.0425,0.1593,0.0112,0.1574,0.0078,0.1760,0.0024,0.0235,0.2248,0.0283,0.1955,0.0171,0.2248,0.0156
1785418883.77,76,drive,1,0.5,15.0,40.673,25.22,249.99,0.0459,0.1667,0.0068,0.1569,0.0112,0.1769,0.0049,0.0327,0.2258,0.0298,0.2087,0.0039,0.2346,0.0078
1785418884.65,76,drive,0,0.75,15.0,40.673,25.22,249.99,0.0391,0.1593,0.0112,0.1510,0.0020,0.1745,0.0239,0.0220,0.2268,0.0318,0.2009,0.0098,0.2302,0.0078
1785418884.75,76,drive,1,0.75,15.0,40.673,25.22,249.99,0.0445,0.1706,0.0029,0.1559,0.0039,0.1764,0.0117,0.0220,0.2239,0.0332,0.2058,0.0073,0.2224,0.0112
1785418885.64,76,drive,0,1.0,15.0,40.673,25.22,249.99,0.0445,0.1505,0.0029,0.1525,0.0083,0.1735,0.0137,0.0196,0.2292,0.0279,0.2116,0.0220,0.2278,0.0000
1785418885.73,76,drive,1,1.0,15.0,40.673,25.22,249.99,0.0528,0.1452,0.0103,0.1510,0.0073,0.1711,0.0142,0.0269,0.2209,0.0279,0.1975,0.0088,0.2229,0.0127
1785418886.62,76,drive,0,1.25,15.0,40.673,25.22,249.99,0.0411,0.1588,0.0044,0.1564,0.0029,0.1779,0.0152,0.0259,0.2258,0.0308,0.2043,0.0103,0.2214,0.0044
1785418886.71,76,drive,1,1.25,15.0,40.673,25.22,249.99,0.0362,0.1549,0.0073,0.1588,0.0059,0.1804,0.0093,0.0293,0.2292,0.0288,0.1911,0.0108,0.2331,0.0108
1785418887.60,76,drive,0,1.5,15.0,40.673,25.22,249.99,0.0406,0.1642,0.0068,0.1559,0.0103,0.1774,0.0039,0.0283,0.2336,0.0288,0.1935,0.0152,0.2283,0.0083
1785418887.69,76,drive,1,1.5,15.0,40.673,25.22,249.99,0.0420,0.1603,0.0020,0.1554,0.0117,0.1760,0.0103,0.0283,0.2248,0.0298,0.1965,0.0117,0.2317,0.0059
1785418888.58,76,drive,0,1.75,15.0,40.673,25.22,249.99,0.0420,0.1647,0.0064,0.1515,0.0088,0.1720,0.0083,0.0293,0.2312,0.0259,0.1994,0.0103,0.2400,0.0068
1785418888.68,76,drive,1,1.75,15.0,40.673,25.22,249.99,0.0459,0.1686,0.0034,0.1549,0.0103,0.1760,0.0078,0.0196,0.2263,0.0308,0.1921,0.0098,0.2361,0.0059
1785418889.56,76,drive,0,2.0,15.0,40.673,25.22,249.99,0.0386,0.1623,0.0093,0.1574,0.0093,0.1745,0.0083,0.0318,0.2287,0.0283,0.1931,0.0117,0.2322,0.0098
1785418889.66,76,drive,1,2.0,15.0,40.673,25.22,249.99,0.0440,0.1662,0.0015,0.1642,0.0044,0.1774,0.0156,0.0161,0.2375,0.0308,0.2033,0.0142,0.2283,0.0044
1785418890.61,77,base,0,0.0,15.0,40.753,25.22,249.99,0.0391,0.1598,0.0078,0.1505,0.0034,0.1804,0.0064,0.0249,0.2234,0.0391,0.1955,0.0142,0.2331,0.0093
1785418890.71,77,base,1,0.0,15.0,40.753,25.22,249.99,0.0455,0.1559,0.0034,0.1632,0.0083,0.1740,0.0103,0.0323,0.2258,0.0347,0.2038,0.0059,0.2326,0.0034
1785418891.60,77,drive,0,0.0,15.0,40.753,25.22,249.99,0.0499,0.1667,0.0039,0.1613,0.0064,0.1774,0.0127,0.0200,0.2248,0.0323,0.2048,0.0068,0.2199,0.0098
1785418891.69,77,drive,1,0.0,15.0,40.753,25.22,249.99,0.0430,0.1608,0.0039,0.1505,0.0068,0.1774,0.0166,0.0200,0.2263,0.0357,0.1989,0.0093,0.2292,0.0044
1785418892.58,77,drive,0,0.25,15.0,40.753,25.22,249.99,0.0445,0.1569,0.0122,0.1554,0.0024,0.1730,0.0054,0.0215,0.2185,0.0406,0.1955,0.0171,0.2243,0.0108
1785418892.67,77,drive,1,0.25,15.0,40.753,25.22,249.99,0.0469,0.1623,0.0078,0.1613,0.0078,0.1647,0.0147,0.0244,0.2258,0.0225,0.2033,0.0152,0.2283,0.0034
1785418893.56,77,drive,0,0.5,15.0,40.753,25.22,249.99,0.0367,0.1535,0.0078,0.1554,0.0029,0.1725,0.0161,0.0269,0.2190,0.0381,0.2004,0.0132,0.2214,0.0039
1785418893.65,77,drive,1,0.5,15.0,40.753,25.22,249.99,0.0430,0.1725,0.0049,0.1584,0.0049,0.1784,0.0078,0.0225,0.2370,0.0239,0.2028,0.0098,0.2322,0.0073
1785418894.54,77,drive,0,0.75,15.0,40.753,25.22,249.99,0.0455,0.1491,0.0049,0.1603,0.0093,0.1740,0.0122,0.0239,0.2283,0.0239,0.2058,0.0137,0.2356,0.0029
1785418894.64,77,drive,1,0.75,15.0,40.753,25.22,249.99,0.0401,0.1632,0.0005,0.1618,0.0068,0.1794,0.0078,0.0249,0.2243,0.0313,0.2033,0.0112,0.2312,0.0010
1785418895.53,77,drive,0,1.0,15.0,40.753,25.22,249.99,0.0513,0.1618,0.0044,0.1559,0.0029,0.1760,0.0078,0.0279,0.2278,0.0386,0.2048,0.0054,0.2346,0.0020
1785418895.62,77,drive,1,1.0,15.0,40.753,25.22,249.99,0.0435,0.1657,0.0010,0.1613,0.0039,0.1725,0.0127,0.0220,0.2322,0.0244,0.2038,0.0117,0.2278,0.0005
1785418896.51,77,drive,0,1.25,15.0,40.753,25.22,249.99,0.0484,0.1593,0.0039,0.1628,0.0059,0.1852,0.0020,0.0298,0.2219,0.0293,0.2116,0.0015,0.2258,0.0044
1785418896.60,77,drive,1,1.25,15.0,40.753,25.22,249.99,0.0445,0.1486,0.0005,0.1588,0.0078,0.1745,0.0064,0.0303,0.2268,0.0337,0.1945,0.0039,0.2302,0.0005
1785418897.49,77,drive,0,1.5,15.0,40.753,25.22,249.99,0.0445,0.1588,0.0024,0.1559,0.0132,0.1730,0.0117,0.0225,0.2287,0.0376,0.1955,0.0068,0.2102,0.0029
1785418897.59,77,drive,1,1.5,15.0,40.753,25.22,249.99,0.0381,0.1593,0.0112,0.1549,0.0005,0.1784,0.0108,0.0215,0.2351,0.0327,0.1989,0.0166,0.2278,0.0020
1785418898.47,77,drive,0,1.75,15.0,40.753,25.22,249.99,0.0381,0.1618,0.0230,0.1510,0.0010,0.1740,0.0054,0.0259,0.2326,0.0342,0.1935,0.0152,0.2248,0.0137
1785418898.56,77,drive,1,1.75,15.0,40.753,25.22,249.99,0.0508,0.1642,0.0196,0.1579,0.0020,0.1789,0.0054,0.0254,0.2361,0.0332,0.1984,0.0083,0.2248,0.0220
1785418899.45,77,drive,0,2.0,15.0,40.753,25.22,249.99,0.0445,0.1579,0.0010,0.1588,0.0054,0.1696,0.0210,0.0210,0.2243,0.0513,0.2063,0.0039,0.2243,0.0029
1785418899.55,77,drive,1,2.0,15.0,40.753,25.22,249.99,0.0430,0.1613,0.0000,0.1584,0.0005,0.1725,0.0044,0.0235,0.2283,0.0327,0.2004,0.0054,0.2253,0.0000
1785418900.51,78,base,0,0.0,15.0,40.713,25.22,249.99,0.0425,0.1632,0.0000,0.1579,0.0005,0.1740,0.0034,0.0249,0.2258,0.0332,0.1979,0.0029,0.2302,0.0000
1785418900.60,78,base,1,0.0,15.0,40.713,25.22,249.99,0.0435,0.1613,0.0000,0.1574,0.0005,0.1750,0.0024,0.0235,0.2287,0.0318,0.1984,0.0064,0.2297,0.0000
1785418901.49,78,drive,0,0.0,15.0,40.713,25.22,249.99,0.0435,0.1613,0.0000,0.1569,0.0000,0.1760,0.0024,0.0249,0.2292,0.0342,0.1989,0.0054,0.2312,0.0000
1785418901.58,78,drive,1,0.0,15.0,40.713,25.22,249.99,0.0445,0.1618,0.0000,0.1588,0.0000,0.1745,0.0039,0.0239,0.2283,0.0332,0.2009,0.0029,0.2292,0.0005
1785418902.47,78,drive,0,0.25,15.0,40.713,25.22,249.99,0.0445,0.1613,0.0005,0.1613,0.0000,0.1760,0.0034,0.0249,0.2253,0.0318,0.2014,0.0034,0.2292,0.0000
1785418902.56,78,drive,1,0.25,15.0,40.713,25.22,249.99,0.0386,0.1598,0.0000,0.1598,0.0000,0.1720,0.0039,0.0244,0.2278,0.0327,0.1994,0.0034,0.2297,0.0000
1785418903.45,78,drive,0,0.5,15.0,40.713,25.22,249.99,0.0435,0.1584,0.0005,0.1584,0.0010,0.1774,0.0029,0.0230,0.2263,0.0323,0.2009,0.0044,0.2273,0.0000
1785418903.54,78,drive,1,0.5,15.0,40.713,25.22,249.99,0.0396,0.1603,0.0000,0.1579,0.0000,0.1740,0.0020,0.0239,0.2287,0.0327,0.2014,0.0044,0.2302,0.0000
1785418904.43,78,drive,0,0.75,15.0,40.713,25.22,249.99,0.0440,0.1584,0.0005,0.1569,0.0005,0.1725,0.0054,0.0274,0.2273,0.0347,0.2028,0.0073,0.2283,0.0000
1785418904.52,78,drive,1,0.75,15.0,40.713,25.22,249.99,0.0455,0.1569,0.0000,0.1569,0.0000,0.1774,0.0015,0.0230,0.2278,0.0318,0.1989,0.0029,0.2292,0.0000
1785418905.42,78,drive,0,1.0,15.0,40.713,25.22,249.99,0.0435,0.1593,0.0000,0.1574,0.0005,0.1764,0.0015,0.0235,0.2273,0.0318,0.2004,0.0039,0.2268,0.0024
1785418905.52,78,drive,1,1.0,15.0,40.713,25.22,249.99,0.0391,0.1632,0.0005,0.1588,0.0010,0.1755,0.0029,0.0215,0.2268,0.0327,0.1994,0.0059,0.2278,0.0000
1785418906.40,78,drive,0,1.25,15.0,40.713,25.22,249.99,0.0425,0.1613,0.0000,0.1564,0.0005,0.1740,0.0029,0.0244,0.2287,0.0332,0.1984,0.0054,0.2307,0.0005
1785418906.50,78,drive,1,1.25,15.0,40.713,25.22,249.99,0.0406,0.1613,0.0000,0.1574,0.0000,0.1760,0.0034,0.0249,0.2273,0.0313,0.1979,0.0049,0.2287,0.0005
1785418907.40,78,drive,0,1.5,15.0,40.713,25.22,249.99,0.0425,0.1574,0.0000,0.1579,0.0000,0.1720,0.0024,0.0235,0.2273,0.0327,0.1999,0.0054,0.2283,0.0000
1785418907.49,78,drive,1,1.5,15.0,40.713,25.22,249.99,0.0474,0.1608,0.0010,0.1584,0.0000,0.1755,0.0020,0.0220,0.2263,0.0347,0.2009,0.0039,0.2297,0.0000
1785418908.37,78,drive,0,1.75,15.0,40.713,25.22,249.99,0.0440,0.1598,0.0000,0.1544,0.0000,0.1730,0.0024,0.0230,0.2287,0.0327,0.2033,0.0059,0.2278,0.0005
1785418908.47,78,drive,1,1.75,15.0,40.713,25.22,249.99,0.0435,0.1613,0.0000,0.1574,0.0000,0.1760,0.0049,0.0239,0.2278,0.0293,0.2014,0.0054,0.2268,0.0000
1785418909.36,78,drive,0,2.0,15.0,40.713,25.22,249.99,0.0455,0.1593,0.0005,0.1564,0.0005,0.1750,0.0010,0.0244,0.2292,0.0332,0.1970,0.0059,0.2283,0.0000
1785418909.45,78,drive,1,2.0,15.0,40.713,25.22,249.99,0.0450,0.1603,0.0000,0.1569,0.0010,0.1720,0.0029,0.0215,0.2263,0.0318,0.2023,0.0049,0.2268,0.0000
1785418910.41,79,base,0,0.0,15.0,40.713,25.22,249.99,0.0425,0.1598,0.0000,0.1579,0.0000,0.1750,0.0054,0.0249,0.2278,0.0327,0.1984,0.0059,0.2307,0.0000
1785418910.50,79,base,1,0.0,15.0,40.713,25.22,249.99,0.0450,0.1637,0.0000,0.1588,0.0000,0.1750,0.0044,0.0225,0.2248,0.0308,0.2009,0.0059,0.2292,0.0005
1785418911.39,79,drive,0,0.0,15.0,40.713,25.22,249.99,0.0464,0.1637,0.0005,0.1593,0.0005,0.1764,0.0064,0.0259,0.2263,0.0318,0.1994,0.0059,0.2268,0.0000
1785418911.48,79,drive,1,0.0,15.0,40.713,25.22,249.99,0.0440,0.1613,0.0000,0.1593,0.0000,0.1760,0.0034,0.0230,0.2283,0.0337,0.1989,0.0078,0.2273,0.0000
1785418912.37,79,drive,0,0.25,15.0,40.713,25.22,249.99,0.0445,0.1598,0.0005,0.1608,0.0000,0.1755,0.0034,0.0259,0.2283,0.0323,0.2014,0.0059,0.2283,0.0005
1785418912.47,79,drive,1,0.25,15.0,40.713,25.22,249.99,0.0474,0.1623,0.0000,0.1569,0.0000,0.1735,0.0034,0.0239,0.2278,0.0332,0.2023,0.0034,0.2287,0.0005
1785418913.36,79,drive,0,0.5,15.0,40.713,25.22,249.99,0.0430,0.1618,0.0005,0.1579,0.0000,0.1725,0.0049,0.0254,0.2268,0.0347,0.2019,0.0064,0.2268,0.0000
1785418913.45,79,drive,1,0.5,15.0,40.713,25.22,249.99,0.0415,0.1618,0.0010,0.1588,0.0000,0.1725,0.0029,0.0249,0.2297,0.0303,0.1994,0.0059,0.2283,0.0000
1785418914.35,79,drive,0,0.75,15.0,40.713,25.22,249.99,0.0455,0.1618,0.0000,0.1584,0.0010,0.1740,0.0029,0.0230,0.2253,0.0323,0.1999,0.0059,0.2278,0.0000
1785418914.44,79,drive,1,0.75,15.0,40.713,25.22,249.99,0.0459,0.1598,0.0000,0.1579,0.0000,0.1760,0.0034,0.0225,0.2292,0.0313,0.2009,0.0039,0.2248,0.0005
1785418915.33,79,drive,0,1.0,15.0,40.713,25.22,249.99,0.0415,0.1647,0.0000,0.1613,0.0005,0.1735,0.0029,0.0215,0.2273,0.0323,0.2023,0.0044,0.2283,0.0000
1785418915.42,79,drive,1,1.0,15.0,40.713,25.22,249.99,0.0440,0.1642,0.0000,0.1593,0.0010,0.1750,0.0029,0.0259,0.2253,0.0323,0.2004,0.0034,0.2283,0.0000
1785418916.31,79,drive,0,1.25,15.0,40.713,25.22,249.99,0.0440,0.1603,0.0000,0.1623,0.0010,0.1706,0.0034,0.0254,0.2273,0.0318,0.2009,0.0049,0.2273,0.0000
1785418916.40,79,drive,1,1.25,15.0,40.713,25.22,249.99,0.0430,0.1647,0.0005,0.1593,0.0010,0.1720,0.0024,0.0225,0.2268,0.0323,0.1979,0.0068,0.2287,0.0020
1785418917.29,79,drive,0,1.5,15.0,40.713,25.22,249.99,0.0445,0.1608,0.0000,0.1579,0.0005,0.1750,0.0039,0.0244,0.2263,0.0313,0.2009,0.0059,0.2278,0.0000
1785418917.39,79,drive,1,1.5,15.0,40.713,25.22,249.99,0.0450,0.1623,0.0000,0.1564,0.0000,0.1740,0.0029,0.0230,0.2278,0.0337,0.2038,0.0059,0.2278,0.0005
1785418918.27,79,drive,0,1.75,15.0,40.713,25.22,249.99,0.0455,0.1588,0.0000,0.1579,0.0005,0.1764,0.0020,0.0249,0.2283,0.0308,0.2019,0.0044,0.2283,0.0000
1785418918.37,79,drive,1,1.75,15.0,40.713,25.22,249.99,0.0450,0.1628,0.0000,0.1579,0.0005,0.1740,0.0024,0.0235,0.2278,0.0283,0.2023,0.0044,0.2273,0.0000
1785418919.26,79,drive,0,2.0,15.0,40.713,25.22,249.99,0.0420,0.1672,0.0000,0.1564,0.0005,0.1745,0.0015,0.0239,0.2268,0.0347,0.2019,0.0054,0.2273,0.0005
1785418919.35,79,drive,1,2.0,15.0,40.713,25.22,249.99,0.0455,0.1613,0.0000,0.1574,0.0010,0.1745,0.0024,0.0225,0.2292,0.0347,0.2038,0.0039,0.2292,0.0000
1785418920.32,80,base,0,0.0,15.0,40.713,25.22,249.99,0.0440,0.1632,0.0000,0.1588,0.0000,0.1750,0.0029,0.0220,0.2243,0.0303,0.2004,0.0029,0.2297,0.0000
1785418920.41,80,base,1,0.0,15.0,40.713,25.22,249.99,0.0401,0.1613,0.0000,0.1588,0.0000,0.1784,0.0020,0.0235,0.2287,0.0298,0.1994,0.0039,0.2302,0.0000
1785418921.30,80,drive,0,0.0,15.0,40.713,25.22,249.99,0.0435,0.1593,0.0000,0.1588,0.0005,0.1745,0.0020,0.0244,0.2278,0.0308,0.1999,0.0029,0.2273,0.0000
1785418921.40,80,drive,1,0.0,15.0,40.713,25.22,249.99,0.0459,0.1579,0.0000,0.1579,0.0000,0.1760,0.0039,0.0230,0.2243,0.0323,0.1994,0.0054,0.2278,0.0000
1785418922.29,80,drive,0,0.25,15.0,40.713,25.22,249.99,0.0425,0.1603,0.0000,0.1574,0.0000,0.1755,0.0044,0.0239,0.2273,0.0367,0.1979,0.0039,0.2258,0.0010
1785418922.38,80,drive,1,0.25,15.0,40.713,25.22,249.99,0.0411,0.1618,0.0000,0.1588,0.0000,0.1730,0.0029,0.0235,0.2283,0.0327,0.1989,0.0059,0.2297,0.0000
1785418923.27,80,drive,0,0.5,15.0,40.713,25.22,249.99,0.0425,0.1588,0.0005,0.1579,0.0000,0.1740,0.0015,0.0220,0.2278,0.0308,0.2023,0.0039,0.2273,0.0000
1785418923.37,80,drive,1,0.5,15.0,40.713,25.22,249.99,0.0415,0.1603,0.0000,0.1593,0.0000,0.1720,0.0029,0.0244,0.2283,0.0337,0.1999,0.0024,0.2268,0.0000
1785418924.26,80,drive,0,0.75,15.0,40.713,25.22,249.99,0.0425,0.1588,0.0000,0.1574,0.0000,0.1760,0.0029,0.0235,0.2273,0.0313,0.1984,0.0044,0.2273,0.0000
1785418924.35,80,drive,1,0.75,15.0,40.713,25.22,249.99,0.0435,0.1618,0.0000,0.1574,0.0000,0.1750,0.0039,0.0225,0.2283,0.0337,0.1965,0.0039,0.2263,0.0010
1785418925.24,80,drive,0,1.0,15.0,40.713,25.22,249.99,0.0455,0.1623,0.0005,0.1569,0.0000,0.1750,0.0054,0.0249,0.2287,0.0293,0.1999,0.0059,0.2273,0.0000
1785418925.33,80,drive,1,1.0,15.0,40.713,25.22,249.99,0.0430,0.1632,0.0010,0.1559,0.0005,0.1735,0.0020,0.0230,0.2283,0.0332,0.1989,0.0054,0.2273,0.0000
1785418926.22,80,drive,0,1.25,15.0,40.713,25.22,249.99,0.0425,0.1603,0.0000,0.1579,0.0005,0.1740,0.0020,0.0239,0.2287,0.0342,0.1994,0.0054,0.2287,0.0000
1785418926.32,80,drive,1,1.25,15.0,40.713,25.22,249.99,0.0455,0.1613,0.0000,0.1569,0.0000,0.1725,0.0015,0.0225,0.2268,0.0337,0.1999,0.0049,0.2253,0.0000
1785418927.21,80,drive,0,1.5,15.0,40.713,25.22,249.99,0.0445,0.1588,0.0000,0.1574,0.0000,0.1745,0.0034,0.0220,0.2253,0.0323,0.2009,0.0044,0.2258,0.0000
1785418927.30,80,drive,1,1.5,15.0,40.713,25.22,249.99,0.0440,0.1618,0.0000,0.1564,0.0005,0.1750,0.0044,0.0264,0.2268,0.0318,0.2023,0.0064,0.2287,0.0000
1785418928.19,80,drive,0,1.75,15.0,40.713,25.22,249.99,0.0430,0.1588,0.0000,0.1598,0.0010,0.1760,0.0029,0.0239,0.2268,0.0313,0.1984,0.0044,0.2287,0.0005
1785418928.28,80,drive,1,1.75,15.0,40.713,25.22,249.99,0.0430,0.1603,0.0000,0.1593,0.0020,0.1735,0.0049,0.0235,0.2292,0.0298,0.1979,0.0054,0.2253,0.0000
1785418929.17,80,drive,0,2.0,15.0,40.713,25.22,249.99,0.0435,0.1623,0.0000,0.1584,0.0000,0.1760,0.0024,0.0239,0.2229,0.0327,0.1994,0.0064,0.2268,0.0005
1785418929.27,80,drive,1,2.0,15.0,40.713,25.22,249.99,0.0435,0.1623,0.0000,0.1574,0.0000,0.1720,0.0029,0.0225,0.2263,0.0337,0.2019,0.0064,0.2297,0.0000
1785418930.24,81,base,0,0.0,15.0,40.693,25.21,249.99,0.0445,0.1608,0.0000,0.1588,0.0005,0.1735,0.0024,0.0239,0.2278,0.0327,0.2009,0.0064,0.2278,0.0000
1785418930.34,81,base,1,0.0,15.0,40.693,25.21,249.99,0.0425,0.1637,0.0000,0.1593,0.0005,0.1730,0.0034,0.0225,0.2297,0.0318,0.2033,0.0039,0.2268,0.0005
1785418931.23,81,drive,0,0.0,15.0,40.693,25.21,249.99,0.0420,0.1588,0.0005,0.1588,0.0000,0.1725,0.0029,0.0225,0.2273,0.0327,0.2014,0.0054,0.2278,0.0000
1785418931.32,81,drive,1,0.0,15.0,40.693,25.21,249.99,0.0435,0.1593,0.0000,0.1603,0.0000,0.1750,0.0020,0.0230,0.2273,0.0327,0.1989,0.0024,0.2268,0.0015
1785418932.22,81,drive,0,0.25,15.0,40.693,25.21,249.99,0.0435,0.1593,0.0010,0.1574,0.0005,0.1725,0.0044,0.0244,0.2268,0.0313,0.1999,0.0044,0.2278,0.0000
1785418932.31,81,drive,1,0.25,15.0,40.693,25.21,249.99,0.0406,0.1623,0.0000,0.1598,0.0000,0.1755,0.0049,0.0230,0.2263,0.0313,0.2009,0.0064,0.2253,0.0000
1785418933.20,81,drive,0,0.5,15.0,40.693,25.21,249.99,0.0459,0.1642,0.0000,0.1579,0.0000,0.1764,0.0044,0.0264,0.2287,0.0303,0.1989,0.0049,0.2263,0.0005
1785418933.29,81,drive,1,0.5,15.0,40.693,25.21,249.99,0.0440,0.1647,0.0000,0.1608,0.0000,0.1730,0.0039,0.0225,0.2307,0.0313,0.1979,0.0068,0.2287,0.0005
1785418934.18,81,drive,0,0.75,15.0,40.693,25.21,249.99,0.0445,0.1628,0.0005,0.1598,0.0000,0.1711,0.0020,0.0288,0.2292,0.0269,0.2014,0.0034,0.2248,0.0000
1785418934.28,81,drive,1,0.75,15.0,40.693,25.21,249.99,0.0425,0.1628,0.0000,0.1584,0.0010,0.1735,0.0044,0.0327,0.2302,0.0264,0.1994,0.0054,0.2307,0.0000
1785418935.17,81,drive,0,1.0,15.0,40.693,25.21,249.99,0.0440,0.1637,0.0000,0.1569,0.0000,0.1740,0.0044,0.0313,0.2346,0.0249,0.2023,0.0044,0.2204,0.0000
1785418935.26,81,drive,1,1.0,15.0,40.693,25.21,249.99,0.0450,0.1623,0.0005,0.1608,0.0000,0.1716,0.0083,0.0337,0.2326,0.0244,0.2033,0.0049,0.2253,0.0005
1785418936.16,81,drive,0,1.25,15.0,40.693,25.21,249.99,0.0455,0.1618,0.0005,0.1618,0.0010,0.1701,0.0068,0.0332,0.2351,0.0244,0.2019,0.0020,0.2278,0.0005
1785418936.25,81,drive,1,1.25,15.0,40.693,25.21,249.99,0.0440,0.1686,0.0005,0.1593,0.0000,0.1686,0.0064,0.0342,0.2351,0.0186,0.1989,0.0068,0.2243,0.0005
1785418937.14,81,drive,0,1.5,15.0,40.693,25.21,249.99,0.0450,0.1628,0.0000,0.1618,0.0010,0.1696,0.0059,0.0396,0.2366,0.0181,0.1955,0.0029,0.2278,0.0000
1785418937.24,81,drive,1,1.5,15.0,40.693,25.21,249.99,0.0440,0.1603,0.0010,0.1603,0.0015,0.1667,0.0054,0.0371,0.2375,0.0210,0.1975,0.0044,0.2253,0.0000
1785418938.13,81,drive,0,1.75,15.0,40.693,25.21,249.99,0.0606,0.1574,0.0078,0.1676,0.0098,0.1520,0.0161,0.0386,0.2336,0.0239,0.2004,0.0127,0.2219,0.0161
1785418938.22,81,drive,1,1.75,15.0,40.693,25.21,249.99,0.0523,0.1716,0.0088,0.1637,0.0171,0.1667,0.0137,0.0459,0.2419,0.0186,0.1960,0.0093,0.2297,0.0103
1785418939.11,81,drive,0,2.0,15.0,40.693,25.21,249.99,0.0445,0.1681,0.0073,0.1613,0.0200,0.1525,0.0083,0.0371,0.2375,0.0220,0.1945,0.0078,0.2243,0.0161
1785418939.20,81,drive,1,2.0,15.0,40.693,25.21,249.99,0.0479,0.1593,0.0049,0.1584,0.0205,0.1623,0.0098,0.0411,0.2380,0.0357,0.1896,0.0020,0.2273,0.0049
1785418940.16,82,base,0,0.0,15.0,40.693,25.21,249.99,0.0411,0.1628,0.0020,0.1593,0.0064,0.1667,0.0034,0.0200,0.2243,0.0318,0.2009,0.0088,0.2243,0.0059
1785418940.25,82,base,1,0.0,15.0,40.693,25.21,249.99,0.0489,0.1593,0.0005,0.1603,0.0010,0.1794,0.0054,0.0264,0.2253,0.0342,0.1960,0.0122,0.2263,0.0024
1785418941.14,82,drive,0,0.0,15.0,40.693,25.21,249.99,0.0391,0.1584,0.0112,0.1554,0.0000,0.1760,0.0147,0.0244,0.2283,0.0337,0.1989,0.0108,0.2317,0.0054
1785418941.23,82,drive,1,0.0,15.0,40.693,25.21,249.99,0.0440,0.1672,0.0015,0.1588,0.0034,0.1755,0.0142,0.0269,0.2258,0.0318,0.1979,0.0054,0.2351,0.0024
1785418942.12,82,drive,0,0.25,15.0,40.693,25.21,249.99,0.0425,0.1608,0.0049,0.1613,0.0015,0.1774,0.0078,0.0220,0.2268,0.0274,0.2028,0.0044,0.2302,0.0068
1785418942.22,82,drive,1,0.25,15.0,40.693,25.21,249.99,0.0401,0.1623,0.0034,0.1618,0.0029,0.1769,0.0083,0.0235,0.2268,0.0279,0.1979,0.0098,0.2287,0.0044
1785418943.11,82,drive,0,0.5,15.0,40.693,25.21,249.99,0.0508,0.1593,0.0034,0.1618,0.0073,0.1760,0.0044,0.0215,0.2248,0.0327,0.1955,0.0098,0.2366,0.0054
1785418943.20,82,drive,1,0.5,15.0,40.693,25.21,249.99,0.0450,0.1642,0.0029,0.1608,0.0122,0.1799,0.0054,0.0220,0.2243,0.0259,0.1926,0.0073,0.2263,0.0020
1785418944.10,82,drive,0,0.75,15.0,40.693,25.21,249.99,0.0440,0.1628,0.0015,0.1613,0.0010,0.1725,0.0127,0.0298,0.2253,0.0249,0.1965,0.0098,0.2253,0.0034
1785418944.19,82,drive,1,0.75,15.0,40.693,25.21,249.99,0.0440,0.1672,0.0005,0.1623,0.0054,0.1794,0.0073,0.0279,0.2326,0.0283,0.1975,0.0044,0.2268,0.0024
1785418945.08,82,drive,0,1.0,15.0,40.693,25.21,249.99,0.0425,0.1588,0.0020,0.1618,0.0059,0.1784,0.0083,0.0298,0.2253,0.0288,0.1916,0.0088,0.2268,0.0020
1785418945.17,82,drive,1,1.0,15.0,40.693,25.21,249.99,0.0484,0.1652,0.0005,0.1574,0.0034,0.1725,0.0059,0.0264,0.2263,0.0293,0.1975,0.0137,0.2263,0.0039
1785418946.06,82,drive,0,1.25,15.0,40.693,25.21,249.99,0.0435,0.1642,0.0024,0.1559,0.0034,0.1789,0.0088,0.0279,0.2302,0.0376,0.1848,0.0122,0.2283,0.0034
1785418946.16,82,drive,1,1.25,15.0,40.693,25.21,249.99,0.0499,0.1637,0.0010,0.1569,0.0034,0.1760,0.0073,0.0274,0.2322,0.0249,0.1979,0.0112,0.2356,0.0068
1785418947.05,82,drive,0,1.5,15.0,40.693,25.21,249.99,0.0469,0.1598,0.0024,0.1584,0.0049,0.1774,0.0093,0.0298,0.2312,0.0386,0.1794,0.0127,0.2283,0.0068
1785418947.14,82,drive,1,1.5,15.0,40.693,25.21,249.99,0.0430,0.1569,0.0024,0.1637,0.0044,0.1823,0.0093,0.0391,0.2351,0.0357,0.1813,0.0083,0.2258,0.0005
1785418948.03,82,drive,0,1.75,15.0,40.693,25.21,249.99,0.0391,0.1608,0.0005,0.1598,0.0137,0.1823,0.0054,0.0411,0.2351,0.0528,0.1730,0.0112,0.2278,0.0044
1785418948.13,82,drive,1,1.75,15.0,40.693,25.21,249.99,0.0494,0.1628,0.0024,0.1608,0.0049,0.1887,0.0064,0.0396,0.2331,0.0474,0.1779,0.0034,0.2263,0.0024
1785418949.01,82,drive,0,2.0,15.0,40.693,25.21,249.99,0.0391,0.1588,0.0029,0.1598,0.0015,0.1887,0.0142,0.0425,0.2395,0.0582,0.1672,0.0078,0.2287,0.0044
1785418949.11,82,drive,1,2.0,15.0,40.693,25.21,249.99,0.0415,0.1628,0.0010,0.1559,0.0044,0.1896,0.0088,0.0430,0.2356,0.0660,0.1637,0.0127,0.2317,0.0024
1785418950.07,83,base,0,0.0,15.0,40.773,25.21,249.99,0.0391,0.1632,0.0049,0.1549,0.0024,0.1750,0.0064,0.0235,0.2283,0.0401,0.2009,0.0122,0.2297,0.0059
1785418950.17,83,base,1,0.0,15.0,40.773,25.21,249.99,0.0445,0.1603,0.0039,0.1613,0.0034,0.1760,0.0122,0.0283,0.2278,0.0274,0.1984,0.0054,0.2292,0.0039
1785418951.06,83,drive,0,0.0,15.0,40.773,25.21,249.99,0.0401,0.1628,0.0108,0.1588,0.0039,0.1696,0.0073,0.0200,0.2229,0.0308,0.1999,0.0103,0.2273,0.0088
1785418951.16,83,drive,1,0.0,15.0,40.773,25.21,249.99,0.0371,0.1647,0.0010,0.1593,0.0039,0.1760,0.0044,0.0235,0.2292,0.0362,0.2023,0.0103,0.2253,0.0020
1785418952.04,83,drive,0,0.25,15.0,40.773,25.21,249.99,0.0411,0.1657,0.0015,0.1530,0.0039,0.1720,0.0147,0.0220,0.2239,0.0332,0.1960,0.0108,0.2243,0.0024
1785418952.13,83,drive,1,0.25,15.0,40.773,25.21,249.99,0.0489,0.1598,0.0005,0.1486,0.0029,0.1735,0.0171,0.0205,0.2239,0.0406,0.1999,0.0132,0.2243,0.0015
1785418953.02,83,drive,0,0.5,15.0,40.773,25.21,249.99,0.0425,0.1603,0.0034,0.1598,0.0024,0.1720,0.0054,0.0254,0.2263,0.0318,0.2028,0.0117,0.2268,0.0152
1785418953.12,83,drive,1,0.5,15.0,40.773,25.21,249.99,0.0401,0.1750,0.0029,0.1564,0.0064,0.1750,0.0142,0.0220,0.2287,0.0362,0.2053,0.0049,0.2336,0.0029
1785418954.01,83,drive,0,0.75,15.0,40.773,25.21,249.99,0.0640,0.1652,0.0024,0.1564,0.0020,0.1750,0.0083,0.0181,0.2253,0.0420,0.2058,0.0308,0.2292,0.0015
1785418954.11,83,drive,1,0.75,15.0,40.773,25.21,249.99,0.0459,0.1598,0.0137,0.1520,0.0024,0.1676,0.0117,0.0191,0.2214,0.0357,0.2038,0.0293,0.2336,0.0024
1785418955.00,83,drive,0,1.0,15.0,40.773,25.21,249.99,0.0420,0.1647,0.0068,0.1535,0.0205,0.1804,0.0098,0.0288,0.2214,0.0381,0.2038,0.0068,0.2283,0.0127
1785418955.09,83,drive,1,1.0,15.0,40.773,25.21,249.99,0.0440,0.1716,0.0029,0.1540,0.0078,0.1745,0.0176,0.0186,0.2234,0.0445,0.2165,0.0039,0.2322,0.0054
1785418955.98,83,drive,0,1.25,15.0,40.773,25.21,249.99,0.0469,0.1593,0.0005,0.1510,0.0039,0.1745,0.0308,0.0171,0.2248,0.0445,0.2111,0.0166,0.2278,0.0024
1785418956.08,83,drive,1,1.25,15.0,40.773,25.21,249.99,0.0440,0.1603,0.0005,0.1515,0.0000,0.1779,0.0059,0.0176,0.2243,0.0425,0.2121,0.0044,0.2307,0.0000
1785418956.97,83,drive,0,1.5,15.0,40.773,25.21,249.99,0.0445,0.1613,0.0000,0.1520,0.0000,0.1755,0.0088,0.0147,0.2239,0.0425,0.2185,0.0054,0.2278,0.0005
1785418957.06,83,drive,1,1.5,15.0,40.773,25.21,249.99,0.0445,0.1593,0.0000,0.1500,0.0000,0.1755,0.0083,0.0142,0.2263,0.0435,0.2204,0.0049,0.2302,0.0000
1785418957.95,83,drive,0,1.75,15.0,40.773,25.21,249.99,0.0440,0.1623,0.0005,0.1457,0.0000,0.1725,0.0112,0.0137,0.2195,0.0376,0.2273,0.0068,0.2302,0.0000
1785418958.04,83,drive,1,1.75,15.0,40.773,25.21,249.99,0.0445,0.1608,0.0005,0.1442,0.0000,0.1711,0.0127,0.0156,0.2234,0.0415,0.2283,0.0034,0.2297,0.0000
1785418958.93,83,drive,0,2.0,15.0,40.773,25.21,249.99,0.0455,0.1613,0.0000,0.1432,0.0000,0.1681,0.0137,0.0147,0.2190,0.0323,0.2322,0.0059,0.2278,0.0000
1785418959.03,83,drive,1,2.0,15.0,40.773,25.21,249.99,0.0459,0.1588,0.0000,0.1408,0.0015,0.1691,0.0117,0.0191,0.2219,0.0415,0.2356,0.0044,0.2268,0.0000
1785418959.99,84,base,0,0.0,15.0,40.693,25.21,249.99,0.0459,0.1628,0.0000,0.1579,0.0000,0.1735,0.0029,0.0220,0.2258,0.0357,0.2014,0.0059,0.2248,0.0005
1785418960.09,84,base,1,0.0,15.0,40.693,25.21,249.99,0.0430,0.1623,0.0000,0.1554,0.0005,0.1774,0.0024,0.0249,0.2287,0.0303,0.1979,0.0039,0.2287,0.0000
1785418960.98,84,drive,0,0.0,15.0,40.693,25.21,249.99,0.0450,0.1574,0.0000,0.1579,0.0000,0.1755,0.0029,0.0254,0.2268,0.0303,0.2028,0.0049,0.2253,0.0010
1785418961.08,84,drive,1,0.0,15.0,40.693,25.21,249.99,0.0420,0.1593,0.0010,0.1593,0.0000,0.1730,0.0034,0.0220,0.2268,0.0332,0.2004,0.0054,0.2283,0.0000
1785418961.96,84,drive,0,0.25,15.0,40.693,25.21,249.99,0.0430,0.1618,0.0000,0.1569,0.0005,0.1745,0.0024,0.0264,0.2283,0.0342,0.2004,0.0049,0.2268,0.0000
1785418962.06,84,drive,1,0.25,15.0,40.693,25.21,249.99,0.0469,0.1603,0.0000,0.1603,0.0005,0.1740,0.0034,0.0225,0.2278,0.0327,0.2023,0.0044,0.2263,0.0000
1785418962.94,84,drive,0,0.5,15.0,40.693,25.21,249.99,0.0425,0.1632,0.0000,0.1549,0.0000,0.1755,0.0049,0.0249,0.2243,0.0332,0.2009,0.0054,0.2317,0.0000
1785418963.04,84,drive,1,0.5,15.0,40.693,25.21,249.99,0.0440,0.1588,0.0005,0.1569,0.0000,0.1750,0.0049,0.0254,0.2283,0.0303,0.1989,0.0034,0.2287,0.0005
1785418963.92,84,drive,0,0.75,15.0,40.693,25.21,249.99,0.0450,0.1608,0.0005,0.1500,0.0005,0.1799,0.0059,0.0225,0.2229,0.0308,0.1989,0.0049,0.2268,0.0000
1785418964.02,84,drive,1,0.75,15.0,40.693,25.21,249.99,0.0406,0.1598,0.0005,0.1505,0.0000,0.1779,0.0064,0.0239,0.2287,0.0303,0.1989,0.0068,0.2283,0.0005
1785418964.90,84,drive,0,1.0,15.0,40.693,25.21,249.99,0.0459,0.1623,0.0000,0.1452,0.0000,0.1789,0.0083,0.0259,0.2283,0.0303,0.1970,0.0054,0.2268,0.0000
1785418965.00,84,drive,1,1.0,15.0,40.693,25.21,249.99,0.0459,0.1637,0.0005,0.1442,0.0000,0.1784,0.0088,0.0220,0.2268,0.0323,0.1984,0.0049,0.2283,0.0000
1785418965.88,84,drive,0,1.25,15.0,40.693,25.21,249.99,0.0474,0.1632,0.0005,0.1398,0.0005,0.1804,0.0112,0.0239,0.2283,0.0318,0.1965,0.0029,0.2292,0.0005
1785418965.98,84,drive,1,1.25,15.0,40.693,25.21,249.99,0.0435,0.1584,0.0005,0.1422,0.0010,0.1799,0.0122,0.0235,0.2292,0.0283,0.1945,0.0044,0.2273,0.0005
1785418966.87,84,drive,0,1.5,15.0,40.693,25.21,249.99,0.0455,0.1628,0.0005,0.1378,0.0034,0.1808,0.0186,0.0264,0.2278,0.0279,0.1901,0.0044,0.2278,0.0005
1785418966.96,84,drive,1,1.5,15.0,40.693,25.21,249.99,0.0430,0.1593,0.0005,0.1373,0.0029,0.1843,0.0156,0.0239,0.2283,0.0303,0.1901,0.0029,0.2273,0.0000
1785418967.85,84,drive,0,1.75,15.0,40.693,25.21,249.99,0.0440,0.1613,0.0005,0.1398,0.0132,0.1804,0.0215,0.0235,0.2278,0.0376,0.1877,0.0039,0.2248,0.0005
1785418967.95,84,drive,1,1.75,15.0,40.693,25.21,249.99,0.0420,0.1579,0.0000,0.1398,0.0112,0.1779,0.0235,0.0235,0.2278,0.0357,0.1877,0.0044,0.2258,0.0005
1785418968.84,84,drive,0,2.0,15.0,40.693,25.21,249.99,0.0440,0.1623,0.0000,0.1491,0.0200,0.1764,0.0269,0.0230,0.2273,0.0371,0.1862,0.0024,0.2239,0.0000
1785418968.94,84,drive,1,2.0,15.0,40.693,25.21,249.99,0.0430,0.1603,0.0000,0.1496,0.0215,0.1818,0.0244,0.0220,0.2278,0.0391,0.1843,0.0034,0.2263,0.0010
1785418969.89,85,base,0,0.0,15.0,40.713,25.21,249.99,0.0445,0.1637,0.0000,0.1559,0.0000,0.1755,0.0049,0.0210,0.2287,0.0323,0.1984,0.0059,0.2268,0.0000
1785418969.99,85,base,1,0.0,15.0,40.713,25.21,249.99,0.0425,0.1603,0.0000,0.1564,0.0005,0.1735,0.0010,0.0235,0.2273,0.0332,0.1989,0.0054,0.2278,0.0000
1785418970.88,85,drive,0,0.0,15.0,40.713,25.21,249.99,0.0435,0.1588,0.0005,0.1574,0.0000,0.1750,0.0020,0.0205,0.2263,0.0327,0.1999,0.0024,0.2234,0.0000
1785418970.97,85,drive,1,0.0,15.0,40.713,25.21,249.99,0.0459,0.1608,0.0000,0.1613,0.0000,0.1750,0.0029,0.0235,0.2287,0.0332,0.1975,0.0024,0.2287,0.0000
1785418971.87,85,drive,0,0.25,15.0,40.713,25.21,249.99,0.0440,0.1593,0.0000,0.1603,0.0000,0.1730,0.0029,0.0215,0.2287,0.0337,0.1984,0.0049,0.2336,0.0000
1785418971.96,85,drive,1,0.25,15.0,40.713,25.21,249.99,0.0435,0.1603,0.0000,0.1593,0.0000,0.1725,0.0029,0.0254,0.2292,0.0288,0.2004,0.0044,0.2297,0.0000
1785418972.85,85,drive,0,0.5,15.0,40.713,25.21,249.99,0.0455,0.1632,0.0000,0.1628,0.0005,0.1755,0.0024,0.0225,0.2248,0.0327,0.2004,0.0034,0.2278,0.0000
1785418972.95,85,drive,1,0.5,15.0,40.713,25.21,249.99,0.0420,0.1588,0.0000,0.1598,0.0010,0.1745,0.0015,0.0235,0.2287,0.0323,0.1999,0.0073,0.2283,0.0005
1785418973.84,85,drive,0,0.75,15.0,40.713,25.21,249.99,0.0440,0.1632,0.0005,0.1681,0.0029,0.1720,0.0000,0.0239,0.2263,0.0342,0.1999,0.0034,0.2283,0.0000
1785418973.93,85,drive,1,0.75,15.0,40.713,25.21,249.99,0.0425,0.1613,0.0000,0.1667,0.0005,0.1701,0.0015,0.0225,0.2278,0.0318,0.2004,0.0083,0.2297,0.0000
1785418974.83,85,drive,0,1.0,15.0,40.713,25.21,249.99,0.0406,0.1608,0.0000,0.1696,0.0049,0.1730,0.0010,0.0239,0.2273,0.0342,0.2004,0.0049,0.2278,0.0005
1785418974.92,85,drive,1,1.0,15.0,40.713,25.21,249.99,0.0459,0.1593,0.0000,0.1735,0.0049,0.1706,0.0020,0.0254,0.2258,0.0337,0.2028,0.0078,0.2287,0.0000
1785418975.80,85,drive,0,1.25,15.0,40.713,25.21,249.99,0.0479,0.1637,0.0000,0.1740,0.0103,0.1735,0.0005,0.0225,0.2283,0.0371,0.2043,0.0083,0.2287,0.0000
1785418975.90,85,drive,1,1.25,15.0,40.713,25.21,249.99,0.0450,0.1642,0.0005,0.1764,0.0088,0.1701,0.0000,0.0254,0.2278,0.0337,0.2023,0.0103,0.2287,0.0005
1785418976.79,85,drive,0,1.5,15.0,40.713,25.21,249.99,0.0430,0.1623,0.0005,0.1823,0.0259,0.1740,0.0000,0.0239,0.2297,0.0357,0.2072,0.0078,0.2326,0.0000
1785418976.89,85,drive,1,1.5,15.0,40.713,25.21,249.99,0.0435,0.1613,0.0020,0.1838,0.0254,0.1706,0.0005,0.0254,0.2287,0.0332,0.2072,0.0064,0.2322,0.0000
1785418977.78,85,drive,0,1.75,15.0,40.713,25.21,249.99,0.0430,0.1598,0.0000,0.1833,0.0513,0.1760,0.0000,0.0264,0.2292,0.0293,0.2102,0.0098,0.2307,0.0005
1785418977.87,85,drive,1,1.75,15.0,40.713,25.21,249.99,0.0474,0.1628,0.0005,0.1808,0.0474,0.1774,0.0000,0.0283,0.2287,0.0279,0.2102,0.0093,0.2307,0.0005
1785418978.76,85,drive,0,2.0,15.0,40.713,25.21,249.99,0.0464,0.1637,0.0000,0.1784,0.0689,0.1804,0.0020,0.0279,0.2273,0.0259,0.2136,0.0117,0.2326,0.0000
1785418978.85,85,drive,1,2.0,15.0,40.713,25.21,249.99,0.0459,0.1623,0.0000,0.1769,0.0640,0.1828,0.0010,0.0283,0.2292,0.0274,0.2111,0.0122,0.2336,0.0005
1785418979.82,86,base,0,0.0,15.0,40.753,25.21,249.99,0.0415,0.1613,0.0000,0.1579,0.0000,0.1755,0.0029,0.0215,0.2273,0.0327,0.1999,0.0039,0.2283,0.0000
1785418979.91,86,base,1,0.0,15.0,40.753,25.21,249.99,0.0455,0.1593,0.0000,0.1584,0.0005,0.1755,0.0024,0.0249,0.2278,0.0327,0.1989,0.0044,0.2307,0.0000
1785418980.80,86,drive,0,0.0,15.0,40.753,25.21,249.99,0.0430,0.1598,0.0000,0.1574,0.0010,0.1755,0.0024,0.0210,0.2287,0.0318,0.1965,0.0044,0.2297,0.0015
1785418980.89,86,drive,1,0.0,15.0,40.753,25.21,249.99,0.0415,0.1628,0.0000,0.1593,0.0000,0.1725,0.0034,0.0249,0.2273,0.0308,0.2023,0.0049,0.2278,0.0005
1785418981.78,86,drive,0,0.25,15.0,40.753,25.21,249.99,0.0455,0.1603,0.0000,0.1574,0.0000,0.1750,0.0024,0.0244,0.2302,0.0313,0.1999,0.0039,0.2292,0.0015
1785418981.88,86,drive,1,0.25,15.0,40.753,25.21,249.99,0.0430,0.1618,0.0000,0.1588,0.0000,0.1764,0.0034,0.0244,0.2297,0.0303,0.1989,0.0059,0.2283,0.0005
1785418982.77,86,drive,0,0.5,15.0,40.753,25.21,249.99,0.0455,0.1598,0.0005,0.1584,0.0005,0.1760,0.0024,0.0259,0.2258,0.0313,0.2014,0.0054,0.2253,0.0000
1785418982.86,86,drive,1,0.5,15.0,40.753,25.21,249.99,0.0440,0.1608,0.0005,0.1593,0.0000,0.1730,0.0020,0.0239,0.2268,0.0337,0.1989,0.0044,0.2287,0.0005
1785418983.75,86,drive,0,0.75,15.0,40.753,25.21,249.99,0.0440,0.1593,0.0000,0.1608,0.0015,0.1774,0.0029,0.0239,0.2307,0.0367,0.1975,0.0049,0.2287,0.0005
1785418983.84,86,drive,1,0.75,15.0,40.753,25.21,249.99,0.0411,0.1618,0.0010,0.1598,0.0005,0.1769,0.0034,0.0254,0.2273,0.0357,0.1975,0.0049,0.2278,0.0000
1785418984.73,86,drive,0,1.0,15.0,40.753,25.21,249.99,0.0464,0.1603,0.0000,0.1603,0.0000,0.1755,0.0029,0.0269,0.2297,0.0352,0.1979,0.0054,0.2268,0.0005
1785418984.83,86,drive,1,1.0,15.0,40.753,25.21,249.99,0.0425,0.1613,0.0000,0.1608,0.0020,0.1769,0.0024,0.0225,0.2292,0.0342,0.1975,0.0073,0.2287,0.0000
1785418985.72,86,drive,0,1.25,15.0,40.753,25.21,249.99,0.0430,0.1632,0.0005,0.1603,0.0000,0.1769,0.0073,0.0244,0.2297,0.0396,0.1975,0.0068,0.2302,0.0000
1785418985.81,86,drive,1,1.25,15.0,40.753,25.21,249.99,0.0430,0.1603,0.0000,0.1598,0.0000,0.1779,0.0059,0.0210,0.2292,0.0362,0.1979,0.0039,0.2302,0.0000
1785418986.71,86,drive,0,1.5,15.0,40.753,25.21,249.99,0.0445,0.1642,0.0000,0.1618,0.0000,0.1769,0.0034,0.0191,0.2307,0.0401,0.1960,0.0044,0.2273,0.0005
1785418986.80,86,drive,1,1.5,15.0,40.753,25.21,249.99,0.0455,0.1623,0.0010,0.1652,0.0000,0.1774,0.0029,0.0181,0.2346,0.0406,0.1960,0.0044,0.2287,0.0005
1785418987.70,86,drive,0,1.75,15.0,40.753,25.21,249.99,0.0474,0.1579,0.0000,0.1598,0.0000,0.1794,0.0049,0.0137,0.2278,0.0420,0.1975,0.0054,0.2268,0.0005
1785418987.79,86,drive,1,1.75,15.0,40.753,25.21,249.99,0.0445,0.1632,0.0000,0.1632,0.0000,0.1774,0.0068,0.0132,0.2283,0.0445,0.1975,0.0064,0.2297,0.0000
1785418988.68,86,drive,0,2.0,15.0,40.753,25.21,249.99,0.0450,0.1608,0.0000,0.1593,0.0015,0.1764,0.0083,0.0078,0.2273,0.0469,0.2009,0.0039,0.2268,0.0000
1785418988.78,86,drive,1,2.0,15.0,40.753,25.21,249.99,0.0440,0.1637,0.0000,0.1623,0.0000,0.1784,0.0083,0.0083,0.2273,0.0489,0.1965,0.0049,0.2263,0.0005
1785418989.74,87,base,0,0.0,15.0,40.813,25.21,249.99,0.0455,0.1618,0.0005,0.1574,0.0005,0.1764,0.0029,0.0220,0.2297,0.0293,0.2004,0.0049,0.2258,0.0000
1785418989.83,87,base,1,0.0,15.0,40.813,25.21,249.99,0.0415,0.1618,0.0005,0.1574,0.0000,0.1745,0.0039,0.0239,0.2273,0.0269,0.2023,0.0044,0.2278,0.0000
1785418990.72,87,drive,0,0.0,15.0,40.813,25.21,249.99,0.0435,0.1613,0.0000,0.1569,0.0005,0.1750,0.0034,0.0239,0.2287,0.0327,0.2033,0.0044,0.2273,0.0000
1785418990.81,87,drive,1,0.0,15.0,40.813,25.21,249.99,0.0406,0.1632,0.0000,0.1588,0.0000,0.1750,0.0039,0.0244,0.2258,0.0327,0.2019,0.0068,0.2268,0.0000
1785418991.70,87,drive,0,0.25,15.0,40.813,25.21,249.99,0.0411,0.1603,0.0000,0.1588,0.0000,0.1745,0.0029,0.0220,0.2292,0.0332,0.2019,0.0044,0.2312,0.0000
1785418991.80,87,drive,1,0.25,15.0,40.813,25.21,249.99,0.0435,0.1637,0.0000,0.1569,0.0000,0.1755,0.0024,0.0220,0.2253,0.0327,0.2019,0.0034,0.2253,0.0000
1785418992.69,87,drive,0,0.5,15.0,40.813,25.21,249.99,0.0440,0.1618,0.0000,0.1584,0.0000,0.1764,0.0024,0.0259,0.2263,0.0303,0.1999,0.0064,0.2273,0.0000
1785418992.78,87,drive,1,0.5,15.0,40.813,25.21,249.99,0.0445,0.1618,0.0000,0.1593,0.0000,0.1735,0.0015,0.0269,0.2273,0.0283,0.2004,0.0059,0.2287,0.0005
1785418993.67,87,drive,0,0.75,15.0,40.813,25.21,249.99,0.0455,0.1593,0.0000,0.1593,0.0000,0.1735,0.0039,0.0298,0.2331,0.0274,0.2028,0.0068,0.2278,0.0000
1785418993.77,87,drive,1,0.75,15.0,40.813,25.21,249.99,0.0440,0.1593,0.0000,0.1598,0.0005,0.1725,0.0044,0.0279,0.2263,0.0288,0.2043,0.0020,0.2292,0.0000
1785418994.66,87,drive,0,1.0,15.0,40.813,25.21,249.99,0.0459,0.1628,0.0000,0.1603,0.0000,0.1745,0.0020,0.0293,0.2336,0.0254,0.2067,0.0059,0.2263,0.0010
1785418994.76,87,drive,1,1.0,15.0,40.813,25.21,249.99,0.0469,0.1603,0.0000,0.1613,0.0010,0.1725,0.0029,0.0254,0.2336,0.0254,0.2077,0.0044,0.2258,0.0005
1785418995.64,87,drive,0,1.25,15.0,40.813,25.21,249.99,0.0484,0.1618,0.0005,0.1574,0.0005,0.1740,0.0034,0.0298,0.2326,0.0235,0.2077,0.0044,0.2273,0.0000
1785418995.73,87,drive,1,1.25,15.0,40.813,25.21,249.99,0.0440,0.1593,0.0005,0.1598,0.0000,0.1725,0.0029,0.0318,0.2336,0.0225,0.2092,0.0054,0.2268,0.0000
1785418996.63,87,drive,0,1.5,15.0,40.813,25.21,249.99,0.0435,0.1628,0.0005,0.1608,0.0010,0.1716,0.0000,0.0357,0.2346,0.0166,0.2111,0.0064,0.2283,0.0005
1785418996.72,87,drive,1,1.5,15.0,40.813,25.21,249.99,0.0469,0.1603,0.0005,0.1574,0.0005,0.1711,0.0039,0.0352,0.2370,0.0156,0.2126,0.0049,0.2278,0.0000
1785418997.60,87,drive,0,1.75,15.0,40.813,25.21,249.99,0.0430,0.1579,0.0005,0.1637,0.0005,0.1696,0.0024,0.0342,0.2375,0.0068,0.2121,0.0039,0.2283,0.0000
1785418997.70,87,drive,1,1.75,15.0,40.813,25.21,249.99,0.0479,0.1613,0.0005,0.1613,0.0015,0.1711,0.0020,0.0362,0.2375,0.0088,0.2126,0.0054,0.2273,0.0005
1785418998.59,87,drive,0,2.0,15.0,40.813,25.21,249.99,0.0445,0.1588,0.0005,0.1662,0.0005,0.1657,0.0015,0.0347,0.2361,0.0024,0.2136,0.0034,0.2263,0.0000
1785418998.68,87,drive,1,2.0,15.0,40.813,25.21,249.99,0.0435,0.1598,0.0010,0.1637,0.0005,0.1657,0.0024,0.0318,0.2380,0.0020,0.2087,0.0034,0.2287,0.0000
1785418999.65,88,base,0,0.0,15.0,40.733,25.21,249.99,0.0445,0.1608,0.0010,0.1588,0.0000,0.1745,0.0015,0.0244,0.2278,0.0327,0.1979,0.0049,0.2302,0.0000
1785418999.75,88,base,1,0.0,15.0,40.733,25.21,249.99,0.0445,0.1598,0.0005,0.1588,0.0000,0.1755,0.0059,0.0244,0.2287,0.0332,0.2004,0.0059,0.2273,0.0005
1785419000.64,88,drive,0,0.0,15.0,40.733,25.21,249.99,0.0425,0.1628,0.0005,0.1564,0.0000,0.1735,0.0029,0.0239,0.2283,0.0303,0.2009,0.0064,0.2307,0.0005
1785419000.73,88,drive,1,0.0,15.0,40.733,25.21,249.99,0.0401,0.1647,0.0000,0.1588,0.0000,0.1740,0.0059,0.0210,0.2268,0.0337,0.1994,0.0059,0.2287,0.0000
1785419001.63,88,drive,0,0.25,15.0,40.733,25.21,249.99,0.0435,0.1628,0.0000,0.1608,0.0005,0.1740,0.0034,0.0244,0.2273,0.0332,0.2009,0.0064,0.2263,0.0000
1785419001.72,88,drive,1,0.25,15.0,40.733,25.21,249.99,0.0430,0.1618,0.0000,0.1579,0.0010,0.1745,0.0024,0.0249,0.2258,0.0288,0.1999,0.0049,0.2273,0.0000
1785419002.61,88,drive,0,0.5,15.0,40.733,25.21,249.99,0.0440,0.1613,0.0005,0.1559,0.0005,0.1755,0.0059,0.0200,0.2263,0.0332,0.2014,0.0020,0.2268,0.0000
1785419002.70,88,drive,1,0.5,15.0,40.733,25.21,249.99,0.0459,0.1603,0.0000,0.1569,0.0000,0.1750,0.0039,0.0215,0.2248,0.0318,0.2009,0.0044,0.2258,0.0000
1785419003.59,88,drive,0,0.75,15.0,40.733,25.21,249.99,0.0464,0.1618,0.0000,0.1579,0.0000,0.1750,0.0029,0.0244,0.2239,0.0327,0.2023,0.0039,0.2263,0.0000
1785419003.68,88,drive,1,0.75,15.0,40.733,25.21,249.99,0.0440,0.1618,0.0005,0.1574,0.0005,0.1760,0.0044,0.0249,0.2283,0.0318,0.1989,0.0059,0.2322,0.0000
1785419004.57,88,drive,0,1.0,15.0,40.733,25.21,249.99,0.0455,0.1637,0.0000,0.1608,0.0000,0.1760,0.0024,0.0235,0.2273,0.0323,0.2004,0.0039,0.2278,0.0000
1785419004.67,88,drive,1,1.0,15.0,40.733,25.21,249.99,0.0425,0.1598,0.0000,0.1579,0.0005,0.1769,0.0015,0.0244,0.2268,0.0337,0.1984,0.0059,0.2287,0.0000
1785419005.56,88,drive,0,1.25,15.0,40.733,25.21,249.99,0.0435,0.1608,0.0000,0.1584,0.0005,0.1745,0.0020,0.0249,0.2258,0.0313,0.2019,0.0054,0.2263,0.0005
1785419005.65,88,drive,1,1.25,15.0,40.733,25.21,249.99,0.0440,0.1579,0.0005,0.1603,0.0000,0.1740,0.0020,0.0254,0.2268,0.0332,0.1979,0.0054,0.2283,0.0000
1785419006.55,88,drive,0,1.5,15.0,40.733,25.21,249.99,0.0411,0.1579,0.0000,0.1593,0.0010,0.1735,0.0029,0.0254,0.2278,0.0323,0.1979,0.0044,0.2326,0.0000
1785419006.64,88,drive,1,1.5,15.0,40.733,25.21,249.99,0.0425,0.1608,0.0005,0.1593,0.0005,0.1764,0.0049,0.0249,0.2268,0.0327,0.2014,0.0034,0.2278,0.0005
1785419007.53,88,drive,0,1.75,15.0,40.733,25.21,249.99,0.0445,0.1652,0.0005,0.1574,0.0005,0.1769,0.0044,0.0235,0.2287,0.0303,0.1984,0.0054,0.2263,0.0000
1785419007.62,88,drive,1,1.75,15.0,40.733,25.21,249.99,0.0450,0.1613,0.0000,0.1584,0.0005,0.1774,0.0024,0.0244,0.2283,0.0327,0.2014,0.0054,0.2273,0.0005
1785419008.51,88,drive,0,2.0,15.0,40.733,25.21,249.99,0.0411,0.1618,0.0005,0.1574,0.0000,0.1760,0.0024,0.0230,0.2278,0.0347,0.1984,0.0044,0.2278,0.0000
1785419008.60,88,drive,1,2.0,15.0,40.733,25.21,249.99,0.0459,0.1618,0.0005,0.1593,0.0000,0.1760,0.0029,0.0249,0.2273,0.0347,0.2023,0.0054,0.2283,0.0000
1785419009.58,89,base,0,0.0,15.0,40.713,25.21,249.99,0.0415,0.1584,0.0000,0.1603,0.0000,0.1735,0.0044,0.0264,0.2258,0.0313,0.1989,0.0054,0.2278,0.0000
1785419009.67,89,base,1,0.0,15.0,40.713,25.21,249.99,0.0430,0.1603,0.0000,0.1603,0.0005,0.1750,0.0024,0.0225,0.2283,0.0332,0.1989,0.0024,0.2278,0.0005
1785419010.55,89,drive,0,0.0,15.0,40.713,25.21,249.99,0.0450,0.1588,0.0005,0.1593,0.0000,0.1725,0.0029,0.0264,0.2263,0.0308,0.1994,0.0064,0.2273,0.0000
1785419010.65,89,drive,1,0.0,15.0,40.713,25.21,249.99,0.0415,0.1628,0.0005,0.1593,0.0005,0.1740,0.0029,0.0230,0.2268,0.0318,0.1994,0.0044,0.2268,0.0000
1785419011.54,89,drive,0,0.25,15.0,40.713,25.21,249.99,0.0420,0.1603,0.0000,0.1569,0.0010,0.1779,0.0039,0.0230,0.2273,0.0332,0.2033,0.0020,0.2278,0.0005
1785419011.63,89,drive,1,0.25,15.0,40.713,25.21,249.99,0.0440,0.1603,0.0000,0.1593,0.0000,0.1750,0.0020,0.0239,0.2263,0.0313,0.2019,0.0078,0.2258,0.0005
1785419012.52,89,drive,0,0.5,15.0,40.713,25.21,249.99,0.0459,0.1623,0.0000,0.1574,0.0005,0.1755,0.0024,0.0210,0.2248,0.0337,0.2004,0.0024,0.2307,0.0005
1785419012.61,89,drive,1,0.5,15.0,40.713,25.21,249.99,0.0430,0.1608,0.0000,0.1579,0.0000,0.1760,0.0020,0.0210,0.2268,0.0337,0.2019,0.0049,0.2297,0.0000
1785419013.51,89,drive,0,0.75,15.0,40.713,25.21,249.99,0.0445,0.1608,0.0005,0.1584,0.0005,0.1750,0.0020,0.0254,0.2283,0.0323,0.1994,0.0059,0.2248,0.0000
1785419013.60,89,drive,1,0.75,15.0,40.713,25.21,249.99,0.0464,0.1613,0.0000,0.1549,0.0005,0.1760,0.0034,0.0244,0.2268,0.0342,0.2004,0.0054,0.2273,0.0000
1785419014.49,89,drive,0,1.0,15.0,40.713,25.21,249.99,0.0445,0.1603,0.0000,0.1584,0.0000,0.1764,0.0039,0.0235,0.2273,0.0303,0.2014,0.0068,0.2283,0.0000
1785419014.58,89,drive,1,1.0,15.0,40.713,25.21,249.99,0.0415,0.1623,0.0005,0.1569,0.0000,0.1745,0.0034,0.0239,0.2278,0.0313,0.1989,0.0034,0.2278,0.0000
1785419015.47,89,drive,0,1.25,15.0,40.713,25.21,249.99,0.0440,0.1593,0.0000,0.1593,0.0000,0.1750,0.0024,0.0259,0.2283,0.0313,0.2014,0.0029,0.2292,0.0000
1785419015.56,89,drive,1,1.25,15.0,40.713,25.21,249.99,0.0435,0.1632,0.0000,0.1574,0.0000,0.1740,0.0034,0.0235,0.2263,0.0303,0.2004,0.0073,0.2273,0.0000
1785419016.46,89,drive,0,1.5,15.0,40.713,25.21,249.99,0.0415,0.1632,0.0000,0.1544,0.0015,0.1730,0.0024,0.0244,0.2278,0.0327,0.2009,0.0049,0.2268,0.0000
1785419016.55,89,drive,1,1.5,15.0,40.713,25.21,249.99,0.0435,0.1608,0.0005,0.1579,0.0005,0.1725,0.0015,0.0259,0.2258,0.0318,0.1999,0.0054,0.2253,0.0000
1785419017.44,89,drive,0,1.75,15.0,40.713,25.21,249.99,0.0430,0.1623,0.0005,0.1540,0.0000,0.1764,0.0059,0.0259,0.2292,0.0337,0.2004,0.0044,0.2268,0.0000
1785419017.54,89,drive,1,1.75,15.0,40.713,25.21,249.99,0.0445,0.1647,0.0005,0.1574,0.0000,0.1750,0.0054,0.0235,0.2278,0.0313,0.2019,0.0078,0.2292,0.0000
1785419018.43,89,drive,0,2.0,15.0,40.713,25.21,249.99,0.0352,0.1657,0.0132,0.1471,0.0088,0.1848,0.0122,0.0269,0.2405,0.0415,0.2004,0.0083,0.2370,0.0034
1785419018.52,89,drive,1,2.0,15.0,40.713,25.21,249.99,0.0479,0.1476,0.0142,0.1686,0.0044,0.1745,0.0210,0.0293,0.2141,0.0464,0.2058,0.0161,0.2287,0.0122
1785419019.50,90,base,0,0.0,15.0,40.753,25.21,249.99,0.0489,0.1657,0.0005,0.1584,0.0024,0.1711,0.0171,0.0215,0.2278,0.0376,0.2033,0.0093,0.2278,0.0024
1785419019.59,90,base,1,0.0,15.0,40.753,25.21,249.99,0.0450,0.1637,0.0103,0.1584,0.0005,0.1799,0.0117,0.0279,0.2253,0.0298,0.2058,0.0200,0.2278,0.0029
1785419020.48,90,drive,0,0.0,15.0,40.753,25.21,249.99,0.0425,0.1588,0.0068,0.1642,0.0010,0.1784,0.0103,0.0225,0.2273,0.0352,0.1989,0.0112,0.2234,0.0020
1785419020.58,90,drive,1,0.0,15.0,40.753,25.21,249.99,0.0528,0.1613,0.0010,0.1530,0.0015,0.1784,0.0088,0.0259,0.2258,0.0357,0.1984,0.0073,0.2312,0.0005
1785419021.47,90,drive,0,0.25,15.0,40.753,25.21,249.99,0.0367,0.1603,0.0005,0.1579,0.0059,0.1701,0.0132,0.0230,0.2331,0.0327,0.2009,0.0112,0.2219,0.0034
1785419021.56,90,drive,1,0.25,15.0,40.753,25.21,249.99,0.0440,0.1628,0.0039,0.1579,0.0000,0.1833,0.0044,0.0254,0.2307,0.0352,0.2053,0.0073,0.2302,0.0029
1785419022.45,90,drive,0,0.5,15.0,40.753,25.21,249.99,0.0391,0.1672,0.0010,0.1608,0.0020,0.1730,0.0073,0.0220,0.2239,0.0288,0.2023,0.0117,0.2307,0.0020
1785419022.55,90,drive,1,0.5,15.0,40.753,25.21,249.99,0.0499,0.1618,0.0015,0.1554,0.0044,0.1711,0.0049,0.0230,0.2243,0.0318,0.1989,0.0088,0.2214,0.0020
1785419023.43,90,drive,0,0.75,15.0,40.753,25.21,249.99,0.0455,0.1613,0.0005,0.1593,0.0020,0.1755,0.0078,0.0249,0.2302,0.0313,0.1979,0.0122,0.2292,0.0015
1785419023.52,90,drive,1,0.75,15.0,40.753,25.21,249.99,0.0401,0.1637,0.0034,0.1613,0.0059,0.1706,0.0064,0.0230,0.2326,0.0308,0.2014,0.0137,0.2273,0.0024
1785419024.42,90,drive,0,1.0,15.0,40.753,25.21,249.99,0.0503,0.1647,0.0015,0.1579,0.0073,0.1760,0.0059,0.0249,0.2214,0.0352,0.2009,0.0078,0.2239,0.0020
1785419024.51,90,drive,1,1.0,15.0,40.753,25.21,249.99,0.0479,0.1554,0.0068,0.1559,0.0049,0.1725,0.0068,0.0283,0.2278,0.0318,0.1979,0.0083,0.2297,0.0049
1785419025.40,90,drive,0,1.25,15.0,40.753,25.21,249.99,0.0474,0.1628,0.0029,0.1549,0.0024,0.1784,0.0064,0.0239,0.2239,0.0323,0.2009,0.0132,0.2287,0.0020
1785419025.49,90,drive,1,1.25,15.0,40.753,25.21,249.99,0.0425,0.1608,0.0015,0.1628,0.0044,0.1720,0.0049,0.0244,0.2248,0.0283,0.1999,0.0073,0.2331,0.0010
1785419026.38,90,drive,0,1.5,15.0,40.753,25.21,249.99,0.0450,0.1657,0.0029,0.1632,0.0103,0.1740,0.0054,0.0244,0.2317,0.0323,0.1999,0.0093,0.2229,0.0015
1785419026.48,90,drive,1,1.5,15.0,40.753,25.21,249.99,0.0459,0.1593,0.0005,0.1579,0.0064,0.1750,0.0112,0.0244,0.2273,0.0298,0.1950,0.0024,0.2307,0.0068
1785419027.37,90,drive,0,1.75,15.0,40.753,25.21,249.99,0.0508,0.1628,0.0020,0.1598,0.0020,0.1818,0.0064,0.0235,0.2253,0.0342,0.2028,0.0083,0.2283,0.0015
1785419027.46,90,drive,1,1.75,15.0,40.753,25.21,249.99,0.0371,0.1647,0.0039,0.1574,0.0010,0.1711,0.0132,0.0191,0.2361,0.0327,0.1999,0.0112,0.2243,0.0054
1785419028.35,90,drive,0,2.0,15.0,40.753,25.21,249.99,0.0425,0.1603,0.0010,0.1569,0.0068,0.1701,0.0122,0.0303,0.2273,0.0264,0.2028,0.0064,0.2170,0.0010
1785419028.44,90,drive,1,2.0,15.0,40.753,25.21,249.99,0.0489,0.1598,0.0147,0.1593,0.0005,0.1657,0.0073,0.0254,0.2263,0.0327,0.2043,0.0132,0.2234,0.0054
1785419029.40,91,base,0,0.0,15.0,40.693,25.21,249.99,0.0396,0.1662,0.0010,0.1603,0.0068,0.1706,0.0171,0.0303,0.2307,0.0362,0.2063,0.0029,0.2234,0.0029
1785419029.50,91,base,1,0.0,15.0,40.693,25.21,249.99,0.0440,0.1584,0.0166,0.1588,0.0015,0.1735,0.0054,0.0230,0.2224,0.0337,0.1979,0.0093,0.2287,0.0200
1785419030.39,91,drive,0,0.0,15.0,40.693,25.21,249.99,0.0425,0.1676,0.0005,0.1559,0.0127,0.1745,0.0132,0.0239,0.2283,0.0357,0.1975,0.0024,0.2278,0.0000
1785419030.48,91,drive,1,0.0,15.0,40.693,25.21,249.99,0.0420,0.1603,0.0073,0.1559,0.0010,0.1852,0.0059,0.0230,0.2175,0.0313,0.2009,0.0132,0.2253,0.0029
1785419031.37,91,drive,0,0.25,15.0,40.693,25.21,249.99,0.0381,0.1603,0.0244,0.1593,0.0000,0.1799,0.0088,0.0283,0.2278,0.0313,0.1984,0.0122,0.2253,0.0127
1785419031.46,91,drive,1,0.25,15.0,40.693,25.21,249.99,0.0523,0.1598,0.0303,0.1628,0.0015,0.1623,0.0068,0.0215,0.2219,0.0318,0.2009,0.0176,0.2307,0.0186
1785419032.35,91,drive,0,0.5,15.0,40.693,25.21,249.99,0.0440,0.1623,0.0005,0.1569,0.0000,0.1745,0.0015,0.0225,0.2278,0.0323,0.2004,0.0059,0.2297,0.0000
1785419032.44,91,drive,1,0.5,15.0,40.693,25.21,249.99,0.0445,0.1637,0.0000,0.1584,0.0000,0.1760,0.0024,0.0254,0.2283,0.0327,0.2004,0.0064,0.2283,0.0000
1785419033.33,91,drive,0,0.75,15.0,40.693,25.21,249.99,0.0459,0.1613,0.0000,0.1579,0.0000,0.1750,0.0039,0.0259,0.2258,0.0332,0.2014,0.0059,0.2278,0.0000
1785419033.43,91,drive,1,0.75,15.0,40.693,25.21,249.99,0.0435,0.1623,0.0005,0.1598,0.0005,0.1760,0.0034,0.0244,0.2273,0.0318,0.1999,0.0059,0.2312,0.0000
1785419034.32,91,drive,0,1.0,15.0,40.693,25.21,249.99,0.0455,0.1603,0.0005,0.1623,0.0005,0.1755,0.0015,0.0254,0.2297,0.0332,0.1979,0.0064,0.2283,0.0000
1785419034.41,91,drive,1,1.0,15.0,40.693,25.21,249.99,0.0450,0.1628,0.0000,0.1569,0.0005,0.1760,0.0034,0.0254,0.2283,0.0332,0.2009,0.0034,0.2273,0.0000
1785419035.31,91,drive,0,1.25,15.0,40.693,25.21,249.99,0.0435,0.1584,0.0000,0.1593,0.0005,0.1750,0.0029,0.0225,0.2278,0.0323,0.1975,0.0029,0.2307,0.0015
1785419035.40,91,drive,1,1.25,15.0,40.693,25.21,249.99,0.0406,0.1632,0.0005,0.1579,0.0000,0.1760,0.0044,0.0200,0.2273,0.0318,0.1999,0.0064,0.2292,0.0000
1785419036.29,91,drive,0,1.5,15.0,40.693,25.21,249.99,0.0425,0.1632,0.0010,0.1559,0.0000,0.1774,0.0044,0.0235,0.2278,0.0323,0.2009,0.0039,0.2278,0.0000
1785419036.39,91,drive,1,1.5,15.0,40.693,25.21,249.99,0.0455,0.1593,0.0000,0.1584,0.0000,0.1740,0.0034,0.0215,0.2278,0.0313,0.1999,0.0073,0.2278,0.0005
1785419037.27,91,drive,0,1.75,15.0,40.693,25.21,249.99,0.0440,0.1613,0.0010,0.1608,0.0000,0.1725,0.0015,0.0264,0.2268,0.0293,0.1999,0.0054,0.2297,0.0020
1785419037.37,91,drive,1,1.75,15.0,40.693,25.21,249.99,0.0415,0.1603,0.0000,0.1598,0.0000,0.1764,0.0024,0.0249,0.2278,0.0337,0.2009,0.0049,0.2268,0.0015
1785419038.26,91,drive,0,2.0,15.0,40.693,25.21,249.99,0.0415,0.1608,0.0000,0.1598,0.0000,0.1725,0.0044,0.0249,0.2278,0.0298,0.2014,0.0068,0.2287,0.0000
1785419038.35,91,drive,1,2.0,15.0,40.693,25.21,249.99,0.0420,0.1579,0.0000,0.1574,0.0000,0.1730,0.0024,0.0230,0.2268,0.0318,0.2009,0.0024,0.2297,0.0000
1785419039.33,92,base,0,0.0,15.0,40.713,25.21,249.99,0.0401,0.1637,0.0000,0.1574,0.0000,0.1735,0.0024,0.0230,0.2278,0.0337,0.1994,0.0064,0.2292,0.0005
1785419039.42,92,base,1,0.0,15.0,40.713,25.21,249.99,0.0430,0.1608,0.0000,0.1549,0.0000,0.1755,0.0034,0.0215,0.2248,0.0283,0.2023,0.0044,0.2278,0.0000
1785419040.31,92,drive,0,0.0,15.0,40.713,25.21,249.99,0.0440,0.1623,0.0005,0.1588,0.0005,0.1735,0.0029,0.0264,0.2297,0.0327,0.1989,0.0044,0.2253,0.0005
1785419040.41,92,drive,1,0.0,15.0,40.713,25.21,249.99,0.0440,0.1608,0.0000,0.1593,0.0000,0.1735,0.0034,0.0239,0.2278,0.0323,0.1994,0.0044,0.2273,0.0000
1785419041.30,92,drive,0,0.25,15.0,40.713,25.21,249.99,0.0450,0.1628,0.0005,0.1584,0.0010,0.1740,0.0039,0.0259,0.2278,0.0323,0.2033,0.0093,0.2283,0.0000
1785419041.39,92,drive,1,0.25,15.0,40.713,25.21,249.99,0.0440,0.1613,0.0000,0.1603,0.0010,0.1745,0.0034,0.0283,0.2283,0.0323,0.2009,0.0044,0.2312,0.0005
1785419042.28,92,drive,0,0.5,15.0,40.713,25.21,249.99,0.0367,0.1608,0.0117,0.1544,0.0103,0.1760,0.0225,0.0205,0.2341,0.0420,0.1965,0.0127,0.2346,0.0117
1785419042.38,92,drive,1,0.5,15.0,40.713,25.21,249.99,0.0391,0.1725,0.0068,0.1549,0.0049,0.1891,0.0103,0.0264,0.2414,0.0357,0.2063,0.0078,0.2439,0.0059
1785419043.27,92,drive,0,0.75,15.0,40.713,25.21,249.99,0.0415,0.1373,0.0083,0.1799,0.0200,0.1686,0.0064,0.0210,0.2258,0.0376,0.1906,0.0308,0.2361,0.0186
1785419043.37,92,drive,1,0.75,15.0,40.713,25.21,249.99,0.0464,0.1696,0.0078,0.1540,0.0235,0.1760,0.0142,0.0323,0.2341,0.0337,0.1921,0.0147,0.2419,0.0073
1785419044.26,92,drive,0,1.0,15.0,40.713,25.21,249.99,0.0440,0.1764,0.0127,0.1642,0.0049,0.1691,0.0142,0.0249,0.2258,0.0288,0.2126,0.0103,0.2317,0.0112
1785419044.35,92,drive,1,1.0,15.0,40.713,25.21,249.99,0.0494,0.1510,0.0054,0.1574,0.0088,0.1711,0.0176,0.0313,0.2331,0.0484,0.2092,0.0073,0.2248,0.0054
1785419045.24,92,drive,0,1.25,15.0,40.713,25.21,249.99,0.0479,0.1667,0.0098,0.1510,0.0034,0.1843,0.0073,0.0332,0.2170,0.0318,0.2023,0.0112,0.2273,0.0054
1785419045.34,92,drive,1,1.25,15.0,40.713,25.21,249.99,0.0376,0.1652,0.0054,0.1652,0.0015,0.1735,0.0152,0.0215,0.2356,0.0274,0.1984,0.0181,0.2287,0.0098
1785419046.23,92,drive,0,1.5,15.0,40.713,25.21,249.99,0.0430,0.1637,0.0029,0.1598,0.0078,0.1740,0.0142,0.0230,0.2361,0.0288,0.1994,0.0117,0.2258,0.0142
1785419046.33,92,drive,1,1.5,15.0,40.713,25.21,249.99,0.0459,0.1676,0.0103,0.1613,0.0137,0.1632,0.0108,0.0127,0.2385,0.0415,0.2067,0.0122,0.2185,0.0059
1785419047.21,92,drive,0,1.75,15.0,40.713,25.21,249.99,0.0396,0.1608,0.0049,0.1564,0.0044,0.1691,0.0152,0.0283,0.2292,0.0337,0.1994,0.0117,0.2292,0.0044
1785419047.31,92,drive,1,1.75,15.0,40.713,25.21,249.99,0.0587,0.1735,0.0044,0.1613,0.0088,0.1755,0.0073,0.0269,0.2234,0.0220,0.2053,0.0171,0.2278,0.0083
1785419048.20,92,drive,0,2.0,15.0,40.713,25.21,249.99,0.0391,0.1540,0.0044,0.1637,0.0098,0.1789,0.0112,0.0327,0.2190,0.0313,0.2004,0.0176,0.2297,0.0064
1785419048.29,92,drive,1,2.0,15.0,40.713,25.21,249.99,0.0391,0.1652,0.0068,0.1588,0.0083,0.1774,0.0117,0.0303,0.2287,0.0332,0.1896,0.0152,0.2283,0.0112
1785419049.26,93,base,0,0.0,15.0,40.753,25.21,249.99,0.0401,0.1549,0.0049,0.1608,0.0064,0.1686,0.0093,0.0347,0.2283,0.0264,0.2038,0.0142,0.2307,0.0068
1785419049.36,93,base,1,0.0,15.0,40.753,25.21,249.99,0.0415,0.1496,0.0024,0.1613,0.0068,0.1720,0.0176,0.0215,0.2292,0.0308,0.2107,0.0088,0.2219,0.0093
1785419050.25,93,drive,0,0.0,15.0,40.753,25.21,249.99,0.0411,0.1628,0.0093,0.1603,0.0059,0.1735,0.0127,0.0274,0.2297,0.0337,0.2023,0.0117,0.2292,0.0054
1785419050.34,93,drive,1,0.0,15.0,40.753,25.21,249.99,0.0518,0.1564,0.0064,0.1637,0.0064,0.1706,0.0103,0.0283,0.2160,0.0337,0.1955,0.0235,0.2243,0.0152
1785419051.23,93,drive,0,0.25,15.0,40.753,25.21,249.99,0.0484,0.1554,0.0103,0.1549,0.0108,0.1696,0.0088,0.0303,0.2307,0.0347,0.2067,0.0073,0.2234,0.0142
1785419051.33,93,drive,1,0.25,15.0,40.753,25.21,249.99,0.0503,0.1540,0.0156,0.1608,0.0078,0.1750,0.0112,0.0308,0.2190,0.0332,0.2004,0.0039,0.2165,0.0122
1785419052.21,93,drive,0,0.5,15.0,40.753,25.21,249.99,0.0396,0.1711,0.0093,0.1535,0.0078,0.1779,0.0073,0.0244,0.2366,0.0371,0.2063,0.0117,0.2258,0.0049
1785419052.31,93,drive,1,0.5,15.0,40.753,25.21,249.99,0.0386,0.1647,0.0098,0.1588,0.0068,0.1760,0.0103,0.0274,0.2273,0.0367,0.2004,0.0049,0.2361,0.0054
1785419053.19,93,drive,0,0.75,15.0,40.753,25.21,249.99,0.0464,0.1725,0.0117,0.1540,0.0049,0.1725,0.0098,0.0239,0.2253,0.0342,0.1984,0.0122,0.2278,0.0073
1785419053.28,93,drive,1,0.75,15.0,40.753,25.21,249.99,0.0464,0.1584,0.0049,0.1637,0.0083,0.1823,0.0103,0.0332,0.2234,0.0308,0.2063,0.0142,0.2253,0.0034
1785419054.17,93,drive,0,1.0,15.0,40.753,25.21,249.99,0.0406,0.1466,0.0083,0.1642,0.0127,0.1799,0.0073,0.0381,0.2185,0.0401,0.2028,0.0137,0.2287,0.0088
1785419054.27,93,drive,1,1.0,15.0,40.753,25.21,249.99,0.0557,0.1662,0.0029,0.1608,0.0068,0.1720,0.0083,0.0274,0.2292,0.0313,0.1994,0.0093,0.2307,0.0064
1785419055.16,93,drive,0,1.25,15.0,40.753,25.21,249.99,0.0503,0.1549,0.0083,0.1549,0.0034,0.1691,0.0147,0.0235,0.2302,0.0357,0.2058,0.0156,0.2283,0.0059
1785419055.25,93,drive,1,1.25,15.0,40.753,25.21,249.99,0.0474,0.1505,0.0108,0.1544,0.0073,0.1711,0.0137,0.0249,0.2297,0.0489,0.2009,0.0200,0.2248,0.0068
1785419056.14,93,drive,0,1.5,15.0,40.753,25.21,249.99,0.0386,0.1681,0.0034,0.1535,0.0088,0.1720,0.0205,0.0235,0.2307,0.0274,0.1970,0.0215,0.2195,0.0015
1785419056.23,93,drive,1,1.5,15.0,40.753,25.21,249.99,0.0591,0.1593,0.0068,0.1579,0.0073,0.1740,0.0088,0.0254,0.2248,0.0318,0.2004,0.0108,0.2219,0.0049
1785419057.12,93,drive,0,1.75,15.0,40.753,25.21,249.99,0.0469,0.1598,0.0049,0.1579,0.0152,0.1774,0.0054,0.0308,0.2204,0.0327,0.1911,0.0156,0.2258,0.0020
1785419057.22,93,drive,1,1.75,15.0,40.753,25.21,249.99,0.0459,0.1535,0.0054,0.1515,0.0088,0.1720,0.0034,0.0386,0.2366,0.0376,0.2048,0.0142,0.2302,0.0024
1785419058.11,93,drive,0,2.0,15.0,40.753,25.21,249.99,0.0494,0.1598,0.0039,0.1598,0.0191,0.1760,0.0122,0.0425,0.2336,0.0269,0.2019,0.0137,0.2297,0.0108
1785419058.21,93,drive,1,2.0,15.0,40.753,25.21,249.99,0.0440,0.1584,0.0093,0.1481,0.0122,0.1764,0.0103,0.0235,0.2243,0.0391,0.1950,0.0239,0.2253,0.0049
1785419059.16,94,base,0,0.0,15.0,40.673,25.21,249.99,0.0459,0.1603,0.0117,0.1637,0.0156,0.1769,0.0147,0.0269,0.2229,0.0376,0.2058,0.0132,0.2273,0.0093
1785419059.26,94,base,1,0.0,15.0,40.673,25.21,249.99,0.0376,0.1672,0.0064,0.1662,0.0166,0.1794,0.0176,0.0308,0.2287,0.0337,0.2146,0.0083,0.2317,0.0083
1785419060.15,94,drive,0,0.0,15.0,40.673,25.21,249.99,0.0386,0.1711,0.0068,0.1554,0.0103,0.1716,0.0103,0.0264,0.2258,0.0283,0.1965,0.0117,0.2253,0.0103
1785419060.25,94,drive,1,0.0,15.0,40.673,25.21,249.99,0.0455,0.1676,0.0073,0.1593,0.0078,0.1735,0.0083,0.0303,0.2258,0.0347,0.2028,0.0088,0.2253,0.0073
1785419061.14,94,drive,0,0.25,15.0,40.673,25.21,249.99,0.0459,0.1584,0.0073,0.1559,0.0103,0.1725,0.0112,0.0230,0.2317,0.0279,0.2067,0.0122,0.2341,0.0059
1785419061.23,94,drive,1,0.25,15.0,40.673,25.21,249.99,0.0440,0.1657,0.0034,0.1584,0.0064,0.1823,0.0073,0.0288,0.2331,0.0323,0.1960,0.0137,0.2248,0.0073
1785419062.12,94,drive,0,0.5,15.0,40.673,25.21,249.99,0.0415,0.1642,0.0093,0.1574,0.0068,0.1735,0.0049,0.0239,0.2317,0.0347,0.1970,0.0103,0.2234,0.0108
1785419062.22,94,drive,1,0.5,15.0,40.673,25.21,249.99,0.0435,0.1657,0.0073,0.1613,0.0005,0.1804,0.0122,0.0215,0.2253,0.0318,0.2009,0.0127,0.2273,0.0049
1785419063.11,94,drive,0,0.75,15.0,40.673,25.21,249.99,0.0445,0.1696,0.0015,0.1618,0.0073,0.1823,0.0020,0.0230,0.2263,0.0279,0.2136,0.0010,0.2336,0.0010
1785419063.20,94,drive,1,0.75,15.0,40.673,25.21,249.99,0.0474,0.1642,0.0000,0.1486,0.0024,0.1760,0.0166,0.0235,0.2234,0.0357,0.1989,0.0142,0.2199,0.0000
1785419064.09,94,drive,0,1.0,15.0,40.673,25.21,249.99,0.0342,0.1613,0.0024,0.1632,0.0005,0.1789,0.0127,0.0225,0.2268,0.0332,0.2023,0.0191,0.2248,0.0005
1785419064.18,94,drive,1,1.0,15.0,40.673,25.21,249.99,0.0484,0.1672,0.0020,0.1525,0.0015,0.1760,0.0137,0.0205,0.2297,0.0352,0.1984,0.0200,0.2268,0.0010
1785419065.07,94,drive,0,1.25,15.0,40.673,25.21,249.99,0.0474,0.1593,0.0029,0.1510,0.0044,0.1740,0.0235,0.0235,0.2297,0.0347,0.2004,0.0068,0.2219,0.0020
1785419065.17,94,drive,1,1.25,15.0,40.673,25.21,249.99,0.0396,0.1681,0.0010,0.1647,0.0093,0.1764,0.0161,0.0210,0.2297,0.0357,0.2048,0.0039,0.2326,0.0024
1785419066.05,94,drive,0,1.5,15.0,40.673,25.21,249.99,0.0386,0.1613,0.0171,0.1530,0.0000,0.1843,0.0054,0.0264,0.2302,0.0347,0.1989,0.0103,0.2253,0.0196
1785419066.15,94,drive,1,1.5,15.0,40.673,25.21,249.99,0.0430,0.1613,0.0005,0.1608,0.0000,0.1750,0.0015,0.0244,0.2297,0.0337,0.1989,0.0034,0.2302,0.0000
1785419067.04,94,drive,0,1.75,15.0,40.673,25.21,249.99,0.0464,0.1647,0.0000,0.1593,0.0005,0.1725,0.0034,0.0230,0.2297,0.0347,0.2004,0.0034,0.2278,0.0000
1785419067.13,94,drive,1,1.75,15.0,40.673,25.21,249.99,0.0425,0.1623,0.0000,0.1598,0.0005,0.1716,0.0024,0.0249,0.2273,0.0327,0.2023,0.0049,0.2287,0.0000
1785419068.02,94,drive,0,2.0,15.0,40.673,25.21,249.99,0.0420,0.1608,0.0000,0.1593,0.0000,0.1745,0.0005,0.0230,0.2258,0.0337,0.2033,0.0034,0.2268,0.0000
1785419068.12,94,drive,1,2.0,15.0,40.673,25.21,249.99,0.0455,0.1628,0.0000,0.1613,0.0000,0.1735,0.0049,0.0220,0.2322,0.0342,0.1999,0.0044,0.2273,0.0010
1785419069.09,95,base,0,0.0,15.0,40.753,25.21,249.99,0.0445,0.1652,0.0000,0.1559,0.0000,0.1740,0.0054,0.0235,0.2292,0.0308,0.1989,0.0078,0.2278,0.0000
1785419069.18,95,base,1,0.0,15.0,40.753,25.21,249.99,0.0459,0.1628,0.0000,0.1588,0.0020,0.1740,0.0054,0.0225,0.2287,0.0327,0.2009,0.0029,0.2287,0.0005
1785419070.07,95,drive,0,0.0,15.0,40.753,25.21,249.99,0.0420,0.1613,0.0000,0.1569,0.0005,0.1745,0.0039,0.0254,0.2278,0.0298,0.2014,0.0054,0.2273,0.0000
1785419070.17,95,drive,1,0.0,15.0,40.753,25.21,249.99,0.0455,0.1608,0.0000,0.1584,0.0005,0.1745,0.0020,0.0230,0.2283,0.0332,0.1999,0.0054,0.2287,0.0000
1785419071.06,95,drive,0,0.25,15.0,40.753,25.21,249.99,0.0430,0.1628,0.0000,0.1608,0.0000,0.1764,0.0015,0.0225,0.2287,0.0318,0.2014,0.0049,0.2292,0.0000
1785419071.15,95,drive,1,0.25,15.0,40.753,25.21,249.99,0.0459,0.1598,0.0005,0.1569,0.0000,0.1745,0.0044,0.0244,0.2258,0.0332,0.1989,0.0049,0.2287,0.0000
1785419072.04,95,drive,0,0.5,15.0,40.753,25.21,249.99,0.0450,0.1647,0.0000,0.1559,0.0000,0.1755,0.0024,0.0254,0.2283,0.0357,0.2038,0.0044,0.2253,0.0000
1785419072.14,95,drive,1,0.5,15.0,40.753,25.21,249.99,0.0440,0.1608,0.0005,0.1593,0.0005,0.1735,0.0020,0.0249,0.2302,0.0347,0.1989,0.0039,0.2278,0.0000
1785419073.02,95,drive,0,0.75,15.0,40.753,25.21,249.99,0.0425,0.1632,0.0005,0.1593,0.0000,0.1764,0.0034,0.0264,0.2297,0.0327,0.1970,0.0059,0.2278,0.0000
1785419073.12,95,drive,1,0.75,15.0,40.753,25.21,249.99,0.0450,0.1632,0.0000,0.1588,0.0005,0.1769,0.0005,0.0264,0.2307,0.0327,0.1960,0.0039,0.2268,0.0000
1785419074.00,95,drive,0,1.0,15.0,40.753,25.21,249.99,0.0450,0.1618,0.0000,0.1613,0.0000,0.1750,0.0020,0.0239,0.2292,0.0327,0.1970,0.0054,0.2273,0.0005
1785419074.10,95,drive,1,1.0,15.0,40.753,25.21,249.99,0.0401,0.1657,0.0000,0.1608,0.0005,0.1740,0.0024,0.0249,0.2292,0.0332,0.1960,0.0039,0.2283,0.0005
1785419074.99,95,drive,0,1.25,15.0,40.753,25.21,249.99,0.0464,0.1652,0.0000,0.1637,0.0010,0.1740,0.0029,0.0235,0.2283,0.0342,0.1945,0.0039,0.2268,0.0000
1785419075.08,95,drive,1,1.25,15.0,40.753,25.21,249.99,0.0469,0.1613,0.0000,0.1613,0.0010,0.1764,0.0024,0.0269,0.2263,0.0371,0.1955,0.0044,0.2283,0.0000
1785419075.97,95,drive,0,1.5,15.0,40.753,25.21,249.99,0.0455,0.1628,0.0000,0.1628,0.0000,0.1764,0.0015,0.0264,0.2239,0.0386,0.1906,0.0034,0.2253,0.0000
1785419076.07,95,drive,1,1.5,15.0,40.753,25.21,249.99,0.0459,0.1637,0.0015,0.1632,0.0010,0.1755,0.0034,0.0249,0.2287,0.0396,0.1931,0.0064,0.2273,0.0000
1785419076.96,95,drive,0,1.75,15.0,40.753,25.21,249.99,0.0450,0.1608,0.0000,0.1657,0.0010,0.1794,0.0024,0.0244,0.2302,0.0450,0.1867,0.0029,0.2248,0.0005
1785419077.05,95,drive,1,1.75,15.0,40.753,25.21,249.99,0.0474,0.1662,0.0000,0.1632,0.0010,0.1804,0.0029,0.0235,0.2297,0.0450,0.1852,0.0034,0.2229,0.0000
1785419077.94,95,drive,0,2.0,15.0,40.753,25.21,249.99,0.0445,0.1637,0.0000,0.1652,0.0000,0.1804,0.0020,0.0264,0.2292,0.0533,0.1838,0.0010,0.2239,0.0000
1785419078.03,95,drive,1,2.0,15.0,40.753,25.21,249.99,0.0469,0.1642,0.0000,0.1623,0.0000,0.1828,0.0029,0.0215,0.2268,0.0538,0.1848,0.0029,0.2234,0.0005
1785419079.00,96,base,0,0.0,15.0,40.713,25.21,249.99,0.0440,0.1672,0.0000,0.1584,0.0015,0.1764,0.0024,0.0254,0.2263,0.0323,0.2019,0.0049,0.2273,0.0000
1785419079.09,96,base,1,0.0,15.0,40.713,25.21,249.99,0.0445,0.1623,0.0005,0.1588,0.0000,0.1711,0.0039,0.0235,0.2278,0.0327,0.2019,0.0029,0.2273,0.0005
1785419079.98,96,drive,0,0.0,15.0,40.713,25.21,249.99,0.0450,0.1628,0.0000,0.1564,0.0005,0.1774,0.0029,0.0230,0.2253,0.0323,0.2004,0.0064,0.2258,0.0000
1785419080.08,96,drive,1,0.0,15.0,40.713,25.21,249.99,0.0455,0.1618,0.0000,0.1593,0.0000,0.1755,0.0015,0.0225,0.2278,0.0332,0.2004,0.0044,0.2283,0.0000
1785419080.97,96,drive,0,0.25,15.0,40.713,25.21,249.99,0.0435,0.1623,0.0000,0.1588,0.0005,0.1750,0.0029,0.0225,0.2278,0.0318,0.1989,0.0034,0.2273,0.0005
1785419081.07,96,drive,1,0.25,15.0,40.713,25.21,249.99,0.0425,0.1613,0.0000,0.1579,0.0000,0.1755,0.0049,0.0264,0.2283,0.0337,0.2004,0.0029,0.2297,0.0000
1785419081.96,96,drive,0,0.5,15.0,40.713,25.21,249.99,0.0455,0.1618,0.0000,0.1593,0.0005,0.1750,0.0059,0.0230,0.2283,0.0303,0.2019,0.0059,0.2283,0.0000
1785419082.05,96,drive,1,0.5,15.0,40.713,25.21,249.99,0.0455,0.1618,0.0000,0.1584,0.0005,0.1774,0.0049,0.0274,0.2268,0.0298,0.2014,0.0039,0.2263,0.0005
1785419082.94,96,drive,0,0.75,15.0,40.713,25.21,249.99,0.0440,0.1603,0.0000,0.1593,0.0000,0.1735,0.0039,0.0283,0.2307,0.0327,0.1994,0.0068,0.2263,0.0000
1785419083.03,96,drive,1,0.75,15.0,40.713,25.21,249.99,0.0464,0.1637,0.0000,0.1588,0.0000,0.1760,0.0039,0.0244,0.2278,0.0293,0.2009,0.0034,0.2258,0.0000
1785419083.92,96,drive,0,1.0,15.0,40.713,25.21,249.99,0.0401,0.1608,0.0000,0.1593,0.0005,0.1740,0.0044,0.0283,0.2326,0.0318,0.1989,0.0039,0.2292,0.0000
1785419084.02,96,drive,1,1.0,15.0,40.713,25.21,249.99,0.0406,0.1637,0.0000,0.1584,0.0000,0.1760,0.0039,0.0283,0.2297,0.0293,0.1975,0.0054,0.2292,0.0005
1785419084.91,96,drive,0,1.25,15.0,40.713,25.21,249.99,0.0459,0.1632,0.0000,0.1574,0.0010,0.1755,0.0034,0.0279,0.2346,0.0327,0.2009,0.0024,0.2283,0.0010
1785419085.00,96,drive,1,1.25,15.0,40.713,25.21,249.99,0.0459,0.1667,0.0000,0.1593,0.0000,0.1779,0.0059,0.0269,0.2322,0.0308,0.1994,0.0064,0.2273,0.0005
1785419085.89,96,drive,0,1.5,15.0,40.713,25.21,249.99,0.0435,0.1628,0.0000,0.1623,0.0005,0.1740,0.0059,0.0279,0.2326,0.0288,0.1994,0.0039,0.2278,0.0005
1785419085.98,96,drive,1,1.5,15.0,40.713,25.21,249.99,0.0425,0.1618,0.0000,0.1613,0.0000,0.1755,0.0073,0.0308,0.2326,0.0303,0.1999,0.0059,0.2283,0.0000
1785419086.87,96,drive,0,1.75,15.0,40.713,25.21,249.99,0.0445,0.1623,0.0000,0.1667,0.0000,0.1725,0.0039,0.0293,0.2346,0.0318,0.1975,0.0034,0.2292,0.0010
1785419086.96,96,drive,1,1.75,15.0,40.713,25.21,249.99,0.0445,0.1603,0.0005,0.1642,0.0000,0.1745,0.0083,0.0279,0.2331,0.0308,0.2004,0.0059,0.2292,0.0005
1785419087.85,96,drive,0,2.0,15.0,40.713,25.21,249.99,0.0484,0.1608,0.0000,0.1716,0.0005,0.1725,0.0049,0.0244,0.2322,0.0318,0.1984,0.0039,0.2312,0.0000
1785419087.95,96,drive,1,2.0,15.0,40.713,25.21,249.99,0.0435,0.1632,0.0000,0.1711,0.0000,0.1725,0.0044,0.0220,0.2331,0.0323,0.1984,0.0034,0.2292,0.0005
1785419088.92,97,base,0,0.0,15.0,40.693,25.21,250.00,0.0425,0.1603,0.0000,0.1598,0.0010,0.1760,0.0039,0.0244,0.2287,0.0342,0.1994,0.0039,0.2263,0.0000
1785419089.02,97,base,1,0.0,15.0,40.693,25.21,250.00,0.0445,0.1628,0.0000,0.1579,0.0000,0.1755,0.0024,0.0254,0.2287,0.0327,0.1984,0.0039,0.2268,0.0000
1785419089.90,97,drive,0,0.0,15.0,40.693,25.21,250.00,0.0411,0.1608,0.0000,0.1579,0.0005,0.1750,0.0024,0.0225,0.2302,0.0337,0.1984,0.0034,0.2292,0.0000
1785419089.99,97,drive,1,0.0,15.0,40.693,25.21,250.00,0.0430,0.1603,0.0000,0.1593,0.0005,0.1735,0.0024,0.0220,0.2287,0.0342,0.2019,0.0015,0.2258,0.0015
1785419090.89,97,drive,0,0.25,15.0,40.693,25.21,250.00,0.0415,0.1647,0.0000,0.1584,0.0010,0.1760,0.0039,0.0235,0.2273,0.0327,0.1994,0.0064,0.2283,0.0000
1785419090.98,97,drive,1,0.25,15.0,40.693,25.21,250.00,0.0440,0.1603,0.0005,0.1574,0.0005,0.1720,0.0054,0.0249,0.2283,0.0313,0.2009,0.0059,0.2292,0.0000
1785419091.87,97,drive,0,0.5,15.0,40.693,25.21,250.00,0.0464,0.1657,0.0000,0.1593,0.0005,0.1769,0.0034,0.0244,0.2278,0.0323,0.2038,0.0054,0.2258,0.0000
1785419091.97,97,drive,1,0.5,15.0,40.693,25.21,250.00,0.0459,0.1623,0.0005,0.1598,0.0000,0.1725,0.0024,0.0303,0.2312,0.0298,0.1979,0.0068,0.2283,0.0005
1785419092.86,97,drive,0,0.75,15.0,40.693,25.21,250.00,0.0459,0.1647,0.0000,0.1593,0.0000,0.1755,0.0020,0.0264,0.2297,0.0298,0.2048,0.0054,0.2278,0.0000
1785419092.95,97,drive,1,0.75,15.0,40.693,25.21,250.00,0.0474,0.1618,0.0000,0.1593,0.0005,0.1740,0.0015,0.0254,0.2317,0.0303,0.2028,0.0054,0.2273,0.0000
1785419093.85,97,drive,0,1.0,15.0,40.693,25.21,250.00,0.0469,0.1623,0.0000,0.1618,0.0000,0.1774,0.0010,0.0279,0.2317,0.0269,0.2058,0.0049,0.2283,0.0005
1785419093.94,97,drive,1,1.0,15.0,40.693,25.21,250.00,0.0455,0.1647,0.0000,0.1608,0.0000,0.1760,0.0039,0.0288,0.2331,0.0279,0.2077,0.0054,0.2268,0.0000
1785419094.83,97,drive,0,1.25,15.0,40.693,25.21,250.00,0.0474,0.1632,0.0005,0.1618,0.0024,0.1764,0.0024,0.0269,0.2336,0.0254,0.2009,0.0049,0.2287,0.0005
1785419094.92,97,drive,1,1.25,15.0,40.693,25.21,250.00,0.0459,0.1623,0.0005,0.1613,0.0020,0.1784,0.0029,0.0283,0.2341,0.0259,0.2063,0.0064,0.2302,0.0010
1785419095.81,97,drive,0,1.5,15.0,40.693,25.21,250.00,0.0445,0.1657,0.0000,0.1574,0.0034,0.1794,0.0020,0.0303,0.2361,0.0230,0.2038,0.0044,0.2292,0.0000
1785419095.91,97,drive,1,1.5,15.0,40.693,25.21,250.00,0.0430,0.1603,0.0015,0.1608,0.0024,0.1784,0.0020,0.0327,0.2346,0.0220,0.2058,0.0039,0.2297,0.0000
1785419096.80,97,drive,0,1.75,15.0,40.693,25.21,250.00,0.0484,0.1623,0.0000,0.1530,0.0068,0.1843,0.0024,0.0244,0.2361,0.0166,0.2053,0.0073,0.2287,0.0000
1785419096.90,97,drive,1,1.75,15.0,40.693,25.21,250.00,0.0455,0.1657,0.0005,0.1496,0.0103,0.1823,0.0029,0.0230,0.2341,0.0176,0.2072,0.0054,0.2297,0.0005
1785419097.78,97,drive,0,2.0,15.0,40.693,25.21,250.00,0.0489,0.1637,0.0005,0.1452,0.0132,0.1848,0.0029,0.0244,0.2336,0.0137,0.2058,0.0059,0.2297,0.0005
1785419097.88,97,drive,1,2.0,15.0,40.693,25.21,250.00,0.0455,0.1623,0.0000,0.1476,0.0088,0.1843,0.0034,0.0230,0.2361,0.0137,0.2023,0.0073,0.2312,0.0005
1785419098.85,98,base,0,0.0,15.0,40.773,25.21,250.00,0.0435,0.1628,0.0000,0.1603,0.0000,0.1730,0.0034,0.0264,0.2268,0.0327,0.2014,0.0039,0.2268,0.0005
1785419098.94,98,base,1,0.0,15.0,40.773,25.21,250.00,0.0401,0.1623,0.0000,0.1593,0.0000,0.1720,0.0024,0.0239,0.2239,0.0298,0.2009,0.0034,0.2287,0.0000
1785419099.83,98,drive,0,0.0,15.0,40.773,25.21,250.00,0.0459,0.1608,0.0000,0.1584,0.0000,0.1720,0.0039,0.0235,0.2297,0.0313,0.2014,0.0044,0.2292,0.0000
1785419099.92,98,drive,1,0.0,15.0,40.773,25.21,250.00,0.0420,0.1642,0.0000,0.1613,0.0005,0.1735,0.0015,0.0230,0.2263,0.0313,0.1975,0.0039,0.2258,0.0000
1785419100.82,98,drive,0,0.25,15.0,40.773,25.21,250.00,0.0523,0.1667,0.0015,0.1632,0.0024,0.1804,0.0059,0.0279,0.2336,0.0371,0.2063,0.0088,0.2361,0.0015
1785419100.91,98,drive,1,0.25,15.0,40.773,25.21,250.00,0.0518,0.1657,0.0005,0.1628,0.0000,0.1804,0.0054,0.0274,0.2351,0.0352,0.2038,0.0083,0.2351,0.0010
1785419101.81,98,drive,0,0.5,15.0,40.773,25.21,250.00,0.0508,0.1662,0.0010,0.1652,0.0000,0.1779,0.0064,0.0279,0.2336,0.0371,0.2067,0.0098,0.2336,0.0029
1785419101.90,98,drive,1,0.5,15.0,40.773,25.21,250.00,0.0484,0.1691,0.0010,0.1637,0.0010,0.1799,0.0083,0.0288,0.2341,0.0357,0.2063,0.0083,0.2351,0.0039
1785419102.79,98,drive,0,0.75,15.0,40.773,25.21,250.00,0.0523,0.1662,0.0015,0.1618,0.0024,0.1799,0.0068,0.0259,0.2385,0.0367,0.2043,0.0083,0.2346,0.0039
1785419102.89,98,drive,1,0.75,15.0,40.773,25.21,250.00,0.0503,0.1667,0.0005,0.1637,0.0015,0.1823,0.0024,0.0279,0.2356,0.0371,0.2077,0.0093,0.2326,0.0029
1785419103.77,98,drive,0,1.0,15.0,40.773,25.21,250.00,0.0499,0.1696,0.0000,0.1618,0.0000,0.1804,0.0068,0.0293,0.2351,0.0362,0.2077,0.0078,0.2370,0.0029
1785419103.86,98,drive,1,1.0,15.0,40.773,25.21,250.00,0.0543,0.1676,0.0005,0.1632,0.0010,0.1779,0.0078,0.0254,0.2331,0.0367,0.2063,0.0064,0.2341,0.0034
1785419104.75,98,drive,0,1.25,15.0,40.773,25.21,250.00,0.0523,0.1667,0.0005,0.1662,0.0010,0.1808,0.0078,0.0274,0.2326,0.0367,0.2067,0.0088,0.2370,0.0029
1785419104.85,98,drive,1,1.25,15.0,40.773,25.21,250.00,0.0523,0.1681,0.0005,0.1632,0.0000,0.1794,0.0059,0.0283,0.2351,0.0371,0.2092,0.0093,0.2322,0.0039
1785419105.74,98,drive,0,1.5,15.0,40.773,25.21,250.00,0.0494,0.1681,0.0010,0.1647,0.0010,0.1808,0.0054,0.0313,0.2366,0.0362,0.2053,0.0093,0.2336,0.0015
1785419105.83,98,drive,1,1.5,15.0,40.773,25.21,250.00,0.0513,0.1647,0.0005,0.1628,0.0010,0.1789,0.0078,0.0293,0.2361,0.0381,0.2053,0.0073,0.2351,0.0015
1785419106.73,98,drive,0,1.75,15.0,40.773,25.21,250.00,0.0523,0.1637,0.0010,0.1637,0.0005,0.1808,0.0049,0.0274,0.2356,0.0381,0.2033,0.0078,0.2366,0.0039
1785419106.82,98,drive,1,1.75,15.0,40.773,25.21,250.00,0.0528,0.1667,0.0010,0.1603,0.0020,0.1818,0.0064,0.0269,0.2336,0.0362,0.2097,0.0078,0.2326,0.0029
1785419107.71,98,drive,0,2.0,15.0,40.773,25.21,250.00,0.0503,0.1652,0.0005,0.1657,0.0010,0.1833,0.0068,0.0269,0.2356,0.0391,0.2048,0.0103,0.2341,0.0059
1785419107.81,98,drive,1,2.0,15.0,40.773,25.21,250.00,0.0508,0.1662,0.0000,0.1642,0.0015,0.1823,0.0064,0.0293,0.2346,0.0371,0.2063,0.0068,0.2331,0.0034
1785419108.78,99,base,0,0.0,15.0,40.753,25.21,249.99,0.0440,0.1623,0.0000,0.1579,0.0015,0.1735,0.0044,0.0239,0.2287,0.0327,0.2023,0.0015,0.2287,0.0005
1785419108.87,99,base,1,0.0,15.0,40.753,25.21,249.99,0.0445,0.1637,0.0005,0.1593,0.0005,0.1740,0.0039,0.0249,0.2263,0.0337,0.2043,0.0039,0.2248,0.0000
1785419109.76,99,drive,0,0.0,15.0,40.753,25.21,249.99,0.0445,0.1613,0.0015,0.1588,0.0005,0.1745,0.0020,0.0244,0.2297,0.0332,0.1989,0.0054,0.2287,0.0000
1785419109.85,99,drive,1,0.0,15.0,40.753,25.21,249.99,0.0440,0.1628,0.0005,0.1584,0.0000,0.1779,0.0039,0.0225,0.2273,0.0352,0.1970,0.0039,0.2273,0.0005
1785419110.74,99,drive,0,0.25,15.0,40.753,25.21,249.99,0.0455,0.1652,0.0000,0.1579,0.0000,0.1769,0.0034,0.0235,0.2258,0.0327,0.2004,0.0059,0.2283,0.0000
1785419110.83,99,drive,1,0.25,15.0,40.753,25.21,249.99,0.0450,0.1603,0.0000,0.1579,0.0000,0.1735,0.0015,0.0230,0.2283,0.0327,0.2014,0.0059,0.2263,0.0005
1785419111.72,99,drive,0,0.5,15.0,40.753,25.21,249.99,0.0440,0.1618,0.0005,0.1623,0.0005,0.1730,0.0034,0.0249,0.2292,0.0332,0.2004,0.0039,0.2268,0.0005
1785419111.81,99,drive,1,0.5,15.0,40.753,25.21,249.99,0.0430,0.1618,0.0000,0.1588,0.0005,0.1745,0.0029,0.0225,0.2283,0.0362,0.1989,0.0068,0.2302,0.0005
1785419112.70,99,drive,0,0.75,15.0,40.753,25.21,249.99,0.0484,0.1628,0.0000,0.1613,0.0005,0.1735,0.0034,0.0264,0.2287,0.0313,0.1999,0.0044,0.2278,0.0005
1785419112.80,99,drive,1,0.75,15.0,40.753,25.21,249.99,0.0455,0.1657,0.0000,0.1628,0.0005,0.1740,0.0039,0.0254,0.2287,0.0332,0.1979,0.0059,0.2263,0.0010
1785419113.68,99,drive,0,1.0,15.0,40.753,25.21,249.99,0.0464,0.1623,0.0005,0.1628,0.0000,0.1760,0.0029,0.0225,0.2292,0.0323,0.1979,0.0039,0.2283,0.0005
1785419113.78,99,drive,1,1.0,15.0,40.753,25.21,249.99,0.0455,0.1613,0.0000,0.1647,0.0005,0.1750,0.0039,0.0274,0.2336,0.0308,0.1975,0.0059,0.2248,0.0010
1785419114.67,99,drive,0,1.25,15.0,40.753,25.21,249.99,0.0459,0.1637,0.0000,0.1662,0.0000,0.1745,0.0039,0.0259,0.2336,0.0323,0.2009,0.0029,0.2248,0.0000
1785419114.76,99,drive,1,1.25,15.0,40.753,25.21,249.99,0.0459,0.1603,0.0000,0.1652,0.0000,0.1716,0.0034,0.0264,0.2317,0.0318,0.1999,0.0039,0.2283,0.0010
1785419115.66,99,drive,0,1.5,15.0,40.753,25.21,249.99,0.0425,0.1637,0.0005,0.1711,0.0010,0.1706,0.0039,0.0269,0.2336,0.0327,0.1984,0.0049,0.2283,0.0005
1785419115.75,99,drive,1,1.5,15.0,40.753,25.21,249.99,0.0499,0.1598,0.0000,0.1711,0.0010,0.1740,0.0034,0.0259,0.2326,0.0323,0.1994,0.0020,0.2273,0.0005
1785419116.64,99,drive,0,1.75,15.0,40.753,25.21,249.99,0.0450,0.1642,0.0000,0.1716,0.0000,0.1730,0.0054,0.0269,0.2331,0.0313,0.2004,0.0049,0.2258,0.0005
1785419116.73,99,drive,1,1.75,15.0,40.753,25.21,249.99,0.0459,0.1647,0.0000,0.1667,0.0010,0.1725,0.0054,0.0249,0.2356,0.0308,0.1989,0.0039,0.2263,0.0000
1785419117.62,99,drive,0,2.0,15.0,40.753,25.21,249.99,0.0425,0.1613,0.0000,0.1716,0.0000,0.1740,0.0039,0.0264,0.2326,0.0308,0.1970,0.0034,0.2248,0.0000
1785419117.71,99,drive,1,2.0,15.0,40.753,25.21,249.99,0.0455,0.1642,0.0000,0.1676,0.0005,0.1735,0.0049,0.0230,0.2341,0.0337,0.2019,0.0054,0.2263,0.0000
1785419118.69,100,base,0,0.0,15.0,40.733,25.20,249.99,0.0435,0.1628,0.0005,0.1579,0.0000,0.1764,0.0029,0.0239,0.2278,0.0323,0.1975,0.0054,0.2263,0.0000
1785419118.78,100,base,1,0.0,15.0,40.733,25.20,249.99,0.0396,0.1603,0.0000,0.1584,0.0000,0.1725,0.0054,0.0225,0.2302,0.0332,0.1984,0.0024,0.2292,0.0000
1785419119.67,100,drive,0,0.0,15.0,40.733,25.20,249.99,0.0435,0.1632,0.0000,0.1574,0.0000,0.1755,0.0034,0.0225,0.2268,0.0298,0.2023,0.0049,0.2307,0.0000
1785419119.76,100,drive,1,0.0,15.0,40.733,25.20,249.99,0.0430,0.1608,0.0005,0.1574,0.0000,0.1735,0.0049,0.0230,0.2278,0.0293,0.2004,0.0049,0.2297,0.0000
1785419120.66,100,drive,0,0.25,15.0,40.733,25.20,249.99,0.0450,0.1613,0.0005,0.1564,0.0005,0.1764,0.0020,0.0220,0.2287,0.0337,0.1984,0.0034,0.2258,0.0000
1785419120.75,100,drive,1,0.25,15.0,40.733,25.20,249.99,0.0450,0.1554,0.0000,0.1569,0.0000,0.1755,0.0049,0.0249,0.2283,0.0318,0.2014,0.0044,0.2297,0.0000
1785419121.64,100,drive,0,0.5,15.0,40.733,25.20,249.99,0.0464,0.1632,0.0000,0.1593,0.0005,0.1760,0.0034,0.0239,0.2273,0.0327,0.2009,0.0044,0.2292,0.0000
1785419121.74,100,drive,1,0.5,15.0,40.733,25.20,249.99,0.0445,0.1632,0.0005,0.1588,0.0020,0.1730,0.0029,0.0259,0.2287,0.0332,0.1965,0.0049,0.2297,0.0000
1785419122.62,100,drive,0,0.75,15.0,40.733,25.20,249.99,0.0474,0.1613,0.0000,0.1637,0.0000,0.1755,0.0054,0.0235,0.2283,0.0327,0.1975,0.0034,0.2273,0.0000
1785419122.72,100,drive,1,0.75,15.0,40.733,25.20,249.99,0.0440,0.1628,0.0000,0.1637,0.0000,0.1740,0.0039,0.0279,0.2317,0.0323,0.1994,0.0049,0.2258,0.0005
1785419123.60,100,drive,0,1.0,15.0,40.733,25.20,249.99,0.0479,0.1623,0.0000,0.1628,0.0005,0.1730,0.0029,0.0269,0.2326,0.0298,0.2014,0.0044,0.2268,0.0000
1785419123.70,100,drive,1,1.0,15.0,40.733,25.20,249.99,0.0450,0.1603,0.0000,0.1642,0.0010,0.1769,0.0034,0.0264,0.2317,0.0323,0.1994,0.0024,0.2273,0.0000
1785419124.59,100,drive,0,1.25,15.0,40.733,25.20,249.99,0.0459,0.1642,0.0000,0.1686,0.0010,0.1740,0.0059,0.0249,0.2341,0.0327,0.2014,0.0044,0.2263,0.0000
1785419124.68,100,drive,1,1.25,15.0,40.733,25.20,249.99,0.0445,0.1637,0.0010,0.1696,0.0005,0.1740,0.0029,0.0264,0.2322,0.0308,0.1945,0.0039,0.2297,0.0000
1785419125.57,100,drive,0,1.5,15.0,40.733,25.20,249.99,0.0464,0.1628,0.0000,0.1691,0.0005,0.1720,0.0029,0.0239,0.2326,0.0318,0.1984,0.0034,0.2283,0.0000
1785419125.66,100,drive,1,1.5,15.0,40.733,25.20,249.99,0.0484,0.1623,0.0000,0.1676,0.0000,0.1735,0.0049,0.0225,0.2331,0.0308,0.1994,0.0054,0.2273,0.0005
1785419126.55,100,drive,0,1.75,15.0,40.733,25.20,249.99,0.0440,0.1618,0.0000,0.1657,0.0015,0.1750,0.0054,0.0249,0.2307,0.0313,0.1965,0.0020,0.2248,0.0010
1785419126.65,100,drive,1,1.75,15.0,40.733,25.20,249.99,0.0489,0.1613,0.0000,0.1652,0.0015,0.1745,0.0024,0.0254,0.2346,0.0318,0.1965,0.0044,0.2243,0.0005
1785419127.54,100,drive,0,2.0,15.0,40.733,25.20,249.99,0.0479,0.1584,0.0005,0.1691,0.0010,0.1720,0.0044,0.0274,0.2307,0.0308,0.2009,0.0039,0.2258,0.0000
1785419127.63,100,drive,1,2.0,15.0,40.733,25.20,249.99,0.0459,0.1632,0.0000,0.1716,0.0005,0.1720,0.0054,0.0298,0.2307,0.0288,0.1970,0.0059,0.2234,0.0000
1785419128.61,101,base,0,0.0,15.0,40.713,25.20,249.99,0.0420,0.1628,0.0005,0.1613,0.0000,0.1779,0.0034,0.0244,0.2263,0.0332,0.1989,0.0068,0.2302,0.0000
1785419128.70,101,base,1,0.0,15.0,40.713,25.20,249.99,0.0445,0.1623,0.0000,0.1559,0.0005,0.1735,0.0024,0.0205,0.2283,0.0337,0.2019,0.0044,0.2283,0.0000
1785419129.59,101,drive,0,0.0,15.0,40.713,25.20,249.99,0.0425,0.1623,0.0000,0.1564,0.0010,0.1750,0.0054,0.0235,0.2258,0.0323,0.1994,0.0044,0.2283,0.0000
1785419129.68,101,drive,1,0.0,15.0,40.713,25.20,249.99,0.0425,0.1632,0.0000,0.1574,0.0010,0.1730,0.0044,0.0215,0.2258,0.0308,0.2014,0.0054,0.2302,0.0010
1785419130.57,101,drive,0,0.25,15.0,40.713,25.20,249.99,0.0557,0.1667,0.0010,0.1628,0.0000,0.1828,0.0073,0.0249,0.2351,0.0386,0.2087,0.0132,0.2361,0.0034
1785419130.67,101,drive,1,0.25,15.0,40.713,25.20,249.99,0.0572,0.1672,0.0015,0.1652,0.0015,0.1808,0.0064,0.0279,0.2341,0.0376,0.2082,0.0083,0.2341,0.0039
1785419131.56,101,drive,0,0.5,15.0,40.713,25.20,249.99,0.0508,0.1691,0.0010,0.1608,0.0005,0.1833,0.0073,0.0283,0.2356,0.0371,0.2072,0.0098,0.2385,0.0015
1785419131.66,101,drive,1,0.5,15.0,40.713,25.20,249.99,0.0523,0.1647,0.0005,0.1652,0.0034,0.1833,0.0059,0.0259,0.2346,0.0357,0.2072,0.0054,0.2366,0.0039
1785419132.54,101,drive,0,0.75,15.0,40.713,25.20,249.99,0.0489,0.1681,0.0010,0.1642,0.0010,0.1828,0.0059,0.0298,0.2346,0.0362,0.2043,0.0098,0.2336,0.0054
1785419132.64,101,drive,1,0.75,15.0,40.713,25.20,249.99,0.0543,0.1681,0.0010,0.1652,0.0010,0.1799,0.0064,0.0264,0.2351,0.0371,0.2063,0.0083,0.2370,0.0049
1785419133.53,101,drive,0,1.0,15.0,40.713,25.20,249.99,0.0533,0.1701,0.0015,0.1623,0.0010,0.1833,0.0059,0.0279,0.2336,0.0337,0.2082,0.0078,0.2370,0.0029
1785419133.62,101,drive,1,1.0,15.0,40.713,25.20,249.99,0.0543,0.1691,0.0010,0.1623,0.0015,0.1804,0.0039,0.0269,0.2356,0.0367,0.2067,0.0103,0.2361,0.0034
1785419134.51,101,drive,0,1.25,15.0,40.713,25.20,249.99,0.0543,0.1696,0.0010,0.1647,0.0034,0.1804,0.0049,0.0279,0.2297,0.0367,0.2072,0.0103,0.2356,0.0029
1785419134.60,101,drive,1,1.25,15.0,40.713,25.20,249.99,0.0547,0.1681,0.0010,0.1637,0.0024,0.1813,0.0064,0.0293,0.2336,0.0381,0.2077,0.0122,0.2336,0.0044
1785419135.50,101,drive,0,1.5,15.0,40.713,25.20,249.99,0.0665,0.1720,0.0142,0.1823,0.0059,0.1452,0.0171,0.0391,0.2532,0.0415,0.2077,0.0122,0.2458,0.0215
1785419135.59,101,drive,1,1.5,15.0,40.713,25.20,249.99,0.0513,0.1476,0.0147,0.1720,0.0083,0.1828,0.0274,0.0308,0.2292,0.0543,0.2126,0.0161,0.2331,0.0191
1785419136.48,101,drive,0,1.75,15.0,40.713,25.20,249.99,0.0567,0.1696,0.0010,0.1554,0.0039,0.1784,0.0225,0.0264,0.2385,0.0362,0.2121,0.0254,0.2317,0.0034
1785419136.58,101,drive,1,1.75,15.0,40.713,25.20,249.99,0.0572,0.1652,0.0269,0.1716,0.0024,0.1808,0.0078,0.0269,0.2302,0.0313,0.2082,0.0166,0.2375,0.0191
1785419137.46,101,drive,0,2.0,15.0,40.713,25.20,249.99,0.0582,0.1706,0.0147,0.1652,0.0196,0.1745,0.0083,0.0362,0.2326,0.0371,0.2102,0.0132,0.2366,0.0239
1785419137.56,101,drive,1,2.0,15.0,40.713,25.20,249.99,0.0518,0.1701,0.0073,0.1618,0.0264,0.1823,0.0068,0.0357,0.2346,0.0376,0.2053,0.0108,0.2356,0.0147
1785419138.53,102,base,0,0.0,15.0,40.753,25.20,249.99,0.0440,0.1642,0.0010,0.1598,0.0068,0.1750,0.0034,0.0205,0.2312,0.0337,0.2102,0.0073,0.2278,0.0034
1785419138.63,102,base,1,0.0,15.0,40.753,25.20,249.99,0.0459,0.1569,0.0005,0.1461,0.0039,0.1720,0.0161,0.0210,0.2283,0.0327,0.2004,0.0108,0.2209,0.0005
1785419139.52,102,drive,0,0.0,15.0,40.753,25.20,249.99,0.0440,0.1574,0.0029,0.1540,0.0098,0.1760,0.0103,0.0264,0.2283,0.0298,0.1975,0.0049,0.2278,0.0010
1785419139.61,102,drive,1,0.0,15.0,40.753,25.20,249.99,0.0435,0.1637,0.0024,0.1549,0.0073,0.1735,0.0103,0.0205,0.2278,0.0337,0.2053,0.0044,0.2297,0.0024
1785419140.51,102,drive,0,0.25,15.0,40.753,25.20,249.99,0.0469,0.1652,0.0015,0.1642,0.0049,0.1774,0.0059,0.0264,0.2292,0.0293,0.1975,0.0064,0.2326,0.0015
1785419140.60,102,drive,1,0.25,15.0,40.753,25.20,249.99,0.0411,0.1657,0.0029,0.1579,0.0039,0.1720,0.0064,0.0235,0.2283,0.0288,0.2038,0.0103,0.2302,0.0015
1785419141.49,102,drive,0,0.5,15.0,40.753,25.20,249.99,0.0342,0.1701,0.0005,0.1554,0.0054,0.1740,0.0049,0.0200,0.2287,0.0337,0.2014,0.0147,0.2263,0.0024
1785419141.59,102,drive,1,0.5,15.0,40.753,25.20,249.99,0.0420,0.1623,0.0000,0.1554,0.0020,0.1760,0.0103,0.0220,0.2322,0.0352,0.2053,0.0083,0.2243,0.0020
1785419142.48,102,drive,0,0.75,15.0,40.753,25.20,249.99,0.0445,0.1628,0.0073,0.1544,0.0024,0.1755,0.0078,0.0259,0.2297,0.0303,0.1999,0.0073,0.2331,0.0049
1785419142.57,102,drive,1,0.75,15.0,40.753,25.20,249.99,0.0450,0.1632,0.0020,0.1593,0.0039,0.1784,0.0083,0.0200,0.2322,0.0332,0.2019,0.0078,0.2302,0.0024
1785419143.46,102,drive,0,1.0,15.0,40.753,25.20,249.99,0.0474,0.1632,0.0039,0.1554,0.0010,0.1794,0.0098,0.0279,0.2219,0.0342,0.2023,0.0044,0.2278,0.0039
1785419143.56,102,drive,1,1.0,15.0,40.753,25.20,249.99,0.0469,0.1613,0.0005,0.1593,0.0044,0.1745,0.0054,0.0225,0.2297,0.0332,0.1935,0.0029,0.2287,0.0015
1785419144.45,102,drive,0,1.25,15.0,40.753,25.20,249.99,0.0450,0.1598,0.0020,0.1579,0.0078,0.1784,0.0034,0.0249,0.2268,0.0323,0.2028,0.0059,0.2292,0.0083
1785419144.55,102,drive,1,1.25,15.0,40.753,25.20,249.99,0.0435,0.1632,0.0015,0.1569,0.0024,0.1696,0.0122,0.0235,0.2326,0.0332,0.1970,0.0078,0.2268,0.0000
1785419145.44,102,drive,0,1.5,15.0,40.753,25.20,249.99,0.0425,0.1574,0.0010,0.1593,0.0034,0.1764,0.0049,0.0235,0.2258,0.0283,0.2028,0.0044,0.2390,0.0015
1785419145.54,102,drive,1,1.5,15.0,40.753,25.20,249.99,0.0469,0.1525,0.0000,0.1593,0.0029,0.1769,0.0039,0.0288,0.2273,0.0391,0.1970,0.0049,0.2341,0.0005
1785419146.42,102,drive,0,1.75,15.0,40.753,25.20,249.99,0.0445,0.1750,0.0024,0.1598,0.0078,0.1745,0.0137,0.0210,0.2268,0.0430,0.1984,0.0064,0.2283,0.0064
1785419146.52,102,drive,1,1.75,15.0,40.753,25.20,249.99,0.0474,0.1628,0.0005,0.1642,0.0024,0.1755,0.0122,0.0254,0.2239,0.0288,0.1975,0.0225,0.2253,0.0005
1785419147.41,102,drive,0,2.0,15.0,40.753,25.20,249.99,0.0411,0.1632,0.0103,0.1559,0.0117,0.1760,0.0054,0.0293,0.2283,0.0337,0.1999,0.0054,0.2292,0.0132
1785419147.50,102,drive,1,2.0,15.0,40.753,25.20,249.99,0.0459,0.1623,0.0000,0.1530,0.0044,0.1740,0.0230,0.0239,0.2292,0.0371,0.2014,0.0068,0.2204,0.0000
1785419148.47,103,base,0,0.0,15.0,40.673,25.20,249.99,0.0455,0.1530,0.0015,0.1564,0.0073,0.1740,0.0166,0.0269,0.2302,0.0425,0.2038,0.0054,0.2214,0.0024
1785419148.56,103,base,1,0.0,15.0,40.673,25.20,249.99,0.0425,0.1637,0.0137,0.1554,0.0024,0.1760,0.0039,0.0308,0.2326,0.0337,0.1945,0.0093,0.2278,0.0152
1785419149.45,103,drive,0,0.0,15.0,40.673,25.20,249.99,0.0420,0.1608,0.0005,0.1584,0.0000,0.1750,0.0024,0.0225,0.2273,0.0332,0.2019,0.0044,0.2253,0.0000
1785419149.55,103,drive,1,0.0,15.0,40.673,25.20,249.99,0.0435,0.1637,0.0000,0.1588,0.0010,0.1740,0.0049,0.0269,0.2273,0.0313,0.2019,0.0049,0.2268,0.0005
1785419150.44,103,drive,0,0.25,15.0,40.673,25.20,249.99,0.0445,0.1618,0.0000,0.1588,0.0000,0.1760,0.0049,0.0259,0.2278,0.0303,0.1984,0.0064,0.2307,0.0005
1785419150.53,103,drive,1,0.25,15.0,40.673,25.20,249.99,0.0420,0.1623,0.0000,0.1584,0.0005,0.1755,0.0059,0.0215,0.2278,0.0352,0.2014,0.0059,0.2302,0.0000
1785419151.42,103,drive,0,0.5,15.0,40.673,25.20,249.99,0.0415,0.1603,0.0000,0.1593,0.0005,0.1760,0.0034,0.0259,0.2312,0.0323,0.2028,0.0064,0.2273,0.0020
1785419151.51,103,drive,1,0.5,15.0,40.673,25.20,249.99,0.0445,0.1608,0.0005,0.1564,0.0005,0.1760,0.0059,0.0235,0.2229,0.0308,0.2033,0.0078,0.2268,0.0005
1785419152.40,103,drive,0,0.75,15.0,40.673,25.20,249.99,0.0425,0.1608,0.0000,0.1588,0.0000,0.1755,0.0034,0.0225,0.2283,0.0313,0.2009,0.0039,0.2287,0.0005
1785419152.49,103,drive,1,0.75,15.0,40.673,25.20,249.99,0.0411,0.1623,0.0000,0.1579,0.0000,0.1755,0.0044,0.0244,0.2283,0.0308,0.2033,0.0029,0.2268,0.0005
1785419153.39,103,drive,0,1.0,15.0,40.673,25.20,249.99,0.0440,0.1603,0.0000,0.1579,0.0000,0.1750,0.0034,0.0225,0.2297,0.0342,0.1999,0.0054,0.2302,0.0000
1785419153.48,103,drive,1,1.0,15.0,40.673,25.20,249.99,0.0435,0.1642,0.0000,0.1579,0.0015,0.1725,0.0029,0.0235,0.2283,0.0303,0.2014,0.0024,0.2297,0.0000
1785419154.37,103,drive,0,1.25,15.0,40.673,25.20,249.99,0.0450,0.1628,0.0000,0.1554,0.0000,0.1769,0.0039,0.0239,0.2292,0.0318,0.2014,0.0054,0.2322,0.0005
1785419154.46,103,drive,1,1.25,15.0,40.673,25.20,249.99,0.0430,0.1628,0.0000,0.1588,0.0015,0.1750,0.0024,0.0239,0.2287,0.0337,0.2009,0.0064,0.2268,0.0000
1785419155.34,103,drive,0,1.5,15.0,40.673,25.20,249.99,0.0455,0.1647,0.0010,0.1579,0.0000,0.1740,0.0024,0.0239,0.2273,0.0337,0.2019,0.0049,0.2292,0.0000
1785419155.44,103,drive,1,1.5,15.0,40.673,25.20,249.99,0.0425,0.1603,0.0000,0.1564,0.0000,0.1755,0.0029,0.0235,0.2278,0.0337,0.2028,0.0044,0.2278,0.0024
1785419156.33,103,drive,0,1.75,15.0,40.673,25.20,249.99,0.0450,0.1632,0.0005,0.1598,0.0000,0.1720,0.0024,0.0254,0.2287,0.0327,0.2009,0.0073,0.2302,0.0000
1785419156.42,103,drive,1,1.75,15.0,40.673,25.20,249.99,0.0445,0.1628,0.0000,0.1608,0.0010,0.1755,0.0024,0.0235,0.2317,0.0318,0.2009,0.0044,0.2287,0.0000
1785419157.31,103,drive,0,2.0,15.0,40.673,25.20,249.99,0.0455,0.1603,0.0010,0.1628,0.0015,0.1725,0.0044,0.0254,0.2292,0.0318,0.2004,0.0034,0.2287,0.0000
1785419157.40,103,drive,1,2.0,15.0,40.673,25.20,249.99,0.0455,0.1618,0.0000,0.1579,0.0000,0.1740,0.0024,0.0235,0.2292,0.0327,0.2009,0.0049,0.2292,0.0000
1785419158.38,104,base,0,0.0,15.0,40.733,25.20,249.99,0.0425,0.1618,0.0000,0.1584,0.0000,0.1755,0.0039,0.0225,0.2268,0.0323,0.2014,0.0049,0.2297,0.0000
1785419158.47,104,base,1,0.0,15.0,40.733,25.20,249.99,0.0440,0.1623,0.0000,0.1579,0.0000,0.1735,0.0034,0.0230,0.2258,0.0337,0.2014,0.0049,0.2287,0.0000
1785419159.36,104,drive,0,0.0,15.0,40.733,25.20,249.99,0.0435,0.1642,0.0000,0.1593,0.0000,0.1730,0.0024,0.0244,0.2273,0.0318,0.1984,0.0064,0.2297,0.0000
1785419159.46,104,drive,1,0.0,15.0,40.733,25.20,249.99,0.0459,0.1647,0.0005,0.1584,0.0010,0.1750,0.0015,0.0235,0.2297,0.0303,0.2014,0.0054,0.2273,0.0005
1785419160.35,104,drive,0,0.25,15.0,40.733,25.20,249.99,0.0376,0.1574,0.0171,0.1574,0.0088,0.1857,0.0147,0.0303,0.2224,0.0435,0.1940,0.0122,0.2361,0.0108
1785419160.45,104,drive,1,0.25,15.0,40.733,25.20,249.99,0.0494,0.1496,0.0117,0.1613,0.0054,0.1750,0.0156,0.0293,0.2121,0.0415,0.2043,0.0147,0.2302,0.0181
1785419161.34,104,drive,0,0.5,15.0,40.733,25.20,249.99,0.0430,0.1608,0.0191,0.1598,0.0005,0.1774,0.0015,0.0274,0.2336,0.0318,0.2048,0.0112,0.2263,0.0171
1785419161.44,104,drive,1,0.5,15.0,40.733,25.20,249.99,0.0435,0.1564,0.0147,0.1574,0.0059,0.1774,0.0068,0.0391,0.2278,0.0362,0.1877,0.0049,0.2297,0.0171
1785419162.33,104,drive,0,0.75,15.0,40.733,25.20,249.99,0.0450,0.1711,0.0078,0.1598,0.0191,0.1716,0.0044,0.0327,0.2229,0.0318,0.2028,0.0083,0.2268,0.0132
1785419162.42,104,drive,1,0.75,15.0,40.733,25.20,249.99,0.0435,0.1623,0.0088,0.1593,0.0049,0.1725,0.0044,0.0327,0.2287,0.0327,0.1940,0.0083,0.2283,0.0225
1785419163.31,104,drive,0,1.0,15.0,40.733,25.20,249.99,0.0513,0.1647,0.0015,0.1662,0.0020,0.1784,0.0034,0.0239,0.2336,0.0279,0.1970,0.0059,0.2336,0.0005
1785419163.41,104,drive,1,1.0,15.0,40.733,25.20,249.99,0.0415,0.1662,0.0024,0.1618,0.0024,0.1784,0.0044,0.0288,0.2273,0.0298,0.2058,0.0054,0.2278,0.0059
1785419164.30,104,drive,0,1.25,15.0,40.733,25.20,249.99,0.0381,0.1623,0.0039,0.1613,0.0020,0.1735,0.0073,0.0264,0.2287,0.0318,0.2023,0.0073,0.2297,0.0059
1785419164.39,104,drive,1,1.25,15.0,40.733,25.20,249.99,0.0425,0.1672,0.0024,0.1544,0.0024,0.1794,0.0152,0.0235,0.2287,0.0337,0.2014,0.0068,0.2273,0.0010
1785419165.28,104,drive,0,1.5,15.0,40.733,25.20,249.99,0.0450,0.1588,0.0049,0.1564,0.0024,0.1730,0.0088,0.0249,0.2253,0.0371,0.2038,0.0112,0.2248,0.0054
1785419165.37,104,drive,1,1.5,15.0,40.733,25.20,249.99,0.0445,0.1637,0.0020,0.1530,0.0015,0.1755,0.0078,0.0283,0.2209,0.0318,0.2019,0.0117,0.2273,0.0010
1785419166.26,104,drive,0,1.75,15.0,40.733,25.20,249.99,0.0420,0.1554,0.0024,0.1544,0.0073,0.1789,0.0054,0.0239,0.2322,0.0337,0.1989,0.0122,0.2273,0.0020
1785419166.35,104,drive,1,1.75,15.0,40.733,25.20,249.99,0.0455,0.1564,0.0039,0.1574,0.0039,0.1725,0.0083,0.0210,0.2287,0.0342,0.2033,0.0088,0.2229,0.0054
1785419167.24,104,drive,0,2.0,15.0,40.733,25.20,249.99,0.0425,0.1588,0.0059,0.1628,0.0015,0.1794,0.0068,0.0196,0.2273,0.0308,0.2053,0.0039,0.2292,0.0073
1785419167.33,104,drive,1,2.0,15.0,40.733,25.20,249.99,0.0455,0.1628,0.0015,0.1618,0.0068,0.1720,0.0039,0.0249,0.2297,0.0279,0.2004,0.0098,0.2317,0.0010
1785419168.29,105,base,0,0.0,15.0,40.693,25.20,249.99,0.0425,0.1593,0.0015,0.1598,0.0049,0.1755,0.0034,0.0239,0.2297,0.0332,0.1989,0.0078,0.2322,0.0029
1785419168.39,105,base,1,0.0,15.0,40.693,25.20,249.99,0.0401,0.1618,0.0020,0.1549,0.0059,0.1735,0.0054,0.0264,0.2258,0.0313,0.2038,0.0112,0.2263,0.0024
1785419169.28,105,drive,0,0.0,15.0,40.693,25.20,249.99,0.0459,0.1618,0.0064,0.1569,0.0073,0.1804,0.0039,0.0230,0.2263,0.0371,0.1965,0.0064,0.2287,0.0049
1785419169.37,105,drive,1,0.0,15.0,40.693,25.20,249.99,0.0459,0.1588,0.0010,0.1579,0.0078,0.1735,0.0068,0.0347,0.2253,0.0303,0.1989,0.0068,0.2297,0.0005
1785419170.26,105,drive,0,0.25,15.0,40.693,25.20,249.99,0.0430,0.1701,0.0010,0.1642,0.0015,0.1735,0.0024,0.0264,0.2278,0.0318,0.2014,0.0054,0.2278,0.0005
1785419170.36,105,drive,1,0.25,15.0,40.693,25.20,249.99,0.0459,0.1618,0.0078,0.1588,0.0015,0.1696,0.0059,0.0269,0.2258,0.0308,0.1955,0.0122,0.2263,0.0049
1785419171.24,105,drive,0,0.5,15.0,40.693,25.20,249.99,0.0450,0.1598,0.0024,0.1613,0.0078,0.1740,0.0059,0.0313,0.2317,0.0391,0.2048,0.0078,0.2199,0.0044
1785419171.34,105,drive,1,0.5,15.0,40.693,25.20,249.99,0.0474,0.1593,0.0005,0.1584,0.0029,0.1740,0.0225,0.0239,0.2292,0.0323,0.1965,0.0093,0.2346,0.0005
1785419172.23,105,drive,0,0.75,15.0,40.693,25.20,249.99,0.0435,0.1588,0.0122,0.1593,0.0064,0.1760,0.0059,0.0308,0.2273,0.0332,0.1955,0.0068,0.2283,0.0191
1785419172.33,105,drive,1,0.75,15.0,40.693,25.20,249.99,0.0425,0.1559,0.0044,0.1632,0.0132,0.1720,0.0147,0.0298,0.2317,0.0362,0.2014,0.0068,0.2248,0.0010
1785419173.22,105,drive,0,1.0,15.0,40.693,25.20,249.99,0.0499,0.1632,0.0132,0.1549,0.0029,0.1750,0.0034,0.0264,0.2356,0.0337,0.1965,0.0098,0.2263,0.0171
1785419173.31,105,drive,1,1.0,15.0,40.693,25.20,249.99,0.0425,0.1584,0.0073,0.1588,0.0239,0.1764,0.0039,0.0376,0.2287,0.0342,0.1921,0.0068,0.2258,0.0103
1785419174.20,105,drive,0,1.25,15.0,40.693,25.20,249.99,0.0445,0.1642,0.0000,0.1588,0.0005,0.1774,0.0034,0.0235,0.2292,0.0318,0.2004,0.0034,0.2258,0.0005
1785419174.30,105,drive,1,1.25,15.0,40.693,25.20,249.99,0.0445,0.1628,0.0000,0.1569,0.0010,0.1755,0.0039,0.0244,0.2302,0.0337,0.1975,0.0044,0.2283,0.0005
1785419175.19,105,drive,0,1.5,15.0,40.693,25.20,249.99,0.0445,0.1618,0.0000,0.1628,0.0005,0.1760,0.0039,0.0264,0.2263,0.0323,0.2023,0.0064,0.2234,0.0000
1785419175.29,105,drive,1,1.5,15.0,40.693,25.20,249.99,0.0430,0.1618,0.0000,0.1598,0.0000,0.1779,0.0015,0.0249,0.2287,0.0352,0.1994,0.0054,0.2268,0.0000
1785419176.17,105,drive,0,1.75,15.0,40.693,25.20,249.99,0.0450,0.1613,0.0005,0.1559,0.0005,0.1755,0.0039,0.0210,0.2297,0.0337,0.2009,0.0039,0.2287,0.0005
1785419176.27,105,drive,1,1.75,15.0,40.693,25.20,249.99,0.0425,0.1618,0.0000,0.1608,0.0005,0.1740,0.0024,0.0239,0.2287,0.0327,0.1979,0.0059,0.2283,0.0000
1785419177.16,105,drive,0,2.0,15.0,40.693,25.20,249.99,0.0425,0.1628,0.0000,0.1588,0.0005,0.1769,0.0039,0.0205,0.2302,0.0332,0.1989,0.0044,0.2283,0.0005
1785419177.26,105,drive,1,2.0,15.0,40.693,25.20,249.99,0.0425,0.1588,0.0005,0.1569,0.0000,0.1764,0.0034,0.0230,0.2273,0.0352,0.2038,0.0039,0.2273,0.0005
1785419178.22,106,base,0,0.0,15.0,40.693,25.20,249.99,0.0425,0.1632,0.0010,0.1593,0.0000,0.1730,0.0010,0.0244,0.2273,0.0332,0.2009,0.0049,0.2273,0.0010
1785419178.31,106,base,1,0.0,15.0,40.693,25.20,249.99,0.0469,0.1603,0.0000,0.1579,0.0005,0.1755,0.0029,0.0274,0.2283,0.0318,0.2004,0.0049,0.2278,0.0000
1785419179.19,106,drive,0,0.0,15.0,40.693,25.20,249.99,0.0479,0.1657,0.0005,0.1564,0.0000,0.1750,0.0020,0.0244,0.2287,0.0323,0.2038,0.0054,0.2297,0.0005
1785419179.29,106,drive,1,0.0,15.0,40.693,25.20,249.99,0.0430,0.1623,0.0005,0.1588,0.0005,0.1740,0.0005,0.0215,0.2292,0.0327,0.1984,0.0024,0.2268,0.0000
1785419180.18,106,drive,0,0.25,15.0,40.693,25.20,249.99,0.0464,0.1637,0.0005,0.1593,0.0005,0.1730,0.0015,0.0244,0.2302,0.0323,0.2023,0.0049,0.2283,0.0005
1785419180.27,106,drive,1,0.25,15.0,40.693,25.20,249.99,0.0440,0.1642,0.0000,0.1603,0.0000,0.1745,0.0034,0.0230,0.2292,0.0308,0.2004,0.0039,0.2239,0.0000
1785419181.15,106,drive,0,0.5,15.0,40.693,25.20,249.99,0.0450,0.1618,0.0000,0.1593,0.0000,0.1764,0.0020,0.0274,0.2292,0.0318,0.2004,0.0044,0.2297,0.0000
1785419181.25,106,drive,1,0.5,15.0,40.693,25.20,249.99,0.0401,0.1642,0.0000,0.1574,0.0005,0.1760,0.0024,0.0225,0.2283,0.0342,0.2028,0.0073,0.2278,0.0000
1785419182.14,106,drive,0,0.75,15.0,40.693,25.20,249.99,0.0445,0.1647,0.0000,0.1588,0.0000,0.1769,0.0049,0.0249,0.2278,0.0327,0.2033,0.0049,0.2283,0.0000
1785419182.24,106,drive,1,0.75,15.0,40.693,25.20,249.99,0.0455,0.1588,0.0000,0.1588,0.0005,0.1755,0.0039,0.0235,0.2292,0.0342,0.2014,0.0039,0.2283,0.0000
1785419183.13,106,drive,0,1.0,15.0,40.693,25.20,249.99,0.0430,0.1652,0.0000,0.1579,0.0010,0.1755,0.0029,0.0230,0.2263,0.0318,0.1994,0.0064,0.2287,0.0005
1785419183.22,106,drive,1,1.0,15.0,40.693,25.20,249.99,0.0459,0.1593,0.0000,0.1608,0.0005,0.1774,0.0024,0.0249,0.2283,0.0337,0.1999,0.0039,0.2297,0.0000
1785419184.11,106,drive,0,1.25,15.0,40.693,25.20,249.99,0.0435,0.1608,0.0000,0.1593,0.0015,0.1730,0.0020,0.0254,0.2302,0.0318,0.2004,0.0064,0.2302,0.0000
1785419184.21,106,drive,1,1.25,15.0,40.693,25.20,249.99,0.0459,0.1618,0.0000,0.1608,0.0000,0.1740,0.0039,0.0274,0.2273,0.0327,0.2014,0.0044,0.2302,0.0010
1785419185.10,106,drive,0,1.5,15.0,40.693,25.20,249.99,0.0425,0.1618,0.0000,0.1584,0.0000,0.1760,0.0029,0.0235,0.2292,0.0337,0.2038,0.0044,0.2287,0.0000
1785419185.20,106,drive,1,1.5,15.0,40.693,25.20,249.99,0.0425,0.1613,0.0000,0.1593,0.0000,0.1745,0.0024,0.0254,0.2283,0.0308,0.2004,0.0049,0.2287,0.0000
1785419186.09,106,drive,0,1.75,15.0,40.693,25.20,249.99,0.0450,0.1642,0.0000,0.1623,0.0000,0.1755,0.0010,0.0249,0.2273,0.0303,0.2009,0.0029,0.2297,0.0000
1785419186.18,106,drive,1,1.75,15.0,40.693,25.20,249.99,0.0435,0.1652,0.0000,0.1579,0.0000,0.1774,0.0024,0.0249,0.2268,0.0347,0.2038,0.0059,0.2287,0.0000
1785419187.07,106,drive,0,2.0,15.0,40.693,25.20,249.99,0.0455,0.1618,0.0000,0.1584,0.0005,0.1760,0.0020,0.0235,0.2278,0.0327,0.2028,0.0054,0.2258,0.0000
1785419187.17,106,drive,1,2.0,15.0,40.693,25.20,249.99,0.0450,0.1608,0.0000,0.1613,0.0000,0.1760,0.0010,0.0269,0.2287,0.0318,0.2014,0.0039,0.2263,0.0000
1785419188.14,107,base,0,0.0,15.0,40.693,25.20,249.99,0.0430,0.1628,0.0000,0.1593,0.0000,0.1740,0.0024,0.0254,0.2243,0.0327,0.2043,0.0054,0.2258,0.0005
1785419188.23,107,base,1,0.0,15.0,40.693,25.20,249.99,0.0425,0.1593,0.0000,0.1613,0.0005,0.1760,0.0020,0.0259,0.2297,0.0337,0.1975,0.0039,0.2273,0.0000
1785419189.12,107,drive,0,0.0,15.0,40.693,25.20,249.99,0.0440,0.1613,0.0000,0.1574,0.0000,0.1789,0.0029,0.0274,0.2292,0.0337,0.1999,0.0059,0.2312,0.0000
1785419189.22,107,drive,1,0.0,15.0,40.693,25.20,249.99,0.0435,0.1642,0.0000,0.1593,0.0005,0.1740,0.0044,0.0254,0.2268,0.0308,0.1999,0.0054,0.2268,0.0010
1785419190.11,107,drive,0,0.25,15.0,40.693,25.20,249.99,0.0450,0.1598,0.0000,0.1588,0.0005,0.1740,0.0029,0.0210,0.2278,0.0327,0.2043,0.0039,0.2273,0.0005
1785419190.20,107,drive,1,0.25,15.0,40.693,25.20,249.99,0.0435,0.1618,0.0005,0.1593,0.0010,0.1745,0.0024,0.0200,0.2273,0.0347,0.2023,0.0049,0.2253,0.0000
1785419191.10,107,drive,0,0.5,15.0,40.693,25.20,249.99,0.0440,0.1623,0.0000,0.1549,0.0005,0.1764,0.0039,0.0230,0.2278,0.0332,0.2023,0.0044,0.2302,0.0010
1785419191.19,107,drive,1,0.5,15.0,40.693,25.20,249.99,0.0440,0.1632,0.0010,0.1559,0.0000,0.1725,0.0020,0.0254,0.2253,0.0313,0.2004,0.0068,0.2278,0.0000
1785419192.08,107,drive,0,0.75,15.0,40.693,25.20,249.99,0.0455,0.1647,0.0000,0.1579,0.0000,0.1750,0.0054,0.0215,0.2283,0.0327,0.2023,0.0054,0.2268,0.0000
1785419192.18,107,drive,1,0.75,15.0,40.693,25.20,249.99,0.0440,0.1657,0.0000,0.1574,0.0000,0.1755,0.0034,0.0279,0.2273,0.0323,0.1999,0.0054,0.2283,0.0005
1785419193.07,107,drive,0,1.0,15.0,40.693,25.20,249.99,0.0435,0.1608,0.0000,0.1588,0.0000,0.1740,0.0024,0.0225,0.2331,0.0303,0.2023,0.0059,0.2297,0.0000
1785419193.16,107,drive,1,1.0,15.0,40.693,25.20,249.99,0.0445,0.1628,0.0000,0.1608,0.0010,0.1789,0.0029,0.0230,0.2297,0.0342,0.1994,0.0034,0.2287,0.0005
1785419194.05,107,drive,0,1.25,15.0,40.693,25.20,249.99,0.0450,0.1632,0.0000,0.1588,0.0005,0.1745,0.0029,0.0269,0.2273,0.0327,0.2028,0.0054,0.2307,0.0005
1785419194.14,107,drive,1,1.25,15.0,40.693,25.20,249.99,0.0440,0.1632,0.0000,0.1569,0.0005,0.1745,0.0049,0.0259,0.2263,0.0323,0.2028,0.0029,0.2292,0.0000
1785419195.03,107,drive,0,1.5,15.0,40.693,25.20,249.99,0.0450,0.1613,0.0000,0.1588,0.0000,0.1745,0.0015,0.0235,0.2278,0.0303,0.1970,0.0054,0.2331,0.0005
1785419195.12,107,drive,1,1.5,15.0,40.693,25.20,249.99,0.0459,0.1672,0.0000,0.1603,0.0005,0.1760,0.0024,0.0215,0.2278,0.0308,0.2028,0.0068,0.2273,0.0000
1785419196.00,107,drive,0,1.75,15.0,40.693,25.20,249.99,0.0459,0.1613,0.0005,0.1608,0.0010,0.1769,0.0044,0.0254,0.2302,0.0327,0.2019,0.0034,0.2292,0.0000
1785419196.10,107,drive,1,1.75,15.0,40.693,25.20,249.99,0.0401,0.1623,0.0000,0.1588,0.0005,0.1706,0.0039,0.0239,0.2268,0.0323,0.1994,0.0068,0.2278,0.0005
1785419196.99,107,drive,0,2.0,15.0,40.693,25.20,249.99,0.0440,0.1628,0.0005,0.1623,0.0000,0.1755,0.0059,0.0259,0.2307,0.0313,0.2004,0.0024,0.2287,0.0005
1785419197.09,107,drive,1,2.0,15.0,40.693,25.20,249.99,0.0440,0.1598,0.0000,0.1579,0.0000,0.1755,0.0029,0.0254,0.2273,0.0332,0.2019,0.0044,0.2283,0.0000
1785419198.05,108,base,0,0.0,15.0,40.733,25.20,249.99,0.0430,0.1628,0.0005,0.1574,0.0005,0.1750,0.0044,0.0230,0.2278,0.0327,0.2023,0.0059,0.2307,0.0005
1785419198.14,108,base,1,0.0,15.0,40.733,25.20,249.99,0.0430,0.1637,0.0005,0.1588,0.0000,0.1735,0.0034,0.0259,0.2263,0.0308,0.1994,0.0068,0.2287,0.0000
1785419199.03,108,drive,0,0.0,15.0,40.733,25.20,249.99,0.0474,0.1632,0.0000,0.1588,0.0000,0.1730,0.0020,0.0210,0.2307,0.0332,0.1979,0.0029,0.2283,0.0000
1785419199.13,108,drive,1,0.0,15.0,40.733,25.20,249.99,0.0459,0.1608,0.0000,0.1593,0.0005,0.1740,0.0010,0.0215,0.2297,0.0308,0.2004,0.0049,0.2302,0.0005
1785419200.02,108,drive,0,0.25,15.0,40.733,25.20,249.99,0.0464,0.1618,0.0010,0.1628,0.0000,0.1760,0.0029,0.0269,0.2287,0.0342,0.2043,0.0064,0.2302,0.0000
1785419200.11,108,drive,1,0.25,15.0,40.733,25.20,249.99,0.0440,0.1647,0.0000,0.1598,0.0000,0.1764,0.0024,0.0249,0.2292,0.0327,0.2014,0.0078,0.2302,0.0000
1785419200.99,108,drive,0,0.5,15.0,40.733,25.20,249.99,0.0474,0.1632,0.0005,0.1603,0.0005,0.1789,0.0049,0.0254,0.2322,0.0347,0.2014,0.0044,0.2317,0.0010
1785419201.09,108,drive,1,0.5,15.0,40.733,25.20,249.99,0.0479,0.1642,0.0005,0.1588,0.0010,0.1784,0.0049,0.0269,0.2283,0.0357,0.2048,0.0078,0.2317,0.0000
1785419201.97,108,drive,0,0.75,15.0,40.733,25.20,249.99,0.0518,0.1667,0.0000,0.1642,0.0015,0.1818,0.0039,0.0288,0.2346,0.0362,0.2023,0.0088,0.2326,0.0024
1785419202.06,108,drive,1,0.75,15.0,40.733,25.20,249.99,0.0528,0.1662,0.0000,0.1637,0.0000,0.1838,0.0049,0.0293,0.2292,0.0362,0.2043,0.0078,0.2331,0.0020
1785419202.95,108,drive,0,1.0,15.0,40.733,25.20,249.99,0.0523,0.1676,0.0000,0.1667,0.0005,0.1818,0.0054,0.0279,0.2346,0.0391,0.2023,0.0078,0.2336,0.0024
1785419203.04,108,drive,1,1.0,15.0,40.733,25.20,249.99,0.0533,0.1642,0.0005,0.1652,0.0010,0.1789,0.0059,0.0288,0.2331,0.0371,0.2048,0.0073,0.2322,0.0020
1785419203.93,108,drive,0,1.25,15.0,40.733,25.20,249.99,0.0538,0.1686,0.0010,0.1613,0.0015,0.1813,0.0068,0.0279,0.2322,0.0381,0.2028,0.0088,0.2341,0.0020
1785419204.02,108,drive,1,1.25,15.0,40.733,25.20,249.99,0.0523,0.1676,0.0005,0.1642,0.0015,0.1818,0.0073,0.0274,0.2331,0.0362,0.2048,0.0078,0.2326,0.0024
1785419204.92,108,drive,0,1.5,15.0,40.733,25.20,249.99,0.0538,0.1662,0.0000,0.1662,0.0005,0.1799,0.0064,0.0298,0.2331,0.0371,0.2033,0.0103,0.2341,0.0044
1785419205.01,108,drive,1,1.5,15.0,40.733,25.20,249.99,0.0528,0.1672,0.0000,0.1637,0.0010,0.1833,0.0049,0.0259,0.2336,0.0401,0.2038,0.0073,0.2346,0.0024
1785419205.90,108,drive,0,1.75,15.0,40.733,25.20,249.99,0.0518,0.1647,0.0005,0.1637,0.0010,0.1818,0.0088,0.0274,0.2336,0.0381,0.2028,0.0078,0.2336,0.0024
1785419206.00,108,drive,1,1.75,15.0,40.733,25.20,249.99,0.0518,0.1681,0.0000,0.1652,0.0000,0.1784,0.0064,0.0288,0.2341,0.0362,0.2053,0.0108,0.2336,0.0024
1785419206.89,108,drive,0,2.0,15.0,40.733,25.20,249.99,0.0518,0.1652,0.0000,0.1637,0.0015,0.1808,0.0049,0.0288,0.2322,0.0386,0.2043,0.0088,0.2326,0.0034
1785419206.98,108,drive,1,2.0,15.0,40.733,25.20,249.99,0.0528,0.1676,0.0010,0.1637,0.0010,0.1813,0.0059,0.0293,0.2346,0.0381,0.2033,0.0098,0.2336,0.0024
1785419207.96,109,base,0,0.0,15.0,40.713,25.20,249.99,0.0440,0.1618,0.0000,0.1588,0.0005,0.1769,0.0024,0.0196,0.2278,0.0318,0.2028,0.0064,0.2278,0.0000
1785419208.05,109,base,1,0.0,15.0,40.713,25.20,249.99,0.0430,0.1613,0.0000,0.1588,0.0005,0.1760,0.0015,0.0244,0.2268,0.0313,0.2014,0.0049,0.2302,0.0005
1785419208.94,109,drive,0,0.0,15.0,40.713,25.20,249.99,0.0415,0.1613,0.0000,0.1608,0.0000,0.1735,0.0054,0.0235,0.2263,0.0313,0.2004,0.0034,0.2278,0.0000
1785419209.04,109,drive,1,0.0,15.0,40.713,25.20,249.99,0.0430,0.1652,0.0000,0.1618,0.0000,0.1755,0.0039,0.0235,0.2278,0.0303,0.1994,0.0049,0.2302,0.0000
1785419209.92,109,drive,0,0.25,15.0,40.713,25.20,249.99,0.0430,0.1642,0.0000,0.1588,0.0005,0.1760,0.0010,0.0235,0.2278,0.0337,0.1999,0.0068,0.2292,0.0000
1785419210.02,109,drive,1,0.25,15.0,40.713,25.20,249.99,0.0435,0.1647,0.0000,0.1588,0.0000,0.1745,0.0024,0.0230,0.2292,0.0327,0.1984,0.0049,0.2283,0.0000
1785419210.91,109,drive,0,0.5,15.0,40.713,25.20,249.99,0.0459,0.1623,0.0000,0.1569,0.0005,0.1755,0.0039,0.0210,0.2268,0.0332,0.2028,0.0044,0.2317,0.0010
1785419211.01,109,drive,1,0.5,15.0,40.713,25.20,249.99,0.0430,0.1598,0.0000,0.1584,0.0000,0.1750,0.0015,0.0244,0.2287,0.0357,0.2023,0.0054,0.2278,0.0000
1785419211.90,109,drive,0,0.75,15.0,40.713,25.20,249.99,0.0445,0.1628,0.0000,0.1535,0.0020,0.1755,0.0024,0.0215,0.2273,0.0367,0.2072,0.0034,0.2268,0.0000
1785419211.99,109,drive,1,0.75,15.0,40.713,25.20,249.99,0.0445,0.1618,0.0005,0.1535,0.0005,0.1774,0.0024,0.0205,0.2253,0.0347,0.2043,0.0034,0.2297,0.0000
1785419212.89,109,drive,0,1.0,15.0,40.713,25.20,249.99,0.0430,0.1652,0.0000,0.1505,0.0020,0.1779,0.0059,0.0210,0.2287,0.0342,0.2063,0.0083,0.2273,0.0005
1785419212.98,109,drive,1,1.0,15.0,40.713,25.20,249.99,0.0430,0.1637,0.0000,0.1520,0.0005,0.1799,0.0039,0.0196,0.2287,0.0391,0.2077,0.0044,0.2292,0.0000
1785419213.87,109,drive,0,1.25,15.0,40.713,25.20,249.99,0.0445,0.1608,0.0005,0.1457,0.0015,0.1794,0.0034,0.0166,0.2258,0.0376,0.2092,0.0054,0.2287,0.0000
1785419213.96,109,drive,1,1.25,15.0,40.713,25.20,249.99,0.0459,0.1618,0.0005,0.1437,0.0029,0.1848,0.0020,0.0171,0.2258,0.0371,0.2141,0.0024,0.2283,0.0000
1785419214.85,109,drive,0,1.5,15.0,40.713,25.20,249.99,0.0459,0.1628,0.0000,0.1339,0.0044,0.1852,0.0068,0.0142,0.2243,0.0357,0.2180,0.0059,0.2297,0.0005
1785419214.95,109,drive,1,1.5,15.0,40.713,25.20,249.99,0.0479,0.1618,0.0005,0.1359,0.0039,0.1843,0.0044,0.0152,0.2263,0.0371,0.2160,0.0039,0.2317,0.0005
1785419215.84,109,drive,0,1.75,15.0,40.713,25.20,249.99,0.0450,0.1608,0.0000,0.1197,0.0088,0.1887,0.0103,0.0117,0.2229,0.0357,0.2229,0.0044,0.2317,0.0000
1785419215.93,109,drive,1,1.75,15.0,40.713,25.20,249.99,0.0474,0.1588,0.0010,0.1222,0.0093,0.1891,0.0108,0.0137,0.2234,0.0352,0.2214,0.0049,0.2287,0.0015
1785419216.82,109,drive,0,2.0,15.0,40.713,25.20,249.99,0.0440,0.1603,0.0000,0.1061,0.0152,0.1935,0.0147,0.0122,0.2234,0.0332,0.2273,0.0054,0.2292,0.0000
1785419216.92,109,drive,1,2.0,15.0,40.713,25.20,249.99,0.0445,0.1593,0.0000,0.1095,0.0152,0.1921,0.0161,0.0112,0.2214,0.0308,0.2283,0.0064,0.2292,0.0015
1785419217.88,110,base,0,0.0,15.0,40.753,25.20,249.99,0.0411,0.1540,0.0049,0.1515,0.0078,0.1799,0.0117,0.0244,0.2444,0.0371,0.1760,0.0103,0.2507,0.0068
1785419217.98,110,base,1,0.0,15.0,40.753,25.20,249.99,0.0411,0.1569,0.0093,0.1554,0.0093,0.1720,0.0044,0.0425,0.2307,0.0318,0.1979,0.0103,0.2292,0.0117
1785419218.87,110,drive,0,0.0,15.0,40.753,25.20,249.99,0.0411,0.1686,0.0049,0.1574,0.0098,0.1716,0.0191,0.0259,0.2307,0.0474,0.2043,0.0083,0.2258,0.0044
1785419218.96,110,drive,1,0.0,15.0,40.753,25.20,249.99,0.0420,0.1652,0.0015,0.1588,0.0161,0.1725,0.0230,0.0210,0.2253,0.0371,0.1940,0.0068,0.2234,0.0024
1785419219.85,110,drive,0,0.25,15.0,40.753,25.20,249.99,0.0469,0.1588,0.0005,0.1574,0.0044,0.1760,0.0064,0.0264,0.2287,0.0298,0.2063,0.0078,0.2366,0.0005
1785419219.94,110,drive,1,0.25,15.0,40.753,25.20,249.99,0.0391,0.1618,0.0039,0.1613,0.0005,0.1725,0.0054,0.0200,0.2356,0.0288,0.1989,0.0093,0.2287,0.0029
1785419220.84,110,drive,0,0.5,15.0,40.753,25.20,249.99,0.0411,0.1647,0.0029,0.1598,0.0005,0.1725,0.0039,0.0254,0.2302,0.0288,0.1984,0.0181,0.2292,0.0059
1785419220.93,110,drive,1,0.5,15.0,40.753,25.20,249.99,0.0415,0.1598,0.0093,0.1535,0.0049,0.1735,0.0064,0.0239,0.2258,0.0327,0.1999,0.0098,0.2297,0.0034
1785419221.82,110,drive,0,0.75,15.0,40.753,25.20,249.99,0.0411,0.1618,0.0059,0.1608,0.0049,0.1725,0.0073,0.0313,0.2331,0.0283,0.2009,0.0088,0.2258,0.0142
1785419221.92,110,drive,1,0.75,15.0,40.753,25.20,249.99,0.0406,0.1588,0.0010,0.1657,0.0015,0.1764,0.0039,0.0332,0.2322,0.0269,0.2043,0.0068,0.2317,0.0010
1785420185.71,110,drive,0,1.0,15.0,40.753,25.20,249.99,0.0459,0.1618,0.0000,0.1608,0.0005,0.1755,0.0054,0.0347,0.2341,0.0254,0.1994,0.0049,0.2273,0.0000
1785420185.90,110,drive,1,1.0,15.0,40.753,25.20,249.99,0.0425,0.1574,0.0000,0.1593,0.0005,0.1740,0.0020,0.0342,0.2366,0.0254,0.2004,0.0020,0.2258,0.0000
1785420186.78,110,drive,0,1.25,15.0,40.753,25.20,249.99,0.0440,0.1613,0.0005,0.1642,0.0005,0.1745,0.0029,0.0371,0.2380,0.0235,0.1970,0.0034,0.2292,0.0005
1785420186.88,110,drive,1,1.25,15.0,40.753,25.20,249.99,0.0450,0.1623,0.0000,0.1637,0.0005,0.1755,0.0020,0.0391,0.2356,0.0244,0.2014,0.0029,0.2234,0.0000
1785420187.78,110,drive,0,1.5,15.0,40.753,25.20,249.99,0.0474,0.1569,0.0010,0.1637,0.0000,0.1730,0.0044,0.0445,0.2336,0.0191,0.1921,0.0024,0.2141,0.0005
1785420187.88,110,drive,1,1.5,15.0,40.753,25.20,249.99,0.0455,0.1574,0.0000,0.1564,0.0005,0.1745,0.0029,0.0415,0.2307,0.0156,0.1896,0.0034,0.2063,0.0000
1785420188.76,110,drive,0,1.75,15.0,40.753,25.20,249.99,0.0313,0.1085,0.0000,0.1237,0.0005,0.1197,0.0039,0.0332,0.2155,0.0059,0.1285,0.0024,0.1794,0.0000
1785420188.86,110,drive,1,1.75,15.0,40.753,25.20,249.99,0.0210,0.1012,0.0000,0.1193,0.0015,0.1114,0.0029,0.0313,0.2102,0.0068,0.1212,0.0015,0.1725,0.0000
1785420189.75,110,drive,0,2.0,15.0,40.753,25.20,249.99,0.0000,0.0000,0.0000,0.0010,0.0005,0.0000,0.0000,0.0000,0.0000,0.0000,0.0000,0.0000,0.0000,0.0020
1785420189.61,110,drive,1,2.0,15.0,40.753,25.20,249.99,0.0005,0.0005,0.0000,0.0000,0.0005,0.0005,0.0000,0.0000,0.0000,0.0010,0.0000,0.0000,0.0000,0.0000
1785420190.57,111,base,0,0.0,15.0,0.180,25.20,1.77,0.0000,0.0000,0.0000,0.0000,0.0000,0.0005,0.0000,0.0000,0.0000,0.0005,0.0000,0.0005,0.0000,0.0000
1785420190.67,111,base,1,0.0,15.0,0.180,25.20,1.77,0.0000,0.0000,0.0000,0.0000,0.0005,0.0000,0.0000,0.0000,0.0000,0.0010,0.0000,0.0000,0.0000,0.0000
1785420191.55,111,drive,0,0.0,15.0,0.180,25.20,1.77,0.0005,0.0000,0.0000,0.0000,0.0000,0.0000,0.0000,0.0000,0.0000,0.0005,0.0010,0.0005,0.0000,0.0000
1785420191.65,111,drive,1,0.0,15.0,0.180,25.20,1.77,0.0005,0.0000,0.0000,0.0000,0.0000,0.0000,0.0000,0.0010,0.0005,0.0000,0.0000,0.0000,0.0000,0.0000
1785420192.53,111,drive,0,0.25,15.0,0.180,25.20,1.77,0.0024,0.0005,0.0015,0.0000,0.0020,0.0000,0.0024,0.0005,0.0005,0.0005,0.0000,0.0000,0.0000,0.0020
1785420192.63,111,drive,1,0.25,15.0,0.180,25.20,1.77,0.0024,0.0010,0.0005,0.0005,0.0000,0.0000,0.0000,0.0000,0.0005,0.0000,0.0010,0.0020,0.0015,0.0029
1785420193.51,111,drive,0,0.5,15.0,0.180,25.20,1.77,0.0034,0.0000,0.0005,0.0005,0.0005,0.0010,0.0015,0.0000,0.0000,0.0000,0.0000,0.0005,0.0000,0.0029
1785420193.61,111,drive,1,0.5,15.0,0.180,25.20,1.77,0.0024,0.0005,0.0000,0.0010,0.0005,0.0005,0.0010,0.0005,0.0010,0.0000,0.0010,0.0015,0.0005,0.0015
1785420194.50,111,drive,0,0.75,15.0,0.180,25.20,1.77,0.0024,0.0000,0.0010,0.0005,0.0000,0.0005,0.0005,0.0000,0.0015,0.0000,0.0000,0.0000,0.0005,0.0029
1785420194.59,111,drive,1,0.75,15.0,0.180,25.20,1.77,0.0005,0.0000,0.0005,0.0005,0.0000,0.0005,0.0005,0.0015,0.0015,0.0015,0.0005,0.0000,0.0005,0.0020
1785420195.47,111,drive,0,1.0,15.0,0.180,25.20,1.77,0.0010,0.0005,0.0005,0.0005,0.0005,0.0005,0.0000,0.0000,0.0005,0.0005,0.0010,0.0000,0.0005,0.0024
1785420195.57,111,drive,1,1.0,15.0,0.180,25.20,1.77,0.0010,0.0000,0.0010,0.0000,0.0000,0.0010,0.0015,0.0010,0.0005,0.0005,0.0000,0.0000,0.0010,0.0034
1785420196.45,111,drive,0,1.25,15.0,0.180,25.20,1.77,0.0034,0.0005,0.0005,0.0005,0.0010,0.0000,0.0005,0.0000,0.0005,0.0000,0.0005,0.0005,0.0000,0.0039
1785420196.55,111,drive,1,1.25,15.0,0.180,25.20,1.77,0.0029,0.0005,0.0005,0.0000,0.0005,0.0010,0.0005,0.0000,0.0005,0.0000,0.0005,0.0000,0.0010,0.0020
1785420197.44,111,drive,0,1.5,15.0,0.180,25.20,1.77,0.0029,0.0015,0.0000,0.0010,0.0005,0.0000,0.0005,0.0010,0.0005,0.0000,0.0005,0.0000,0.0005,0.0039
1785420197.53,111,drive,1,1.5,15.0,0.180,25.20,1.77,0.0103,0.0059,0.0122,0.0073,0.0108,0.0073,0.0098,0.0059,0.0196,0.0152,0.0210,0.0122,0.0064,0.0020
1785420198.42,111,drive,0,1.75,15.0,0.180,25.20,1.77,0.0230,0.0098,0.0093,0.0068,0.0137,0.0098,0.0039,0.0171,0.0117,0.0049,0.0064,0.0112,0.0176,0.0059
1785420198.51,111,drive,1,1.75,15.0,0.180,25.20,1.77,0.0083,0.0024,0.0235,0.0039,0.0015,0.0225,0.0029,0.0039,0.0161,0.0049,0.0054,0.0147,0.0020,0.0200
1785420199.40,111,drive,0,2.0,15.0,0.180,25.20,1.77,0.0049,0.0127,0.0117,0.0029,0.0191,0.0054,0.0015,0.0259,0.0039,0.0005,0.0259,0.0049,0.0044,0.0249
1785420199.49,111,drive,1,2.0,15.0,0.180,25.20,1.77,0.0078,0.0064,0.0147,0.0024,0.0127,0.0059,0.0010,0.0181,0.0083,0.0015,0.0288,0.0020,0.0015,0.0210
1785420200.45,112,base,0,0.0,15.0,0.180,25.20,1.77,0.0064,0.0010,0.0024,0.0054,0.0010,0.0029,0.0020,0.0000,0.0020,0.0005,0.0005,0.0108,0.0005,0.0000
1785420200.55,112,base,1,0.0,15.0,0.180,25.20,1.77,0.0015,0.0024,0.0054,0.0010,0.0034,0.0029,0.0000,0.0044,0.0010,0.0010,0.0088,0.0005,0.0005,0.0034
1785420201.43,112,drive,0,0.0,15.0,0.180,25.20,1.77,0.0044,0.0054,0.0029,0.0034,0.0068,0.0005,0.0064,0.0044,0.0010,0.0020,0.0039,0.0005,0.0015,0.0020
1785420201.53,112,drive,1,0.0,15.0,0.180,25.20,1.77,0.0073,0.0024,0.0054,0.0088,0.0005,0.0044,0.0010,0.0005,0.0024,0.0010,0.0015,0.0015,0.0029,0.0054
1785420202.42,112,drive,0,0.25,15.0,0.180,25.20,1.77,0.0015,0.0059,0.0044,0.0034,0.0044,0.0029,0.0010,0.0020,0.0029,0.0049,0.0005,0.0044,0.0078,0.0020
1785420202.51,112,drive,1,0.25,15.0,0.180,25.20,1.77,0.0029,0.0029,0.0059,0.0005,0.0000,0.0093,0.0034,0.0034,0.0049,0.0044,0.0064,0.0010,0.0064,0.0049
1785420203.40,112,drive,0,0.5,15.0,0.180,25.20,1.77,0.0015,0.0059,0.0024,0.0010,0.0044,0.0020,0.0005,0.0034,0.0049,0.0083,0.0020,0.0034,0.0059,0.0059
1785420203.50,112,drive,1,0.5,15.0,0.180,25.20,1.77,0.0029,0.0024,0.0044,0.0024,0.0044,0.0044,0.0020,0.0015,0.0098,0.0020,0.0000,0.0039,0.0010,0.0054
1785420204.38,112,drive,0,0.75,15.0,0.180,25.20,1.77,0.0039,0.0020,0.0020,0.0039,0.0020,0.0029,0.0103,0.0029,0.0015,0.0059,0.0034,0.0010,0.0034,0.0098
1785420204.48,112,drive,1,0.75,15.0,0.180,25.20,1.77,0.0049,0.0010,0.0039,0.0024,0.0020,0.0044,0.0059,0.0005,0.0015,0.0088,0.0039,0.0005,0.0054,0.0059
1785420205.37,112,drive,0,1.0,15.0,0.180,25.20,1.77,0.0044,0.0088,0.0024,0.0024,0.0044,0.0024,0.0000,0.0054,0.0029,0.0005,0.0010,0.0005,0.0064,0.0093
1785420205.46,112,drive,1,1.0,15.0,0.180,25.20,1.77,0.0010,0.0010,0.0044,0.0024,0.0005,0.0059,0.0010,0.0020,0.0064,0.0059,0.0034,0.0059,0.0054,0.0112
1785420206.34,112,drive,0,1.25,15.0,0.180,25.20,1.77,0.0034,0.0059,0.0005,0.0029,0.0083,0.0039,0.0015,0.0078,0.0034,0.0020,0.0020,0.0034,0.0015,0.0064
1785420206.44,112,drive,1,1.25,15.0,0.180,25.20,1.77,0.0020,0.0049,0.0059,0.0020,0.0010,0.0064,0.0029,0.0000,0.0015,0.0015,0.0039,0.0024,0.0059,0.0161
1785420207.33,112,drive,0,1.5,15.0,0.180,25.20,1.77,0.0039,0.0020,0.0044,0.0044,0.0054,0.0029,0.0049,0.0034,0.0064,0.0024,0.0015,0.0083,0.0015,0.0093
1785420207.42,112,drive,1,1.5,15.0,0.180,25.20,1.77,0.0039,0.0078,0.0044,0.0015,0.0068,0.0064,0.0005,0.0029,0.0029,0.0029,0.0015,0.0034,0.0098,0.0093
1785420208.31,112,drive,0,1.75,15.0,0.180,25.20,1.77,0.0015,0.0054,0.0068,0.0029,0.0029,0.0093,0.0020,0.0015,0.0064,0.0029,0.0005,0.0034,0.0020,0.0073
1785420208.40,112,drive,1,1.75,15.0,0.180,25.20,1.77,0.0005,0.0078,0.0024,0.0029,0.0039,0.0029,0.0039,0.0059,0.0064,0.0088,0.0010,0.0015,0.0068,0.0103
1785420209.29,112,drive,0,2.0,15.0,0.180,25.20,1.77,0.0015,0.0034,0.0034,0.0024,0.0039,0.0015,0.0068,0.0015,0.0044,0.0068,0.0015,0.0005,0.0068,0.0117
1785420209.38,112,drive,1,2.0,15.0,0.180,25.20,1.77,0.0015,0.0034,0.0034,0.0054,0.0010,0.0010,0.0039,0.0073,0.0015,0.0005,0.0034,0.0000,0.0015,0.0161
1785420210.36,113,base,0,0.0,15.0,0.200,25.20,1.77,0.0005,0.0034,0.0029,0.0005,0.0044,0.0024,0.0015,0.0020,0.0029,0.0073,0.0034,0.0049,0.0044,0.0015
1785420210.45,113,base,1,0.0,15.0,0.200,25.20,1.77,0.0029,0.0059,0.0059,0.0015,0.0015,0.0054,0.0064,0.0015,0.0015,0.0049,0.0010,0.0015,0.0044,0.0029
1785420211.34,113,drive,0,0.0,15.0,0.200,25.20,1.77,0.0049,0.0034,0.0000,0.0064,0.0034,0.0024,0.0020,0.0068,0.0054,0.0015,0.0020,0.0068,0.0015,0.0015
1785420211.44,113,drive,1,0.0,15.0,0.200,25.20,1.77,0.0024,0.0015,0.0020,0.0059,0.0029,0.0024,0.0034,0.0020,0.0015,0.0049,0.0020,0.0010,0.0044,0.0034
1785420212.32,113,drive,0,0.25,15.0,0.200,25.20,1.77,0.0039,0.0024,0.0020,0.0015,0.0029,0.0054,0.0029,0.0068,0.0010,0.0000,0.0078,0.0010,0.0005,0.0068
1785420212.41,113,drive,1,0.25,15.0,0.200,25.20,1.77,0.0093,0.0020,0.0044,0.0049,0.0029,0.0020,0.0015,0.0044,0.0049,0.0024,0.0010,0.0049,0.0015,0.0020
1785420213.30,113,drive,0,0.5,15.0,0.200,25.20,1.77,0.0064,0.0039,0.0015,0.0049,0.0024,0.0044,0.0039,0.0005,0.0039,0.0034,0.0034,0.0005,0.0015,0.0044
1785420213.39,113,drive,1,0.5,15.0,0.200,25.20,1.77,0.0034,0.0010,0.0015,0.0010,0.0024,0.0024,0.0029,0.0015,0.0020,0.0064,0.0010,0.0024,0.0083,0.0029
1785420214.28,113,drive,0,0.75,15.0,0.200,25.20,1.77,0.0015,0.0059,0.0093,0.0010,0.0059,0.0064,0.0015,0.0034,0.0064,0.0005,0.0024,0.0010,0.0015,0.0088
1785420214.38,113,drive,1,0.75,15.0,0.200,25.20,1.77,0.0044,0.0034,0.0020,0.0039,0.0039,0.0005,0.0029,0.0020,0.0010,0.0073,0.0024,0.0039,0.0029,0.0073
1785420215.26,113,drive,0,1.0,15.0,0.200,25.20,1.77,0.0059,0.0005,0.0108,0.0005,0.0005,0.0083,0.0005,0.0010,0.0034,0.0039,0.0000,0.0098,0.0015,0.0073
1785420215.36,113,drive,1,1.0,15.0,0.200,25.20,1.77,0.0024,0.0005,0.0005,0.0020,0.0000,0.0039,0.0010,0.0005,0.0073,0.0005,0.0034,0.0034,0.0005,0.0147
1785420216.24,113,drive,0,1.25,15.0,0.200,25.20,1.77,0.0010,0.0064,0.0039,0.0015,0.0171,0.0039,0.0000,0.0210,0.0064,0.0005,0.0132,0.0024,0.0000,0.0078
1785420216.34,113,drive,1,1.25,15.0,0.200,25.20,1.77,0.0015,0.0254,0.0034,0.0015,0.0152,0.0029,0.0005,0.0039,0.0020,0.0064,0.0068,0.0010,0.0117,0.0122
1785420217.22,113,drive,0,1.5,15.0,0.200,25.20,1.77,0.0020,0.0147,0.0020,0.0054,0.0127,0.0005,0.0112,0.0039,0.0000,0.0210,0.0010,0.0005,0.0215,0.0112
1785420217.32,113,drive,1,1.5,15.0,0.200,25.20,1.77,0.0039,0.0010,0.0215,0.0020,0.0029,0.0191,0.0010,0.0020,0.0142,0.0015,0.0024,0.0098,0.0010,0.0137
1785420218.20,113,drive,0,1.75,15.0,0.200,25.20,1.77,0.0191,0.0020,0.0098,0.0098,0.0010,0.0112,0.0049,0.0015,0.0152,0.0015,0.0015,0.0181,0.0024,0.0073
1785420218.30,113,drive,1,1.75,15.0,0.200,25.20,1.77,0.0005,0.0137,0.0000,0.0020,0.0132,0.0010,0.0029,0.0147,0.0010,0.0078,0.0064,0.0010,0.0191,0.0098
1785420219.19,113,drive,0,2.0,15.0,0.200,25.20,1.77,0.0000,0.0000,0.0000,0.0000,0.0000,0.0000,0.0005,0.0000,0.0000,0.0005,0.0000,0.0000,0.0000,0.0078
1785420219.28,113,drive,1,2.0,15.0,0.200,25.20,1.77,0.0010,0.0000,0.0000,0.0000,0.0000,0.0000,0.0000,0.0000,0.0005,0.0000,0.0000,0.0000,0.0010,0.0049
1785420220.25,114,base,0,0.0,15.0,0.180,25.19,1.77,0.0000,0.0000,0.0000,0.0005,0.0005,0.0000,0.0000,0.0005,0.0000,0.0000,0.0000,0.0000,0.0000,0.0000
1785420220.34,114,base,1,0.0,15.0,0.180,25.19,1.77,0.0005,0.0000,0.0005,0.0000,0.0000,0.0000,0.0005,0.0000,0.0000,0.0000,0.0005,0.0000,0.0000,0.0000
1785420221.23,114,drive,0,0.0,15.0,0.180,25.19,1.77,0.0000,0.0000,0.0000,0.0000,0.0000,0.0000,0.0000,0.0000,0.0000,0.0000,0.0000,0.0000,0.0000,0.0000
1785420221.32,114,drive,1,0.0,15.0,0.180,25.19,1.77,0.0005,0.0000,0.0000,0.0000,0.0000,0.0000,0.0000,0.0000,0.0005,0.0000,0.0000,0.0000,0.0005,0.0000
1785420222.21,114,drive,0,0.25,15.0,0.180,25.19,1.77,0.0000,0.0000,0.0000,0.0000,0.0000,0.0000,0.0000,0.0000,0.0000,0.0005,0.0005,0.0000,0.0010,0.0005
1785420222.30,114,drive,1,0.25,15.0,0.180,25.19,1.77,0.0000,0.0000,0.0000,0.0000,0.0010,0.0000,0.0000,0.0000,0.0005,0.0000,0.0000,0.0000,0.0000,0.0015
1785420223.19,114,drive,0,0.5,15.0,0.180,25.19,1.77,0.0000,0.0005,0.0000,0.0000,0.0000,0.0000,0.0000,0.0000,0.0000,0.0000,0.0000,0.0000,0.0000,0.0010
1785420223.28,114,drive,1,0.5,15.0,0.180,25.19,1.77,0.0005,0.0000,0.0000,0.0000,0.0000,0.0000,0.0000,0.0000,0.0000,0.0000,0.0000,0.0000,0.0000,0.0005
1785420224.17,114,drive,0,0.75,15.0,0.180,25.19,1.77,0.0000,0.0000,0.0005,0.0000,0.0005,0.0010,0.0005,0.0010,0.0000,0.0000,0.0000,0.0000,0.0000,0.0034
1785420224.27,114,drive,1,0.75,15.0,0.180,25.19,1.77,0.0010,0.0005,0.0005,0.0000,0.0000,0.0000,0.0000,0.0005,0.0000,0.0000,0.0000,0.0010,0.0000,0.0015
1785420225.15,114,drive,0,1.0,15.0,0.180,25.19,1.77,0.0000,0.0000,0.0000,0.0000,0.0000,0.0000,0.0000,0.0000,0.0000,0.0010,0.0000,0.0000,0.0010,0.0034
1785420225.25,114,drive,1,1.0,15.0,0.180,25.19,1.77,0.0020,0.0000,0.0000,0.0000,0.0000,0.0000,0.0000,0.0000,0.0000,0.0000,0.0005,0.0000,0.0010,0.0068
1785420226.14,114,drive,0,1.25,15.0,0.180,25.19,1.77,0.0005,0.0010,0.0005,0.0000,0.0010,0.0000,0.0000,0.0000,0.0000,0.0000,0.0000,0.0000,0.0005,0.0068
1785420226.23,114,drive,1,1.25,15.0,0.180,25.19,1.77,0.0000,0.0005,0.0000,0.0000,0.0000,0.0010,0.0000,0.0000,0.0005,0.0000,0.0005,0.0010,0.0000,0.0068
1785420227.12,114,drive,0,1.5,15.0,0.180,25.19,1.77,0.0005,0.0005,0.0000,0.0015,0.0000,0.0000,0.0000,0.0000,0.0000,0.0000,0.0010,0.0000,0.0005,0.0103
1785420227.21,114,drive,1,1.5,15.0,0.180,25.19,1.77,0.0000,0.0000,0.0000,0.0000,0.0000,0.0000,0.0000,0.0005,0.0000,0.0000,0.0000,0.0005,0.0000,0.0083
1785420228.10,114,drive,0,1.75,15.0,0.180,25.19,1.77,0.0000,0.0000,0.0000,0.0010,0.0000,0.0000,0.0005,0.0000,0.0005,0.0010,0.0000,0.0000,0.0000,0.0088
1785420228.19,114,drive,1,1.75,15.0,0.180,25.19,1.77,0.0005,0.0005,0.0005,0.0000,0.0000,0.0000,0.0000,0.0000,0.0000,0.0005,0.0000,0.0000,0.0010,0.0088
1785420229.08,114,drive,0,2.0,15.0,0.180,25.19,1.77,0.0005,0.0000,0.0005,0.0005,0.0005,0.0000,0.0000,0.0005,0.0000,0.0010,0.0000,0.0000,0.0000,0.0044
1785420229.17,114,drive,1,2.0,15.0,0.180,25.19,1.77,0.0000,0.0010,0.0000,0.0000,0.0005,0.0000,0.0010,0.0000,0.0000,0.0000,0.0010,0.0000,0.0000,0.0064
1785420230.14,115,base,0,0.0,15.0,0.160,25.19,1.77,0.0000,0.0000,0.0000,0.0005,0.0000,0.0000,0.0005,0.0000,0.0000,0.0000,0.0005,0.0000,0.0005,0.0000
1785420230.23,115,base,1,0.0,15.0,0.160,25.19,1.77,0.0000,0.0005,0.0000,0.0005,0.0010,0.0000,0.0000,0.0000,0.0000,0.0000,0.0000,0.0000,0.0000,0.0005
1785420231.11,115,drive,0,0.0,15.0,0.160,25.19,1.77,0.0000,0.0010,0.0000,0.0000,0.0000,0.0000,0.0000,0.0000,0.0000,0.0000,0.0000,0.0000,0.0000,0.0000
1785420231.21,115,drive,1,0.0,15.0,0.160,25.19,1.77,0.0000,0.0000,0.0000,0.0000,0.0000,0.0000,0.0010,0.0010,0.0000,0.0000,0.0005,0.0005,0.0000,0.0000
1785420232.10,115,drive,0,0.25,15.0,0.160,25.19,1.77,0.0000,0.0000,0.0005,0.0005,0.0000,0.0000,0.0000,0.0005,0.0000,0.0000,0.0005,0.0005,0.0000,0.0000
1785420232.19,115,drive,1,0.25,15.0,0.160,25.19,1.77,0.0000,0.0005,0.0005,0.0000,0.0000,0.0000,0.0000,0.0000,0.0000,0.0000,0.0005,0.0000,0.0000,0.0005
1785420233.08,115,drive,0,0.5,15.0,0.160,25.19,1.77,0.0000,0.0000,0.0000,0.0000,0.0000,0.0015,0.0005,0.0000,0.0005,0.0000,0.0000,0.0000,0.0000,0.0015
1785420233.17,115,drive,1,0.5,15.0,0.160,25.19,1.77,0.0005,0.0010,0.0000,0.0005,0.0005,0.0000,0.0000,0.0005,0.0000,0.0005,0.0000,0.0000,0.0000,0.0034
1785420234.06,115,drive,0,0.75,15.0,0.160,25.19,1.77,0.0005,0.0000,0.0000,0.0000,0.0000,0.0000,0.0000,0.0000,0.0000,0.0000,0.0000,0.0000,0.0000,0.0020
1785420234.15,115,drive,1,0.75,15.0,0.160,25.19,1.77,0.0000,0.0000,0.0010,0.0000,0.0005,0.0000,0.0005,0.0000,0.0000,0.0000,0.0005,0.0005,0.0005,0.0034
1785420235.04,115,drive,0,1.0,15.0,0.160,25.19,1.77,0.0010,0.0000,0.0000,0.0000,0.0005,0.0000,0.0005,0.0000,0.0005,0.0005,0.0000,0.0000,0.0005,0.0054
1785420235.13,115,drive,1,1.0,15.0,0.160,25.19,1.77,0.0000,0.0005,0.0005,0.0000,0.0000,0.0000,0.0000,0.0000,0.0000,0.0000,0.0000,0.0000,0.0000,0.0044
1785420236.02,115,drive,0,1.25,15.0,0.160,25.19,1.77,0.0010,0.0000,0.0005,0.0010,0.0000,0.0000,0.0000,0.0005,0.0000,0.0000,0.0000,0.0000,0.0000,0.0088
1785420236.12,115,drive,1,1.25,15.0,0.160,25.19,1.77,0.0000,0.0000,0.0000,0.0000,0.0000,0.0000,0.0000,0.0000,0.0010,0.0000,0.0000,0.0000,0.0000,0.0064
1785420237.00,115,drive,0,1.5,15.0,0.160,25.19,1.77,0.0005,0.0000,0.0000,0.0000,0.0000,0.0000,0.0010,0.0005,0.0000,0.0000,0.0005,0.0000,0.0000,0.0044
1785420237.10,115,drive,1,1.5,15.0,0.160,25.19,1.77,0.0005,0.0010,0.0000,0.0000,0.0000,0.0005,0.0000,0.0000,0.0000,0.0000,0.0000,0.0000,0.0000,0.0068
1785420237.98,115,drive,0,1.75,15.0,0.160,25.19,1.77,0.0000,0.0000,0.0005,0.0000,0.0000,0.0000,0.0005,0.0000,0.0000,0.0000,0.0000,0.0005,0.0000,0.0054
1785420238.08,115,drive,1,1.75,15.0,0.160,25.19,1.77,0.0000,0.0000,0.0000,0.0010,0.0010,0.0000,0.0005,0.0000,0.0000,0.0005,0.0000,0.0000,0.0000,0.0049
1785420238.97,115,drive,0,2.0,15.0,0.160,25.19,1.77,0.0000,0.0000,0.0005,0.0000,0.0005,0.0005,0.0000,0.0000,0.0000,0.0000,0.0000,0.0005,0.0000,0.0073
1785420239.06,115,drive,1,2.0,15.0,0.160,25.19,1.77,0.0000,0.0000,0.0000,0.0000,0.0000,0.0000,0.0000,0.0000,0.0000,0.0000,0.0000,0.0000,0.0000,0.0073
1785420240.02,116,base,0,0.0,15.0,0.160,25.19,1.77,0.0000,0.0000,0.0000,0.0000,0.0000,0.0000,0.0000,0.0000,0.0000,0.0000,0.0000,0.0005,0.0000,0.0005
1785420240.12,116,base,1,0.0,15.0,0.160,25.19,1.77,0.0000,0.0000,0.0005,0.0005,0.0000,0.0000,0.0000,0.0000,0.0005,0.0000,0.0005,0.0000,0.0000,0.0000
1785420241.01,116,drive,0,0.0,15.0,0.160,25.19,1.77,0.0000,0.0000,0.0005,0.0000,0.0005,0.0000,0.0000,0.0010,0.0000,0.0000,0.0005,0.0005,0.0000,0.0000
1785420241.10,116,drive,1,0.0,15.0,0.160,25.19,1.77,0.0000,0.0000,0.0000,0.0000,0.0005,0.0005,0.0000,0.0000,0.0000,0.0000,0.0000,0.0000,0.0000,0.0000
1785420241.99,116,drive,0,0.25,15.0,0.160,25.19,1.77,0.0000,0.0015,0.0000,0.0000,0.0000,0.0000,0.0000,0.0000,0.0000,0.0000,0.0000,0.0000,0.0005,0.0000
1785420242.08,116,drive,1,0.25,15.0,0.160,25.19,1.77,0.0000,0.0000,0.0000,0.0000,0.0000,0.0005,0.0000,0.0000,0.0005,0.0000,0.0000,0.0005,0.0000,0.0000
1785420242.97,116,drive,0,0.5,15.0,0.160,25.19,1.77,0.0000,0.0000,0.0000,0.0005,0.0000,0.0000,0.0000,0.0000,0.0000,0.0000,0.0000,0.0000,0.0000,0.0000
1785420243.07,116,drive,1,0.5,15.0,0.160,25.19,1.77,0.0000,0.0000,0.0000,0.0000,0.0000,0.0000,0.0005,0.0000,0.0005,0.0000,0.0000,0.0000,0.0000,0.0000
1785420243.95,116,drive,0,0.75,15.0,0.160,25.19,1.77,0.0000,0.0010,0.0010,0.0000,0.0005,0.0000,0.0005,0.0000,0.0005,0.0005,0.0000,0.0000,0.0010,0.0000
1785420244.04,116,drive,1,0.75,15.0,0.160,25.19,1.77,0.0000,0.0000,0.0000,0.0000,0.0000,0.0000,0.0010,0.0000,0.0000,0.0000,0.0000,0.0005,0.0000,0.0000
1785420244.93,116,drive,0,1.0,15.0,0.160,25.19,1.77,0.0005,0.0000,0.0005,0.0000,0.0000,0.0005,0.0000,0.0005,0.0000,0.0000,0.0000,0.0000,0.0000,0.0005
1785420245.03,116,drive,1,1.0,15.0,0.160,25.19,1.77,0.0000,0.0000,0.0000,0.0005,0.0005,0.0000,0.0000,0.0000,0.0000,0.0000,0.0000,0.0005,0.0000,0.0000
1785420245.91,116,drive,0,1.25,15.0,0.160,25.19,1.77,0.0000,0.0000,0.0000,0.0005,0.0005,0.0000,0.0000,0.0000,0.0000,0.0005,0.0005,0.0000,0.0000,0.0000
1785420246.01,116,drive,1,1.25,15.0,0.160,25.19,1.77,0.0000,0.0000,0.0000,0.0000,0.0000,0.0000,0.0000,0.0000,0.0000,0.0000,0.0000,0.0000,0.0000,0.0010
1785420246.90,116,drive,0,1.5,15.0,0.160,25.19,1.77,0.0015,0.0005,0.0000,0.0000,0.0000,0.0000,0.0000,0.0000,0.0020,0.0000,0.0000,0.0000,0.0005,0.0000
1785420246.99,116,drive,1,1.5,15.0,0.160,25.19,1.77,0.0000,0.0005,0.0000,0.0000,0.0000,0.0000,0.0000,0.0000,0.0000,0.0000,0.0000,0.0000,0.0000,0.0000
1785420247.88,116,drive,0,1.75,15.0,0.160,25.19,1.77,0.0005,0.0000,0.0000,0.0000,0.0005,0.0000,0.0000,0.0000,0.0000,0.0000,0.0005,0.0000,0.0000,0.0000
1785420247.97,116,drive,1,1.75,15.0,0.160,25.19,1.77,0.0005,0.0000,0.0000,0.0000,0.0005,0.0005,0.0000,0.0000,0.0000,0.0000,0.0010,0.0000,0.0029,0.0000
1785420248.86,116,drive,0,2.0,15.0,0.160,25.19,1.77,0.0000,0.0000,0.0005,0.0010,0.0000,0.0000,0.0000,0.0000,0.0000,0.0000,0.0000,0.0000,0.0005,0.0005
1785420248.95,116,drive,1,2.0,15.0,0.160,25.19,1.77,0.0000,0.0000,0.0005,0.0005,0.0000,0.0005,0.0000,0.0005,0.0005,0.0000,0.0000,0.0005,0.0000,0.0000
1785420249.91,117,base,0,0.0,15.0,0.180,25.19,1.77,0.0000,0.0000,0.0000,0.0000,0.0000,0.0005,0.0000,0.0000,0.0000,0.0010,0.0000,0.0000,0.0000,0.0000
1785420250.01,117,base,1,0.0,15.0,0.180,25.19,1.77,0.0000,0.0005,0.0000,0.0000,0.0000,0.0000,0.0000,0.0005,0.0000,0.0000,0.0005,0.0005,0.0005,0.0000
1785420250.90,117,drive,0,0.0,15.0,0.180,25.19,1.77,0.0000,0.0000,0.0010,0.0000,0.0000,0.0005,0.0000,0.0000,0.0005,0.0005,0.0000,0.0015,0.0005,0.0000
1785420250.99,117,drive,1,0.0,15.0,0.180,25.19,1.77,0.0000,0.0010,0.0000,0.0005,0.0000,0.0015,0.0005,0.0005,0.0000,0.0005,0.0000,0.0005,0.0010,0.0005
1785420251.88,117,drive,0,0.25,15.0,0.180,25.19,1.77,0.0005,0.0000,0.0000,0.0000,0.0000,0.0000,0.0005,0.0010,0.0000,0.0000,0.0005,0.0000,0.0000,0.0000
1785420251.97,117,drive,1,0.25,15.0,0.180,25.19,1.77,0.0005,0.0000,0.0000,0.0000,0.0010,0.0005,0.0000,0.0000,0.0000,0.0000,0.0000,0.0005,0.0000,0.0000
1785420252.86,117,drive,0,0.5,15.0,0.180,25.19,1.77,0.0005,0.0005,0.0005,0.0000,0.0010,0.0000,0.0000,0.0000,0.0000,0.0000,0.0005,0.0005,0.0000,0.0000
1785420252.95,117,drive,1,0.5,15.0,0.180,25.19,1.77,0.0000,0.0000,0.0005,0.0000,0.0000,0.0000,0.0005,0.0000,0.0000,0.0000,0.0005,0.0000,0.0005,0.0010
1785420253.84,117,drive,0,0.75,15.0,0.180,25.19,1.77,0.0005,0.0010,0.0000,0.0000,0.0000,0.0005,0.0005,0.0000,0.0000,0.0000,0.0000,0.0005,0.0000,0.0010
1785420253.93,117,drive,1,0.75,15.0,0.180,25.19,1.77,0.0010,0.0010,0.0000,0.0000,0.0015,0.0000,0.0000,0.0005,0.0000,0.0005,0.0000,0.0000,0.0005,0.0029
1785420254.82,117,drive,0,1.0,15.0,0.180,25.19,1.77,0.0000,0.0005,0.0005,0.0000,0.0005,0.0000,0.0000,0.0000,0.0005,0.0005,0.0000,0.0000,0.0000,0.0034
1785420254.91,117,drive,1,1.0,15.0,0.180,25.19,1.77,0.0000,0.0015,0.0000,0.0005,0.0005,0.0000,0.0000,0.0000,0.0005,0.0000,0.0000,0.0000,0.0000,0.0024
1785420255.79,117,drive,0,1.25,15.0,0.180,25.19,1.77,0.0000,0.0000,0.0000,0.0005,0.0010,0.0000,0.0005,0.0000,0.0000,0.0000,0.0000,0.0000,0.0000,0.0078
1785420255.89,117,drive,1,1.25,15.0,0.180,25.19,1.77,0.0005,0.0005,0.0005,0.0000,0.0005,0.0000,0.0000,0.0005,0.0000,0.0000,0.0010,0.0000,0.0005,0.0044
1785420256.77,117,drive,0,1.5,15.0,0.180,25.19,1.77,0.0000,0.0000,0.0000,0.0000,0.0010,0.0000,0.0000,0.0005,0.0000,0.0000,0.0000,0.0000,0.0000,0.0073
1785420256.87,117,drive,1,1.5,15.0,0.180,25.19,1.77,0.0000,0.0005,0.0000,0.0005,0.0000,0.0000,0.0000,0.0000,0.0005,0.0005,0.0005,0.0010,0.0005,0.0122
1785420257.75,117,drive,0,1.75,15.0,0.180,25.19,1.77,0.0005,0.0000,0.0000,0.0015,0.0005,0.0000,0.0000,0.0010,0.0000,0.0015,0.0010,0.0000,0.0000,0.0142
1785420257.85,117,drive,1,1.75,15.0,0.180,25.19,1.77,0.0005,0.0010,0.0000,0.0000,0.0000,0.0000,0.0005,0.0000,0.0000,0.0005,0.0000,0.0000,0.0000,0.0142
1785420258.83,117,drive,0,2.0,15.0,0.180,25.19,1.77,0.0015,0.0000,0.0000,0.0005,0.0010,0.0005,0.0000,0.0000,0.0000,0.0000,0.0000,0.0000,0.0010,0.0142
1785420258.95,117,drive,1,2.0,15.0,0.180,25.19,1.77,0.0005,0.0005,0.0000,0.0005,0.0000,0.0005,0.0005,0.0000,0.0000,0.0000,0.0010,0.0005,0.0005,0.0166
1785420260.25,118,base,0,0.0,15.0,0.180,25.19,1.77,0.0000,0.0000,0.0000,0.0000,0.0010,0.0000,0.0000,0.0000,0.0000,0.0000,0.0000,0.0005,0.0000,0.0000
1785420260.37,118,base,1,0.0,15.0,0.180,25.19,1.77,0.0000,0.0000,0.0000,0.0000,0.0005,0.0000,0.0000,0.0000,0.0005,0.0000,0.0000,0.0000,0.0000,0.0000
1785420261.25,118,drive,0,0.0,15.0,0.180,25.19,1.77,0.0005,0.0000,0.0000,0.0000,0.0000,0.0000,0.0000,0.0000,0.0000,0.0000,0.0000,0.0000,0.0000,0.0000
1785420261.35,118,drive,1,0.0,15.0,0.180,25.19,1.77,0.0015,0.0000,0.0000,0.0000,0.0000,0.0000,0.0000,0.0000,0.0000,0.0000,0.0005,0.0000,0.0000,0.0000
1785420262.24,118,drive,0,0.25,15.0,0.180,25.19,1.77,0.0005,0.0000,0.0000,0.0000,0.0000,0.0005,0.0000,0.0000,0.0000,0.0000,0.0000,0.0000,0.0000,0.0000
1785420262.33,118,drive,1,0.25,15.0,0.180,25.19,1.77,0.0000,0.0010,0.0000,0.0000,0.0005,0.0000,0.0005,0.0000,0.0000,0.0000,0.0000,0.0000,0.0000,0.0000
1785420263.21,118,drive,0,0.5,15.0,0.180,25.19,1.77,0.0000,0.0000,0.0005,0.0000,0.0000,0.0000,0.0005,0.0000,0.0000,0.0000,0.0005,0.0000,0.0000,0.0000
1785420263.31,118,drive,1,0.5,15.0,0.180,25.19,1.77,0.0000,0.0000,0.0005,0.0000,0.0000,0.0000,0.0000,0.0000,0.0000,0.0000,0.0000,0.0000,0.0000,0.0000
1785420264.20,118,drive,0,0.75,15.0,0.180,25.19,1.77,0.0000,0.0000,0.0000,0.0000,0.0000,0.0000,0.0000,0.0000,0.0000,0.0000,0.0000,0.0000,0.0000,0.0005
1785420264.29,118,drive,1,0.75,15.0,0.180,25.19,1.77,0.0000,0.0000,0.0005,0.0000,0.0005,0.0000,0.0000,0.0000,0.0000,0.0000,0.0000,0.0005,0.0005,0.0000
1785420265.18,118,drive,0,1.0,15.0,0.180,25.19,1.77,0.0010,0.0000,0.0000,0.0005,0.0000,0.0005,0.0000,0.0000,0.0000,0.0000,0.0005,0.0000,0.0000,0.0000
1785420265.27,118,drive,1,1.0,15.0,0.180,25.19,1.77,0.0005,0.0000,0.0005,0.0000,0.0000,0.0015,0.0000,0.0000,0.0000,0.0000,0.0005,0.0000,0.0005,0.0010
1785420266.17,118,drive,0,1.25,15.0,0.180,25.19,1.77,0.0000,0.0000,0.0005,0.0000,0.0000,0.0000,0.0005,0.0000,0.0000,0.0000,0.0000,0.0000,0.0000,0.0005
1785420266.26,118,drive,1,1.25,15.0,0.180,25.19,1.77,0.0000,0.0005,0.0000,0.0000,0.0000,0.0000,0.0000,0.0000,0.0000,0.0000,0.0000,0.0000,0.0000,0.0005
1785420267.15,118,drive,0,1.5,15.0,0.180,25.19,1.77,0.0000,0.0005,0.0000,0.0005,0.0005,0.0005,0.0000,0.0000,0.0000,0.0000,0.0000,0.0000,0.0000,0.0000
1785420267.25,118,drive,1,1.5,15.0,0.180,25.19,1.77,0.0005,0.0000,0.0000,0.0000,0.0000,0.0000,0.0000,0.0000,0.0015,0.0000,0.0000,0.0000,0.0000,0.0000
1785420268.14,118,drive,0,1.75,15.0,0.180,25.19,1.77,0.0000,0.0000,0.0000,0.0000,0.0000,0.0000,0.0000,0.0000,0.0000,0.0000,0.0000,0.0000,0.0000,0.0000
1785420268.23,118,drive,1,1.75,15.0,0.180,25.19,1.77,0.0005,0.0000,0.0000,0.0000,0.0005,0.0000,0.0000,0.0000,0.0000,0.0010,0.0000,0.0000,0.0000,0.0000
1785420269.13,118,drive,0,2.0,15.0,0.180,25.19,1.77,0.0000,0.0000,0.0005,0.0005,0.0000,0.0005,0.0010,0.0000,0.0000,0.0005,0.0005,0.0000,0.0000,0.0000
1785420269.22,118,drive,1,2.0,15.0,0.180,25.19,1.77,0.0005,0.0000,0.0010,0.0005,0.0000,0.0000,0.0000,0.0000,0.0000,0.0005,0.0000,0.0005,0.0000,0.0000
1785420270.18,119,base,0,0.0,15.0,0.180,25.19,1.77,0.0000,0.0000,0.0000,0.0005,0.0000,0.0000,0.0000,0.0000,0.0005,0.0005,0.0005,0.0000,0.0000,0.0000
1785420270.28,119,base,1,0.0,15.0,0.180,25.19,1.77,0.0010,0.0000,0.0000,0.0000,0.0010,0.0000,0.0005,0.0000,0.0000,0.0005,0.0000,0.0000,0.0010,0.0005
1785420271.17,119,drive,0,0.0,15.0,0.180,25.19,1.77,0.0000,0.0000,0.0000,0.0000,0.0000,0.0000,0.0000,0.0000,0.0005,0.0000,0.0000,0.0000,0.0000,0.0000
1785420271.26,119,drive,1,0.0,15.0,0.180,25.19,1.77,0.0010,0.0010,0.0005,0.0000,0.0000,0.0000,0.0005,0.0000,0.0000,0.0000,0.0005,0.0005,0.0005,0.0000
1785420272.15,119,drive,0,0.25,15.0,0.180,25.19,1.77,0.0010,0.0000,0.0000,0.0000,0.0005,0.0000,0.0005,0.0000,0.0000,0.0000,0.0000,0.0000,0.0005,0.0000
1785420272.25,119,drive,1,0.25,15.0,0.180,25.19,1.77,0.0000,0.0000,0.0000,0.0000,0.0000,0.0000,0.0000,0.0000,0.0005,0.0000,0.0000,0.0005,0.0000,0.0005
1785420273.14,119,drive,0,0.5,15.0,0.180,25.19,1.77,0.0000,0.0000,0.0000,0.0005,0.0000,0.0000,0.0005,0.0000,0.0000,0.0000,0.0005,0.0000,0.0000,0.0000
1785420273.23,119,drive,1,0.5,15.0,0.180,25.19,1.77,0.0000,0.0000,0.0000,0.0005,0.0000,0.0000,0.0000,0.0000,0.0000,0.0005,0.0000,0.0005,0.0005,0.0010
1785420274.12,119,drive,0,0.75,15.0,0.180,25.19,1.77,0.0000,0.0000,0.0000,0.0000,0.0000,0.0005,0.0005,0.0000,0.0000,0.0000,0.0010,0.0010,0.0000,0.0000
1785420274.21,119,drive,1,0.75,15.0,0.180,25.19,1.77,0.0005,0.0000,0.0000,0.0000,0.0000,0.0000,0.0000,0.0000,0.0000,0.0000,0.0005,0.0000,0.0000,0.0000
1785420275.10,119,drive,0,1.0,15.0,0.180,25.19,1.77,0.0000,0.0000,0.0000,0.0000,0.0000,0.0000,0.0000,0.0000,0.0000,0.0000,0.0000,0.0000,0.0000,0.0000
1785420275.19,119,drive,1,1.0,15.0,0.180,25.19,1.77,0.0000,0.0000,0.0000,0.0005,0.0000,0.0000,0.0000,0.0000,0.0000,0.0000,0.0005,0.0000,0.0000,0.0000
1785420276.08,119,drive,0,1.25,15.0,0.180,25.19,1.77,0.0005,0.0000,0.0000,0.0000,0.0000,0.0000,0.0000,0.0000,0.0000,0.0000,0.0000,0.0000,0.0000,0.0000
1785420276.17,119,drive,1,1.25,15.0,0.180,25.19,1.77,0.0005,0.0000,0.0000,0.0000,0.0000,0.0000,0.0000,0.0010,0.0000,0.0000,0.0000,0.0000,0.0005,0.0000
1785420277.07,119,drive,0,1.5,15.0,0.180,25.19,1.77,0.0000,0.0020,0.0000,0.0000,0.0000,0.0000,0.0000,0.0000,0.0005,0.0000,0.0000,0.0005,0.0005,0.0000
1785420277.16,119,drive,1,1.5,15.0,0.180,25.19,1.77,0.0000,0.0000,0.0010,0.0005,0.0005,0.0005,0.0000,0.0005,0.0000,0.0000,0.0000,0.0000,0.0000,0.0005
1785420278.05,119,drive,0,1.75,15.0,0.180,25.19,1.77,0.0000,0.0000,0.0000,0.0000,0.0005,0.0000,0.0010,0.0000,0.0000,0.0000,0.0000,0.0000,0.0000,0.0000
1785420278.15,119,drive,1,1.75,15.0,0.180,25.19,1.77,0.0000,0.0000,0.0005,0.0005,0.0000,0.0005,0.0000,0.0000,0.0000,0.0000,0.0000,0.0000,0.0000,0.0005
1785420279.04,119,drive,0,2.0,15.0,0.180,25.19,1.77,0.0000,0.0005,0.0005,0.0005,0.0000,0.0005,0.0000,0.0000,0.0000,0.0000,0.0000,0.0000,0.0000,0.0000
1785420279.14,119,drive,1,2.0,15.0,0.180,25.19,1.77,0.0000,0.0000,0.0000,0.0000,0.0000,0.0000,0.0000,0.0000,0.0000,0.0000,0.0000,0.0000,0.0000,0.0000
1785420280.10,120,base,0,0.0,15.0,0.180,25.19,1.77,0.0000,0.0005,0.0000,0.0000,0.0000,0.0005,0.0000,0.0000,0.0000,0.0000,0.0000,0.0000,0.0005,0.0000
1785420280.20,120,base,1,0.0,15.0,0.180,25.19,1.77,0.0000,0.0000,0.0000,0.0000,0.0000,0.0000,0.0000,0.0000,0.0000,0.0000,0.0000,0.0000,0.0005,0.0000
1785420281.09,120,drive,0,0.0,15.0,0.180,25.19,1.77,0.0000,0.0005,0.0000,0.0000,0.0000,0.0000,0.0000,0.0000,0.0000,0.0000,0.0000,0.0000,0.0000,0.0005
1785420281.18,120,drive,1,0.0,15.0,0.180,25.19,1.77,0.0000,0.0000,0.0005,0.0005,0.0000,0.0000,0.0000,0.0000,0.0000,0.0000,0.0000,0.0000,0.0000,0.0000
1785420282.07,120,drive,0,0.25,15.0,0.180,25.19,1.77,0.0000,0.0005,0.0000,0.0000,0.0000,0.0000,0.0000,0.0000,0.0000,0.0000,0.0000,0.0000,0.0000,0.0000
1785420282.16,120,drive,1,0.25,15.0,0.180,25.19,1.77,0.0000,0.0005,0.0000,0.0000,0.0000,0.0000,0.0000,0.0000,0.0000,0.0000,0.0000,0.0000,0.0000,0.0010
1785420283.06,120,drive,0,0.5,15.0,0.180,25.19,1.77,0.0000,0.0005,0.0000,0.0000,0.0000,0.0000,0.0000,0.0000,0.0000,0.0000,0.0000,0.0000,0.0000,0.0000
1785420283.15,120,drive,1,0.5,15.0,0.180,25.19,1.77,0.0000,0.0000,0.0000,0.0000,0.0000,0.0000,0.0000,0.0005,0.0000,0.0000,0.0000,0.0000,0.0005,0.0000
1785420284.05,120,drive,0,0.75,15.0,0.180,25.19,1.77,0.0000,0.0010,0.0000,0.0000,0.0000,0.0000,0.0000,0.0000,0.0000,0.0000,0.0000,0.0000,0.0000,0.0000
1785420284.14,120,drive,1,0.75,15.0,0.180,25.19,1.77,0.0000,0.0005,0.0000,0.0005,0.0000,0.0000,0.0000,0.0000,0.0000,0.0005,0.0000,0.0000,0.0005,0.0000
1785420285.03,120,drive,0,1.0,15.0,0.180,25.19,1.77,0.0000,0.0000,0.0000,0.0005,0.0000,0.0000,0.0000,0.0000,0.0000,0.0000,0.0000,0.0000,0.0000,0.0000
1785420285.13,120,drive,1,1.0,15.0,0.180,25.19,1.77,0.0000,0.0000,0.0000,0.0000,0.0005,0.0000,0.0000,0.0005,0.0000,0.0000,0.0000,0.0000,0.0005,0.0010
1785420286.02,120,drive,0,1.25,15.0,0.180,25.19,1.77,0.0000,0.0005,0.0000,0.0000,0.0000,0.0000,0.0000,0.0000,0.0000,0.0000,0.0000,0.0000,0.0000,0.0000
1785420286.11,120,drive,1,1.25,15.0,0.180,25.19,1.77,0.0000,0.0000,0.0005,0.0000,0.0000,0.0000,0.0000,0.0005,0.0000,0.0000,0.0000,0.0000,0.0000,0.0000
1785420287.01,120,drive,0,1.5,15.0,0.180,25.19,1.77,0.0000,0.0000,0.0000,0.0010,0.0000,0.0000,0.0000,0.0005,0.0000,0.0000,0.0000,0.0000,0.0000,0.0000
1785420287.10,120,drive,1,1.5,15.0,0.180,25.19,1.77,0.0000,0.0000,0.0005,0.0000,0.0000,0.0010,0.0005,0.0000,0.0000,0.0000,0.0000,0.0000,0.0000,0.0000
1785420287.99,120,drive,0,1.75,15.0,0.180,25.19,1.77,0.0000,0.0005,0.0000,0.0000,0.0005,0.0000,0.0000,0.0000,0.0000,0.0000,0.0000,0.0000,0.0000,0.0000
1785420288.09,120,drive,1,1.75,15.0,0.180,25.19,1.77,0.0000,0.0000,0.0000,0.0000,0.0000,0.0000,0.0000,0.0005,0.0005,0.0000,0.0005,0.0000,0.0005,0.0005
1785420288.97,120,drive,0,2.0,15.0,0.180,25.19,1.77,0.0000,0.0000,0.0005,0.0000,0.0005,0.0000,0.0000,0.0000,0.0000,0.0000,0.0000,0.0000,0.0000,0.0000
1785420289.07,120,drive,1,2.0,15.0,0.180,25.19,1.77,0.0000,0.0000,0.0010,0.0000,0.0000,0.0000,0.0000,0.0005,0.0005,0.0000,0.0000,0.0005,0.0000,0.0000
1785420290.03,121,base,0,0.0,15.0,0.180,25.19,1.77,0.0000,0.0005,0.0005,0.0000,0.0000,0.0005,0.0000,0.0000,0.0010,0.0000,0.0000,0.0000,0.0000,0.0000
1785420290.12,121,base,1,0.0,15.0,0.180,25.19,1.77,0.0020,0.0000,0.0000,0.0000,0.0000,0.0000,0.0000,0.0000,0.0000,0.0000,0.0000,0.0000,0.0000,0.0000
1785420291.01,121,drive,0,0.0,15.0,0.180,25.19,1.77,0.0000,0.0005,0.0000,0.0005,0.0000,0.0000,0.0000,0.0000,0.0000,0.0000,0.0000,0.0000,0.0005,0.0000
1785420291.10,121,drive,1,0.0,15.0,0.180,25.19,1.77,0.0000,0.0000,0.0000,0.0000,0.0000,0.0000,0.0000,0.0000,0.0000,0.0000,0.0000,0.0000,0.0005,0.0000
1785420292.00,121,drive,0,0.25,15.0,0.180,25.19,1.77,0.0005,0.0000,0.0000,0.0000,0.0010,0.0000,0.0000,0.0000,0.0000,0.0000,0.0005,0.0005,0.0000,0.0000
1785420292.09,121,drive,1,0.25,15.0,0.180,25.19,1.77,0.0000,0.0005,0.0010,0.0000,0.0000,0.0000,0.0000,0.0000,0.0000,0.0000,0.0000,0.0000,0.0000,0.0000
1785420292.97,121,drive,0,0.5,15.0,0.180,25.19,1.77,0.0000,0.0000,0.0000,0.0000,0.0005,0.0000,0.0000,0.0000,0.0005,0.0000,0.0000,0.0000,0.0000,0.0000
1785420293.07,121,drive,1,0.5,15.0,0.180,25.19,1.77,0.0000,0.0000,0.0000,0.0000,0.0000,0.0000,0.0000,0.0000,0.0000,0.0000,0.0000,0.0005,0.0000,0.0005
1785420293.96,121,drive,0,0.75,15.0,0.180,25.19,1.77,0.0000,0.0005,0.0000,0.0000,0.0000,0.0000,0.0000,0.0005,0.0005,0.0000,0.0000,0.0000,0.0000,0.0005
1785420294.05,121,drive,1,0.75,15.0,0.180,25.19,1.77,0.0000,0.0000,0.0000,0.0005,0.0000,0.0000,0.0000,0.0005,0.0000,0.0000,0.0000,0.0000,0.0000,0.0000
1785420294.94,121,drive,0,1.0,15.0,0.180,25.19,1.77,0.0000,0.0000,0.0000,0.0005,0.0000,0.0000,0.0000,0.0000,0.0005,0.0000,0.0015,0.0005,0.0000,0.0000
1785420295.03,121,drive,1,1.0,15.0,0.180,25.19,1.77,0.0000,0.0005,0.0000,0.0000,0.0000,0.0000,0.0000,0.0000,0.0005,0.0000,0.0000,0.0005,0.0000,0.0000
1785420295.92,121,drive,0,1.25,15.0,0.180,25.19,1.77,0.0000,0.0005,0.0000,0.0000,0.0000,0.0000,0.0005,0.0005,0.0000,0.0000,0.0000,0.0000,0.0005,0.0005
1785420296.01,121,drive,1,1.25,15.0,0.180,25.19,1.77,0.0000,0.0000,0.0005,0.0000,0.0000,0.0000,0.0005,0.0000,0.0000,0.0000,0.0005,0.0000,0.0005,0.0005
1785420296.90,121,drive,0,1.5,15.0,0.180,25.19,1.77,0.0000,0.0005,0.0005,0.0000,0.0000,0.0005,0.0000,0.0000,0.0000,0.0000,0.0005,0.0000,0.0000,0.0005
1785420297.00,121,drive,1,1.5,15.0,0.180,25.19,1.77,0.0000,0.0000,0.0000,0.0000,0.0000,0.0000,0.0005,0.0000,0.0005,0.0000,0.0000,0.0005,0.0000,0.0005
1785420297.88,121,drive,0,1.75,15.0,0.180,25.19,1.77,0.0000,0.0000,0.0000,0.0005,0.0000,0.0000,0.0000,0.0000,0.0005,0.0000,0.0005,0.0000,0.0000,0.0000
1785420297.98,121,drive,1,1.75,15.0,0.180,25.19,1.77,0.0000,0.0000,0.0005,0.0005,0.0000,0.0000,0.0000,0.0005,0.0000,0.0000,0.0000,0.0000,0.0005,0.0000
1785420298.87,121,drive,0,2.0,15.0,0.180,25.19,1.77,0.0000,0.0005,0.0000,0.0000,0.0005,0.0000,0.0000,0.0000,0.0000,0.0000,0.0005,0.0000,0.0000,0.0010
1785420298.96,121,drive,1,2.0,15.0,0.180,25.19,1.77,0.0000,0.0000,0.0005,0.0000,0.0000,0.0000,0.0000,0.0000,0.0000,0.0000,0.0000,0.0000,0.0000,0.0005
1785420299.92,122,base,0,0.0,15.0,0.180,25.19,1.76,0.0000,0.0000,0.0000,0.0000,0.0000,0.0005,0.0000,0.0000,0.0000,0.0000,0.0000,0.0000,0.0015,0.0000
1785420300.01,122,base,1,0.0,15.0,0.180,25.19,1.76,0.0000,0.0000,0.0000,0.0005,0.0000,0.0000,0.0005,0.0000,0.0000,0.0005,0.0000,0.0010,0.0000,0.0000
1785420300.90,122,drive,0,0.0,15.0,0.180,25.19,1.76,0.0000,0.0000,0.0005,0.0000,0.0000,0.0000,0.0000,0.0000,0.0000,0.0000,0.0010,0.0000,0.0000,0.0000
1785420301.00,122,drive,1,0.0,15.0,0.180,25.19,1.76,0.0000,0.0005,0.0000,0.0005,0.0005,0.0000,0.0000,0.0000,0.0000,0.0010,0.0000,0.0000,0.0005,0.0005
1785420301.89,122,drive,0,0.25,15.0,0.180,25.19,1.76,0.0000,0.0000,0.0000,0.0000,0.0000,0.0000,0.0005,0.0000,0.0000,0.0000,0.0005,0.0005,0.0000,0.0000
1785420301.98,122,drive,1,0.25,15.0,0.180,25.19,1.76,0.0000,0.0000,0.0000,0.0005,0.0000,0.0000,0.0000,0.0005,0.0000,0.0000,0.0000,0.0000,0.0000,0.0005
1785420302.88,122,drive,0,0.5,15.0,0.180,25.19,1.76,0.0005,0.0000,0.0000,0.0000,0.0000,0.0000,0.0000,0.0000,0.0000,0.0000,0.0000,0.0000,0.0000,0.0000
1785420302.97,122,drive,1,0.5,15.0,0.180,25.19,1.76,0.0000,0.0000,0.0000,0.0010,0.0000,0.0005,0.0000,0.0000,0.0000,0.0000,0.0005,0.0000,0.0000,0.0000
1785420303.85,122,drive,0,0.75,15.0,0.180,25.19,1.76,0.0000,0.0000,0.0000,0.0000,0.0000,0.0000,0.0000,0.0000,0.0000,0.0000,0.0000,0.0000,0.0000,0.0000
1785420303.95,122,drive,1,0.75,15.0,0.180,25.19,1.76,0.0000,0.0000,0.0005,0.0000,0.0000,0.0000,0.0005,0.0000,0.0000,0.0000,0.0005,0.0000,0.0000,0.0000
1785420304.84,122,drive,0,1.0,15.0,0.180,25.19,1.76,0.0000,0.0000,0.0000,0.0000,0.0000,0.0000,0.0000,0.0000,0.0005,0.0005,0.0005,0.0000,0.0000,0.0000
1785420304.93,122,drive,1,1.0,15.0,0.180,25.19,1.76,0.0000,0.0000,0.0000,0.0000,0.0000,0.0005,0.0000,0.0000,0.0000,0.0000,0.0000,0.0005,0.0000,0.0005
1785420305.82,122,drive,0,1.25,15.0,0.180,25.19,1.76,0.0000,0.0005,0.0000,0.0000,0.0000,0.0005,0.0000,0.0000,0.0000,0.0000,0.0000,0.0000,0.0000,0.0000
1785420305.92,122,drive,1,1.25,15.0,0.180,25.19,1.76,0.0000,0.0000,0.0000,0.0000,0.0000,0.0000,0.0000,0.0000,0.0005,0.0000,0.0000,0.0000,0.0000,0.0000
1785420306.81,122,drive,0,1.5,15.0,0.180,25.19,1.76,0.0005,0.0000,0.0000,0.0000,0.0000,0.0000,0.0000,0.0000,0.0000,0.0000,0.0000,0.0005,0.0010,0.0000
1785420306.91,122,drive,1,1.5,15.0,0.180,25.19,1.76,0.0005,0.0000,0.0000,0.0000,0.0000,0.0000,0.0000,0.0000,0.0000,0.0000,0.0000,0.0000,0.0000,0.0005
1785420307.80,122,drive,0,1.75,15.0,0.180,25.19,1.76,0.0000,0.0000,0.0000,0.0000,0.0000,0.0000,0.0000,0.0000,0.0000,0.0000,0.0000,0.0005,0.0000,0.0000
1785420307.89,122,drive,1,1.75,15.0,0.180,25.19,1.76,0.0020,0.0000,0.0000,0.0000,0.0000,0.0000,0.0000,0.0000,0.0000,0.0000,0.0000,0.0000,0.0005,0.0000
1785420308.79,122,drive,0,2.0,15.0,0.180,25.19,1.76,0.0000,0.0000,0.0000,0.0000,0.0000,0.0000,0.0000,0.0000,0.0000,0.0005,0.0000,0.0000,0.0000,0.0000
1785420308.88,122,drive,1,2.0,15.0,0.180,25.19,1.76,0.0000,0.0000,0.0000,0.0000,0.0000,0.0000,0.0000,0.0000,0.0000,0.0000,0.0000,0.0010,0.0010,0.0000
1785420309.84,123,base,0,0.0,15.0,0.180,25.19,1.76,0.0000,0.0000,0.0000,0.0005,0.0005,0.0000,0.0000,0.0000,0.0000,0.0000,0.0000,0.0000,0.0000,0.0000
1785420309.93,123,base,1,0.0,15.0,0.180,25.19,1.76,0.0000,0.0005,0.0000,0.0000,0.0000,0.0000,0.0005,0.0005,0.0000,0.0000,0.0005,0.0000,0.0000,0.0005
1785420310.83,123,drive,0,0.0,15.0,0.180,25.19,1.76,0.0000,0.0005,0.0000,0.0000,0.0010,0.0005,0.0000,0.0000,0.0010,0.0000,0.0000,0.0005,0.0000,0.0000
1785420310.92,123,drive,1,0.0,15.0,0.180,25.19,1.76,0.0000,0.0000,0.0000,0.0000,0.0000,0.0000,0.0000,0.0000,0.0000,0.0000,0.0000,0.0005,0.0000,0.0005
1785420311.81,123,drive,0,0.25,15.0,0.180,25.19,1.76,0.0005,0.0005,0.0000,0.0000,0.0000,0.0000,0.0000,0.0000,0.0000,0.0000,0.0000,0.0000,0.0000,0.0010
1785420311.91,123,drive,1,0.25,15.0,0.180,25.19,1.76,0.0000,0.0000,0.0000,0.0000,0.0005,0.0000,0.0005,0.0000,0.0010,0.0000,0.0000,0.0010,0.0000,0.0015
1785420312.80,123,drive,0,0.5,15.0,0.180,25.19,1.76,0.0000,0.0000,0.0000,0.0005,0.0005,0.0000,0.0000,0.0000,0.0000,0.0000,0.0000,0.0000,0.0000,0.0000
1785420312.89,123,drive,1,0.5,15.0,0.180,25.19,1.76,0.0000,0.0000,0.0000,0.0000,0.0000,0.0005,0.0000,0.0000,0.0000,0.0000,0.0000,0.0000,0.0000,0.0000
1785420313.79,123,drive,0,0.75,15.0,0.180,25.19,1.76,0.0000,0.0005,0.0000,0.0000,0.0000,0.0000,0.0000,0.0000,0.0000,0.0000,0.0005,0.0000,0.0000,0.0000
1785420313.88,123,drive,1,0.75,15.0,0.180,25.19,1.76,0.0005,0.0000,0.0010,0.0005,0.0000,0.0000,0.0005,0.0000,0.0000,0.0000,0.0000,0.0005,0.0000,0.0000
1785420314.77,123,drive,0,1.0,15.0,0.180,25.19,1.76,0.0005,0.0000,0.0000,0.0020,0.0005,0.0000,0.0000,0.0000,0.0000,0.0005,0.0000,0.0005,0.0000,0.0005
1785420314.86,123,drive,1,1.0,15.0,0.180,25.19,1.76,0.0000,0.0010,0.0005,0.0000,0.0000,0.0000,0.0000,0.0005,0.0000,0.0000,0.0000,0.0000,0.0000,0.0000
1785420315.76,123,drive,0,1.25,15.0,0.180,25.19,1.76,0.0005,0.0000,0.0000,0.0000,0.0000,0.0005,0.0000,0.0000,0.0000,0.0000,0.0000,0.0000,0.0000,0.0010
1785420315.85,123,drive,1,1.25,15.0,0.180,25.19,1.76,0.0000,0.0000,0.0000,0.0000,0.0000,0.0000,0.0000,0.0005,0.0000,0.0005,0.0010,0.0000,0.0005,0.0000
1785420316.74,123,drive,0,1.5,15.0,0.180,25.19,1.76,0.0000,0.0000,0.0000,0.0000,0.0000,0.0005,0.0000,0.0005,0.0005,0.0000,0.0000,0.0000,0.0000,0.0000
1785420316.84,123,drive,1,1.5,15.0,0.180,25.19,1.76,0.0000,0.0005,0.0005,0.0005,0.0005,0.0000,0.0005,0.0000,0.0000,0.0000,0.0000,0.0000,0.0005,0.0010
1785420317.73,123,drive,0,1.75,15.0,0.180,25.19,1.76,0.0000,0.0000,0.0005,0.0005,0.0005,0.0000,0.0000,0.0000,0.0000,0.0000,0.0000,0.0000,0.0000,0.0000
1785420317.82,123,drive,1,1.75,15.0,0.180,25.19,1.76,0.0000,0.0015,0.0005,0.0005,0.0000,0.0000,0.0000,0.0000,0.0000,0.0000,0.0000,0.0000,0.0000,0.0000
1785420318.71,123,drive,0,2.0,15.0,0.180,25.19,1.76,0.0000,0.0000,0.0000,0.0000,0.0000,0.0010,0.0000,0.0005,0.0000,0.0005,0.0005,0.0000,0.0005,0.0000
1785420318.81,123,drive,1,2.0,15.0,0.180,25.19,1.76,0.0000,0.0000,0.0000,0.0000,0.0000,0.0000,0.0000,0.0000,0.0005,0.0005,0.0000,0.0000,0.0000,0.0005
1785420319.78,124,base,0,0.0,15.0,0.200,25.19,1.76,0.0000,0.0015,0.0000,0.0000,0.0000,0.0005,0.0000,0.0000,0.0000,0.0000,0.0005,0.0000,0.0005,0.0000
1785420319.88,124,base,1,0.0,15.0,0.200,25.19,1.76,0.0005,0.0000,0.0000,0.0000,0.0010,0.0000,0.0000,0.0005,0.0000,0.0000,0.0000,0.0000,0.0000,0.0000
1785420320.76,124,drive,0,0.0,15.0,0.200,25.19,1.76,0.0000,0.0000,0.0005,0.0000,0.0005,0.0010,0.0005,0.0000,0.0000,0.0000,0.0000,0.0000,0.0000,0.0000
1785420320.85,124,drive,1,0.0,15.0,0.200,25.19,1.76,0.0000,0.0000,0.0010,0.0000,0.0000,0.0000,0.0000,0.0005,0.0000,0.0000,0.0000,0.0005,0.0005,0.0010
1785420321.74,124,drive,0,0.25,15.0,0.200,25.19,1.76,0.0000,0.0000,0.0005,0.0015,0.0000,0.0000,0.0000,0.0005,0.0000,0.0005,0.0005,0.0000,0.0000,0.0005
1785420321.83,124,drive,1,0.25,15.0,0.200,25.19,1.76,0.0000,0.0000,0.0000,0.0005,0.0000,0.0000,0.0000,0.0000,0.0000,0.0000,0.0000,0.0000,0.0000,0.0000
1785420322.72,124,drive,0,0.5,15.0,0.200,25.19,1.76,0.0000,0.0005,0.0000,0.0000,0.0005,0.0000,0.0000,0.0000,0.0000,0.0005,0.0000,0.0005,0.0000,0.0000
1785420322.82,124,drive,1,0.5,15.0,0.200,25.19,1.76,0.0000,0.0015,0.0005,0.0000,0.0000,0.0000,0.0000,0.0000,0.0000,0.0005,0.0000,0.0000,0.0000,0.0000
1785420323.71,124,drive,0,0.75,15.0,0.200,25.19,1.76,0.0000,0.0005,0.0000,0.0000,0.0015,0.0000,0.0000,0.0000,0.0000,0.0000,0.0000,0.0000,0.0000,0.0005
1785420323.80,124,drive,1,0.75,15.0,0.200,25.19,1.76,0.0000,0.0000,0.0000,0.0000,0.0005,0.0000,0.0005,0.0000,0.0000,0.0000,0.0000,0.0000,0.0000,0.0000
1785420324.69,124,drive,0,1.0,15.0,0.200,25.19,1.76,0.0000,0.0000,0.0000,0.0005,0.0000,0.0000,0.0000,0.0000,0.0000,0.0000,0.0000,0.0000,0.0000,0.0005
1785420324.79,124,drive,1,1.0,15.0,0.200,25.19,1.76,0.0000,0.0000,0.0000,0.0000,0.0000,0.0005,0.0005,0.0005,0.0000,0.0000,0.0000,0.0000,0.0005,0.0000
1785420325.68,124,drive,0,1.25,15.0,0.200,25.19,1.76,0.0000,0.0000,0.0005,0.0000,0.0000,0.0005,0.0000,0.0000,0.0000,0.0000,0.0000,0.0000,0.0005,0.0000
1785420325.77,124,drive,1,1.25,15.0,0.200,25.19,1.76,0.0000,0.0000,0.0000,0.0000,0.0000,0.0000,0.0000,0.0000,0.0000,0.0000,0.0010,0.0000,0.0000,0.0005
1785420326.66,124,drive,0,1.5,15.0,0.200,25.19,1.76,0.0000,0.0005,0.0010,0.0000,0.0000,0.0000,0.0005,0.0000,0.0000,0.0000,0.0000,0.0000,0.0000,0.0000
1785420326.75,124,drive,1,1.5,15.0,0.200,25.19,1.76,0.0000,0.0000,0.0000,0.0000,0.0015,0.0000,0.0000,0.0000,0.0000,0.0000,0.0000,0.0005,0.0000,0.0029
1785420327.64,124,drive,0,1.75,15.0,0.200,25.19,1.76,0.0000,0.0000,0.0000,0.0000,0.0000,0.0000,0.0000,0.0000,0.0000,0.0000,0.0000,0.0000,0.0000,0.0000
1785420327.74,124,drive,1,1.75,15.0,0.200,25.19,1.76,0.0000,0.0000,0.0000,0.0000,0.0000,0.0000,0.0000,0.0000,0.0000,0.0000,0.0000,0.0005,0.0005,0.0000
1785420328.63,124,drive,0,2.0,15.0,0.200,25.19,1.76,0.0005,0.0000,0.0005,0.0000,0.0000,0.0000,0.0000,0.0000,0.0000,0.0000,0.0000,0.0000,0.0000,0.0000
1785420328.73,124,drive,1,2.0,15.0,0.200,25.19,1.76,0.0000,0.0000,0.0000,0.0000,0.0000,0.0000,0.0000,0.0000,0.0000,0.0005,0.0000,0.0000,0.0000,0.0000
1785420329.70,125,base,0,0.0,15.0,0.180,25.19,1.76,0.0000,0.0000,0.0005,0.0000,0.0000,0.0005,0.0000,0.0000,0.0000,0.0000,0.0000,0.0000,0.0000,0.0000
1785420329.79,125,base,1,0.0,15.0,0.180,25.19,1.76,0.0000,0.0005,0.0000,0.0000,0.0005,0.0000,0.0000,0.0005,0.0000,0.0000,0.0000,0.0000,0.0000,0.0000
1785420330.68,125,drive,0,0.0,15.0,0.180,25.19,1.76,0.0005,0.0005,0.0000,0.0000,0.0005,0.0000,0.0000,0.0000,0.0000,0.0000,0.0005,0.0000,0.0000,0.0000
1785420330.78,125,drive,1,0.0,15.0,0.180,25.19,1.76,0.0000,0.0000,0.0000,0.0005,0.0000,0.0005,0.0000,0.0000,0.0000,0.0000,0.0000,0.0000,0.0000,0.0005
1785420331.67,125,drive,0,0.25,15.0,0.180,25.19,1.76,0.0005,0.0010,0.0000,0.0000,0.0000,0.0000,0.0000,0.0000,0.0010,0.0000,0.0000,0.0000,0.0000,0.0000
1785420331.76,125,drive,1,0.25,15.0,0.180,25.19,1.76,0.0005,0.0000,0.0000,0.0000,0.0000,0.0005,0.0005,0.0000,0.0000,0.0000,0.0000,0.0000,0.0005,0.0005
1785420332.65,125,drive,0,0.5,15.0,0.180,25.19,1.76,0.0000,0.0000,0.0005,0.0000,0.0000,0.0000,0.0005,0.0000,0.0000,0.0000,0.0000,0.0000,0.0000,0.0000
1785420332.75,125,drive,1,0.5,15.0,0.180,25.19,1.76,0.0010,0.0005,0.0000,0.0000,0.0000,0.0000,0.0000,0.0000,0.0000,0.0005,0.0000,0.0000,0.0005,0.0000
1785420333.64,125,drive,0,0.75,15.0,0.180,25.19,1.76,0.0000,0.0005,0.0000,0.0000,0.0000,0.0000,0.0000,0.0000,0.0000,0.0000,0.0000,0.0000,0.0000,0.0000
1785420333.73,125,drive,1,0.75,15.0,0.180,25.19,1.76,0.0005,0.0000,0.0000,0.0000,0.0000,0.0000,0.0005,0.0000,0.0000,0.0000,0.0005,0.0000,0.0000,0.0005
1785420334.62,125,drive,0,1.0,15.0,0.180,25.19,1.76,0.0010,0.0000,0.0005,0.0000,0.0000,0.0000,0.0000,0.0005,0.0000,0.0000,0.0000,0.0000,0.0000,0.0005
1785420334.71,125,drive,1,1.0,15.0,0.180,25.19,1.76,0.0000,0.0000,0.0000,0.0000,0.0000,0.0000,0.0000,0.0000,0.0005,0.0000,0.0000,0.0000,0.0005,0.0000
1785420335.60,125,drive,0,1.25,15.0,0.180,25.19,1.76,0.0005,0.0005,0.0000,0.0000,0.0005,0.0000,0.0000,0.0000,0.0000,0.0000,0.0000,0.0010,0.0000,0.0000
1785420335.70,125,drive,1,1.25,15.0,0.180,25.19,1.76,0.0000,0.0000,0.0000,0.0000,0.0000,0.0000,0.0000,0.0000,0.0000,0.0000,0.0000,0.0005,0.0000,0.0000
1785420336.59,125,drive,0,1.5,15.0,0.180,25.19,1.76,0.0005,0.0000,0.0005,0.0000,0.0005,0.0000,0.0000,0.0005,0.0000,0.0000,0.0000,0.0010,0.0000,0.0000
1785420336.69,125,drive,1,1.5,15.0,0.180,25.19,1.76,0.0000,0.0000,0.0000,0.0000,0.0005,0.0000,0.0000,0.0000,0.0000,0.0000,0.0000,0.0000,0.0000,0.0000
1785420337.57,125,drive,0,1.75,15.0,0.180,25.19,1.76,0.0000,0.0005,0.0000,0.0005,0.0000,0.0005,0.0000,0.0005,0.0000,0.0005,0.0005,0.0000,0.0000,0.0000
1785420337.67,125,drive,1,1.75,15.0,0.180,25.19,1.76,0.0005,0.0000,0.0000,0.0000,0.0000,0.0000,0.0000,0.0000,0.0005,0.0000,0.0000,0.0000,0.0015,0.0000
1785420338.55,125,drive,0,2.0,15.0,0.180,25.19,1.76,0.0000,0.0010,0.0005,0.0005,0.0000,0.0005,0.0000,0.0000,0.0000,0.0000,0.0000,0.0000,0.0000,0.0000
1785420338.65,125,drive,1,2.0,15.0,0.180,25.19,1.76,0.0005,0.0000,0.0000,0.0000,0.0005,0.0015,0.0005,0.0000,0.0010,0.0000,0.0000,0.0000,0.0000,0.0000
1785420339.61,126,base,0,0.0,15.0,0.200,25.19,1.76,0.0005,0.0000,0.0000,0.0005,0.0005,0.0000,0.0000,0.0000,0.0005,0.0000,0.0000,0.0000,0.0005,0.0000
1785420339.70,126,base,1,0.0,15.0,0.200,25.19,1.76,0.0000,0.0015,0.0000,0.0000,0.0000,0.0010,0.0000,0.0000,0.0000,0.0000,0.0005,0.0000,0.0000,0.0010
1785420340.59,126,drive,0,0.0,15.0,0.200,25.19,1.76,0.0000,0.0000,0.0000,0.0000,0.0000,0.0000,0.0000,0.0000,0.0005,0.0000,0.0005,0.0000,0.0005,0.0000
1785420340.68,126,drive,1,0.0,15.0,0.200,25.19,1.76,0.0000,0.0015,0.0000,0.0000,0.0000,0.0000,0.0000,0.0000,0.0005,0.0005,0.0005,0.0000,0.0005,0.0005
1785420341.57,126,drive,0,0.25,15.0,0.200,25.19,1.76,0.0005,0.0005,0.0000,0.0000,0.0000,0.0000,0.0000,0.0000,0.0000,0.0005,0.0005,0.0000,0.0005,0.0000
1785420341.67,126,drive,1,0.25,15.0,0.200,25.19,1.76,0.0000,0.0000,0.0000,0.0000,0.0000,0.0000,0.0000,0.0005,0.0000,0.0010,0.0000,0.0000,0.0000,0.0000
1785420342.56,126,drive,0,0.5,15.0,0.200,25.19,1.76,0.0000,0.0010,0.0000,0.0000,0.0000,0.0000,0.0000,0.0000,0.0000,0.0000,0.0000,0.0000,0.0000,0.0000
1785420342.65,126,drive,1,0.5,15.0,0.200,25.19,1.76,0.0005,0.0005,0.0000,0.0005,0.0000,0.0000,0.0000,0.0005,0.0000,0.0000,0.0000,0.0000,0.0000,0.0000
1785420343.55,126,drive,0,0.75,15.0,0.200,25.19,1.76,0.0000,0.0000,0.0000,0.0000,0.0000,0.0005,0.0000,0.0000,0.0000,0.0000,0.0000,0.0000,0.0005,0.0000
1785420343.64,126,drive,1,0.75,15.0,0.200,25.19,1.76,0.0000,0.0000,0.0000,0.0000,0.0000,0.0000,0.0000,0.0000,0.0005,0.0005,0.0005,0.0005,0.0000,0.0000
1785420344.53,126,drive,0,1.0,15.0,0.200,25.19,1.76,0.0010,0.0005,0.0000,0.0000,0.0005,0.0000,0.0005,0.0000,0.0000,0.0000,0.0000,0.0000,0.0000,0.0005
1785420344.63,126,drive,1,1.0,15.0,0.200,25.19,1.76,0.0005,0.0000,0.0000,0.0000,0.0000,0.0005,0.0000,0.0000,0.0000,0.0000,0.0000,0.0000,0.0005,0.0000
1785420345.52,126,drive,0,1.25,15.0,0.200,25.19,1.76,0.0000,0.0000,0.0005,0.0000,0.0000,0.0000,0.0005,0.0005,0.0000,0.0005,0.0000,0.0000,0.0010,0.0000
1785420345.61,126,drive,1,1.25,15.0,0.200,25.19,1.76,0.0000,0.0000,0.0000,0.0005,0.0000,0.0000,0.0000,0.0000,0.0000,0.0000,0.0000,0.0000,0.0000,0.0000
1785420346.50,126,drive,0,1.5,15.0,0.200,25.19,1.76,0.0000,0.0000,0.0005,0.0000,0.0000,0.0000,0.0000,0.0000,0.0000,0.0005,0.0000,0.0000,0.0000,0.0000
1785420346.59,126,drive,1,1.5,15.0,0.200,25.19,1.76,0.0005,0.0005,0.0000,0.0005,0.0000,0.0000,0.0000,0.0000,0.0000,0.0000,0.0000,0.0000,0.0000,0.0000
1785420347.49,126,drive,0,1.75,15.0,0.200,25.19,1.76,0.0000,0.0000,0.0005,0.0000,0.0000,0.0000,0.0000,0.0000,0.0000,0.0005,0.0000,0.0000,0.0000,0.0000
1785420347.58,126,drive,1,1.75,15.0,0.200,25.19,1.76,0.0000,0.0000,0.0000,0.0000,0.0005,0.0000,0.0000,0.0000,0.0000,0.0000,0.0000,0.0000,0.0000,0.0005
1785420348.47,126,drive,0,2.0,15.0,0.200,25.19,1.76,0.0000,0.0000,0.0000,0.0000,0.0005,0.0000,0.0000,0.0000,0.0000,0.0005,0.0000,0.0000,0.0000,0.0000
1785420348.57,126,drive,1,2.0,15.0,0.200,25.19,1.76,0.0000,0.0000,0.0000,0.0000,0.0000,0.0000,0.0000,0.0000,0.0000,0.0000,0.0000,0.0000,0.0000,0.0000
1785420349.53,127,base,0,0.0,15.0,0.200,25.19,1.76,0.0015,0.0000,0.0000,0.0000,0.0005,0.0000,0.0000,0.0000,0.0000,0.0000,0.0000,0.0000,0.0000,0.0000
1785420349.63,127,base,1,0.0,15.0,0.200,25.19,1.76,0.0005,0.0000,0.0000,0.0000,0.0000,0.0000,0.0000,0.0005,0.0000,0.0000,0.0000,0.0000,0.0000,0.0000
1785420350.52,127,drive,0,0.0,15.0,0.200,25.19,1.76,0.0015,0.0005,0.0005,0.0000,0.0000,0.0005,0.0000,0.0000,0.0000,0.0005,0.0000,0.0000,0.0005,0.0000
1785420350.61,127,drive,1,0.0,15.0,0.200,25.19,1.76,0.0000,0.0005,0.0000,0.0000,0.0005,0.0000,0.0000,0.0000,0.0000,0.0000,0.0000,0.0005,0.0010,0.0005
1785420351.50,127,drive,0,0.25,15.0,0.200,25.19,1.76,0.0000,0.0000,0.0000,0.0005,0.0000,0.0005,0.0000,0.0000,0.0010,0.0000,0.0000,0.0000,0.0005,0.0000
1785420351.60,127,drive,1,0.25,15.0,0.200,25.19,1.76,0.0005,0.0000,0.0005,0.0000,0.0000,0.0000,0.0000,0.0000,0.0000,0.0000,0.0000,0.0000,0.0000,0.0000
1785420352.49,127,drive,0,0.5,15.0,0.200,25.19,1.76,0.0000,0.0000,0.0000,0.0000,0.0000,0.0005,0.0000,0.0000,0.0015,0.0000,0.0000,0.0000,0.0000,0.0000
1785420352.58,127,drive,1,0.5,15.0,0.200,25.19,1.76,0.0000,0.0010,0.0000,0.0005,0.0000,0.0000,0.0000,0.0000,0.0000,0.0000,0.0000,0.0000,0.0000,0.0005
1785420353.47,127,drive,0,0.75,15.0,0.200,25.19,1.76,0.0000,0.0000,0.0000,0.0000,0.0000,0.0000,0.0000,0.0005,0.0000,0.0000,0.0000,0.0000,0.0000,0.0000
1785420353.57,127,drive,1,0.75,15.0,0.200,25.19,1.76,0.0005,0.0000,0.0000,0.0000,0.0005,0.0000,0.0000,0.0000,0.0000,0.0000,0.0000,0.0000,0.0005,0.0000
1785420354.46,127,drive,0,1.0,15.0,0.200,25.19,1.76,0.0005,0.0005,0.0000,0.0000,0.0000,0.0000,0.0000,0.0000,0.0000,0.0000,0.0000,0.0005,0.0000,0.0010
1785420354.55,127,drive,1,1.0,15.0,0.200,25.19,1.76,0.0005,0.0005,0.0000,0.0000,0.0000,0.0000,0.0000,0.0000,0.0000,0.0000,0.0000,0.0000,0.0000,0.0000
1785420355.44,127,drive,0,1.25,15.0,0.200,25.19,1.76,0.0000,0.0000,0.0000,0.0010,0.0005,0.0000,0.0000,0.0000,0.0000,0.0000,0.0000,0.0000,0.0000,0.0000
1785420355.53,127,drive,1,1.25,15.0,0.200,25.19,1.76,0.0000,0.0000,0.0005,0.0000,0.0000,0.0000,0.0000,0.0000,0.0000,0.0000,0.0000,0.0000,0.0000,0.0000
1785420356.43,127,drive,0,1.5,15.0,0.200,25.19,1.76,0.0000,0.0005,0.0000,0.0000,0.0000,0.0005,0.0000,0.0010,0.0000,0.0000,0.0000,0.0005,0.0005,0.0000
1785420356.52,127,drive,1,1.5,15.0,0.200,25.19,1.76,0.0000,0.0000,0.0000,0.0005,0.0000,0.0000,0.0000,0.0010,0.0000,0.0000,0.0000,0.0000,0.0000,0.0000
1785420357.41,127,drive,0,1.75,15.0,0.200,25.19,1.76,0.0010,0.0000,0.0000,0.0000,0.0005,0.0000,0.0000,0.0000,0.0005,0.0000,0.0005,0.0005,0.0005,0.0000
1785420357.51,127,drive,1,1.75,15.0,0.200,25.19,1.76,0.0000,0.0000,0.0000,0.0005,0.0005,0.0000,0.0000,0.0005,0.0000,0.0005,0.0000,0.0000,0.0000,0.0000
1785420358.39,127,drive,0,2.0,15.0,0.200,25.19,1.76,0.0000,0.0000,0.0000,0.0005,0.0000,0.0000,0.0000,0.0005,0.0000,0.0000,0.0000,0.0005,0.0000,0.0000
1785420358.49,127,drive,1,2.0,15.0,0.200,25.19,1.76,0.0000,0.0005,0.0000,0.0000,0.0005,0.0000,0.0005,0.0005,0.0000,0.0000,0.0000,0.0000,0.0005,0.0005
