t,ch,phase,rep,drive_v,dbm,bfm,temp_c,mA,pd0,pd1,pd2,pd3,pd4,pd5,pd6,pd7,pd8,pd9,pd10,pd11,pd12,pd13
1785422868.91,2,base,0,0.0,15.0,38.834,25.15,238.70,0.0367,0.1476,0.0015,0.1486,0.0005,0.1662,0.0024,0.0176,0.2190,0.0269,0.1867,0.0029,0.2195,0.0010
1785422869.01,2,base,1,0.0,15.0,38.834,25.15,238.70,0.0376,0.1481,0.0000,0.1452,0.0000,0.1637,0.0029,0.0220,0.2195,0.0303,0.1877,0.0068,0.2180,0.0000
1785422869.10,2,base,2,0.0,15.0,38.834,25.15,238.70,0.0401,0.1515,0.0000,0.1471,0.0015,0.1642,0.0044,0.0196,0.2185,0.0303,0.1896,0.0054,0.2204,0.0005
1785422869.20,2,base,3,0.0,15.0,38.834,25.15,238.70,0.0386,0.1515,0.0000,0.1491,0.0005,0.1652,0.0020,0.0220,0.2185,0.0249,0.1901,0.0044,0.2180,0.0000
1785422870.48,2,drive,0,0.0,15.0,38.834,25.15,238.70,0.0376,0.1530,0.0005,0.1486,0.0000,0.1637,0.0020,0.0210,0.2209,0.0283,0.1882,0.0039,0.2204,0.0000
1785422870.58,2,drive,1,0.0,15.0,38.834,25.15,238.70,0.0401,0.1476,0.0015,0.1486,0.0024,0.1681,0.0010,0.0220,0.2209,0.0288,0.1877,0.0054,0.2180,0.0005
1785422870.67,2,drive,2,0.0,15.0,38.834,25.15,238.70,0.0386,0.1510,0.0000,0.1461,0.0015,0.1672,0.0029,0.0196,0.2204,0.0254,0.1911,0.0039,0.2155,0.0010
1785422870.76,2,drive,3,0.0,15.0,38.834,25.15,238.70,0.0381,0.1461,0.0186,0.1305,0.0059,0.1769,0.0093,0.0196,0.2322,0.0323,0.1867,0.0108,0.2361,0.0064
1785422872.05,2,drive,0,0.5,15.0,38.834,25.15,238.70,0.0420,0.1525,0.0044,0.1496,0.0186,0.1647,0.0068,0.0259,0.2170,0.0293,0.1901,0.0078,0.2297,0.0083
1785422872.15,2,drive,1,0.5,15.0,38.834,25.15,238.70,0.0401,0.1496,0.0029,0.1554,0.0005,0.1681,0.0186,0.0210,0.2204,0.0259,0.1906,0.0279,0.2165,0.0010
1785422872.24,2,drive,2,0.5,15.0,38.834,25.15,238.70,0.0401,0.1491,0.0054,0.1554,0.0010,0.1686,0.0103,0.0205,0.2209,0.0196,0.1891,0.0239,0.2195,0.0000
1785422872.33,2,drive,3,0.5,15.0,38.834,25.15,238.70,0.0386,0.1466,0.0137,0.1491,0.0152,0.1681,0.0054,0.0308,0.2239,0.0264,0.1867,0.0078,0.2180,0.0254
1785422873.62,2,drive,0,1.0,15.0,38.834,25.15,238.70,0.0401,0.1481,0.0015,0.1457,0.0054,0.1637,0.0112,0.0152,0.2204,0.0210,0.1921,0.0039,0.2243,0.0005
1785422873.71,2,drive,1,1.0,15.0,38.834,25.15,238.70,0.0415,0.1549,0.0020,0.1520,0.0020,0.1735,0.0020,0.0191,0.2175,0.0254,0.1955,0.0059,0.2180,0.0024
1785422873.81,2,drive,2,1.0,15.0,38.834,25.15,238.70,0.0411,0.1535,0.0024,0.1505,0.0015,0.1637,0.0068,0.0176,0.2209,0.0259,0.1935,0.0044,0.2229,0.0034
1785422873.90,2,drive,3,1.0,15.0,38.834,25.15,238.70,0.0342,0.1608,0.0005,0.1540,0.0010,0.1642,0.0122,0.0152,0.2160,0.0264,0.1940,0.0064,0.2258,0.0010
1785422875.19,2,drive,0,1.5,15.0,38.834,25.15,238.70,0.0391,0.1579,0.0059,0.1447,0.0034,0.1642,0.0059,0.0127,0.2160,0.0225,0.1862,0.0073,0.2121,0.0024
1785422875.28,2,drive,1,1.5,15.0,38.834,25.15,238.70,0.0376,0.1496,0.0054,0.1447,0.0034,0.1579,0.0098,0.0088,0.2141,0.0244,0.1848,0.0073,0.2136,0.0093
1785422875.38,2,drive,2,1.5,15.0,38.834,25.15,238.70,0.0435,0.1476,0.0064,0.1481,0.0029,0.1588,0.0064,0.0127,0.2111,0.0230,0.1852,0.0068,0.2126,0.0039
1785422875.47,2,drive,3,1.5,15.0,38.834,25.15,238.70,0.0396,0.1457,0.0005,0.1403,0.0059,0.1647,0.0049,0.0108,0.2077,0.0279,0.1867,0.0132,0.2116,0.0029
1785422876.76,2,drive,0,2.0,15.0,38.834,25.15,238.70,0.0376,0.1427,0.0015,0.1373,0.0039,0.1618,0.0034,0.0103,0.2195,0.0264,0.1940,0.0127,0.2195,0.0015
1785422876.85,2,drive,1,2.0,15.0,38.834,25.15,238.70,0.0347,0.1447,0.0005,0.1369,0.0093,0.1618,0.0044,0.0064,0.2155,0.0220,0.1960,0.0112,0.2185,0.0015
1785422876.95,2,drive,2,2.0,15.0,38.834,25.15,238.70,0.0376,0.1427,0.0010,0.1432,0.0049,0.1652,0.0049,0.0108,0.2116,0.0239,0.1945,0.0044,0.2170,0.0024
1785422877.04,2,drive,3,2.0,15.0,38.834,25.15,238.70,0.0464,0.1500,0.0054,0.1413,0.0049,0.1564,0.0078,0.0039,0.2092,0.0274,0.1965,0.0064,0.2155,0.0024
1785422878.33,2,drive,0,2.5,15.0,38.834,25.15,238.70,0.0425,0.1481,0.0054,0.1369,0.0064,0.1637,0.0024,0.0098,0.2136,0.0269,0.2053,0.0039,0.2243,0.0049
1785422878.42,2,drive,1,2.5,15.0,38.834,25.15,238.70,0.0352,0.1471,0.0049,0.1432,0.0015,0.1652,0.0103,0.0078,0.2214,0.0220,0.2077,0.0029,0.2243,0.0024
1785422878.52,2,drive,2,2.5,15.0,38.834,25.15,238.70,0.0371,0.1525,0.0044,0.1393,0.0024,0.1632,0.0093,0.0078,0.2170,0.0235,0.2023,0.0068,0.2292,0.0039
1785422878.61,2,drive,3,2.5,15.0,38.834,25.15,238.70,0.0479,0.1525,0.0064,0.1403,0.0044,0.1657,0.0044,0.0034,0.2141,0.0308,0.2058,0.0039,0.2219,0.0024
1785422879.90,2,drive,0,3.0,15.0,38.834,25.15,238.70,0.0450,0.1554,0.0044,0.1408,0.0010,0.1706,0.0054,0.0147,0.2121,0.0332,0.1921,0.0054,0.2180,0.0044
1785422879.99,2,drive,1,3.0,15.0,38.834,25.15,238.70,0.0455,0.1613,0.0044,0.1447,0.0049,0.1784,0.0020,0.0171,0.2121,0.0298,0.1911,0.0024,0.2224,0.0024
1785422880.09,2,drive,2,3.0,15.0,38.834,25.15,238.70,0.0347,0.1486,0.0020,0.1388,0.0049,0.1750,0.0049,0.0161,0.2160,0.0342,0.1911,0.0059,0.2199,0.0029
1785422880.18,2,drive,3,3.0,15.0,38.834,25.15,238.70,0.0430,0.1520,0.0059,0.1369,0.0020,0.1740,0.0073,0.0152,0.2087,0.0347,0.1926,0.0039,0.2234,0.0059
1785422881.47,2,drive,0,3.5,15.0,38.834,25.15,238.70,0.0459,0.1598,0.0039,0.1520,0.0024,0.1725,0.0088,0.0215,0.2111,0.0342,0.1799,0.0044,0.2141,0.0098
1785422881.57,2,drive,1,3.5,15.0,38.834,25.15,238.70,0.0440,0.1574,0.0044,0.1417,0.0049,0.1657,0.0122,0.0200,0.2151,0.0352,0.1808,0.0078,0.2170,0.0039
1785422881.66,2,drive,2,3.5,15.0,38.834,25.15,238.70,0.0455,0.1564,0.0024,0.1437,0.0049,0.1706,0.0122,0.0196,0.2141,0.0298,0.1828,0.0054,0.2204,0.0039
1785422881.75,2,drive,3,3.5,15.0,38.834,25.15,238.70,0.0386,0.1559,0.0029,0.1457,0.0093,0.1750,0.0088,0.0259,0.2155,0.0337,0.1867,0.0073,0.2126,0.0015
1785422883.04,2,drive,0,4.0,15.0,38.834,25.15,238.70,0.0518,0.1525,0.0020,0.1505,0.0049,0.1720,0.0039,0.0166,0.2126,0.0274,0.1852,0.0098,0.2199,0.0024
1785422883.14,2,drive,1,4.0,15.0,38.834,25.15,238.70,0.0420,0.1559,0.0010,0.1574,0.0059,0.1706,0.0054,0.0176,0.2170,0.0337,0.1901,0.0098,0.2116,0.0029
1785422883.23,2,drive,2,4.0,15.0,38.834,25.15,238.70,0.0474,0.1603,0.0044,0.1623,0.0020,0.1642,0.0049,0.0176,0.2160,0.0318,0.1916,0.0122,0.2190,0.0068
1785422883.32,2,drive,3,4.0,15.0,38.834,25.15,238.70,0.0425,0.1569,0.0029,0.1559,0.0029,0.1676,0.0112,0.0142,0.2224,0.0259,0.1891,0.0068,0.2219,0.0078
1785422884.70,3,base,0,0.0,15.0,40.853,25.15,249.66,0.0420,0.1491,0.0039,0.1466,0.0000,0.1686,0.0088,0.0166,0.2234,0.0283,0.1906,0.0127,0.2219,0.0078
1785422884.79,3,base,1,0.0,15.0,40.853,25.15,249.66,0.0381,0.1496,0.0059,0.1520,0.0064,0.1613,0.0059,0.0244,0.2160,0.0283,0.1862,0.0083,0.2170,0.0015
1785422884.88,3,base,2,0.0,15.0,40.853,25.15,249.66,0.0386,0.1447,0.0010,0.1500,0.0064,0.1691,0.0039,0.0279,0.2209,0.0235,0.1872,0.0039,0.2258,0.0039
1785422884.98,3,base,3,0.0,15.0,40.853,25.15,249.66,0.0362,0.1437,0.0010,0.1505,0.0029,0.1681,0.0054,0.0283,0.2224,0.0279,0.1906,0.0024,0.2229,0.0005
1785422886.26,3,drive,0,0.0,15.0,40.853,25.15,249.66,0.0406,0.1505,0.0073,0.1466,0.0000,0.1764,0.0083,0.0220,0.2136,0.0342,0.1906,0.0098,0.2175,0.0029
1785422886.36,3,drive,1,0.0,15.0,40.853,25.15,249.66,0.0396,0.1505,0.0073,0.1500,0.0112,0.1613,0.0039,0.0249,0.2175,0.0279,0.1911,0.0083,0.2195,0.0064
1785422886.45,3,drive,2,0.0,15.0,40.853,25.15,249.66,0.0391,0.1437,0.0010,0.1476,0.0049,0.1628,0.0176,0.0225,0.2165,0.0283,0.1877,0.0044,0.2195,0.0005
1785422886.55,3,drive,3,0.0,15.0,40.853,25.15,249.66,0.0386,0.1461,0.0024,0.1471,0.0068,0.1632,0.0108,0.0200,0.2175,0.0440,0.1906,0.0049,0.2185,0.0054
1785422887.83,3,drive,0,0.5,15.0,40.853,25.15,249.66,0.0450,0.1486,0.0137,0.1540,0.0020,0.1559,0.0029,0.0210,0.2253,0.0264,0.1916,0.0127,0.2204,0.0176
1785422887.93,3,drive,1,0.5,15.0,40.853,25.15,249.66,0.0450,0.1491,0.0191,0.1535,0.0015,0.1584,0.0039,0.0196,0.2195,0.0274,0.1935,0.0142,0.2199,0.0108
1785422888.02,3,drive,2,0.5,15.0,40.853,25.15,249.66,0.0411,0.1471,0.0024,0.1500,0.0142,0.1642,0.0044,0.0293,0.2214,0.0288,0.1931,0.0024,0.2248,0.0088
1785422888.12,3,drive,3,0.5,15.0,40.853,25.15,249.66,0.0406,0.1486,0.0024,0.1535,0.0015,0.1628,0.0059,0.0230,0.2155,0.0269,0.1862,0.0220,0.2258,0.0020
1785422889.40,3,drive,0,1.0,15.0,40.853,25.15,249.66,0.0425,0.1496,0.0186,0.1471,0.0005,0.1628,0.0020,0.0210,0.2243,0.0293,0.1970,0.0108,0.2209,0.0068
1785422889.50,3,drive,1,1.0,15.0,40.853,25.15,249.66,0.0396,0.1525,0.0005,0.1520,0.0015,0.1642,0.0010,0.0176,0.2224,0.0288,0.1931,0.0064,0.2239,0.0000
1785422889.59,3,drive,2,1.0,15.0,40.853,25.15,249.66,0.0415,0.1500,0.0000,0.1505,0.0005,0.1642,0.0029,0.0176,0.2229,0.0259,0.1911,0.0044,0.2234,0.0000
1785422889.69,3,drive,3,1.0,15.0,40.853,25.15,249.66,0.0401,0.1510,0.0005,0.1500,0.0010,0.1642,0.0024,0.0186,0.2234,0.0293,0.1921,0.0029,0.2234,0.0000
1785422890.98,3,drive,0,1.5,15.0,40.853,25.15,249.66,0.0406,0.1500,0.0005,0.1540,0.0005,0.1593,0.0024,0.0171,0.2214,0.0259,0.1955,0.0083,0.2253,0.0005
1785422891.07,3,drive,1,1.5,15.0,40.853,25.15,249.66,0.0415,0.1505,0.0000,0.1530,0.0000,0.1603,0.0029,0.0152,0.2248,0.0249,0.1950,0.0078,0.2229,0.0000
1785422891.16,3,drive,2,1.5,15.0,40.853,25.15,249.66,0.0420,0.1500,0.0000,0.1544,0.0005,0.1623,0.0029,0.0176,0.2258,0.0239,0.1950,0.0059,0.2234,0.0005
1785422891.26,3,drive,3,1.5,15.0,40.853,25.15,249.66,0.0420,0.1544,0.0000,0.1549,0.0015,0.1632,0.0010,0.0142,0.2268,0.0235,0.1940,0.0064,0.2214,0.0000
1785422892.55,3,drive,0,2.0,15.0,40.853,25.15,249.66,0.0435,0.1520,0.0005,0.1540,0.0024,0.1593,0.0005,0.0059,0.2224,0.0196,0.1945,0.0064,0.2204,0.0000
1785422892.64,3,drive,1,2.0,15.0,40.853,25.15,249.66,0.0406,0.1549,0.0005,0.1559,0.0010,0.1598,0.0015,0.0078,0.2170,0.0205,0.1975,0.0064,0.2214,0.0005
1785422892.73,3,drive,2,2.0,15.0,40.853,25.15,249.66,0.0435,0.1500,0.0005,0.1549,0.0005,0.1584,0.0015,0.0083,0.2219,0.0181,0.1970,0.0078,0.2219,0.0010
1785422892.83,3,drive,3,2.0,15.0,40.853,25.15,249.66,0.0430,0.1500,0.0000,0.1549,0.0005,0.1593,0.0024,0.0068,0.2175,0.0220,0.1970,0.0059,0.2199,0.0005
1785422894.12,3,drive,0,2.5,15.0,40.853,25.15,249.66,0.0435,0.1515,0.0010,0.1525,0.0010,0.1623,0.0005,0.0005,0.2190,0.0205,0.2019,0.0015,0.2248,0.0010
1785422894.21,3,drive,1,2.5,15.0,40.853,25.15,249.66,0.0396,0.1491,0.0000,0.1535,0.0020,0.1623,0.0005,0.0010,0.2199,0.0181,0.1984,0.0044,0.2258,0.0000
1785422894.30,3,drive,2,2.5,15.0,40.853,25.15,249.66,0.0386,0.1520,0.0010,0.1515,0.0015,0.1618,0.0010,0.0039,0.2190,0.0186,0.2023,0.0029,0.2234,0.0005
1785422894.40,3,drive,3,2.5,15.0,40.853,25.15,249.66,0.0430,0.1530,0.0005,0.1520,0.0024,0.1628,0.0015,0.0020,0.2170,0.0210,0.2023,0.0010,0.2229,0.0010
1785422895.69,3,drive,0,3.0,15.0,40.853,25.15,249.66,0.0474,0.1569,0.0000,0.1510,0.0005,0.1725,0.0005,0.0010,0.2141,0.0244,0.1984,0.0024,0.2214,0.0020
1785422895.78,3,drive,1,3.0,15.0,40.853,25.15,249.66,0.0445,0.1559,0.0000,0.1491,0.0024,0.1725,0.0010,0.0024,0.2146,0.0230,0.1945,0.0010,0.2234,0.0005
1785422895.87,3,drive,2,3.0,15.0,40.853,25.15,249.66,0.0440,0.1574,0.0000,0.1510,0.0005,0.1701,0.0015,0.0024,0.2151,0.0205,0.1994,0.0029,0.2214,0.0005
1785422895.97,3,drive,3,3.0,15.0,40.853,25.15,249.66,0.0459,0.1569,0.0015,0.1505,0.0015,0.1686,0.0005,0.0015,0.2146,0.0210,0.1965,0.0020,0.2219,0.0015
1785422897.25,3,drive,0,3.5,15.0,40.853,25.15,249.66,0.0489,0.1564,0.0005,0.1476,0.0005,0.1716,0.0034,0.0122,0.2023,0.0318,0.1735,0.0044,0.2077,0.0010
1785422897.35,3,drive,1,3.5,15.0,40.853,25.15,249.66,0.0440,0.1559,0.0000,0.1505,0.0000,0.1711,0.0005,0.0103,0.2033,0.0318,0.1725,0.0024,0.2092,0.0005
1785422897.44,3,drive,2,3.5,15.0,40.853,25.15,249.66,0.0450,0.1559,0.0000,0.1496,0.0000,0.1716,0.0034,0.0122,0.2028,0.0318,0.1755,0.0015,0.2097,0.0024
1785422897.54,3,drive,3,3.5,15.0,40.853,25.15,249.66,0.0474,0.1593,0.0000,0.1510,0.0005,0.1755,0.0000,0.0088,0.2038,0.0323,0.1725,0.0020,0.2102,0.0005
1785422898.82,3,drive,0,4.0,15.0,40.853,25.15,249.66,0.0430,0.1569,0.0005,0.1554,0.0015,0.1647,0.0034,0.0137,0.2170,0.0327,0.1877,0.0049,0.2165,0.0000
1785422898.92,3,drive,1,4.0,15.0,40.853,25.15,249.66,0.0435,0.1574,0.0005,0.1544,0.0005,0.1667,0.0039,0.0142,0.2160,0.0288,0.1906,0.0083,0.2160,0.0005
1785422899.01,3,drive,2,4.0,15.0,40.853,25.15,249.66,0.0459,0.1544,0.0005,0.1530,0.0010,0.1672,0.0029,0.0122,0.2165,0.0313,0.1877,0.0064,0.2151,0.0000
1785422899.10,3,drive,3,4.0,15.0,40.853,25.15,249.66,0.0494,0.1569,0.0005,0.1544,0.0005,0.1676,0.0020,0.0132,0.2170,0.0318,0.1862,0.0078,0.2160,0.0005
1785422900.46,4,base,0,0.0,15.0,40.853,25.15,249.66,0.0391,0.1525,0.0000,0.1491,0.0000,0.1652,0.0024,0.0215,0.2175,0.0239,0.1862,0.0044,0.2180,0.0000
1785422900.56,4,base,1,0.0,15.0,40.853,25.15,249.66,0.0401,0.1486,0.0000,0.1476,0.0000,0.1647,0.0020,0.0191,0.2190,0.0308,0.1887,0.0054,0.2209,0.0000
1785422900.65,4,base,2,0.0,15.0,40.853,25.15,249.66,0.0396,0.1500,0.0000,0.1500,0.0000,0.1696,0.0010,0.0210,0.2175,0.0293,0.1872,0.0034,0.2190,0.0000
1785422900.74,4,base,3,0.0,15.0,40.853,25.15,249.66,0.0391,0.1510,0.0005,0.1476,0.0000,0.1672,0.0029,0.0176,0.2165,0.0283,0.1862,0.0044,0.2180,0.0005
1785422902.03,4,drive,0,0.0,15.0,40.853,25.15,249.66,0.0401,0.1515,0.0000,0.1476,0.0010,0.1676,0.0010,0.0200,0.2190,0.0298,0.1843,0.0005,0.2185,0.0000
1785422902.12,4,drive,1,0.0,15.0,40.853,25.15,249.66,0.0391,0.1500,0.0000,0.1476,0.0000,0.1672,0.0034,0.0200,0.2170,0.0283,0.1862,0.0044,0.2204,0.0005
1785422902.22,4,drive,2,0.0,15.0,40.853,25.15,249.66,0.0415,0.1510,0.0000,0.1491,0.0000,0.1642,0.0020,0.0215,0.2185,0.0288,0.1867,0.0034,0.2190,0.0000
1785422902.31,4,drive,3,0.0,15.0,40.853,25.15,249.66,0.0376,0.1510,0.0000,0.1491,0.0000,0.1686,0.0020,0.0200,0.2195,0.0279,0.1867,0.0039,0.2224,0.0000
1785422903.60,4,drive,0,0.5,15.0,40.853,25.15,249.66,0.0411,0.1505,0.0000,0.1481,0.0005,0.1662,0.0015,0.0210,0.2209,0.0274,0.1857,0.0049,0.2190,0.0005
1785422903.69,4,drive,1,0.5,15.0,40.853,25.15,249.66,0.0401,0.1500,0.0000,0.1496,0.0000,0.1647,0.0015,0.0205,0.2199,0.0259,0.1843,0.0034,0.2199,0.0000
1785422903.79,4,drive,2,0.5,15.0,40.853,25.15,249.66,0.0391,0.1535,0.0000,0.1471,0.0000,0.1672,0.0015,0.0176,0.2195,0.0303,0.1882,0.0024,0.2180,0.0000
1785422903.88,4,drive,3,0.5,15.0,40.853,25.15,249.66,0.0411,0.1491,0.0000,0.1491,0.0000,0.1681,0.0015,0.0200,0.2195,0.0298,0.1852,0.0010,0.2190,0.0000
1785422905.17,4,drive,0,1.0,15.0,40.853,25.15,249.66,0.0391,0.1505,0.0005,0.1505,0.0000,0.1657,0.0034,0.0205,0.2170,0.0269,0.1872,0.0000,0.2170,0.0005
1785422905.26,4,drive,1,1.0,15.0,40.853,25.15,249.66,0.0411,0.1549,0.0000,0.1496,0.0000,0.1672,0.0020,0.0186,0.2175,0.0269,0.1877,0.0054,0.2175,0.0000
1785422905.36,4,drive,2,1.0,15.0,40.853,25.15,249.66,0.0411,0.1491,0.0000,0.1486,0.0005,0.1662,0.0024,0.0181,0.2170,0.0308,0.1852,0.0029,0.2190,0.0000
1785422905.45,4,drive,3,1.0,15.0,40.853,25.15,249.66,0.0406,0.1496,0.0000,0.1471,0.0000,0.1686,0.0024,0.0191,0.2180,0.0298,0.1877,0.0059,0.2185,0.0000
1785422906.74,4,drive,0,1.5,15.0,40.853,25.15,249.66,0.0420,0.1491,0.0000,0.1496,0.0005,0.1681,0.0044,0.0196,0.2151,0.0293,0.1852,0.0034,0.2175,0.0005
1785422906.84,4,drive,1,1.5,15.0,40.853,25.15,249.66,0.0415,0.1540,0.0000,0.1500,0.0000,0.1667,0.0015,0.0205,0.2190,0.0298,0.1862,0.0034,0.2175,0.0005
1785422906.93,4,drive,2,1.5,15.0,40.853,25.15,249.66,0.0411,0.1520,0.0005,0.1525,0.0000,0.1676,0.0024,0.0181,0.2155,0.0283,0.1882,0.0029,0.2199,0.0000
1785422907.02,4,drive,3,1.5,15.0,40.853,25.15,249.66,0.0420,0.1510,0.0005,0.1481,0.0005,0.1657,0.0015,0.0176,0.2175,0.0274,0.1838,0.0029,0.2180,0.0020
1785422908.31,4,drive,0,2.0,15.0,40.853,25.15,249.66,0.0420,0.1520,0.0000,0.1510,0.0005,0.1676,0.0015,0.0176,0.2180,0.0308,0.1843,0.0029,0.2146,0.0000
1785422908.41,4,drive,1,2.0,15.0,40.853,25.15,249.66,0.0420,0.1520,0.0000,0.1520,0.0000,0.1696,0.0034,0.0191,0.2136,0.0308,0.1838,0.0020,0.2165,0.0000
1785422908.50,4,drive,2,2.0,15.0,40.853,25.15,249.66,0.0415,0.1515,0.0000,0.1457,0.0010,0.1701,0.0015,0.0215,0.2116,0.0293,0.1823,0.0039,0.2151,0.0005
1785422908.60,4,drive,3,2.0,15.0,40.853,25.15,249.66,0.0411,0.1505,0.0000,0.1491,0.0010,0.1691,0.0015,0.0176,0.2141,0.0293,0.1872,0.0024,0.2180,0.0010
1785422909.91,4,drive,0,2.5,15.0,40.853,25.15,249.66,0.0430,0.1520,0.0005,0.1535,0.0000,0.1730,0.0039,0.0186,0.2131,0.0347,0.1808,0.0029,0.2126,0.0005
1785422910.00,4,drive,1,2.5,15.0,40.853,25.15,249.66,0.0420,0.1588,0.0000,0.1535,0.0000,0.1740,0.0024,0.0210,0.2116,0.0318,0.1843,0.0024,0.2136,0.0000
1785422910.10,4,drive,2,2.5,15.0,40.853,25.15,249.66,0.0450,0.1569,0.0010,0.1569,0.0005,0.1720,0.0034,0.0205,0.2131,0.0318,0.1823,0.0039,0.2165,0.0005
1785422910.19,4,drive,3,2.5,15.0,40.853,25.15,249.66,0.0435,0.1515,0.0000,0.1530,0.0005,0.1696,0.0049,0.0215,0.2141,0.0303,0.1823,0.0024,0.2136,0.0000
1785422911.48,4,drive,0,3.0,15.0,40.853,25.15,249.66,0.0401,0.1574,0.0005,0.1540,0.0005,0.1725,0.0034,0.0200,0.2195,0.0318,0.1882,0.0054,0.2165,0.0000
1785422911.57,4,drive,1,3.0,15.0,40.853,25.15,249.66,0.0425,0.1549,0.0015,0.1579,0.0005,0.1672,0.0029,0.0215,0.2160,0.0342,0.1882,0.0068,0.2170,0.0005
1785422911.67,4,drive,2,3.0,15.0,40.853,25.15,249.66,0.0450,0.1549,0.0010,0.1544,0.0000,0.1725,0.0024,0.0205,0.2214,0.0367,0.1867,0.0044,0.2199,0.0015
1785422911.76,4,drive,3,3.0,15.0,40.853,25.15,249.66,0.0450,0.1569,0.0000,0.1525,0.0010,0.1711,0.0039,0.0205,0.2204,0.0376,0.1901,0.0064,0.2170,0.0010
1785422913.04,4,drive,0,3.5,15.0,40.853,25.15,249.66,0.0440,0.1530,0.0010,0.1535,0.0005,0.1696,0.0049,0.0196,0.2190,0.0327,0.1901,0.0073,0.2190,0.0005
1785422913.14,4,drive,1,3.5,15.0,40.853,25.15,249.66,0.0445,0.1500,0.0000,0.1549,0.0000,0.1681,0.0015,0.0230,0.2170,0.0323,0.1901,0.0068,0.2190,0.0000
1785422913.23,4,drive,2,3.5,15.0,40.853,25.15,249.66,0.0440,0.1500,0.0000,0.1535,0.0010,0.1686,0.0029,0.0205,0.2170,0.0337,0.1891,0.0054,0.2195,0.0000
1785422913.33,4,drive,3,3.5,15.0,40.853,25.15,249.66,0.0435,0.1554,0.0005,0.1554,0.0010,0.1691,0.0049,0.0220,0.2190,0.0337,0.1882,0.0049,0.2195,0.0010
1785422914.61,4,drive,0,4.0,15.0,40.853,25.15,249.66,0.0445,0.1579,0.0005,0.1544,0.0010,0.1657,0.0039,0.0171,0.2146,0.0347,0.1896,0.0059,0.2141,0.0005
1785422914.71,4,drive,1,4.0,15.0,40.853,25.15,249.66,0.0489,0.1554,0.0000,0.1496,0.0010,0.1672,0.0034,0.0166,0.2146,0.0313,0.1891,0.0068,0.2136,0.0005
1785422914.80,4,drive,2,4.0,15.0,40.853,25.15,249.66,0.0455,0.1564,0.0000,0.1549,0.0000,0.1672,0.0034,0.0152,0.2155,0.0323,0.1887,0.0049,0.2136,0.0000
1785422914.90,4,drive,3,4.0,15.0,40.853,25.15,249.66,0.0469,0.1549,0.0000,0.1544,0.0010,0.1701,0.0039,0.0142,0.2136,0.0332,0.1882,0.0039,0.2155,0.0000
1785422916.26,5,base,0,0.0,15.0,40.833,25.15,249.66,0.0406,0.1515,0.0005,0.1476,0.0000,0.1672,0.0049,0.0215,0.2170,0.0303,0.1862,0.0024,0.2155,0.0015
1785422916.35,5,base,1,0.0,15.0,40.833,25.15,249.66,0.0391,0.1535,0.0000,0.1476,0.0000,0.1667,0.0024,0.0200,0.2165,0.0288,0.1857,0.0024,0.2195,0.0005
1785422916.44,5,base,2,0.0,15.0,40.833,25.15,249.66,0.0411,0.1525,0.0000,0.1515,0.0000,0.1642,0.0039,0.0191,0.2146,0.0288,0.1823,0.0049,0.2190,0.0000
1785422916.54,5,base,3,0.0,15.0,40.833,25.15,249.66,0.0391,0.1525,0.0000,0.1496,0.0005,0.1647,0.0034,0.0200,0.2165,0.0264,0.1852,0.0034,0.2199,0.0005
1785422917.82,5,drive,0,0.0,15.0,40.833,25.15,249.66,0.0523,0.1461,0.0078,0.1491,0.0156,0.1574,0.0103,0.0303,0.2195,0.0293,0.1916,0.0166,0.2092,0.0039
1785422917.92,5,drive,1,0.0,15.0,40.833,25.15,249.66,0.0445,0.1437,0.0049,0.1632,0.0044,0.1598,0.0054,0.0254,0.2146,0.0205,0.1716,0.0127,0.2214,0.0005
1785422918.01,5,drive,2,0.0,15.0,40.833,25.15,249.66,0.0381,0.1544,0.0029,0.1447,0.0010,0.1691,0.0068,0.0176,0.2160,0.0288,0.1867,0.0249,0.2180,0.0005
1785422918.10,5,drive,3,0.0,15.0,40.833,25.15,249.66,0.0381,0.1476,0.0117,0.1491,0.0103,0.1696,0.0064,0.0288,0.2180,0.0318,0.1764,0.0034,0.2155,0.0210
1785422919.39,5,drive,0,0.5,15.0,40.833,25.15,249.66,0.0411,0.1471,0.0073,0.1510,0.0142,0.1603,0.0039,0.0230,0.2204,0.0269,0.1838,0.0039,0.2190,0.0176
1785422919.48,5,drive,1,0.5,15.0,40.833,25.15,249.66,0.0523,0.1496,0.0010,0.1491,0.0000,0.1652,0.0166,0.0186,0.2302,0.0264,0.1882,0.0161,0.2229,0.0005
1785422919.58,5,drive,2,0.5,15.0,40.833,25.15,249.66,0.0367,0.1452,0.0142,0.1476,0.0093,0.1569,0.0034,0.0259,0.2224,0.0303,0.1769,0.0088,0.2180,0.0122
1785422919.67,5,drive,3,0.5,15.0,40.833,25.15,249.66,0.0499,0.1461,0.0024,0.1447,0.0024,0.1681,0.0147,0.0200,0.2121,0.0411,0.1862,0.0244,0.2170,0.0020
1785422920.96,5,drive,0,1.0,15.0,40.833,25.15,249.66,0.0357,0.1584,0.0039,0.1481,0.0068,0.1701,0.0088,0.0196,0.2175,0.0323,0.1911,0.0064,0.2185,0.0059
1785422921.05,5,drive,1,1.0,15.0,40.833,25.15,249.66,0.0381,0.1515,0.0034,0.1491,0.0078,0.1642,0.0010,0.0269,0.2224,0.0283,0.1755,0.0088,0.2160,0.0108
1785422921.15,5,drive,2,1.0,15.0,40.833,25.15,249.66,0.0430,0.1471,0.0078,0.1481,0.0029,0.1686,0.0083,0.0274,0.2165,0.0269,0.1789,0.0073,0.2209,0.0098
1785422921.24,5,drive,3,1.0,15.0,40.833,25.15,249.66,0.0411,0.1569,0.0073,0.1505,0.0093,0.1628,0.0044,0.0205,0.2258,0.0303,0.1926,0.0127,0.2219,0.0049
1785422922.52,5,drive,0,1.5,15.0,40.833,25.15,249.66,0.0459,0.1408,0.0122,0.1515,0.0117,0.1642,0.0112,0.0181,0.2151,0.0313,0.1808,0.0029,0.2141,0.0103
1785422922.62,5,drive,1,1.5,15.0,40.833,25.15,249.66,0.0425,0.1574,0.0088,0.1505,0.0024,0.1706,0.0166,0.0225,0.2146,0.0298,0.1931,0.0039,0.2199,0.0073
1785422922.71,5,drive,2,1.5,15.0,40.833,25.15,249.66,0.0401,0.1515,0.0044,0.1505,0.0068,0.1662,0.0039,0.0210,0.2239,0.0288,0.1887,0.0073,0.2151,0.0093
1785422922.81,5,drive,3,1.5,15.0,40.833,25.15,249.66,0.0386,0.1544,0.0029,0.1442,0.0068,0.1667,0.0142,0.0181,0.2146,0.0249,0.1877,0.0156,0.2204,0.0015
1785422924.09,5,drive,0,2.0,15.0,40.833,25.15,249.66,0.0406,0.1452,0.0010,0.1500,0.0088,0.1711,0.0112,0.0200,0.2136,0.0259,0.1813,0.0054,0.2175,0.0103
1785422924.19,5,drive,1,2.0,15.0,40.833,25.15,249.66,0.0362,0.1535,0.0088,0.1525,0.0010,0.1730,0.0112,0.0152,0.2136,0.0313,0.1887,0.0122,0.2151,0.0064
1785422924.28,5,drive,2,2.0,15.0,40.833,25.15,249.66,0.0464,0.1476,0.0049,0.1500,0.0108,0.1720,0.0034,0.0186,0.2116,0.0288,0.1823,0.0093,0.2151,0.0112
1785422924.38,5,drive,3,2.0,15.0,40.833,25.15,249.66,0.0445,0.1549,0.0005,0.1466,0.0054,0.1691,0.0098,0.0171,0.2107,0.0420,0.1804,0.0142,0.2102,0.0010
1785422925.66,5,drive,0,2.5,15.0,40.833,25.15,249.66,0.0459,0.1530,0.0000,0.1505,0.0015,0.1720,0.0117,0.0191,0.2126,0.0371,0.1808,0.0059,0.2126,0.0005
1785422925.76,5,drive,1,2.5,15.0,40.833,25.15,249.66,0.0455,0.1574,0.0059,0.1505,0.0015,0.1750,0.0049,0.0196,0.2160,0.0337,0.1818,0.0083,0.2151,0.0068
1785422925.85,5,drive,2,2.5,15.0,40.833,25.15,249.66,0.0406,0.1530,0.0010,0.1505,0.0068,0.1701,0.0117,0.0200,0.2131,0.0391,0.1794,0.0044,0.2097,0.0005
1785422925.95,5,drive,3,2.5,15.0,40.833,25.15,249.66,0.0401,0.1574,0.0108,0.1481,0.0015,0.1652,0.0049,0.0196,0.2190,0.0327,0.1716,0.0122,0.2107,0.0127
1785422927.23,5,drive,0,3.0,15.0,40.833,25.15,249.66,0.0489,0.1540,0.0103,0.1569,0.0024,0.1691,0.0073,0.0200,0.2243,0.0371,0.1916,0.0142,0.2180,0.0039
1785422927.32,5,drive,1,3.0,15.0,40.833,25.15,249.66,0.0445,0.1613,0.0010,0.1574,0.0059,0.1745,0.0200,0.0215,0.2204,0.0347,0.1857,0.0054,0.2278,0.0029
1785422927.42,5,drive,2,3.0,15.0,40.833,25.15,249.66,0.0430,0.1535,0.0005,0.1525,0.0073,0.1706,0.0283,0.0239,0.2185,0.0391,0.1901,0.0044,0.2136,0.0010
1785422927.51,5,drive,3,3.0,15.0,40.833,25.15,249.66,0.0503,0.1540,0.0259,0.1598,0.0005,0.1628,0.0059,0.0186,0.2111,0.0313,0.1896,0.0127,0.2170,0.0147
1785422928.79,5,drive,0,3.5,15.0,40.833,25.15,249.66,0.0440,0.1525,0.0010,0.1535,0.0005,0.1667,0.0054,0.0186,0.2185,0.0342,0.1931,0.0073,0.2185,0.0005
1785422928.89,5,drive,1,3.5,15.0,40.833,25.15,249.66,0.0430,0.1554,0.0000,0.1554,0.0000,0.1686,0.0034,0.0210,0.2199,0.0323,0.1921,0.0039,0.2195,0.0000
1785422928.98,5,drive,2,3.5,15.0,40.833,25.15,249.66,0.0440,0.1510,0.0000,0.1510,0.0000,0.1686,0.0064,0.0225,0.2175,0.0318,0.1916,0.0024,0.2170,0.0005
1785422929.08,5,drive,3,3.5,15.0,40.833,25.15,249.66,0.0430,0.1540,0.0000,0.1510,0.0000,0.1672,0.0024,0.0220,0.2204,0.0347,0.1896,0.0064,0.2175,0.0005
1785422930.36,5,drive,0,4.0,15.0,40.833,25.15,249.66,0.0489,0.1574,0.0000,0.1515,0.0015,0.1696,0.0034,0.0186,0.2121,0.0342,0.1887,0.0059,0.2116,0.0000
1785422930.46,5,drive,1,4.0,15.0,40.833,25.15,249.66,0.0469,0.1549,0.0000,0.1549,0.0000,0.1711,0.0024,0.0191,0.2146,0.0337,0.1906,0.0039,0.2136,0.0000
1785422930.55,5,drive,2,4.0,15.0,40.833,25.15,249.66,0.0455,0.1559,0.0005,0.1530,0.0000,0.1667,0.0029,0.0181,0.2151,0.0337,0.1906,0.0039,0.2121,0.0005
1785422930.65,5,drive,3,4.0,15.0,40.833,25.15,249.66,0.0459,0.1549,0.0000,0.1559,0.0005,0.1667,0.0049,0.0171,0.2116,0.0332,0.1911,0.0073,0.2126,0.0010
1785422932.01,8,base,0,0.0,15.0,40.853,25.15,249.66,0.0406,0.1510,0.0000,0.1496,0.0000,0.1681,0.0024,0.0191,0.2175,0.0283,0.1862,0.0049,0.2180,0.0000
1785422932.11,8,base,1,0.0,15.0,40.853,25.15,249.66,0.0415,0.1535,0.0005,0.1525,0.0000,0.1691,0.0024,0.0200,0.2175,0.0283,0.1857,0.0029,0.2160,0.0005
1785422932.20,8,base,2,0.0,15.0,40.853,25.15,249.66,0.0406,0.1520,0.0000,0.1500,0.0000,0.1672,0.0010,0.0176,0.2170,0.0283,0.1848,0.0024,0.2185,0.0000
1785422932.29,8,base,3,0.0,15.0,40.853,25.15,249.66,0.0381,0.1515,0.0000,0.1520,0.0000,0.1667,0.0010,0.0176,0.2190,0.0274,0.1823,0.0020,0.2195,0.0005
1785422933.58,8,drive,0,0.0,15.0,40.853,25.15,249.66,0.0420,0.1500,0.0000,0.1476,0.0005,0.1672,0.0034,0.0186,0.2180,0.0303,0.1857,0.0024,0.2199,0.0010
1785422933.68,8,drive,1,0.0,15.0,40.853,25.15,249.66,0.0415,0.1520,0.0000,0.1510,0.0000,0.1662,0.0024,0.0196,0.2190,0.0279,0.1867,0.0054,0.2190,0.0000
1785422933.77,8,drive,2,0.0,15.0,40.853,25.15,249.66,0.0371,0.1476,0.0010,0.1510,0.0000,0.1672,0.0015,0.0161,0.2155,0.0283,0.1852,0.0015,0.2175,0.0000
1785422933.86,8,drive,3,0.0,15.0,40.853,25.15,249.66,0.0406,0.1496,0.0005,0.1476,0.0005,0.1672,0.0029,0.0176,0.2180,0.0293,0.1857,0.0039,0.2185,0.0000
1785422935.15,8,drive,0,0.5,15.0,40.853,25.15,249.66,0.0391,0.1486,0.0000,0.1486,0.0005,0.1667,0.0029,0.0205,0.2141,0.0298,0.1823,0.0054,0.2175,0.0000
1785422935.24,8,drive,1,0.5,15.0,40.853,25.15,249.66,0.0406,0.1520,0.0000,0.1510,0.0000,0.1706,0.0024,0.0186,0.2190,0.0288,0.1838,0.0020,0.2170,0.0000
1785422935.34,8,drive,2,0.5,15.0,40.853,25.15,249.66,0.0406,0.1510,0.0000,0.1510,0.0010,0.1667,0.0010,0.0176,0.2204,0.0298,0.1862,0.0044,0.2199,0.0000
1785422935.43,8,drive,3,0.5,15.0,40.853,25.15,249.66,0.0406,0.1510,0.0005,0.1496,0.0000,0.1647,0.0024,0.0176,0.2165,0.0323,0.1857,0.0039,0.2185,0.0005
1785422936.72,8,drive,0,1.0,15.0,40.853,25.15,249.66,0.0411,0.1530,0.0000,0.1525,0.0000,0.1657,0.0029,0.0200,0.2190,0.0283,0.1838,0.0039,0.2151,0.0010
1785422936.81,8,drive,1,1.0,15.0,40.853,25.15,249.66,0.0391,0.1520,0.0000,0.1491,0.0000,0.1657,0.0020,0.0176,0.2195,0.0283,0.1838,0.0039,0.2165,0.0000
1785422936.91,8,drive,2,1.0,15.0,40.853,25.15,249.66,0.0401,0.1505,0.0015,0.1500,0.0000,0.1652,0.0020,0.0200,0.2170,0.0279,0.1872,0.0044,0.2195,0.0000
1785422937.00,8,drive,3,1.0,15.0,40.853,25.15,249.66,0.0401,0.1510,0.0005,0.1515,0.0000,0.1681,0.0024,0.0176,0.2175,0.0283,0.1848,0.0029,0.2175,0.0000
1785422938.29,8,drive,0,1.5,15.0,40.853,25.15,249.66,0.0420,0.1486,0.0000,0.1505,0.0000,0.1686,0.0005,0.0191,0.2190,0.0318,0.1857,0.0015,0.2195,0.0000
1785422938.38,8,drive,1,1.5,15.0,40.853,25.15,249.66,0.0415,0.1515,0.0000,0.1535,0.0005,0.1667,0.0034,0.0191,0.2165,0.0274,0.1852,0.0034,0.2175,0.0005
1785422938.48,8,drive,2,1.5,15.0,40.853,25.15,249.66,0.0391,0.1515,0.0005,0.1491,0.0000,0.1676,0.0024,0.0196,0.2165,0.0293,0.1857,0.0024,0.2180,0.0000
1785422938.57,8,drive,3,1.5,15.0,40.853,25.15,249.66,0.0406,0.1520,0.0000,0.1515,0.0005,0.1691,0.0015,0.0171,0.2180,0.0279,0.1833,0.0034,0.2160,0.0005
1785422939.86,8,drive,0,2.0,15.0,40.853,25.15,249.66,0.0376,0.1510,0.0005,0.1500,0.0000,0.1681,0.0020,0.0181,0.2185,0.0269,0.1843,0.0024,0.2185,0.0005
1785422939.95,8,drive,1,2.0,15.0,40.853,25.15,249.66,0.0362,0.1491,0.0000,0.1500,0.0000,0.1637,0.0034,0.0205,0.2175,0.0318,0.1838,0.0024,0.2180,0.0000
1785422940.05,8,drive,2,2.0,15.0,40.853,25.15,249.66,0.0391,0.1515,0.0000,0.1500,0.0000,0.1657,0.0034,0.0181,0.2175,0.0279,0.1862,0.0015,0.2170,0.0000
1785422940.14,8,drive,3,2.0,15.0,40.853,25.15,249.66,0.0381,0.1471,0.0000,0.1505,0.0000,0.1662,0.0020,0.0215,0.2175,0.0293,0.1843,0.0034,0.2160,0.0005
1785422941.43,8,drive,0,2.5,15.0,40.853,25.15,249.66,0.0401,0.1505,0.0000,0.1457,0.0000,0.1647,0.0024,0.0196,0.2175,0.0298,0.1843,0.0059,0.2195,0.0005
1785422941.52,8,drive,1,2.5,15.0,40.853,25.15,249.66,0.0425,0.1491,0.0000,0.1491,0.0000,0.1681,0.0029,0.0196,0.2190,0.0313,0.1867,0.0044,0.2160,0.0000
1785422941.62,8,drive,2,2.5,15.0,40.853,25.15,249.66,0.0401,0.1505,0.0000,0.1491,0.0000,0.1691,0.0034,0.0196,0.2175,0.0288,0.1852,0.0034,0.2175,0.0000
1785422941.71,8,drive,3,2.5,15.0,40.853,25.15,249.66,0.0406,0.1510,0.0000,0.1515,0.0000,0.1681,0.0029,0.0176,0.2195,0.0308,0.1857,0.0044,0.2165,0.0000
1785422943.00,8,drive,0,3.0,15.0,40.853,25.15,249.66,0.0391,0.1505,0.0000,0.1515,0.0000,0.1667,0.0020,0.0196,0.2180,0.0264,0.1838,0.0049,0.2209,0.0000
1785422943.09,8,drive,1,3.0,15.0,40.853,25.15,249.66,0.0371,0.1515,0.0000,0.1525,0.0005,0.1652,0.0020,0.0220,0.2185,0.0283,0.1843,0.0029,0.2204,0.0000
1785422943.19,8,drive,2,3.0,15.0,40.853,25.15,249.66,0.0401,0.1510,0.0000,0.1496,0.0000,0.1667,0.0039,0.0205,0.2175,0.0279,0.1857,0.0034,0.2199,0.0000
1785422943.28,8,drive,3,3.0,15.0,40.853,25.15,249.66,0.0376,0.1525,0.0000,0.1530,0.0000,0.1672,0.0020,0.0210,0.2160,0.0283,0.1843,0.0034,0.2195,0.0000
1785422944.57,8,drive,0,3.5,15.0,40.853,25.15,249.66,0.0396,0.1471,0.0205,0.1442,0.0073,0.1745,0.0112,0.0225,0.2146,0.0440,0.1706,0.0122,0.2322,0.0064
1785422944.66,8,drive,1,3.5,15.0,40.853,25.15,249.66,0.0543,0.1437,0.0078,0.1491,0.0093,0.1632,0.0122,0.0283,0.2136,0.0376,0.1789,0.0142,0.2077,0.0093
1785422944.76,8,drive,2,3.5,15.0,40.853,25.15,249.66,0.0503,0.1569,0.0064,0.1520,0.0103,0.1549,0.0112,0.0327,0.2155,0.0332,0.1960,0.0137,0.2107,0.0039
1785422944.85,8,drive,3,3.5,15.0,40.853,25.15,249.66,0.0362,0.1662,0.0078,0.1437,0.0108,0.1706,0.0073,0.0239,0.2195,0.0352,0.1701,0.0181,0.2268,0.0049
1785422946.14,8,drive,0,4.0,15.0,40.853,25.15,249.66,0.0469,0.1525,0.0000,0.1559,0.0034,0.1691,0.0098,0.0215,0.2175,0.0283,0.1833,0.0103,0.2190,0.0005
1785422946.23,8,drive,1,4.0,15.0,40.853,25.15,249.66,0.0401,0.1584,0.0020,0.1530,0.0137,0.1667,0.0024,0.0220,0.2175,0.0298,0.1848,0.0064,0.2234,0.0044
1785422946.33,8,drive,2,4.0,15.0,40.853,25.15,249.66,0.0411,0.1461,0.0010,0.1564,0.0010,0.1681,0.0093,0.0220,0.2141,0.0279,0.1838,0.0098,0.2165,0.0000
1785422946.42,8,drive,3,4.0,15.0,40.853,25.15,249.66,0.0445,0.1500,0.0059,0.1471,0.0020,0.1676,0.0078,0.0239,0.2038,0.0323,0.1862,0.0103,0.2146,0.0005
1785422947.78,9,base,0,0.0,15.0,40.773,25.15,249.66,0.0357,0.1505,0.0122,0.1476,0.0000,0.1696,0.0112,0.0200,0.2141,0.0259,0.1896,0.0064,0.2190,0.0039
1785422947.87,9,base,1,0.0,15.0,40.773,25.15,249.66,0.0425,0.1574,0.0000,0.1486,0.0020,0.1672,0.0112,0.0230,0.2219,0.0279,0.1843,0.0083,0.2165,0.0005
1785422947.97,9,base,2,0.0,15.0,40.773,25.15,249.66,0.0401,0.1530,0.0127,0.1515,0.0059,0.1632,0.0029,0.0152,0.2180,0.0288,0.1891,0.0083,0.2151,0.0088
1785422948.06,9,base,3,0.0,15.0,40.773,25.15,249.66,0.0474,0.1476,0.0020,0.1598,0.0088,0.1676,0.0088,0.0215,0.2175,0.0371,0.1867,0.0156,0.2190,0.0010
1785422949.35,9,drive,0,0.0,15.0,40.773,25.15,249.66,0.0435,0.1535,0.0024,0.1476,0.0073,0.1637,0.0112,0.0225,0.2229,0.0313,0.1882,0.0147,0.2111,0.0020
1785422949.44,9,drive,1,0.0,15.0,40.773,25.15,249.66,0.0425,0.1422,0.0078,0.1500,0.0068,0.1598,0.0142,0.0176,0.2136,0.0342,0.1872,0.0137,0.2175,0.0054
1785422949.54,9,drive,2,0.0,15.0,40.773,25.15,249.66,0.0459,0.1491,0.0093,0.1505,0.0137,0.1696,0.0078,0.0235,0.2170,0.0303,0.1818,0.0059,0.2107,0.0073
1785422949.63,9,drive,3,0.0,15.0,40.773,25.15,249.66,0.0347,0.1559,0.0108,0.1457,0.0083,0.1681,0.0054,0.0161,0.2165,0.0279,0.1794,0.0142,0.2229,0.0112
1785422950.92,9,drive,0,0.5,15.0,40.773,25.15,249.66,0.0401,0.1427,0.0093,0.1500,0.0034,0.1672,0.0132,0.0244,0.2151,0.0318,0.1926,0.0098,0.2219,0.0034
1785422951.01,9,drive,1,0.5,15.0,40.773,25.15,249.66,0.0425,0.1540,0.0054,0.1515,0.0034,0.1740,0.0088,0.0166,0.2224,0.0318,0.1833,0.0093,0.2209,0.0020
1785422951.11,9,drive,2,0.5,15.0,40.773,25.15,249.66,0.0420,0.1486,0.0083,0.1496,0.0073,0.1593,0.0088,0.0249,0.2160,0.0327,0.1833,0.0098,0.2121,0.0093
1785422951.20,9,drive,3,0.5,15.0,40.773,25.15,249.66,0.0415,0.1461,0.0088,0.1471,0.0044,0.1676,0.0098,0.0239,0.2097,0.0337,0.1891,0.0054,0.2175,0.0088
1785422952.49,9,drive,0,1.0,15.0,40.773,25.15,249.66,0.0401,0.1481,0.0098,0.1540,0.0034,0.1608,0.0112,0.0288,0.2151,0.0288,0.1935,0.0112,0.2180,0.0034
1785422952.58,9,drive,1,1.0,15.0,40.773,25.15,249.66,0.0430,0.1461,0.0000,0.1491,0.0108,0.1676,0.0049,0.0235,0.2190,0.0293,0.1818,0.0137,0.2243,0.0034
1785422952.68,9,drive,2,1.0,15.0,40.773,25.15,249.66,0.0430,0.1559,0.0073,0.1447,0.0034,0.1711,0.0044,0.0254,0.2224,0.0313,0.1852,0.0088,0.2170,0.0064
1785422952.77,9,drive,3,1.0,15.0,40.773,25.15,249.66,0.0337,0.1559,0.0073,0.1549,0.0059,0.1652,0.0034,0.0200,0.2214,0.0303,0.1843,0.0088,0.2160,0.0117
1785422954.06,9,drive,0,1.5,15.0,40.773,25.15,249.66,0.0445,0.1515,0.0039,0.1515,0.0088,0.1647,0.0103,0.0249,0.2146,0.0274,0.1887,0.0044,0.2165,0.0083
1785422954.15,9,drive,1,1.5,15.0,40.773,25.15,249.66,0.0547,0.1530,0.0010,0.1515,0.0073,0.1657,0.0073,0.0186,0.2209,0.0264,0.1965,0.0054,0.2190,0.0064
1785422954.25,9,drive,2,1.5,15.0,40.773,25.15,249.66,0.0401,0.1500,0.0059,0.1603,0.0083,0.1603,0.0152,0.0230,0.2097,0.0235,0.1926,0.0127,0.2175,0.0083
1785422954.34,9,drive,3,1.5,15.0,40.773,25.15,249.66,0.0342,0.1554,0.0000,0.1432,0.0083,0.1764,0.0068,0.0225,0.2234,0.0313,0.1852,0.0044,0.2146,0.0010
1785422955.63,9,drive,0,2.0,15.0,40.773,25.15,249.66,0.0371,0.1549,0.0024,0.1515,0.0112,0.1686,0.0098,0.0156,0.2155,0.0288,0.1848,0.0064,0.2175,0.0034
1785422955.72,9,drive,1,2.0,15.0,40.773,25.15,249.66,0.0411,0.1457,0.0024,0.1447,0.0015,0.1701,0.0147,0.0196,0.2131,0.0332,0.1857,0.0098,0.2195,0.0015
1785422955.82,9,drive,2,2.0,15.0,40.773,25.15,249.66,0.0415,0.1486,0.0059,0.1500,0.0015,0.1642,0.0044,0.0191,0.2185,0.0274,0.1857,0.0103,0.2248,0.0078
1785422955.91,9,drive,3,2.0,15.0,40.773,25.15,249.66,0.0381,0.1505,0.0083,0.1476,0.0049,0.1608,0.0039,0.0235,0.2141,0.0259,0.1818,0.0132,0.2146,0.0059
1785422957.20,9,drive,0,2.5,15.0,40.773,25.15,249.66,0.0357,0.1515,0.0059,0.1525,0.0000,0.1701,0.0044,0.0205,0.2234,0.0264,0.1843,0.0073,0.2199,0.0020
1785422957.29,9,drive,1,2.5,15.0,40.773,25.15,249.66,0.0396,0.1486,0.0005,0.1496,0.0054,0.1676,0.0054,0.0186,0.2146,0.0386,0.1867,0.0064,0.2170,0.0034
1785422957.39,9,drive,2,2.5,15.0,40.773,25.15,249.66,0.0391,0.1505,0.0034,0.1530,0.0049,0.1642,0.0024,0.0269,0.2175,0.0254,0.1891,0.0059,0.2180,0.0059
1785422957.48,9,drive,3,2.5,15.0,40.773,25.15,249.66,0.0415,0.1491,0.0039,0.1461,0.0073,0.1672,0.0024,0.0254,0.2170,0.0269,0.1882,0.0068,0.2229,0.0029
1785422958.77,9,drive,0,3.0,15.0,40.773,25.15,249.66,0.0469,0.1442,0.0000,0.1500,0.0024,0.1662,0.0127,0.0156,0.2136,0.0244,0.1833,0.0254,0.2204,0.0005
1785422958.87,9,drive,1,3.0,15.0,40.773,25.15,249.66,0.0381,0.1496,0.0059,0.1525,0.0181,0.1691,0.0044,0.0337,0.2175,0.0293,0.1882,0.0083,0.2155,0.0039
1785422958.96,9,drive,2,3.0,15.0,40.773,25.15,249.66,0.0362,0.1549,0.0034,0.1500,0.0049,0.1662,0.0200,0.0186,0.2165,0.0376,0.1916,0.0049,0.2195,0.0034
1785422959.05,9,drive,3,3.0,15.0,40.773,25.15,249.66,0.0455,0.1505,0.0010,0.1432,0.0015,0.1676,0.0196,0.0210,0.2185,0.0288,0.1862,0.0108,0.2185,0.0005
1785422960.34,9,drive,0,3.5,15.0,40.773,25.15,249.66,0.0381,0.1505,0.0000,0.1500,0.0000,0.1691,0.0024,0.0220,0.2180,0.0288,0.1877,0.0039,0.2180,0.0000
1785422960.44,9,drive,1,3.5,15.0,40.773,25.15,249.66,0.0376,0.1520,0.0005,0.1476,0.0000,0.1642,0.0010,0.0225,0.2175,0.0279,0.1862,0.0044,0.2160,0.0000
1785422960.53,9,drive,2,3.5,15.0,40.773,25.15,249.66,0.0396,0.1505,0.0000,0.1510,0.0005,0.1667,0.0049,0.0215,0.2204,0.0293,0.1848,0.0059,0.2175,0.0005
1785422960.62,9,drive,3,3.5,15.0,40.773,25.15,249.66,0.0391,0.1515,0.0005,0.1520,0.0000,0.1676,0.0029,0.0200,0.2175,0.0308,0.1838,0.0044,0.2190,0.0005
1785422961.91,9,drive,0,4.0,15.0,40.773,25.15,249.66,0.0391,0.1496,0.0000,0.1481,0.0005,0.1662,0.0039,0.0191,0.2170,0.0244,0.1862,0.0029,0.2199,0.0000
1785422962.00,9,drive,1,4.0,15.0,40.773,25.15,249.66,0.0386,0.1515,0.0000,0.1500,0.0005,0.1637,0.0010,0.0205,0.2195,0.0279,0.1857,0.0044,0.2195,0.0005
1785422962.10,9,drive,2,4.0,15.0,40.773,25.15,249.66,0.0391,0.1510,0.0000,0.1486,0.0010,0.1647,0.0029,0.0186,0.2165,0.0303,0.1862,0.0039,0.2180,0.0000
1785422962.19,9,drive,3,4.0,15.0,40.773,25.15,249.66,0.0411,0.1525,0.0000,0.1486,0.0010,0.1657,0.0015,0.0191,0.2175,0.0283,0.1833,0.0054,0.2185,0.0000
1785422963.56,13,base,0,0.0,15.0,40.813,25.15,249.66,0.0386,0.1520,0.0000,0.1491,0.0000,0.1681,0.0015,0.0191,0.2160,0.0283,0.1833,0.0029,0.2165,0.0005
1785422963.65,13,base,1,0.0,15.0,40.813,25.15,249.66,0.0391,0.1510,0.0000,0.1491,0.0005,0.1662,0.0015,0.0181,0.2185,0.0293,0.1877,0.0029,0.2165,0.0010
1785422963.74,13,base,2,0.0,15.0,40.813,25.15,249.66,0.0362,0.1525,0.0000,0.1496,0.0000,0.1652,0.0039,0.0191,0.2170,0.0254,0.1843,0.0029,0.2209,0.0000
1785422963.84,13,base,3,0.0,15.0,40.813,25.15,249.66,0.0425,0.1520,0.0000,0.1510,0.0015,0.1691,0.0024,0.0196,0.2185,0.0283,0.1877,0.0039,0.2180,0.0010
1785422965.13,13,drive,0,0.0,15.0,40.813,25.15,249.66,0.0391,0.1515,0.0000,0.1481,0.0005,0.1667,0.0005,0.0200,0.2180,0.0288,0.1887,0.0054,0.2175,0.0005
1785422965.22,13,drive,1,0.0,15.0,40.813,25.15,249.66,0.0386,0.1476,0.0000,0.1505,0.0000,0.1637,0.0034,0.0230,0.2165,0.0308,0.1862,0.0039,0.2190,0.0000
1785422965.31,13,drive,2,0.0,15.0,40.813,25.15,249.66,0.0342,0.1525,0.0005,0.1530,0.0000,0.1662,0.0024,0.0200,0.2155,0.0283,0.1867,0.0024,0.2199,0.0005
1785422965.41,13,drive,3,0.0,15.0,40.813,25.15,249.66,0.0415,0.1500,0.0000,0.1491,0.0005,0.1662,0.0010,0.0181,0.2195,0.0303,0.1857,0.0029,0.2195,0.0000
1785422966.69,13,drive,0,0.5,15.0,40.813,25.15,249.66,0.0406,0.1496,0.0000,0.1515,0.0000,0.1662,0.0029,0.0196,0.2170,0.0274,0.1843,0.0029,0.2190,0.0000
1785422966.79,13,drive,1,0.5,15.0,40.813,25.15,249.66,0.0415,0.1520,0.0000,0.1476,0.0000,0.1681,0.0020,0.0200,0.2180,0.0318,0.1872,0.0044,0.2185,0.0000
1785422966.88,13,drive,2,0.5,15.0,40.813,25.15,249.66,0.0367,0.1520,0.0000,0.1525,0.0010,0.1686,0.0029,0.0176,0.2199,0.0293,0.1852,0.0034,0.2190,0.0000
1785422966.98,13,drive,3,0.5,15.0,40.813,25.15,249.66,0.0386,0.1520,0.0000,0.1486,0.0000,0.1676,0.0054,0.0196,0.2165,0.0298,0.1862,0.0049,0.2180,0.0000
1785422968.27,13,drive,0,1.0,15.0,40.813,25.15,249.66,0.0411,0.1505,0.0000,0.1544,0.0010,0.1691,0.0024,0.0156,0.2199,0.0357,0.1857,0.0044,0.2190,0.0000
1785422968.36,13,drive,1,1.0,15.0,40.813,25.15,249.66,0.0435,0.1535,0.0000,0.1510,0.0010,0.1686,0.0029,0.0171,0.2170,0.0342,0.1877,0.0034,0.2180,0.0000
1785422968.45,13,drive,2,1.0,15.0,40.813,25.15,249.66,0.0411,0.1515,0.0000,0.1525,0.0005,0.1711,0.0020,0.0176,0.2185,0.0352,0.1882,0.0044,0.2175,0.0000
1785422968.55,13,drive,3,1.0,15.0,40.813,25.15,249.66,0.0415,0.1549,0.0000,0.1525,0.0005,0.1725,0.0044,0.0196,0.2195,0.0323,0.1848,0.0039,0.2175,0.0000
1785422969.84,13,drive,0,1.5,15.0,40.813,25.15,249.66,0.0411,0.1554,0.0005,0.1549,0.0005,0.1730,0.0029,0.0098,0.2199,0.0371,0.1921,0.0034,0.2180,0.0010
1785422969.93,13,drive,1,1.5,15.0,40.813,25.15,249.66,0.0415,0.1559,0.0000,0.1530,0.0000,0.1730,0.0029,0.0083,0.2185,0.0367,0.1901,0.0029,0.2185,0.0000
1785422970.03,13,drive,2,1.5,15.0,40.813,25.15,249.66,0.0415,0.1559,0.0000,0.1564,0.0000,0.1711,0.0059,0.0127,0.2155,0.0371,0.1906,0.0039,0.2155,0.0000
1785422970.12,13,drive,3,1.5,15.0,40.813,25.15,249.66,0.0415,0.1554,0.0000,0.1554,0.0010,0.1716,0.0039,0.0088,0.2160,0.0342,0.1887,0.0049,0.2190,0.0000
1785422971.41,13,drive,0,2.0,15.0,40.813,25.15,249.66,0.0396,0.1652,0.0020,0.1515,0.0024,0.1720,0.0254,0.0059,0.2116,0.0440,0.1940,0.0059,0.2229,0.0034
1785422971.50,13,drive,1,2.0,15.0,40.813,25.15,249.66,0.0518,0.1549,0.0000,0.1603,0.0044,0.1716,0.0171,0.0068,0.2087,0.0406,0.1965,0.0156,0.2165,0.0005
1785422971.60,13,drive,2,2.0,15.0,40.813,25.15,249.66,0.0484,0.1525,0.0005,0.1647,0.0034,0.1691,0.0215,0.0059,0.2121,0.0415,0.1989,0.0117,0.2224,0.0015
1785422971.69,13,drive,3,2.0,15.0,40.813,25.15,249.66,0.0415,0.1593,0.0044,0.1515,0.0005,0.1711,0.0112,0.0039,0.2258,0.0347,0.1994,0.0186,0.2160,0.0005
1785422973.04,13,drive,0,2.5,15.0,40.813,25.15,249.66,0.0440,0.1569,0.0010,0.1549,0.0064,0.1725,0.0024,0.0093,0.2019,0.0308,0.2087,0.0049,0.2199,0.0020
1785422973.13,13,drive,1,2.5,15.0,40.813,25.15,249.66,0.0420,0.1681,0.0010,0.1540,0.0068,0.1701,0.0073,0.0029,0.2014,0.0244,0.2102,0.0059,0.2136,0.0034
1785422973.22,13,drive,2,2.5,15.0,40.813,25.15,249.66,0.0415,0.1618,0.0029,0.1540,0.0005,0.1632,0.0083,0.0000,0.2072,0.0279,0.2009,0.0142,0.2146,0.0083
1785422973.32,13,drive,3,2.5,15.0,40.813,25.15,249.66,0.0469,0.1593,0.0059,0.1564,0.0029,0.1735,0.0029,0.0010,0.1999,0.0264,0.2102,0.0024,0.2175,0.0015
1785422974.60,13,drive,0,3.0,15.0,40.813,25.15,249.66,0.0411,0.1588,0.0005,0.1457,0.0054,0.1686,0.0083,0.0029,0.1931,0.0181,0.2067,0.0088,0.2185,0.0029
1785422974.70,13,drive,1,3.0,15.0,40.813,25.15,249.66,0.0494,0.1476,0.0010,0.1457,0.0049,0.1637,0.0049,0.0054,0.1926,0.0171,0.2072,0.0059,0.2229,0.0034
1785422974.79,13,drive,2,3.0,15.0,40.813,25.15,249.66,0.0445,0.1515,0.0000,0.1481,0.0049,0.1657,0.0029,0.0054,0.1931,0.0215,0.2048,0.0083,0.2209,0.0068
1785422974.89,13,drive,3,3.0,15.0,40.813,25.15,249.66,0.0406,0.1544,0.0039,0.1500,0.0010,0.1637,0.0059,0.0039,0.1921,0.0186,0.2028,0.0068,0.2155,0.0093
1785422976.17,13,drive,0,3.5,15.0,40.813,25.15,249.66,0.0445,0.1413,0.0010,0.1315,0.0034,0.1544,0.0020,0.0127,0.1970,0.0156,0.1984,0.0049,0.2195,0.0064
1785422976.27,13,drive,1,3.5,15.0,40.813,25.15,249.66,0.0332,0.1339,0.0020,0.1315,0.0024,0.1598,0.0073,0.0147,0.1975,0.0225,0.1999,0.0059,0.2102,0.0044
1785422976.36,13,drive,2,3.5,15.0,40.813,25.15,249.66,0.0381,0.1354,0.0034,0.1320,0.0015,0.1549,0.0088,0.0181,0.1984,0.0181,0.1989,0.0059,0.2160,0.0034
1785422976.45,13,drive,3,3.5,15.0,40.813,25.15,249.66,0.0391,0.1369,0.0039,0.1310,0.0039,0.1579,0.0029,0.0142,0.1945,0.0176,0.1975,0.0093,0.2209,0.0029
1785422977.74,13,drive,0,4.0,15.0,40.813,25.15,249.66,0.0450,0.1496,0.0044,0.1486,0.0024,0.1681,0.0049,0.0103,0.2077,0.0323,0.1926,0.0083,0.2111,0.0088
1785422977.83,13,drive,1,4.0,15.0,40.813,25.15,249.66,0.0430,0.1525,0.0029,0.1544,0.0024,0.1720,0.0088,0.0137,0.2121,0.0244,0.1901,0.0083,0.2102,0.0054
1785422977.93,13,drive,2,4.0,15.0,40.813,25.15,249.66,0.0406,0.1457,0.0054,0.1535,0.0064,0.1701,0.0083,0.0142,0.2151,0.0288,0.1887,0.0073,0.2131,0.0054
1785422978.02,13,drive,3,4.0,15.0,40.813,25.15,249.66,0.0459,0.1525,0.0015,0.1500,0.0049,0.1696,0.0044,0.0186,0.2087,0.0274,0.1916,0.0078,0.2165,0.0010
1785422979.39,14,base,0,0.0,15.0,40.813,25.15,249.67,0.0381,0.1496,0.0010,0.1491,0.0039,0.1725,0.0059,0.0254,0.2155,0.0274,0.1848,0.0088,0.2160,0.0000
1785422979.48,14,base,1,0.0,15.0,40.813,25.15,249.67,0.0327,0.1471,0.0020,0.1500,0.0068,0.1657,0.0078,0.0210,0.2219,0.0303,0.1799,0.0064,0.2131,0.0010
1785422979.58,14,base,2,0.0,15.0,40.813,25.15,249.67,0.0420,0.1515,0.0059,0.1486,0.0034,0.1711,0.0117,0.0176,0.2141,0.0249,0.1823,0.0039,0.2219,0.0010
1785422979.67,14,base,3,0.0,15.0,40.813,25.15,249.67,0.0445,0.1525,0.0039,0.1535,0.0044,0.1676,0.0108,0.0186,0.2131,0.0279,0.1843,0.0039,0.2190,0.0049
1785422980.96,14,drive,0,0.0,15.0,40.813,25.15,249.67,0.0406,0.1544,0.0034,0.1540,0.0010,0.1672,0.0083,0.0122,0.2146,0.0288,0.1891,0.0073,0.2151,0.0044
1785422981.05,14,drive,1,0.0,15.0,40.813,25.15,249.67,0.0406,0.1427,0.0020,0.1452,0.0049,0.1667,0.0059,0.0176,0.2165,0.0313,0.1784,0.0103,0.2175,0.0010
1785422981.15,14,drive,2,0.0,15.0,40.813,25.15,249.67,0.0415,0.1520,0.0039,0.1515,0.0020,0.1637,0.0098,0.0176,0.2243,0.0244,0.1843,0.0010,0.2214,0.0064
1785422981.24,14,drive,3,0.0,15.0,40.813,25.15,249.67,0.0391,0.1481,0.0015,0.1520,0.0068,0.1686,0.0068,0.0205,0.2146,0.0362,0.1848,0.0049,0.2141,0.0024
1785422982.53,14,drive,0,0.5,15.0,40.813,25.15,249.67,0.0464,0.1491,0.0078,0.1486,0.0020,0.1676,0.0020,0.0215,0.2116,0.0327,0.1862,0.0068,0.2185,0.0020
1785422982.62,14,drive,1,0.5,15.0,40.813,25.15,249.67,0.0386,0.1452,0.0024,0.1496,0.0098,0.1676,0.0054,0.0156,0.2195,0.0288,0.1828,0.0064,0.2160,0.0083
1785422982.72,14,drive,2,0.5,15.0,40.813,25.15,249.67,0.0376,0.1500,0.0015,0.1510,0.0015,0.1696,0.0083,0.0230,0.2229,0.0235,0.1872,0.0054,0.2234,0.0010
1785422982.81,14,drive,3,0.5,15.0,40.813,25.15,249.67,0.0298,0.1535,0.0005,0.1593,0.0000,0.1681,0.0078,0.0181,0.2190,0.0244,0.1828,0.0093,0.2199,0.0010
1785422984.10,14,drive,0,1.0,15.0,40.813,25.15,249.67,0.0401,0.1447,0.0015,0.1500,0.0200,0.1676,0.0020,0.0415,0.2175,0.0327,0.1818,0.0068,0.2131,0.0029
1785422984.19,14,drive,1,1.0,15.0,40.813,25.15,249.67,0.0391,0.1500,0.0254,0.1569,0.0020,0.1540,0.0054,0.0205,0.2170,0.0283,0.1828,0.0137,0.2175,0.0147
1785422984.29,14,drive,2,1.0,15.0,40.813,25.15,249.67,0.0376,0.1476,0.0068,0.1500,0.0093,0.1716,0.0039,0.0249,0.2170,0.0318,0.1872,0.0064,0.2175,0.0210
1785422984.38,14,drive,3,1.0,15.0,40.813,25.15,249.67,0.0381,0.1481,0.0176,0.1491,0.0000,0.1628,0.0034,0.0205,0.2141,0.0303,0.1838,0.0078,0.2155,0.0225
1785422985.67,14,drive,0,1.5,15.0,40.813,25.15,249.67,0.0406,0.1447,0.0064,0.1500,0.0166,0.1711,0.0020,0.0308,0.2195,0.0313,0.1848,0.0059,0.2165,0.0083
1785422985.76,14,drive,1,1.5,15.0,40.813,25.15,249.67,0.0420,0.1496,0.0122,0.1559,0.0005,0.1608,0.0078,0.0196,0.2160,0.0283,0.1862,0.0264,0.2199,0.0010
1785422985.86,14,drive,2,1.5,15.0,40.813,25.15,249.67,0.0459,0.1525,0.0132,0.1515,0.0010,0.1672,0.0020,0.0176,0.2229,0.0303,0.1945,0.0093,0.2180,0.0122
1785422985.95,14,drive,3,1.5,15.0,40.813,25.15,249.67,0.0430,0.1491,0.0088,0.1525,0.0015,0.1584,0.0068,0.0161,0.2268,0.0279,0.1833,0.0205,0.2185,0.0034
1785422987.24,14,drive,0,2.0,15.0,40.813,25.15,249.67,0.0396,0.1505,0.0000,0.1491,0.0000,0.1672,0.0034,0.0196,0.2155,0.0298,0.1857,0.0034,0.2190,0.0015
1785422987.33,14,drive,1,2.0,15.0,40.813,25.15,249.67,0.0401,0.1505,0.0000,0.1500,0.0000,0.1667,0.0020,0.0205,0.2141,0.0303,0.1843,0.0010,0.2175,0.0000
1785422987.42,14,drive,2,2.0,15.0,40.813,25.15,249.67,0.0401,0.1505,0.0005,0.1496,0.0000,0.1667,0.0015,0.0196,0.2165,0.0293,0.1867,0.0039,0.2190,0.0000
1785422987.52,14,drive,3,2.0,15.0,40.813,25.15,249.67,0.0411,0.1505,0.0000,0.1520,0.0000,0.1676,0.0020,0.0196,0.2170,0.0298,0.1852,0.0020,0.2175,0.0000
1785422988.81,14,drive,0,2.5,15.0,40.813,25.15,249.67,0.0401,0.1515,0.0000,0.1515,0.0000,0.1667,0.0039,0.0200,0.2170,0.0279,0.1872,0.0044,0.2185,0.0000
1785422988.90,14,drive,1,2.5,15.0,40.813,25.15,249.67,0.0406,0.1510,0.0000,0.1505,0.0000,0.1662,0.0034,0.0196,0.2155,0.0293,0.1848,0.0010,0.2151,0.0000
1785422988.99,14,drive,2,2.5,15.0,40.813,25.15,249.67,0.0401,0.1525,0.0010,0.1491,0.0000,0.1681,0.0034,0.0191,0.2219,0.0298,0.1838,0.0024,0.2190,0.0000
1785422989.09,14,drive,3,2.5,15.0,40.813,25.15,249.67,0.0381,0.1510,0.0000,0.1500,0.0015,0.1672,0.0015,0.0191,0.2160,0.0279,0.1818,0.0029,0.2160,0.0000
1785422990.38,14,drive,0,3.0,15.0,40.813,25.15,249.67,0.0406,0.1535,0.0000,0.1491,0.0005,0.1672,0.0020,0.0181,0.2160,0.0293,0.1852,0.0024,0.2165,0.0000
1785422990.47,14,drive,1,3.0,15.0,40.813,25.15,249.67,0.0381,0.1505,0.0005,0.1510,0.0005,0.1662,0.0054,0.0181,0.2170,0.0308,0.1848,0.0024,0.2180,0.0000
1785422990.57,14,drive,2,3.0,15.0,40.813,25.15,249.67,0.0391,0.1500,0.0000,0.1486,0.0000,0.1657,0.0044,0.0200,0.2185,0.0288,0.1848,0.0020,0.2199,0.0000
1785422990.66,14,drive,3,3.0,15.0,40.813,25.15,249.67,0.0376,0.1496,0.0000,0.1515,0.0000,0.1662,0.0024,0.0200,0.2170,0.0254,0.1862,0.0034,0.2195,0.0000
1785422991.94,14,drive,0,3.5,15.0,40.813,25.15,249.67,0.0391,0.1525,0.0000,0.1505,0.0000,0.1676,0.0015,0.0200,0.2175,0.0269,0.1848,0.0034,0.2185,0.0005
1785422992.04,14,drive,1,3.5,15.0,40.813,25.15,249.67,0.0381,0.1486,0.0000,0.1510,0.0010,0.1676,0.0010,0.0176,0.2170,0.0279,0.1843,0.0029,0.2180,0.0005
1785422992.13,14,drive,2,3.5,15.0,40.813,25.15,249.67,0.0376,0.1530,0.0000,0.1471,0.0000,0.1676,0.0024,0.0186,0.2175,0.0283,0.1848,0.0039,0.2180,0.0000
1785422992.23,14,drive,3,3.5,15.0,40.813,25.15,249.67,0.0381,0.1491,0.0000,0.1520,0.0000,0.1672,0.0029,0.0186,0.2170,0.0283,0.1852,0.0049,0.2170,0.0000
1785422993.51,14,drive,0,4.0,15.0,40.813,25.15,249.67,0.0420,0.1510,0.0000,0.1481,0.0000,0.1667,0.0034,0.0200,0.2165,0.0283,0.1843,0.0029,0.2185,0.0000
1785422993.61,14,drive,1,4.0,15.0,40.813,25.15,249.67,0.0401,0.1505,0.0000,0.1510,0.0015,0.1637,0.0010,0.0181,0.2170,0.0308,0.1852,0.0039,0.2185,0.0000
1785422993.74,14,drive,2,4.0,15.0,40.813,25.15,249.67,0.0391,0.1486,0.0010,0.1481,0.0000,0.1686,0.0024,0.0186,0.2195,0.0288,0.1852,0.0010,0.2199,0.0000
1785422993.84,14,drive,3,4.0,15.0,40.813,25.15,249.67,0.0406,0.1486,0.0000,0.1510,0.0005,0.1681,0.0029,0.0210,0.2151,0.0264,0.1852,0.0049,0.2190,0.0000
1785422995.22,15,base,0,0.0,15.0,40.833,25.14,249.67,0.0406,0.1515,0.0000,0.1500,0.0010,0.1676,0.0024,0.0191,0.2165,0.0323,0.1848,0.0024,0.2175,0.0000
1785422995.31,15,base,1,0.0,15.0,40.833,25.14,249.67,0.0386,0.1535,0.0000,0.1515,0.0005,0.1647,0.0044,0.0191,0.2185,0.0303,0.1857,0.0039,0.2195,0.0000
1785422995.41,15,base,2,0.0,15.0,40.833,25.14,249.67,0.0415,0.1496,0.0000,0.1496,0.0005,0.1691,0.0029,0.0196,0.2175,0.0288,0.1852,0.0034,0.2170,0.0000
1785422995.50,15,base,3,0.0,15.0,40.833,25.14,249.67,0.0420,0.1505,0.0000,0.1510,0.0000,0.1632,0.0020,0.0191,0.2170,0.0298,0.1833,0.0020,0.2165,0.0005
1785422996.79,15,drive,0,0.0,15.0,40.833,25.14,249.67,0.0391,0.1496,0.0000,0.1486,0.0000,0.1667,0.0024,0.0171,0.2185,0.0318,0.1882,0.0034,0.2214,0.0000
1785422996.88,15,drive,1,0.0,15.0,40.833,25.14,249.67,0.0371,0.1500,0.0000,0.1515,0.0117,0.1676,0.0078,0.0171,0.2160,0.0323,0.1848,0.0034,0.2097,0.0024
1785422996.98,15,drive,2,0.0,15.0,40.833,25.14,249.67,0.0396,0.1564,0.0073,0.1422,0.0073,0.1730,0.0078,0.0269,0.2224,0.0337,0.1857,0.0112,0.2195,0.0108
1785422997.07,15,drive,3,0.0,15.0,40.833,25.14,249.67,0.0430,0.1466,0.0088,0.1598,0.0068,0.1574,0.0112,0.0303,0.2038,0.0347,0.1979,0.0122,0.2097,0.0098
1785422998.36,15,drive,0,0.5,15.0,40.833,25.14,249.67,0.0362,0.1486,0.0010,0.1500,0.0015,0.1686,0.0152,0.0215,0.2199,0.0264,0.1843,0.0191,0.2141,0.0000
1785422998.45,15,drive,1,0.5,15.0,40.833,25.14,249.67,0.0362,0.1598,0.0005,0.1481,0.0059,0.1706,0.0200,0.0152,0.2199,0.0293,0.1818,0.0049,0.2170,0.0010
1785422998.55,15,drive,2,0.5,15.0,40.833,25.14,249.67,0.0430,0.1496,0.0083,0.1505,0.0039,0.1647,0.0034,0.0313,0.2170,0.0279,0.1828,0.0059,0.2204,0.0073
1785422998.64,15,drive,3,0.5,15.0,40.833,25.14,249.67,0.0376,0.1491,0.0054,0.1525,0.0020,0.1686,0.0073,0.0205,0.2131,0.0288,0.1833,0.0152,0.2180,0.0005
1785422999.92,15,drive,0,1.0,15.0,40.833,25.14,249.67,0.0264,0.1530,0.0015,0.1608,0.0010,0.1730,0.0117,0.0191,0.2131,0.0269,0.1877,0.0098,0.2224,0.0000
1785423000.02,15,drive,1,1.0,15.0,40.833,25.14,249.67,0.0396,0.1515,0.0029,0.1471,0.0010,0.1750,0.0117,0.0181,0.2170,0.0259,0.1872,0.0108,0.2180,0.0112
1785423000.11,15,drive,2,1.0,15.0,40.833,25.14,249.67,0.0401,0.1569,0.0000,0.1491,0.0073,0.1706,0.0108,0.0186,0.2199,0.0298,0.1916,0.0098,0.2199,0.0015
1785423000.21,15,drive,3,1.0,15.0,40.833,25.14,249.67,0.0386,0.1505,0.0010,0.1510,0.0103,0.1701,0.0171,0.0239,0.2175,0.0230,0.1808,0.0034,0.2258,0.0078
1785423001.49,15,drive,0,1.5,15.0,40.833,25.14,249.67,0.0342,0.1540,0.0034,0.1466,0.0020,0.1637,0.0083,0.0303,0.2146,0.0367,0.1760,0.0127,0.2043,0.0103
1785423001.58,15,drive,1,1.5,15.0,40.833,25.14,249.67,0.0308,0.1432,0.0020,0.1510,0.0078,0.1706,0.0078,0.0249,0.2155,0.0288,0.1857,0.0142,0.2204,0.0044
1785423001.68,15,drive,2,1.5,15.0,40.833,25.14,249.67,0.0401,0.1417,0.0083,0.1540,0.0171,0.1701,0.0044,0.0274,0.2121,0.0283,0.1794,0.0166,0.2146,0.0044
1785423001.77,15,drive,3,1.5,15.0,40.833,25.14,249.67,0.0406,0.1554,0.0034,0.1496,0.0044,0.1662,0.0117,0.0298,0.2180,0.0327,0.1808,0.0108,0.2214,0.0039
1785423003.06,15,drive,0,2.0,15.0,40.833,25.14,249.67,0.0376,0.1569,0.0010,0.1500,0.0054,0.1628,0.0122,0.0210,0.2160,0.0225,0.1906,0.0147,0.2155,0.0005
1785423003.15,15,drive,1,2.0,15.0,40.833,25.14,249.67,0.0337,0.1535,0.0044,0.1496,0.0024,0.1662,0.0152,0.0220,0.2160,0.0283,0.1852,0.0161,0.2160,0.0020
1785423003.25,15,drive,2,2.0,15.0,40.833,25.14,249.67,0.0342,0.1569,0.0098,0.1457,0.0117,0.1711,0.0073,0.0200,0.2209,0.0298,0.1813,0.0152,0.2165,0.0112
1785423003.34,15,drive,3,2.0,15.0,40.833,25.14,249.67,0.0357,0.1447,0.0112,0.1530,0.0068,0.1652,0.0054,0.0249,0.2190,0.0308,0.1774,0.0127,0.2214,0.0073
1785423004.63,15,drive,0,2.5,15.0,40.833,25.14,249.67,0.0318,0.1476,0.0083,0.1505,0.0059,0.1632,0.0088,0.0239,0.2151,0.0230,0.1872,0.0147,0.2165,0.0034
1785423004.72,15,drive,1,2.5,15.0,40.833,25.14,249.67,0.0415,0.1496,0.0015,0.1447,0.0132,0.1701,0.0103,0.0230,0.2219,0.0288,0.1750,0.0073,0.2234,0.0068
1785423004.82,15,drive,2,2.5,15.0,40.833,25.14,249.67,0.0464,0.1500,0.0093,0.1457,0.0039,0.1716,0.0117,0.0191,0.2180,0.0425,0.1813,0.0108,0.2175,0.0064
1785423004.91,15,drive,3,2.5,15.0,40.833,25.14,249.67,0.0450,0.1461,0.0108,0.1461,0.0122,0.1637,0.0059,0.0264,0.2131,0.0293,0.1896,0.0083,0.2190,0.0093
1785423006.20,15,drive,0,3.0,15.0,40.833,25.14,249.67,0.0332,0.1584,0.0029,0.1461,0.0064,0.1676,0.0098,0.0161,0.2224,0.0337,0.1813,0.0098,0.2204,0.0103
1785423006.29,15,drive,1,3.0,15.0,40.833,25.14,249.67,0.0371,0.1535,0.0068,0.1554,0.0029,0.1593,0.0112,0.0244,0.2229,0.0230,0.1862,0.0122,0.2175,0.0073
1785423006.38,15,drive,2,3.0,15.0,40.833,25.14,249.67,0.0455,0.1584,0.0020,0.1569,0.0049,0.1716,0.0088,0.0244,0.2146,0.0283,0.1896,0.0073,0.2199,0.0049
1785423006.48,15,drive,3,3.0,15.0,40.833,25.14,249.67,0.0386,0.1496,0.0059,0.1432,0.0103,0.1662,0.0142,0.0230,0.2146,0.0376,0.1823,0.0034,0.2121,0.0078
1785423007.76,15,drive,0,3.5,15.0,40.833,25.14,249.67,0.0450,0.1520,0.0103,0.1432,0.0049,0.1730,0.0112,0.0171,0.2234,0.0269,0.1852,0.0078,0.2214,0.0068
1785423007.86,15,drive,1,3.5,15.0,40.833,25.14,249.67,0.0406,0.1510,0.0054,0.1413,0.0039,0.1745,0.0112,0.0186,0.2146,0.0318,0.1857,0.0098,0.2195,0.0059
1785423007.95,15,drive,2,3.5,15.0,40.833,25.14,249.67,0.0357,0.1471,0.0015,0.1559,0.0059,0.1711,0.0093,0.0264,0.2131,0.0259,0.1813,0.0132,0.2195,0.0078
1785423008.04,15,drive,3,3.5,15.0,40.833,25.14,249.67,0.0435,0.1505,0.0020,0.1461,0.0054,0.1667,0.0034,0.0225,0.2234,0.0308,0.1843,0.0156,0.2136,0.0049
1785423009.33,15,drive,0,4.0,15.0,40.833,25.14,249.67,0.0332,0.1525,0.0083,0.1549,0.0078,0.1745,0.0039,0.0181,0.2199,0.0283,0.1921,0.0093,0.2160,0.0132
1785423009.42,15,drive,1,4.0,15.0,40.833,25.14,249.67,0.0308,0.1544,0.0000,0.1427,0.0010,0.1686,0.0186,0.0171,0.2180,0.0264,0.1838,0.0181,0.2092,0.0015
1785423009.52,15,drive,2,4.0,15.0,40.833,25.14,249.67,0.0401,0.1564,0.0093,0.1510,0.0015,0.1593,0.0029,0.0327,0.2175,0.0308,0.1764,0.0068,0.2190,0.0073
1785423009.61,15,drive,3,4.0,15.0,40.833,25.14,249.67,0.0401,0.1496,0.0049,0.1510,0.0010,0.1794,0.0015,0.0181,0.2067,0.0288,0.1891,0.0073,0.2209,0.0024
1785423010.97,17,base,0,0.0,15.0,40.853,25.14,249.67,0.0406,0.1466,0.0083,0.1515,0.0186,0.1667,0.0020,0.0332,0.2175,0.0288,0.1760,0.0068,0.2190,0.0171
1785423011.06,17,base,1,0.0,15.0,40.853,25.14,249.67,0.0411,0.1486,0.0210,0.1505,0.0015,0.1725,0.0064,0.0186,0.2111,0.0293,0.1867,0.0176,0.2155,0.0098
1785423011.16,17,base,2,0.0,15.0,40.853,25.14,249.67,0.0381,0.1505,0.0098,0.1510,0.0078,0.1691,0.0049,0.0279,0.2199,0.0274,0.1872,0.0073,0.2175,0.0210
1785423011.25,17,base,3,0.0,15.0,40.853,25.14,249.67,0.0401,0.1481,0.0152,0.1515,0.0059,0.1676,0.0054,0.0283,0.2165,0.0303,0.1823,0.0073,0.2170,0.0186
1785423012.54,17,drive,0,0.0,15.0,40.853,25.14,249.67,0.0415,0.1471,0.0010,0.1466,0.0064,0.1642,0.0283,0.0196,0.2180,0.0401,0.1877,0.0068,0.2131,0.0015
1785423012.63,17,drive,1,0.0,15.0,40.853,25.14,249.67,0.0425,0.1481,0.0000,0.1403,0.0029,0.1652,0.0244,0.0210,0.2185,0.0323,0.1877,0.0117,0.2146,0.0005
1785423012.72,17,drive,2,0.0,15.0,40.853,25.14,249.67,0.0401,0.1491,0.0186,0.1486,0.0000,0.1598,0.0049,0.0220,0.2141,0.0264,0.1813,0.0103,0.2175,0.0264
1785423012.82,17,drive,3,0.0,15.0,40.853,25.14,249.67,0.0440,0.1496,0.0015,0.1486,0.0064,0.1657,0.0264,0.0200,0.2180,0.0381,0.1862,0.0098,0.2136,0.0010
1785423014.10,17,drive,0,0.5,15.0,40.853,25.14,249.67,0.0371,0.1481,0.0000,0.1500,0.0000,0.1686,0.0029,0.0186,0.2170,0.0288,0.1867,0.0034,0.2199,0.0000
1785423014.20,17,drive,1,0.5,15.0,40.853,25.14,249.67,0.0386,0.1496,0.0000,0.1515,0.0000,0.1662,0.0024,0.0200,0.2170,0.0293,0.1862,0.0044,0.2180,0.0000
1785423014.29,17,drive,2,0.5,15.0,40.853,25.14,249.67,0.0411,0.1491,0.0000,0.1520,0.0005,0.1676,0.0029,0.0200,0.2175,0.0274,0.1862,0.0044,0.2170,0.0000
1785423014.39,17,drive,3,0.5,15.0,40.853,25.14,249.67,0.0406,0.1530,0.0000,0.1471,0.0005,0.1672,0.0034,0.0196,0.2180,0.0288,0.1872,0.0024,0.2175,0.0000
1785423015.67,17,drive,0,1.0,15.0,40.853,25.14,249.67,0.0411,0.1510,0.0000,0.1491,0.0000,0.1696,0.0034,0.0200,0.2146,0.0303,0.1857,0.0029,0.2155,0.0000
1785423015.76,17,drive,1,1.0,15.0,40.853,25.14,249.67,0.0371,0.1481,0.0000,0.1496,0.0000,0.1691,0.0015,0.0196,0.2155,0.0303,0.1843,0.0039,0.2199,0.0000
1785423015.86,17,drive,2,1.0,15.0,40.853,25.14,249.67,0.0401,0.1491,0.0000,0.1530,0.0000,0.1667,0.0034,0.0196,0.2170,0.0279,0.1852,0.0024,0.2175,0.0000
1785423015.95,17,drive,3,1.0,15.0,40.853,25.14,249.67,0.0371,0.1505,0.0000,0.1466,0.0000,0.1662,0.0020,0.0210,0.2199,0.0293,0.1838,0.0024,0.2190,0.0000
1785423017.24,17,drive,0,1.5,15.0,40.853,25.14,249.67,0.0411,0.1476,0.0000,0.1535,0.0005,0.1652,0.0020,0.0191,0.2185,0.0264,0.1872,0.0010,0.2204,0.0005
1785423017.33,17,drive,1,1.5,15.0,40.853,25.14,249.67,0.0406,0.1510,0.0005,0.1496,0.0005,0.1657,0.0024,0.0205,0.2195,0.0279,0.1852,0.0044,0.2155,0.0000
1785423017.43,17,drive,2,1.5,15.0,40.853,25.14,249.67,0.0367,0.1515,0.0000,0.1525,0.0010,0.1652,0.0024,0.0210,0.2190,0.0298,0.1833,0.0024,0.2199,0.0000
1785423017.52,17,drive,3,1.5,15.0,40.853,25.14,249.67,0.0411,0.1535,0.0000,0.1491,0.0010,0.1672,0.0020,0.0210,0.2170,0.0279,0.1857,0.0034,0.2155,0.0000
1785423018.80,17,drive,0,2.0,15.0,40.853,25.14,249.67,0.0371,0.1496,0.0000,0.1505,0.0000,0.1667,0.0024,0.0200,0.2180,0.0313,0.1872,0.0054,0.2195,0.0000
1785423018.90,17,drive,1,2.0,15.0,40.853,25.14,249.67,0.0401,0.1510,0.0000,0.1500,0.0000,0.1672,0.0044,0.0191,0.2165,0.0293,0.1862,0.0005,0.2170,0.0000
1785423018.99,17,drive,2,2.0,15.0,40.853,25.14,249.67,0.0342,0.1530,0.0000,0.1510,0.0000,0.1662,0.0024,0.0176,0.2175,0.0288,0.1862,0.0064,0.2165,0.0015
1785423019.09,17,drive,3,2.0,15.0,40.853,25.14,249.67,0.0401,0.1496,0.0000,0.1491,0.0000,0.1667,0.0024,0.0205,0.2185,0.0279,0.1862,0.0029,0.2190,0.0000
1785423020.37,17,drive,0,2.5,15.0,40.853,25.14,249.67,0.0406,0.1500,0.0000,0.1515,0.0000,0.1667,0.0024,0.0191,0.2170,0.0279,0.1838,0.0039,0.2165,0.0005
1785423020.47,17,drive,1,2.5,15.0,40.853,25.14,249.67,0.0406,0.1515,0.0005,0.1510,0.0000,0.1657,0.0024,0.0191,0.2190,0.0283,0.1857,0.0020,0.2170,0.0000
1785423020.56,17,drive,2,2.5,15.0,40.853,25.14,249.67,0.0435,0.1491,0.0005,0.1496,0.0000,0.1681,0.0020,0.0181,0.2199,0.0313,0.1848,0.0039,0.2175,0.0015
1785423020.65,17,drive,3,2.5,15.0,40.853,25.14,249.67,0.0406,0.1535,0.0000,0.1486,0.0005,0.1652,0.0034,0.0200,0.2170,0.0293,0.1843,0.0034,0.2204,0.0005
1785423021.94,17,drive,0,3.0,15.0,40.853,25.14,249.67,0.0371,0.1515,0.0005,0.1452,0.0000,0.1691,0.0044,0.0210,0.2175,0.0298,0.1833,0.0059,0.2199,0.0005
1785423022.03,17,drive,1,3.0,15.0,40.853,25.14,249.67,0.0386,0.1525,0.0000,0.1496,0.0000,0.1662,0.0034,0.0176,0.2180,0.0293,0.1877,0.0024,0.2199,0.0000
1785423022.13,17,drive,2,3.0,15.0,40.853,25.14,249.67,0.0376,0.1510,0.0005,0.1510,0.0000,0.1686,0.0024,0.0191,0.2209,0.0283,0.1838,0.0059,0.2204,0.0000
1785423022.22,17,drive,3,3.0,15.0,40.853,25.14,249.67,0.0406,0.1520,0.0000,0.1496,0.0000,0.1686,0.0034,0.0196,0.2175,0.0303,0.1877,0.0020,0.2190,0.0005
1785423023.51,17,drive,0,3.5,15.0,40.853,25.14,249.67,0.0411,0.1505,0.0005,0.1496,0.0010,0.1647,0.0020,0.0196,0.2170,0.0279,0.1852,0.0024,0.2180,0.0000
1785423023.60,17,drive,1,3.5,15.0,40.853,25.14,249.67,0.0396,0.1559,0.0005,0.1471,0.0000,0.1672,0.0020,0.0225,0.2155,0.0288,0.1882,0.0034,0.2170,0.0005
1785423023.69,17,drive,2,3.5,15.0,40.853,25.14,249.67,0.0396,0.1535,0.0000,0.1496,0.0010,0.1662,0.0024,0.0200,0.2180,0.0283,0.1872,0.0054,0.2151,0.0000
1785423023.79,17,drive,3,3.5,15.0,40.853,25.14,249.67,0.0425,0.1486,0.0000,0.1510,0.0000,0.1662,0.0010,0.0186,0.2180,0.0308,0.1862,0.0039,0.2175,0.0000
1785423025.08,17,drive,0,4.0,15.0,40.853,25.14,249.67,0.0396,0.1544,0.0000,0.1500,0.0005,0.1647,0.0039,0.0230,0.2170,0.0293,0.1823,0.0029,0.2180,0.0005
1785423025.17,17,drive,1,4.0,15.0,40.853,25.14,249.67,0.0386,0.1500,0.0010,0.1486,0.0000,0.1652,0.0020,0.0220,0.2190,0.0283,0.1852,0.0029,0.2185,0.0005
1785423025.26,17,drive,2,4.0,15.0,40.853,25.14,249.67,0.0406,0.1500,0.0000,0.1500,0.0000,0.1667,0.0024,0.0186,0.2199,0.0298,0.1872,0.0020,0.2204,0.0000
1785423025.36,17,drive,3,4.0,15.0,40.853,25.14,249.67,0.0386,0.1535,0.0000,0.1505,0.0005,0.1681,0.0034,0.0230,0.2185,0.0283,0.1862,0.0044,0.2165,0.0000
1785423026.72,18,base,0,0.0,15.0,40.793,25.14,249.67,0.0371,0.1510,0.0000,0.1466,0.0010,0.1672,0.0024,0.0196,0.2180,0.0283,0.1852,0.0044,0.2180,0.0000
1785423026.82,18,base,1,0.0,15.0,40.793,25.14,249.67,0.0386,0.1515,0.0000,0.1491,0.0005,0.1652,0.0034,0.0205,0.2195,0.0298,0.1872,0.0059,0.2170,0.0000
1785423026.91,18,base,2,0.0,15.0,40.793,25.14,249.67,0.0386,0.1491,0.0000,0.1496,0.0000,0.1667,0.0020,0.0171,0.2165,0.0293,0.1843,0.0034,0.2175,0.0000
1785423027.00,18,base,3,0.0,15.0,40.793,25.14,249.67,0.0411,0.1505,0.0000,0.1491,0.0005,0.1667,0.0039,0.0200,0.2170,0.0298,0.1877,0.0039,0.2175,0.0005
1785423028.29,18,drive,0,0.0,15.0,40.793,25.14,249.67,0.0376,0.1510,0.0005,0.1496,0.0000,0.1676,0.0020,0.0200,0.2209,0.0293,0.1857,0.0024,0.2209,0.0005
1785423028.38,18,drive,1,0.0,15.0,40.793,25.14,249.67,0.0415,0.1481,0.0000,0.1525,0.0000,0.1657,0.0020,0.0176,0.2155,0.0293,0.1848,0.0034,0.2180,0.0000
1785423028.48,18,drive,2,0.0,15.0,40.793,25.14,249.67,0.0411,0.1530,0.0000,0.1500,0.0010,0.1662,0.0010,0.0200,0.2155,0.0298,0.1843,0.0054,0.2151,0.0000
1785423028.57,18,drive,3,0.0,15.0,40.793,25.14,249.67,0.0406,0.1535,0.0000,0.1476,0.0000,0.1667,0.0034,0.0196,0.2185,0.0288,0.1852,0.0029,0.2146,0.0000
1785423029.86,18,drive,0,0.5,15.0,40.793,25.14,249.67,0.0391,0.1496,0.0000,0.1461,0.0000,0.1667,0.0020,0.0210,0.2175,0.0283,0.1867,0.0029,0.2199,0.0000
1785423029.96,18,drive,1,0.5,15.0,40.793,25.14,249.67,0.0391,0.1471,0.0005,0.1481,0.0000,0.1662,0.0039,0.0205,0.2204,0.0313,0.1862,0.0029,0.2170,0.0000
1785423030.05,18,drive,2,0.5,15.0,40.793,25.14,249.67,0.0391,0.1515,0.0000,0.1505,0.0005,0.1667,0.0020,0.0166,0.2199,0.0274,0.1862,0.0029,0.2195,0.0000
1785423030.14,18,drive,3,0.5,15.0,40.793,25.14,249.67,0.0401,0.1481,0.0000,0.1496,0.0000,0.1676,0.0034,0.0205,0.2180,0.0313,0.1872,0.0039,0.2175,0.0000
1785423031.43,18,drive,0,1.0,15.0,40.793,25.14,249.67,0.0381,0.1515,0.0000,0.1515,0.0005,0.1642,0.0034,0.0200,0.2165,0.0254,0.1852,0.0020,0.2204,0.0000
1785423031.52,18,drive,1,1.0,15.0,40.793,25.14,249.67,0.0376,0.1505,0.0005,0.1500,0.0000,0.1657,0.0010,0.0205,0.2185,0.0283,0.1833,0.0024,0.2195,0.0000
1785423031.62,18,drive,2,1.0,15.0,40.793,25.14,249.67,0.0396,0.1491,0.0000,0.1486,0.0005,0.1647,0.0010,0.0200,0.2195,0.0279,0.1848,0.0029,0.2180,0.0000
1785423031.71,18,drive,3,1.0,15.0,40.793,25.14,249.67,0.0430,0.1491,0.0000,0.1500,0.0005,0.1652,0.0024,0.0200,0.2185,0.0288,0.1877,0.0039,0.2180,0.0000
1785423033.00,18,drive,0,1.5,15.0,40.793,25.14,249.67,0.0391,0.1530,0.0000,0.1515,0.0000,0.1652,0.0015,0.0220,0.2209,0.0303,0.1862,0.0039,0.2170,0.0000
1785423033.09,18,drive,1,1.5,15.0,40.793,25.14,249.67,0.0381,0.1505,0.0000,0.1491,0.0000,0.1652,0.0024,0.0200,0.2214,0.0298,0.1843,0.0044,0.2185,0.0000
1785423033.19,18,drive,2,1.5,15.0,40.793,25.14,249.67,0.0401,0.1466,0.0000,0.1496,0.0000,0.1672,0.0020,0.0196,0.2175,0.0303,0.1882,0.0039,0.2151,0.0000
1785423033.28,18,drive,3,1.5,15.0,40.793,25.14,249.67,0.0396,0.1486,0.0005,0.1520,0.0000,0.1662,0.0010,0.0196,0.2185,0.0274,0.1852,0.0034,0.2190,0.0005
1785423034.56,18,drive,0,2.0,15.0,40.793,25.14,249.67,0.0391,0.1520,0.0000,0.1505,0.0005,0.1667,0.0020,0.0176,0.2180,0.0288,0.1862,0.0044,0.2195,0.0005
1785423034.66,18,drive,1,2.0,15.0,40.793,25.14,249.67,0.0371,0.1510,0.0010,0.1491,0.0000,0.1632,0.0015,0.0215,0.2175,0.0283,0.1867,0.0029,0.2165,0.0005
1785423034.75,18,drive,2,2.0,15.0,40.793,25.14,249.67,0.0371,0.1496,0.0005,0.1515,0.0000,0.1657,0.0024,0.0215,0.2180,0.0288,0.1887,0.0039,0.2214,0.0005
1785423034.85,18,drive,3,2.0,15.0,40.793,25.14,249.67,0.0391,0.1510,0.0000,0.1505,0.0010,0.1662,0.0015,0.0215,0.2170,0.0288,0.1848,0.0044,0.2204,0.0000
1785423036.13,18,drive,0,2.5,15.0,40.793,25.14,249.67,0.0391,0.1505,0.0000,0.1486,0.0005,0.1662,0.0020,0.0181,0.2175,0.0269,0.1857,0.0034,0.2160,0.0000
1785423036.23,18,drive,1,2.5,15.0,40.793,25.14,249.67,0.0386,0.1500,0.0000,0.1510,0.0005,0.1681,0.0024,0.0205,0.2195,0.0298,0.1843,0.0039,0.2204,0.0005
1785423036.32,18,drive,2,2.5,15.0,40.793,25.14,249.67,0.0386,0.1520,0.0005,0.1491,0.0000,0.1642,0.0024,0.0210,0.2180,0.0308,0.1872,0.0034,0.2195,0.0000
1785423036.42,18,drive,3,2.5,15.0,40.793,25.14,249.67,0.0406,0.1515,0.0010,0.1500,0.0000,0.1657,0.0010,0.0205,0.2204,0.0293,0.1848,0.0034,0.2190,0.0000
1785423037.70,18,drive,0,3.0,15.0,40.793,25.14,249.67,0.0396,0.1515,0.0000,0.1491,0.0000,0.1667,0.0020,0.0196,0.2199,0.0293,0.1862,0.0029,0.2195,0.0010
1785423037.80,18,drive,1,3.0,15.0,40.793,25.14,249.67,0.0406,0.1500,0.0000,0.1471,0.0000,0.1676,0.0010,0.0210,0.2175,0.0269,0.1891,0.0034,0.2155,0.0000
1785423037.89,18,drive,2,3.0,15.0,40.793,25.14,249.67,0.0381,0.1520,0.0000,0.1525,0.0000,0.1647,0.0020,0.0244,0.2180,0.0303,0.1867,0.0054,0.2195,0.0000
1785423037.98,18,drive,3,3.0,15.0,40.793,25.14,249.67,0.0401,0.1510,0.0000,0.1491,0.0000,0.1667,0.0034,0.0210,0.2185,0.0283,0.1843,0.0034,0.2185,0.0000
1785423039.27,18,drive,0,3.5,15.0,40.793,25.14,249.67,0.0440,0.1520,0.0000,0.1491,0.0005,0.1701,0.0024,0.0200,0.2180,0.0298,0.1838,0.0039,0.2170,0.0000
1785423039.37,18,drive,1,3.5,15.0,40.793,25.14,249.67,0.0391,0.1491,0.0005,0.1491,0.0015,0.1657,0.0024,0.0220,0.2175,0.0279,0.1887,0.0049,0.2175,0.0005
1785423039.46,18,drive,2,3.5,15.0,40.793,25.14,249.67,0.0391,0.1500,0.0000,0.1496,0.0005,0.1691,0.0054,0.0161,0.2180,0.0298,0.1867,0.0034,0.2190,0.0000
1785423039.55,18,drive,3,3.5,15.0,40.793,25.14,249.67,0.0406,0.1520,0.0000,0.1525,0.0000,0.1657,0.0029,0.0225,0.2170,0.0264,0.1857,0.0054,0.2151,0.0000
1785423040.84,18,drive,0,4.0,15.0,40.793,25.14,249.67,0.0352,0.1535,0.0000,0.1496,0.0005,0.1676,0.0029,0.0215,0.2214,0.0274,0.1862,0.0044,0.2185,0.0000
1785423040.94,18,drive,1,4.0,15.0,40.793,25.14,249.67,0.0391,0.1481,0.0010,0.1496,0.0000,0.1672,0.0024,0.0191,0.2185,0.0283,0.1838,0.0054,0.2170,0.0000
1785423041.03,18,drive,2,4.0,15.0,40.793,25.14,249.67,0.0381,0.1486,0.0005,0.1515,0.0010,0.1662,0.0015,0.0191,0.2175,0.0283,0.1867,0.0039,0.2180,0.0005
1785423041.13,18,drive,3,4.0,15.0,40.793,25.14,249.67,0.0420,0.1500,0.0000,0.1500,0.0010,0.1667,0.0034,0.0171,0.2165,0.0303,0.1857,0.0044,0.2160,0.0020
1785423042.53,19,base,0,0.0,15.0,40.813,25.14,249.67,0.0386,0.1496,0.0005,0.1530,0.0010,0.1667,0.0029,0.0191,0.2165,0.0269,0.1857,0.0034,0.2204,0.0000
1785423042.63,19,base,1,0.0,15.0,40.813,25.14,249.67,0.0401,0.1510,0.0000,0.1510,0.0000,0.1672,0.0015,0.0215,0.2190,0.0274,0.1833,0.0029,0.2199,0.0000
1785423042.72,19,base,2,0.0,15.0,40.813,25.14,249.67,0.0406,0.1540,0.0000,0.1510,0.0005,0.1667,0.0029,0.0161,0.2175,0.0288,0.1857,0.0044,0.2190,0.0005
1785423042.82,19,base,3,0.0,15.0,40.813,25.14,249.67,0.0406,0.1481,0.0000,0.1481,0.0000,0.1657,0.0020,0.0220,0.2195,0.0313,0.1852,0.0068,0.2190,0.0000
1785423044.10,19,drive,0,0.0,15.0,40.813,25.14,249.67,0.0406,0.1510,0.0005,0.1505,0.0000,0.1672,0.0024,0.0200,0.2165,0.0293,0.1867,0.0029,0.2190,0.0000
1785423044.19,19,drive,1,0.0,15.0,40.813,25.14,249.67,0.0381,0.1525,0.0005,0.1491,0.0000,0.1691,0.0029,0.0230,0.2160,0.0303,0.1852,0.0024,0.2170,0.0000
1785423044.29,19,drive,2,0.0,15.0,40.813,25.14,249.67,0.0386,0.1500,0.0000,0.1500,0.0000,0.1647,0.0024,0.0220,0.2160,0.0288,0.1882,0.0029,0.2209,0.0005
1785423044.38,19,drive,3,0.0,15.0,40.813,25.14,249.67,0.0357,0.1491,0.0010,0.1476,0.0000,0.1662,0.0024,0.0200,0.2190,0.0288,0.1843,0.0059,0.2204,0.0000
1785423045.67,19,drive,0,0.5,15.0,40.813,25.14,249.67,0.0435,0.1496,0.0000,0.1481,0.0005,0.1667,0.0039,0.0205,0.2199,0.0303,0.1872,0.0029,0.2185,0.0005
1785423045.76,19,drive,1,0.5,15.0,40.813,25.14,249.67,0.0376,0.1500,0.0000,0.1500,0.0005,0.1632,0.0020,0.0210,0.2224,0.0279,0.1882,0.0029,0.2175,0.0005
1785423045.86,19,drive,2,0.5,15.0,40.813,25.14,249.67,0.0401,0.1476,0.0000,0.1500,0.0005,0.1647,0.0015,0.0220,0.2195,0.0283,0.1877,0.0029,0.2199,0.0000
1785423045.96,19,drive,3,0.5,15.0,40.813,25.14,249.67,0.0401,0.1510,0.0000,0.1515,0.0010,0.1667,0.0024,0.0200,0.2175,0.0293,0.1872,0.0015,0.2180,0.0000
1785423047.24,19,drive,0,1.0,15.0,40.813,25.14,249.67,0.0411,0.1500,0.0000,0.1486,0.0010,0.1588,0.0015,0.0215,0.2204,0.0269,0.1887,0.0024,0.2180,0.0000
1785423047.33,19,drive,1,1.0,15.0,40.813,25.14,249.67,0.0401,0.1520,0.0000,0.1476,0.0005,0.1608,0.0015,0.0215,0.2214,0.0283,0.1911,0.0044,0.2180,0.0005
1785423047.43,19,drive,2,1.0,15.0,40.813,25.14,249.67,0.0396,0.1515,0.0005,0.1491,0.0010,0.1598,0.0015,0.0176,0.2195,0.0274,0.1911,0.0024,0.2160,0.0005
1785423047.52,19,drive,3,1.0,15.0,40.813,25.14,249.67,0.0396,0.1466,0.0000,0.1500,0.0000,0.1608,0.0020,0.0215,0.2209,0.0293,0.1901,0.0029,0.2190,0.0005
1785423048.81,19,drive,0,1.5,15.0,40.813,25.14,249.67,0.0459,0.1510,0.0000,0.1427,0.0005,0.1544,0.0029,0.0161,0.2209,0.0249,0.1989,0.0010,0.2136,0.0005
1785423048.90,19,drive,1,1.5,15.0,40.813,25.14,249.67,0.0425,0.1505,0.0000,0.1457,0.0005,0.1510,0.0015,0.0191,0.2253,0.0244,0.2028,0.0015,0.2155,0.0000
1785423049.00,19,drive,2,1.5,15.0,40.813,25.14,249.67,0.0401,0.1476,0.0000,0.1461,0.0000,0.1510,0.0010,0.0196,0.2229,0.0264,0.2009,0.0029,0.2146,0.0005
1785423049.09,19,drive,3,1.5,15.0,40.813,25.14,249.67,0.0396,0.1525,0.0000,0.1476,0.0000,0.1491,0.0010,0.0181,0.2219,0.0230,0.1965,0.0024,0.2146,0.0010
1785423050.38,19,drive,0,2.0,15.0,40.813,25.14,249.67,0.0411,0.1500,0.0000,0.1427,0.0005,0.1413,0.0000,0.0112,0.2204,0.0161,0.2072,0.0005,0.2121,0.0010
1785423050.47,19,drive,1,2.0,15.0,40.813,25.14,249.67,0.0425,0.1540,0.0000,0.1427,0.0005,0.1378,0.0015,0.0132,0.2195,0.0152,0.2082,0.0034,0.2116,0.0000
1785423050.57,19,drive,2,2.0,15.0,40.813,25.14,249.67,0.0396,0.1525,0.0000,0.1447,0.0015,0.1393,0.0000,0.0122,0.2170,0.0176,0.2038,0.0000,0.2111,0.0000
1785423050.66,19,drive,3,2.0,15.0,40.813,25.14,249.67,0.0430,0.1500,0.0000,0.1447,0.0005,0.1393,0.0029,0.0152,0.2190,0.0156,0.2072,0.0005,0.2102,0.0000
1785423051.94,19,drive,0,2.5,15.0,40.813,25.14,249.67,0.0450,0.1584,0.0005,0.1422,0.0005,0.1393,0.0015,0.0015,0.2126,0.0039,0.2082,0.0010,0.2121,0.0000
1785423052.04,19,drive,1,2.5,15.0,40.813,25.14,249.67,0.0440,0.1554,0.0000,0.1432,0.0000,0.1359,0.0005,0.0029,0.2155,0.0054,0.2111,0.0010,0.2097,0.0000
1785423052.13,19,drive,2,2.5,15.0,40.813,25.14,249.67,0.0440,0.1544,0.0010,0.1437,0.0005,0.1432,0.0015,0.0020,0.2131,0.0029,0.2092,0.0005,0.2111,0.0024
1785423052.23,19,drive,3,2.5,15.0,40.813,25.14,249.67,0.0435,0.1554,0.0000,0.1452,0.0005,0.1432,0.0000,0.0024,0.2131,0.0049,0.2058,0.0015,0.2121,0.0015
1785423053.51,19,drive,0,3.0,15.0,40.813,25.14,249.67,0.0440,0.1579,0.0000,0.1442,0.0010,0.1598,0.0010,0.0010,0.1994,0.0000,0.1999,0.0005,0.2111,0.0000
1785423053.61,19,drive,1,3.0,15.0,40.813,25.14,249.67,0.0420,0.1603,0.0000,0.1432,0.0000,0.1588,0.0005,0.0000,0.1955,0.0005,0.2014,0.0005,0.2136,0.0000
1785423053.70,19,drive,2,3.0,15.0,40.813,25.14,249.67,0.0445,0.1588,0.0005,0.1437,0.0010,0.1603,0.0005,0.0000,0.1950,0.0000,0.2019,0.0024,0.2131,0.0005
1785423053.80,19,drive,3,3.0,15.0,40.813,25.14,249.67,0.0440,0.1579,0.0005,0.1442,0.0000,0.1608,0.0005,0.0010,0.1970,0.0000,0.2009,0.0015,0.2136,0.0005
1785423055.09,19,drive,0,3.5,15.0,40.813,25.14,249.67,0.0479,0.1623,0.0005,0.1530,0.0000,0.1799,0.0015,0.0005,0.1901,0.0073,0.1818,0.0039,0.2175,0.0000
1785423055.18,19,drive,1,3.5,15.0,40.813,25.14,249.67,0.0440,0.1613,0.0000,0.1500,0.0000,0.1808,0.0015,0.0034,0.1906,0.0068,0.1784,0.0049,0.2170,0.0005
1785423055.28,19,drive,2,3.5,15.0,40.813,25.14,249.67,0.0464,0.1584,0.0005,0.1510,0.0000,0.1774,0.0020,0.0015,0.1911,0.0093,0.1818,0.0020,0.2165,0.0005
1785423055.37,19,drive,3,3.5,15.0,40.813,25.14,249.67,0.0450,0.1554,0.0010,0.1500,0.0000,0.1779,0.0015,0.0005,0.1891,0.0073,0.1804,0.0064,0.2155,0.0000
1785423056.66,19,drive,0,4.0,15.0,40.813,25.14,249.67,0.0455,0.1574,0.0000,0.1564,0.0000,0.1818,0.0039,0.0103,0.2077,0.0293,0.1799,0.0059,0.2160,0.0000
1785423056.75,19,drive,1,4.0,15.0,40.813,25.14,249.67,0.0464,0.1584,0.0000,0.1544,0.0000,0.1808,0.0064,0.0147,0.2092,0.0264,0.1784,0.0064,0.2160,0.0005
1785423056.85,19,drive,2,4.0,15.0,40.813,25.14,249.67,0.0450,0.1588,0.0000,0.1549,0.0000,0.1818,0.0034,0.0112,0.2087,0.0274,0.1784,0.0064,0.2160,0.0000
1785423056.94,19,drive,3,4.0,15.0,40.813,25.14,249.67,0.0484,0.1579,0.0000,0.1554,0.0010,0.1804,0.0029,0.0127,0.2063,0.0288,0.1784,0.0064,0.2170,0.0005
1785423058.30,22,base,0,0.0,15.0,40.773,25.14,249.68,0.0425,0.1505,0.0000,0.1505,0.0000,0.1672,0.0029,0.0181,0.2160,0.0274,0.1857,0.0024,0.2160,0.0000
1785423058.40,22,base,1,0.0,15.0,40.773,25.14,249.68,0.0391,0.1476,0.0000,0.1510,0.0000,0.1672,0.0034,0.0191,0.2175,0.0303,0.1848,0.0024,0.2175,0.0020
1785423058.49,22,base,2,0.0,15.0,40.773,25.14,249.68,0.0362,0.1500,0.0000,0.1515,0.0000,0.1672,0.0015,0.0196,0.2204,0.0308,0.1828,0.0029,0.2170,0.0000
1785423058.58,22,base,3,0.0,15.0,40.773,25.14,249.68,0.0386,0.1500,0.0000,0.1500,0.0000,0.1652,0.0034,0.0210,0.2185,0.0288,0.1867,0.0034,0.2199,0.0000
1785423059.87,22,drive,0,0.0,15.0,40.773,25.14,249.68,0.0425,0.1505,0.0000,0.1525,0.0010,0.1672,0.0020,0.0191,0.2165,0.0298,0.1833,0.0044,0.2175,0.0005
1785423059.96,22,drive,1,0.0,15.0,40.773,25.14,249.68,0.0415,0.1520,0.0000,0.1505,0.0000,0.1686,0.0029,0.0210,0.2146,0.0288,0.1843,0.0034,0.2155,0.0000
1785423060.06,22,drive,2,0.0,15.0,40.773,25.14,249.68,0.0411,0.1525,0.0000,0.1515,0.0010,0.1686,0.0034,0.0176,0.2190,0.0293,0.1862,0.0020,0.2180,0.0000
1785423060.15,22,drive,3,0.0,15.0,40.773,25.14,249.68,0.0391,0.1515,0.0000,0.1500,0.0005,0.1637,0.0015,0.0191,0.2170,0.0254,0.1852,0.0034,0.2175,0.0000
1785423061.44,22,drive,0,0.5,15.0,40.773,25.14,249.68,0.0401,0.1476,0.0000,0.1505,0.0005,0.1662,0.0029,0.0191,0.2170,0.0293,0.1872,0.0034,0.2209,0.0000
1785423061.53,22,drive,1,0.5,15.0,40.773,25.14,249.68,0.0420,0.1520,0.0000,0.1515,0.0000,0.1672,0.0015,0.0181,0.2165,0.0274,0.1882,0.0039,0.2175,0.0000
1785423061.62,22,drive,2,0.5,15.0,40.773,25.14,249.68,0.0391,0.1481,0.0000,0.1500,0.0000,0.1657,0.0020,0.0186,0.2165,0.0283,0.1852,0.0029,0.2170,0.0000
1785423061.72,22,drive,3,0.5,15.0,40.773,25.14,249.68,0.0386,0.1510,0.0000,0.1505,0.0000,0.1672,0.0020,0.0171,0.2219,0.0279,0.1857,0.0039,0.2190,0.0000
1785423063.00,22,drive,0,1.0,15.0,40.773,25.14,249.68,0.0420,0.1496,0.0000,0.1554,0.0000,0.1657,0.0024,0.0142,0.2199,0.0220,0.1872,0.0034,0.2195,0.0000
1785423063.10,22,drive,1,1.0,15.0,40.773,25.14,249.68,0.0440,0.1500,0.0005,0.1540,0.0000,0.1632,0.0029,0.0152,0.2185,0.0249,0.1901,0.0059,0.2180,0.0000
1785423063.19,22,drive,2,1.0,15.0,40.773,25.14,249.68,0.0435,0.1505,0.0000,0.1569,0.0015,0.1662,0.0020,0.0132,0.2209,0.0274,0.1867,0.0034,0.2170,0.0000
1785423063.28,22,drive,3,1.0,15.0,40.773,25.14,249.68,0.0396,0.1505,0.0005,0.1505,0.0000,0.1647,0.0029,0.0181,0.2185,0.0259,0.1872,0.0054,0.2175,0.0000
1785423064.57,22,drive,0,1.5,15.0,40.773,25.14,249.68,0.0425,0.1505,0.0000,0.1549,0.0010,0.1608,0.0029,0.0073,0.2199,0.0235,0.1857,0.0083,0.2170,0.0000
1785423064.66,22,drive,1,1.5,15.0,40.773,25.14,249.68,0.0406,0.1525,0.0000,0.1559,0.0015,0.1608,0.0039,0.0059,0.2165,0.0205,0.1921,0.0059,0.2170,0.0005
1785423064.76,22,drive,2,1.5,15.0,40.773,25.14,249.68,0.0362,0.1476,0.0000,0.1574,0.0005,0.1623,0.0024,0.0054,0.2190,0.0200,0.1891,0.0024,0.2180,0.0005
1785423064.85,22,drive,3,1.5,15.0,40.773,25.14,249.68,0.0411,0.1500,0.0000,0.1530,0.0020,0.1608,0.0020,0.0054,0.2190,0.0205,0.1867,0.0064,0.2190,0.0005
1785423066.14,22,drive,0,2.0,15.0,40.773,25.14,249.68,0.0415,0.1525,0.0000,0.1549,0.0024,0.1579,0.0015,0.0010,0.2107,0.0166,0.1891,0.0044,0.2155,0.0005
1785423066.24,22,drive,1,2.0,15.0,40.773,25.14,249.68,0.0396,0.1500,0.0000,0.1540,0.0024,0.1574,0.0024,0.0000,0.2111,0.0166,0.1906,0.0059,0.2151,0.0005
1785423066.33,22,drive,2,2.0,15.0,40.773,25.14,249.68,0.0430,0.1515,0.0015,0.1549,0.0024,0.1584,0.0005,0.0000,0.2077,0.0166,0.1867,0.0039,0.2151,0.0000
1785423066.42,22,drive,3,2.0,15.0,40.773,25.14,249.68,0.0445,0.1535,0.0000,0.1554,0.0034,0.1588,0.0000,0.0000,0.2082,0.0156,0.1896,0.0049,0.2131,0.0010
1785423067.71,22,drive,0,2.5,15.0,40.773,25.14,249.68,0.0420,0.1535,0.0000,0.1452,0.0029,0.1637,0.0000,0.0000,0.1921,0.0186,0.1833,0.0039,0.2063,0.0000
1785423067.81,22,drive,1,2.5,15.0,40.773,25.14,249.68,0.0450,0.1515,0.0000,0.1452,0.0064,0.1623,0.0015,0.0015,0.1921,0.0161,0.1882,0.0029,0.2092,0.0015
1785423067.90,22,drive,2,2.5,15.0,40.773,25.14,249.68,0.0430,0.1515,0.0010,0.1457,0.0054,0.1642,0.0000,0.0000,0.1950,0.0181,0.1823,0.0015,0.2111,0.0005
1785423067.99,22,drive,3,2.5,15.0,40.773,25.14,249.68,0.0450,0.1544,0.0000,0.1452,0.0068,0.1642,0.0015,0.0000,0.1926,0.0171,0.1862,0.0020,0.2097,0.0000
1785423069.28,22,drive,0,3.0,15.0,40.773,25.14,249.68,0.0464,0.1569,0.0000,0.1354,0.0024,0.1720,0.0010,0.0044,0.1794,0.0288,0.1725,0.0005,0.2023,0.0010
1785423069.37,22,drive,1,3.0,15.0,40.773,25.14,249.68,0.0459,0.1564,0.0000,0.1344,0.0029,0.1716,0.0005,0.0015,0.1774,0.0244,0.1750,0.0000,0.2014,0.0005
1785423069.47,22,drive,2,3.0,15.0,40.773,25.14,249.68,0.0445,0.1544,0.0005,0.1359,0.0049,0.1716,0.0010,0.0029,0.1784,0.0259,0.1735,0.0005,0.2043,0.0020
1785423069.56,22,drive,3,3.0,15.0,40.773,25.14,249.68,0.0445,0.1549,0.0000,0.1354,0.0020,0.1716,0.0000,0.0049,0.1784,0.0264,0.1720,0.0000,0.2033,0.0000
1785423070.85,22,drive,0,3.5,15.0,40.773,25.14,249.68,0.0420,0.1544,0.0005,0.1364,0.0005,0.1740,0.0020,0.0181,0.1945,0.0357,0.1686,0.0005,0.2058,0.0000
1785423070.94,22,drive,1,3.5,15.0,40.773,25.14,249.68,0.0435,0.1554,0.0000,0.1344,0.0000,0.1745,0.0034,0.0210,0.1970,0.0362,0.1725,0.0005,0.2038,0.0005
1785423071.04,22,drive,2,3.5,15.0,40.773,25.14,249.68,0.0440,0.1569,0.0000,0.1339,0.0010,0.1764,0.0029,0.0181,0.1940,0.0391,0.1706,0.0015,0.2043,0.0000
1785423071.13,22,drive,3,3.5,15.0,40.773,25.14,249.68,0.0450,0.1549,0.0005,0.1369,0.0005,0.1769,0.0044,0.0191,0.1935,0.0386,0.1701,0.0000,0.2063,0.0005
1785423072.42,22,drive,0,4.0,15.0,40.773,25.14,249.68,0.0464,0.1584,0.0015,0.1544,0.0000,0.1691,0.0015,0.0171,0.2131,0.0327,0.1857,0.0049,0.2170,0.0000
1785423072.51,22,drive,1,4.0,15.0,40.773,25.14,249.68,0.0469,0.1584,0.0000,0.1520,0.0000,0.1667,0.0049,0.0161,0.2136,0.0352,0.1857,0.0039,0.2141,0.0005
1785423072.61,22,drive,2,4.0,15.0,40.773,25.14,249.68,0.0464,0.1540,0.0000,0.1520,0.0000,0.1696,0.0024,0.0166,0.2141,0.0323,0.1862,0.0034,0.2136,0.0000
1785423072.70,22,drive,3,4.0,15.0,40.773,25.14,249.68,0.0455,0.1574,0.0005,0.1520,0.0005,0.1681,0.0015,0.0152,0.2131,0.0337,0.1857,0.0059,0.2155,0.0005
1785423074.07,24,base,0,0.0,15.0,40.813,25.14,249.68,0.0425,0.1500,0.0000,0.1510,0.0000,0.1667,0.0015,0.0181,0.2160,0.0279,0.1857,0.0059,0.2170,0.0000
1785423074.16,24,base,1,0.0,15.0,40.813,25.14,249.68,0.0391,0.1515,0.0000,0.1505,0.0000,0.1676,0.0024,0.0191,0.2195,0.0298,0.1838,0.0039,0.2185,0.0000
1785423074.25,24,base,2,0.0,15.0,40.813,25.14,249.68,0.0411,0.1500,0.0005,0.1500,0.0020,0.1676,0.0039,0.0205,0.2160,0.0288,0.1852,0.0029,0.2170,0.0000
1785423074.35,24,base,3,0.0,15.0,40.813,25.14,249.68,0.0396,0.1530,0.0005,0.1515,0.0000,0.1696,0.0024,0.0166,0.2151,0.0279,0.1833,0.0054,0.2185,0.0000
1785423075.63,24,drive,0,0.0,15.0,40.813,25.14,249.68,0.0396,0.1505,0.0005,0.1505,0.0000,0.1662,0.0015,0.0196,0.2180,0.0254,0.1852,0.0044,0.2175,0.0000
1785423075.73,24,drive,1,0.0,15.0,40.813,25.14,249.68,0.0391,0.1510,0.0000,0.1535,0.0005,0.1681,0.0024,0.0176,0.2185,0.0303,0.1828,0.0020,0.2199,0.0000
1785423075.82,24,drive,2,0.0,15.0,40.813,25.14,249.68,0.0381,0.1476,0.0000,0.1510,0.0000,0.1686,0.0020,0.0200,0.2185,0.0283,0.1813,0.0034,0.2195,0.0005
1785423075.92,24,drive,3,0.0,15.0,40.813,25.14,249.68,0.0430,0.1535,0.0000,0.1525,0.0005,0.1686,0.0039,0.0215,0.2165,0.0283,0.1838,0.0044,0.2170,0.0000
1785423077.20,24,drive,0,0.5,15.0,40.813,25.14,249.68,0.0415,0.1491,0.0005,0.1491,0.0000,0.1652,0.0034,0.0191,0.2160,0.0264,0.1838,0.0059,0.2195,0.0005
1785423077.29,24,drive,1,0.5,15.0,40.813,25.14,249.68,0.0386,0.1500,0.0005,0.1535,0.0010,0.1667,0.0024,0.0142,0.2170,0.0269,0.1857,0.0054,0.2170,0.0005
1785423077.39,24,drive,2,0.5,15.0,40.813,25.14,249.68,0.0420,0.1535,0.0000,0.1520,0.0005,0.1652,0.0029,0.0205,0.2151,0.0293,0.1857,0.0044,0.2155,0.0000
1785423077.48,24,drive,3,0.5,15.0,40.813,25.14,249.68,0.0455,0.1486,0.0000,0.1486,0.0010,0.1657,0.0034,0.0200,0.2185,0.0298,0.1862,0.0015,0.2199,0.0005
1785423078.77,24,drive,0,1.0,15.0,40.813,25.14,249.68,0.0406,0.1505,0.0005,0.1540,0.0000,0.1637,0.0015,0.0127,0.2151,0.0244,0.1877,0.0034,0.2180,0.0010
1785423078.86,24,drive,1,1.0,15.0,40.813,25.14,249.68,0.0406,0.1496,0.0000,0.1525,0.0005,0.1642,0.0024,0.0142,0.2175,0.0283,0.1857,0.0044,0.2190,0.0005
1785423078.96,24,drive,2,1.0,15.0,40.813,25.14,249.68,0.0401,0.1471,0.0000,0.1554,0.0000,0.1672,0.0015,0.0132,0.2170,0.0249,0.1862,0.0024,0.2175,0.0000
1785423079.05,24,drive,3,1.0,15.0,40.813,25.14,249.68,0.0430,0.1505,0.0000,0.1535,0.0000,0.1628,0.0034,0.0112,0.2180,0.0264,0.1877,0.0044,0.2180,0.0005
1785423080.34,24,drive,0,1.5,15.0,40.813,25.14,249.68,0.0406,0.1530,0.0000,0.1549,0.0015,0.1608,0.0000,0.0034,0.2136,0.0239,0.1872,0.0024,0.2165,0.0000
1785423080.43,24,drive,1,1.5,15.0,40.813,25.14,249.68,0.0420,0.1510,0.0000,0.1564,0.0005,0.1608,0.0005,0.0024,0.2126,0.0225,0.1852,0.0068,0.2141,0.0000
1785423080.52,24,drive,2,1.5,15.0,40.813,25.14,249.68,0.0401,0.1544,0.0000,0.1515,0.0005,0.1647,0.0005,0.0039,0.2102,0.0215,0.1887,0.0049,0.2151,0.0000
1785423080.62,24,drive,3,1.5,15.0,40.813,25.14,249.68,0.0415,0.1520,0.0000,0.1540,0.0010,0.1632,0.0005,0.0039,0.2111,0.0220,0.1867,0.0064,0.2165,0.0005
1785423081.91,24,drive,0,2.0,15.0,40.813,25.14,249.68,0.0430,0.1515,0.0005,0.1496,0.0024,0.1603,0.0005,0.0000,0.1970,0.0191,0.1867,0.0054,0.2111,0.0005
1785423082.00,24,drive,1,2.0,15.0,40.813,25.14,249.68,0.0464,0.1540,0.0000,0.1525,0.0029,0.1603,0.0000,0.0005,0.2038,0.0176,0.1843,0.0034,0.2107,0.0005
1785423082.10,24,drive,2,2.0,15.0,40.813,25.14,249.68,0.0430,0.1544,0.0000,0.1491,0.0029,0.1618,0.0010,0.0005,0.2019,0.0156,0.1848,0.0010,0.2136,0.0000
1785423082.19,24,drive,3,2.0,15.0,40.813,25.14,249.68,0.0445,0.1520,0.0000,0.1491,0.0020,0.1628,0.0005,0.0000,0.1999,0.0176,0.1838,0.0024,0.2126,0.0000
1785423083.48,24,drive,0,2.5,15.0,40.813,25.14,249.68,0.0435,0.1510,0.0005,0.1403,0.0054,0.1667,0.0005,0.0010,0.1813,0.0166,0.1804,0.0010,0.2048,0.0005
1785423083.57,24,drive,1,2.5,15.0,40.813,25.14,249.68,0.0450,0.1515,0.0005,0.1388,0.0044,0.1686,0.0005,0.0005,0.1828,0.0196,0.1833,0.0000,0.2053,0.0005
1785423083.66,24,drive,2,2.5,15.0,40.813,25.14,249.68,0.0430,0.1515,0.0005,0.1393,0.0034,0.1657,0.0000,0.0015,0.1804,0.0186,0.1823,0.0015,0.2038,0.0000
1785423083.76,24,drive,3,2.5,15.0,40.813,25.14,249.68,0.0440,0.1515,0.0000,0.1393,0.0054,0.1657,0.0000,0.0005,0.1808,0.0196,0.1818,0.0020,0.2033,0.0010
1785423085.04,24,drive,0,3.0,15.0,40.813,25.14,249.68,0.0420,0.1554,0.0000,0.1300,0.0015,0.1750,0.0005,0.0142,0.1745,0.0274,0.1740,0.0005,0.2014,0.0000
1785423085.14,24,drive,1,3.0,15.0,40.813,25.14,249.68,0.0450,0.1540,0.0000,0.1251,0.0024,0.1769,0.0010,0.0156,0.1774,0.0264,0.1720,0.0005,0.2033,0.0010
1785423085.23,24,drive,2,3.0,15.0,40.813,25.14,249.68,0.0445,0.1530,0.0000,0.1290,0.0039,0.1755,0.0010,0.0147,0.1764,0.0274,0.1725,0.0005,0.2048,0.0000
1785423085.33,24,drive,3,3.0,15.0,40.813,25.14,249.68,0.0445,0.1530,0.0000,0.1266,0.0015,0.1745,0.0015,0.0122,0.1784,0.0274,0.1730,0.0000,0.2038,0.0000
1785423086.61,24,drive,0,3.5,15.0,40.813,25.14,249.68,0.0435,0.1559,0.0000,0.1359,0.0000,0.1789,0.0039,0.0279,0.1984,0.0391,0.1720,0.0000,0.2048,0.0005
1785423086.71,24,drive,1,3.5,15.0,40.813,25.14,249.68,0.0450,0.1559,0.0000,0.1369,0.0005,0.1755,0.0054,0.0298,0.1989,0.0391,0.1730,0.0010,0.2107,0.0000
1785423086.80,24,drive,2,3.5,15.0,40.813,25.14,249.68,0.0455,0.1540,0.0000,0.1364,0.0010,0.1769,0.0034,0.0298,0.1970,0.0396,0.1720,0.0024,0.2072,0.0000
1785423086.90,24,drive,3,3.5,15.0,40.813,25.14,249.68,0.0440,0.1535,0.0015,0.1354,0.0005,0.1789,0.0034,0.0303,0.1965,0.0391,0.1745,0.0015,0.2087,0.0010
1785423088.18,24,drive,0,4.0,15.0,40.813,25.14,249.68,0.0430,0.1554,0.0000,0.1500,0.0024,0.1672,0.0020,0.0186,0.2146,0.0342,0.1828,0.0029,0.2151,0.0015
1785423088.27,24,drive,1,4.0,15.0,40.813,25.14,249.68,0.0469,0.1569,0.0000,0.1505,0.0015,0.1681,0.0049,0.0186,0.2116,0.0352,0.1833,0.0044,0.2126,0.0010
1785423088.37,24,drive,2,4.0,15.0,40.813,25.14,249.68,0.0435,0.1564,0.0010,0.1535,0.0010,0.1676,0.0054,0.0181,0.2141,0.0371,0.1833,0.0039,0.2151,0.0015
1785423088.46,24,drive,3,4.0,15.0,40.813,25.14,249.68,0.0474,0.1544,0.0000,0.1535,0.0000,0.1681,0.0029,0.0181,0.2141,0.0367,0.1823,0.0049,0.2146,0.0000
1785423089.81,25,base,0,0.0,15.0,40.773,25.14,249.68,0.0411,0.1491,0.0000,0.1500,0.0000,0.1672,0.0015,0.0171,0.2195,0.0327,0.1852,0.0039,0.2175,0.0005
1785423089.91,25,base,1,0.0,15.0,40.773,25.14,249.68,0.0401,0.1486,0.0005,0.1510,0.0000,0.1662,0.0044,0.0176,0.2160,0.0283,0.1843,0.0029,0.2180,0.0005
1785423090.00,25,base,2,0.0,15.0,40.773,25.14,249.68,0.0411,0.1486,0.0000,0.1515,0.0000,0.1672,0.0049,0.0181,0.2160,0.0279,0.1838,0.0015,0.2209,0.0000
1785423090.10,25,base,3,0.0,15.0,40.773,25.14,249.68,0.0381,0.1500,0.0000,0.1510,0.0010,0.1691,0.0034,0.0191,0.2170,0.0323,0.1838,0.0049,0.2175,0.0005
1785423091.38,25,drive,0,0.0,15.0,40.773,25.14,249.68,0.0391,0.1510,0.0000,0.1476,0.0005,0.1681,0.0024,0.0205,0.2155,0.0283,0.1843,0.0029,0.2165,0.0000
1785423091.48,25,drive,1,0.0,15.0,40.773,25.14,249.68,0.0396,0.1520,0.0000,0.1530,0.0010,0.1706,0.0005,0.0191,0.2185,0.0298,0.1818,0.0029,0.2165,0.0005
1785423091.57,25,drive,2,0.0,15.0,40.773,25.14,249.68,0.0406,0.1520,0.0000,0.1500,0.0000,0.1691,0.0015,0.0205,0.2170,0.0303,0.1872,0.0034,0.2170,0.0000
1785423091.67,25,drive,3,0.0,15.0,40.773,25.14,249.68,0.0425,0.1530,0.0000,0.1505,0.0005,0.1686,0.0044,0.0196,0.2175,0.0269,0.1823,0.0064,0.2146,0.0005
1785423092.95,25,drive,0,0.5,15.0,40.773,25.14,249.68,0.0420,0.1505,0.0000,0.1486,0.0010,0.1691,0.0024,0.0191,0.2175,0.0283,0.1862,0.0010,0.2151,0.0000
1785423093.05,25,drive,1,0.5,15.0,40.773,25.14,249.68,0.0386,0.1471,0.0005,0.1520,0.0000,0.1672,0.0020,0.0196,0.2185,0.0318,0.1823,0.0044,0.2190,0.0000
1785423093.14,25,drive,2,0.5,15.0,40.773,25.14,249.68,0.0396,0.1471,0.0000,0.1500,0.0000,0.1691,0.0034,0.0196,0.2180,0.0279,0.1843,0.0039,0.2175,0.0005
1785423093.23,25,drive,3,0.5,15.0,40.773,25.14,249.68,0.0415,0.1486,0.0005,0.1520,0.0000,0.1662,0.0010,0.0191,0.2151,0.0293,0.1848,0.0034,0.2185,0.0000
1785423094.52,25,drive,0,1.0,15.0,40.773,25.14,249.68,0.0411,0.1540,0.0000,0.1486,0.0005,0.1686,0.0024,0.0181,0.2170,0.0308,0.1852,0.0020,0.2175,0.0000
1785423094.61,25,drive,1,1.0,15.0,40.773,25.14,249.68,0.0406,0.1491,0.0000,0.1520,0.0005,0.1681,0.0034,0.0186,0.2190,0.0283,0.1857,0.0034,0.2170,0.0000
1785423094.71,25,drive,2,1.0,15.0,40.773,25.14,249.68,0.0401,0.1525,0.0005,0.1530,0.0000,0.1672,0.0015,0.0200,0.2175,0.0269,0.1838,0.0068,0.2170,0.0000
1785423094.80,25,drive,3,1.0,15.0,40.773,25.14,249.68,0.0401,0.1544,0.0005,0.1481,0.0005,0.1681,0.0044,0.0210,0.2170,0.0303,0.1843,0.0039,0.2180,0.0000
1785423096.09,25,drive,0,1.5,15.0,40.773,25.14,249.68,0.0411,0.1520,0.0015,0.1530,0.0000,0.1711,0.0054,0.0186,0.2175,0.0308,0.1833,0.0049,0.2180,0.0005
1785423096.18,25,drive,1,1.5,15.0,40.773,25.14,249.68,0.0425,0.1544,0.0000,0.1525,0.0000,0.1691,0.0034,0.0210,0.2214,0.0298,0.1867,0.0054,0.2204,0.0005
1785423096.28,25,drive,2,1.5,15.0,40.773,25.14,249.68,0.0415,0.1530,0.0005,0.1535,0.0010,0.1701,0.0034,0.0191,0.2180,0.0298,0.1852,0.0024,0.2185,0.0005
1785423096.37,25,drive,3,1.5,15.0,40.773,25.14,249.68,0.0401,0.1535,0.0000,0.1564,0.0000,0.1676,0.0029,0.0176,0.2199,0.0313,0.1843,0.0024,0.2160,0.0005
1785423097.65,25,drive,0,2.0,15.0,40.773,25.14,249.68,0.0415,0.1515,0.0000,0.1540,0.0000,0.1657,0.0044,0.0196,0.2199,0.0303,0.1838,0.0044,0.2170,0.0010
1785423097.75,25,drive,1,2.0,15.0,40.773,25.14,249.68,0.0415,0.1540,0.0005,0.1515,0.0005,0.1681,0.0054,0.0176,0.2185,0.0308,0.1862,0.0049,0.2199,0.0005
1785423097.84,25,drive,2,2.0,15.0,40.773,25.14,249.68,0.0420,0.1515,0.0000,0.1574,0.0005,0.1686,0.0039,0.0186,0.2180,0.0298,0.1857,0.0034,0.2195,0.0000
1785423097.94,25,drive,3,2.0,15.0,40.773,25.14,249.68,0.0411,0.1525,0.0010,0.1544,0.0005,0.1676,0.0024,0.0191,0.2199,0.0337,0.1882,0.0039,0.2195,0.0000
1785423099.23,25,drive,0,2.5,15.0,40.773,25.14,249.68,0.0435,0.1525,0.0000,0.1549,0.0000,0.1696,0.0024,0.0152,0.2199,0.0318,0.1862,0.0049,0.2180,0.0000
1785423099.32,25,drive,1,2.5,15.0,40.773,25.14,249.68,0.0435,0.1544,0.0000,0.1535,0.0000,0.1691,0.0034,0.0176,0.2180,0.0313,0.1901,0.0068,0.2195,0.0000
1785423099.41,25,drive,2,2.5,15.0,40.773,25.14,249.68,0.0455,0.1549,0.0000,0.1520,0.0000,0.1701,0.0015,0.0156,0.2204,0.0337,0.1882,0.0044,0.2180,0.0005
1785423099.51,25,drive,3,2.5,15.0,40.773,25.14,249.68,0.0430,0.1544,0.0000,0.1530,0.0010,0.1696,0.0039,0.0166,0.2204,0.0318,0.1862,0.0039,0.2199,0.0000
1785423100.79,25,drive,0,3.0,15.0,40.773,25.14,249.68,0.0450,0.1525,0.0000,0.1564,0.0010,0.1662,0.0029,0.0186,0.2185,0.0327,0.1877,0.0034,0.2195,0.0005
1785423100.89,25,drive,1,3.0,15.0,40.773,25.14,249.68,0.0430,0.1540,0.0000,0.1549,0.0000,0.1667,0.0049,0.0161,0.2180,0.0308,0.1857,0.0049,0.2180,0.0000
1785423100.98,25,drive,2,3.0,15.0,40.773,25.14,249.68,0.0415,0.1554,0.0000,0.1554,0.0005,0.1691,0.0039,0.0181,0.2190,0.0318,0.1877,0.0068,0.2190,0.0000
1785423101.07,25,drive,3,3.0,15.0,40.773,25.14,249.68,0.0455,0.1535,0.0000,0.1559,0.0005,0.1681,0.0029,0.0176,0.2195,0.0318,0.1877,0.0034,0.2180,0.0000
1785423102.36,25,drive,0,3.5,15.0,40.773,25.14,249.68,0.0455,0.1520,0.0005,0.1564,0.0015,0.1662,0.0034,0.0156,0.2131,0.0313,0.1818,0.0059,0.2151,0.0005
1785423102.45,25,drive,1,3.5,15.0,40.773,25.14,249.68,0.0455,0.1564,0.0000,0.1559,0.0000,0.1672,0.0039,0.0142,0.2116,0.0337,0.1867,0.0049,0.2131,0.0010
1785423102.55,25,drive,2,3.5,15.0,40.773,25.14,249.68,0.0445,0.1574,0.0000,0.1559,0.0005,0.1657,0.0029,0.0142,0.2136,0.0327,0.1848,0.0068,0.2190,0.0000
1785423102.64,25,drive,3,3.5,15.0,40.773,25.14,249.68,0.0469,0.1593,0.0005,0.1549,0.0005,0.1662,0.0015,0.0156,0.2146,0.0323,0.1872,0.0064,0.2141,0.0015
1785423103.93,25,drive,0,4.0,15.0,40.773,25.14,249.68,0.0474,0.1549,0.0000,0.1549,0.0020,0.1647,0.0034,0.0112,0.2170,0.0337,0.1872,0.0034,0.2136,0.0005
1785423104.03,25,drive,1,4.0,15.0,40.773,25.14,249.68,0.0455,0.1544,0.0000,0.1505,0.0010,0.1681,0.0039,0.0142,0.2107,0.0357,0.1891,0.0044,0.2116,0.0005
1785423104.12,25,drive,2,4.0,15.0,40.773,25.14,249.68,0.0459,0.1559,0.0000,0.1544,0.0000,0.1667,0.0039,0.0117,0.2141,0.0337,0.1906,0.0059,0.2146,0.0010
1785423104.21,25,drive,3,4.0,15.0,40.773,25.14,249.68,0.0489,0.1574,0.0005,0.1540,0.0010,0.1637,0.0034,0.0137,0.2165,0.0313,0.1872,0.0044,0.2160,0.0000
1785423105.57,27,base,0,0.0,15.0,40.773,25.14,249.68,0.0386,0.1525,0.0000,0.1525,0.0000,0.1657,0.0010,0.0200,0.2175,0.0298,0.1823,0.0034,0.2175,0.0005
1785423105.66,27,base,1,0.0,15.0,40.773,25.14,249.68,0.0396,0.1505,0.0000,0.1520,0.0005,0.1691,0.0039,0.0191,0.2160,0.0288,0.1867,0.0044,0.2151,0.0000
1785423105.76,27,base,2,0.0,15.0,40.773,25.14,249.68,0.0396,0.1530,0.0005,0.1500,0.0000,0.1672,0.0044,0.0186,0.2151,0.0303,0.1818,0.0029,0.2195,0.0000
1785423105.85,27,base,3,0.0,15.0,40.773,25.14,249.68,0.0411,0.1496,0.0000,0.1500,0.0005,0.1686,0.0039,0.0191,0.2146,0.0279,0.1852,0.0044,0.2160,0.0000
1785423107.14,27,drive,0,0.0,15.0,40.773,25.14,249.68,0.0406,0.1496,0.0005,0.1520,0.0005,0.1701,0.0024,0.0186,0.2180,0.0298,0.1838,0.0059,0.2165,0.0005
1785423107.23,27,drive,1,0.0,15.0,40.773,25.14,249.68,0.0430,0.1500,0.0000,0.1515,0.0000,0.1686,0.0024,0.0196,0.2136,0.0298,0.1828,0.0039,0.2175,0.0005
1785423107.33,27,drive,2,0.0,15.0,40.773,25.14,249.68,0.0391,0.1540,0.0000,0.1515,0.0005,0.1691,0.0015,0.0191,0.2165,0.0288,0.1852,0.0044,0.2155,0.0000
1785423107.42,27,drive,3,0.0,15.0,40.773,25.14,249.68,0.0391,0.1515,0.0000,0.1510,0.0005,0.1662,0.0029,0.0161,0.2190,0.0323,0.1818,0.0039,0.2195,0.0000
1785423108.71,27,drive,0,0.5,15.0,40.773,25.14,249.68,0.0406,0.1510,0.0000,0.1486,0.0000,0.1681,0.0029,0.0196,0.2155,0.0303,0.1823,0.0054,0.2199,0.0000
1785423108.80,27,drive,1,0.5,15.0,40.773,25.14,249.68,0.0415,0.1476,0.0005,0.1535,0.0000,0.1676,0.0029,0.0210,0.2151,0.0313,0.1828,0.0024,0.2165,0.0000
1785423108.90,27,drive,2,0.5,15.0,40.773,25.14,249.68,0.0381,0.1515,0.0000,0.1486,0.0005,0.1681,0.0020,0.0176,0.2175,0.0269,0.1833,0.0039,0.2170,0.0005
1785423108.99,27,drive,3,0.5,15.0,40.773,25.14,249.68,0.0391,0.1525,0.0000,0.1510,0.0000,0.1686,0.0029,0.0186,0.2185,0.0293,0.1833,0.0039,0.2160,0.0000
1785423110.28,27,drive,0,1.0,15.0,40.773,25.14,249.68,0.0406,0.1525,0.0005,0.1510,0.0005,0.1667,0.0034,0.0186,0.2175,0.0308,0.1843,0.0034,0.2180,0.0000
1785423110.37,27,drive,1,1.0,15.0,40.773,25.14,249.68,0.0386,0.1481,0.0000,0.1535,0.0000,0.1647,0.0044,0.0196,0.2155,0.0303,0.1804,0.0024,0.2170,0.0000
1785423110.47,27,drive,2,1.0,15.0,40.773,25.14,249.68,0.0396,0.1491,0.0005,0.1549,0.0005,0.1696,0.0044,0.0186,0.2160,0.0298,0.1823,0.0034,0.2155,0.0000
1785423110.56,27,drive,3,1.0,15.0,40.773,25.14,249.68,0.0362,0.1505,0.0005,0.1510,0.0000,0.1662,0.0015,0.0186,0.2180,0.0283,0.1818,0.0034,0.2185,0.0005
1785423111.85,27,drive,0,1.5,15.0,40.773,25.14,249.68,0.0420,0.1476,0.0000,0.1515,0.0010,0.1691,0.0020,0.0191,0.2170,0.0288,0.1838,0.0039,0.2180,0.0000
1785423111.95,27,drive,1,1.5,15.0,40.773,25.14,249.68,0.0362,0.1500,0.0005,0.1471,0.0000,0.1711,0.0034,0.0181,0.2160,0.0332,0.1838,0.0034,0.2180,0.0000
1785423112.04,27,drive,2,1.5,15.0,40.773,25.14,249.68,0.0376,0.1505,0.0005,0.1530,0.0000,0.1681,0.0020,0.0181,0.2180,0.0293,0.1808,0.0029,0.2175,0.0000
1785423112.13,27,drive,3,1.5,15.0,40.773,25.14,249.68,0.0430,0.1515,0.0000,0.1510,0.0000,0.1672,0.0029,0.0191,0.2151,0.0279,0.1818,0.0039,0.2160,0.0000
1785423113.42,27,drive,0,2.0,15.0,40.773,25.14,249.68,0.0411,0.1500,0.0000,0.1491,0.0005,0.1652,0.0020,0.0215,0.2180,0.0293,0.1818,0.0049,0.2180,0.0000
1785423113.51,27,drive,1,2.0,15.0,40.773,25.14,249.68,0.0386,0.1486,0.0000,0.1510,0.0000,0.1691,0.0024,0.0196,0.2165,0.0283,0.1838,0.0039,0.2165,0.0000
1785423113.60,27,drive,2,2.0,15.0,40.773,25.14,249.68,0.0391,0.1540,0.0005,0.1505,0.0000,0.1691,0.0015,0.0161,0.2146,0.0313,0.1852,0.0034,0.2175,0.0005
1785423113.70,27,drive,3,2.0,15.0,40.773,25.14,249.68,0.0386,0.1515,0.0005,0.1510,0.0000,0.1686,0.0020,0.0176,0.2160,0.0298,0.1828,0.0039,0.2199,0.0000
1785423114.98,27,drive,0,2.5,15.0,40.773,25.14,249.68,0.0406,0.1515,0.0000,0.1486,0.0000,0.1676,0.0034,0.0186,0.2185,0.0298,0.1862,0.0039,0.2195,0.0000
1785423115.08,27,drive,1,2.5,15.0,40.773,25.14,249.68,0.0420,0.1496,0.0000,0.1496,0.0005,0.1672,0.0005,0.0176,0.2155,0.0283,0.1833,0.0034,0.2175,0.0000
1785423115.17,27,drive,2,2.5,15.0,40.773,25.14,249.68,0.0415,0.1525,0.0005,0.1520,0.0000,0.1657,0.0024,0.0200,0.2180,0.0269,0.1833,0.0049,0.2175,0.0000
1785423115.27,27,drive,3,2.5,15.0,40.773,25.14,249.68,0.0411,0.1471,0.0000,0.1525,0.0000,0.1686,0.0020,0.0210,0.2199,0.0259,0.1833,0.0044,0.2180,0.0000
1785423116.55,27,drive,0,3.0,15.0,40.773,25.14,249.68,0.0415,0.1491,0.0005,0.1520,0.0010,0.1652,0.0029,0.0191,0.2180,0.0288,0.1862,0.0049,0.2199,0.0005
1785423116.65,27,drive,1,3.0,15.0,40.773,25.14,249.68,0.0391,0.1510,0.0000,0.1520,0.0005,0.1652,0.0020,0.0186,0.2195,0.0293,0.1833,0.0020,0.2180,0.0000
1785423116.74,27,drive,2,3.0,15.0,40.773,25.14,249.68,0.0401,0.1530,0.0000,0.1520,0.0000,0.1691,0.0020,0.0171,0.2170,0.0283,0.1833,0.0044,0.2180,0.0000
1785423116.84,27,drive,3,3.0,15.0,40.773,25.14,249.68,0.0411,0.1491,0.0000,0.1530,0.0000,0.1662,0.0029,0.0186,0.2155,0.0283,0.1833,0.0020,0.2195,0.0000
1785423118.12,27,drive,0,3.5,15.0,40.773,25.14,249.68,0.0401,0.1540,0.0000,0.1505,0.0000,0.1672,0.0029,0.0191,0.2180,0.0298,0.1852,0.0044,0.2180,0.0000
1785423118.22,27,drive,1,3.5,15.0,40.773,25.14,249.68,0.0391,0.1515,0.0005,0.1515,0.0000,0.1681,0.0029,0.0196,0.2190,0.0298,0.1848,0.0039,0.2165,0.0000
1785423118.31,27,drive,2,3.5,15.0,40.773,25.14,249.68,0.0401,0.1510,0.0000,0.1491,0.0000,0.1676,0.0020,0.0196,0.2175,0.0303,0.1804,0.0015,0.2195,0.0000
1785423118.41,27,drive,3,3.5,15.0,40.773,25.14,249.68,0.0391,0.1515,0.0000,0.1496,0.0005,0.1657,0.0015,0.0200,0.2155,0.0303,0.1857,0.0034,0.2165,0.0000
1785423119.69,27,drive,0,4.0,15.0,40.773,25.14,249.68,0.0371,0.1486,0.0005,0.1535,0.0005,0.1667,0.0015,0.0200,0.2175,0.0283,0.1848,0.0068,0.2185,0.0000
1785423119.79,27,drive,1,4.0,15.0,40.773,25.14,249.68,0.0381,0.1461,0.0000,0.1520,0.0000,0.1672,0.0005,0.0200,0.2195,0.0288,0.1857,0.0024,0.2199,0.0000
1785423119.88,27,drive,2,4.0,15.0,40.773,25.14,249.68,0.0401,0.1496,0.0005,0.1520,0.0000,0.1691,0.0039,0.0166,0.2204,0.0313,0.1818,0.0029,0.2214,0.0000
1785423119.98,27,drive,3,4.0,15.0,40.773,25.14,249.68,0.0396,0.1461,0.0000,0.1491,0.0005,0.1657,0.0034,0.0196,0.2175,0.0298,0.1852,0.0039,0.2199,0.0000
1785423121.34,28,base,0,0.0,15.0,40.853,25.14,249.68,0.0362,0.1500,0.0000,0.1530,0.0000,0.1647,0.0015,0.0186,0.2185,0.0283,0.1857,0.0039,0.2170,0.0000
1785423121.43,28,base,1,0.0,15.0,40.853,25.14,249.68,0.0420,0.1515,0.0000,0.1491,0.0000,0.1676,0.0024,0.0186,0.2160,0.0303,0.1848,0.0029,0.2195,0.0000
1785423121.52,28,base,2,0.0,15.0,40.853,25.14,249.68,0.0415,0.1481,0.0000,0.1515,0.0000,0.1701,0.0020,0.0191,0.2180,0.0288,0.1852,0.0039,0.2204,0.0000
1785423121.62,28,base,3,0.0,15.0,40.853,25.14,249.68,0.0396,0.1525,0.0000,0.1505,0.0000,0.1676,0.0010,0.0205,0.2175,0.0288,0.1828,0.0020,0.2190,0.0000
1785423122.90,28,drive,0,0.0,15.0,40.853,25.14,249.68,0.0396,0.1496,0.0000,0.1510,0.0000,0.1686,0.0020,0.0176,0.2204,0.0303,0.1833,0.0029,0.2175,0.0000
1785423123.00,28,drive,1,0.0,15.0,40.853,25.14,249.68,0.0357,0.1510,0.0005,0.1505,0.0000,0.1657,0.0034,0.0210,0.2165,0.0313,0.1838,0.0034,0.2185,0.0000
1785423123.09,28,drive,2,0.0,15.0,40.853,25.14,249.68,0.0406,0.1496,0.0005,0.1496,0.0000,0.1691,0.0039,0.0191,0.2165,0.0303,0.1838,0.0039,0.2185,0.0000
1785423123.19,28,drive,3,0.0,15.0,40.853,25.14,249.68,0.0396,0.1510,0.0005,0.1491,0.0005,0.1691,0.0024,0.0176,0.2151,0.0308,0.1843,0.0049,0.2165,0.0000
1785423124.47,28,drive,0,0.5,15.0,40.853,25.14,249.68,0.0415,0.1510,0.0000,0.1505,0.0000,0.1681,0.0010,0.0171,0.2190,0.0313,0.1833,0.0034,0.2195,0.0000
1785423124.56,28,drive,1,0.5,15.0,40.853,25.14,249.68,0.0386,0.1505,0.0000,0.1486,0.0000,0.1681,0.0020,0.0181,0.2160,0.0308,0.1838,0.0024,0.2160,0.0000
1785423124.66,28,drive,2,0.5,15.0,40.853,25.14,249.68,0.0396,0.1510,0.0000,0.1510,0.0000,0.1667,0.0015,0.0166,0.2180,0.0303,0.1828,0.0029,0.2199,0.0005
1785423124.75,28,drive,3,0.5,15.0,40.853,25.14,249.68,0.0386,0.1515,0.0005,0.1505,0.0010,0.1686,0.0015,0.0215,0.2175,0.0303,0.1857,0.0020,0.2209,0.0005
1785423126.04,28,drive,0,1.0,15.0,40.853,25.14,249.68,0.0391,0.1500,0.0000,0.1500,0.0005,0.1667,0.0029,0.0205,0.2175,0.0303,0.1852,0.0059,0.2155,0.0000
1785423126.13,28,drive,1,1.0,15.0,40.853,25.14,249.68,0.0396,0.1486,0.0000,0.1525,0.0000,0.1667,0.0015,0.0166,0.2175,0.0303,0.1838,0.0024,0.2185,0.0000
1785423126.23,28,drive,2,1.0,15.0,40.853,25.14,249.68,0.0401,0.1510,0.0005,0.1500,0.0000,0.1642,0.0020,0.0215,0.2146,0.0264,0.1852,0.0044,0.2155,0.0000
1785423126.32,28,drive,3,1.0,15.0,40.853,25.14,249.68,0.0415,0.1515,0.0000,0.1510,0.0000,0.1696,0.0010,0.0191,0.2199,0.0298,0.1882,0.0034,0.2180,0.0005
1785423127.61,28,drive,0,1.5,15.0,40.853,25.14,249.68,0.0396,0.1500,0.0000,0.1520,0.0000,0.1667,0.0020,0.0186,0.2126,0.0308,0.1891,0.0015,0.2170,0.0015
1785423127.70,28,drive,1,1.5,15.0,40.853,25.14,249.68,0.0401,0.1505,0.0000,0.1491,0.0010,0.1686,0.0029,0.0181,0.2214,0.0308,0.1848,0.0029,0.2195,0.0005
1785423127.80,28,drive,2,1.5,15.0,40.853,25.14,249.68,0.0396,0.1525,0.0000,0.1500,0.0005,0.1672,0.0015,0.0210,0.2185,0.0288,0.1877,0.0015,0.2185,0.0000
1785423127.89,28,drive,3,1.5,15.0,40.853,25.14,249.68,0.0376,0.1530,0.0000,0.1505,0.0005,0.1672,0.0024,0.0200,0.2195,0.0308,0.1867,0.0024,0.2195,0.0010
1785423129.18,28,drive,0,2.0,15.0,40.853,25.14,249.68,0.0401,0.1515,0.0005,0.1525,0.0000,0.1652,0.0020,0.0176,0.2175,0.0264,0.1872,0.0044,0.2170,0.0000
1785423129.27,28,drive,1,2.0,15.0,40.853,25.14,249.68,0.0386,0.1510,0.0005,0.1515,0.0005,0.1667,0.0044,0.0196,0.2155,0.0313,0.1848,0.0020,0.2155,0.0010
1785423129.36,28,drive,2,2.0,15.0,40.853,25.14,249.68,0.0411,0.1500,0.0000,0.1510,0.0005,0.1657,0.0039,0.0220,0.2160,0.0283,0.1852,0.0034,0.2185,0.0000
1785423129.46,28,drive,3,2.0,15.0,40.853,25.14,249.68,0.0391,0.1500,0.0000,0.1505,0.0000,0.1662,0.0010,0.0220,0.2195,0.0313,0.1804,0.0054,0.2214,0.0000
1785423130.74,28,drive,0,2.5,15.0,40.853,25.14,249.68,0.0396,0.1500,0.0000,0.1540,0.0005,0.1691,0.0020,0.0200,0.2204,0.0283,0.1848,0.0029,0.2185,0.0005
1785423130.84,28,drive,1,2.5,15.0,40.853,25.14,249.68,0.0396,0.1544,0.0000,0.1496,0.0005,0.1657,0.0015,0.0181,0.2155,0.0298,0.1852,0.0039,0.2185,0.0000
1785423130.93,28,drive,2,2.5,15.0,40.853,25.14,249.68,0.0386,0.1486,0.0000,0.1515,0.0000,0.1662,0.0020,0.0230,0.2190,0.0269,0.1852,0.0068,0.2175,0.0000
1785423131.03,28,drive,3,2.5,15.0,40.853,25.14,249.68,0.0391,0.1505,0.0000,0.1505,0.0010,0.1701,0.0015,0.0181,0.2151,0.0298,0.1838,0.0029,0.2190,0.0010
1785423132.31,28,drive,0,3.0,15.0,40.853,25.14,249.68,0.0367,0.1535,0.0010,0.1515,0.0000,0.1686,0.0044,0.0186,0.2170,0.0288,0.1848,0.0064,0.2185,0.0000
1785423132.41,28,drive,1,3.0,15.0,40.853,25.14,249.68,0.0396,0.1515,0.0000,0.1520,0.0000,0.1652,0.0039,0.0171,0.2151,0.0288,0.1843,0.0044,0.2199,0.0000
1785423132.50,28,drive,2,3.0,15.0,40.853,25.14,249.68,0.0411,0.1491,0.0000,0.1496,0.0010,0.1667,0.0010,0.0196,0.2180,0.0313,0.1852,0.0029,0.2204,0.0000
1785423132.60,28,drive,3,3.0,15.0,40.853,25.14,249.68,0.0440,0.1500,0.0000,0.1515,0.0010,0.1662,0.0024,0.0186,0.2170,0.0283,0.1862,0.0039,0.2180,0.0010
1785423133.88,28,drive,0,3.5,15.0,40.853,25.14,249.68,0.0420,0.1500,0.0000,0.1505,0.0005,0.1672,0.0020,0.0205,0.2170,0.0303,0.1867,0.0029,0.2175,0.0000
1785423133.97,28,drive,1,3.5,15.0,40.853,25.14,249.68,0.0371,0.1515,0.0010,0.1505,0.0000,0.1681,0.0034,0.0186,0.2175,0.0303,0.1867,0.0049,0.2190,0.0000
1785423134.07,28,drive,2,3.5,15.0,40.853,25.14,249.68,0.0376,0.1491,0.0005,0.1510,0.0000,0.1681,0.0024,0.0191,0.2160,0.0293,0.1838,0.0054,0.2209,0.0000
1785423134.16,28,drive,3,3.5,15.0,40.853,25.14,249.68,0.0425,0.1491,0.0000,0.1481,0.0000,0.1662,0.0044,0.0191,0.2155,0.0283,0.1852,0.0049,0.2175,0.0005
1785423135.44,28,drive,0,4.0,15.0,40.853,25.14,249.68,0.0396,0.1486,0.0000,0.1500,0.0005,0.1676,0.0029,0.0196,0.2151,0.0288,0.1848,0.0034,0.2185,0.0000
1785423135.54,28,drive,1,4.0,15.0,40.853,25.14,249.68,0.0386,0.1510,0.0000,0.1496,0.0005,0.1691,0.0010,0.0191,0.2185,0.0259,0.1838,0.0039,0.2195,0.0000
1785423135.63,28,drive,2,4.0,15.0,40.853,25.14,249.68,0.0430,0.1476,0.0005,0.1525,0.0010,0.1676,0.0024,0.0210,0.2199,0.0298,0.1833,0.0044,0.2175,0.0005
1785423135.73,28,drive,3,4.0,15.0,40.853,25.14,249.68,0.0367,0.1481,0.0000,0.1505,0.0010,0.1647,0.0015,0.0220,0.2165,0.0298,0.1838,0.0073,0.2190,0.0010
1785423137.09,29,base,0,0.0,15.0,40.773,25.14,249.69,0.0386,0.1540,0.0005,0.1510,0.0000,0.1672,0.0020,0.0215,0.2165,0.0279,0.1818,0.0044,0.2155,0.0000
1785423137.18,29,base,1,0.0,15.0,40.773,25.14,249.69,0.0386,0.1491,0.0000,0.1486,0.0005,0.1701,0.0015,0.0210,0.2195,0.0264,0.1852,0.0020,0.2146,0.0000
1785423137.28,29,base,2,0.0,15.0,40.773,25.14,249.69,0.0386,0.1535,0.0000,0.1530,0.0000,0.1667,0.0015,0.0186,0.2195,0.0293,0.1848,0.0010,0.2185,0.0010
1785423137.37,29,base,3,0.0,15.0,40.773,25.14,249.69,0.0401,0.1496,0.0005,0.1491,0.0010,0.1662,0.0024,0.0200,0.2180,0.0279,0.1838,0.0049,0.2170,0.0000
1785423138.66,29,drive,0,0.0,15.0,40.773,25.14,249.69,0.0401,0.1520,0.0005,0.1520,0.0000,0.1657,0.0029,0.0176,0.2165,0.0283,0.1838,0.0034,0.2160,0.0000
1785423138.75,29,drive,1,0.0,15.0,40.773,25.14,249.69,0.0391,0.1496,0.0000,0.1476,0.0005,0.1686,0.0044,0.0186,0.2165,0.0288,0.1862,0.0015,0.2180,0.0000
1785423138.85,29,drive,2,0.0,15.0,40.773,25.14,249.69,0.0386,0.1491,0.0005,0.1544,0.0005,0.1667,0.0034,0.0186,0.2185,0.0283,0.1838,0.0020,0.2190,0.0000
1785423138.94,29,drive,3,0.0,15.0,40.773,25.14,249.69,0.0401,0.1510,0.0005,0.1549,0.0000,0.1652,0.0029,0.0230,0.2175,0.0288,0.1852,0.0039,0.2199,0.0005
1785423140.22,29,drive,0,0.5,15.0,40.773,25.14,249.69,0.0415,0.1491,0.0005,0.1530,0.0000,0.1657,0.0020,0.0200,0.2170,0.0313,0.1843,0.0020,0.2195,0.0000
1785423140.32,29,drive,1,0.5,15.0,40.773,25.14,249.69,0.0396,0.1510,0.0000,0.1505,0.0000,0.1662,0.0015,0.0200,0.2170,0.0264,0.1848,0.0024,0.2175,0.0000
1785423140.41,29,drive,2,0.5,15.0,40.773,25.14,249.69,0.0391,0.1486,0.0000,0.1510,0.0000,0.1667,0.0024,0.0191,0.2175,0.0313,0.1852,0.0034,0.2185,0.0000
1785423140.51,29,drive,3,0.5,15.0,40.773,25.14,249.69,0.0386,0.1496,0.0000,0.1530,0.0000,0.1691,0.0029,0.0196,0.2146,0.0303,0.1833,0.0024,0.2199,0.0000
1785423141.79,29,drive,0,1.0,15.0,40.773,25.14,249.69,0.0411,0.1525,0.0005,0.1486,0.0000,0.1676,0.0034,0.0186,0.2155,0.0283,0.1852,0.0034,0.2180,0.0000
1785423141.89,29,drive,1,1.0,15.0,40.773,25.14,249.69,0.0425,0.1505,0.0000,0.1476,0.0005,0.1672,0.0024,0.0186,0.2175,0.0308,0.1843,0.0044,0.2180,0.0000
1785423141.98,29,drive,2,1.0,15.0,40.773,25.14,249.69,0.0381,0.1500,0.0000,0.1515,0.0005,0.1657,0.0020,0.0210,0.2170,0.0288,0.1813,0.0029,0.2185,0.0000
1785423142.08,29,drive,3,1.0,15.0,40.773,25.14,249.69,0.0391,0.1515,0.0000,0.1525,0.0000,0.1667,0.0015,0.0205,0.2185,0.0288,0.1823,0.0029,0.2190,0.0000
1785423143.36,29,drive,0,1.5,15.0,40.773,25.14,249.69,0.0396,0.1515,0.0000,0.1491,0.0000,0.1676,0.0015,0.0200,0.2175,0.0293,0.1872,0.0029,0.2190,0.0000
1785423143.45,29,drive,1,1.5,15.0,40.773,25.14,249.69,0.0415,0.1491,0.0005,0.1505,0.0000,0.1652,0.0020,0.0176,0.2185,0.0259,0.1833,0.0020,0.2190,0.0000
1785423143.55,29,drive,2,1.5,15.0,40.773,25.14,249.69,0.0391,0.1505,0.0000,0.1510,0.0000,0.1681,0.0029,0.0191,0.2170,0.0293,0.1852,0.0034,0.2180,0.0000
1785423143.64,29,drive,3,1.5,15.0,40.773,25.14,249.69,0.0411,0.1486,0.0005,0.1515,0.0000,0.1657,0.0029,0.0200,0.2175,0.0288,0.1867,0.0024,0.2160,0.0000
1785423144.93,29,drive,0,2.0,15.0,40.773,25.14,249.69,0.0396,0.1525,0.0000,0.1500,0.0005,0.1686,0.0029,0.0186,0.2170,0.0308,0.1843,0.0049,0.2185,0.0000
1785423145.02,29,drive,1,2.0,15.0,40.773,25.14,249.69,0.0401,0.1540,0.0000,0.1500,0.0000,0.1691,0.0020,0.0191,0.2175,0.0298,0.1872,0.0034,0.2185,0.0000
1785423145.11,29,drive,2,2.0,15.0,40.773,25.14,249.69,0.0386,0.1520,0.0000,0.1530,0.0005,0.1667,0.0000,0.0200,0.2170,0.0293,0.1867,0.0029,0.2199,0.0000
1785423145.21,29,drive,3,2.0,15.0,40.773,25.14,249.69,0.0406,0.1466,0.0000,0.1505,0.0000,0.1667,0.0010,0.0210,0.2170,0.0288,0.1887,0.0034,0.2190,0.0000
1785423146.49,29,drive,0,2.5,15.0,40.773,25.14,249.69,0.0415,0.1496,0.0000,0.1510,0.0000,0.1691,0.0054,0.0200,0.2170,0.0293,0.1872,0.0034,0.2155,0.0005
1785423146.59,29,drive,1,2.5,15.0,40.773,25.14,249.69,0.0391,0.1496,0.0000,0.1496,0.0000,0.1637,0.0020,0.0181,0.2160,0.0303,0.1857,0.0029,0.2190,0.0000
1785423146.68,29,drive,2,2.5,15.0,40.773,25.14,249.69,0.0396,0.1491,0.0000,0.1505,0.0000,0.1662,0.0034,0.0205,0.2170,0.0288,0.1843,0.0039,0.2185,0.0000
1785423146.77,29,drive,3,2.5,15.0,40.773,25.14,249.69,0.0415,0.1505,0.0000,0.1500,0.0000,0.1676,0.0024,0.0205,0.2180,0.0283,0.1833,0.0024,0.2180,0.0000
1785423148.06,29,drive,0,3.0,15.0,40.773,25.14,249.69,0.0396,0.1496,0.0000,0.1500,0.0000,0.1706,0.0020,0.0196,0.2155,0.0318,0.1857,0.0020,0.2190,0.0000
1785423148.15,29,drive,1,3.0,15.0,40.773,25.14,249.69,0.0406,0.1515,0.0000,0.1461,0.0005,0.1652,0.0005,0.0186,0.2175,0.0308,0.1808,0.0044,0.2170,0.0000
1785423148.25,29,drive,2,3.0,15.0,40.773,25.14,249.69,0.0396,0.1530,0.0000,0.1535,0.0000,0.1672,0.0020,0.0196,0.2190,0.0313,0.1857,0.0039,0.2170,0.0000
1785423148.34,29,drive,3,3.0,15.0,40.773,25.14,249.69,0.0362,0.1447,0.0000,0.1530,0.0000,0.1672,0.0024,0.0215,0.2185,0.0288,0.1833,0.0020,0.2160,0.0000
1785423149.63,29,drive,0,3.5,15.0,40.773,25.14,249.69,0.0391,0.1500,0.0000,0.1481,0.0010,0.1691,0.0015,0.0176,0.2175,0.0308,0.1882,0.0020,0.2165,0.0005
1785423149.73,29,drive,1,3.5,15.0,40.773,25.14,249.69,0.0420,0.1510,0.0000,0.1530,0.0005,0.1706,0.0015,0.0210,0.2170,0.0298,0.1872,0.0034,0.2170,0.0000
1785423149.82,29,drive,2,3.5,15.0,40.773,25.14,249.69,0.0381,0.1525,0.0000,0.1500,0.0010,0.1676,0.0010,0.0191,0.2190,0.0283,0.1848,0.0049,0.2180,0.0010
1785423149.92,29,drive,3,3.5,15.0,40.773,25.14,249.69,0.0420,0.1510,0.0005,0.1515,0.0000,0.1667,0.0029,0.0186,0.2155,0.0283,0.1823,0.0034,0.2170,0.0000
1785423151.21,29,drive,0,4.0,15.0,40.773,25.14,249.69,0.0381,0.1500,0.0000,0.1525,0.0005,0.1681,0.0015,0.0205,0.2190,0.0298,0.1852,0.0020,0.2195,0.0000
1785423151.30,29,drive,1,4.0,15.0,40.773,25.14,249.69,0.0401,0.1535,0.0000,0.1525,0.0000,0.1696,0.0054,0.0196,0.2175,0.0283,0.1867,0.0039,0.2190,0.0000
1785423151.39,29,drive,2,4.0,15.0,40.773,25.14,249.69,0.0376,0.1520,0.0000,0.1466,0.0000,0.1667,0.0039,0.0166,0.2204,0.0288,0.1862,0.0029,0.2170,0.0010
1785423151.49,29,drive,3,4.0,15.0,40.773,25.14,249.69,0.0406,0.1515,0.0000,0.1510,0.0000,0.1642,0.0029,0.0191,0.2160,0.0279,0.1872,0.0044,0.2185,0.0000
1785423152.85,30,base,0,0.0,15.0,40.773,25.14,249.69,0.0411,0.1481,0.0000,0.1520,0.0000,0.1657,0.0010,0.0200,0.2180,0.0303,0.1843,0.0034,0.2204,0.0005
1785423152.94,30,base,1,0.0,15.0,40.773,25.14,249.69,0.0411,0.1496,0.0000,0.1476,0.0000,0.1662,0.0020,0.0191,0.2204,0.0308,0.1838,0.0029,0.2155,0.0005
1785423153.04,30,base,2,0.0,15.0,40.773,25.14,249.69,0.0425,0.1500,0.0005,0.1496,0.0000,0.1647,0.0029,0.0210,0.2185,0.0283,0.1818,0.0039,0.2199,0.0005
1785423153.13,30,base,3,0.0,15.0,40.773,25.14,249.69,0.0420,0.1520,0.0005,0.1491,0.0000,0.1667,0.0034,0.0191,0.2155,0.0298,0.1823,0.0054,0.2190,0.0000
1785423154.42,30,drive,0,0.0,15.0,40.773,25.14,249.69,0.0396,0.1496,0.0000,0.1515,0.0005,0.1657,0.0024,0.0191,0.2175,0.0283,0.1808,0.0039,0.2180,0.0005
1785423154.51,30,drive,1,0.0,15.0,40.773,25.14,249.69,0.0411,0.1520,0.0000,0.1486,0.0000,0.1672,0.0020,0.0186,0.2170,0.0303,0.1828,0.0039,0.2165,0.0000
1785423154.61,30,drive,2,0.0,15.0,40.773,25.14,249.69,0.0415,0.1491,0.0015,0.1520,0.0000,0.1657,0.0015,0.0200,0.2185,0.0293,0.1867,0.0049,0.2190,0.0000
1785423154.70,30,drive,3,0.0,15.0,40.773,25.14,249.69,0.0386,0.1496,0.0000,0.1515,0.0000,0.1672,0.0020,0.0161,0.2185,0.0283,0.1857,0.0029,0.2190,0.0005
1785423155.99,30,drive,0,0.5,15.0,40.773,25.14,249.69,0.0415,0.1520,0.0005,0.1515,0.0005,0.1676,0.0020,0.0215,0.2170,0.0283,0.1872,0.0049,0.2180,0.0000
1785423156.08,30,drive,1,0.5,15.0,40.773,25.14,249.69,0.0396,0.1510,0.0000,0.1515,0.0010,0.1691,0.0054,0.0196,0.2165,0.0279,0.1867,0.0054,0.2175,0.0000
1785423156.18,30,drive,2,0.5,15.0,40.773,25.14,249.69,0.0406,0.1535,0.0000,0.1496,0.0005,0.1647,0.0015,0.0200,0.2175,0.0313,0.1852,0.0020,0.2170,0.0005
1785423156.27,30,drive,3,0.5,15.0,40.773,25.14,249.69,0.0415,0.1476,0.0005,0.1505,0.0000,0.1667,0.0034,0.0186,0.2180,0.0303,0.1877,0.0029,0.2180,0.0000
1785423157.56,30,drive,0,1.0,15.0,40.773,25.14,249.69,0.0401,0.1476,0.0005,0.1491,0.0000,0.1686,0.0034,0.0196,0.2185,0.0298,0.1843,0.0044,0.2204,0.0000
1785423157.65,30,drive,1,1.0,15.0,40.773,25.14,249.69,0.0381,0.1486,0.0005,0.1505,0.0000,0.1691,0.0034,0.0196,0.2151,0.0308,0.1862,0.0039,0.2214,0.0000
1785423157.75,30,drive,2,1.0,15.0,40.773,25.14,249.69,0.0401,0.1476,0.0000,0.1500,0.0000,0.1642,0.0015,0.0186,0.2170,0.0264,0.1867,0.0044,0.2175,0.0000
1785423157.84,30,drive,3,1.0,15.0,40.773,25.14,249.69,0.0401,0.1496,0.0000,0.1505,0.0010,0.1657,0.0015,0.0196,0.2180,0.0318,0.1852,0.0044,0.2185,0.0000
1785423159.13,30,drive,0,1.5,15.0,40.773,25.14,249.69,0.0440,0.1544,0.0000,0.1486,0.0000,0.1676,0.0020,0.0191,0.2190,0.0279,0.1862,0.0049,0.2151,0.0010
1785423159.22,30,drive,1,1.5,15.0,40.773,25.14,249.69,0.0386,0.1525,0.0000,0.1520,0.0010,0.1691,0.0029,0.0215,0.2160,0.0283,0.1852,0.0039,0.2155,0.0000
1785423159.32,30,drive,2,1.5,15.0,40.773,25.14,249.69,0.0406,0.1510,0.0005,0.1535,0.0000,0.1662,0.0020,0.0196,0.2195,0.0308,0.1833,0.0044,0.2165,0.0005
1785423159.41,30,drive,3,1.5,15.0,40.773,25.14,249.69,0.0401,0.1515,0.0000,0.1461,0.0005,0.1662,0.0020,0.0176,0.2165,0.0274,0.1862,0.0049,0.2190,0.0000
1785423160.70,30,drive,0,2.0,15.0,40.773,25.14,249.69,0.0362,0.1515,0.0000,0.1486,0.0005,0.1657,0.0029,0.0176,0.2175,0.0279,0.1862,0.0034,0.2185,0.0000
1785423160.79,30,drive,1,2.0,15.0,40.773,25.14,249.69,0.0371,0.1564,0.0000,0.1505,0.0000,0.1696,0.0010,0.0200,0.2185,0.0283,0.1877,0.0034,0.2199,0.0000
1785423160.89,30,drive,2,2.0,15.0,40.773,25.14,249.69,0.0376,0.1491,0.0000,0.1525,0.0000,0.1676,0.0015,0.0200,0.2175,0.0283,0.1867,0.0020,0.2180,0.0000
1785423160.98,30,drive,3,2.0,15.0,40.773,25.14,249.69,0.0386,0.1476,0.0005,0.1520,0.0000,0.1681,0.0029,0.0171,0.2160,0.0293,0.1882,0.0020,0.2190,0.0005
1785423162.27,30,drive,0,2.5,15.0,40.773,25.14,249.69,0.0386,0.1486,0.0000,0.1510,0.0005,0.1657,0.0029,0.0210,0.2170,0.0274,0.1852,0.0029,0.2175,0.0000
1785423162.36,30,drive,1,2.5,15.0,40.773,25.14,249.69,0.0391,0.1520,0.0000,0.1510,0.0000,0.1681,0.0059,0.0220,0.2170,0.0274,0.1887,0.0029,0.2185,0.0000
1785423162.45,30,drive,2,2.5,15.0,40.773,25.14,249.69,0.0406,0.1486,0.0000,0.1505,0.0015,0.1657,0.0029,0.0176,0.2185,0.0293,0.1877,0.0029,0.2175,0.0000
1785423162.55,30,drive,3,2.5,15.0,40.773,25.14,249.69,0.0411,0.1515,0.0000,0.1510,0.0005,0.1676,0.0015,0.0181,0.2190,0.0283,0.1848,0.0024,0.2180,0.0000
1785423163.84,30,drive,0,3.0,15.0,40.773,25.14,249.69,0.0430,0.1496,0.0000,0.1500,0.0005,0.1676,0.0010,0.0191,0.2175,0.0293,0.1857,0.0029,0.2175,0.0000
1785423163.93,30,drive,1,3.0,15.0,40.773,25.14,249.69,0.0401,0.1525,0.0010,0.1496,0.0020,0.1691,0.0024,0.0156,0.2170,0.0288,0.1867,0.0039,0.2190,0.0000
1785423164.02,30,drive,2,3.0,15.0,40.773,25.14,249.69,0.0430,0.1491,0.0000,0.1515,0.0005,0.1691,0.0015,0.0176,0.2165,0.0308,0.1867,0.0034,0.2185,0.0010
1785423164.12,30,drive,3,3.0,15.0,40.773,25.14,249.69,0.0406,0.1520,0.0000,0.1515,0.0000,0.1667,0.0039,0.0200,0.2170,0.0279,0.1852,0.0039,0.2195,0.0005
1785423165.41,30,drive,0,3.5,15.0,40.773,25.14,249.69,0.0391,0.1525,0.0000,0.1486,0.0005,0.1662,0.0010,0.0210,0.2165,0.0288,0.1857,0.0024,0.2165,0.0000
1785423165.50,30,drive,1,3.5,15.0,40.773,25.14,249.69,0.0396,0.1510,0.0000,0.1466,0.0010,0.1647,0.0024,0.0220,0.2180,0.0283,0.1838,0.0044,0.2190,0.0000
1785423165.59,30,drive,2,3.5,15.0,40.773,25.14,249.69,0.0415,0.1515,0.0000,0.1491,0.0005,0.1662,0.0015,0.0191,0.2141,0.0308,0.1872,0.0029,0.2170,0.0000
1785423165.69,30,drive,3,3.5,15.0,40.773,25.14,249.69,0.0401,0.1520,0.0000,0.1505,0.0000,0.1676,0.0039,0.0191,0.2160,0.0318,0.1872,0.0039,0.2180,0.0000
1785423166.97,30,drive,0,4.0,15.0,40.773,25.14,249.69,0.0401,0.1535,0.0000,0.1515,0.0000,0.1652,0.0010,0.0181,0.2170,0.0283,0.1857,0.0034,0.2199,0.0000
1785423167.07,30,drive,1,4.0,15.0,40.773,25.14,249.69,0.0401,0.1520,0.0000,0.1500,0.0000,0.1662,0.0034,0.0161,0.2214,0.0303,0.1852,0.0029,0.2190,0.0005
1785423167.16,30,drive,2,4.0,15.0,40.773,25.14,249.69,0.0391,0.1515,0.0000,0.1500,0.0000,0.1657,0.0005,0.0196,0.2180,0.0274,0.1848,0.0039,0.2160,0.0000
1785423167.26,30,drive,3,4.0,15.0,40.773,25.14,249.69,0.0401,0.1481,0.0000,0.1486,0.0005,0.1637,0.0029,0.0205,0.2219,0.0288,0.1848,0.0015,0.2195,0.0015
1785423168.62,31,base,0,0.0,15.0,40.773,25.14,249.69,0.0391,0.1510,0.0000,0.1505,0.0010,0.1681,0.0024,0.0200,0.2195,0.0279,0.1838,0.0034,0.2180,0.0000
1785423168.71,31,base,1,0.0,15.0,40.773,25.14,249.69,0.0381,0.1476,0.0000,0.1496,0.0000,0.1667,0.0044,0.0181,0.2170,0.0283,0.1867,0.0020,0.2209,0.0005
1785423168.81,31,base,2,0.0,15.0,40.773,25.14,249.69,0.0386,0.1515,0.0000,0.1510,0.0000,0.1652,0.0024,0.0191,0.2180,0.0293,0.1862,0.0024,0.2204,0.0000
1785423168.90,31,base,3,0.0,15.0,40.773,25.14,249.69,0.0396,0.1496,0.0000,0.1520,0.0005,0.1676,0.0020,0.0186,0.2190,0.0293,0.1852,0.0054,0.2185,0.0000
1785423170.19,31,drive,0,0.0,15.0,40.773,25.14,249.69,0.0381,0.1515,0.0000,0.1505,0.0005,0.1667,0.0059,0.0210,0.2204,0.0283,0.1852,0.0059,0.2165,0.0000
1785423170.29,31,drive,1,0.0,15.0,40.773,25.14,249.69,0.0391,0.1510,0.0000,0.1481,0.0005,0.1676,0.0034,0.0186,0.2155,0.0288,0.1862,0.0044,0.2199,0.0000
1785423170.38,31,drive,2,0.0,15.0,40.773,25.14,249.69,0.0396,0.1496,0.0000,0.1525,0.0000,0.1676,0.0029,0.0186,0.2190,0.0298,0.1828,0.0024,0.2175,0.0005
1785423170.48,31,drive,3,0.0,15.0,40.773,25.14,249.69,0.0411,0.1491,0.0005,0.1525,0.0005,0.1667,0.0020,0.0191,0.2165,0.0279,0.1852,0.0029,0.2195,0.0000
1785423171.76,31,drive,0,0.5,15.0,40.773,25.14,249.69,0.0415,0.1535,0.0000,0.1491,0.0000,0.1672,0.0029,0.0220,0.2190,0.0303,0.1867,0.0049,0.2175,0.0005
1785423171.86,31,drive,1,0.5,15.0,40.773,25.14,249.69,0.0386,0.1481,0.0000,0.1510,0.0000,0.1657,0.0039,0.0215,0.2199,0.0298,0.1857,0.0029,0.2204,0.0000
1785423171.95,31,drive,2,0.5,15.0,40.773,25.14,249.69,0.0396,0.1535,0.0000,0.1486,0.0005,0.1681,0.0020,0.0210,0.2160,0.0274,0.1852,0.0029,0.2160,0.0005
1785423172.05,31,drive,3,0.5,15.0,40.773,25.14,249.69,0.0440,0.1525,0.0000,0.1500,0.0000,0.1657,0.0020,0.0176,0.2175,0.0279,0.1838,0.0034,0.2175,0.0000
1785423173.33,31,drive,0,1.0,15.0,40.773,25.14,249.69,0.0411,0.1549,0.0000,0.1476,0.0000,0.1681,0.0020,0.0205,0.2160,0.0303,0.1857,0.0015,0.2195,0.0000
1785423173.43,31,drive,1,1.0,15.0,40.773,25.14,249.69,0.0401,0.1515,0.0000,0.1486,0.0000,0.1676,0.0044,0.0191,0.2190,0.0288,0.1848,0.0024,0.2224,0.0000
1785423173.52,31,drive,2,1.0,15.0,40.773,25.14,249.69,0.0391,0.1530,0.0000,0.1500,0.0000,0.1647,0.0020,0.0215,0.2175,0.0279,0.1838,0.0044,0.2175,0.0005
1785423173.62,31,drive,3,1.0,15.0,40.773,25.14,249.69,0.0406,0.1500,0.0000,0.1500,0.0005,0.1662,0.0034,0.0200,0.2209,0.0293,0.1867,0.0024,0.2195,0.0000
1785423174.90,31,drive,0,1.5,15.0,40.773,25.14,249.69,0.0391,0.1491,0.0000,0.1520,0.0005,0.1632,0.0029,0.0205,0.2190,0.0283,0.1857,0.0039,0.2195,0.0000
1785423175.00,31,drive,1,1.5,15.0,40.773,25.14,249.69,0.0401,0.1505,0.0000,0.1520,0.0000,0.1662,0.0034,0.0205,0.2204,0.0293,0.1843,0.0024,0.2195,0.0005
1785423175.09,31,drive,2,1.5,15.0,40.773,25.14,249.69,0.0396,0.1530,0.0000,0.1510,0.0000,0.1647,0.0034,0.0205,0.2165,0.0283,0.1896,0.0044,0.2165,0.0000
1785423175.18,31,drive,3,1.5,15.0,40.773,25.14,249.69,0.0391,0.1520,0.0000,0.1510,0.0005,0.1676,0.0039,0.0191,0.2209,0.0269,0.1848,0.0039,0.2199,0.0000
1785423176.47,31,drive,0,2.0,15.0,40.773,25.14,249.69,0.0396,0.1505,0.0000,0.1481,0.0005,0.1686,0.0029,0.0191,0.2160,0.0288,0.1882,0.0024,0.2190,0.0005
1785423176.56,31,drive,1,2.0,15.0,40.773,25.14,249.69,0.0411,0.1500,0.0010,0.1500,0.0000,0.1681,0.0034,0.0215,0.2160,0.0288,0.1867,0.0039,0.2195,0.0000
1785423176.66,31,drive,2,2.0,15.0,40.773,25.14,249.69,0.0425,0.1505,0.0000,0.1486,0.0005,0.1652,0.0015,0.0210,0.2180,0.0283,0.1857,0.0034,0.2199,0.0000
1785423176.75,31,drive,3,2.0,15.0,40.773,25.14,249.69,0.0401,0.1520,0.0000,0.1515,0.0000,0.1672,0.0024,0.0186,0.2151,0.0269,0.1882,0.0039,0.2180,0.0000
1785423178.04,31,drive,0,2.5,15.0,40.773,25.14,249.69,0.0430,0.1510,0.0000,0.1486,0.0010,0.1676,0.0015,0.0196,0.2185,0.0293,0.1872,0.0039,0.2160,0.0015
1785423178.13,31,drive,1,2.5,15.0,40.773,25.14,249.69,0.0411,0.1510,0.0000,0.1491,0.0000,0.1657,0.0010,0.0225,0.2175,0.0274,0.1867,0.0034,0.2170,0.0000
1785423178.23,31,drive,2,2.5,15.0,40.773,25.14,249.69,0.0396,0.1496,0.0015,0.1500,0.0010,0.1662,0.0044,0.0176,0.2224,0.0293,0.1852,0.0015,0.2195,0.0000
1785423178.32,31,drive,3,2.5,15.0,40.773,25.14,249.69,0.0376,0.1500,0.0000,0.1491,0.0000,0.1667,0.0039,0.0200,0.2175,0.0303,0.1823,0.0005,0.2180,0.0000
1785423179.61,31,drive,0,3.0,15.0,40.773,25.14,249.69,0.0362,0.1505,0.0000,0.1481,0.0000,0.1652,0.0034,0.0200,0.2195,0.0313,0.1882,0.0029,0.2180,0.0000
1785423179.70,31,drive,1,3.0,15.0,40.773,25.14,249.69,0.0386,0.1500,0.0000,0.1496,0.0000,0.1686,0.0029,0.0166,0.2199,0.0293,0.1843,0.0034,0.2185,0.0000
1785423179.80,31,drive,2,3.0,15.0,40.773,25.14,249.69,0.0415,0.1505,0.0000,0.1491,0.0005,0.1657,0.0034,0.0210,0.2180,0.0288,0.1823,0.0044,0.2195,0.0000
1785423179.89,31,drive,3,3.0,15.0,40.773,25.14,249.69,0.0401,0.1525,0.0000,0.1496,0.0005,0.1662,0.0010,0.0200,0.2185,0.0293,0.1838,0.0049,0.2180,0.0015
1785423181.18,31,drive,0,3.5,15.0,40.773,25.14,249.69,0.0386,0.1500,0.0005,0.1486,0.0000,0.1647,0.0020,0.0210,0.2185,0.0283,0.1857,0.0064,0.2175,0.0000
1785423181.27,31,drive,1,3.5,15.0,40.773,25.14,249.69,0.0391,0.1500,0.0010,0.1491,0.0000,0.1662,0.0034,0.0200,0.2170,0.0323,0.1838,0.0083,0.2195,0.0000
1785423181.37,31,drive,2,3.5,15.0,40.773,25.14,249.69,0.0367,0.1486,0.0000,0.1486,0.0010,0.1662,0.0029,0.0210,0.2180,0.0293,0.1852,0.0059,0.2195,0.0000
1785423181.46,31,drive,3,3.5,15.0,40.773,25.14,249.69,0.0406,0.1486,0.0005,0.1500,0.0000,0.1706,0.0024,0.0210,0.2170,0.0283,0.1872,0.0044,0.2160,0.0000
1785423182.75,31,drive,0,4.0,15.0,40.773,25.14,249.69,0.0376,0.1452,0.0000,0.1500,0.0000,0.1672,0.0029,0.0196,0.2170,0.0298,0.1828,0.0044,0.2190,0.0000
1785423182.84,31,drive,1,4.0,15.0,40.773,25.14,249.69,0.0420,0.1476,0.0005,0.1515,0.0000,0.1672,0.0020,0.0210,0.2160,0.0293,0.1848,0.0034,0.2180,0.0000
1785423182.94,31,drive,2,4.0,15.0,40.773,25.14,249.69,0.0411,0.1486,0.0000,0.1500,0.0000,0.1647,0.0020,0.0171,0.2155,0.0298,0.1862,0.0049,0.2155,0.0000
1785423183.03,31,drive,3,4.0,15.0,40.773,25.14,249.69,0.0401,0.1520,0.0000,0.1510,0.0000,0.1667,0.0020,0.0196,0.2190,0.0298,0.1882,0.0044,0.2185,0.0000
1785423184.38,32,base,0,0.0,15.0,40.753,25.14,249.69,0.0376,0.1520,0.0000,0.1496,0.0000,0.1681,0.0015,0.0196,0.2175,0.0308,0.1843,0.0029,0.2180,0.0000
1785423184.48,32,base,1,0.0,15.0,40.753,25.14,249.69,0.0401,0.1525,0.0000,0.1505,0.0000,0.1652,0.0029,0.0191,0.2151,0.0293,0.1887,0.0064,0.2190,0.0000
1785423184.57,32,base,2,0.0,15.0,40.753,25.14,249.69,0.0430,0.1510,0.0005,0.1496,0.0005,0.1652,0.0029,0.0196,0.2180,0.0288,0.1877,0.0034,0.2165,0.0000
1785423184.66,32,base,3,0.0,15.0,40.753,25.14,249.69,0.0362,0.1510,0.0000,0.1530,0.0000,0.1676,0.0039,0.0191,0.2170,0.0283,0.1843,0.0024,0.2209,0.0000
1785423185.95,32,drive,0,0.0,15.0,40.753,25.14,249.69,0.0367,0.1500,0.0000,0.1505,0.0000,0.1667,0.0015,0.0186,0.2180,0.0274,0.1843,0.0020,0.2195,0.0000
1785423186.05,32,drive,1,0.0,15.0,40.753,25.14,249.69,0.0376,0.1510,0.0000,0.1481,0.0000,0.1652,0.0015,0.0205,0.2165,0.0313,0.1848,0.0029,0.2165,0.0005
1785423186.14,32,drive,2,0.0,15.0,40.753,25.14,249.69,0.0386,0.1500,0.0000,0.1525,0.0000,0.1672,0.0015,0.0200,0.2155,0.0293,0.1852,0.0020,0.2185,0.0010
1785423186.23,32,drive,3,0.0,15.0,40.753,25.14,249.69,0.0425,0.1491,0.0000,0.1525,0.0000,0.1652,0.0015,0.0210,0.2151,0.0323,0.1857,0.0054,0.2170,0.0000
1785423187.52,32,drive,0,0.5,15.0,40.753,25.14,249.69,0.0396,0.1520,0.0000,0.1505,0.0000,0.1672,0.0010,0.0196,0.2175,0.0288,0.1867,0.0044,0.2180,0.0000
1785423187.62,32,drive,1,0.5,15.0,40.753,25.14,249.69,0.0371,0.1535,0.0000,0.1496,0.0005,0.1681,0.0015,0.0186,0.2195,0.0293,0.1833,0.0034,0.2204,0.0000
1785423187.71,32,drive,2,0.5,15.0,40.753,25.14,249.69,0.0420,0.1505,0.0000,0.1500,0.0010,0.1667,0.0015,0.0210,0.2190,0.0298,0.1857,0.0034,0.2180,0.0000
1785423187.80,32,drive,3,0.5,15.0,40.753,25.14,249.69,0.0376,0.1457,0.0000,0.1525,0.0000,0.1667,0.0015,0.0186,0.2190,0.0293,0.1843,0.0039,0.2199,0.0000
1785423189.09,32,drive,0,1.0,15.0,40.753,25.14,249.69,0.0391,0.1530,0.0000,0.1486,0.0000,0.1657,0.0034,0.0220,0.2165,0.0323,0.1857,0.0039,0.2185,0.0005
1785423189.19,32,drive,1,1.0,15.0,40.753,25.14,249.69,0.0376,0.1481,0.0000,0.1471,0.0005,0.1662,0.0039,0.0186,0.2195,0.0323,0.1867,0.0024,0.2204,0.0000
1785423189.28,32,drive,2,1.0,15.0,40.753,25.14,249.69,0.0386,0.1505,0.0005,0.1491,0.0000,0.1667,0.0024,0.0191,0.2175,0.0269,0.1833,0.0059,0.2199,0.0005
1785423189.38,32,drive,3,1.0,15.0,40.753,25.14,249.69,0.0396,0.1476,0.0000,0.1500,0.0000,0.1657,0.0034,0.0191,0.2185,0.0283,0.1877,0.0015,0.2175,0.0000
1785423190.66,32,drive,0,1.5,15.0,40.753,25.14,249.69,0.0401,0.1510,0.0000,0.1515,0.0005,0.1686,0.0020,0.0196,0.2209,0.0283,0.1852,0.0039,0.2195,0.0005
1785423190.75,32,drive,1,1.5,15.0,40.753,25.14,249.69,0.0391,0.1510,0.0000,0.1496,0.0005,0.1672,0.0024,0.0161,0.2170,0.0298,0.1852,0.0044,0.2195,0.0005
1785423190.85,32,drive,2,1.5,15.0,40.753,25.14,249.69,0.0367,0.1510,0.0000,0.1505,0.0000,0.1676,0.0010,0.0186,0.2195,0.0279,0.1862,0.0039,0.2185,0.0000
1785423190.94,32,drive,3,1.5,15.0,40.753,25.14,249.69,0.0386,0.1515,0.0005,0.1486,0.0000,0.1662,0.0024,0.0200,0.2175,0.0279,0.1848,0.0039,0.2199,0.0000
1785423192.23,32,drive,0,2.0,15.0,40.753,25.14,249.69,0.0415,0.1515,0.0000,0.1515,0.0000,0.1672,0.0015,0.0205,0.2160,0.0303,0.1867,0.0015,0.2180,0.0000
1785423192.33,32,drive,1,2.0,15.0,40.753,25.14,249.69,0.0401,0.1505,0.0000,0.1530,0.0000,0.1681,0.0029,0.0196,0.2160,0.0269,0.1857,0.0034,0.2180,0.0000
1785423192.42,32,drive,2,2.0,15.0,40.753,25.14,249.69,0.0401,0.1520,0.0000,0.1500,0.0005,0.1662,0.0029,0.0220,0.2170,0.0293,0.1843,0.0039,0.2185,0.0000
1785423192.51,32,drive,3,2.0,15.0,40.753,25.14,249.69,0.0391,0.1496,0.0000,0.1496,0.0005,0.1657,0.0010,0.0215,0.2165,0.0298,0.1877,0.0034,0.2175,0.0000
1785423193.80,32,drive,0,2.5,15.0,40.753,25.14,249.69,0.0371,0.1505,0.0000,0.1486,0.0005,0.1686,0.0024,0.0200,0.2185,0.0288,0.1862,0.0044,0.2185,0.0000
1785423193.89,32,drive,1,2.5,15.0,40.753,25.14,249.69,0.0406,0.1515,0.0000,0.1525,0.0000,0.1681,0.0020,0.0220,0.2180,0.0283,0.1857,0.0029,0.2199,0.0000
1785423193.99,32,drive,2,2.5,15.0,40.753,25.14,249.69,0.0415,0.1505,0.0000,0.1466,0.0000,0.1676,0.0034,0.0205,0.2185,0.0303,0.1848,0.0024,0.2165,0.0000
1785423194.08,32,drive,3,2.5,15.0,40.753,25.14,249.69,0.0415,0.1486,0.0000,0.1505,0.0015,0.1642,0.0020,0.0205,0.2165,0.0293,0.1882,0.0049,0.2155,0.0005
1785423195.37,32,drive,0,3.0,15.0,40.753,25.14,249.69,0.0396,0.1530,0.0000,0.1491,0.0005,0.1662,0.0000,0.0200,0.2199,0.0283,0.1862,0.0029,0.2195,0.0000
1785423195.47,32,drive,1,3.0,15.0,40.753,25.14,249.69,0.0381,0.1505,0.0000,0.1525,0.0000,0.1657,0.0015,0.0191,0.2185,0.0293,0.1843,0.0015,0.2195,0.0005
1785423195.56,32,drive,2,3.0,15.0,40.753,25.14,249.69,0.0381,0.1510,0.0000,0.1510,0.0000,0.1647,0.0029,0.0196,0.2204,0.0279,0.1857,0.0039,0.2209,0.0005
1785423195.65,32,drive,3,3.0,15.0,40.753,25.14,249.69,0.0406,0.1500,0.0005,0.1510,0.0005,0.1672,0.0015,0.0210,0.2204,0.0274,0.1872,0.0029,0.2170,0.0000
1785423196.94,32,drive,0,3.5,15.0,40.753,25.14,249.69,0.0381,0.1491,0.0000,0.1505,0.0000,0.1681,0.0015,0.0181,0.2170,0.0323,0.1852,0.0039,0.2204,0.0000
1785423197.04,32,drive,1,3.5,15.0,40.753,25.14,249.69,0.0386,0.1515,0.0000,0.1500,0.0000,0.1706,0.0039,0.0196,0.2141,0.0303,0.1872,0.0039,0.2180,0.0000
1785423197.13,32,drive,2,3.5,15.0,40.753,25.14,249.69,0.0401,0.1500,0.0000,0.1500,0.0005,0.1681,0.0034,0.0191,0.2199,0.0283,0.1867,0.0044,0.2209,0.0005
1785423197.22,32,drive,3,3.5,15.0,40.753,25.14,249.69,0.0386,0.1496,0.0000,0.1496,0.0000,0.1681,0.0034,0.0186,0.2160,0.0279,0.1872,0.0039,0.2195,0.0015
1785423198.51,32,drive,0,4.0,15.0,40.753,25.14,249.69,0.0401,0.1540,0.0000,0.1500,0.0010,0.1691,0.0024,0.0200,0.2170,0.0293,0.1867,0.0029,0.2199,0.0000
1785423198.60,32,drive,1,4.0,15.0,40.753,25.14,249.69,0.0371,0.1515,0.0000,0.1461,0.0000,0.1691,0.0024,0.0191,0.2190,0.0323,0.1867,0.0059,0.2190,0.0000
1785423198.70,32,drive,2,4.0,15.0,40.753,25.14,249.69,0.0401,0.1476,0.0000,0.1481,0.0010,0.1676,0.0010,0.0220,0.2190,0.0303,0.1838,0.0034,0.2165,0.0000
1785423198.79,32,drive,3,4.0,15.0,40.753,25.14,249.69,0.0376,0.1530,0.0000,0.1510,0.0000,0.1652,0.0024,0.0191,0.2175,0.0279,0.1877,0.0049,0.2165,0.0000
1785423200.15,33,base,0,0.0,15.0,40.813,25.14,249.70,0.0381,0.1510,0.0000,0.1505,0.0000,0.1647,0.0024,0.0205,0.2209,0.0259,0.1882,0.0049,0.2170,0.0000
1785423200.24,33,base,1,0.0,15.0,40.813,25.14,249.70,0.0401,0.1515,0.0000,0.1500,0.0005,0.1681,0.0024,0.0220,0.2175,0.0298,0.1887,0.0029,0.2151,0.0000
1785423200.34,33,base,2,0.0,15.0,40.813,25.14,249.70,0.0386,0.1491,0.0005,0.1515,0.0000,0.1623,0.0044,0.0210,0.2190,0.0279,0.1833,0.0049,0.2185,0.0000
1785423200.43,33,base,3,0.0,15.0,40.813,25.14,249.70,0.0396,0.1515,0.0005,0.1505,0.0010,0.1676,0.0034,0.0205,0.2180,0.0283,0.1877,0.0039,0.2170,0.0005
1785423201.72,33,drive,0,0.0,15.0,40.813,25.14,249.70,0.0371,0.1535,0.0000,0.1486,0.0000,0.1681,0.0015,0.0196,0.2165,0.0293,0.1862,0.0054,0.2195,0.0000
1785423201.81,33,drive,1,0.0,15.0,40.813,25.14,249.70,0.0391,0.1491,0.0000,0.1496,0.0015,0.1681,0.0044,0.0205,0.2190,0.0288,0.1867,0.0024,0.2180,0.0000
1785423201.91,33,drive,2,0.0,15.0,40.813,25.14,249.70,0.0396,0.1491,0.0000,0.1520,0.0005,0.1662,0.0029,0.0205,0.2190,0.0259,0.1862,0.0059,0.2185,0.0000
1785423202.00,33,drive,3,0.0,15.0,40.813,25.14,249.70,0.0406,0.1496,0.0000,0.1491,0.0000,0.1691,0.0015,0.0205,0.2170,0.0308,0.1887,0.0024,0.2175,0.0000
1785423203.29,33,drive,0,0.5,15.0,40.813,25.14,249.70,0.0386,0.1535,0.0000,0.1500,0.0000,0.1647,0.0020,0.0196,0.2170,0.0269,0.1857,0.0039,0.2185,0.0000
1785423203.38,33,drive,1,0.5,15.0,40.813,25.14,249.70,0.0371,0.1491,0.0020,0.1491,0.0000,0.1672,0.0034,0.0191,0.2175,0.0288,0.1867,0.0034,0.2195,0.0005
1785423203.48,33,drive,2,0.5,15.0,40.813,25.14,249.70,0.0406,0.1554,0.0000,0.1471,0.0010,0.1686,0.0044,0.0191,0.2165,0.0288,0.1848,0.0044,0.2190,0.0000
1785423203.57,33,drive,3,0.5,15.0,40.813,25.14,249.70,0.0376,0.1500,0.0005,0.1505,0.0000,0.1642,0.0034,0.0210,0.2175,0.0283,0.1862,0.0024,0.2190,0.0000
1785423204.86,33,drive,0,1.0,15.0,40.813,25.14,249.70,0.0386,0.1510,0.0005,0.1500,0.0000,0.1662,0.0039,0.0191,0.2165,0.0283,0.1862,0.0029,0.2180,0.0000
1785423204.95,33,drive,1,1.0,15.0,40.813,25.14,249.70,0.0401,0.1491,0.0000,0.1486,0.0000,0.1676,0.0010,0.0176,0.2170,0.0274,0.1872,0.0034,0.2190,0.0000
1785423205.05,33,drive,2,1.0,15.0,40.813,25.14,249.70,0.0386,0.1505,0.0005,0.1496,0.0000,0.1686,0.0015,0.0186,0.2185,0.0303,0.1867,0.0049,0.2190,0.0005
1785423205.14,33,drive,3,1.0,15.0,40.813,25.14,249.70,0.0411,0.1500,0.0000,0.1510,0.0005,0.1676,0.0020,0.0220,0.2224,0.0283,0.1857,0.0029,0.2165,0.0010
1785423206.43,33,drive,0,1.5,15.0,40.813,25.14,249.70,0.0411,0.1486,0.0000,0.1520,0.0015,0.1681,0.0010,0.0191,0.2204,0.0303,0.1848,0.0024,0.2204,0.0000
1785423206.52,33,drive,1,1.5,15.0,40.813,25.14,249.70,0.0391,0.1535,0.0000,0.1505,0.0000,0.1667,0.0029,0.0215,0.2195,0.0298,0.1857,0.0034,0.2185,0.0010
1785423206.62,33,drive,2,1.5,15.0,40.813,25.14,249.70,0.0401,0.1496,0.0000,0.1505,0.0000,0.1672,0.0005,0.0210,0.2190,0.0283,0.1857,0.0044,0.2190,0.0000
1785423206.71,33,drive,3,1.5,15.0,40.813,25.14,249.70,0.0401,0.1500,0.0000,0.1491,0.0000,0.1652,0.0044,0.0186,0.2185,0.0298,0.1857,0.0024,0.2160,0.0005
1785423208.00,33,drive,0,2.0,15.0,40.813,25.14,249.70,0.0391,0.1466,0.0000,0.1505,0.0000,0.1667,0.0020,0.0220,0.2180,0.0283,0.1857,0.0034,0.2180,0.0000
1785423208.09,33,drive,1,2.0,15.0,40.813,25.14,249.70,0.0396,0.1491,0.0000,0.1505,0.0005,0.1686,0.0034,0.0196,0.2170,0.0308,0.1882,0.0049,0.2180,0.0000
1785423208.18,33,drive,2,2.0,15.0,40.813,25.14,249.70,0.0371,0.1491,0.0005,0.1500,0.0000,0.1672,0.0020,0.0205,0.2185,0.0288,0.1852,0.0044,0.2214,0.0005
1785423208.28,33,drive,3,2.0,15.0,40.813,25.14,249.70,0.0381,0.1486,0.0005,0.1486,0.0000,0.1691,0.0024,0.0205,0.2195,0.0259,0.1877,0.0064,0.2190,0.0000
1785423209.56,33,drive,0,2.5,15.0,40.813,25.14,249.70,0.0411,0.1471,0.0000,0.1505,0.0000,0.1686,0.0029,0.0191,0.2180,0.0288,0.1833,0.0029,0.2175,0.0005
1785423209.66,33,drive,1,2.5,15.0,40.813,25.14,249.70,0.0411,0.1491,0.0000,0.1496,0.0000,0.1662,0.0015,0.0205,0.2165,0.0308,0.1862,0.0034,0.2199,0.0000
1785423209.75,33,drive,2,2.5,15.0,40.813,25.14,249.70,0.0406,0.1525,0.0000,0.1496,0.0000,0.1657,0.0015,0.0181,0.2165,0.0283,0.1857,0.0044,0.2199,0.0000
1785423209.84,33,drive,3,2.5,15.0,40.813,25.14,249.70,0.0415,0.1486,0.0000,0.1505,0.0005,0.1701,0.0015,0.0235,0.2190,0.0288,0.1857,0.0049,0.2180,0.0010
1785423211.13,33,drive,0,3.0,15.0,40.813,25.14,249.70,0.0386,0.1505,0.0000,0.1491,0.0005,0.1657,0.0024,0.0205,0.2195,0.0269,0.1887,0.0029,0.2146,0.0000
1785423211.23,33,drive,1,3.0,15.0,40.813,25.14,249.70,0.0391,0.1500,0.0005,0.1510,0.0000,0.1667,0.0020,0.0215,0.2199,0.0313,0.1867,0.0020,0.2175,0.0000
1785423211.32,33,drive,2,3.0,15.0,40.813,25.14,249.70,0.0401,0.1535,0.0000,0.1491,0.0010,0.1662,0.0024,0.0186,0.2190,0.0288,0.1862,0.0049,0.2195,0.0000
1785423211.42,33,drive,3,3.0,15.0,40.813,25.14,249.70,0.0401,0.1491,0.0000,0.1491,0.0000,0.1642,0.0020,0.0181,0.2165,0.0313,0.1852,0.0029,0.2214,0.0000
1785423212.70,33,drive,0,3.5,15.0,40.813,25.14,249.70,0.0371,0.1505,0.0000,0.1486,0.0000,0.1667,0.0024,0.0156,0.2180,0.0308,0.1857,0.0049,0.2199,0.0000
1785423212.80,33,drive,1,3.5,15.0,40.813,25.14,249.70,0.0411,0.1496,0.0000,0.1510,0.0000,0.1647,0.0010,0.0181,0.2165,0.0269,0.1872,0.0039,0.2204,0.0000
1785423212.89,33,drive,2,3.5,15.0,40.813,25.14,249.70,0.0386,0.1500,0.0000,0.1510,0.0000,0.1676,0.0039,0.0200,0.2165,0.0283,0.1877,0.0024,0.2190,0.0005
1785423212.98,33,drive,3,3.5,15.0,40.813,25.14,249.70,0.0391,0.1466,0.0000,0.1491,0.0000,0.1642,0.0024,0.0196,0.2199,0.0303,0.1852,0.0015,0.2199,0.0000
1785423214.27,33,drive,0,4.0,15.0,40.813,25.14,249.70,0.0411,0.1500,0.0000,0.1515,0.0000,0.1676,0.0015,0.0230,0.2175,0.0288,0.1852,0.0059,0.2190,0.0000
1785423214.36,33,drive,1,4.0,15.0,40.813,25.14,249.70,0.0420,0.1505,0.0000,0.1466,0.0010,0.1691,0.0029,0.0181,0.2195,0.0298,0.1862,0.0029,0.2185,0.0000
1785423214.46,33,drive,2,4.0,15.0,40.813,25.14,249.70,0.0386,0.1535,0.0000,0.1496,0.0000,0.1676,0.0024,0.0200,0.2180,0.0288,0.1867,0.0024,0.2170,0.0005
1785423214.55,33,drive,3,4.0,15.0,40.813,25.14,249.70,0.0406,0.1505,0.0000,0.1476,0.0000,0.1672,0.0034,0.0205,0.2190,0.0279,0.1867,0.0044,0.2180,0.0000
1785423215.92,35,base,0,0.0,15.0,40.733,25.14,249.70,0.0401,0.1520,0.0000,0.1486,0.0000,0.1672,0.0010,0.0200,0.2165,0.0293,0.1882,0.0015,0.2175,0.0000
1785423216.01,35,base,1,0.0,15.0,40.733,25.14,249.70,0.0367,0.1491,0.0000,0.1496,0.0000,0.1691,0.0029,0.0191,0.2180,0.0288,0.1848,0.0049,0.2204,0.0000
1785423216.11,35,base,2,0.0,15.0,40.733,25.14,249.70,0.0391,0.1500,0.0000,0.1520,0.0000,0.1652,0.0020,0.0220,0.2185,0.0288,0.1877,0.0049,0.2165,0.0005
1785423216.20,35,base,3,0.0,15.0,40.733,25.14,249.70,0.0425,0.1540,0.0000,0.1496,0.0005,0.1676,0.0015,0.0176,0.2180,0.0283,0.1862,0.0029,0.2195,0.0000
1785423217.49,35,drive,0,0.0,15.0,40.733,25.14,249.70,0.0406,0.1515,0.0005,0.1500,0.0000,0.1681,0.0034,0.0210,0.2195,0.0308,0.1872,0.0044,0.2165,0.0000
1785423217.58,35,drive,1,0.0,15.0,40.733,25.14,249.70,0.0391,0.1515,0.0005,0.1476,0.0000,0.1647,0.0010,0.0220,0.2185,0.0288,0.1862,0.0049,0.2170,0.0005
1785423217.68,35,drive,2,0.0,15.0,40.733,25.14,249.70,0.0435,0.1530,0.0000,0.1520,0.0005,0.1667,0.0039,0.0210,0.2190,0.0283,0.1867,0.0024,0.2180,0.0000
1785423217.77,35,drive,3,0.0,15.0,40.733,25.14,249.70,0.0406,0.1486,0.0005,0.1496,0.0015,0.1672,0.0029,0.0191,0.2195,0.0318,0.1838,0.0024,0.2195,0.0010
1785423219.06,35,drive,0,0.5,15.0,40.733,25.14,249.70,0.0391,0.1500,0.0005,0.1496,0.0000,0.1701,0.0039,0.0210,0.2195,0.0283,0.1872,0.0054,0.2185,0.0005
1785423219.15,35,drive,1,0.5,15.0,40.733,25.14,249.70,0.0425,0.1496,0.0010,0.1510,0.0000,0.1623,0.0034,0.0210,0.2170,0.0313,0.1896,0.0044,0.2195,0.0010
1785423219.25,35,drive,2,0.5,15.0,40.733,25.14,249.70,0.0381,0.1525,0.0005,0.1520,0.0005,0.1686,0.0010,0.0225,0.2185,0.0298,0.1862,0.0044,0.2209,0.0005
1785423219.34,35,drive,3,0.5,15.0,40.733,25.14,249.70,0.0406,0.1500,0.0000,0.1520,0.0000,0.1667,0.0024,0.0186,0.2214,0.0274,0.1872,0.0024,0.2195,0.0000
1785423220.63,35,drive,0,1.0,15.0,40.733,25.14,249.70,0.0406,0.1515,0.0000,0.1486,0.0000,0.1662,0.0024,0.0196,0.2190,0.0279,0.1843,0.0064,0.2190,0.0000
1785423220.73,35,drive,1,1.0,15.0,40.733,25.14,249.70,0.0391,0.1505,0.0005,0.1510,0.0005,0.1676,0.0039,0.0186,0.2199,0.0313,0.1867,0.0044,0.2185,0.0000
1785423220.82,35,drive,2,1.0,15.0,40.733,25.14,249.70,0.0415,0.1510,0.0000,0.1520,0.0015,0.1672,0.0024,0.0200,0.2204,0.0279,0.1882,0.0020,0.2190,0.0010
1785423220.91,35,drive,3,1.0,15.0,40.733,25.14,249.70,0.0415,0.1510,0.0005,0.1486,0.0000,0.1676,0.0068,0.0200,0.2190,0.0303,0.1877,0.0059,0.2185,0.0000
1785423222.20,35,drive,0,1.5,15.0,40.733,25.14,249.70,0.0435,0.1535,0.0000,0.1510,0.0005,0.1676,0.0054,0.0171,0.2165,0.0308,0.1862,0.0039,0.2151,0.0005
1785423222.30,35,drive,1,1.5,15.0,40.733,25.14,249.70,0.0415,0.1496,0.0010,0.1496,0.0005,0.1681,0.0049,0.0147,0.2190,0.0332,0.1852,0.0039,0.2160,0.0000
1785423222.39,35,drive,2,1.5,15.0,40.733,25.14,249.70,0.0401,0.1500,0.0000,0.1530,0.0015,0.1652,0.0039,0.0176,0.2190,0.0318,0.1862,0.0054,0.2165,0.0000
1785423222.48,35,drive,3,1.5,15.0,40.733,25.14,249.70,0.0401,0.1496,0.0000,0.1491,0.0000,0.1681,0.0024,0.0176,0.2175,0.0323,0.1828,0.0024,0.2180,0.0005
1785423223.77,35,drive,0,2.0,15.0,40.733,25.14,249.70,0.0406,0.1496,0.0000,0.1500,0.0005,0.1657,0.0068,0.0127,0.2175,0.0308,0.1857,0.0020,0.2126,0.0000
1785423223.86,35,drive,1,2.0,15.0,40.733,25.14,249.70,0.0406,0.1505,0.0000,0.1491,0.0005,0.1623,0.0044,0.0117,0.2170,0.0327,0.1838,0.0020,0.2141,0.0005
1785423223.96,35,drive,2,2.0,15.0,40.733,25.14,249.70,0.0406,0.1461,0.0000,0.1500,0.0000,0.1618,0.0034,0.0137,0.2170,0.0332,0.1848,0.0044,0.2136,0.0005
1785423224.05,35,drive,3,2.0,15.0,40.733,25.14,249.70,0.0430,0.1515,0.0005,0.1461,0.0005,0.1647,0.0020,0.0147,0.2126,0.0357,0.1828,0.0005,0.2131,0.0000
1785423225.34,35,drive,0,2.5,15.0,40.733,25.14,249.70,0.0415,0.1510,0.0000,0.1461,0.0015,0.1593,0.0024,0.0147,0.2160,0.0327,0.1872,0.0020,0.2155,0.0000
1785423225.44,35,drive,1,2.5,15.0,40.733,25.14,249.70,0.0445,0.1505,0.0000,0.1457,0.0015,0.1598,0.0029,0.0112,0.2141,0.0337,0.1867,0.0024,0.2136,0.0005
1785423225.53,35,drive,2,2.5,15.0,40.733,25.14,249.70,0.0440,0.1510,0.0000,0.1447,0.0010,0.1628,0.0034,0.0103,0.2136,0.0357,0.1857,0.0029,0.2131,0.0000
1785423225.62,35,drive,3,2.5,15.0,40.733,25.14,249.70,0.0411,0.1549,0.0000,0.1447,0.0000,0.1628,0.0034,0.0078,0.2136,0.0318,0.1848,0.0029,0.2121,0.0000
1785423226.91,35,drive,0,3.0,15.0,40.733,25.14,249.70,0.0450,0.1520,0.0000,0.1457,0.0000,0.1588,0.0000,0.0098,0.2092,0.0327,0.1921,0.0024,0.2141,0.0000
1785423227.01,35,drive,1,3.0,15.0,40.733,25.14,249.70,0.0440,0.1569,0.0010,0.1427,0.0000,0.1618,0.0005,0.0098,0.2107,0.0347,0.1931,0.0024,0.2151,0.0005
1785423227.10,35,drive,2,3.0,15.0,40.733,25.14,249.70,0.0440,0.1549,0.0000,0.1452,0.0000,0.1579,0.0010,0.0112,0.2097,0.0352,0.1906,0.0020,0.2151,0.0005
1785423227.20,35,drive,3,3.0,15.0,40.733,25.14,249.70,0.0445,0.1535,0.0000,0.1432,0.0000,0.1579,0.0020,0.0127,0.2136,0.0337,0.1911,0.0024,0.2151,0.0000
1785423228.49,35,drive,0,3.5,15.0,40.733,25.14,249.70,0.0440,0.1559,0.0005,0.1500,0.0005,0.1618,0.0020,0.0137,0.2136,0.0308,0.1926,0.0034,0.2165,0.0000
1785423228.58,35,drive,1,3.5,15.0,40.733,25.14,249.70,0.0469,0.1544,0.0000,0.1515,0.0010,0.1637,0.0015,0.0122,0.2102,0.0332,0.1911,0.0039,0.2146,0.0005
1785423228.67,35,drive,2,3.5,15.0,40.733,25.14,249.70,0.0455,0.1559,0.0000,0.1544,0.0000,0.1623,0.0010,0.0142,0.2155,0.0303,0.1960,0.0020,0.2175,0.0005
1785423228.77,35,drive,3,3.5,15.0,40.733,25.14,249.70,0.0459,0.1540,0.0010,0.1496,0.0000,0.1652,0.0015,0.0108,0.2165,0.0323,0.1931,0.0020,0.2155,0.0005
1785423230.05,35,drive,0,4.0,15.0,40.733,25.14,249.70,0.0455,0.1544,0.0005,0.1520,0.0005,0.1618,0.0020,0.0122,0.2141,0.0308,0.1926,0.0044,0.2151,0.0000
1785423230.15,35,drive,1,4.0,15.0,40.733,25.14,249.70,0.0445,0.1549,0.0000,0.1540,0.0010,0.1701,0.0024,0.0122,0.2136,0.0332,0.1926,0.0039,0.2126,0.0000
1785423230.24,35,drive,2,4.0,15.0,40.733,25.14,249.70,0.0469,0.1554,0.0000,0.1525,0.0015,0.1642,0.0020,0.0098,0.2126,0.0337,0.1916,0.0049,0.2155,0.0005
1785423230.34,35,drive,3,4.0,15.0,40.733,25.14,249.70,0.0479,0.1564,0.0000,0.1574,0.0005,0.1642,0.0015,0.0108,0.2136,0.0318,0.1901,0.0034,0.2141,0.0005
1785423231.70,36,base,0,0.0,15.0,40.733,25.14,249.70,0.0391,0.1554,0.0000,0.1515,0.0005,0.1642,0.0024,0.0200,0.2180,0.0269,0.1862,0.0029,0.2155,0.0000
1785423231.79,36,base,1,0.0,15.0,40.733,25.14,249.70,0.0367,0.1496,0.0005,0.1505,0.0010,0.1657,0.0039,0.0171,0.2170,0.0303,0.1848,0.0024,0.2190,0.0005
1785423231.89,36,base,2,0.0,15.0,40.733,25.14,249.70,0.0415,0.1476,0.0000,0.1510,0.0005,0.1647,0.0024,0.0200,0.2160,0.0288,0.1872,0.0044,0.2180,0.0000
1785423231.98,36,base,3,0.0,15.0,40.733,25.14,249.70,0.0386,0.1510,0.0000,0.1486,0.0000,0.1667,0.0029,0.0205,0.2175,0.0249,0.1867,0.0024,0.2175,0.0000
1785423233.27,36,drive,0,0.0,15.0,40.733,25.14,249.70,0.0406,0.1530,0.0000,0.1505,0.0010,0.1652,0.0039,0.0176,0.2155,0.0283,0.1877,0.0044,0.2180,0.0000
1785423233.37,36,drive,1,0.0,15.0,40.733,25.14,249.70,0.0391,0.1510,0.0000,0.1505,0.0000,0.1652,0.0005,0.0205,0.2195,0.0283,0.1833,0.0024,0.2209,0.0010
1785423233.46,36,drive,2,0.0,15.0,40.733,25.14,249.70,0.0415,0.1535,0.0000,0.1500,0.0010,0.1672,0.0024,0.0181,0.2190,0.0283,0.1843,0.0015,0.2195,0.0000
1785423233.55,36,drive,3,0.0,15.0,40.733,25.14,249.70,0.0376,0.1525,0.0000,0.1476,0.0010,0.1681,0.0015,0.0196,0.2180,0.0327,0.1852,0.0024,0.2170,0.0000
1785423234.84,36,drive,0,0.5,15.0,40.733,25.14,249.70,0.0376,0.1525,0.0000,0.1481,0.0000,0.1662,0.0039,0.0196,0.2195,0.0313,0.1877,0.0059,0.2175,0.0015
1785423234.94,36,drive,1,0.5,15.0,40.733,25.14,249.70,0.0381,0.1496,0.0005,0.1515,0.0000,0.1686,0.0015,0.0196,0.2175,0.0323,0.1867,0.0034,0.2229,0.0000
1785423235.03,36,drive,2,0.5,15.0,40.733,25.14,249.70,0.0425,0.1540,0.0005,0.1500,0.0000,0.1676,0.0020,0.0191,0.2180,0.0313,0.1872,0.0039,0.2180,0.0000
1785423235.13,36,drive,3,0.5,15.0,40.733,25.14,249.70,0.0401,0.1505,0.0000,0.1486,0.0000,0.1647,0.0005,0.0186,0.2175,0.0323,0.1906,0.0039,0.2185,0.0000
1785423236.41,36,drive,0,1.0,15.0,40.733,25.14,249.70,0.0391,0.1491,0.0005,0.1481,0.0000,0.1657,0.0020,0.0166,0.2204,0.0406,0.1901,0.0024,0.2195,0.0010
1785423236.51,36,drive,1,1.0,15.0,40.733,25.14,249.70,0.0401,0.1496,0.0005,0.1486,0.0005,0.1637,0.0010,0.0176,0.2199,0.0371,0.1916,0.0059,0.2219,0.0005
1785423236.60,36,drive,2,1.0,15.0,40.733,25.14,249.70,0.0391,0.1515,0.0005,0.1486,0.0000,0.1667,0.0015,0.0176,0.2155,0.0376,0.1931,0.0064,0.2204,0.0000
1785423236.70,36,drive,3,1.0,15.0,40.733,25.14,249.70,0.0406,0.1505,0.0000,0.1505,0.0000,0.1662,0.0015,0.0152,0.2214,0.0367,0.1921,0.0059,0.2185,0.0000
1785423237.98,36,drive,0,1.5,15.0,40.733,25.14,249.70,0.0396,0.1496,0.0000,0.1461,0.0010,0.1642,0.0010,0.0156,0.2209,0.0415,0.2014,0.0068,0.2190,0.0005
1785423238.07,36,drive,1,1.5,15.0,40.733,25.14,249.70,0.0420,0.1515,0.0000,0.1457,0.0010,0.1657,0.0005,0.0147,0.2199,0.0440,0.2023,0.0059,0.2195,0.0000
1785423238.17,36,drive,2,1.5,15.0,40.733,25.14,249.70,0.0411,0.1486,0.0000,0.1466,0.0000,0.1628,0.0005,0.0112,0.2199,0.0415,0.2004,0.0054,0.2204,0.0000
1785423238.26,36,drive,3,1.5,15.0,40.733,25.14,249.70,0.0396,0.1520,0.0000,0.1476,0.0005,0.1642,0.0010,0.0127,0.2204,0.0415,0.1999,0.0054,0.2209,0.0005
1785423239.55,36,drive,0,2.0,15.0,40.733,25.14,249.70,0.0415,0.1549,0.0000,0.1486,0.0005,0.1618,0.0010,0.0054,0.2180,0.0401,0.2097,0.0064,0.2185,0.0000
1785423239.65,36,drive,1,2.0,15.0,40.733,25.14,249.70,0.0411,0.1515,0.0000,0.1525,0.0020,0.1637,0.0010,0.0068,0.2146,0.0396,0.2111,0.0054,0.2175,0.0005
1785423239.74,36,drive,2,2.0,15.0,40.733,25.14,249.70,0.0440,0.1525,0.0005,0.1540,0.0000,0.1637,0.0005,0.0059,0.2155,0.0396,0.2121,0.0049,0.2185,0.0000
1785423239.84,36,drive,3,2.0,15.0,40.733,25.14,249.70,0.0396,0.1530,0.0005,0.1471,0.0000,0.1603,0.0020,0.0034,0.2180,0.0391,0.2121,0.0083,0.2185,0.0000
1785423241.12,36,drive,0,2.5,15.0,40.733,25.14,249.70,0.0411,0.1579,0.0000,0.1564,0.0000,0.1672,0.0015,0.0020,0.2043,0.0230,0.2180,0.0064,0.2146,0.0005
1785423241.22,36,drive,1,2.5,15.0,40.733,25.14,249.70,0.0435,0.1544,0.0000,0.1544,0.0000,0.1686,0.0005,0.0000,0.2033,0.0244,0.2190,0.0059,0.2155,0.0000
1785423241.31,36,drive,2,2.5,15.0,40.733,25.14,249.70,0.0435,0.1564,0.0010,0.1549,0.0010,0.1701,0.0010,0.0010,0.2038,0.0244,0.2190,0.0068,0.2170,0.0010
1785423241.41,36,drive,3,2.5,15.0,40.733,25.14,249.70,0.0450,0.1549,0.0000,0.1559,0.0005,0.1657,0.0005,0.0005,0.2063,0.0215,0.2190,0.0034,0.2151,0.0010
1785423242.69,36,drive,0,3.0,15.0,40.733,25.14,249.70,0.0459,0.1569,0.0005,0.1623,0.0005,0.1740,0.0000,0.0010,0.1975,0.0039,0.2136,0.0049,0.2146,0.0000
1785423242.79,36,drive,1,3.0,15.0,40.733,25.14,249.70,0.0445,0.1559,0.0010,0.1618,0.0020,0.1764,0.0015,0.0000,0.1975,0.0039,0.2151,0.0034,0.2151,0.0005
1785423242.88,36,drive,2,3.0,15.0,40.733,25.14,249.70,0.0455,0.1588,0.0000,0.1613,0.0010,0.1764,0.0010,0.0005,0.1994,0.0015,0.2151,0.0024,0.2141,0.0005
1785423242.98,36,drive,3,3.0,15.0,40.733,25.14,249.70,0.0445,0.1574,0.0005,0.1613,0.0000,0.1745,0.0015,0.0000,0.1965,0.0020,0.2151,0.0044,0.2146,0.0010
1785423244.27,36,drive,0,3.5,15.0,40.733,25.14,249.70,0.0479,0.1593,0.0000,0.1628,0.0024,0.1769,0.0039,0.0122,0.1989,0.0024,0.1931,0.0029,0.2121,0.0000
1785423244.36,36,drive,1,3.5,15.0,40.733,25.14,249.70,0.0445,0.1559,0.0015,0.1647,0.0015,0.1769,0.0054,0.0103,0.1984,0.0010,0.1901,0.0015,0.2107,0.0005
1785423244.45,36,drive,2,3.5,15.0,40.733,25.14,249.70,0.0474,0.1544,0.0015,0.1652,0.0010,0.1755,0.0029,0.0068,0.1989,0.0005,0.1911,0.0020,0.2121,0.0010
1785423244.55,36,drive,3,3.5,15.0,40.733,25.14,249.70,0.0430,0.1584,0.0000,0.1637,0.0015,0.1760,0.0039,0.0093,0.1999,0.0024,0.1901,0.0034,0.2121,0.0005
1785423245.83,36,drive,0,4.0,15.0,40.733,25.14,249.70,0.0459,0.1549,0.0010,0.1549,0.0000,0.1672,0.0044,0.0137,0.2151,0.0288,0.1804,0.0039,0.2136,0.0000
1785423245.93,36,drive,1,4.0,15.0,40.733,25.14,249.70,0.0435,0.1574,0.0015,0.1559,0.0015,0.1662,0.0039,0.0171,0.2126,0.0259,0.1818,0.0039,0.2165,0.0000
1785423246.02,36,drive,2,4.0,15.0,40.733,25.14,249.70,0.0464,0.1564,0.0005,0.1549,0.0015,0.1676,0.0034,0.0152,0.2102,0.0288,0.1823,0.0054,0.2151,0.0005
1785423246.12,36,drive,3,4.0,15.0,40.733,25.14,249.70,0.0450,0.1549,0.0005,0.1554,0.0005,0.1676,0.0059,0.0156,0.2097,0.0293,0.1808,0.0044,0.2126,0.0000
1785423247.48,40,base,0,0.0,15.0,40.733,25.14,249.70,0.0430,0.1510,0.0000,0.1466,0.0010,0.1691,0.0039,0.0200,0.2170,0.0313,0.1843,0.0029,0.2175,0.0000
1785423247.58,40,base,1,0.0,15.0,40.733,25.14,249.70,0.0381,0.1486,0.0000,0.1520,0.0005,0.1696,0.0015,0.0176,0.2155,0.0308,0.1838,0.0029,0.2195,0.0000
1785423247.67,40,base,2,0.0,15.0,40.733,25.14,249.70,0.0386,0.1515,0.0005,0.1496,0.0000,0.1706,0.0029,0.0200,0.2190,0.0259,0.1833,0.0044,0.2185,0.0005
1785423247.77,40,base,3,0.0,15.0,40.733,25.14,249.70,0.0371,0.1505,0.0000,0.1510,0.0000,0.1647,0.0034,0.0191,0.2170,0.0283,0.1852,0.0020,0.2214,0.0005
1785423249.05,40,drive,0,0.0,15.0,40.733,25.14,249.70,0.0430,0.1540,0.0000,0.1515,0.0000,0.1672,0.0020,0.0210,0.2185,0.0279,0.1862,0.0039,0.2175,0.0005
1785423249.15,40,drive,1,0.0,15.0,40.733,25.14,249.70,0.0391,0.1520,0.0000,0.1505,0.0000,0.1672,0.0020,0.0186,0.2146,0.0298,0.1843,0.0020,0.2190,0.0000
1785423249.24,40,drive,2,0.0,15.0,40.733,25.14,249.70,0.0401,0.1476,0.0000,0.1505,0.0000,0.1676,0.0010,0.0200,0.2175,0.0283,0.1852,0.0015,0.2160,0.0000
1785423249.34,40,drive,3,0.0,15.0,40.733,25.14,249.70,0.0406,0.1520,0.0000,0.1496,0.0015,0.1672,0.0005,0.0205,0.2175,0.0298,0.1857,0.0034,0.2185,0.0005
1785423250.62,40,drive,0,0.5,15.0,40.733,25.14,249.70,0.0435,0.1505,0.0005,0.1510,0.0000,0.1676,0.0015,0.0171,0.2219,0.0313,0.1877,0.0049,0.2175,0.0000
1785423250.72,40,drive,1,0.5,15.0,40.733,25.14,249.70,0.0401,0.1520,0.0000,0.1520,0.0005,0.1676,0.0020,0.0210,0.2175,0.0298,0.1857,0.0054,0.2165,0.0005
1785423250.81,40,drive,2,0.5,15.0,40.733,25.14,249.70,0.0401,0.1505,0.0005,0.1535,0.0000,0.1672,0.0029,0.0171,0.2175,0.0303,0.1857,0.0049,0.2204,0.0000
1785423250.91,40,drive,3,0.5,15.0,40.733,25.14,249.70,0.0406,0.1510,0.0000,0.1505,0.0000,0.1681,0.0024,0.0205,0.2160,0.0283,0.1852,0.0064,0.2209,0.0000
1785423252.20,40,drive,0,1.0,15.0,40.733,25.14,249.70,0.0420,0.1520,0.0000,0.1530,0.0000,0.1657,0.0039,0.0191,0.2195,0.0293,0.1872,0.0039,0.2190,0.0010
1785423252.29,40,drive,1,1.0,15.0,40.733,25.14,249.70,0.0406,0.1486,0.0000,0.1515,0.0005,0.1652,0.0015,0.0205,0.2190,0.0298,0.1906,0.0024,0.2204,0.0000
1785423252.39,40,drive,2,1.0,15.0,40.733,25.14,249.70,0.0420,0.1515,0.0005,0.1496,0.0005,0.1701,0.0044,0.0161,0.2199,0.0308,0.1891,0.0044,0.2180,0.0000
1785423252.48,40,drive,3,1.0,15.0,40.733,25.14,249.70,0.0386,0.1520,0.0000,0.1505,0.0000,0.1662,0.0024,0.0191,0.2170,0.0279,0.1891,0.0044,0.2175,0.0000
1785423253.77,40,drive,0,1.5,15.0,40.733,25.14,249.70,0.0450,0.1549,0.0000,0.1540,0.0005,0.1662,0.0039,0.0181,0.2190,0.0244,0.1960,0.0049,0.2185,0.0000
1785423253.86,40,drive,1,1.5,15.0,40.733,25.14,249.70,0.0401,0.1525,0.0000,0.1525,0.0000,0.1657,0.0034,0.0186,0.2204,0.0274,0.1970,0.0024,0.2165,0.0005
1785423253.96,40,drive,2,1.5,15.0,40.733,25.14,249.70,0.0435,0.1515,0.0010,0.1515,0.0005,0.1637,0.0024,0.0186,0.2180,0.0249,0.1931,0.0059,0.2204,0.0000
1785423254.05,40,drive,3,1.5,15.0,40.733,25.14,249.70,0.0445,0.1530,0.0000,0.1525,0.0005,0.1667,0.0039,0.0181,0.2185,0.0283,0.1931,0.0049,0.2195,0.0000
1785423255.34,40,drive,0,2.0,15.0,40.733,25.14,249.70,0.0435,0.1554,0.0010,0.1559,0.0000,0.1667,0.0024,0.0152,0.2175,0.0196,0.1989,0.0039,0.2185,0.0000
1785423255.44,40,drive,1,2.0,15.0,40.733,25.14,249.70,0.0420,0.1520,0.0000,0.1554,0.0005,0.1637,0.0029,0.0152,0.2195,0.0196,0.1984,0.0039,0.2214,0.0000
1785423255.53,40,drive,2,2.0,15.0,40.733,25.14,249.70,0.0420,0.1554,0.0000,0.1579,0.0005,0.1623,0.0024,0.0171,0.2195,0.0196,0.1970,0.0064,0.2199,0.0000
1785423255.62,40,drive,3,2.0,15.0,40.733,25.14,249.70,0.0435,0.1525,0.0000,0.1579,0.0005,0.1608,0.0029,0.0147,0.2195,0.0196,0.1975,0.0054,0.2160,0.0000
1785423256.91,40,drive,0,2.5,15.0,40.733,25.14,249.70,0.0455,0.1525,0.0000,0.1623,0.0005,0.1623,0.0024,0.0147,0.2141,0.0137,0.1979,0.0054,0.2175,0.0000
1785423257.01,40,drive,1,2.5,15.0,40.733,25.14,249.70,0.0455,0.1564,0.0005,0.1588,0.0000,0.1613,0.0010,0.0083,0.2199,0.0117,0.1970,0.0049,0.2185,0.0000
1785423257.10,40,drive,2,2.5,15.0,40.733,25.14,249.70,0.0415,0.1569,0.0000,0.1598,0.0010,0.1637,0.0020,0.0137,0.2151,0.0137,0.1994,0.0064,0.2165,0.0005
1785423257.20,40,drive,3,2.5,15.0,40.733,25.14,249.70,0.0415,0.1559,0.0000,0.1603,0.0000,0.1613,0.0024,0.0152,0.2165,0.0117,0.1979,0.0059,0.2195,0.0000
1785423258.48,40,drive,0,3.0,15.0,40.733,25.14,249.70,0.0464,0.1544,0.0000,0.1613,0.0015,0.1608,0.0010,0.0064,0.2126,0.0137,0.1896,0.0039,0.2170,0.0000
1785423258.58,40,drive,1,3.0,15.0,40.733,25.14,249.70,0.0440,0.1540,0.0000,0.1588,0.0005,0.1628,0.0020,0.0098,0.2131,0.0098,0.1921,0.0054,0.2141,0.0005
1785423258.67,40,drive,2,3.0,15.0,40.733,25.14,249.70,0.0420,0.1569,0.0000,0.1623,0.0010,0.1642,0.0010,0.0088,0.2131,0.0088,0.1906,0.0044,0.2151,0.0005
1785423258.77,40,drive,3,3.0,15.0,40.733,25.14,249.70,0.0435,0.1593,0.0024,0.1564,0.0020,0.1525,0.0161,0.0147,0.2097,0.0137,0.2014,0.0176,0.2121,0.0088
1785423260.05,40,drive,0,3.5,15.0,40.733,25.14,249.70,0.0459,0.1540,0.0122,0.1520,0.0034,0.1672,0.0039,0.0239,0.2165,0.0264,0.1843,0.0088,0.2146,0.0176
1785423260.15,40,drive,1,3.5,15.0,40.733,25.14,249.70,0.0513,0.1525,0.0176,0.1584,0.0020,0.1652,0.0088,0.0059,0.2195,0.0254,0.1867,0.0235,0.2175,0.0068
1785423260.24,40,drive,2,3.5,15.0,40.733,25.14,249.70,0.0552,0.1554,0.0005,0.1584,0.0034,0.1676,0.0152,0.0127,0.2058,0.0210,0.1833,0.0254,0.2219,0.0034
1785423260.34,40,drive,3,3.5,15.0,40.733,25.14,249.70,0.0528,0.1535,0.0181,0.1584,0.0020,0.1628,0.0054,0.0112,0.2087,0.0235,0.1862,0.0200,0.2160,0.0034
1785423261.62,40,drive,0,4.0,15.0,40.733,25.14,249.70,0.0469,0.1554,0.0015,0.1505,0.0073,0.1657,0.0049,0.0098,0.2160,0.0357,0.1965,0.0083,0.2131,0.0103
1785423261.72,40,drive,1,4.0,15.0,40.733,25.14,249.70,0.0508,0.1505,0.0015,0.1408,0.0049,0.1652,0.0122,0.0147,0.2107,0.0411,0.1975,0.0127,0.2092,0.0010
1785423261.81,40,drive,2,4.0,15.0,40.733,25.14,249.70,0.0489,0.1491,0.0034,0.1530,0.0098,0.1672,0.0059,0.0152,0.2131,0.0381,0.1906,0.0059,0.2058,0.0034
1785423261.91,40,drive,3,4.0,15.0,40.733,25.14,249.70,0.0455,0.1549,0.0034,0.1481,0.0054,0.1642,0.0054,0.0156,0.2175,0.0357,0.1848,0.0112,0.2097,0.0147
1785423263.26,41,base,0,0.0,15.0,40.733,25.14,249.70,0.0425,0.1505,0.0005,0.1481,0.0049,0.1662,0.0029,0.0186,0.2190,0.0288,0.1867,0.0073,0.2160,0.0020
1785423263.36,41,base,1,0.0,15.0,40.733,25.14,249.70,0.0367,0.1535,0.0039,0.1496,0.0029,0.1618,0.0088,0.0200,0.2219,0.0298,0.1843,0.0112,0.2209,0.0000
1785423263.45,41,base,2,0.0,15.0,40.733,25.14,249.70,0.0406,0.1530,0.0049,0.1540,0.0029,0.1613,0.0132,0.0181,0.2146,0.0259,0.1843,0.0049,0.2224,0.0049
1785423263.54,41,base,3,0.0,15.0,40.733,25.14,249.70,0.0401,0.1525,0.0039,0.1505,0.0059,0.1730,0.0132,0.0205,0.2151,0.0279,0.1833,0.0015,0.2131,0.0073
1785423264.83,41,drive,0,0.0,15.0,40.733,25.14,249.70,0.0376,0.1515,0.0034,0.1554,0.0039,0.1725,0.0098,0.0191,0.2180,0.0293,0.1818,0.0010,0.2151,0.0020
1785423264.93,41,drive,1,0.0,15.0,40.733,25.14,249.70,0.0376,0.1447,0.0005,0.1525,0.0044,0.1676,0.0093,0.0181,0.2190,0.0264,0.1852,0.0088,0.2180,0.0000
1785423265.02,41,drive,2,0.0,15.0,40.733,25.14,249.70,0.0406,0.1505,0.0020,0.1461,0.0088,0.1676,0.0078,0.0225,0.2190,0.0259,0.1857,0.0093,0.2131,0.0015
1785423265.12,41,drive,3,0.0,15.0,40.733,25.14,249.70,0.0411,0.1447,0.0005,0.1476,0.0078,0.1691,0.0034,0.0186,0.2146,0.0313,0.1823,0.0088,0.2180,0.0020
1785423266.40,41,drive,0,0.5,15.0,40.733,25.14,249.70,0.0415,0.1515,0.0020,0.1520,0.0029,0.1637,0.0068,0.0147,0.2141,0.0293,0.1891,0.0132,0.2185,0.0015
1785423266.50,41,drive,1,0.5,15.0,40.733,25.14,249.70,0.0371,0.1520,0.0015,0.1540,0.0034,0.1750,0.0112,0.0205,0.2160,0.0269,0.1794,0.0044,0.2111,0.0044
1785423266.59,41,drive,2,0.5,15.0,40.733,25.14,249.70,0.0411,0.1403,0.0054,0.1466,0.0020,0.1647,0.0068,0.0254,0.2214,0.0313,0.1813,0.0064,0.2190,0.0064
1785423266.69,41,drive,3,0.5,15.0,40.733,25.14,249.70,0.0332,0.1466,0.0024,0.1530,0.0054,0.1662,0.0064,0.0215,0.2224,0.0313,0.1862,0.0059,0.2121,0.0029
1785423267.98,41,drive,0,1.0,15.0,40.733,25.14,249.70,0.0425,0.1549,0.0029,0.1476,0.0039,0.1691,0.0034,0.0210,0.2190,0.0283,0.1848,0.0064,0.2214,0.0049
1785423268.07,41,drive,1,1.0,15.0,40.733,25.14,249.70,0.0406,0.1505,0.0015,0.1525,0.0010,0.1672,0.0068,0.0186,0.2209,0.0288,0.1857,0.0068,0.2214,0.0049
1785423268.17,41,drive,2,1.0,15.0,40.733,25.14,249.70,0.0411,0.1457,0.0015,0.1496,0.0073,0.1701,0.0064,0.0200,0.2170,0.0323,0.1838,0.0083,0.2141,0.0029
1785423268.26,41,drive,3,1.0,15.0,40.733,25.14,249.70,0.0323,0.1500,0.0073,0.1535,0.0029,0.1691,0.0049,0.0249,0.2160,0.0303,0.1789,0.0068,0.2136,0.0054
1785423269.54,41,drive,0,1.5,15.0,40.733,25.14,249.70,0.0332,0.1515,0.0034,0.1520,0.0039,0.1672,0.0049,0.0196,0.2190,0.0259,0.1823,0.0068,0.2195,0.0024
1785423269.64,41,drive,1,1.5,15.0,40.733,25.14,249.70,0.0420,0.1520,0.0039,0.1593,0.0029,0.1686,0.0083,0.0191,0.2209,0.0259,0.1848,0.0049,0.2199,0.0098
1785423269.73,41,drive,2,1.5,15.0,40.733,25.14,249.70,0.0391,0.1491,0.0020,0.1549,0.0078,0.1667,0.0039,0.0176,0.2180,0.0283,0.1838,0.0029,0.2170,0.0020
1785423269.83,41,drive,3,1.5,15.0,40.733,25.14,249.70,0.0376,0.1461,0.0010,0.1491,0.0049,0.1667,0.0039,0.0249,0.2160,0.0288,0.1843,0.0088,0.2190,0.0015
1785423271.12,41,drive,0,2.0,15.0,40.733,25.14,249.70,0.0381,0.1510,0.0015,0.1496,0.0059,0.1667,0.0049,0.0156,0.2209,0.0303,0.1872,0.0073,0.2195,0.0083
1785423271.21,41,drive,1,2.0,15.0,40.733,25.14,249.70,0.0342,0.1510,0.0015,0.1559,0.0010,0.1672,0.0049,0.0181,0.2258,0.0230,0.1896,0.0044,0.2151,0.0054
1785423271.30,41,drive,2,2.0,15.0,40.733,25.14,249.70,0.0401,0.1471,0.0015,0.1442,0.0034,0.1711,0.0103,0.0220,0.2146,0.0308,0.1828,0.0073,0.2131,0.0005
1785423271.40,41,drive,3,2.0,15.0,40.733,25.14,249.70,0.0376,0.1505,0.0064,0.1505,0.0010,0.1593,0.0054,0.0230,0.2175,0.0283,0.1804,0.0137,0.2155,0.0073
1785423272.68,41,drive,0,2.5,15.0,40.733,25.14,249.70,0.0450,0.1510,0.0010,0.1432,0.0059,0.1681,0.0200,0.0181,0.2160,0.0435,0.1891,0.0093,0.2165,0.0029
1785423272.78,41,drive,1,2.5,15.0,40.733,25.14,249.70,0.0401,0.1520,0.0010,0.1413,0.0083,0.1637,0.0200,0.0196,0.2155,0.0420,0.1823,0.0034,0.2072,0.0024
1785423272.87,41,drive,2,2.5,15.0,40.733,25.14,249.70,0.0376,0.1525,0.0015,0.1491,0.0137,0.1676,0.0127,0.0215,0.2160,0.0381,0.1862,0.0044,0.2185,0.0020
1785423272.96,41,drive,3,2.5,15.0,40.733,25.14,249.70,0.0386,0.1481,0.0029,0.1505,0.0191,0.1662,0.0020,0.0352,0.2209,0.0347,0.1872,0.0083,0.2146,0.0093
1785423274.25,41,drive,0,3.0,15.0,40.733,25.14,249.70,0.0367,0.1505,0.0005,0.1540,0.0088,0.1618,0.0225,0.0225,0.2185,0.0313,0.1872,0.0049,0.2131,0.0000
1785423274.34,41,drive,1,3.0,15.0,40.733,25.14,249.70,0.0445,0.1535,0.0112,0.1491,0.0015,0.1764,0.0049,0.0205,0.2131,0.0259,0.1838,0.0191,0.2185,0.0010
1785423274.44,41,drive,2,3.0,15.0,40.733,25.14,249.70,0.0386,0.1554,0.0024,0.1520,0.0191,0.1637,0.0029,0.0244,0.2175,0.0288,0.1906,0.0078,0.2204,0.0073
1785423274.53,41,drive,3,3.0,15.0,40.733,25.14,249.70,0.0552,0.1500,0.0049,0.1608,0.0005,0.1603,0.0117,0.0186,0.2204,0.0342,0.1813,0.0293,0.2199,0.0000
1785423275.82,41,drive,0,3.5,15.0,40.733,25.14,249.70,0.0401,0.1525,0.0000,0.1525,0.0000,0.1676,0.0015,0.0191,0.2204,0.0283,0.1857,0.0054,0.2165,0.0000
1785423275.92,41,drive,1,3.5,15.0,40.733,25.14,249.70,0.0415,0.1549,0.0000,0.1457,0.0000,0.1667,0.0024,0.0196,0.2175,0.0279,0.1852,0.0024,0.2195,0.0000
1785423276.01,41,drive,2,3.5,15.0,40.733,25.14,249.70,0.0396,0.1496,0.0000,0.1510,0.0005,0.1676,0.0024,0.0191,0.2146,0.0269,0.1843,0.0024,0.2175,0.0000
1785423276.11,41,drive,3,3.5,15.0,40.733,25.14,249.70,0.0411,0.1500,0.0000,0.1505,0.0000,0.1667,0.0024,0.0225,0.2209,0.0288,0.1857,0.0034,0.2170,0.0005
1785423277.39,41,drive,0,4.0,15.0,40.733,25.14,249.70,0.0357,0.1505,0.0000,0.1520,0.0000,0.1657,0.0029,0.0205,0.2165,0.0293,0.1867,0.0024,0.2199,0.0000
1785423277.48,41,drive,1,4.0,15.0,40.733,25.14,249.70,0.0376,0.1471,0.0000,0.1520,0.0000,0.1672,0.0020,0.0200,0.2185,0.0298,0.1833,0.0039,0.2180,0.0000
1785423277.58,41,drive,2,4.0,15.0,40.733,25.14,249.70,0.0415,0.1505,0.0000,0.1500,0.0000,0.1691,0.0005,0.0171,0.2146,0.0298,0.1862,0.0044,0.2180,0.0000
1785423277.67,41,drive,3,4.0,15.0,40.733,25.14,249.70,0.0406,0.1510,0.0000,0.1505,0.0000,0.1667,0.0029,0.0176,0.2175,0.0293,0.1857,0.0044,0.2180,0.0000
1785423279.03,42,base,0,0.0,15.0,40.733,25.14,249.70,0.0342,0.1476,0.0000,0.1530,0.0000,0.1657,0.0005,0.0215,0.2195,0.0288,0.1857,0.0029,0.2175,0.0000
1785423279.12,42,base,1,0.0,15.0,40.733,25.14,249.70,0.0391,0.1520,0.0000,0.1515,0.0000,0.1696,0.0015,0.0196,0.2155,0.0288,0.1852,0.0039,0.2175,0.0000
1785423279.22,42,base,2,0.0,15.0,40.733,25.14,249.70,0.0401,0.1520,0.0000,0.1500,0.0000,0.1652,0.0029,0.0191,0.2180,0.0254,0.1833,0.0039,0.2190,0.0000
1785423279.31,42,base,3,0.0,15.0,40.733,25.14,249.70,0.0391,0.1525,0.0000,0.1520,0.0000,0.1642,0.0010,0.0191,0.2165,0.0298,0.1867,0.0059,0.2180,0.0000
1785423280.67,42,drive,0,0.0,15.0,40.733,25.14,249.70,0.0415,0.1510,0.0000,0.1486,0.0000,0.1676,0.0024,0.0186,0.2165,0.0279,0.1862,0.0034,0.2160,0.0000
1785423280.76,42,drive,1,0.0,15.0,40.733,25.14,249.70,0.0406,0.1481,0.0000,0.1491,0.0000,0.1676,0.0020,0.0191,0.2185,0.0308,0.1857,0.0034,0.2175,0.0015
1785423280.86,42,drive,2,0.0,15.0,40.733,25.14,249.70,0.0371,0.1510,0.0005,0.1486,0.0000,0.1667,0.0029,0.0191,0.2165,0.0303,0.1872,0.0044,0.2199,0.0005
1785423280.96,42,drive,3,0.0,15.0,40.733,25.14,249.70,0.0396,0.1505,0.0000,0.1491,0.0000,0.1686,0.0020,0.0196,0.2175,0.0303,0.1833,0.0029,0.2170,0.0000
1785423282.24,42,drive,0,0.5,15.0,40.733,25.14,249.70,0.0401,0.1540,0.0000,0.1530,0.0005,0.1672,0.0010,0.0200,0.2175,0.0308,0.1794,0.0044,0.2214,0.0005
1785423282.33,42,drive,1,0.5,15.0,40.733,25.14,249.70,0.0386,0.1520,0.0000,0.1520,0.0000,0.1662,0.0020,0.0196,0.2175,0.0274,0.1857,0.0054,0.2190,0.0000
1785423282.43,42,drive,2,0.5,15.0,40.733,25.14,249.70,0.0401,0.1510,0.0000,0.1500,0.0005,0.1667,0.0020,0.0200,0.2180,0.0288,0.1867,0.0034,0.2155,0.0000
1785423282.52,42,drive,3,0.5,15.0,40.733,25.14,249.70,0.0381,0.1535,0.0000,0.1500,0.0005,0.1642,0.0044,0.0196,0.2151,0.0269,0.1882,0.0039,0.2199,0.0000
1785423283.81,42,drive,0,1.0,15.0,40.733,25.14,249.70,0.0391,0.1491,0.0000,0.1491,0.0000,0.1676,0.0034,0.0205,0.2185,0.0298,0.1828,0.0034,0.2209,0.0000
1785423283.91,42,drive,1,1.0,15.0,40.733,25.14,249.70,0.0391,0.1515,0.0000,0.1491,0.0010,0.1667,0.0024,0.0205,0.2185,0.0283,0.1828,0.0039,0.2185,0.0000
1785423284.00,42,drive,2,1.0,15.0,40.733,25.14,249.70,0.0391,0.1540,0.0000,0.1486,0.0000,0.1676,0.0044,0.0191,0.2170,0.0274,0.1862,0.0073,0.2209,0.0000
1785423284.10,42,drive,3,1.0,15.0,40.733,25.14,249.70,0.0396,0.1496,0.0000,0.1510,0.0005,0.1647,0.0034,0.0196,0.2160,0.0313,0.1887,0.0039,0.2185,0.0000
1785423285.38,42,drive,0,1.5,15.0,40.733,25.14,249.70,0.0396,0.1515,0.0005,0.1525,0.0000,0.1676,0.0029,0.0186,0.2185,0.0288,0.1833,0.0049,0.2141,0.0010
1785423285.48,42,drive,1,1.5,15.0,40.733,25.14,249.70,0.0415,0.1544,0.0000,0.1496,0.0000,0.1706,0.0010,0.0171,0.2175,0.0308,0.1833,0.0029,0.2190,0.0000
1785423285.57,42,drive,2,1.5,15.0,40.733,25.14,249.70,0.0371,0.1496,0.0000,0.1491,0.0000,0.1662,0.0044,0.0171,0.2180,0.0308,0.1843,0.0034,0.2175,0.0000
1785423285.66,42,drive,3,1.5,15.0,40.733,25.14,249.70,0.0415,0.1496,0.0000,0.1491,0.0000,0.1637,0.0029,0.0220,0.2175,0.0293,0.1843,0.0039,0.2195,0.0000
1785423286.95,42,drive,0,2.0,15.0,40.733,25.14,249.70,0.0391,0.1530,0.0005,0.1500,0.0010,0.1676,0.0024,0.0196,0.2180,0.0308,0.1882,0.0024,0.2190,0.0000
1785423287.04,42,drive,1,2.0,15.0,40.733,25.14,249.70,0.0386,0.1500,0.0005,0.1496,0.0000,0.1681,0.0010,0.0186,0.2190,0.0303,0.1867,0.0029,0.2185,0.0000
1785423287.14,42,drive,2,2.0,15.0,40.733,25.14,249.70,0.0391,0.1525,0.0000,0.1510,0.0015,0.1662,0.0015,0.0210,0.2219,0.0274,0.1857,0.0044,0.2195,0.0000
1785423287.23,42,drive,3,2.0,15.0,40.733,25.14,249.70,0.0401,0.1500,0.0000,0.1505,0.0005,0.1672,0.0020,0.0186,0.2180,0.0283,0.1872,0.0044,0.2190,0.0000
1785423288.52,42,drive,0,2.5,15.0,40.733,25.14,249.70,0.0386,0.1491,0.0000,0.1496,0.0000,0.1652,0.0044,0.0191,0.2175,0.0303,0.1852,0.0039,0.2175,0.0005
1785423288.61,42,drive,1,2.5,15.0,40.733,25.14,249.70,0.0371,0.1496,0.0000,0.1505,0.0005,0.1686,0.0039,0.0205,0.2180,0.0313,0.1823,0.0039,0.2185,0.0005
1785423288.71,42,drive,2,2.5,15.0,40.733,25.14,249.70,0.0386,0.1535,0.0000,0.1540,0.0000,0.1662,0.0015,0.0186,0.2190,0.0283,0.1848,0.0034,0.2199,0.0005
1785423288.80,42,drive,3,2.5,15.0,40.733,25.14,249.70,0.0376,0.1525,0.0000,0.1496,0.0000,0.1662,0.0044,0.0191,0.2160,0.0293,0.1862,0.0059,0.2185,0.0000
1785423290.08,42,drive,0,3.0,15.0,40.733,25.14,249.70,0.0420,0.1491,0.0000,0.1491,0.0000,0.1681,0.0024,0.0161,0.2180,0.0279,0.1857,0.0049,0.2204,0.0000
1785423290.18,42,drive,1,3.0,15.0,40.733,25.14,249.70,0.0415,0.1500,0.0000,0.1496,0.0010,0.1686,0.0020,0.0200,0.2180,0.0293,0.1848,0.0020,0.2199,0.0000
1785423290.27,42,drive,2,3.0,15.0,40.733,25.14,249.70,0.0406,0.1520,0.0000,0.1515,0.0000,0.1662,0.0029,0.0191,0.2160,0.0274,0.1852,0.0044,0.2195,0.0000
1785423290.37,42,drive,3,3.0,15.0,40.733,25.14,249.70,0.0386,0.1520,0.0005,0.1505,0.0005,0.1672,0.0015,0.0210,0.2180,0.0313,0.1852,0.0029,0.2165,0.0005
1785423291.65,42,drive,0,3.5,15.0,40.733,25.14,249.70,0.0406,0.1486,0.0000,0.1496,0.0000,0.1672,0.0034,0.0215,0.2180,0.0298,0.1848,0.0044,0.2165,0.0000
1785423291.75,42,drive,1,3.5,15.0,40.733,25.14,249.70,0.0396,0.1520,0.0005,0.1525,0.0000,0.1667,0.0039,0.0235,0.2199,0.0303,0.1857,0.0034,0.2180,0.0000
1785423291.84,42,drive,2,3.5,15.0,40.733,25.14,249.70,0.0406,0.1496,0.0000,0.1510,0.0005,0.1647,0.0020,0.0186,0.2195,0.0303,0.1843,0.0029,0.2209,0.0000
1785423291.94,42,drive,3,3.5,15.0,40.733,25.14,249.70,0.0391,0.1510,0.0000,0.1505,0.0010,0.1681,0.0034,0.0200,0.2175,0.0298,0.1838,0.0024,0.2185,0.0000
1785423293.22,42,drive,0,4.0,15.0,40.733,25.14,249.70,0.0381,0.1530,0.0005,0.1500,0.0000,0.1667,0.0010,0.0171,0.2185,0.0303,0.1843,0.0020,0.2209,0.0005
1785423293.32,42,drive,1,4.0,15.0,40.733,25.14,249.70,0.0401,0.1510,0.0005,0.1471,0.0000,0.1652,0.0020,0.0225,0.2204,0.0274,0.1862,0.0059,0.2195,0.0005
1785423293.41,42,drive,2,4.0,15.0,40.733,25.14,249.70,0.0391,0.1525,0.0005,0.1491,0.0000,0.1672,0.0034,0.0196,0.2170,0.0313,0.1843,0.0044,0.2160,0.0000
1785423293.50,42,drive,3,4.0,15.0,40.733,25.14,249.70,0.0396,0.1530,0.0000,0.1476,0.0000,0.1681,0.0034,0.0196,0.2185,0.0303,0.1838,0.0034,0.2170,0.0015
1785423294.86,46,base,0,0.0,15.0,40.753,25.14,249.70,0.0376,0.1486,0.0000,0.1525,0.0000,0.1667,0.0024,0.0205,0.2146,0.0303,0.1857,0.0034,0.2180,0.0010
1785423294.96,46,base,1,0.0,15.0,40.753,25.14,249.70,0.0406,0.1457,0.0000,0.1500,0.0000,0.1667,0.0020,0.0181,0.2185,0.0274,0.1862,0.0029,0.2185,0.0020
1785423295.05,46,base,2,0.0,15.0,40.753,25.14,249.70,0.0401,0.1510,0.0000,0.1520,0.0000,0.1686,0.0029,0.0196,0.2136,0.0274,0.1896,0.0029,0.2199,0.0005
1785423295.15,46,base,3,0.0,15.0,40.753,25.14,249.70,0.0381,0.1515,0.0005,0.1481,0.0000,0.1672,0.0034,0.0181,0.2185,0.0293,0.1857,0.0020,0.2199,0.0000
1785423296.43,46,drive,0,0.0,15.0,40.753,25.14,249.70,0.0391,0.1496,0.0000,0.1500,0.0000,0.1686,0.0039,0.0181,0.2185,0.0269,0.1843,0.0049,0.2190,0.0000
1785423296.53,46,drive,1,0.0,15.0,40.753,25.14,249.70,0.0415,0.1530,0.0000,0.1525,0.0000,0.1662,0.0039,0.0196,0.2180,0.0288,0.1862,0.0020,0.2170,0.0000
1785423296.62,46,drive,2,0.0,15.0,40.753,25.14,249.70,0.0396,0.1496,0.0000,0.1476,0.0000,0.1676,0.0034,0.0196,0.2180,0.0288,0.1838,0.0039,0.2160,0.0000
1785423296.72,46,drive,3,0.0,15.0,40.753,25.14,249.70,0.0391,0.1491,0.0000,0.1520,0.0000,0.1676,0.0020,0.0171,0.2175,0.0283,0.1852,0.0054,0.2195,0.0000
1785423298.00,46,drive,0,0.5,15.0,40.753,25.14,249.70,0.0401,0.1530,0.0000,0.1505,0.0010,0.1667,0.0015,0.0200,0.2209,0.0288,0.1857,0.0024,0.2165,0.0000
1785423298.10,46,drive,1,0.5,15.0,40.753,25.14,249.70,0.0411,0.1505,0.0000,0.1525,0.0000,0.1686,0.0024,0.0200,0.2155,0.0293,0.1852,0.0024,0.2175,0.0000
1785423298.19,46,drive,2,0.5,15.0,40.753,25.14,249.70,0.0396,0.1500,0.0000,0.1530,0.0000,0.1652,0.0020,0.0210,0.2199,0.0264,0.1857,0.0039,0.2190,0.0000
1785423298.29,46,drive,3,0.5,15.0,40.753,25.14,249.70,0.0415,0.1505,0.0000,0.1515,0.0000,0.1657,0.0024,0.0200,0.2170,0.0264,0.1852,0.0044,0.2214,0.0000
1785423299.57,46,drive,0,1.0,15.0,40.753,25.14,249.70,0.0406,0.1510,0.0005,0.1476,0.0005,0.1672,0.0029,0.0200,0.2160,0.0288,0.1862,0.0029,0.2175,0.0000
1785423299.67,46,drive,1,1.0,15.0,40.753,25.14,249.70,0.0425,0.1505,0.0000,0.1505,0.0000,0.1681,0.0010,0.0205,0.2175,0.0283,0.1848,0.0024,0.2170,0.0000
1785423299.76,46,drive,2,1.0,15.0,40.753,25.14,249.70,0.0401,0.1476,0.0000,0.1520,0.0005,0.1672,0.0005,0.0225,0.2199,0.0318,0.1833,0.0049,0.2199,0.0000
1785423299.85,46,drive,3,1.0,15.0,40.753,25.14,249.70,0.0401,0.1520,0.0000,0.1520,0.0000,0.1667,0.0020,0.0205,0.2155,0.0288,0.1852,0.0020,0.2190,0.0000
1785423301.14,46,drive,0,1.5,15.0,40.753,25.14,249.70,0.0376,0.1500,0.0000,0.1510,0.0000,0.1672,0.0005,0.0205,0.2195,0.0264,0.1857,0.0044,0.2199,0.0005
1785423301.24,46,drive,1,1.5,15.0,40.753,25.14,249.70,0.0362,0.1520,0.0000,0.1530,0.0005,0.1667,0.0024,0.0200,0.2209,0.0288,0.1862,0.0044,0.2209,0.0005
1785423301.33,46,drive,2,1.5,15.0,40.753,25.14,249.70,0.0406,0.1496,0.0000,0.1540,0.0000,0.1686,0.0024,0.0186,0.2180,0.0327,0.1857,0.0044,0.2190,0.0000
1785423301.42,46,drive,3,1.5,15.0,40.753,25.14,249.70,0.0401,0.1530,0.0000,0.1530,0.0000,0.1672,0.0005,0.0210,0.2190,0.0274,0.1823,0.0039,0.2180,0.0000
1785423302.71,46,drive,0,2.0,15.0,40.753,25.14,249.70,0.0347,0.1491,0.0000,0.1525,0.0000,0.1667,0.0029,0.0186,0.2180,0.0288,0.1857,0.0015,0.2185,0.0000
1785423302.80,46,drive,1,2.0,15.0,40.753,25.14,249.70,0.0391,0.1525,0.0000,0.1510,0.0000,0.1672,0.0059,0.0205,0.2165,0.0279,0.1867,0.0029,0.2170,0.0000
1785423302.90,46,drive,2,2.0,15.0,40.753,25.14,249.70,0.0396,0.1525,0.0000,0.1496,0.0000,0.1691,0.0029,0.0181,0.2190,0.0288,0.1857,0.0029,0.2195,0.0000
1785423302.99,46,drive,3,2.0,15.0,40.753,25.14,249.70,0.0376,0.1491,0.0000,0.1510,0.0000,0.1681,0.0015,0.0161,0.2175,0.0288,0.1872,0.0020,0.2165,0.0000
1785423304.28,46,drive,0,2.5,15.0,40.753,25.14,249.70,0.0401,0.1525,0.0010,0.1505,0.0005,0.1686,0.0015,0.0191,0.2175,0.0293,0.1882,0.0029,0.2180,0.0000
1785423304.37,46,drive,1,2.5,15.0,40.753,25.14,249.70,0.0406,0.1505,0.0000,0.1505,0.0000,0.1667,0.0020,0.0196,0.2199,0.0308,0.1843,0.0044,0.2199,0.0005
1785423304.46,46,drive,2,2.5,15.0,40.753,25.14,249.70,0.0396,0.1510,0.0000,0.1530,0.0000,0.1676,0.0044,0.0196,0.2160,0.0293,0.1867,0.0029,0.2185,0.0005
1785423304.56,46,drive,3,2.5,15.0,40.753,25.14,249.70,0.0386,0.1510,0.0000,0.1496,0.0000,0.1676,0.0029,0.0161,0.2165,0.0288,0.1872,0.0064,0.2199,0.0000
1785423305.84,46,drive,0,3.0,15.0,40.753,25.14,249.70,0.0401,0.1486,0.0005,0.1505,0.0000,0.1662,0.0024,0.0205,0.2155,0.0293,0.1843,0.0049,0.2165,0.0005
1785423305.94,46,drive,1,3.0,15.0,40.753,25.14,249.70,0.0396,0.1510,0.0005,0.1496,0.0000,0.1672,0.0020,0.0186,0.2155,0.0269,0.1857,0.0044,0.2199,0.0000
1785423306.03,46,drive,2,3.0,15.0,40.753,25.14,249.70,0.0411,0.1491,0.0000,0.1500,0.0005,0.1657,0.0015,0.0215,0.2199,0.0293,0.1867,0.0039,0.2195,0.0000
1785423306.13,46,drive,3,3.0,15.0,40.753,25.14,249.70,0.0415,0.1500,0.0000,0.1500,0.0000,0.1667,0.0024,0.0210,0.2170,0.0293,0.1867,0.0034,0.2185,0.0000
1785423307.41,46,drive,0,3.5,15.0,40.753,25.14,249.70,0.0396,0.1486,0.0005,0.1535,0.0000,0.1676,0.0034,0.0220,0.2141,0.0293,0.1862,0.0020,0.2146,0.0000
1785423307.51,46,drive,1,3.5,15.0,40.753,25.14,249.70,0.0411,0.1515,0.0000,0.1500,0.0000,0.1662,0.0024,0.0196,0.2160,0.0323,0.1862,0.0029,0.2195,0.0000
1785423307.60,46,drive,2,3.5,15.0,40.753,25.14,249.70,0.0401,0.1520,0.0000,0.1515,0.0000,0.1657,0.0015,0.0196,0.2175,0.0279,0.1887,0.0034,0.2190,0.0000
1785423307.70,46,drive,3,3.5,15.0,40.753,25.14,249.70,0.0411,0.1491,0.0000,0.1500,0.0000,0.1662,0.0015,0.0205,0.2185,0.0264,0.1857,0.0010,0.2175,0.0000
1785423308.98,46,drive,0,4.0,15.0,40.753,25.14,249.70,0.0391,0.1496,0.0000,0.1515,0.0000,0.1676,0.0010,0.0220,0.2199,0.0274,0.1843,0.0044,0.2214,0.0000
1785423309.07,46,drive,1,4.0,15.0,40.753,25.14,249.70,0.0420,0.1510,0.0000,0.1505,0.0005,0.1662,0.0024,0.0191,0.2175,0.0283,0.1833,0.0044,0.2195,0.0000
1785423309.17,46,drive,2,4.0,15.0,40.753,25.14,249.70,0.0386,0.1481,0.0000,0.1500,0.0000,0.1642,0.0020,0.0196,0.2204,0.0298,0.1857,0.0049,0.2214,0.0000
1785423309.26,46,drive,3,4.0,15.0,40.753,25.14,249.70,0.0401,0.1515,0.0000,0.1486,0.0000,0.1681,0.0029,0.0166,0.2185,0.0303,0.1857,0.0064,0.2209,0.0000
1785423310.63,47,base,0,0.0,15.0,40.773,25.14,249.70,0.0406,0.1520,0.0000,0.1481,0.0010,0.1672,0.0029,0.0171,0.2151,0.0313,0.1867,0.0034,0.2185,0.0000
1785423310.73,47,base,1,0.0,15.0,40.773,25.14,249.70,0.0381,0.1525,0.0010,0.1486,0.0005,0.1667,0.0024,0.0205,0.2180,0.0288,0.1852,0.0044,0.2195,0.0010
1785423310.82,47,base,2,0.0,15.0,40.773,25.14,249.70,0.0362,0.1491,0.0000,0.1491,0.0005,0.1662,0.0029,0.0181,0.2204,0.0303,0.1848,0.0020,0.2214,0.0005
1785423310.91,47,base,3,0.0,15.0,40.773,25.14,249.70,0.0391,0.1515,0.0000,0.1530,0.0005,0.1686,0.0010,0.0196,0.2190,0.0254,0.1867,0.0034,0.2170,0.0000
1785423312.20,47,drive,0,0.0,15.0,40.773,25.14,249.70,0.0391,0.1505,0.0000,0.1505,0.0000,0.1676,0.0020,0.0210,0.2175,0.0259,0.1843,0.0034,0.2185,0.0005
1785423312.29,47,drive,1,0.0,15.0,40.773,25.14,249.70,0.0391,0.1496,0.0000,0.1549,0.0005,0.1681,0.0020,0.0200,0.2180,0.0318,0.1857,0.0015,0.2204,0.0005
1785423312.39,47,drive,2,0.0,15.0,40.773,25.14,249.70,0.0396,0.1476,0.0020,0.1510,0.0000,0.1676,0.0024,0.0210,0.2190,0.0298,0.1877,0.0044,0.2195,0.0000
1785423312.48,47,drive,3,0.0,15.0,40.773,25.14,249.70,0.0415,0.1515,0.0005,0.1491,0.0010,0.1662,0.0020,0.0196,0.2155,0.0283,0.1887,0.0039,0.2175,0.0000
1785423313.77,47,drive,0,0.5,15.0,40.773,25.14,249.70,0.0430,0.1520,0.0000,0.1505,0.0000,0.1667,0.0024,0.0176,0.2165,0.0293,0.1857,0.0059,0.2170,0.0015
1785423313.86,47,drive,1,0.5,15.0,40.773,25.14,249.70,0.0406,0.1496,0.0000,0.1525,0.0000,0.1676,0.0024,0.0181,0.2180,0.0293,0.1857,0.0020,0.2199,0.0005
1785423313.95,47,drive,2,0.5,15.0,40.773,25.14,249.70,0.0406,0.1520,0.0000,0.1486,0.0000,0.1672,0.0005,0.0191,0.2165,0.0293,0.1857,0.0054,0.2185,0.0000
1785423314.05,47,drive,3,0.5,15.0,40.773,25.14,249.70,0.0415,0.1510,0.0005,0.1515,0.0005,0.1652,0.0020,0.0186,0.2136,0.0298,0.1838,0.0029,0.2185,0.0020
1785423315.34,47,drive,0,1.0,15.0,40.773,25.14,249.70,0.0391,0.1481,0.0010,0.1525,0.0000,0.1657,0.0024,0.0210,0.2185,0.0269,0.1867,0.0039,0.2180,0.0000
1785423315.43,47,drive,1,1.0,15.0,40.773,25.14,249.70,0.0376,0.1505,0.0000,0.1496,0.0000,0.1701,0.0039,0.0200,0.2160,0.0293,0.1852,0.0020,0.2204,0.0000
1785423315.52,47,drive,2,1.0,15.0,40.773,25.14,249.70,0.0386,0.1481,0.0000,0.1515,0.0000,0.1647,0.0024,0.0210,0.2195,0.0298,0.1867,0.0024,0.2190,0.0005
1785423315.62,47,drive,3,1.0,15.0,40.773,25.14,249.70,0.0396,0.1515,0.0000,0.1461,0.0000,0.1662,0.0034,0.0181,0.2229,0.0293,0.1848,0.0044,0.2204,0.0000
1785423316.91,47,drive,0,1.5,15.0,40.773,25.14,249.70,0.0420,0.1530,0.0000,0.1505,0.0005,0.1672,0.0020,0.0186,0.2180,0.0288,0.1896,0.0039,0.2180,0.0005
1785423317.00,47,drive,1,1.5,15.0,40.773,25.14,249.70,0.0396,0.1491,0.0000,0.1515,0.0000,0.1667,0.0049,0.0215,0.2195,0.0259,0.1848,0.0044,0.2180,0.0000
1785423317.09,47,drive,2,1.5,15.0,40.773,25.14,249.70,0.0391,0.1496,0.0015,0.1496,0.0000,0.1686,0.0029,0.0205,0.2190,0.0303,0.1852,0.0039,0.2190,0.0000
1785423317.19,47,drive,3,1.5,15.0,40.773,25.14,249.70,0.0435,0.1515,0.0000,0.1500,0.0010,0.1667,0.0024,0.0210,0.2170,0.0274,0.1877,0.0054,0.2180,0.0000
1785423318.47,47,drive,0,2.0,15.0,40.773,25.14,249.70,0.0415,0.1505,0.0005,0.1481,0.0000,0.1672,0.0039,0.0186,0.2185,0.0288,0.1887,0.0024,0.2190,0.0000
1785423318.57,47,drive,1,2.0,15.0,40.773,25.14,249.70,0.0401,0.1505,0.0005,0.1515,0.0005,0.1667,0.0044,0.0186,0.2185,0.0269,0.1872,0.0024,0.2190,0.0000
1785423318.66,47,drive,2,2.0,15.0,40.773,25.14,249.70,0.0362,0.1525,0.0000,0.1491,0.0005,0.1667,0.0024,0.0220,0.2165,0.0288,0.1882,0.0059,0.2204,0.0000
1785423318.76,47,drive,3,2.0,15.0,40.773,25.14,249.70,0.0401,0.1491,0.0000,0.1496,0.0005,0.1681,0.0010,0.0210,0.2209,0.0313,0.1848,0.0034,0.2165,0.0000
1785423320.04,47,drive,0,2.5,15.0,40.773,25.14,249.70,0.0401,0.1520,0.0000,0.1476,0.0000,0.1696,0.0010,0.0230,0.2165,0.0293,0.1857,0.0029,0.2175,0.0000
1785423320.14,47,drive,1,2.5,15.0,40.773,25.14,249.70,0.0440,0.1496,0.0000,0.1481,0.0000,0.1657,0.0020,0.0205,0.2165,0.0279,0.1877,0.0049,0.2204,0.0010
1785423320.23,47,drive,2,2.5,15.0,40.773,25.14,249.70,0.0406,0.1510,0.0000,0.1476,0.0000,0.1667,0.0015,0.0181,0.2190,0.0308,0.1882,0.0034,0.2199,0.0000
1785423320.33,47,drive,3,2.5,15.0,40.773,25.14,249.70,0.0401,0.1496,0.0000,0.1510,0.0000,0.1686,0.0015,0.0225,0.2165,0.0274,0.1843,0.0073,0.2180,0.0005
1785423321.62,47,drive,0,3.0,15.0,40.773,25.14,249.70,0.0396,0.1520,0.0000,0.1500,0.0005,0.1667,0.0034,0.0176,0.2195,0.0308,0.1848,0.0039,0.2195,0.0005
1785423321.71,47,drive,1,3.0,15.0,40.773,25.14,249.70,0.0371,0.1486,0.0000,0.1486,0.0000,0.1647,0.0029,0.0186,0.2195,0.0288,0.1862,0.0049,0.2180,0.0015
1785423321.80,47,drive,2,3.0,15.0,40.773,25.14,249.70,0.0396,0.1520,0.0000,0.1486,0.0000,0.1686,0.0024,0.0186,0.2165,0.0288,0.1877,0.0044,0.2175,0.0005
1785423321.90,47,drive,3,3.0,15.0,40.773,25.14,249.70,0.0386,0.1525,0.0000,0.1496,0.0000,0.1652,0.0024,0.0196,0.2185,0.0298,0.1867,0.0034,0.2165,0.0005
1785423323.18,47,drive,0,3.5,15.0,40.773,25.14,249.70,0.0401,0.1500,0.0000,0.1491,0.0005,0.1672,0.0015,0.0210,0.2204,0.0298,0.1857,0.0044,0.2199,0.0000
1785423323.28,47,drive,1,3.5,15.0,40.773,25.14,249.70,0.0406,0.1530,0.0000,0.1496,0.0005,0.1662,0.0034,0.0191,0.2190,0.0288,0.1882,0.0020,0.2175,0.0000
1785423323.37,47,drive,2,3.5,15.0,40.773,25.14,249.70,0.0425,0.1496,0.0000,0.1496,0.0000,0.1672,0.0015,0.0176,0.2185,0.0298,0.1867,0.0015,0.2175,0.0005
1785423323.47,47,drive,3,3.5,15.0,40.773,25.14,249.70,0.0391,0.1510,0.0000,0.1476,0.0000,0.1681,0.0024,0.0186,0.2175,0.0298,0.1887,0.0020,0.2175,0.0000
1785423324.76,47,drive,0,4.0,15.0,40.773,25.14,249.70,0.0391,0.1525,0.0000,0.1491,0.0000,0.1657,0.0024,0.0191,0.2141,0.0279,0.1877,0.0049,0.2190,0.0000
1785423324.85,47,drive,1,4.0,15.0,40.773,25.14,249.70,0.0376,0.1505,0.0000,0.1486,0.0000,0.1662,0.0005,0.0210,0.2195,0.0283,0.1862,0.0044,0.2190,0.0000
1785423324.94,47,drive,2,4.0,15.0,40.773,25.14,249.70,0.0406,0.1505,0.0000,0.1515,0.0005,0.1667,0.0029,0.0186,0.2195,0.0293,0.1862,0.0034,0.2214,0.0000
1785423325.04,47,drive,3,4.0,15.0,40.773,25.14,249.70,0.0367,0.1549,0.0000,0.1481,0.0000,0.1676,0.0024,0.0191,0.2170,0.0298,0.1887,0.0054,0.2180,0.0005
1785423326.40,49,base,0,0.0,15.0,40.713,25.14,249.71,0.0391,0.1496,0.0000,0.1496,0.0000,0.1657,0.0020,0.0239,0.2180,0.0269,0.1862,0.0083,0.2204,0.0000
1785423326.49,49,base,1,0.0,15.0,40.713,25.14,249.71,0.0381,0.1496,0.0000,0.1505,0.0000,0.1676,0.0044,0.0186,0.2185,0.0288,0.1867,0.0029,0.2190,0.0010
1785423326.59,49,base,2,0.0,15.0,40.713,25.14,249.71,0.0386,0.1549,0.0000,0.1491,0.0000,0.1691,0.0020,0.0196,0.2185,0.0298,0.1872,0.0049,0.2204,0.0000
1785423326.68,49,base,3,0.0,15.0,40.713,25.14,249.71,0.0411,0.1510,0.0005,0.1510,0.0005,0.1647,0.0015,0.0200,0.2175,0.0293,0.1862,0.0029,0.2199,0.0000
1785423327.97,49,drive,0,0.0,15.0,40.713,25.14,249.71,0.0371,0.1461,0.0000,0.1535,0.0005,0.1667,0.0059,0.0220,0.2209,0.0283,0.1867,0.0054,0.2190,0.0000
1785423328.06,49,drive,1,0.0,15.0,40.713,25.14,249.71,0.0420,0.1505,0.0000,0.1491,0.0005,0.1706,0.0029,0.0210,0.2180,0.0298,0.1867,0.0029,0.2170,0.0000
1785423328.15,49,drive,2,0.0,15.0,40.713,25.14,249.71,0.0371,0.1500,0.0000,0.1515,0.0000,0.1672,0.0039,0.0191,0.2175,0.0308,0.1828,0.0059,0.2170,0.0000
1785423328.25,49,drive,3,0.0,15.0,40.713,25.14,249.71,0.0401,0.1535,0.0005,0.1505,0.0000,0.1662,0.0029,0.0200,0.2165,0.0283,0.1857,0.0029,0.2199,0.0005
1785423329.54,49,drive,0,0.5,15.0,40.713,25.14,249.71,0.0371,0.1496,0.0000,0.1481,0.0005,0.1667,0.0020,0.0220,0.2204,0.0323,0.1887,0.0044,0.2190,0.0000
1785423329.63,49,drive,1,0.5,15.0,40.713,25.14,249.71,0.0415,0.1535,0.0010,0.1496,0.0000,0.1657,0.0034,0.0176,0.2190,0.0327,0.1882,0.0049,0.2195,0.0005
1785423329.72,49,drive,2,0.5,15.0,40.713,25.14,249.71,0.0415,0.1520,0.0005,0.1491,0.0000,0.1672,0.0049,0.0215,0.2204,0.0332,0.1877,0.0054,0.2190,0.0000
1785423329.82,49,drive,3,0.5,15.0,40.713,25.14,249.71,0.0411,0.1515,0.0000,0.1481,0.0005,0.1657,0.0034,0.0210,0.2209,0.0323,0.1867,0.0054,0.2204,0.0000
1785423331.10,49,drive,0,1.0,15.0,40.713,25.14,249.71,0.0411,0.1525,0.0000,0.1461,0.0010,0.1608,0.0044,0.0196,0.2229,0.0420,0.1945,0.0049,0.2214,0.0005
1785423331.20,49,drive,1,1.0,15.0,40.713,25.14,249.71,0.0415,0.1515,0.0000,0.1481,0.0010,0.1623,0.0029,0.0210,0.2224,0.0386,0.1935,0.0034,0.2199,0.0005
1785423331.29,49,drive,2,1.0,15.0,40.713,25.14,249.71,0.0381,0.1510,0.0000,0.1525,0.0000,0.1632,0.0039,0.0210,0.2199,0.0401,0.1896,0.0039,0.2199,0.0010
1785423331.39,49,drive,3,1.0,15.0,40.713,25.14,249.71,0.0396,0.1505,0.0010,0.1491,0.0000,0.1623,0.0034,0.0230,0.2204,0.0430,0.1926,0.0054,0.2214,0.0000
1785423332.67,49,drive,0,1.5,15.0,40.713,25.14,249.71,0.0406,0.1471,0.0010,0.1466,0.0005,0.1535,0.0059,0.0176,0.2234,0.0552,0.2067,0.0054,0.2195,0.0005
1785423332.76,49,drive,1,1.5,15.0,40.713,25.14,249.71,0.0415,0.1515,0.0000,0.1432,0.0000,0.1540,0.0064,0.0191,0.2229,0.0557,0.2043,0.0049,0.2199,0.0000
1785423332.86,49,drive,2,1.5,15.0,40.713,25.14,249.71,0.0411,0.1486,0.0000,0.1476,0.0005,0.1525,0.0059,0.0147,0.2224,0.0582,0.2063,0.0029,0.2199,0.0000
1785423332.95,49,drive,3,1.5,15.0,40.713,25.14,249.71,0.0391,0.1471,0.0000,0.1476,0.0005,0.1510,0.0039,0.0166,0.2258,0.0567,0.2048,0.0049,0.2195,0.0010
1785423334.24,49,drive,0,2.0,15.0,40.713,25.14,249.71,0.0411,0.1491,0.0000,0.1417,0.0000,0.1364,0.0044,0.0117,0.2185,0.0665,0.2214,0.0039,0.2180,0.0005
1785423334.33,49,drive,1,2.0,15.0,40.713,25.14,249.71,0.0396,0.1505,0.0010,0.1427,0.0000,0.1373,0.0049,0.0117,0.2204,0.0616,0.2224,0.0039,0.2165,0.0000
1785423334.43,49,drive,2,2.0,15.0,40.713,25.14,249.71,0.0420,0.1515,0.0005,0.1393,0.0024,0.1378,0.0034,0.0112,0.2195,0.0645,0.2185,0.0039,0.2175,0.0005
1785423334.52,49,drive,3,2.0,15.0,40.713,25.14,249.71,0.0435,0.1505,0.0005,0.1398,0.0005,0.1378,0.0034,0.0093,0.2204,0.0655,0.2209,0.0049,0.2165,0.0005
1785423335.81,49,drive,0,2.5,15.0,40.713,25.14,249.71,0.0445,0.1549,0.0010,0.1403,0.0000,0.1305,0.0039,0.0029,0.2077,0.0538,0.2351,0.0020,0.2151,0.0005
1785423335.90,49,drive,1,2.5,15.0,40.713,25.14,249.71,0.0464,0.1559,0.0005,0.1398,0.0000,0.1305,0.0034,0.0024,0.2063,0.0499,0.2356,0.0029,0.2146,0.0010
1785423335.99,49,drive,2,2.5,15.0,40.713,25.14,249.71,0.0469,0.1574,0.0005,0.1417,0.0005,0.1271,0.0039,0.0024,0.2043,0.0528,0.2341,0.0044,0.2131,0.0005
1785423336.09,49,drive,3,2.5,15.0,40.713,25.14,249.71,0.0445,0.1569,0.0000,0.1417,0.0000,0.1281,0.0029,0.0020,0.2097,0.0543,0.2331,0.0020,0.2136,0.0005
1785423337.37,49,drive,0,3.0,15.0,40.713,25.14,249.71,0.0464,0.1544,0.0010,0.1432,0.0010,0.1457,0.0005,0.0000,0.1828,0.0191,0.2317,0.0020,0.2121,0.0005
1785423337.47,49,drive,1,3.0,15.0,40.713,25.14,249.71,0.0430,0.1554,0.0005,0.1432,0.0005,0.1452,0.0000,0.0005,0.1823,0.0191,0.2336,0.0015,0.2111,0.0005
1785423337.56,49,drive,2,3.0,15.0,40.713,25.14,249.71,0.0479,0.1559,0.0000,0.1417,0.0000,0.1447,0.0000,0.0000,0.1818,0.0181,0.2302,0.0020,0.2111,0.0005
1785423337.66,49,drive,3,3.0,15.0,40.713,25.14,249.71,0.0455,0.1559,0.0000,0.1432,0.0010,0.1447,0.0010,0.0005,0.1852,0.0200,0.2302,0.0020,0.2092,0.0010
1785423338.94,49,drive,0,3.5,15.0,40.713,25.14,249.71,0.0445,0.1579,0.0000,0.1544,0.0005,0.1657,0.0010,0.0020,0.1862,0.0010,0.2097,0.0020,0.2092,0.0010
1785423339.04,49,drive,1,3.5,15.0,40.713,25.14,249.71,0.0474,0.1579,0.0005,0.1496,0.0005,0.1686,0.0005,0.0029,0.1848,0.0010,0.2087,0.0034,0.2111,0.0010
1785423339.13,49,drive,2,3.5,15.0,40.713,25.14,249.71,0.0440,0.1569,0.0005,0.1525,0.0000,0.1691,0.0000,0.0020,0.1862,0.0005,0.2087,0.0010,0.2121,0.0000
1785423339.23,49,drive,3,3.5,15.0,40.713,25.14,249.71,0.0440,0.1554,0.0000,0.1540,0.0000,0.1681,0.0005,0.0029,0.1857,0.0000,0.2058,0.0005,0.2102,0.0000
1785423340.51,49,drive,0,4.0,15.0,40.713,25.14,249.71,0.0455,0.1564,0.0000,0.1540,0.0020,0.1676,0.0015,0.0112,0.2131,0.0239,0.1882,0.0044,0.2141,0.0005
1785423340.61,49,drive,1,4.0,15.0,40.713,25.14,249.71,0.0445,0.1554,0.0000,0.1525,0.0005,0.1681,0.0029,0.0108,0.2092,0.0249,0.1911,0.0039,0.2116,0.0000
1785423340.70,49,drive,2,4.0,15.0,40.713,25.14,249.71,0.0479,0.1564,0.0000,0.1500,0.0000,0.1691,0.0020,0.0088,0.2111,0.0264,0.1921,0.0039,0.2146,0.0015
1785423340.80,49,drive,3,4.0,15.0,40.713,25.14,249.71,0.0464,0.1564,0.0005,0.1544,0.0005,0.1701,0.0029,0.0108,0.2092,0.0239,0.1940,0.0034,0.2155,0.0000
1785423342.16,55,base,0,0.0,15.0,40.793,25.14,249.71,0.0381,0.1491,0.0000,0.1505,0.0005,0.1657,0.0020,0.0186,0.2190,0.0303,0.1852,0.0024,0.2204,0.0000
1785423342.26,55,base,1,0.0,15.0,40.793,25.14,249.71,0.0386,0.1500,0.0000,0.1500,0.0000,0.1681,0.0029,0.0191,0.2165,0.0308,0.1867,0.0034,0.2195,0.0005
1785423342.35,55,base,2,0.0,15.0,40.793,25.14,249.71,0.0396,0.1510,0.0000,0.1496,0.0000,0.1657,0.0029,0.0210,0.2180,0.0283,0.1872,0.0044,0.2199,0.0000
1785423342.45,55,base,3,0.0,15.0,40.793,25.14,249.71,0.0391,0.1496,0.0000,0.1476,0.0005,0.1686,0.0024,0.0181,0.2151,0.0313,0.1872,0.0034,0.2170,0.0000
1785423343.73,55,drive,0,0.0,15.0,40.793,25.14,249.71,0.0406,0.1520,0.0005,0.1520,0.0000,0.1647,0.0020,0.0210,0.2195,0.0279,0.1843,0.0059,0.2180,0.0000
1785423343.82,55,drive,1,0.0,15.0,40.793,25.14,249.71,0.0386,0.1535,0.0000,0.1515,0.0000,0.1647,0.0015,0.0205,0.2185,0.0298,0.1857,0.0024,0.2170,0.0000
1785423343.92,55,drive,2,0.0,15.0,40.793,25.14,249.71,0.0381,0.1481,0.0000,0.1525,0.0000,0.1647,0.0015,0.0186,0.2185,0.0283,0.1872,0.0034,0.2195,0.0005
1785423344.01,55,drive,3,0.0,15.0,40.793,25.14,249.71,0.0406,0.1535,0.0005,0.1505,0.0000,0.1691,0.0010,0.0215,0.2151,0.0313,0.1838,0.0054,0.2165,0.0000
1785423345.30,55,drive,0,0.5,15.0,40.793,25.14,249.71,0.0376,0.1520,0.0005,0.1500,0.0010,0.1676,0.0039,0.0186,0.2195,0.0269,0.1843,0.0020,0.2170,0.0000
1785423345.40,55,drive,1,0.5,15.0,40.793,25.14,249.71,0.0401,0.1500,0.0000,0.1491,0.0000,0.1652,0.0020,0.0200,0.2185,0.0283,0.1877,0.0039,0.2185,0.0010
1785423345.49,55,drive,2,0.5,15.0,40.793,25.14,249.71,0.0406,0.1510,0.0005,0.1510,0.0000,0.1672,0.0020,0.0196,0.2209,0.0283,0.1882,0.0054,0.2180,0.0010
1785423345.58,55,drive,3,0.5,15.0,40.793,25.14,249.71,0.0415,0.1530,0.0000,0.1510,0.0010,0.1676,0.0039,0.0181,0.2175,0.0274,0.1877,0.0015,0.2180,0.0000
1785423346.87,55,drive,0,1.0,15.0,40.793,25.14,249.71,0.0401,0.1530,0.0000,0.1500,0.0000,0.1672,0.0020,0.0186,0.2180,0.0274,0.1843,0.0020,0.2165,0.0000
1785423346.97,55,drive,1,1.0,15.0,40.793,25.14,249.71,0.0386,0.1491,0.0005,0.1510,0.0005,0.1667,0.0015,0.0196,0.2170,0.0274,0.1872,0.0020,0.2204,0.0005
1785423347.06,55,drive,2,1.0,15.0,40.793,25.14,249.71,0.0391,0.1505,0.0005,0.1500,0.0000,0.1662,0.0024,0.0196,0.2219,0.0303,0.1882,0.0059,0.2209,0.0000
1785423347.15,55,drive,3,1.0,15.0,40.793,25.14,249.71,0.0415,0.1520,0.0000,0.1510,0.0010,0.1667,0.0020,0.0196,0.2185,0.0288,0.1867,0.0029,0.2170,0.0000
1785423348.44,55,drive,0,1.5,15.0,40.793,25.14,249.71,0.0411,0.1535,0.0000,0.1535,0.0005,0.1647,0.0039,0.0200,0.2199,0.0279,0.1857,0.0034,0.2214,0.0015
1785423348.53,55,drive,1,1.5,15.0,40.793,25.14,249.71,0.0386,0.1510,0.0005,0.1510,0.0005,0.1672,0.0020,0.0196,0.2170,0.0283,0.1882,0.0044,0.2131,0.0000
1785423348.63,55,drive,2,1.5,15.0,40.793,25.14,249.71,0.0406,0.1500,0.0000,0.1476,0.0005,0.1672,0.0024,0.0210,0.2180,0.0298,0.1857,0.0029,0.2165,0.0000
1785423348.72,55,drive,3,1.5,15.0,40.793,25.14,249.71,0.0401,0.1510,0.0000,0.1500,0.0005,0.1672,0.0005,0.0215,0.2151,0.0303,0.1862,0.0049,0.2165,0.0000
1785423350.01,55,drive,0,2.0,15.0,40.793,25.14,249.71,0.0386,0.1505,0.0000,0.1505,0.0005,0.1667,0.0010,0.0176,0.2160,0.0283,0.1852,0.0068,0.2180,0.0000
1785423350.10,55,drive,1,2.0,15.0,40.793,25.14,249.71,0.0396,0.1520,0.0000,0.1520,0.0005,0.1662,0.0005,0.0200,0.2214,0.0303,0.1833,0.0024,0.2209,0.0005
1785423350.20,55,drive,2,2.0,15.0,40.793,25.14,249.71,0.0396,0.1500,0.0000,0.1496,0.0015,0.1681,0.0039,0.0210,0.2180,0.0279,0.1867,0.0039,0.2131,0.0000
1785423350.29,55,drive,3,2.0,15.0,40.793,25.14,249.71,0.0420,0.1510,0.0000,0.1496,0.0000,0.1676,0.0020,0.0196,0.2155,0.0269,0.1872,0.0064,0.2175,0.0005
1785423351.58,55,drive,0,2.5,15.0,40.793,25.14,249.71,0.0401,0.1525,0.0005,0.1491,0.0005,0.1672,0.0024,0.0200,0.2195,0.0279,0.1838,0.0034,0.2209,0.0000
1785423351.67,55,drive,1,2.5,15.0,40.793,25.14,249.71,0.0391,0.1505,0.0005,0.1496,0.0000,0.1681,0.0015,0.0215,0.2185,0.0288,0.1857,0.0020,0.2199,0.0000
1785423351.77,55,drive,2,2.5,15.0,40.793,25.14,249.71,0.0425,0.1496,0.0000,0.1500,0.0005,0.1686,0.0029,0.0181,0.2185,0.0288,0.1852,0.0059,0.2229,0.0005
1785423351.86,55,drive,3,2.5,15.0,40.793,25.14,249.71,0.0381,0.1481,0.0000,0.1520,0.0000,0.1681,0.0024,0.0176,0.2185,0.0308,0.1877,0.0024,0.2170,0.0005
1785423353.14,55,drive,0,3.0,15.0,40.793,25.14,249.71,0.0381,0.1452,0.0000,0.1510,0.0005,0.1676,0.0039,0.0220,0.2175,0.0274,0.1838,0.0054,0.2190,0.0000
1785423353.24,55,drive,1,3.0,15.0,40.793,25.14,249.71,0.0391,0.1491,0.0000,0.1530,0.0005,0.1676,0.0020,0.0156,0.2170,0.0298,0.1862,0.0029,0.2175,0.0005
1785423353.33,55,drive,2,3.0,15.0,40.793,25.14,249.71,0.0401,0.1491,0.0005,0.1491,0.0005,0.1637,0.0020,0.0200,0.2204,0.0298,0.1872,0.0024,0.2165,0.0010
1785423353.43,55,drive,3,3.0,15.0,40.793,25.14,249.71,0.0411,0.1510,0.0015,0.1500,0.0000,0.1657,0.0029,0.0215,0.2175,0.0303,0.1867,0.0020,0.2165,0.0000
1785423354.71,55,drive,0,3.5,15.0,40.793,25.14,249.71,0.0391,0.1510,0.0005,0.1481,0.0000,0.1672,0.0029,0.0205,0.2199,0.0283,0.1838,0.0034,0.2195,0.0000
1785423354.81,55,drive,1,3.5,15.0,40.793,25.14,249.71,0.0391,0.1481,0.0005,0.1491,0.0010,0.1672,0.0015,0.0191,0.2180,0.0288,0.1857,0.0039,0.2190,0.0000
1785423354.90,55,drive,2,3.5,15.0,40.793,25.14,249.71,0.0425,0.1505,0.0005,0.1530,0.0000,0.1676,0.0039,0.0210,0.2199,0.0288,0.1882,0.0073,0.2175,0.0000
1785423355.00,55,drive,3,3.5,15.0,40.793,25.14,249.71,0.0391,0.1481,0.0000,0.1515,0.0000,0.1672,0.0029,0.0181,0.2185,0.0259,0.1891,0.0034,0.2214,0.0005
1785423356.29,55,drive,0,4.0,15.0,40.793,25.14,249.71,0.0381,0.1500,0.0000,0.1520,0.0005,0.1691,0.0020,0.0181,0.2209,0.0279,0.1862,0.0039,0.2180,0.0000
1785423356.38,55,drive,1,4.0,15.0,40.793,25.14,249.71,0.0381,0.1471,0.0000,0.1520,0.0000,0.1657,0.0044,0.0200,0.2214,0.0288,0.1852,0.0039,0.2180,0.0000
1785423356.48,55,drive,2,4.0,15.0,40.793,25.14,249.71,0.0381,0.1520,0.0000,0.1515,0.0000,0.1662,0.0039,0.0205,0.2175,0.0298,0.1838,0.0039,0.2170,0.0010
1785423356.57,55,drive,3,4.0,15.0,40.793,25.14,249.71,0.0386,0.1515,0.0000,0.1505,0.0000,0.1652,0.0024,0.0196,0.2185,0.0279,0.1882,0.0049,0.2199,0.0000
1785423357.93,56,base,0,0.0,15.0,40.733,25.14,249.71,0.0357,0.1520,0.0000,0.1515,0.0000,0.1681,0.0034,0.0200,0.2195,0.0288,0.1867,0.0044,0.2204,0.0005
1785423358.02,56,base,1,0.0,15.0,40.733,25.14,249.71,0.0381,0.1505,0.0000,0.1520,0.0000,0.1662,0.0034,0.0215,0.2155,0.0323,0.1852,0.0029,0.2190,0.0005
1785423358.11,56,base,2,0.0,15.0,40.733,25.14,249.71,0.0406,0.1466,0.0005,0.1491,0.0000,0.1652,0.0005,0.0200,0.2209,0.0293,0.1862,0.0039,0.2199,0.0000
1785423358.21,56,base,3,0.0,15.0,40.733,25.14,249.71,0.0401,0.1500,0.0005,0.1510,0.0015,0.1652,0.0034,0.0205,0.2195,0.0274,0.1872,0.0020,0.2214,0.0000
1785423359.49,56,drive,0,0.0,15.0,40.733,25.14,249.71,0.0411,0.1505,0.0000,0.1496,0.0000,0.1672,0.0020,0.0210,0.2175,0.0303,0.1887,0.0024,0.2165,0.0000
1785423359.59,56,drive,1,0.0,15.0,40.733,25.14,249.71,0.0411,0.1515,0.0000,0.1510,0.0000,0.1676,0.0024,0.0200,0.2165,0.0288,0.1882,0.0039,0.2190,0.0000
1785423359.68,56,drive,2,0.0,15.0,40.733,25.14,249.71,0.0381,0.1520,0.0005,0.1481,0.0005,0.1706,0.0039,0.0200,0.2195,0.0298,0.1867,0.0029,0.2190,0.0000
1785423359.78,56,drive,3,0.0,15.0,40.733,25.14,249.71,0.0430,0.1505,0.0000,0.1530,0.0000,0.1647,0.0029,0.0196,0.2199,0.0283,0.1872,0.0034,0.2195,0.0000
1785423361.06,56,drive,0,0.5,15.0,40.733,25.14,249.71,0.0406,0.1520,0.0000,0.1505,0.0000,0.1676,0.0010,0.0191,0.2165,0.0303,0.1887,0.0020,0.2185,0.0000
1785423361.16,56,drive,1,0.5,15.0,40.733,25.14,249.71,0.0381,0.1535,0.0000,0.1510,0.0000,0.1672,0.0015,0.0196,0.2175,0.0298,0.1882,0.0024,0.2180,0.0000
1785423361.25,56,drive,2,0.5,15.0,40.733,25.14,249.71,0.0396,0.1500,0.0000,0.1510,0.0000,0.1657,0.0015,0.0210,0.2195,0.0293,0.1838,0.0024,0.2175,0.0000
1785423361.34,56,drive,3,0.5,15.0,40.733,25.14,249.71,0.0386,0.1505,0.0010,0.1505,0.0000,0.1662,0.0024,0.0215,0.2185,0.0269,0.1857,0.0044,0.2199,0.0000
1785423362.63,56,drive,0,1.0,15.0,40.733,25.14,249.71,0.0396,0.1505,0.0000,0.1510,0.0000,0.1652,0.0015,0.0196,0.2209,0.0274,0.1887,0.0029,0.2175,0.0000
1785423362.73,56,drive,1,1.0,15.0,40.733,25.14,249.71,0.0396,0.1496,0.0000,0.1510,0.0000,0.1667,0.0015,0.0225,0.2190,0.0298,0.1872,0.0054,0.2170,0.0000
1785423362.82,56,drive,2,1.0,15.0,40.733,25.14,249.71,0.0376,0.1486,0.0015,0.1520,0.0000,0.1662,0.0010,0.0191,0.2185,0.0283,0.1857,0.0039,0.2204,0.0000
1785423362.91,56,drive,3,1.0,15.0,40.733,25.14,249.71,0.0430,0.1540,0.0000,0.1515,0.0005,0.1657,0.0044,0.0205,0.2165,0.0288,0.1848,0.0034,0.2180,0.0005
1785423364.20,56,drive,0,1.5,15.0,40.733,25.14,249.71,0.0391,0.1505,0.0005,0.1500,0.0000,0.1667,0.0020,0.0196,0.2155,0.0279,0.1857,0.0039,0.2195,0.0000
1785423364.30,56,drive,1,1.5,15.0,40.733,25.14,249.71,0.0391,0.1520,0.0000,0.1496,0.0000,0.1662,0.0020,0.0191,0.2170,0.0279,0.1882,0.0039,0.2190,0.0000
1785423364.39,56,drive,2,1.5,15.0,40.733,25.14,249.71,0.0386,0.1491,0.0000,0.1515,0.0000,0.1686,0.0020,0.0215,0.2160,0.0303,0.1852,0.0044,0.2185,0.0000
1785423364.48,56,drive,3,1.5,15.0,40.733,25.14,249.71,0.0371,0.1491,0.0000,0.1510,0.0005,0.1637,0.0024,0.0205,0.2180,0.0274,0.1862,0.0039,0.2199,0.0005
1785423365.77,56,drive,0,2.0,15.0,40.733,25.14,249.71,0.0381,0.1481,0.0005,0.1525,0.0000,0.1667,0.0029,0.0200,0.2185,0.0293,0.1838,0.0024,0.2199,0.0000
1785423365.86,56,drive,1,2.0,15.0,40.733,25.14,249.71,0.0406,0.1481,0.0005,0.1486,0.0000,0.1681,0.0010,0.0196,0.2209,0.0308,0.1857,0.0029,0.2190,0.0000
1785423365.96,56,drive,2,2.0,15.0,40.733,25.14,249.71,0.0411,0.1515,0.0005,0.1500,0.0000,0.1667,0.0039,0.0191,0.2151,0.0313,0.1848,0.0029,0.2160,0.0000
1785423366.05,56,drive,3,2.0,15.0,40.733,25.14,249.71,0.0376,0.1520,0.0005,0.1476,0.0005,0.1667,0.0015,0.0205,0.2180,0.0279,0.1862,0.0049,0.2185,0.0000
1785423367.34,56,drive,0,2.5,15.0,40.733,25.14,249.71,0.0362,0.1510,0.0000,0.1505,0.0000,0.1662,0.0034,0.0235,0.2180,0.0298,0.1848,0.0059,0.2199,0.0000
1785423367.43,56,drive,1,2.5,15.0,40.733,25.14,249.71,0.0401,0.1510,0.0000,0.1505,0.0000,0.1652,0.0015,0.0205,0.2190,0.0288,0.1852,0.0034,0.2160,0.0000
1785423367.53,56,drive,2,2.5,15.0,40.733,25.14,249.71,0.0401,0.1466,0.0000,0.1500,0.0000,0.1662,0.0024,0.0205,0.2190,0.0283,0.1852,0.0044,0.2204,0.0000
1785423367.62,56,drive,3,2.5,15.0,40.733,25.14,249.71,0.0415,0.1525,0.0000,0.1505,0.0000,0.1657,0.0044,0.0191,0.2199,0.0279,0.1857,0.0039,0.2170,0.0005
1785423368.91,56,drive,0,3.0,15.0,40.733,25.14,249.71,0.0406,0.1500,0.0000,0.1481,0.0005,0.1686,0.0029,0.0186,0.2151,0.0283,0.1872,0.0034,0.2199,0.0000
1785423369.00,56,drive,1,3.0,15.0,40.733,25.14,249.71,0.0396,0.1505,0.0005,0.1496,0.0000,0.1642,0.0020,0.0196,0.2170,0.0283,0.1877,0.0049,0.2204,0.0000
1785423369.10,56,drive,2,3.0,15.0,40.733,25.14,249.71,0.0386,0.1510,0.0000,0.1515,0.0005,0.1691,0.0010,0.0191,0.2185,0.0298,0.1838,0.0029,0.2204,0.0000
1785423369.19,56,drive,3,3.0,15.0,40.733,25.14,249.71,0.0415,0.1510,0.0000,0.1500,0.0005,0.1672,0.0015,0.0191,0.2199,0.0283,0.1852,0.0039,0.2204,0.0000
1785423370.48,56,drive,0,3.5,15.0,40.733,25.14,249.71,0.0391,0.1505,0.0000,0.1505,0.0000,0.1667,0.0039,0.0186,0.2214,0.0303,0.1862,0.0039,0.2180,0.0000
1785423370.57,56,drive,1,3.5,15.0,40.733,25.14,249.71,0.0401,0.1496,0.0000,0.1500,0.0005,0.1681,0.0024,0.0196,0.2204,0.0298,0.1887,0.0044,0.2224,0.0000
1785423370.67,56,drive,2,3.5,15.0,40.733,25.14,249.71,0.0396,0.1515,0.0000,0.1510,0.0005,0.1662,0.0029,0.0230,0.2214,0.0313,0.1867,0.0044,0.2209,0.0000
1785423370.76,56,drive,3,3.5,15.0,40.733,25.14,249.71,0.0391,0.1505,0.0005,0.1481,0.0000,0.1637,0.0049,0.0205,0.2195,0.0303,0.1882,0.0034,0.2204,0.0000
1785423372.05,56,drive,0,4.0,15.0,40.733,25.14,249.71,0.0415,0.1510,0.0000,0.1496,0.0000,0.1652,0.0029,0.0196,0.2175,0.0279,0.1852,0.0034,0.2170,0.0000
1785423372.14,56,drive,1,4.0,15.0,40.733,25.14,249.71,0.0425,0.1500,0.0000,0.1496,0.0000,0.1686,0.0029,0.0205,0.2190,0.0303,0.1862,0.0044,0.2180,0.0005
1785423372.24,56,drive,2,4.0,15.0,40.733,25.14,249.71,0.0415,0.1500,0.0000,0.1481,0.0000,0.1652,0.0029,0.0196,0.2195,0.0264,0.1857,0.0044,0.2195,0.0000
1785423372.33,56,drive,3,4.0,15.0,40.733,25.14,249.71,0.0367,0.1510,0.0000,0.1535,0.0000,0.1676,0.0020,0.0191,0.2199,0.0283,0.1857,0.0015,0.2190,0.0005
1785423373.69,57,base,0,0.0,15.0,40.833,25.14,249.71,0.0406,0.1530,0.0005,0.1500,0.0005,0.1686,0.0024,0.0191,0.2151,0.0269,0.1857,0.0024,0.2185,0.0000
1785423373.79,57,base,1,0.0,15.0,40.833,25.14,249.71,0.0386,0.1510,0.0000,0.1491,0.0000,0.1667,0.0010,0.0210,0.2195,0.0288,0.1833,0.0049,0.2180,0.0005
1785423373.88,57,base,2,0.0,15.0,40.833,25.14,249.71,0.0406,0.1486,0.0000,0.1496,0.0005,0.1657,0.0034,0.0191,0.2180,0.0283,0.1891,0.0029,0.2170,0.0005
1785423373.98,57,base,3,0.0,15.0,40.833,25.14,249.71,0.0411,0.1510,0.0000,0.1500,0.0000,0.1647,0.0044,0.0215,0.2185,0.0279,0.1896,0.0029,0.2160,0.0000
1785423375.26,57,drive,0,0.0,15.0,40.833,25.14,249.71,0.0401,0.1496,0.0000,0.1505,0.0010,0.1652,0.0039,0.0210,0.2175,0.0279,0.1857,0.0039,0.2190,0.0005
1785423375.35,57,drive,1,0.0,15.0,40.833,25.14,249.71,0.0415,0.1505,0.0005,0.1505,0.0000,0.1696,0.0020,0.0166,0.2185,0.0323,0.1843,0.0029,0.2165,0.0000
1785423375.45,57,drive,2,0.0,15.0,40.833,25.14,249.71,0.0381,0.1525,0.0000,0.1510,0.0000,0.1647,0.0029,0.0176,0.2180,0.0303,0.1838,0.0034,0.2190,0.0000
1785423375.54,57,drive,3,0.0,15.0,40.833,25.14,249.71,0.0411,0.1500,0.0000,0.1486,0.0010,0.1652,0.0024,0.0191,0.2195,0.0254,0.1872,0.0024,0.2195,0.0005
1785423376.83,57,drive,0,0.5,15.0,40.833,25.14,249.71,0.0396,0.1525,0.0000,0.1496,0.0005,0.1662,0.0015,0.0200,0.2185,0.0274,0.1857,0.0064,0.2204,0.0005
1785423376.92,57,drive,1,0.5,15.0,40.833,25.14,249.71,0.0411,0.1491,0.0000,0.1481,0.0005,0.1691,0.0044,0.0200,0.2180,0.0283,0.1857,0.0039,0.2175,0.0000
1785423377.02,57,drive,2,0.5,15.0,40.833,25.14,249.71,0.0376,0.1505,0.0000,0.1510,0.0005,0.1642,0.0020,0.0200,0.2195,0.0274,0.1867,0.0054,0.2195,0.0005
1785423377.11,57,drive,3,0.5,15.0,40.833,25.14,249.71,0.0362,0.1530,0.0000,0.1491,0.0000,0.1667,0.0034,0.0171,0.2204,0.0283,0.1838,0.0034,0.2185,0.0000
1785423378.40,57,drive,0,1.0,15.0,40.833,25.14,249.71,0.0396,0.1486,0.0005,0.1481,0.0000,0.1716,0.0054,0.0205,0.2195,0.0283,0.1891,0.0029,0.2195,0.0000
1785423378.49,57,drive,1,1.0,15.0,40.833,25.14,249.71,0.0386,0.1525,0.0000,0.1491,0.0000,0.1657,0.0024,0.0196,0.2185,0.0279,0.1872,0.0029,0.2190,0.0000
1785423378.59,57,drive,2,1.0,15.0,40.833,25.14,249.71,0.0396,0.1515,0.0005,0.1515,0.0000,0.1667,0.0049,0.0196,0.2170,0.0308,0.1887,0.0049,0.2175,0.0005
1785423378.68,57,drive,3,1.0,15.0,40.833,25.14,249.71,0.0391,0.1520,0.0000,0.1481,0.0000,0.1632,0.0010,0.0196,0.2214,0.0293,0.1848,0.0029,0.2195,0.0005
1785423379.97,57,drive,0,1.5,15.0,40.833,25.14,249.71,0.0401,0.1505,0.0000,0.1500,0.0005,0.1657,0.0015,0.0196,0.2199,0.0293,0.1852,0.0044,0.2195,0.0000
1785423380.06,57,drive,1,1.5,15.0,40.833,25.14,249.71,0.0396,0.1520,0.0000,0.1481,0.0000,0.1657,0.0029,0.0205,0.2185,0.0235,0.1872,0.0049,0.2190,0.0000
1785423380.16,57,drive,2,1.5,15.0,40.833,25.14,249.71,0.0357,0.1535,0.0000,0.1471,0.0005,0.1672,0.0024,0.0200,0.2165,0.0283,0.1862,0.0054,0.2175,0.0005
1785423380.25,57,drive,3,1.5,15.0,40.833,25.14,249.71,0.0386,0.1530,0.0000,0.1520,0.0000,0.1642,0.0029,0.0181,0.2180,0.0283,0.1857,0.0034,0.2199,0.0005
1785423381.54,57,drive,0,2.0,15.0,40.833,25.14,249.71,0.0376,0.1496,0.0010,0.1500,0.0000,0.1672,0.0029,0.0186,0.2195,0.0279,0.1828,0.0029,0.2180,0.0000
1785423381.63,57,drive,1,2.0,15.0,40.833,25.14,249.71,0.0406,0.1496,0.0000,0.1510,0.0000,0.1672,0.0034,0.0205,0.2165,0.0293,0.1877,0.0039,0.2190,0.0005
1785423381.73,57,drive,2,2.0,15.0,40.833,25.14,249.71,0.0415,0.1505,0.0000,0.1486,0.0005,0.1667,0.0015,0.0181,0.2185,0.0308,0.1862,0.0049,0.2195,0.0005
1785423381.82,57,drive,3,2.0,15.0,40.833,25.14,249.71,0.0391,0.1520,0.0010,0.1486,0.0005,0.1696,0.0020,0.0205,0.2190,0.0279,0.1848,0.0029,0.2180,0.0005
1785423383.11,57,drive,0,2.5,15.0,40.833,25.14,249.71,0.0386,0.1525,0.0000,0.1491,0.0000,0.1681,0.0015,0.0176,0.2185,0.0288,0.1867,0.0020,0.2160,0.0000
1785423383.20,57,drive,1,2.5,15.0,40.833,25.14,249.71,0.0425,0.1525,0.0010,0.1476,0.0005,0.1676,0.0010,0.0200,0.2170,0.0279,0.1882,0.0044,0.2160,0.0000
1785423383.29,57,drive,2,2.5,15.0,40.833,25.14,249.71,0.0386,0.1510,0.0015,0.1496,0.0000,0.1667,0.0020,0.0196,0.2185,0.0303,0.1843,0.0015,0.2204,0.0005
1785423383.39,57,drive,3,2.5,15.0,40.833,25.14,249.71,0.0406,0.1510,0.0000,0.1535,0.0000,0.1667,0.0020,0.0205,0.2175,0.0298,0.1862,0.0049,0.2195,0.0005
1785423384.67,57,drive,0,3.0,15.0,40.833,25.14,249.71,0.0386,0.1491,0.0000,0.1466,0.0000,0.1672,0.0015,0.0215,0.2190,0.0288,0.1838,0.0020,0.2190,0.0000
1785423384.77,57,drive,1,3.0,15.0,40.833,25.14,249.71,0.0401,0.1486,0.0000,0.1510,0.0000,0.1676,0.0029,0.0196,0.2185,0.0303,0.1872,0.0034,0.2199,0.0000
1785423384.86,57,drive,2,3.0,15.0,40.833,25.14,249.71,0.0367,0.1491,0.0000,0.1520,0.0000,0.1681,0.0005,0.0196,0.2195,0.0288,0.1848,0.0024,0.2209,0.0000
1785423384.95,57,drive,3,3.0,15.0,40.833,25.14,249.71,0.0396,0.1491,0.0000,0.1510,0.0010,0.1686,0.0005,0.0205,0.2190,0.0283,0.1867,0.0024,0.2185,0.0005
1785423386.24,57,drive,0,3.5,15.0,40.833,25.14,249.71,0.0401,0.1510,0.0000,0.1535,0.0010,0.1667,0.0015,0.0186,0.2185,0.0288,0.1887,0.0034,0.2180,0.0000
1785423386.33,57,drive,1,3.5,15.0,40.833,25.14,249.71,0.0411,0.1496,0.0000,0.1525,0.0000,0.1657,0.0039,0.0215,0.2180,0.0288,0.1896,0.0039,0.2175,0.0000
1785423386.43,57,drive,2,3.5,15.0,40.833,25.14,249.71,0.0401,0.1481,0.0000,0.1486,0.0000,0.1672,0.0034,0.0186,0.2175,0.0303,0.1857,0.0034,0.2214,0.0000
1785423386.52,57,drive,3,3.5,15.0,40.833,25.14,249.71,0.0386,0.1520,0.0000,0.1476,0.0000,0.1667,0.0020,0.0191,0.2185,0.0288,0.1867,0.0039,0.2190,0.0000
1785423387.81,57,drive,0,4.0,15.0,40.833,25.14,249.71,0.0396,0.1520,0.0010,0.1510,0.0005,0.1662,0.0029,0.0196,0.2151,0.0259,0.1891,0.0029,0.2204,0.0000
1785423387.90,57,drive,1,4.0,15.0,40.833,25.14,249.71,0.0386,0.1510,0.0000,0.1500,0.0000,0.1647,0.0024,0.0196,0.2180,0.0269,0.1838,0.0029,0.2160,0.0005
1785423388.00,57,drive,2,4.0,15.0,40.833,25.14,249.71,0.0425,0.1530,0.0000,0.1486,0.0005,0.1676,0.0015,0.0196,0.2165,0.0283,0.1887,0.0034,0.2199,0.0000
1785423388.09,57,drive,3,4.0,15.0,40.833,25.14,249.71,0.0386,0.1525,0.0005,0.1525,0.0000,0.1686,0.0034,0.0171,0.2175,0.0283,0.1848,0.0024,0.2209,0.0000
1785423389.46,58,base,0,0.0,15.0,40.773,25.14,249.71,0.0411,0.1510,0.0005,0.1491,0.0000,0.1662,0.0020,0.0200,0.2190,0.0293,0.1857,0.0029,0.2199,0.0000
1785423389.56,58,base,1,0.0,15.0,40.773,25.14,249.71,0.0401,0.1515,0.0000,0.1525,0.0000,0.1647,0.0029,0.0210,0.2190,0.0254,0.1852,0.0039,0.2185,0.0000
1785423389.65,58,base,2,0.0,15.0,40.773,25.14,249.71,0.0401,0.1496,0.0005,0.1481,0.0005,0.1676,0.0020,0.0225,0.2175,0.0279,0.1862,0.0059,0.2199,0.0000
1785423389.75,58,base,3,0.0,15.0,40.773,25.14,249.71,0.0376,0.1510,0.0010,0.1476,0.0000,0.1637,0.0039,0.0200,0.2185,0.0298,0.1882,0.0029,0.2190,0.0000
1785423391.03,58,drive,0,0.0,15.0,40.773,25.14,249.71,0.0386,0.1505,0.0000,0.1491,0.0005,0.1642,0.0039,0.0220,0.2209,0.0293,0.1862,0.0029,0.2185,0.0010
1785423391.13,58,drive,1,0.0,15.0,40.773,25.14,249.71,0.0406,0.1515,0.0005,0.1510,0.0005,0.1706,0.0034,0.0200,0.2175,0.0269,0.1867,0.0034,0.2180,0.0000
1785423391.22,58,drive,2,0.0,15.0,40.773,25.14,249.71,0.0401,0.1520,0.0005,0.1471,0.0000,0.1672,0.0034,0.0191,0.2175,0.0274,0.1896,0.0034,0.2204,0.0000
1785423391.32,58,drive,3,0.0,15.0,40.773,25.14,249.71,0.0386,0.1554,0.0000,0.1496,0.0005,0.1662,0.0020,0.0171,0.2190,0.0288,0.1862,0.0015,0.2199,0.0000
1785423392.60,58,drive,0,0.5,15.0,40.773,25.14,249.71,0.0411,0.1535,0.0015,0.1500,0.0000,0.1642,0.0020,0.0230,0.2199,0.0235,0.1848,0.0039,0.2214,0.0005
1785423392.70,58,drive,1,0.5,15.0,40.773,25.14,249.71,0.0386,0.1466,0.0000,0.1500,0.0005,0.1667,0.0005,0.0225,0.2170,0.0274,0.1867,0.0054,0.2195,0.0000
1785423392.79,58,drive,2,0.5,15.0,40.773,25.14,249.71,0.0401,0.1515,0.0000,0.1466,0.0005,0.1691,0.0020,0.0196,0.2204,0.0293,0.1848,0.0034,0.2190,0.0005
1785423392.89,58,drive,3,0.5,15.0,40.773,25.14,249.71,0.0411,0.1500,0.0000,0.1525,0.0000,0.1676,0.0020,0.0186,0.2175,0.0274,0.1867,0.0024,0.2170,0.0005
1785423394.17,58,drive,0,1.0,15.0,40.773,25.14,249.71,0.0396,0.1496,0.0000,0.1496,0.0000,0.1672,0.0029,0.0200,0.2180,0.0313,0.1848,0.0024,0.2219,0.0000
1785423394.27,58,drive,1,1.0,15.0,40.773,25.14,249.71,0.0386,0.1496,0.0005,0.1515,0.0005,0.1662,0.0020,0.0181,0.2175,0.0288,0.1877,0.0034,0.2214,0.0005
1785423394.36,58,drive,2,1.0,15.0,40.773,25.14,249.71,0.0406,0.1520,0.0000,0.1486,0.0005,0.1672,0.0039,0.0181,0.2180,0.0293,0.1867,0.0049,0.2195,0.0000
1785423394.46,58,drive,3,1.0,15.0,40.773,25.14,249.71,0.0401,0.1500,0.0000,0.1496,0.0005,0.1662,0.0015,0.0196,0.2175,0.0264,0.1882,0.0044,0.2175,0.0000
1785423395.74,58,drive,0,1.5,15.0,40.773,25.14,249.71,0.0401,0.1476,0.0000,0.1500,0.0005,0.1652,0.0039,0.0196,0.2185,0.0288,0.1857,0.0024,0.2224,0.0005
1785423395.83,58,drive,1,1.5,15.0,40.773,25.14,249.71,0.0391,0.1510,0.0000,0.1500,0.0005,0.1681,0.0029,0.0196,0.2204,0.0259,0.1867,0.0039,0.2175,0.0000
1785423395.93,58,drive,2,1.5,15.0,40.773,25.14,249.71,0.0391,0.1491,0.0000,0.1500,0.0000,0.1672,0.0024,0.0191,0.2175,0.0283,0.1867,0.0049,0.2195,0.0020
1785423396.02,58,drive,3,1.5,15.0,40.773,25.14,249.71,0.0376,0.1520,0.0000,0.1476,0.0000,0.1662,0.0020,0.0200,0.2180,0.0283,0.1862,0.0034,0.2175,0.0000
1785423397.31,58,drive,0,2.0,15.0,40.773,25.14,249.71,0.0411,0.1535,0.0000,0.1491,0.0005,0.1672,0.0015,0.0191,0.2170,0.0288,0.1867,0.0049,0.2185,0.0000
1785423397.40,58,drive,1,2.0,15.0,40.773,25.14,249.71,0.0406,0.1510,0.0000,0.1515,0.0005,0.1676,0.0029,0.0210,0.2170,0.0288,0.1887,0.0034,0.2190,0.0005
1785423397.50,58,drive,2,2.0,15.0,40.773,25.14,249.71,0.0396,0.1520,0.0000,0.1481,0.0000,0.1691,0.0020,0.0205,0.2185,0.0274,0.1887,0.0029,0.2199,0.0000
1785423397.59,58,drive,3,2.0,15.0,40.773,25.14,249.71,0.0396,0.1510,0.0005,0.1515,0.0000,0.1657,0.0039,0.0205,0.2160,0.0279,0.1872,0.0034,0.2170,0.0000
1785423398.87,58,drive,0,2.5,15.0,40.773,25.14,249.71,0.0386,0.1496,0.0000,0.1510,0.0000,0.1681,0.0034,0.0205,0.2175,0.0288,0.1848,0.0020,0.2209,0.0005
1785423398.97,58,drive,1,2.5,15.0,40.773,25.14,249.71,0.0411,0.1515,0.0000,0.1515,0.0005,0.1686,0.0020,0.0205,0.2199,0.0293,0.1857,0.0039,0.2151,0.0005
1785423399.06,58,drive,2,2.5,15.0,40.773,25.14,249.71,0.0415,0.1500,0.0000,0.1515,0.0005,0.1667,0.0034,0.0215,0.2170,0.0308,0.1862,0.0034,0.2185,0.0000
1785423399.16,58,drive,3,2.5,15.0,40.773,25.14,249.71,0.0415,0.1525,0.0000,0.1525,0.0005,0.1667,0.0024,0.0230,0.2175,0.0274,0.1872,0.0029,0.2190,0.0005
1785423400.44,58,drive,0,3.0,15.0,40.773,25.14,249.71,0.0406,0.1510,0.0000,0.1491,0.0010,0.1696,0.0020,0.0186,0.2190,0.0274,0.1857,0.0024,0.2185,0.0000
1785423400.54,58,drive,1,3.0,15.0,40.773,25.14,249.71,0.0367,0.1515,0.0005,0.1535,0.0000,0.1628,0.0039,0.0220,0.2199,0.0283,0.1867,0.0054,0.2209,0.0005
1785423400.63,58,drive,2,3.0,15.0,40.773,25.14,249.71,0.0435,0.1535,0.0000,0.1481,0.0000,0.1657,0.0024,0.0196,0.2204,0.0283,0.1872,0.0044,0.2180,0.0000
1785423400.72,58,drive,3,3.0,15.0,40.773,25.14,249.71,0.0396,0.1520,0.0000,0.1500,0.0000,0.1662,0.0024,0.0196,0.2199,0.0293,0.1882,0.0020,0.2214,0.0000
1785423402.01,58,drive,0,3.5,15.0,40.773,25.14,249.71,0.0396,0.1520,0.0000,0.1486,0.0010,0.1672,0.0015,0.0205,0.2199,0.0264,0.1852,0.0049,0.2195,0.0000
1785423402.11,58,drive,1,3.5,15.0,40.773,25.14,249.71,0.0411,0.1515,0.0000,0.1447,0.0005,0.1676,0.0044,0.0196,0.2180,0.0298,0.1862,0.0044,0.2155,0.0005
1785423402.20,58,drive,2,3.5,15.0,40.773,25.14,249.71,0.0430,0.1515,0.0000,0.1496,0.0005,0.1657,0.0034,0.0205,0.2185,0.0298,0.1896,0.0049,0.2180,0.0000
1785423402.29,58,drive,3,3.5,15.0,40.773,25.14,249.71,0.0396,0.1530,0.0000,0.1496,0.0005,0.1652,0.0015,0.0200,0.2199,0.0264,0.1877,0.0059,0.2195,0.0000
1785423403.58,58,drive,0,4.0,15.0,40.773,25.14,249.71,0.0411,0.1481,0.0000,0.1496,0.0005,0.1657,0.0039,0.0215,0.2170,0.0264,0.1852,0.0044,0.2180,0.0005
1785423403.68,58,drive,1,4.0,15.0,40.773,25.14,249.71,0.0391,0.1510,0.0000,0.1481,0.0005,0.1676,0.0010,0.0181,0.2175,0.0288,0.1882,0.0034,0.2180,0.0000
1785423403.77,58,drive,2,4.0,15.0,40.773,25.14,249.71,0.0391,0.1481,0.0000,0.1466,0.0010,0.1691,0.0020,0.0220,0.2180,0.0288,0.1872,0.0034,0.2180,0.0000
1785423403.87,58,drive,3,4.0,15.0,40.773,25.14,249.71,0.0391,0.1505,0.0000,0.1486,0.0005,0.1667,0.0020,0.0196,0.2204,0.0293,0.1857,0.0044,0.2214,0.0000
1785423405.23,59,base,0,0.0,15.0,40.693,25.14,249.71,0.0401,0.1491,0.0000,0.1500,0.0005,0.1642,0.0024,0.0186,0.2195,0.0283,0.1872,0.0034,0.2170,0.0000
1785423405.32,59,base,1,0.0,15.0,40.693,25.14,249.71,0.0420,0.1500,0.0000,0.1515,0.0005,0.1652,0.0015,0.0225,0.2195,0.0288,0.1882,0.0029,0.2185,0.0000
1785423405.42,59,base,2,0.0,15.0,40.693,25.14,249.71,0.0415,0.1491,0.0000,0.1471,0.0005,0.1672,0.0029,0.0196,0.2185,0.0283,0.1857,0.0024,0.2190,0.0000
1785423405.51,59,base,3,0.0,15.0,40.693,25.14,249.71,0.0401,0.1500,0.0000,0.1515,0.0000,0.1657,0.0044,0.0215,0.2170,0.0283,0.1867,0.0039,0.2190,0.0000
1785423406.80,59,drive,0,0.0,15.0,40.693,25.14,249.71,0.0406,0.1520,0.0000,0.1500,0.0005,0.1662,0.0029,0.0205,0.2204,0.0259,0.1867,0.0029,0.2190,0.0000
1785423406.89,59,drive,1,0.0,15.0,40.693,25.14,249.71,0.0381,0.1505,0.0000,0.1491,0.0000,0.1667,0.0034,0.0196,0.2170,0.0293,0.1877,0.0039,0.2165,0.0000
1785423406.99,59,drive,2,0.0,15.0,40.693,25.14,249.71,0.0415,0.1491,0.0000,0.1491,0.0000,0.1662,0.0029,0.0186,0.2195,0.0288,0.1843,0.0024,0.2204,0.0000
1785423407.08,59,drive,3,0.0,15.0,40.693,25.14,249.71,0.0381,0.1486,0.0005,0.1500,0.0005,0.1652,0.0020,0.0205,0.2199,0.0264,0.1887,0.0039,0.2199,0.0000
1785423408.37,59,drive,0,0.5,15.0,40.693,25.14,249.71,0.0381,0.1515,0.0005,0.1491,0.0000,0.1691,0.0020,0.0196,0.2204,0.0303,0.1862,0.0024,0.2209,0.0000
1785423408.46,59,drive,1,0.5,15.0,40.693,25.14,249.71,0.0391,0.1515,0.0000,0.1505,0.0000,0.1662,0.0015,0.0205,0.2160,0.0264,0.1833,0.0039,0.2195,0.0005
1785423408.56,59,drive,2,0.5,15.0,40.693,25.14,249.71,0.0401,0.1510,0.0000,0.1486,0.0005,0.1676,0.0029,0.0235,0.2185,0.0288,0.1877,0.0039,0.2175,0.0000
1785423408.65,59,drive,3,0.5,15.0,40.693,25.14,249.71,0.0381,0.1525,0.0005,0.1505,0.0000,0.1637,0.0029,0.0220,0.2190,0.0269,0.1891,0.0039,0.2151,0.0000
1785423409.94,59,drive,0,1.0,15.0,40.693,25.14,249.71,0.0396,0.1515,0.0000,0.1481,0.0000,0.1672,0.0010,0.0210,0.2180,0.0283,0.1877,0.0044,0.2185,0.0000
1785423410.03,59,drive,1,1.0,15.0,40.693,25.14,249.71,0.0420,0.1515,0.0000,0.1491,0.0005,0.1676,0.0010,0.0205,0.2190,0.0293,0.1867,0.0024,0.2165,0.0000
1785423410.13,59,drive,2,1.0,15.0,40.693,25.14,249.71,0.0396,0.1496,0.0000,0.1505,0.0000,0.1647,0.0020,0.0225,0.2180,0.0254,0.1857,0.0054,0.2185,0.0000
1785423410.22,59,drive,3,1.0,15.0,40.693,25.14,249.71,0.0396,0.1496,0.0000,0.1500,0.0010,0.1691,0.0010,0.0196,0.2195,0.0279,0.1867,0.0024,0.2185,0.0000
1785423411.51,59,drive,0,1.5,15.0,40.693,25.14,249.71,0.0396,0.1505,0.0000,0.1481,0.0010,0.1667,0.0034,0.0205,0.2199,0.0293,0.1882,0.0049,0.2199,0.0000
1785423411.60,59,drive,1,1.5,15.0,40.693,25.14,249.71,0.0411,0.1471,0.0000,0.1457,0.0000,0.1672,0.0029,0.0191,0.2209,0.0293,0.1852,0.0024,0.2170,0.0000
1785423411.70,59,drive,2,1.5,15.0,40.693,25.14,249.71,0.0381,0.1525,0.0000,0.1491,0.0005,0.1662,0.0015,0.0225,0.2195,0.0313,0.1852,0.0024,0.2185,0.0000
1785423411.79,59,drive,3,1.5,15.0,40.693,25.14,249.71,0.0401,0.1491,0.0000,0.1491,0.0000,0.1667,0.0020,0.0186,0.2195,0.0313,0.1843,0.0029,0.2165,0.0010
1785423413.08,59,drive,0,2.0,15.0,40.693,25.14,249.71,0.0337,0.1491,0.0000,0.1505,0.0000,0.1662,0.0029,0.0205,0.2175,0.0269,0.1887,0.0029,0.2185,0.0005
1785423413.17,59,drive,1,2.0,15.0,40.693,25.14,249.71,0.0391,0.1510,0.0000,0.1505,0.0005,0.1676,0.0010,0.0205,0.2209,0.0298,0.1838,0.0029,0.2175,0.0005
1785423413.26,59,drive,2,2.0,15.0,40.693,25.14,249.71,0.0406,0.1510,0.0000,0.1481,0.0010,0.1667,0.0010,0.0200,0.2195,0.0298,0.1901,0.0034,0.2190,0.0000
1785423413.36,59,drive,3,2.0,15.0,40.693,25.14,249.71,0.0411,0.1544,0.0000,0.1471,0.0000,0.1662,0.0029,0.0205,0.2204,0.0298,0.1877,0.0024,0.2195,0.0000
1785423414.65,59,drive,0,2.5,15.0,40.693,25.14,249.71,0.0411,0.1505,0.0000,0.1476,0.0000,0.1662,0.0020,0.0215,0.2180,0.0288,0.1862,0.0029,0.2180,0.0000
1785423414.74,59,drive,1,2.5,15.0,40.693,25.14,249.71,0.0425,0.1500,0.0000,0.1491,0.0005,0.1647,0.0029,0.0196,0.2185,0.0298,0.1867,0.0029,0.2199,0.0000
1785423414.84,59,drive,2,2.5,15.0,40.693,25.14,249.71,0.0391,0.1505,0.0005,0.1491,0.0005,0.1667,0.0029,0.0210,0.2185,0.0293,0.1867,0.0034,0.2185,0.0000
1785423414.93,59,drive,3,2.5,15.0,40.693,25.14,249.71,0.0406,0.1525,0.0000,0.1505,0.0005,0.1662,0.0024,0.0205,0.2170,0.0283,0.1877,0.0020,0.2180,0.0000
1785423416.22,59,drive,0,3.0,15.0,40.693,25.14,249.71,0.0406,0.1496,0.0005,0.1496,0.0005,0.1662,0.0020,0.0196,0.2185,0.0283,0.1877,0.0044,0.2160,0.0000
1785423416.31,59,drive,1,3.0,15.0,40.693,25.14,249.71,0.0386,0.1505,0.0005,0.1466,0.0000,0.1667,0.0024,0.0205,0.2165,0.0298,0.1882,0.0039,0.2190,0.0000
1785423416.41,59,drive,2,3.0,15.0,40.693,25.14,249.71,0.0396,0.1520,0.0000,0.1496,0.0005,0.1672,0.0005,0.0200,0.2209,0.0303,0.1877,0.0024,0.2209,0.0000
1785423416.50,59,drive,3,3.0,15.0,40.693,25.14,249.71,0.0371,0.1500,0.0000,0.1481,0.0000,0.1667,0.0029,0.0191,0.2170,0.0264,0.1862,0.0064,0.2214,0.0010
1785423417.79,59,drive,0,3.5,15.0,40.693,25.14,249.71,0.0371,0.1530,0.0000,0.1476,0.0015,0.1686,0.0034,0.0215,0.2195,0.0269,0.1872,0.0010,0.2185,0.0000
1785423417.88,59,drive,1,3.5,15.0,40.693,25.14,249.71,0.0367,0.1535,0.0000,0.1500,0.0000,0.1672,0.0010,0.0196,0.2214,0.0308,0.1891,0.0044,0.2180,0.0005
1785423417.98,59,drive,2,3.5,15.0,40.693,25.14,249.71,0.0406,0.1510,0.0000,0.1491,0.0000,0.1652,0.0024,0.0200,0.2195,0.0303,0.1877,0.0020,0.2204,0.0005
1785423418.07,59,drive,3,3.5,15.0,40.693,25.14,249.71,0.0371,0.1496,0.0000,0.1491,0.0010,0.1662,0.0029,0.0210,0.2185,0.0303,0.1877,0.0039,0.2175,0.0010
1785423419.37,59,drive,0,4.0,15.0,40.693,25.14,249.71,0.0401,0.1515,0.0000,0.1486,0.0005,0.1672,0.0024,0.0181,0.2185,0.0293,0.1857,0.0020,0.2219,0.0000
1785423419.47,59,drive,1,4.0,15.0,40.693,25.14,249.71,0.0415,0.1525,0.0010,0.1500,0.0005,0.1652,0.0010,0.0205,0.2185,0.0283,0.1901,0.0015,0.2180,0.0000
1785423419.56,59,drive,2,4.0,15.0,40.693,25.14,249.71,0.0386,0.1505,0.0005,0.1486,0.0000,0.1667,0.0034,0.0220,0.2190,0.0274,0.1891,0.0044,0.2180,0.0020
1785423419.66,59,drive,3,4.0,15.0,40.693,25.14,249.71,0.0401,0.1500,0.0010,0.1500,0.0000,0.1691,0.0039,0.0176,0.2170,0.0288,0.1862,0.0044,0.2214,0.0005
1785423421.01,67,base,0,0.0,15.0,40.773,25.14,249.71,0.0381,0.1510,0.0000,0.1457,0.0000,0.1657,0.0029,0.0196,0.2195,0.0313,0.1867,0.0029,0.2190,0.0000
1785423421.10,67,base,1,0.0,15.0,40.773,25.14,249.71,0.0386,0.1520,0.0000,0.1496,0.0000,0.1676,0.0015,0.0200,0.2190,0.0308,0.1857,0.0044,0.2199,0.0005
1785423421.20,67,base,2,0.0,15.0,40.773,25.14,249.71,0.0386,0.1500,0.0000,0.1481,0.0005,0.1652,0.0029,0.0215,0.2190,0.0303,0.1891,0.0054,0.2204,0.0010
1785423421.29,67,base,3,0.0,15.0,40.773,25.14,249.71,0.0386,0.1481,0.0000,0.1500,0.0029,0.1676,0.0049,0.0210,0.2209,0.0288,0.1867,0.0020,0.2190,0.0000
1785423422.58,67,drive,0,0.0,15.0,40.773,25.14,249.71,0.0391,0.1535,0.0000,0.1491,0.0000,0.1681,0.0015,0.0191,0.2170,0.0303,0.1877,0.0039,0.2190,0.0000
1785423422.67,67,drive,1,0.0,15.0,40.773,25.14,249.71,0.0396,0.1520,0.0020,0.1476,0.0000,0.1662,0.0024,0.0181,0.2175,0.0313,0.1862,0.0020,0.2199,0.0000
1785423422.77,67,drive,2,0.0,15.0,40.773,25.14,249.71,0.0386,0.1500,0.0005,0.1461,0.0005,0.1672,0.0029,0.0196,0.2190,0.0288,0.1867,0.0029,0.2195,0.0000
1785423422.86,67,drive,3,0.0,15.0,40.773,25.14,249.71,0.0411,0.1505,0.0000,0.1505,0.0000,0.1676,0.0024,0.0230,0.2209,0.0298,0.1857,0.0039,0.2214,0.0000
1785423424.15,67,drive,0,0.5,15.0,40.773,25.14,249.71,0.0401,0.1496,0.0010,0.1481,0.0005,0.1676,0.0010,0.0205,0.2204,0.0293,0.1882,0.0029,0.2204,0.0000
1785423424.24,67,drive,1,0.5,15.0,40.773,25.14,249.71,0.0420,0.1510,0.0000,0.1481,0.0000,0.1676,0.0020,0.0196,0.2209,0.0293,0.1901,0.0059,0.2155,0.0000
1785423424.34,67,drive,2,0.5,15.0,40.773,25.14,249.71,0.0376,0.1510,0.0000,0.1510,0.0000,0.1711,0.0015,0.0210,0.2155,0.0303,0.1882,0.0044,0.2190,0.0005
1785423424.43,67,drive,3,0.5,15.0,40.773,25.14,249.71,0.0406,0.1515,0.0000,0.1491,0.0000,0.1667,0.0020,0.0220,0.2234,0.0293,0.1887,0.0024,0.2199,0.0000
1785423425.72,67,drive,0,1.0,15.0,40.773,25.14,249.71,0.0386,0.1500,0.0000,0.1525,0.0005,0.1676,0.0029,0.0186,0.2180,0.0323,0.1882,0.0034,0.2204,0.0000
1785423425.82,67,drive,1,1.0,15.0,40.773,25.14,249.71,0.0406,0.1496,0.0000,0.1496,0.0000,0.1691,0.0029,0.0176,0.2199,0.0347,0.1891,0.0064,0.2180,0.0000
1785423425.91,67,drive,2,1.0,15.0,40.773,25.14,249.71,0.0391,0.1496,0.0000,0.1496,0.0000,0.1667,0.0049,0.0171,0.2195,0.0337,0.1901,0.0034,0.2199,0.0000
1785423426.01,67,drive,3,1.0,15.0,40.773,25.14,249.71,0.0367,0.1525,0.0000,0.1486,0.0010,0.1686,0.0044,0.0205,0.2175,0.0337,0.1862,0.0044,0.2190,0.0005
1785423427.29,67,drive,0,1.5,15.0,40.773,25.14,249.71,0.0386,0.1481,0.0000,0.1510,0.0000,0.1676,0.0059,0.0191,0.2175,0.0401,0.1887,0.0049,0.2219,0.0005
1785423427.39,67,drive,1,1.5,15.0,40.773,25.14,249.71,0.0425,0.1505,0.0000,0.1510,0.0005,0.1701,0.0044,0.0176,0.2190,0.0371,0.1843,0.0044,0.2195,0.0005
1785423427.48,67,drive,2,1.5,15.0,40.773,25.14,249.71,0.0401,0.1496,0.0000,0.1491,0.0000,0.1676,0.0078,0.0171,0.2170,0.0386,0.1891,0.0039,0.2160,0.0000
1785423427.57,67,drive,3,1.5,15.0,40.773,25.14,249.71,0.0430,0.1544,0.0010,0.1466,0.0005,0.1701,0.0039,0.0186,0.2165,0.0386,0.1862,0.0024,0.2190,0.0015
1785423428.87,67,drive,0,2.0,15.0,40.773,25.14,249.71,0.0435,0.1500,0.0000,0.1466,0.0000,0.1676,0.0068,0.0132,0.2146,0.0420,0.1931,0.0039,0.2195,0.0000
1785423428.96,67,drive,1,2.0,15.0,40.773,25.14,249.71,0.0415,0.1540,0.0000,0.1486,0.0000,0.1720,0.0029,0.0142,0.2170,0.0362,0.1921,0.0083,0.2195,0.0010
1785423429.06,67,drive,2,2.0,15.0,40.773,25.14,249.71,0.0411,0.1525,0.0000,0.1486,0.0005,0.1672,0.0083,0.0137,0.2170,0.0401,0.1926,0.0024,0.2180,0.0000
1785423429.15,67,drive,3,2.0,15.0,40.773,25.14,249.71,0.0450,0.1525,0.0000,0.1500,0.0000,0.1701,0.0049,0.0122,0.2175,0.0425,0.1935,0.0049,0.2190,0.0005
1785423430.44,67,drive,0,2.5,15.0,40.773,25.14,249.71,0.0430,0.1530,0.0005,0.1500,0.0000,0.1657,0.0064,0.0142,0.2151,0.0327,0.1975,0.0034,0.2185,0.0000
1785423430.54,67,drive,1,2.5,15.0,40.773,25.14,249.71,0.0411,0.1525,0.0000,0.1500,0.0000,0.1647,0.0049,0.0137,0.2131,0.0342,0.2009,0.0029,0.2204,0.0005
1785423430.63,67,drive,2,2.5,15.0,40.773,25.14,249.71,0.0430,0.1520,0.0005,0.1530,0.0000,0.1686,0.0068,0.0176,0.2136,0.0303,0.1989,0.0039,0.2170,0.0000
1785423430.73,67,drive,3,2.5,15.0,40.773,25.14,249.71,0.0420,0.1530,0.0000,0.1496,0.0000,0.1672,0.0059,0.0127,0.2160,0.0337,0.1940,0.0024,0.2195,0.0010
1785423432.02,67,drive,0,3.0,15.0,40.773,25.14,249.71,0.0430,0.1525,0.0005,0.1510,0.0000,0.1628,0.0029,0.0161,0.2131,0.0239,0.1955,0.0039,0.2170,0.0010
1785423432.11,67,drive,1,3.0,15.0,40.773,25.14,249.71,0.0450,0.1535,0.0005,0.1510,0.0015,0.1613,0.0039,0.0156,0.2116,0.0196,0.1960,0.0059,0.2155,0.0000
1785423432.20,67,drive,2,3.0,15.0,40.773,25.14,249.71,0.0450,0.1530,0.0000,0.1491,0.0000,0.1632,0.0049,0.0147,0.2151,0.0215,0.1984,0.0029,0.2170,0.0005
1785423432.30,67,drive,3,3.0,15.0,40.773,25.14,249.71,0.0445,0.1505,0.0000,0.1520,0.0005,0.1598,0.0000,0.0176,0.2151,0.0220,0.1989,0.0049,0.2204,0.0020
1785423433.59,67,drive,0,3.5,15.0,40.773,25.14,249.71,0.0435,0.1525,0.0005,0.1530,0.0005,0.1637,0.0024,0.0186,0.2155,0.0239,0.1872,0.0044,0.2195,0.0005
1785423433.68,67,drive,1,3.5,15.0,40.773,25.14,249.71,0.0425,0.1530,0.0000,0.1525,0.0000,0.1637,0.0024,0.0200,0.2141,0.0215,0.1887,0.0039,0.2185,0.0010
1785423433.77,67,drive,2,3.5,15.0,40.773,25.14,249.71,0.0440,0.1530,0.0000,0.1525,0.0015,0.1667,0.0029,0.0181,0.2155,0.0225,0.1882,0.0049,0.2170,0.0000
1785423433.87,67,drive,3,3.5,15.0,40.773,25.14,249.71,0.0415,0.1515,0.0010,0.1554,0.0000,0.1642,0.0010,0.0181,0.2170,0.0215,0.1896,0.0068,0.2151,0.0000
1785423435.16,67,drive,0,4.0,15.0,40.773,25.14,249.71,0.0450,0.1535,0.0005,0.1496,0.0010,0.1667,0.0029,0.0156,0.2151,0.0323,0.1848,0.0029,0.2160,0.0015
1785423435.25,67,drive,1,4.0,15.0,40.773,25.14,249.71,0.0425,0.1540,0.0005,0.1510,0.0015,0.1672,0.0044,0.0171,0.2146,0.0303,0.1808,0.0059,0.2160,0.0000
1785423435.35,67,drive,2,4.0,15.0,40.773,25.14,249.71,0.0464,0.1515,0.0000,0.1510,0.0005,0.1667,0.0034,0.0191,0.2136,0.0318,0.1857,0.0034,0.2141,0.0015
1785423435.44,67,drive,3,4.0,15.0,40.773,25.14,249.71,0.0435,0.1554,0.0000,0.1500,0.0029,0.1691,0.0024,0.0176,0.2160,0.0303,0.1804,0.0049,0.2199,0.0005
1785423436.81,68,base,0,0.0,15.0,40.773,25.14,249.72,0.0396,0.1520,0.0000,0.1510,0.0000,0.1686,0.0039,0.0191,0.2160,0.0274,0.1882,0.0039,0.2180,0.0000
1785423436.90,68,base,1,0.0,15.0,40.773,25.14,249.72,0.0376,0.1510,0.0000,0.1496,0.0005,0.1667,0.0020,0.0196,0.2170,0.0269,0.1833,0.0029,0.2199,0.0000
1785423437.00,68,base,2,0.0,15.0,40.773,25.14,249.72,0.0371,0.1520,0.0005,0.1496,0.0000,0.1676,0.0020,0.0205,0.2199,0.0308,0.1857,0.0024,0.2165,0.0005
1785423437.09,68,base,3,0.0,15.0,40.773,25.14,249.72,0.0386,0.1505,0.0000,0.1515,0.0000,0.1662,0.0010,0.0225,0.2170,0.0269,0.1848,0.0020,0.2185,0.0000
1785423438.37,68,drive,0,0.0,15.0,40.773,25.14,249.72,0.0406,0.1525,0.0000,0.1549,0.0005,0.1672,0.0034,0.0181,0.2190,0.0303,0.1862,0.0024,0.2180,0.0000
1785423438.47,68,drive,1,0.0,15.0,40.773,25.14,249.72,0.0396,0.1525,0.0000,0.1471,0.0010,0.1681,0.0024,0.0215,0.2204,0.0269,0.1838,0.0034,0.2170,0.0005
1785423438.56,68,drive,2,0.0,15.0,40.773,25.14,249.72,0.0425,0.1525,0.0010,0.1510,0.0000,0.1672,0.0029,0.0196,0.2151,0.0293,0.1867,0.0029,0.2185,0.0005
1785423438.66,68,drive,3,0.0,15.0,40.773,25.14,249.72,0.0396,0.1520,0.0000,0.1496,0.0005,0.1672,0.0020,0.0200,0.2180,0.0293,0.1838,0.0039,0.2190,0.0000
1785423439.94,68,drive,0,0.5,15.0,40.773,25.14,249.72,0.0411,0.1544,0.0000,0.1515,0.0005,0.1681,0.0024,0.0210,0.2165,0.0269,0.1857,0.0039,0.2175,0.0000
1785423440.04,68,drive,1,0.5,15.0,40.773,25.14,249.72,0.0386,0.1476,0.0000,0.1525,0.0000,0.1676,0.0010,0.0210,0.2190,0.0274,0.1857,0.0049,0.2195,0.0000
1785423440.13,68,drive,2,0.5,15.0,40.773,25.14,249.72,0.0401,0.1515,0.0010,0.1515,0.0005,0.1667,0.0024,0.0196,0.2190,0.0274,0.1848,0.0068,0.2195,0.0010
1785423440.23,68,drive,3,0.5,15.0,40.773,25.14,249.72,0.0401,0.1491,0.0000,0.1515,0.0005,0.1676,0.0010,0.0235,0.2214,0.0274,0.1843,0.0049,0.2175,0.0000
1785423441.52,68,drive,0,1.0,15.0,40.773,25.14,249.72,0.0435,0.1535,0.0000,0.1500,0.0005,0.1676,0.0024,0.0186,0.2170,0.0264,0.1862,0.0044,0.2204,0.0005
1785423441.61,68,drive,1,1.0,15.0,40.773,25.14,249.72,0.0381,0.1496,0.0000,0.1525,0.0000,0.1652,0.0034,0.0225,0.2199,0.0274,0.1872,0.0054,0.2195,0.0000
1785423441.71,68,drive,2,1.0,15.0,40.773,25.14,249.72,0.0415,0.1510,0.0010,0.1510,0.0000,0.1691,0.0020,0.0176,0.2170,0.0274,0.1887,0.0054,0.2175,0.0005
1785423441.80,68,drive,3,1.0,15.0,40.773,25.14,249.72,0.0332,0.1510,0.0005,0.1500,0.0015,0.1681,0.0024,0.0220,0.2165,0.0274,0.1848,0.0034,0.2195,0.0010
1785423443.10,68,drive,0,1.5,15.0,40.773,25.14,249.72,0.0401,0.1491,0.0000,0.1491,0.0000,0.1696,0.0044,0.0191,0.2180,0.0274,0.1882,0.0034,0.2190,0.0000
1785423443.19,68,drive,1,1.5,15.0,40.773,25.14,249.72,0.0411,0.1510,0.0000,0.1500,0.0000,0.1672,0.0015,0.0215,0.2199,0.0220,0.1882,0.0034,0.2229,0.0010
1785423443.28,68,drive,2,1.5,15.0,40.773,25.14,249.72,0.0435,0.1486,0.0000,0.1481,0.0005,0.1676,0.0024,0.0196,0.2180,0.0239,0.1906,0.0029,0.2195,0.0000
1785423443.38,68,drive,3,1.5,15.0,40.773,25.14,249.72,0.0415,0.1496,0.0005,0.1471,0.0000,0.1706,0.0029,0.0215,0.2180,0.0244,0.1906,0.0034,0.2219,0.0005
1785423444.67,68,drive,0,2.0,15.0,40.773,25.14,249.72,0.0401,0.1496,0.0005,0.1442,0.0005,0.1711,0.0034,0.0220,0.2199,0.0225,0.1862,0.0049,0.2170,0.0005
1785423444.76,68,drive,1,2.0,15.0,40.773,25.14,249.72,0.0455,0.1491,0.0000,0.1452,0.0010,0.1676,0.0020,0.0196,0.2209,0.0225,0.1887,0.0034,0.2180,0.0010
1785423444.86,68,drive,2,2.0,15.0,40.773,25.14,249.72,0.0430,0.1500,0.0000,0.1432,0.0000,0.1676,0.0015,0.0215,0.2199,0.0220,0.1857,0.0044,0.2185,0.0000
1785423444.95,68,drive,3,2.0,15.0,40.773,25.14,249.72,0.0415,0.1515,0.0005,0.1432,0.0000,0.1696,0.0029,0.0215,0.2195,0.0230,0.1872,0.0039,0.2190,0.0000
1785423446.24,68,drive,0,2.5,15.0,40.773,25.14,249.72,0.0415,0.1505,0.0000,0.1413,0.0000,0.1720,0.0034,0.0205,0.2195,0.0225,0.1828,0.0044,0.2160,0.0005
1785423446.34,68,drive,1,2.5,15.0,40.773,25.14,249.72,0.0425,0.1520,0.0005,0.1422,0.0005,0.1706,0.0098,0.0200,0.2180,0.0200,0.1804,0.0064,0.2185,0.0000
1785423446.43,68,drive,2,2.5,15.0,40.773,25.14,249.72,0.0420,0.1535,0.0005,0.1413,0.0000,0.1720,0.0064,0.0176,0.2170,0.0191,0.1838,0.0054,0.2204,0.0000
1785423446.53,68,drive,3,2.5,15.0,40.773,25.14,249.72,0.0450,0.1510,0.0005,0.1442,0.0005,0.1725,0.0039,0.0254,0.2175,0.0220,0.1818,0.0039,0.2170,0.0015
1785423447.81,68,drive,0,3.0,15.0,40.773,25.14,249.72,0.0415,0.1505,0.0005,0.1403,0.0010,0.1696,0.0049,0.0225,0.2185,0.0283,0.1760,0.0049,0.2175,0.0020
1785423447.91,68,drive,1,3.0,15.0,40.773,25.14,249.72,0.0420,0.1540,0.0005,0.1427,0.0000,0.1676,0.0029,0.0239,0.2170,0.0274,0.1760,0.0059,0.2155,0.0000
1785423448.00,68,drive,2,3.0,15.0,40.773,25.14,249.72,0.0440,0.1520,0.0000,0.1442,0.0005,0.1730,0.0049,0.0205,0.2175,0.0264,0.1750,0.0020,0.2190,0.0000
1785423448.10,68,drive,3,3.0,15.0,40.773,25.14,249.72,0.0420,0.1520,0.0000,0.1417,0.0010,0.1720,0.0034,0.0200,0.2180,0.0298,0.1720,0.0034,0.2214,0.0000
1785423449.39,68,drive,0,3.5,15.0,40.773,25.14,249.72,0.0445,0.1515,0.0005,0.1500,0.0000,0.1711,0.0059,0.0166,0.2180,0.0357,0.1789,0.0024,0.2146,0.0010
1785423449.48,68,drive,1,3.5,15.0,40.773,25.14,249.72,0.0445,0.1500,0.0000,0.1461,0.0010,0.1711,0.0049,0.0200,0.2151,0.0327,0.1774,0.0054,0.2136,0.0000
1785423449.58,68,drive,2,3.5,15.0,40.773,25.14,249.72,0.0401,0.1549,0.0000,0.1481,0.0005,0.1720,0.0044,0.0191,0.2165,0.0352,0.1774,0.0044,0.2165,0.0000
1785423449.67,68,drive,3,3.5,15.0,40.773,25.14,249.72,0.0459,0.1535,0.0010,0.1486,0.0005,0.1711,0.0049,0.0142,0.2141,0.0367,0.1774,0.0044,0.2141,0.0010
1785423450.96,68,drive,0,4.0,15.0,40.773,25.14,249.72,0.0474,0.1559,0.0000,0.1505,0.0015,0.1662,0.0024,0.0176,0.2136,0.0318,0.1862,0.0054,0.2155,0.0000
1785423451.05,68,drive,1,4.0,15.0,40.773,25.14,249.72,0.0445,0.1525,0.0005,0.1520,0.0005,0.1691,0.0039,0.0176,0.2151,0.0371,0.1838,0.0044,0.2155,0.0005
1785423451.14,68,drive,2,4.0,15.0,40.773,25.14,249.72,0.0455,0.1510,0.0000,0.1515,0.0005,0.1686,0.0039,0.0176,0.2092,0.0327,0.1862,0.0068,0.2136,0.0005
1785423451.24,68,drive,3,4.0,15.0,40.773,25.14,249.72,0.0459,0.1549,0.0000,0.1525,0.0010,0.1647,0.0034,0.0176,0.2131,0.0308,0.1828,0.0049,0.2141,0.0010
1785423452.61,72,base,0,0.0,15.0,40.733,25.14,249.72,0.0396,0.1520,0.0000,0.1544,0.0005,0.1657,0.0034,0.0191,0.2180,0.0269,0.1852,0.0039,0.2170,0.0005
1785423452.71,72,base,1,0.0,15.0,40.733,25.14,249.72,0.0396,0.1505,0.0000,0.1510,0.0000,0.1657,0.0015,0.0200,0.2170,0.0303,0.1833,0.0049,0.2199,0.0000
1785423452.80,72,base,2,0.0,15.0,40.733,25.14,249.72,0.0411,0.1500,0.0000,0.1510,0.0000,0.1667,0.0024,0.0196,0.2180,0.0313,0.1877,0.0039,0.2185,0.0000
1785423452.89,72,base,3,0.0,15.0,40.733,25.14,249.72,0.0415,0.1530,0.0000,0.1525,0.0000,0.1696,0.0015,0.0191,0.2185,0.0288,0.1877,0.0039,0.2160,0.0000
1785423454.19,72,drive,0,0.0,15.0,40.733,25.14,249.72,0.0371,0.1505,0.0000,0.1486,0.0000,0.1672,0.0034,0.0210,0.2204,0.0283,0.1862,0.0044,0.2180,0.0000
1785423454.28,72,drive,1,0.0,15.0,40.733,25.14,249.72,0.0406,0.1505,0.0000,0.1500,0.0005,0.1676,0.0039,0.0200,0.2160,0.0313,0.1843,0.0029,0.2165,0.0000
1785423454.37,72,drive,2,0.0,15.0,40.733,25.14,249.72,0.0401,0.1471,0.0000,0.1515,0.0000,0.1637,0.0029,0.0196,0.2155,0.0283,0.1872,0.0044,0.2165,0.0005
1785423454.47,72,drive,3,0.0,15.0,40.733,25.14,249.72,0.0411,0.1505,0.0010,0.1491,0.0000,0.1676,0.0029,0.0186,0.2170,0.0288,0.1833,0.0029,0.2190,0.0000
1785423455.76,72,drive,0,0.5,15.0,40.733,25.14,249.72,0.0391,0.1486,0.0000,0.1505,0.0000,0.1696,0.0034,0.0196,0.2175,0.0308,0.1872,0.0039,0.2151,0.0005
1785423455.85,72,drive,1,0.5,15.0,40.733,25.14,249.72,0.0411,0.1505,0.0000,0.1481,0.0000,0.1662,0.0015,0.0196,0.2199,0.0279,0.1843,0.0034,0.2229,0.0000
1785423455.94,72,drive,2,0.5,15.0,40.733,25.14,249.72,0.0381,0.1486,0.0005,0.1496,0.0005,0.1657,0.0024,0.0205,0.2175,0.0303,0.1838,0.0029,0.2195,0.0000
1785423456.04,72,drive,3,0.5,15.0,40.733,25.14,249.72,0.0425,0.1496,0.0005,0.1496,0.0000,0.1647,0.0034,0.0196,0.2151,0.0274,0.1872,0.0020,0.2165,0.0000
1785423457.33,72,drive,0,1.0,15.0,40.733,25.14,249.72,0.0406,0.1491,0.0000,0.1515,0.0000,0.1676,0.0010,0.0200,0.2195,0.0274,0.1843,0.0020,0.2170,0.0000
1785423457.42,72,drive,1,1.0,15.0,40.733,25.14,249.72,0.0396,0.1540,0.0000,0.1535,0.0000,0.1672,0.0024,0.0220,0.2160,0.0288,0.1862,0.0059,0.2180,0.0010
1785423457.51,72,drive,2,1.0,15.0,40.733,25.14,249.72,0.0391,0.1500,0.0000,0.1500,0.0000,0.1657,0.0015,0.0191,0.2190,0.0303,0.1852,0.0034,0.2190,0.0005
1785423457.61,72,drive,3,1.0,15.0,40.733,25.14,249.72,0.0406,0.1476,0.0000,0.1496,0.0005,0.1662,0.0024,0.0200,0.2180,0.0327,0.1852,0.0034,0.2190,0.0005
1785423458.89,72,drive,0,1.5,15.0,40.733,25.14,249.72,0.0396,0.1544,0.0000,0.1525,0.0000,0.1672,0.0029,0.0181,0.2175,0.0293,0.1843,0.0015,0.2209,0.0000
1785423458.99,72,drive,1,1.5,15.0,40.733,25.14,249.72,0.0411,0.1496,0.0000,0.1496,0.0005,0.1691,0.0034,0.0191,0.2180,0.0308,0.1848,0.0029,0.2190,0.0005
1785423459.08,72,drive,2,1.5,15.0,40.733,25.14,249.72,0.0406,0.1525,0.0000,0.1520,0.0000,0.1676,0.0015,0.0191,0.2160,0.0283,0.1872,0.0059,0.2175,0.0010
1785423459.18,72,drive,3,1.5,15.0,40.733,25.14,249.72,0.0371,0.1515,0.0005,0.1486,0.0005,0.1672,0.0049,0.0210,0.2160,0.0288,0.1848,0.0039,0.2190,0.0000
1785423460.47,72,drive,0,2.0,15.0,40.733,25.14,249.72,0.0386,0.1457,0.0000,0.1515,0.0000,0.1701,0.0015,0.0230,0.2195,0.0313,0.1862,0.0029,0.2170,0.0000
1785423460.56,72,drive,1,2.0,15.0,40.733,25.14,249.72,0.0386,0.1510,0.0010,0.1510,0.0005,0.1647,0.0010,0.0210,0.2175,0.0308,0.1862,0.0039,0.2175,0.0000
1785423460.66,72,drive,2,2.0,15.0,40.733,25.14,249.72,0.0396,0.1500,0.0000,0.1486,0.0010,0.1667,0.0015,0.0181,0.2170,0.0288,0.1882,0.0054,0.2170,0.0000
1785423460.75,72,drive,3,2.0,15.0,40.733,25.14,249.72,0.0396,0.1500,0.0000,0.1491,0.0000,0.1667,0.0034,0.0176,0.2170,0.0288,0.1838,0.0029,0.2214,0.0000
1785423462.04,72,drive,0,2.5,15.0,40.733,25.14,249.72,0.0381,0.1520,0.0005,0.1476,0.0000,0.1662,0.0029,0.0186,0.2190,0.0283,0.1867,0.0049,0.2195,0.0000
1785423462.14,72,drive,1,2.5,15.0,40.733,25.14,249.72,0.0401,0.1500,0.0000,0.1481,0.0005,0.1691,0.0020,0.0176,0.2190,0.0308,0.1848,0.0020,0.2185,0.0005
1785423462.23,72,drive,2,2.5,15.0,40.733,25.14,249.72,0.0381,0.1520,0.0000,0.1486,0.0000,0.1662,0.0010,0.0210,0.2165,0.0293,0.1857,0.0044,0.2175,0.0010
1785423462.32,72,drive,3,2.5,15.0,40.733,25.14,249.72,0.0396,0.1491,0.0000,0.1535,0.0000,0.1672,0.0039,0.0176,0.2185,0.0279,0.1843,0.0024,0.2170,0.0000
1785423463.61,72,drive,0,3.0,15.0,40.733,25.14,249.72,0.0357,0.1500,0.0029,0.1500,0.0020,0.1647,0.0137,0.0205,0.2141,0.0283,0.1818,0.0279,0.2175,0.0000
1785423463.70,72,drive,1,3.0,15.0,40.733,25.14,249.72,0.0508,0.1491,0.0015,0.1505,0.0015,0.1691,0.0117,0.0186,0.2175,0.0308,0.1833,0.0235,0.2243,0.0010
1785423463.80,72,drive,2,3.0,15.0,40.733,25.14,249.72,0.0430,0.1471,0.0005,0.1457,0.0020,0.1667,0.0200,0.0186,0.2219,0.0288,0.1852,0.0220,0.2175,0.0000
1785423463.89,72,drive,3,3.0,15.0,40.733,25.14,249.72,0.0381,0.1510,0.0142,0.1530,0.0015,0.1662,0.0034,0.0210,0.2165,0.0298,0.1867,0.0215,0.2185,0.0059
1785423465.18,72,drive,0,3.5,15.0,40.733,25.14,249.72,0.0357,0.1525,0.0044,0.1466,0.0068,0.1701,0.0068,0.0161,0.2180,0.0332,0.1799,0.0064,0.2155,0.0093
1785423465.28,72,drive,1,3.5,15.0,40.733,25.14,249.72,0.0396,0.1520,0.0010,0.1422,0.0029,0.1632,0.0088,0.0181,0.2121,0.0308,0.1833,0.0064,0.2111,0.0010
1785423465.37,72,drive,2,3.5,15.0,40.733,25.14,249.72,0.0371,0.1486,0.0039,0.1491,0.0044,0.1637,0.0059,0.0147,0.2214,0.0303,0.1857,0.0078,0.2170,0.0068
1785423465.47,72,drive,3,3.5,15.0,40.733,25.14,249.72,0.0420,0.1520,0.0015,0.1505,0.0000,0.1769,0.0044,0.0186,0.2170,0.0308,0.1891,0.0039,0.2199,0.0024
1785423466.76,72,drive,0,4.0,15.0,40.733,25.14,249.72,0.0376,0.1510,0.0078,0.1486,0.0078,0.1657,0.0054,0.0191,0.2165,0.0274,0.1823,0.0068,0.2170,0.0010
1785423466.85,72,drive,1,4.0,15.0,40.733,25.14,249.72,0.0371,0.1510,0.0029,0.1481,0.0024,0.1667,0.0059,0.0244,0.2229,0.0279,0.1852,0.0073,0.2195,0.0049
1785423466.94,72,drive,2,4.0,15.0,40.733,25.14,249.72,0.0401,0.1505,0.0010,0.1540,0.0029,0.1647,0.0059,0.0186,0.2195,0.0318,0.1891,0.0083,0.2146,0.0020
1785423467.04,72,drive,3,4.0,15.0,40.733,25.14,249.72,0.0396,0.1554,0.0044,0.1491,0.0024,0.1652,0.0024,0.0166,0.2160,0.0288,0.1867,0.0073,0.2190,0.0068
1785423468.41,73,base,0,0.0,15.0,40.733,25.14,249.72,0.0445,0.1510,0.0044,0.1569,0.0029,0.1691,0.0078,0.0166,0.2180,0.0269,0.1823,0.0034,0.2170,0.0029
1785423468.50,73,base,1,0.0,15.0,40.733,25.14,249.72,0.0455,0.1476,0.0054,0.1500,0.0034,0.1701,0.0044,0.0235,0.2195,0.0371,0.1848,0.0039,0.2204,0.0064
1785423468.59,73,base,2,0.0,15.0,40.733,25.14,249.72,0.0450,0.1505,0.0044,0.1535,0.0020,0.1681,0.0044,0.0196,0.2165,0.0318,0.1823,0.0093,0.2165,0.0020
1785423468.69,73,base,3,0.0,15.0,40.733,25.14,249.72,0.0391,0.1510,0.0034,0.1515,0.0029,0.1672,0.0083,0.0186,0.2151,0.0244,0.1838,0.0068,0.2199,0.0083
1785423469.98,73,drive,0,0.0,15.0,40.733,25.14,249.72,0.0401,0.1466,0.0064,0.1500,0.0024,0.1672,0.0127,0.0210,0.2185,0.0313,0.1823,0.0073,0.2190,0.0083
1785423470.07,73,drive,1,0.0,15.0,40.733,25.14,249.72,0.0367,0.1535,0.0029,0.1510,0.0049,0.1667,0.0039,0.0249,0.2180,0.0283,0.1852,0.0068,0.2243,0.0020
1785423470.17,73,drive,2,0.0,15.0,40.733,25.14,249.72,0.0430,0.1500,0.0024,0.1452,0.0020,0.1716,0.0073,0.0200,0.2102,0.0313,0.1843,0.0088,0.2190,0.0015
1785423470.26,73,drive,3,0.0,15.0,40.733,25.14,249.72,0.0386,0.1491,0.0044,0.1461,0.0015,0.1676,0.0068,0.0215,0.2155,0.0303,0.1862,0.0112,0.2204,0.0020
1785423471.56,73,drive,0,0.5,15.0,40.733,25.14,249.72,0.0391,0.1481,0.0034,0.1486,0.0068,0.1642,0.0020,0.0239,0.2204,0.0318,0.1799,0.0078,0.2199,0.0054
1785423471.65,73,drive,1,0.5,15.0,40.733,25.14,249.72,0.0396,0.1491,0.0020,0.1476,0.0078,0.1662,0.0117,0.0235,0.2165,0.0308,0.1813,0.0044,0.2141,0.0034
1785423471.75,73,drive,2,0.5,15.0,40.733,25.14,249.72,0.0420,0.1554,0.0078,0.1496,0.0010,0.1696,0.0029,0.0215,0.2111,0.0298,0.1872,0.0083,0.2219,0.0059
1785423471.84,73,drive,3,0.5,15.0,40.733,25.14,249.72,0.0411,0.1505,0.0020,0.1408,0.0044,0.1613,0.0098,0.0191,0.2155,0.0381,0.1828,0.0117,0.2116,0.0010
1785423473.13,73,drive,0,1.0,15.0,40.733,25.14,249.72,0.0362,0.1544,0.0049,0.1500,0.0112,0.1706,0.0073,0.0264,0.2190,0.0235,0.1862,0.0088,0.2165,0.0083
1785423473.22,73,drive,1,1.0,15.0,40.733,25.14,249.72,0.0386,0.1481,0.0078,0.1486,0.0073,0.1618,0.0059,0.0303,0.2170,0.0279,0.1745,0.0078,0.2170,0.0152
1785423473.32,73,drive,2,1.0,15.0,40.733,25.14,249.72,0.0406,0.1544,0.0024,0.1535,0.0059,0.1672,0.0161,0.0171,0.2195,0.0337,0.1843,0.0024,0.2239,0.0015
1785423473.41,73,drive,3,1.0,15.0,40.733,25.14,249.72,0.0415,0.1447,0.0059,0.1505,0.0186,0.1696,0.0029,0.0318,0.2190,0.0318,0.1818,0.0068,0.2160,0.0098
1785423474.70,73,drive,0,1.5,15.0,40.733,25.14,249.72,0.0362,0.1481,0.0156,0.1496,0.0005,0.1701,0.0059,0.0171,0.2229,0.0279,0.1901,0.0176,0.2180,0.0112
1785423474.80,73,drive,1,1.5,15.0,40.733,25.14,249.72,0.0396,0.1457,0.0088,0.1515,0.0083,0.1628,0.0024,0.0283,0.2273,0.0283,0.1882,0.0103,0.2175,0.0127
1785423474.89,73,drive,2,1.5,15.0,40.733,25.14,249.72,0.0376,0.1500,0.0049,0.1481,0.0186,0.1696,0.0054,0.0279,0.2170,0.0279,0.1833,0.0029,0.2219,0.0088
