t,ch,phase,rep,drive_v,dbm,bfm,temp_c,mA,pd0,pd1,pd2,pd3,pd4,pd5,pd6,pd7,pd8,pd9,pd10,pd11,pd12,pd13
1785424108.42,2,base,0,0.0,15.0,38.794,25.14,238.53,0.1373,0.2072,0.0371,0.2092,0.0596,0.2102,0.0415,0.1129,0.2986,0.0938,0.1261,0.0376,0.2542,0.1217
1785424108.52,2,base,1,0.0,15.0,38.794,25.14,238.53,0.1373,0.2097,0.0367,0.2072,0.0670,0.2141,0.0386,0.1095,0.3006,0.0934,0.1241,0.0327,0.2551,0.1232
1785424108.61,2,base,2,0.0,15.0,38.794,25.14,238.53,0.1364,0.2102,0.0357,0.2102,0.0630,0.2151,0.0376,0.1124,0.3011,0.0938,0.1251,0.0332,0.2586,0.1251
1785424109.90,2,drive,0,0.0,15.0,38.794,25.14,238.53,0.1354,0.2126,0.0381,0.2121,0.0621,0.2180,0.0401,0.1144,0.3055,0.0948,0.1359,0.0367,0.2625,0.1207
1785424110.00,2,drive,1,0.0,15.0,38.794,25.14,238.53,0.1369,0.2165,0.0352,0.2111,0.0606,0.2170,0.0401,0.1109,0.3065,0.0924,0.1378,0.0381,0.2639,0.1212
1785424110.09,2,drive,2,0.0,15.0,38.794,25.14,238.53,0.1373,0.2131,0.0401,0.2131,0.0630,0.2160,0.0415,0.1129,0.3089,0.0919,0.1378,0.0381,0.2674,0.1222
1785424111.39,2,drive,0,0.5,15.0,38.794,25.14,238.53,0.1383,0.2136,0.0371,0.2151,0.0621,0.2185,0.0391,0.1124,0.3006,0.0943,0.1329,0.0371,0.2620,0.1217
1785424111.49,2,drive,1,0.5,15.0,38.794,25.14,238.53,0.1408,0.2151,0.0386,0.2136,0.0621,0.2185,0.0411,0.1095,0.3030,0.0948,0.1315,0.0371,0.2634,0.1227
1785424111.59,2,drive,2,0.5,15.0,38.794,25.14,238.53,0.1373,0.2146,0.0391,0.2165,0.0640,0.2170,0.0406,0.1100,0.3030,0.0953,0.1300,0.0352,0.2595,0.1251
1785424112.91,2,drive,0,1.0,15.0,38.794,25.14,238.53,0.1417,0.2180,0.0406,0.2190,0.0630,0.2170,0.0386,0.1056,0.2933,0.1012,0.1217,0.0376,0.2551,0.1207
1785424113.01,2,drive,1,1.0,15.0,38.794,25.14,238.53,0.1413,0.2180,0.0367,0.2180,0.0626,0.2175,0.0411,0.1041,0.2972,0.1017,0.1212,0.0381,0.2537,0.1261
1785424113.11,2,drive,2,1.0,15.0,38.794,25.14,238.53,0.1398,0.2190,0.0371,0.2195,0.0650,0.2165,0.0381,0.1036,0.3001,0.1007,0.1168,0.0386,0.2576,0.1227
1785424114.50,2,drive,0,1.5,15.0,38.794,25.14,238.53,0.1447,0.2199,0.0391,0.2283,0.0591,0.2165,0.0376,0.1007,0.2981,0.1070,0.1241,0.0376,0.2542,0.1261
1785424114.71,2,drive,1,1.5,15.0,38.794,25.14,238.53,0.1413,0.2180,0.0381,0.2248,0.0626,0.2180,0.0381,0.0997,0.2957,0.1095,0.1217,0.0381,0.2571,0.1241
1785424114.93,2,drive,2,1.5,15.0,38.794,25.14,238.53,0.1452,0.2180,0.0406,0.2258,0.0650,0.2185,0.0396,0.0978,0.2986,0.1065,0.1232,0.0347,0.2595,0.1271
1785424116.25,2,drive,0,2.0,15.0,38.794,25.14,238.53,0.1408,0.2190,0.0386,0.2292,0.0591,0.2180,0.0371,0.0904,0.2957,0.1100,0.1271,0.0381,0.2502,0.1246
1785424116.35,2,drive,1,2.0,15.0,38.794,25.14,238.53,0.1413,0.2190,0.0391,0.2341,0.0596,0.2165,0.0357,0.0934,0.2952,0.1061,0.1232,0.0367,0.2488,0.1261
1785424116.45,2,drive,2,2.0,15.0,38.794,25.14,238.53,0.1413,0.2204,0.0376,0.2346,0.0587,0.2180,0.0362,0.0914,0.2952,0.1070,0.1261,0.0376,0.2483,0.1232
1785424117.75,2,drive,0,2.5,15.0,38.794,25.14,238.53,0.1442,0.2268,0.0381,0.2292,0.0469,0.2297,0.0391,0.0992,0.2986,0.0934,0.1457,0.0376,0.2449,0.1246
1785424117.85,2,drive,1,2.5,15.0,38.794,25.14,238.53,0.1427,0.2268,0.0371,0.2297,0.0455,0.2312,0.0386,0.0997,0.3001,0.0929,0.1408,0.0376,0.2463,0.1271
1785424117.95,2,drive,2,2.5,15.0,38.794,25.14,238.53,0.1417,0.2253,0.0367,0.2331,0.0494,0.2326,0.0357,0.0997,0.2972,0.0943,0.1408,0.0367,0.2424,0.1276
1785424119.27,2,drive,0,3.0,15.0,38.794,25.14,238.53,0.1461,0.2366,0.0391,0.2175,0.0415,0.2454,0.0391,0.1158,0.3006,0.0762,0.1476,0.0401,0.2434,0.1246
1785424119.36,2,drive,1,3.0,15.0,38.794,25.14,238.53,0.1471,0.2351,0.0415,0.2180,0.0396,0.2414,0.0425,0.1178,0.3006,0.0777,0.1491,0.0396,0.2444,0.1246
1785424119.46,2,drive,2,3.0,15.0,38.794,25.14,238.53,0.1461,0.2385,0.0376,0.2165,0.0401,0.2434,0.0391,0.1144,0.3006,0.0792,0.1505,0.0401,0.2434,0.1271
1785424120.75,2,drive,0,3.5,15.0,38.794,25.14,238.53,0.1481,0.2366,0.0391,0.1979,0.0455,0.2454,0.0455,0.1251,0.2937,0.0762,0.1295,0.0420,0.2395,0.1256
1785424120.85,2,drive,1,3.5,15.0,38.794,25.14,238.53,0.1457,0.2370,0.0406,0.1921,0.0430,0.2468,0.0450,0.1246,0.2967,0.0762,0.1320,0.0430,0.2405,0.1256
1785424120.95,2,drive,2,3.5,15.0,38.794,25.14,238.53,0.1471,0.2375,0.0381,0.1950,0.0445,0.2502,0.0430,0.1256,0.2947,0.0762,0.1295,0.0371,0.2380,0.1271
1785424122.24,2,drive,0,4.0,15.0,38.794,25.14,238.53,0.1500,0.2429,0.0406,0.2048,0.0587,0.2356,0.0430,0.1114,0.2884,0.1085,0.1109,0.0396,0.2434,0.1251
1785424122.34,2,drive,1,4.0,15.0,38.794,25.14,238.53,0.1491,0.2429,0.0401,0.2048,0.0601,0.2346,0.0406,0.1129,0.2908,0.1095,0.1109,0.0367,0.2454,0.1256
1785424122.43,2,drive,2,4.0,15.0,38.794,25.14,238.53,0.1457,0.2410,0.0401,0.2009,0.0587,0.2366,0.0430,0.1105,0.2884,0.1085,0.1105,0.0406,0.2439,0.1281
1785424123.81,3,base,0,0.0,15.0,40.733,25.14,249.66,0.1403,0.2351,0.0386,0.2014,0.0547,0.2312,0.0391,0.1036,0.2913,0.1051,0.1153,0.0376,0.2483,0.1222
1785424123.91,3,base,1,0.0,15.0,40.733,25.14,249.66,0.1422,0.2395,0.0391,0.1994,0.0543,0.2317,0.0425,0.1046,0.2889,0.1041,0.1139,0.0391,0.2502,0.1217
1785424124.01,3,base,2,0.0,15.0,40.733,25.14,249.66,0.1422,0.2356,0.0386,0.1979,0.0572,0.2292,0.0396,0.1041,0.2913,0.1041,0.1129,0.0367,0.2478,0.1227
1785424125.30,3,drive,0,0.0,15.0,40.733,25.14,249.66,0.1427,0.2390,0.0406,0.1945,0.0557,0.2346,0.0401,0.1026,0.2898,0.1061,0.1144,0.0367,0.2507,0.1222
1785424125.40,3,drive,1,0.0,15.0,40.733,25.14,249.66,0.1437,0.2361,0.0406,0.1950,0.0552,0.2317,0.0386,0.1075,0.2889,0.1085,0.1144,0.0381,0.2463,0.1207
1785424125.49,3,drive,2,0.0,15.0,40.733,25.14,249.66,0.1427,0.2385,0.0357,0.1975,0.0557,0.2331,0.0386,0.1056,0.2893,0.1070,0.1173,0.0352,0.2498,0.1237
1785424126.79,3,drive,0,0.5,15.0,40.733,25.14,249.66,0.1417,0.2390,0.0367,0.1965,0.0567,0.2336,0.0411,0.1085,0.2933,0.1109,0.1207,0.0347,0.2546,0.1227
1785424126.89,3,drive,1,0.5,15.0,40.733,25.14,249.66,0.1442,0.2449,0.0357,0.1945,0.0577,0.2331,0.0396,0.1114,0.2933,0.1129,0.1188,0.0381,0.2556,0.1222
1785424126.99,3,drive,2,0.5,15.0,40.733,25.14,249.66,0.1422,0.2405,0.0386,0.1931,0.0587,0.2336,0.0396,0.1090,0.2928,0.1109,0.1193,0.0352,0.2581,0.1232
1785424128.28,3,drive,0,1.0,15.0,40.733,25.14,249.66,0.1466,0.2444,0.0367,0.1989,0.0635,0.2307,0.0362,0.1036,0.2972,0.1227,0.1246,0.0381,0.2615,0.1212
1785424128.38,3,drive,1,1.0,15.0,40.733,25.14,249.66,0.1452,0.2434,0.0362,0.1979,0.0601,0.2292,0.0371,0.1056,0.2947,0.1241,0.1261,0.0347,0.2639,0.1246
1785424128.47,3,drive,2,1.0,15.0,40.733,25.14,249.66,0.1422,0.2414,0.0391,0.1965,0.0582,0.2307,0.0391,0.1046,0.2957,0.1227,0.1251,0.0362,0.2654,0.1241
1785424129.77,3,drive,0,1.5,15.0,40.733,25.14,249.66,0.1457,0.2483,0.0357,0.2077,0.0674,0.2292,0.0411,0.0992,0.2947,0.1369,0.1168,0.0386,0.2610,0.1222
1785424129.86,3,drive,1,1.5,15.0,40.733,25.14,249.66,0.1461,0.2473,0.0342,0.2121,0.0670,0.2307,0.0352,0.1017,0.2937,0.1369,0.1149,0.0391,0.2595,0.1256
1785424129.96,3,drive,2,1.5,15.0,40.733,25.14,249.66,0.1476,0.2478,0.0362,0.2111,0.0655,0.2322,0.0381,0.0968,0.2918,0.1378,0.1149,0.0337,0.2595,0.1246
1785424131.25,3,drive,0,2.0,15.0,40.733,25.14,249.66,0.1486,0.2502,0.0381,0.2292,0.0650,0.2283,0.0386,0.0890,0.2835,0.1515,0.1012,0.0332,0.2522,0.1256
1785424131.35,3,drive,1,2.0,15.0,40.733,25.14,249.66,0.1452,0.2512,0.0381,0.2287,0.0684,0.2287,0.0386,0.0875,0.2835,0.1525,0.0997,0.0371,0.2488,0.1251
1785424131.45,3,drive,2,2.0,15.0,40.733,25.14,249.66,0.1476,0.2542,0.0371,0.2278,0.0665,0.2263,0.0376,0.0875,0.2845,0.1530,0.0997,0.0371,0.2498,0.1246
1785424132.74,3,drive,0,2.5,15.0,40.733,25.14,249.66,0.1486,0.2581,0.0371,0.2375,0.0621,0.2356,0.0367,0.0865,0.2840,0.1476,0.1144,0.0362,0.2473,0.1232
1785424132.84,3,drive,1,2.5,15.0,40.733,25.14,249.66,0.1476,0.2561,0.0376,0.2390,0.0611,0.2336,0.0391,0.0890,0.2849,0.1491,0.1095,0.0347,0.2498,0.1261
1785424132.94,3,drive,2,2.5,15.0,40.733,25.14,249.66,0.1486,0.2571,0.0386,0.2351,0.0621,0.2361,0.0376,0.0860,0.2859,0.1486,0.1124,0.0362,0.2502,0.1237
1785424134.23,3,drive,0,3.0,15.0,40.733,25.14,249.66,0.1442,0.2512,0.0391,0.2253,0.0479,0.2410,0.0401,0.0982,0.2942,0.1261,0.1383,0.0376,0.2581,0.1281
1785424134.33,3,drive,1,3.0,15.0,40.733,25.14,249.66,0.1461,0.2532,0.0381,0.2234,0.0489,0.2419,0.0386,0.0987,0.2962,0.1222,0.1364,0.0352,0.2576,0.1246
1785424134.43,3,drive,2,3.0,15.0,40.733,25.14,249.66,0.1452,0.2556,0.0381,0.2243,0.0484,0.2454,0.0376,0.0978,0.2962,0.1227,0.1373,0.0347,0.2581,0.1241
1785424135.72,3,drive,0,3.5,15.0,40.733,25.14,249.66,0.1466,0.2512,0.0367,0.1970,0.0425,0.2483,0.0391,0.1105,0.2918,0.0997,0.1452,0.0406,0.2498,0.1271
1785424135.82,3,drive,1,3.5,15.0,40.733,25.14,249.66,0.1461,0.2483,0.0367,0.1960,0.0415,0.2478,0.0371,0.1095,0.2947,0.0943,0.1393,0.0396,0.2498,0.1261
1785424135.92,3,drive,2,3.5,15.0,40.733,25.14,249.66,0.1427,0.2493,0.0376,0.1911,0.0430,0.2488,0.0386,0.1105,0.2903,0.0958,0.1422,0.0406,0.2473,0.1241
1785424137.21,3,drive,0,4.0,15.0,40.733,25.14,249.66,0.1417,0.2458,0.0391,0.1818,0.0557,0.2414,0.0406,0.1090,0.2854,0.1188,0.1197,0.0391,0.2542,0.1271
1785424137.31,3,drive,1,4.0,15.0,40.733,25.14,249.66,0.1442,0.2473,0.0386,0.1862,0.0552,0.2400,0.0381,0.1051,0.2879,0.1193,0.1193,0.0386,0.2537,0.1241
1785424137.41,3,drive,2,4.0,15.0,40.733,25.14,249.66,0.1437,0.2463,0.0362,0.1862,0.0572,0.2395,0.0396,0.1070,0.2879,0.1188,0.1168,0.0401,0.2542,0.1266
1785424138.77,4,base,0,0.0,15.0,40.773,25.14,249.65,0.1447,0.2512,0.0376,0.1901,0.0582,0.2424,0.0391,0.1051,0.2923,0.1285,0.1344,0.0401,0.2674,0.1251
1785424138.87,4,base,1,0.0,15.0,40.773,25.14,249.65,0.1457,0.2522,0.0347,0.1872,0.0572,0.2454,0.0396,0.1051,0.2933,0.1281,0.1359,0.0391,0.2659,0.1232
1785424138.97,4,base,2,0.0,15.0,40.773,25.14,249.65,0.1442,0.2517,0.0347,0.1867,0.0596,0.2444,0.0376,0.1031,0.2947,0.1276,0.1300,0.0411,0.2688,0.1227
1785424140.26,4,drive,0,0.0,15.0,40.773,25.14,249.65,0.1447,0.2517,0.0381,0.1843,0.0596,0.2429,0.0386,0.1036,0.2884,0.1271,0.1290,0.0401,0.2644,0.1232
1785424140.36,4,drive,1,0.0,15.0,40.773,25.14,249.65,0.1466,0.2512,0.0357,0.1852,0.0601,0.2419,0.0396,0.1026,0.2918,0.1271,0.1251,0.0371,0.2625,0.1246
1785424140.45,4,drive,2,0.0,15.0,40.773,25.14,249.65,0.1452,0.2542,0.0362,0.1843,0.0587,0.2444,0.0357,0.1022,0.2854,0.1266,0.1285,0.0362,0.2625,0.1227
1785424141.75,4,drive,0,0.5,15.0,40.773,25.14,249.65,0.1442,0.2527,0.0347,0.1799,0.0577,0.2483,0.0367,0.1002,0.2889,0.1256,0.1232,0.0376,0.2586,0.1217
1785424141.84,4,drive,1,0.5,15.0,40.773,25.14,249.65,0.1437,0.2522,0.0342,0.1852,0.0596,0.2414,0.0357,0.1017,0.2864,0.1227,0.1237,0.0406,0.2600,0.1237
1785424141.94,4,drive,2,0.5,15.0,40.773,25.14,249.65,0.1447,0.2527,0.0362,0.1818,0.0577,0.2414,0.0371,0.0997,0.2879,0.1246,0.1227,0.0386,0.2605,0.1222
1785424143.23,4,drive,0,1.0,15.0,40.773,25.14,249.65,0.1442,0.2498,0.0357,0.1804,0.0582,0.2424,0.0401,0.1036,0.2835,0.1232,0.1246,0.0411,0.2590,0.1222
1785424143.33,4,drive,1,1.0,15.0,40.773,25.14,249.65,0.1432,0.2498,0.0376,0.1843,0.0596,0.2410,0.0411,0.1026,0.2898,0.1197,0.1271,0.0391,0.2610,0.1266
1785424143.43,4,drive,2,1.0,15.0,40.773,25.14,249.65,0.1408,0.2502,0.0391,0.1828,0.0587,0.2458,0.0371,0.1022,0.2854,0.1222,0.1251,0.0406,0.2620,0.1251
1785424144.72,4,drive,0,1.5,15.0,40.773,25.14,249.65,0.1442,0.2498,0.0376,0.1799,0.0621,0.2419,0.0391,0.0968,0.2903,0.1193,0.1329,0.0396,0.2688,0.1232
1785424144.81,4,drive,1,1.5,15.0,40.773,25.14,249.65,0.1457,0.2512,0.0401,0.1813,0.0611,0.2390,0.0362,0.0973,0.2884,0.1188,0.1364,0.0406,0.2674,0.1251
1785424144.91,4,drive,2,1.5,15.0,40.773,25.14,249.65,0.1447,0.2512,0.0386,0.1794,0.0596,0.2390,0.0391,0.0987,0.2884,0.1173,0.1373,0.0430,0.2693,0.1246
1785424146.20,4,drive,0,2.0,15.0,40.773,25.14,249.65,0.1422,0.2478,0.0376,0.1784,0.0670,0.2390,0.0386,0.0934,0.2908,0.1134,0.1505,0.0406,0.2727,0.1251
1785424146.30,4,drive,1,2.0,15.0,40.773,25.14,249.65,0.1383,0.2493,0.0396,0.1760,0.0630,0.2380,0.0420,0.0909,0.2884,0.1149,0.1496,0.0411,0.2722,0.1227
1785424146.40,4,drive,2,2.0,15.0,40.773,25.14,249.65,0.1408,0.2463,0.0352,0.1774,0.0606,0.2395,0.0381,0.0938,0.2874,0.1178,0.1481,0.0406,0.2757,0.1232
1785424147.69,4,drive,0,2.5,15.0,40.773,25.14,249.65,0.1383,0.2444,0.0342,0.1804,0.0621,0.2346,0.0396,0.0885,0.2859,0.1144,0.1491,0.0391,0.2717,0.1271
1785424147.79,4,drive,1,2.5,15.0,40.773,25.14,249.65,0.1408,0.2468,0.0357,0.1794,0.0616,0.2366,0.0391,0.0885,0.2889,0.1124,0.1515,0.0401,0.2713,0.1232
1785424147.88,4,drive,2,2.5,15.0,40.773,25.14,249.65,0.1403,0.2458,0.0376,0.1799,0.0635,0.2356,0.0411,0.0880,0.2859,0.1109,0.1505,0.0396,0.2717,0.1237
1785424149.17,4,drive,0,3.0,15.0,40.773,25.14,249.65,0.1417,0.2478,0.0381,0.1896,0.0606,0.2356,0.0435,0.0894,0.2805,0.1100,0.1344,0.0401,0.2556,0.1232
1785424149.27,4,drive,1,3.0,15.0,40.773,25.14,249.65,0.1417,0.2444,0.0381,0.1823,0.0645,0.2380,0.0386,0.0870,0.2791,0.1109,0.1344,0.0401,0.2546,0.1266
1785424149.37,4,drive,2,3.0,15.0,40.773,25.14,249.65,0.1408,0.2473,0.0367,0.1867,0.0645,0.2385,0.0347,0.0885,0.2786,0.1095,0.1349,0.0362,0.2551,0.1246
1785424150.66,4,drive,0,3.5,15.0,40.773,25.14,249.65,0.1398,0.2444,0.0391,0.1887,0.0557,0.2380,0.0391,0.0978,0.2796,0.1109,0.1276,0.0376,0.2483,0.1251
1785424150.76,4,drive,1,3.5,15.0,40.773,25.14,249.65,0.1413,0.2444,0.0386,0.1848,0.0587,0.2395,0.0376,0.0997,0.2771,0.1100,0.1281,0.0376,0.2493,0.1276
1785424150.86,4,drive,2,3.5,15.0,40.773,25.14,249.65,0.1442,0.2478,0.0367,0.1867,0.0591,0.2375,0.0381,0.0997,0.2766,0.1124,0.1256,0.0415,0.2493,0.1256
1785424152.15,4,drive,0,4.0,15.0,40.773,25.14,249.65,0.1373,0.2444,0.0367,0.1740,0.0562,0.2375,0.0440,0.1017,0.2825,0.1197,0.1300,0.0391,0.2566,0.1256
1785424152.25,4,drive,1,4.0,15.0,40.773,25.14,249.65,0.1378,0.2380,0.0396,0.1740,0.0596,0.2351,0.0401,0.1031,0.2859,0.1193,0.1290,0.0396,0.2605,0.1251
1785424152.34,4,drive,2,4.0,15.0,40.773,25.14,249.65,0.1369,0.2419,0.0367,0.1750,0.0591,0.2356,0.0357,0.1046,0.2825,0.1173,0.1310,0.0411,0.2561,0.1246
1785424153.70,5,base,0,0.0,15.0,40.753,25.14,249.65,0.1369,0.2439,0.0352,0.1662,0.0567,0.2429,0.0381,0.1041,0.2884,0.1212,0.1334,0.0362,0.2605,0.1232
1785424153.80,5,base,1,0.0,15.0,40.753,25.14,249.65,0.1378,0.2458,0.0371,0.1642,0.0552,0.2473,0.0406,0.1051,0.2815,0.1207,0.1359,0.0386,0.2561,0.1217
1785424153.90,5,base,2,0.0,15.0,40.753,25.14,249.65,0.1364,0.2458,0.0367,0.1642,0.0572,0.2473,0.0381,0.1065,0.2864,0.1212,0.1364,0.0376,0.2610,0.1212
1785424155.19,5,drive,0,0.0,15.0,40.753,25.14,249.65,0.1413,0.2483,0.0376,0.1676,0.0582,0.2419,0.0362,0.1051,0.2854,0.1178,0.1329,0.0396,0.2590,0.1227
1785424155.29,5,drive,1,0.0,15.0,40.753,25.14,249.65,0.1388,0.2478,0.0362,0.1662,0.0601,0.2439,0.0376,0.1041,0.2835,0.1207,0.1349,0.0391,0.2590,0.1217
1785424155.39,5,drive,2,0.0,15.0,40.753,25.14,249.65,0.1403,0.2478,0.0381,0.1652,0.0567,0.2458,0.0347,0.1046,0.2854,0.1183,0.1373,0.0381,0.2595,0.1212
1785424156.68,5,drive,0,0.5,15.0,40.753,25.14,249.65,0.1408,0.2468,0.0352,0.1652,0.0557,0.2439,0.0411,0.1056,0.2864,0.1197,0.1373,0.0401,0.2581,0.1227
1785424156.78,5,drive,1,0.5,15.0,40.753,25.14,249.65,0.1364,0.2449,0.0347,0.1642,0.0577,0.2405,0.0371,0.1041,0.2864,0.1173,0.1354,0.0386,0.2605,0.1251
1785424156.87,5,drive,2,0.5,15.0,40.753,25.14,249.65,0.1403,0.2458,0.0352,0.1657,0.0552,0.2458,0.0386,0.1061,0.2859,0.1183,0.1373,0.0391,0.2586,0.1222
1785424158.17,5,drive,0,1.0,15.0,40.753,25.14,249.65,0.1388,0.2434,0.0376,0.1667,0.0587,0.2424,0.0391,0.1012,0.2864,0.1183,0.1373,0.0381,0.2630,0.1237
1785424158.26,5,drive,1,1.0,15.0,40.753,25.14,249.65,0.1393,0.2458,0.0357,0.1608,0.0606,0.2424,0.0401,0.1026,0.2864,0.1158,0.1398,0.0376,0.2600,0.1212
1785424158.36,5,drive,2,1.0,15.0,40.753,25.14,249.65,0.1369,0.2483,0.0371,0.1662,0.0596,0.2419,0.0386,0.1002,0.2845,0.1178,0.1364,0.0415,0.2590,0.1251
1785424159.65,5,drive,0,1.5,15.0,40.753,25.14,249.65,0.1364,0.2444,0.0376,0.1652,0.0616,0.2400,0.0391,0.0973,0.2840,0.1134,0.1383,0.0391,0.2595,0.1261
1785424159.75,5,drive,1,1.5,15.0,40.753,25.14,249.65,0.1339,0.2434,0.0357,0.1652,0.0582,0.2390,0.0381,0.1002,0.2820,0.1134,0.1369,0.0415,0.2600,0.1227
1785424159.85,5,drive,2,1.5,15.0,40.753,25.14,249.65,0.1354,0.2414,0.0371,0.1696,0.0606,0.2370,0.0376,0.1007,0.2820,0.1144,0.1393,0.0406,0.2605,0.1246
1785424161.14,5,drive,0,2.0,15.0,40.753,25.14,249.65,0.1383,0.2385,0.0367,0.1657,0.0635,0.2331,0.0371,0.0968,0.2747,0.1134,0.1349,0.0391,0.2556,0.1246
1785424161.24,5,drive,1,2.0,15.0,40.753,25.14,249.65,0.1378,0.2414,0.0347,0.1681,0.0630,0.2356,0.0357,0.0909,0.2805,0.1149,0.1315,0.0396,0.2590,0.1271
1785424161.33,5,drive,2,2.0,15.0,40.753,25.14,249.65,0.1378,0.2414,0.0386,0.1662,0.0635,0.2361,0.0406,0.0953,0.2761,0.1144,0.1305,0.0396,0.2581,0.1266
1785424162.63,5,drive,0,2.5,15.0,40.753,25.14,249.65,0.1344,0.2380,0.0386,0.1711,0.0645,0.2312,0.0386,0.0841,0.2678,0.1075,0.1281,0.0401,0.2488,0.1246
1785424162.72,5,drive,1,2.5,15.0,40.753,25.14,249.65,0.1329,0.2405,0.0381,0.1740,0.0650,0.2346,0.0406,0.0870,0.2659,0.1100,0.1271,0.0406,0.2483,0.1237
1785424162.82,5,drive,2,2.5,15.0,40.753,25.14,249.65,0.1349,0.2385,0.0376,0.1686,0.0660,0.2312,0.0396,0.0865,0.2674,0.1105,0.1290,0.0396,0.2473,0.1271
1785424164.11,5,drive,0,3.0,15.0,40.753,25.14,249.65,0.1349,0.2361,0.0352,0.1769,0.0630,0.2331,0.0406,0.0772,0.2610,0.1100,0.1183,0.0391,0.2361,0.1271
1785424164.21,5,drive,1,3.0,15.0,40.753,25.14,249.65,0.1359,0.2414,0.0347,0.1764,0.0650,0.2322,0.0396,0.0811,0.2561,0.1085,0.1202,0.0386,0.2361,0.1271
1785424164.31,5,drive,2,3.0,15.0,40.753,25.14,249.65,0.1383,0.2390,0.0337,0.1789,0.0645,0.2317,0.0396,0.0782,0.2595,0.1095,0.1227,0.0420,0.2326,0.1281
1785424165.60,5,drive,0,3.5,15.0,40.753,25.14,249.65,0.1344,0.2361,0.0406,0.1755,0.0543,0.2307,0.0411,0.0865,0.2644,0.1090,0.1261,0.0420,0.2410,0.1241
1785424165.69,5,drive,1,3.5,15.0,40.753,25.14,249.65,0.1378,0.2331,0.0357,0.1725,0.0596,0.2302,0.0391,0.0890,0.2678,0.1144,0.1222,0.0391,0.2414,0.1251
1785424165.79,5,drive,2,3.5,15.0,40.753,25.14,249.65,0.1378,0.2322,0.0386,0.1750,0.0596,0.2273,0.0386,0.0870,0.2669,0.1105,0.1266,0.0391,0.2405,0.1251
1785424167.09,5,drive,0,4.0,15.0,40.753,25.14,249.65,0.1349,0.2317,0.0386,0.1662,0.0606,0.2278,0.0362,0.0948,0.2781,0.1193,0.1310,0.0430,0.2507,0.1261
1785424167.18,5,drive,1,4.0,15.0,40.753,25.14,249.65,0.1310,0.2278,0.0376,0.1657,0.0562,0.2302,0.0386,0.0943,0.2791,0.1197,0.1290,0.0396,0.2517,0.1266
1785424167.28,5,drive,2,4.0,15.0,40.753,25.14,249.65,0.1334,0.2302,0.0376,0.1672,0.0577,0.2278,0.0411,0.0938,0.2781,0.1193,0.1364,0.0406,0.2527,0.1261
1785424168.65,8,base,0,0.0,15.0,40.753,25.14,249.66,0.1329,0.2390,0.0357,0.1559,0.0552,0.2341,0.0371,0.0909,0.2727,0.1153,0.1241,0.0396,0.2458,0.1197
1785424168.74,8,base,1,0.0,15.0,40.753,25.14,249.66,0.1305,0.2370,0.0362,0.1569,0.0567,0.2361,0.0391,0.0938,0.2722,0.1139,0.1271,0.0371,0.2444,0.1202
1785424168.84,8,base,2,0.0,15.0,40.753,25.14,249.66,0.1354,0.2361,0.0357,0.1544,0.0582,0.2346,0.0391,0.0924,0.2703,0.1158,0.1271,0.0381,0.2414,0.1241
1785424170.13,8,drive,0,0.0,15.0,40.753,25.14,249.66,0.1349,0.2351,0.0347,0.1559,0.0577,0.2336,0.0376,0.0919,0.2757,0.1149,0.1315,0.0362,0.2444,0.1237
1785424170.23,8,drive,1,0.0,15.0,40.753,25.14,249.66,0.1344,0.2341,0.0352,0.1540,0.0547,0.2346,0.0391,0.0953,0.2722,0.1149,0.1320,0.0391,0.2473,0.1222
1785424170.32,8,drive,2,0.0,15.0,40.753,25.14,249.66,0.1334,0.2331,0.0357,0.1559,0.0577,0.2370,0.0357,0.0943,0.2742,0.1163,0.1310,0.0396,0.2463,0.1207
1785424171.62,8,drive,0,0.5,15.0,40.753,25.14,249.66,0.1334,0.2341,0.0371,0.1540,0.0562,0.2336,0.0367,0.0929,0.2781,0.1163,0.1310,0.0401,0.2478,0.1241
1785424171.71,8,drive,1,0.5,15.0,40.753,25.14,249.66,0.1329,0.2346,0.0347,0.1549,0.0562,0.2331,0.0396,0.0924,0.2776,0.1139,0.1310,0.0381,0.2478,0.1197
1785424171.81,8,drive,2,0.5,15.0,40.753,25.14,249.66,0.1310,0.2307,0.0386,0.1554,0.0552,0.2341,0.0376,0.0914,0.2771,0.1153,0.1300,0.0391,0.2473,0.1232
1785424173.10,8,drive,0,1.0,15.0,40.753,25.14,249.66,0.1334,0.2322,0.0337,0.1535,0.0562,0.2351,0.0376,0.0914,0.2771,0.1153,0.1354,0.0401,0.2502,0.1183
1785424173.20,8,drive,1,1.0,15.0,40.753,25.14,249.66,0.1310,0.2331,0.0352,0.1510,0.0552,0.2356,0.0401,0.0934,0.2771,0.1163,0.1354,0.0396,0.2493,0.1202
1785424173.30,8,drive,2,1.0,15.0,40.753,25.14,249.66,0.1320,0.2351,0.0371,0.1505,0.0567,0.2317,0.0367,0.0904,0.2771,0.1178,0.1364,0.0396,0.2512,0.1261
1785424174.59,8,drive,0,1.5,15.0,40.753,25.14,249.66,0.1305,0.2278,0.0371,0.1535,0.0552,0.2341,0.0401,0.0929,0.2766,0.1173,0.1393,0.0376,0.2522,0.1217
1785424174.69,8,drive,1,1.5,15.0,40.753,25.14,249.66,0.1325,0.2307,0.0381,0.1554,0.0567,0.2346,0.0411,0.0919,0.2776,0.1173,0.1417,0.0396,0.2512,0.1222
1785424174.78,8,drive,2,1.5,15.0,40.753,25.14,249.66,0.1315,0.2302,0.0376,0.1569,0.0582,0.2297,0.0401,0.0973,0.2766,0.1153,0.1383,0.0401,0.2512,0.1217
1785424176.07,8,drive,0,2.0,15.0,40.753,25.14,249.66,0.1290,0.2273,0.0357,0.1554,0.0577,0.2336,0.0381,0.0929,0.2781,0.1173,0.1393,0.0371,0.2512,0.1212
1785424176.17,8,drive,1,2.0,15.0,40.753,25.14,249.66,0.1300,0.2283,0.0367,0.1544,0.0577,0.2307,0.0352,0.0948,0.2820,0.1163,0.1413,0.0386,0.2517,0.1237
1785424176.27,8,drive,2,2.0,15.0,40.753,25.14,249.66,0.1295,0.2273,0.0362,0.1525,0.0591,0.2322,0.0386,0.0938,0.2786,0.1163,0.1408,0.0367,0.2532,0.1237
1785424177.56,8,drive,0,2.5,15.0,40.753,25.14,249.66,0.1300,0.2297,0.0371,0.1496,0.0606,0.2317,0.0420,0.0929,0.2810,0.1144,0.1432,0.0396,0.2517,0.1183
1785424177.65,8,drive,1,2.5,15.0,40.753,25.14,249.66,0.1305,0.2283,0.0352,0.1549,0.0567,0.2307,0.0376,0.0948,0.2805,0.1124,0.1437,0.0406,0.2498,0.1232
1785424177.75,8,drive,2,2.5,15.0,40.753,25.14,249.66,0.1329,0.2278,0.0381,0.1525,0.0567,0.2336,0.0381,0.0924,0.2771,0.1139,0.1466,0.0401,0.2512,0.1222
1785424179.04,8,drive,0,3.0,15.0,40.753,25.14,249.66,0.1266,0.2283,0.0371,0.1549,0.0591,0.2331,0.0381,0.0943,0.2805,0.1158,0.1388,0.0401,0.2527,0.1237
1785424179.14,8,drive,1,3.0,15.0,40.753,25.14,249.66,0.1305,0.2302,0.0352,0.1549,0.0562,0.2322,0.0411,0.0943,0.2791,0.1149,0.1427,0.0401,0.2502,0.1222
1785424179.24,8,drive,2,3.0,15.0,40.753,25.14,249.66,0.1344,0.2283,0.0371,0.1544,0.0606,0.2331,0.0371,0.0914,0.2776,0.1144,0.1427,0.0381,0.2473,0.1227
1785424180.53,8,drive,0,3.5,15.0,40.753,25.14,249.66,0.1305,0.2283,0.0371,0.1554,0.0596,0.2336,0.0362,0.0982,0.2805,0.1134,0.1427,0.0396,0.2468,0.1227
1785424180.63,8,drive,1,3.5,15.0,40.753,25.14,249.66,0.1320,0.2292,0.0357,0.1554,0.0596,0.2317,0.0371,0.0948,0.2796,0.1158,0.1408,0.0406,0.2488,0.1197
1785424180.72,8,drive,2,3.5,15.0,40.753,25.14,249.66,0.1295,0.2263,0.0357,0.1544,0.0567,0.2287,0.0362,0.0987,0.2786,0.1168,0.1393,0.0406,0.2488,0.1237
1785424182.02,8,drive,0,4.0,15.0,40.753,25.14,249.66,0.1271,0.2248,0.0371,0.1569,0.0567,0.2356,0.0381,0.0992,0.2757,0.1188,0.1417,0.0376,0.2454,0.1237
1785424182.11,8,drive,1,4.0,15.0,40.753,25.14,249.66,0.1315,0.2312,0.0362,0.1544,0.0572,0.2351,0.0391,0.0982,0.2766,0.1163,0.1422,0.0371,0.2463,0.1241
1785424182.21,8,drive,2,4.0,15.0,40.753,25.14,249.66,0.1285,0.2292,0.0337,0.1544,0.0572,0.2341,0.0401,0.0973,0.2771,0.1168,0.1442,0.0411,0.2458,0.1222
1785424183.58,9,base,0,0.0,15.0,40.733,25.14,249.66,0.1290,0.2283,0.0371,0.1554,0.0572,0.2331,0.0381,0.0997,0.2747,0.1149,0.1427,0.0386,0.2444,0.1202
1785424183.68,9,base,1,0.0,15.0,40.733,25.14,249.66,0.1295,0.2302,0.0376,0.1564,0.0587,0.2336,0.0391,0.0997,0.2796,0.1134,0.1398,0.0396,0.2473,0.1197
1785424183.78,9,base,2,0.0,15.0,40.733,25.14,249.66,0.1290,0.2302,0.0352,0.1554,0.0611,0.2326,0.0376,0.0982,0.2781,0.1144,0.1432,0.0376,0.2414,0.1246
1785424185.07,9,drive,0,0.0,15.0,40.733,25.14,249.66,0.1276,0.2239,0.0367,0.1559,0.0577,0.2336,0.0362,0.0978,0.2776,0.1144,0.1398,0.0391,0.2434,0.1217
1785424185.17,9,drive,1,0.0,15.0,40.733,25.14,249.66,0.1276,0.2239,0.0376,0.1564,0.0577,0.2331,0.0371,0.0982,0.2796,0.1153,0.1369,0.0401,0.2458,0.1227
1785424185.27,9,drive,2,0.0,15.0,40.733,25.14,249.66,0.1295,0.2292,0.0376,0.1588,0.0587,0.2336,0.0381,0.0987,0.2776,0.1153,0.1369,0.0391,0.2444,0.1232
1785424186.56,9,drive,0,0.5,15.0,40.733,25.14,249.66,0.1315,0.2278,0.0352,0.1569,0.0587,0.2326,0.0376,0.0953,0.2771,0.1183,0.1364,0.0376,0.2410,0.1241
1785424186.66,9,drive,1,0.5,15.0,40.733,25.14,249.66,0.1281,0.2287,0.0362,0.1574,0.0616,0.2317,0.0376,0.0968,0.2766,0.1134,0.1393,0.0401,0.2434,0.1197
1785424186.75,9,drive,2,0.5,15.0,40.733,25.14,249.66,0.1285,0.2278,0.0337,0.1574,0.0587,0.2287,0.0381,0.1002,0.2781,0.1173,0.1393,0.0391,0.2405,0.1251
1785424188.05,9,drive,0,1.0,15.0,40.733,25.14,249.66,0.1285,0.2229,0.0357,0.1540,0.0572,0.2322,0.0371,0.0958,0.2786,0.1173,0.1383,0.0386,0.2444,0.1212
1785424188.14,9,drive,1,1.0,15.0,40.733,25.14,249.66,0.1295,0.2263,0.0337,0.1579,0.0587,0.2317,0.0371,0.0992,0.2761,0.1163,0.1344,0.0401,0.2429,0.1241
1785424188.24,9,drive,2,1.0,15.0,40.733,25.14,249.66,0.1276,0.2239,0.0391,0.1588,0.0567,0.2322,0.0342,0.0987,0.2781,0.1144,0.1339,0.0386,0.2449,0.1237
1785424189.54,9,drive,0,1.5,15.0,40.733,25.14,249.66,0.1300,0.2253,0.0362,0.1564,0.0577,0.2326,0.0371,0.0982,0.2781,0.1183,0.1364,0.0386,0.2434,0.1227
1785424189.63,9,drive,1,1.5,15.0,40.733,25.14,249.66,0.1295,0.2287,0.0347,0.1564,0.0577,0.2326,0.0352,0.0982,0.2761,0.1173,0.1388,0.0376,0.2390,0.1222
1785424189.73,9,drive,2,1.5,15.0,40.733,25.14,249.66,0.1300,0.2268,0.0352,0.1564,0.0601,0.2312,0.0362,0.0992,0.2776,0.1168,0.1383,0.0376,0.2419,0.1246
1785424191.02,9,drive,0,2.0,15.0,40.733,25.14,249.66,0.1295,0.2219,0.0357,0.1588,0.0601,0.2326,0.0396,0.0968,0.2766,0.1173,0.1413,0.0381,0.2405,0.1271
1785424191.12,9,drive,1,2.0,15.0,40.733,25.14,249.66,0.1305,0.2239,0.0362,0.1588,0.0591,0.2331,0.0371,0.0982,0.2796,0.1149,0.1369,0.0396,0.2449,0.1232
1785424191.22,9,drive,2,2.0,15.0,40.733,25.14,249.66,0.1300,0.2239,0.0371,0.1618,0.0616,0.2302,0.0381,0.0987,0.2786,0.1139,0.1364,0.0401,0.2454,0.1207
1785424192.51,9,drive,0,2.5,15.0,40.733,25.14,249.66,0.1305,0.2258,0.0362,0.1598,0.0606,0.2292,0.0386,0.0982,0.2776,0.1153,0.1403,0.0391,0.2444,0.1217
1785424192.61,9,drive,1,2.5,15.0,40.733,25.14,249.66,0.1300,0.2248,0.0357,0.1579,0.0616,0.2312,0.0411,0.0982,0.2810,0.1163,0.1383,0.0381,0.2458,0.1227
1785424192.70,9,drive,2,2.5,15.0,40.733,25.14,249.66,0.1285,0.2190,0.0376,0.1593,0.0591,0.2312,0.0381,0.0992,0.2761,0.1158,0.1393,0.0376,0.2473,0.1261
1785424194.00,9,drive,0,3.0,15.0,40.733,25.14,249.66,0.1281,0.2204,0.0352,0.1603,0.0577,0.2297,0.0352,0.0963,0.2801,0.1158,0.1432,0.0415,0.2488,0.1207
1785424194.09,9,drive,1,3.0,15.0,40.733,25.14,249.66,0.1320,0.2204,0.0362,0.1603,0.0582,0.2302,0.0376,0.0992,0.2791,0.1139,0.1452,0.0381,0.2454,0.1222
1785424194.19,9,drive,2,3.0,15.0,40.733,25.14,249.66,0.1295,0.2214,0.0352,0.1598,0.0567,0.2297,0.0391,0.0978,0.2815,0.1139,0.1432,0.0401,0.2478,0.1212
1785424195.48,9,drive,0,3.5,15.0,40.733,25.14,249.66,0.1295,0.2204,0.0376,0.1618,0.0577,0.2297,0.0362,0.0973,0.2801,0.1134,0.1452,0.0406,0.2478,0.1237
1785424195.58,9,drive,1,3.5,15.0,40.733,25.14,249.66,0.1315,0.2219,0.0367,0.1593,0.0582,0.2307,0.0332,0.0963,0.2805,0.1173,0.1457,0.0327,0.2478,0.1217
1785424195.68,9,drive,2,3.5,15.0,40.733,25.14,249.66,0.1310,0.2204,0.0367,0.1613,0.0582,0.2312,0.0357,0.0992,0.2815,0.1173,0.1452,0.0381,0.2502,0.1256
1785424196.97,9,drive,0,4.0,15.0,40.733,25.14,249.66,0.1295,0.2219,0.0367,0.1598,0.0567,0.2292,0.0391,0.0978,0.2805,0.1139,0.1500,0.0391,0.2502,0.1227
1785424197.07,9,drive,1,4.0,15.0,40.733,25.14,249.66,0.1315,0.2180,0.0342,0.1623,0.0606,0.2322,0.0367,0.0963,0.2820,0.1139,0.1476,0.0362,0.2493,0.1227
1785424197.17,9,drive,2,4.0,15.0,40.733,25.14,249.66,0.1290,0.2204,0.0357,0.1608,0.0587,0.2292,0.0357,0.0968,0.2840,0.1158,0.1476,0.0386,0.2512,0.1227
1785424198.54,13,base,0,0.0,15.0,40.813,25.14,249.66,0.1281,0.2224,0.0362,0.1588,0.0596,0.2312,0.0386,0.0987,0.2776,0.1124,0.1510,0.0391,0.2527,0.1207
1785424198.63,13,base,1,0.0,15.0,40.813,25.14,249.66,0.1310,0.2199,0.0357,0.1598,0.0567,0.2322,0.0376,0.0963,0.2815,0.1153,0.1544,0.0381,0.2522,0.1207
1785424198.73,13,base,2,0.0,15.0,40.813,25.14,249.66,0.1300,0.2224,0.0376,0.1603,0.0562,0.2341,0.0381,0.0953,0.2825,0.1124,0.1500,0.0386,0.2517,0.1207
1785424200.02,13,drive,0,0.0,15.0,40.813,25.14,249.66,0.1285,0.2185,0.0371,0.1642,0.0577,0.2312,0.0337,0.0963,0.2820,0.1109,0.1515,0.0362,0.2527,0.1241
1785424200.12,13,drive,1,0.0,15.0,40.813,25.14,249.66,0.1281,0.2190,0.0396,0.1618,0.0572,0.2302,0.0386,0.0958,0.2815,0.1129,0.1540,0.0367,0.2517,0.1207
1785424200.22,13,drive,2,0.0,15.0,40.813,25.14,249.66,0.1271,0.2204,0.0367,0.1608,0.0552,0.2292,0.0386,0.0948,0.2810,0.1109,0.1540,0.0362,0.2537,0.1227
1785424201.51,13,drive,0,0.5,15.0,40.813,25.14,249.66,0.1290,0.2214,0.0347,0.1608,0.0567,0.2331,0.0376,0.0968,0.2825,0.1119,0.1549,0.0406,0.2527,0.1202
1785424201.61,13,drive,1,0.5,15.0,40.813,25.14,249.66,0.1290,0.2185,0.0347,0.1598,0.0577,0.2307,0.0396,0.0973,0.2845,0.1119,0.1554,0.0391,0.2532,0.1237
1785424201.71,13,drive,2,0.5,15.0,40.813,25.14,249.66,0.1305,0.2209,0.0342,0.1613,0.0606,0.2341,0.0376,0.0934,0.2825,0.1144,0.1549,0.0367,0.2493,0.1202
1785424203.00,13,drive,0,1.0,15.0,40.813,25.14,249.66,0.1281,0.2190,0.0337,0.1613,0.0572,0.2341,0.0396,0.0963,0.2854,0.1153,0.1559,0.0401,0.2502,0.1227
1785424203.10,13,drive,1,1.0,15.0,40.813,25.14,249.66,0.1285,0.2180,0.0352,0.1603,0.0572,0.2322,0.0386,0.0973,0.2830,0.1114,0.1530,0.0381,0.2512,0.1232
1785424203.19,13,drive,2,1.0,15.0,40.813,25.14,249.66,0.1305,0.2209,0.0376,0.1593,0.0572,0.2317,0.0367,0.0958,0.2854,0.1153,0.1520,0.0381,0.2551,0.1246
1785424204.49,13,drive,0,1.5,15.0,40.813,25.14,249.66,0.1325,0.2160,0.0376,0.1569,0.0523,0.2351,0.0406,0.0978,0.2854,0.1178,0.1447,0.0376,0.2556,0.1237
1785424204.59,13,drive,1,1.5,15.0,40.813,25.14,249.66,0.1290,0.2160,0.0376,0.1549,0.0528,0.2366,0.0396,0.0987,0.2849,0.1193,0.1476,0.0415,0.2556,0.1207
1785424204.68,13,drive,2,1.5,15.0,40.813,25.14,249.66,0.1315,0.2160,0.0352,0.1549,0.0547,0.2351,0.0406,0.0992,0.2849,0.1197,0.1457,0.0391,0.2542,0.1237
1785424205.98,13,drive,0,2.0,15.0,40.813,25.14,249.66,0.1300,0.2136,0.0362,0.1461,0.0547,0.2366,0.0420,0.0934,0.2815,0.1188,0.1457,0.0401,0.2590,0.1241
1785424206.07,13,drive,1,2.0,15.0,40.813,25.14,249.66,0.1315,0.2092,0.0367,0.1535,0.0538,0.2351,0.0425,0.0943,0.2801,0.1158,0.1471,0.0386,0.2576,0.1261
1785424206.17,13,drive,2,2.0,15.0,40.813,25.14,249.66,0.1285,0.2116,0.0371,0.1491,0.0572,0.2356,0.0430,0.0953,0.2825,0.1188,0.1437,0.0425,0.2595,0.1246
1785424207.46,13,drive,0,2.5,15.0,40.813,25.14,249.66,0.1300,0.2082,0.0376,0.1427,0.0562,0.2331,0.0518,0.0787,0.2649,0.1129,0.1442,0.0425,0.2605,0.1271
1785424207.56,13,drive,1,2.5,15.0,40.813,25.14,249.66,0.1276,0.2072,0.0371,0.1437,0.0552,0.2346,0.0499,0.0782,0.2664,0.1095,0.1481,0.0420,0.2654,0.1241
1785424207.66,13,drive,2,2.5,15.0,40.813,25.14,249.66,0.1271,0.2043,0.0391,0.1452,0.0582,0.2326,0.0479,0.0762,0.2678,0.1105,0.1500,0.0396,0.2639,0.1256
1785424208.95,13,drive,0,3.0,15.0,40.813,25.14,249.66,0.1246,0.1979,0.0401,0.1300,0.0621,0.2121,0.0479,0.0513,0.2507,0.0953,0.1672,0.0411,0.2664,0.1241
1785424209.05,13,drive,1,3.0,15.0,40.813,25.14,249.66,0.1261,0.1945,0.0376,0.1329,0.0650,0.2160,0.0494,0.0499,0.2483,0.0953,0.1667,0.0415,0.2639,0.1237
1785424209.14,13,drive,2,3.0,15.0,40.813,25.14,249.66,0.1256,0.1921,0.0381,0.1315,0.0621,0.2136,0.0518,0.0518,0.2507,0.0934,0.1637,0.0425,0.2654,0.1246
1785424210.44,13,drive,0,3.5,15.0,40.813,25.14,249.66,0.1261,0.1882,0.0337,0.1417,0.0679,0.1916,0.0455,0.0430,0.2551,0.0831,0.1818,0.0386,0.2586,0.1266
1785424210.54,13,drive,1,3.5,15.0,40.813,25.14,249.66,0.1246,0.1862,0.0357,0.1422,0.0699,0.1931,0.0455,0.0425,0.2527,0.0806,0.1799,0.0411,0.2620,0.1256
1785424210.63,13,drive,2,3.5,15.0,40.813,25.14,249.66,0.1256,0.1887,0.0352,0.1417,0.0694,0.1921,0.0450,0.0445,0.2537,0.0831,0.1789,0.0376,0.2590,0.1261
1785424211.92,13,drive,0,4.0,15.0,40.813,25.14,249.66,0.1325,0.2146,0.0386,0.1730,0.0587,0.2243,0.0411,0.0787,0.2859,0.0958,0.1740,0.0371,0.2605,0.1237
1785424212.02,13,drive,1,4.0,15.0,40.813,25.14,249.66,0.1320,0.2160,0.0367,0.1676,0.0626,0.2268,0.0371,0.0777,0.2864,0.0963,0.1730,0.0386,0.2586,0.1241
1785424212.12,13,drive,2,4.0,15.0,40.813,25.14,249.66,0.1349,0.2146,0.0386,0.1725,0.0606,0.2234,0.0396,0.0811,0.2825,0.0978,0.1764,0.0381,0.2581,0.1261
1785424213.49,14,base,0,0.0,15.0,40.873,25.14,249.66,0.1251,0.2151,0.0352,0.1647,0.0601,0.2331,0.0362,0.0968,0.2879,0.1100,0.1676,0.0386,0.2542,0.1241
1785424213.59,14,base,1,0.0,15.0,40.873,25.14,249.66,0.1295,0.2190,0.0342,0.1667,0.0591,0.2302,0.0367,0.0924,0.2835,0.1095,0.1667,0.0396,0.2532,0.1237
1785424213.69,14,base,2,0.0,15.0,40.873,25.14,249.66,0.1295,0.2160,0.0347,0.1652,0.0591,0.2312,0.0371,0.0938,0.2835,0.1109,0.1711,0.0337,0.2542,0.1207
1785424214.98,14,drive,0,0.0,15.0,40.873,25.14,249.66,0.1305,0.2180,0.0352,0.1657,0.0591,0.2312,0.0386,0.0914,0.2840,0.1095,0.1701,0.0391,0.2522,0.1241
1785424215.08,14,drive,1,0.0,15.0,40.873,25.14,249.66,0.1315,0.2151,0.0371,0.1676,0.0557,0.2326,0.0391,0.0943,0.2840,0.1095,0.1691,0.0396,0.2512,0.1251
1785424215.17,14,drive,2,0.0,15.0,40.873,25.14,249.66,0.1325,0.2136,0.0362,0.1691,0.0591,0.2297,0.0357,0.0958,0.2859,0.1085,0.1696,0.0381,0.2537,0.1227
1785424216.47,14,drive,0,0.5,15.0,40.873,25.14,249.66,0.1266,0.2165,0.0381,0.1637,0.0606,0.2312,0.0396,0.0948,0.2864,0.1085,0.1691,0.0386,0.2556,0.1178
1785424216.57,14,drive,1,0.5,15.0,40.873,25.14,249.66,0.1276,0.2160,0.0318,0.1681,0.0621,0.2297,0.0386,0.0924,0.2849,0.1090,0.1730,0.0401,0.2522,0.1232
1785424216.66,14,drive,2,0.5,15.0,40.873,25.14,249.66,0.1290,0.2151,0.0376,0.1667,0.0587,0.2317,0.0357,0.0938,0.2874,0.1095,0.1701,0.0362,0.2561,0.1222
1785424217.96,14,drive,0,1.0,15.0,40.873,25.14,249.66,0.1290,0.2165,0.0357,0.1652,0.0591,0.2331,0.0367,0.0943,0.2879,0.1080,0.1720,0.0367,0.2527,0.1207
1785424218.06,14,drive,1,1.0,15.0,40.873,25.14,249.66,0.1276,0.2165,0.0342,0.1647,0.0591,0.2322,0.0376,0.0953,0.2874,0.1085,0.1730,0.0362,0.2546,0.1168
1785424218.15,14,drive,2,1.0,15.0,40.873,25.14,249.66,0.1315,0.2136,0.0318,0.1672,0.0596,0.2307,0.0362,0.0938,0.2859,0.1095,0.1720,0.0386,0.2537,0.1237
1785424219.45,14,drive,0,1.5,15.0,40.873,25.14,249.66,0.1290,0.2165,0.0362,0.1686,0.0582,0.2341,0.0386,0.0948,0.2864,0.1075,0.1750,0.0362,0.2512,0.1207
1785424219.54,14,drive,1,1.5,15.0,40.873,25.14,249.66,0.1281,0.2165,0.0347,0.1686,0.0601,0.2307,0.0376,0.0963,0.2884,0.1065,0.1706,0.0401,0.2571,0.1251
1785424219.64,14,drive,2,1.5,15.0,40.873,25.14,249.66,0.1285,0.2131,0.0367,0.1676,0.0591,0.2297,0.0367,0.0958,0.2884,0.1065,0.1716,0.0391,0.2546,0.1232
1785424220.93,14,drive,0,2.0,15.0,40.873,25.14,249.66,0.1290,0.2151,0.0376,0.1667,0.0616,0.2351,0.0362,0.0958,0.2889,0.1109,0.1745,0.0376,0.2546,0.1237
1785424221.03,14,drive,1,2.0,15.0,40.873,25.14,249.66,0.1266,0.2141,0.0342,0.1662,0.0621,0.2312,0.0362,0.0963,0.2893,0.1109,0.1760,0.0386,0.2556,0.1232
1785424221.13,14,drive,2,2.0,15.0,40.873,25.14,249.66,0.1344,0.2136,0.0376,0.1716,0.0577,0.2302,0.0381,0.0953,0.2879,0.1105,0.1779,0.0391,0.2556,0.1227
1785424222.42,14,drive,0,2.5,15.0,40.873,25.14,249.66,0.1300,0.2136,0.0381,0.1686,0.0596,0.2307,0.0376,0.0938,0.2893,0.1095,0.1740,0.0386,0.2546,0.1183
1785424222.52,14,drive,1,2.5,15.0,40.873,25.14,249.66,0.1300,0.2131,0.0337,0.1696,0.0596,0.2326,0.0352,0.0948,0.2903,0.1105,0.1769,0.0386,0.2566,0.1217
1785424222.61,14,drive,2,2.5,15.0,40.873,25.14,249.66,0.1276,0.2155,0.0352,0.1686,0.0606,0.2312,0.0386,0.0958,0.2884,0.1090,0.1769,0.0381,0.2556,0.1232
1785424223.90,14,drive,0,3.0,15.0,40.873,25.14,249.66,0.1271,0.2136,0.0367,0.1716,0.0577,0.2297,0.0352,0.0953,0.2884,0.1105,0.1769,0.0376,0.2571,0.1232
1785424224.00,14,drive,1,3.0,15.0,40.873,25.14,249.66,0.1266,0.2126,0.0371,0.1676,0.0611,0.2317,0.0406,0.0943,0.2918,0.1105,0.1769,0.0396,0.2551,0.1227
1785424224.10,14,drive,2,3.0,15.0,40.873,25.14,249.66,0.1310,0.2151,0.0371,0.1716,0.0587,0.2292,0.0362,0.0987,0.2923,0.1114,0.1779,0.0406,0.2556,0.1202
1785424225.39,14,drive,0,3.5,15.0,40.873,25.14,249.66,0.1300,0.2107,0.0371,0.1681,0.0606,0.2322,0.0357,0.0978,0.2928,0.1124,0.1779,0.0352,0.2571,0.1241
1785424225.49,14,drive,1,3.5,15.0,40.873,25.14,249.66,0.1305,0.2131,0.0347,0.1667,0.0601,0.2307,0.0352,0.0973,0.2908,0.1119,0.1779,0.0376,0.2532,0.1217
1785424225.58,14,drive,2,3.5,15.0,40.873,25.14,249.66,0.1281,0.2116,0.0381,0.1706,0.0611,0.2302,0.0352,0.0958,0.2903,0.1119,0.1760,0.0362,0.2561,0.1241
1785424226.88,14,drive,0,4.0,15.0,40.873,25.14,249.66,0.1281,0.2131,0.0357,0.1686,0.0577,0.2287,0.0371,0.0973,0.2913,0.1114,0.1789,0.0391,0.2595,0.1222
1785424226.98,14,drive,1,4.0,15.0,40.873,25.14,249.66,0.1334,0.2116,0.0371,0.1691,0.0591,0.2312,0.0352,0.0963,0.2918,0.1129,0.1774,0.0367,0.2571,0.1222
1785424227.07,14,drive,2,4.0,15.0,40.873,25.14,249.66,0.1266,0.2121,0.0362,0.1701,0.0577,0.2263,0.0396,0.0963,0.2937,0.1119,0.1789,0.0376,0.2581,0.1207
1785424228.45,15,base,0,0.0,15.0,40.753,25.14,249.67,0.1251,0.2151,0.0347,0.1701,0.0596,0.2336,0.0371,0.0968,0.2928,0.1109,0.1799,0.0391,0.2571,0.1232
1785424228.54,15,base,1,0.0,15.0,40.753,25.14,249.67,0.1276,0.2107,0.0357,0.1711,0.0587,0.2317,0.0371,0.0987,0.2937,0.1109,0.1799,0.0386,0.2586,0.1227
1785424228.64,15,base,2,0.0,15.0,40.753,25.14,249.67,0.1285,0.2092,0.0367,0.1691,0.0601,0.2307,0.0367,0.0973,0.2933,0.1144,0.1804,0.0352,0.2581,0.1246
1785424229.94,15,drive,0,0.0,15.0,40.753,25.14,249.67,0.1285,0.2111,0.0371,0.1720,0.0611,0.2297,0.0362,0.0963,0.2923,0.1129,0.1784,0.0376,0.2571,0.1202
1785424230.03,15,drive,1,0.0,15.0,40.753,25.14,249.67,0.1261,0.2102,0.0371,0.1740,0.0577,0.2292,0.0367,0.0963,0.2933,0.1105,0.1794,0.0371,0.2576,0.1207
1785424230.13,15,drive,2,0.0,15.0,40.753,25.14,249.67,0.1276,0.2141,0.0342,0.1701,0.0606,0.2317,0.0362,0.0953,0.2918,0.1153,0.1813,0.0381,0.2576,0.1237
1785424231.42,15,drive,0,0.5,15.0,40.753,25.14,249.67,0.1310,0.2126,0.0342,0.1740,0.0591,0.2302,0.0352,0.0973,0.2923,0.1144,0.1808,0.0347,0.2551,0.1207
1785424231.52,15,drive,1,0.5,15.0,40.753,25.14,249.67,0.1290,0.2121,0.0371,0.1720,0.0582,0.2331,0.0362,0.0968,0.2918,0.1139,0.1808,0.0367,0.2561,0.1227
1785424231.62,15,drive,2,0.5,15.0,40.753,25.14,249.67,0.1295,0.2121,0.0352,0.1716,0.0582,0.2322,0.0327,0.0963,0.2933,0.1144,0.1804,0.0381,0.2556,0.1237
1785424232.91,15,drive,0,1.0,15.0,40.753,25.14,249.67,0.1285,0.2160,0.0357,0.1730,0.0591,0.2317,0.0327,0.0943,0.2933,0.1114,0.1799,0.0367,0.2551,0.1237
1785424233.00,15,drive,1,1.0,15.0,40.753,25.14,249.67,0.1295,0.2102,0.0327,0.1720,0.0606,0.2307,0.0376,0.0978,0.2923,0.1144,0.1808,0.0371,0.2561,0.1217
1785424233.10,15,drive,2,1.0,15.0,40.753,25.14,249.67,0.1315,0.2141,0.0406,0.1740,0.0582,0.2302,0.0362,0.0948,0.2923,0.1109,0.1808,0.0357,0.2571,0.1222
1785424234.39,15,drive,0,1.5,15.0,40.753,25.14,249.67,0.1285,0.2146,0.0371,0.1740,0.0626,0.2283,0.0381,0.0968,0.2918,0.1124,0.1828,0.0396,0.2571,0.1197
1785424234.49,15,drive,1,1.5,15.0,40.753,25.14,249.67,0.1320,0.2126,0.0367,0.1706,0.0587,0.2336,0.0386,0.0968,0.2928,0.1153,0.1789,0.0386,0.2551,0.1241
1785424234.59,15,drive,2,1.5,15.0,40.753,25.14,249.67,0.1315,0.2111,0.0337,0.1720,0.0601,0.2322,0.0357,0.0973,0.2913,0.1158,0.1828,0.0391,0.2571,0.1202
1785424235.88,15,drive,0,2.0,15.0,40.753,25.14,249.67,0.1305,0.2116,0.0371,0.1745,0.0596,0.2331,0.0342,0.0958,0.2933,0.1153,0.1789,0.0386,0.2571,0.1246
1785424235.97,15,drive,1,2.0,15.0,40.753,25.14,249.67,0.1295,0.2111,0.0342,0.1735,0.0591,0.2283,0.0357,0.0978,0.2933,0.1139,0.1818,0.0386,0.2595,0.1241
1785424236.07,15,drive,2,2.0,15.0,40.753,25.14,249.67,0.1315,0.2116,0.0367,0.1730,0.0582,0.2312,0.0371,0.0953,0.2937,0.1163,0.1857,0.0371,0.2571,0.1222
1785424237.36,15,drive,0,2.5,15.0,40.753,25.14,249.67,0.1295,0.2111,0.0371,0.1725,0.0587,0.2287,0.0371,0.0948,0.2942,0.1168,0.1784,0.0371,0.2590,0.1232
1785424237.46,15,drive,1,2.5,15.0,40.753,25.14,249.67,0.1305,0.2092,0.0332,0.1725,0.0591,0.2297,0.0357,0.0963,0.2933,0.1168,0.1828,0.0371,0.2581,0.1241
1785424237.56,15,drive,2,2.5,15.0,40.753,25.14,249.67,0.1315,0.2102,0.0337,0.1740,0.0567,0.2326,0.0367,0.0973,0.2942,0.1173,0.1799,0.0406,0.2561,0.1232
1785424238.85,15,drive,0,3.0,15.0,40.753,25.14,249.67,0.1334,0.2141,0.0381,0.1740,0.0596,0.2331,0.0357,0.0978,0.2933,0.1149,0.1813,0.0411,0.2542,0.1207
1785424238.95,15,drive,1,3.0,15.0,40.753,25.14,249.67,0.1285,0.2116,0.0371,0.1769,0.0601,0.2322,0.0357,0.0978,0.2937,0.1163,0.1794,0.0371,0.2576,0.1222
1785424239.05,15,drive,2,3.0,15.0,40.753,25.14,249.67,0.1305,0.2126,0.0367,0.1745,0.0606,0.2331,0.0357,0.0943,0.2947,0.1168,0.1804,0.0391,0.2576,0.1246
1785424240.34,15,drive,0,3.5,15.0,40.753,25.14,249.67,0.1310,0.2092,0.0362,0.1760,0.0591,0.2312,0.0352,0.0978,0.2952,0.1149,0.1823,0.0386,0.2556,0.1217
1785424240.44,15,drive,1,3.5,15.0,40.753,25.14,249.67,0.1300,0.2097,0.0347,0.1750,0.0616,0.2326,0.0347,0.0968,0.2942,0.1139,0.1813,0.0376,0.2537,0.1212
1785424240.54,15,drive,2,3.5,15.0,40.753,25.14,249.67,0.1315,0.2116,0.0347,0.1764,0.0601,0.2297,0.0357,0.0973,0.2928,0.1163,0.1823,0.0386,0.2546,0.1237
1785424241.83,15,drive,0,4.0,15.0,40.753,25.14,249.67,0.1310,0.2111,0.0357,0.1740,0.0596,0.2317,0.0342,0.0958,0.2947,0.1168,0.1804,0.0367,0.2551,0.1232
1785424241.93,15,drive,1,4.0,15.0,40.753,25.14,249.67,0.1310,0.2111,0.0396,0.1779,0.0577,0.2317,0.0371,0.0973,0.2918,0.1149,0.1818,0.0381,0.2551,0.1207
1785424242.02,15,drive,2,4.0,15.0,40.753,25.14,249.67,0.1325,0.2126,0.0386,0.1760,0.0611,0.2317,0.0357,0.0968,0.2933,0.1139,0.1804,0.0391,0.2551,0.1188
1785424243.40,17,base,0,0.0,15.0,40.833,25.14,249.67,0.1315,0.2116,0.0381,0.1774,0.0596,0.2302,0.0362,0.0973,0.2933,0.1139,0.1794,0.0371,0.2551,0.1241
1785424243.50,17,base,1,0.0,15.0,40.833,25.14,249.67,0.1315,0.2107,0.0357,0.1760,0.0596,0.2336,0.0386,0.0973,0.2933,0.1158,0.1789,0.0376,0.2542,0.1232
1785424243.59,17,base,2,0.0,15.0,40.833,25.14,249.67,0.1325,0.2082,0.0357,0.1745,0.0587,0.2307,0.0352,0.0992,0.2928,0.1134,0.1794,0.0396,0.2561,0.1227
1785424244.89,17,drive,0,0.0,15.0,40.833,25.14,249.67,0.1305,0.2111,0.0332,0.1774,0.0601,0.2322,0.0381,0.0973,0.2947,0.1129,0.1813,0.0391,0.2532,0.1188
1785424244.98,17,drive,1,0.0,15.0,40.833,25.14,249.67,0.1305,0.2136,0.0357,0.1760,0.0601,0.2317,0.0337,0.0973,0.2923,0.1153,0.1799,0.0406,0.2532,0.1241
1785424245.08,17,drive,2,0.0,15.0,40.833,25.14,249.67,0.1295,0.2082,0.0367,0.1750,0.0591,0.2326,0.0367,0.0968,0.2937,0.1163,0.1813,0.0376,0.2556,0.1256
1785424246.37,17,drive,0,0.5,15.0,40.833,25.14,249.67,0.1300,0.2116,0.0352,0.1764,0.0606,0.2307,0.0347,0.0958,0.2923,0.1144,0.1774,0.0367,0.2542,0.1207
1785424246.47,17,drive,1,0.5,15.0,40.833,25.14,249.67,0.1320,0.2107,0.0386,0.1760,0.0621,0.2346,0.0381,0.0948,0.2937,0.1163,0.1745,0.0357,0.2566,0.1217
1785424246.57,17,drive,2,0.5,15.0,40.833,25.14,249.67,0.1310,0.2107,0.0347,0.1794,0.0621,0.2326,0.0337,0.0953,0.2913,0.1178,0.1750,0.0362,0.2512,0.1207
1785424247.86,17,drive,0,1.0,15.0,40.833,25.14,249.67,0.1281,0.2102,0.0367,0.1774,0.0596,0.2346,0.0342,0.0973,0.2937,0.1202,0.1784,0.0357,0.2546,0.1222
1785424247.96,17,drive,1,1.0,15.0,40.833,25.14,249.67,0.1276,0.2131,0.0367,0.1764,0.0591,0.2326,0.0362,0.0948,0.2928,0.1163,0.1760,0.0415,0.2546,0.1217
1785424248.05,17,drive,2,1.0,15.0,40.833,25.14,249.67,0.1300,0.2111,0.0342,0.1799,0.0611,0.2346,0.0352,0.0968,0.2908,0.1168,0.1769,0.0376,0.2507,0.1237
1785424249.35,17,drive,0,1.5,15.0,40.833,25.14,249.67,0.1329,0.2136,0.0352,0.1784,0.0616,0.2346,0.0396,0.0938,0.2933,0.1183,0.1764,0.0352,0.2546,0.1251
1785424249.44,17,drive,1,1.5,15.0,40.833,25.14,249.67,0.1310,0.2151,0.0347,0.1755,0.0591,0.2322,0.0367,0.0973,0.2913,0.1153,0.1769,0.0386,0.2532,0.1197
1785424249.54,17,drive,2,1.5,15.0,40.833,25.14,249.67,0.1320,0.2136,0.0357,0.1779,0.0591,0.2326,0.0362,0.0953,0.2937,0.1158,0.1789,0.0371,0.2571,0.1178
1785424250.84,17,drive,0,2.0,15.0,40.833,25.14,249.67,0.1329,0.2146,0.0323,0.1789,0.0587,0.2346,0.0362,0.0958,0.2952,0.1183,0.1779,0.0362,0.2512,0.1197
1785424250.93,17,drive,1,2.0,15.0,40.833,25.14,249.67,0.1290,0.2097,0.0362,0.1774,0.0591,0.2326,0.0327,0.0968,0.2933,0.1153,0.1779,0.0362,0.2537,0.1246
1785424251.03,17,drive,2,2.0,15.0,40.833,25.14,249.67,0.1300,0.2116,0.0362,0.1774,0.0572,0.2331,0.0357,0.0963,0.2937,0.1158,0.1720,0.0362,0.2542,0.1207
1785424252.32,17,drive,0,2.5,15.0,40.833,25.14,249.67,0.1290,0.2102,0.0381,0.1769,0.0572,0.2331,0.0367,0.0973,0.2928,0.1158,0.1769,0.0391,0.2527,0.1202
1785424252.42,17,drive,1,2.5,15.0,40.833,25.14,249.67,0.1290,0.2107,0.0381,0.1813,0.0601,0.2341,0.0367,0.0963,0.2928,0.1153,0.1755,0.0391,0.2527,0.1212
1785424252.51,17,drive,2,2.5,15.0,40.833,25.14,249.67,0.1305,0.2121,0.0357,0.1784,0.0611,0.2336,0.0376,0.0953,0.2893,0.1149,0.1760,0.0376,0.2556,0.1227
1785424253.81,17,drive,0,3.0,15.0,40.833,25.14,249.67,0.1305,0.2121,0.0357,0.1779,0.0606,0.2336,0.0347,0.0963,0.2918,0.1144,0.1764,0.0406,0.2537,0.1227
1785424253.90,17,drive,1,3.0,15.0,40.833,25.14,249.67,0.1310,0.2092,0.0367,0.1823,0.0596,0.2307,0.0357,0.0987,0.2937,0.1168,0.1784,0.0381,0.2527,0.1232
1785424254.00,17,drive,2,3.0,15.0,40.833,25.14,249.67,0.1295,0.2097,0.0347,0.1779,0.0582,0.2307,0.0352,0.0968,0.2923,0.1178,0.1764,0.0401,0.2522,0.1227
1785424255.29,17,drive,0,3.5,15.0,40.833,25.14,249.67,0.1281,0.2131,0.0381,0.1774,0.0606,0.2322,0.0337,0.0919,0.2933,0.1119,0.1774,0.0430,0.2537,0.1222
1785424255.39,17,drive,1,3.5,15.0,40.833,25.14,249.67,0.1281,0.2126,0.0376,0.1804,0.0587,0.2370,0.0376,0.0943,0.2928,0.1149,0.1745,0.0391,0.2556,0.1202
1785424255.49,17,drive,2,3.5,15.0,40.833,25.14,249.67,0.1315,0.2107,0.0367,0.1774,0.0582,0.2331,0.0376,0.0968,0.2923,0.1158,0.1779,0.0367,0.2537,0.1251
1785424256.78,17,drive,0,4.0,15.0,40.833,25.14,249.67,0.1281,0.2136,0.0352,0.1789,0.0601,0.2322,0.0371,0.0963,0.2918,0.1153,0.1769,0.0381,0.2507,0.1232
1785424256.87,17,drive,1,4.0,15.0,40.833,25.14,249.67,0.1310,0.2136,0.0357,0.1784,0.0591,0.2341,0.0367,0.0953,0.2908,0.1178,0.1804,0.0371,0.2527,0.1246
1785424256.97,17,drive,2,4.0,15.0,40.833,25.14,249.67,0.1325,0.2141,0.0342,0.1784,0.0562,0.2341,0.0357,0.0924,0.2977,0.1188,0.1779,0.0396,0.2537,0.1207
1785424258.41,18,base,0,0.0,15.0,40.773,25.14,249.66,0.1315,0.2102,0.0347,0.1764,0.0606,0.2297,0.0367,0.0958,0.2913,0.1168,0.1760,0.0391,0.2537,0.1202
1785424258.51,18,base,1,0.0,15.0,40.773,25.14,249.66,0.1290,0.2116,0.0367,0.1813,0.0591,0.2326,0.0342,0.0948,0.2937,0.1188,0.1755,0.0381,0.2527,0.1202
1785424258.74,18,base,2,0.0,15.0,40.773,25.14,249.66,0.1285,0.2092,0.0371,0.1804,0.0577,0.2336,0.0371,0.0958,0.2923,0.1153,0.1774,0.0386,0.2512,0.1222
1785424260.03,18,drive,0,0.0,15.0,40.773,25.14,249.66,0.1305,0.2067,0.0362,0.1799,0.0587,0.2361,0.0362,0.0938,0.2933,0.1178,0.1769,0.0352,0.2527,0.1237
1785424260.13,18,drive,1,0.0,15.0,40.773,25.14,249.66,0.1300,0.2077,0.0362,0.1760,0.0635,0.2312,0.0357,0.0914,0.2952,0.1188,0.1755,0.0357,0.2527,0.1227
1785424260.23,18,drive,2,0.0,15.0,40.773,25.14,249.66,0.1295,0.2111,0.0342,0.1789,0.0591,0.2331,0.0367,0.0953,0.2923,0.1144,0.1774,0.0396,0.2512,0.1197
1785424261.52,18,drive,0,0.5,15.0,40.773,25.14,249.66,0.1315,0.2107,0.0342,0.1769,0.0591,0.2341,0.0381,0.0938,0.2947,0.1173,0.1774,0.0347,0.2532,0.1241
1785424261.62,18,drive,1,0.5,15.0,40.773,25.14,249.66,0.1300,0.2107,0.0337,0.1764,0.0611,0.2331,0.0347,0.0938,0.2967,0.1158,0.1769,0.0362,0.2522,0.1232
1785424261.71,18,drive,2,0.5,15.0,40.773,25.14,249.66,0.1310,0.2107,0.0323,0.1794,0.0611,0.2326,0.0396,0.0953,0.2918,0.1158,0.1764,0.0357,0.2527,0.1232
1785424263.01,18,drive,0,1.0,15.0,40.773,25.14,249.66,0.1300,0.2082,0.0332,0.1769,0.0601,0.2326,0.0362,0.0919,0.2908,0.1178,0.1760,0.0347,0.2522,0.1251
1785424263.10,18,drive,1,1.0,15.0,40.773,25.14,249.66,0.1285,0.2072,0.0367,0.1774,0.0577,0.2336,0.0371,0.0943,0.2962,0.1149,0.1769,0.0420,0.2551,0.1168
1785424263.20,18,drive,2,1.0,15.0,40.773,25.14,249.66,0.1285,0.2087,0.0371,0.1784,0.0577,0.2317,0.0362,0.0948,0.2937,0.1144,0.1779,0.0376,0.2527,0.1197
1785424264.49,18,drive,0,1.5,15.0,40.773,25.14,249.66,0.1285,0.2092,0.0371,0.1813,0.0596,0.2278,0.0391,0.0914,0.2908,0.1158,0.1779,0.0376,0.2522,0.1193
1785424264.58,18,drive,1,1.5,15.0,40.773,25.14,249.66,0.1300,0.2131,0.0318,0.1794,0.0591,0.2322,0.0357,0.0929,0.2913,0.1153,0.1769,0.0391,0.2517,0.1227
1785424264.68,18,drive,2,1.5,15.0,40.773,25.14,249.66,0.1315,0.2107,0.0391,0.1784,0.0577,0.2331,0.0347,0.0929,0.2937,0.1173,0.1764,0.0386,0.2542,0.1237
1785424265.97,18,drive,0,2.0,15.0,40.773,25.14,249.66,0.1300,0.2097,0.0381,0.1784,0.0562,0.2331,0.0371,0.0904,0.2923,0.1139,0.1789,0.0391,0.2512,0.1227
1785424266.07,18,drive,1,2.0,15.0,40.773,25.14,249.66,0.1315,0.2102,0.0352,0.1813,0.0596,0.2326,0.0362,0.0948,0.2937,0.1134,0.1774,0.0381,0.2522,0.1237
1785424266.17,18,drive,2,2.0,15.0,40.773,25.14,249.66,0.1271,0.2063,0.0396,0.1794,0.0591,0.2322,0.0376,0.0934,0.2928,0.1124,0.1769,0.0371,0.2576,0.1222
1785424267.46,18,drive,0,2.5,15.0,40.773,25.14,249.66,0.1325,0.2072,0.0362,0.1784,0.0616,0.2312,0.0367,0.0904,0.2937,0.1153,0.1760,0.0386,0.2527,0.1241
1785424267.55,18,drive,1,2.5,15.0,40.773,25.14,249.66,0.1241,0.2082,0.0367,0.1838,0.0562,0.2317,0.0367,0.0924,0.2923,0.1139,0.1774,0.0371,0.2551,0.1232
1785424267.65,18,drive,2,2.5,15.0,40.773,25.14,249.66,0.1290,0.2097,0.0347,0.1799,0.0596,0.2336,0.0386,0.0924,0.2908,0.1149,0.1760,0.0376,0.2561,0.1202
1785424268.94,18,drive,0,3.0,15.0,40.773,25.14,249.66,0.1295,0.2077,0.0362,0.1813,0.0587,0.2287,0.0386,0.0904,0.2923,0.1183,0.1794,0.0367,0.2527,0.1212
1785424269.04,18,drive,1,3.0,15.0,40.773,25.14,249.66,0.1315,0.2126,0.0357,0.1794,0.0582,0.2326,0.0381,0.0914,0.2903,0.1124,0.1779,0.0376,0.2522,0.1183
1785424269.13,18,drive,2,3.0,15.0,40.773,25.14,249.66,0.1285,0.2082,0.0371,0.1799,0.0616,0.2312,0.0367,0.0909,0.2952,0.1129,0.1764,0.0371,0.2537,0.1183
1785424270.43,18,drive,0,3.5,15.0,40.773,25.14,249.66,0.1281,0.2082,0.0332,0.1818,0.0577,0.2322,0.0347,0.0904,0.2942,0.1168,0.1764,0.0381,0.2571,0.1217
1785424270.53,18,drive,1,3.5,15.0,40.773,25.14,249.66,0.1290,0.2097,0.0362,0.1760,0.0591,0.2312,0.0342,0.0880,0.2942,0.1153,0.1799,0.0352,0.2532,0.1197
1785424270.62,18,drive,2,3.5,15.0,40.773,25.14,249.66,0.1320,0.2072,0.0376,0.1818,0.0611,0.2287,0.0347,0.0909,0.2928,0.1124,0.1769,0.0386,0.2527,0.1212
1785424271.92,18,drive,0,4.0,15.0,40.773,25.14,249.66,0.1266,0.2102,0.0352,0.1804,0.0596,0.2287,0.0401,0.0938,0.2937,0.1119,0.1794,0.0386,0.2532,0.1222
1785424272.01,18,drive,1,4.0,15.0,40.773,25.14,249.66,0.1266,0.2048,0.0342,0.1799,0.0635,0.2312,0.0376,0.0919,0.2957,0.1144,0.1799,0.0367,0.2542,0.1222
1785424272.11,18,drive,2,4.0,15.0,40.773,25.14,249.66,0.1281,0.2063,0.0342,0.1804,0.0596,0.2331,0.0367,0.0914,0.2947,0.1158,0.1769,0.0362,0.2551,0.1251
1785424273.48,19,base,0,0.0,15.0,40.833,25.14,249.67,0.1261,0.2063,0.0371,0.1818,0.0596,0.2307,0.0352,0.0943,0.2903,0.1134,0.1784,0.0391,0.2537,0.1212
1785424273.58,19,base,1,0.0,15.0,40.833,25.14,249.67,0.1329,0.2097,0.0367,0.1813,0.0611,0.2302,0.0362,0.0899,0.2928,0.1149,0.1808,0.0376,0.2542,0.1217
1785424273.67,19,base,2,0.0,15.0,40.833,25.14,249.67,0.1310,0.2107,0.0391,0.1828,0.0572,0.2302,0.0381,0.0894,0.2942,0.1134,0.1784,0.0376,0.2512,0.1227
1785424274.96,19,drive,0,0.0,15.0,40.833,25.14,249.67,0.1305,0.2058,0.0381,0.1813,0.0596,0.2302,0.0381,0.0919,0.2933,0.1124,0.1789,0.0396,0.2532,0.1232
1785424275.06,19,drive,1,0.0,15.0,40.833,25.14,249.67,0.1295,0.2082,0.0381,0.1804,0.0601,0.2322,0.0376,0.0899,0.2923,0.1144,0.1779,0.0327,0.2546,0.1212
1785424275.16,19,drive,2,0.0,15.0,40.833,25.14,249.67,0.1325,0.2072,0.0357,0.1838,0.0577,0.2317,0.0362,0.0909,0.2937,0.1149,0.1799,0.0376,0.2532,0.1217
1785424276.45,19,drive,0,0.5,15.0,40.833,25.14,249.67,0.1300,0.2063,0.0367,0.1813,0.0606,0.2278,0.0371,0.0904,0.2947,0.1114,0.1784,0.0386,0.2537,0.1227
1785424276.55,19,drive,1,0.5,15.0,40.833,25.14,249.67,0.1334,0.2092,0.0347,0.1813,0.0582,0.2331,0.0357,0.0929,0.2952,0.1139,0.1813,0.0352,0.2507,0.1232
1785424276.64,19,drive,2,0.5,15.0,40.833,25.14,249.67,0.1300,0.2087,0.0371,0.1799,0.0596,0.2331,0.0381,0.0914,0.2933,0.1129,0.1813,0.0391,0.2527,0.1207
1785424277.93,19,drive,0,1.0,15.0,40.833,25.14,249.67,0.1310,0.2107,0.0371,0.1867,0.0611,0.2317,0.0367,0.0885,0.2937,0.1163,0.1735,0.0367,0.2532,0.1241
1785424278.03,19,drive,1,1.0,15.0,40.833,25.14,249.67,0.1300,0.2067,0.0367,0.1872,0.0587,0.2322,0.0386,0.0909,0.2952,0.1144,0.1735,0.0352,0.2537,0.1197
1785424278.13,19,drive,2,1.0,15.0,40.833,25.14,249.67,0.1315,0.2063,0.0371,0.1862,0.0635,0.2326,0.0381,0.0904,0.2928,0.1163,0.1720,0.0381,0.2527,0.1237
1785424279.42,19,drive,0,1.5,15.0,40.833,25.14,249.67,0.1325,0.2092,0.0371,0.1979,0.0606,0.2341,0.0367,0.0870,0.2908,0.1173,0.1652,0.0401,0.2561,0.1207
1785424279.51,19,drive,1,1.5,15.0,40.833,25.14,249.67,0.1320,0.2102,0.0371,0.1984,0.0645,0.2356,0.0376,0.0860,0.2928,0.1168,0.1652,0.0381,0.2542,0.1251
1785424279.61,19,drive,2,1.5,15.0,40.833,25.14,249.67,0.1310,0.2116,0.0357,0.1975,0.0621,0.2361,0.0367,0.0841,0.2952,0.1153,0.1652,0.0386,0.2527,0.1256
1785424280.90,19,drive,0,2.0,15.0,40.833,25.14,249.67,0.1300,0.2048,0.0367,0.2126,0.0689,0.2380,0.0401,0.0787,0.2889,0.1056,0.1613,0.0396,0.2561,0.1256
1785424281.00,19,drive,1,2.0,15.0,40.833,25.14,249.67,0.1334,0.2097,0.0352,0.2097,0.0699,0.2385,0.0381,0.0767,0.2889,0.1070,0.1652,0.0401,0.2556,0.1251
1785424281.10,19,drive,2,2.0,15.0,40.833,25.14,249.67,0.1320,0.2087,0.0381,0.2111,0.0689,0.2380,0.0401,0.0777,0.2893,0.1046,0.1632,0.0401,0.2537,0.1237
1785424282.39,19,drive,0,2.5,15.0,40.833,25.14,249.67,0.1290,0.2082,0.0371,0.2214,0.0650,0.2366,0.0445,0.0738,0.2864,0.0772,0.1848,0.0430,0.2581,0.1237
1785424282.48,19,drive,1,2.5,15.0,40.833,25.14,249.67,0.1315,0.2092,0.0381,0.2253,0.0645,0.2351,0.0425,0.0723,0.2854,0.0826,0.1823,0.0425,0.2556,0.1237
1785424282.58,19,drive,2,2.5,15.0,40.833,25.14,249.67,0.1281,0.2082,0.0367,0.2239,0.0660,0.2361,0.0425,0.0718,0.2869,0.0811,0.1808,0.0411,0.2522,0.1207
1785424283.87,19,drive,0,3.0,15.0,40.833,25.14,249.67,0.1329,0.2067,0.0371,0.2292,0.0538,0.2312,0.0464,0.0684,0.2835,0.0528,0.2097,0.0420,0.2566,0.1232
1785424283.97,19,drive,1,3.0,15.0,40.833,25.14,249.67,0.1325,0.2058,0.0357,0.2268,0.0582,0.2312,0.0425,0.0694,0.2845,0.0567,0.2097,0.0411,0.2556,0.1246
1785424284.07,19,drive,2,3.0,15.0,40.833,25.14,249.67,0.1325,0.2077,0.0347,0.2273,0.0538,0.2322,0.0450,0.0699,0.2849,0.0533,0.2111,0.0430,0.2571,0.1232
1785424285.36,19,drive,0,3.5,15.0,40.833,25.14,249.67,0.1339,0.2038,0.0381,0.2165,0.0401,0.2273,0.0396,0.0762,0.2845,0.0489,0.2204,0.0391,0.2502,0.1266
1785424285.46,19,drive,1,3.5,15.0,40.833,25.14,249.67,0.1349,0.2038,0.0357,0.2146,0.0435,0.2224,0.0415,0.0782,0.2864,0.0459,0.2253,0.0411,0.2537,0.1246
1785424285.55,19,drive,2,3.5,15.0,40.833,25.14,249.67,0.1305,0.2033,0.0381,0.2136,0.0411,0.2268,0.0425,0.0792,0.2835,0.0489,0.2209,0.0386,0.2522,0.1251
1785424286.84,19,drive,0,4.0,15.0,40.833,25.14,249.67,0.1359,0.2004,0.0347,0.1945,0.0425,0.2248,0.0411,0.0953,0.2898,0.0777,0.1960,0.0401,0.2458,0.1271
1785424286.94,19,drive,1,4.0,15.0,40.833,25.14,249.67,0.1339,0.2033,0.0396,0.1945,0.0406,0.2283,0.0406,0.0948,0.2908,0.0787,0.1975,0.0337,0.2449,0.1251
1785424287.03,19,drive,2,4.0,15.0,40.833,25.14,249.67,0.1354,0.2009,0.0367,0.1921,0.0430,0.2239,0.0381,0.0948,0.2913,0.0772,0.1970,0.0371,0.2458,0.1241
1785424288.40,22,base,0,0.0,15.0,40.753,25.14,249.67,0.1271,0.2033,0.0352,0.1813,0.0577,0.2331,0.0371,0.0894,0.2952,0.1100,0.1833,0.0386,0.2507,0.1188
1785424288.50,22,base,1,0.0,15.0,40.753,25.14,249.67,0.1300,0.2014,0.0332,0.1818,0.0587,0.2307,0.0342,0.0899,0.2928,0.1100,0.1794,0.0391,0.2532,0.1222
1785424288.60,22,base,2,0.0,15.0,40.753,25.14,249.67,0.1325,0.2058,0.0347,0.1823,0.0587,0.2297,0.0362,0.0909,0.2937,0.1090,0.1813,0.0391,0.2522,0.1217
1785424289.89,22,drive,0,0.0,15.0,40.753,25.14,249.67,0.1290,0.2028,0.0376,0.1852,0.0567,0.2283,0.0357,0.0924,0.2884,0.1080,0.1823,0.0371,0.2488,0.1232
1785424289.99,22,drive,1,0.0,15.0,40.753,25.14,249.67,0.1300,0.2053,0.0327,0.1804,0.0611,0.2331,0.0337,0.0894,0.2937,0.1119,0.1774,0.0367,0.2522,0.1202
1785424290.08,22,drive,2,0.0,15.0,40.753,25.14,249.67,0.1271,0.2067,0.0371,0.1794,0.0582,0.2273,0.0357,0.0880,0.2933,0.1080,0.1823,0.0352,0.2522,0.1222
1785424291.37,22,drive,0,0.5,15.0,40.753,25.14,249.67,0.1281,0.2067,0.0357,0.1877,0.0577,0.2312,0.0371,0.0880,0.2937,0.1105,0.1818,0.0367,0.2522,0.1202
1785424291.47,22,drive,1,0.5,15.0,40.753,25.14,249.67,0.1305,0.2053,0.0357,0.1828,0.0601,0.2302,0.0352,0.0880,0.2918,0.1109,0.1808,0.0381,0.2522,0.1232
1785424291.57,22,drive,2,0.5,15.0,40.753,25.14,249.67,0.1334,0.2082,0.0391,0.1833,0.0587,0.2292,0.0327,0.0904,0.2933,0.1114,0.1784,0.0376,0.2542,0.1207
1785424292.86,22,drive,0,1.0,15.0,40.753,25.14,249.67,0.1290,0.2028,0.0396,0.1965,0.0611,0.2239,0.0376,0.0885,0.2913,0.1197,0.1711,0.0371,0.2556,0.1207
1785424292.95,22,drive,1,1.0,15.0,40.753,25.14,249.67,0.1315,0.2048,0.0362,0.1950,0.0611,0.2253,0.0371,0.0846,0.2903,0.1193,0.1750,0.0391,0.2542,0.1256
1785424293.05,22,drive,2,1.0,15.0,40.753,25.14,249.67,0.1305,0.2053,0.0376,0.1989,0.0606,0.2263,0.0371,0.0850,0.2913,0.1207,0.1730,0.0367,0.2542,0.1232
1785424294.34,22,drive,0,1.5,15.0,40.753,25.14,249.67,0.1344,0.2023,0.0391,0.2190,0.0635,0.2190,0.0391,0.0772,0.2898,0.1310,0.1603,0.0367,0.2527,0.1232
1785424294.44,22,drive,1,1.5,15.0,40.753,25.14,249.67,0.1320,0.2033,0.0337,0.2170,0.0645,0.2170,0.0362,0.0777,0.2923,0.1320,0.1579,0.0391,0.2537,0.1261
1785424294.53,22,drive,2,1.5,15.0,40.753,25.14,249.67,0.1325,0.2082,0.0376,0.2175,0.0621,0.2180,0.0406,0.0782,0.2893,0.1329,0.1598,0.0415,0.2517,0.1227
1785424295.82,22,drive,0,2.0,15.0,40.753,25.14,249.67,0.1320,0.2092,0.0367,0.2322,0.0591,0.2141,0.0420,0.0714,0.2845,0.1422,0.1427,0.0347,0.2458,0.1266
1785424295.92,22,drive,1,2.0,15.0,40.753,25.14,249.67,0.1359,0.2067,0.0367,0.2331,0.0616,0.2160,0.0425,0.0694,0.2835,0.1432,0.1437,0.0342,0.2468,0.1256
1785424296.02,22,drive,2,2.0,15.0,40.753,25.14,249.67,0.1320,0.2058,0.0396,0.2326,0.0591,0.2107,0.0415,0.0709,0.2840,0.1408,0.1408,0.0347,0.2439,0.1212
1785424297.31,22,drive,0,2.5,15.0,40.753,25.14,249.67,0.1315,0.2102,0.0391,0.2366,0.0547,0.2248,0.0474,0.0743,0.2776,0.1281,0.1359,0.0391,0.2258,0.1227
1785424297.41,22,drive,1,2.5,15.0,40.753,25.14,249.67,0.1329,0.2111,0.0371,0.2414,0.0538,0.2209,0.0435,0.0772,0.2820,0.1271,0.1364,0.0391,0.2253,0.1251
1785424297.50,22,drive,2,2.5,15.0,40.753,25.14,249.67,0.1334,0.2111,0.0381,0.2385,0.0499,0.2268,0.0489,0.0714,0.2815,0.1246,0.1364,0.0376,0.2273,0.1271
1785424298.80,22,drive,0,3.0,15.0,40.753,25.14,249.67,0.1310,0.2141,0.0357,0.2136,0.0425,0.2463,0.0513,0.0929,0.2893,0.0899,0.1623,0.0430,0.2092,0.1241
1785424298.89,22,drive,1,3.0,15.0,40.753,25.14,249.67,0.1364,0.2146,0.0367,0.2141,0.0430,0.2449,0.0499,0.0963,0.2898,0.0885,0.1632,0.0376,0.2077,0.1266
1785424298.99,22,drive,2,3.0,15.0,40.753,25.14,249.67,0.1339,0.2131,0.0337,0.2155,0.0430,0.2434,0.0528,0.0968,0.2869,0.0894,0.1628,0.0430,0.2038,0.1261
1785424300.28,22,drive,0,3.5,15.0,40.753,25.14,249.67,0.1344,0.2146,0.0371,0.1686,0.0401,0.2551,0.0489,0.1153,0.2952,0.0606,0.1906,0.0445,0.2077,0.1237
1785424300.38,22,drive,1,3.5,15.0,40.753,25.14,249.67,0.1373,0.2121,0.0376,0.1681,0.0406,0.2561,0.0489,0.1163,0.2957,0.0572,0.1916,0.0411,0.2097,0.1237
1785424300.48,22,drive,2,3.5,15.0,40.753,25.14,249.67,0.1349,0.2126,0.0396,0.1716,0.0396,0.2551,0.0513,0.1163,0.2942,0.0587,0.1911,0.0435,0.2087,0.1285
1785424301.77,22,drive,0,4.0,15.0,40.753,25.14,249.67,0.1373,0.2111,0.0381,0.1804,0.0538,0.2429,0.0371,0.1036,0.2928,0.0880,0.1735,0.0420,0.2312,0.1251
1785424301.87,22,drive,1,4.0,15.0,40.753,25.14,249.67,0.1344,0.2087,0.0367,0.1808,0.0523,0.2410,0.0396,0.1041,0.2928,0.0841,0.1750,0.0411,0.2302,0.1290
1785424301.96,22,drive,2,4.0,15.0,40.753,25.14,249.67,0.1364,0.2053,0.0386,0.1799,0.0557,0.2400,0.0367,0.1051,0.2923,0.0865,0.1730,0.0415,0.2302,0.1256
1785424303.32,24,base,0,0.0,15.0,40.733,25.14,249.67,0.1305,0.2072,0.0342,0.1852,0.0582,0.2312,0.0357,0.0890,0.2933,0.1070,0.1789,0.0376,0.2488,0.1251
1785424303.42,24,base,1,0.0,15.0,40.733,25.14,249.67,0.1305,0.2077,0.0357,0.1862,0.0547,0.2331,0.0371,0.0919,0.2908,0.1031,0.1799,0.0386,0.2463,0.1217
1785424303.52,24,base,2,0.0,15.0,40.733,25.14,249.67,0.1310,0.2067,0.0337,0.1882,0.0582,0.2302,0.0352,0.0904,0.2903,0.1046,0.1794,0.0406,0.2478,0.1237
1785424304.81,24,drive,0,0.0,15.0,40.733,25.14,249.67,0.1320,0.2053,0.0332,0.1877,0.0577,0.2297,0.0371,0.0894,0.2903,0.1065,0.1794,0.0376,0.2463,0.1207
1785424304.90,24,drive,1,0.0,15.0,40.733,25.14,249.67,0.1315,0.2077,0.0357,0.1843,0.0611,0.2307,0.0371,0.0899,0.2918,0.1051,0.1769,0.0376,0.2478,0.1222
1785424305.00,24,drive,2,0.0,15.0,40.733,25.14,249.67,0.1295,0.2053,0.0386,0.1862,0.0567,0.2297,0.0371,0.0899,0.2923,0.1065,0.1769,0.0386,0.2449,0.1241
1785424306.29,24,drive,0,0.5,15.0,40.733,25.14,249.67,0.1339,0.2053,0.0347,0.1891,0.0577,0.2317,0.0381,0.0904,0.2937,0.1080,0.1794,0.0347,0.2478,0.1217
1785424306.39,24,drive,1,0.5,15.0,40.733,25.14,249.67,0.1310,0.2063,0.0381,0.1867,0.0562,0.2317,0.0376,0.0904,0.2908,0.1056,0.1779,0.0381,0.2488,0.1217
1785424306.49,24,drive,2,0.5,15.0,40.733,25.14,249.67,0.1300,0.2077,0.0371,0.1867,0.0582,0.2302,0.0391,0.0904,0.2884,0.1061,0.1774,0.0371,0.2488,0.1246
1785424307.78,24,drive,0,1.0,15.0,40.733,25.14,249.67,0.1329,0.2067,0.0357,0.1935,0.0611,0.2317,0.0367,0.0890,0.2903,0.1090,0.1813,0.0401,0.2458,0.1246
1785424307.88,24,drive,1,1.0,15.0,40.733,25.14,249.67,0.1281,0.2048,0.0386,0.1921,0.0601,0.2302,0.0376,0.0885,0.2918,0.1075,0.1789,0.0362,0.2507,0.1207
1785424307.97,24,drive,2,1.0,15.0,40.733,25.14,249.67,0.1315,0.2067,0.0357,0.1891,0.0606,0.2283,0.0401,0.0875,0.2903,0.1090,0.1784,0.0415,0.2473,0.1207
1785424309.26,24,drive,0,1.5,15.0,40.733,25.14,249.67,0.1325,0.2063,0.0391,0.1989,0.0670,0.2273,0.0367,0.0875,0.2903,0.1085,0.1760,0.0411,0.2498,0.1217
1785424309.36,24,drive,1,1.5,15.0,40.733,25.14,249.67,0.1320,0.2063,0.0367,0.2028,0.0616,0.2268,0.0376,0.0870,0.2889,0.1129,0.1735,0.0420,0.2507,0.1227
1785424309.46,24,drive,2,1.5,15.0,40.733,25.14,249.67,0.1325,0.2072,0.0337,0.1999,0.0660,0.2263,0.0376,0.0836,0.2913,0.1124,0.1779,0.0362,0.2488,0.1237
1785424310.75,24,drive,0,2.0,15.0,40.733,25.14,249.67,0.1315,0.2063,0.0406,0.2107,0.0699,0.2234,0.0367,0.0846,0.2898,0.1212,0.1667,0.0391,0.2498,0.1237
1785424310.85,24,drive,1,2.0,15.0,40.733,25.14,249.67,0.1339,0.2067,0.0367,0.2141,0.0679,0.2239,0.0391,0.0816,0.2874,0.1212,0.1672,0.0367,0.2463,0.1246
1785424310.94,24,drive,2,2.0,15.0,40.733,25.14,249.67,0.1329,0.2092,0.0396,0.2151,0.0674,0.2234,0.0401,0.0865,0.2859,0.1217,0.1691,0.0381,0.2498,0.1232
1785424312.24,24,drive,0,2.5,15.0,40.733,25.14,249.67,0.1334,0.2072,0.0371,0.2239,0.0670,0.2214,0.0391,0.0772,0.2854,0.1232,0.1554,0.0386,0.2419,0.1217
1785424312.33,24,drive,1,2.5,15.0,40.733,25.14,249.67,0.1339,0.2082,0.0357,0.2292,0.0645,0.2214,0.0376,0.0806,0.2835,0.1246,0.1554,0.0401,0.2424,0.1232
1785424312.43,24,drive,2,2.5,15.0,40.733,25.14,249.67,0.1364,0.2053,0.0386,0.2234,0.0670,0.2185,0.0376,0.0806,0.2825,0.1271,0.1535,0.0332,0.2419,0.1246
1785424313.72,24,drive,0,3.0,15.0,40.733,25.14,249.67,0.1359,0.2087,0.0357,0.2253,0.0582,0.2199,0.0396,0.0802,0.2845,0.1212,0.1486,0.0347,0.2341,0.1241
1785424313.82,24,drive,1,3.0,15.0,40.733,25.14,249.67,0.1334,0.2087,0.0386,0.2258,0.0567,0.2219,0.0381,0.0816,0.2874,0.1222,0.1491,0.0347,0.2361,0.1256
1785424313.92,24,drive,2,3.0,15.0,40.733,25.14,249.67,0.1344,0.2092,0.0371,0.2243,0.0577,0.2165,0.0386,0.0797,0.2835,0.1217,0.1496,0.0391,0.2366,0.1217
1785424315.21,24,drive,0,3.5,15.0,40.733,25.14,249.67,0.1320,0.2058,0.0391,0.2151,0.0508,0.2248,0.0367,0.0904,0.2889,0.1144,0.1510,0.0371,0.2336,0.1256
1785424315.30,24,drive,1,3.5,15.0,40.733,25.14,249.67,0.1339,0.2087,0.0396,0.2131,0.0499,0.2253,0.0362,0.0899,0.2898,0.1109,0.1510,0.0406,0.2341,0.1251
1785424315.40,24,drive,2,3.5,15.0,40.733,25.14,249.67,0.1325,0.1999,0.0386,0.2141,0.0494,0.2239,0.0371,0.0914,0.2908,0.1109,0.1496,0.0362,0.2366,0.1251
1785424316.69,24,drive,0,4.0,15.0,40.733,25.14,249.67,0.1310,0.2023,0.0381,0.2033,0.0543,0.2278,0.0357,0.0924,0.2918,0.1075,0.1564,0.0411,0.2405,0.1271
1785424316.79,24,drive,1,4.0,15.0,40.733,25.14,249.67,0.1329,0.2028,0.0357,0.2019,0.0562,0.2283,0.0386,0.0934,0.2942,0.1080,0.1588,0.0371,0.2395,0.1256
1785424316.88,24,drive,2,4.0,15.0,40.733,25.14,249.67,0.1339,0.2038,0.0357,0.2009,0.0547,0.2287,0.0367,0.0953,0.2967,0.1090,0.1623,0.0401,0.2375,0.1227
1785424318.24,25,base,0,0.0,15.0,40.753,25.14,249.67,0.1310,0.2058,0.0367,0.1896,0.0547,0.2297,0.0376,0.0914,0.2884,0.1041,0.1769,0.0371,0.2405,0.1237
1785424318.34,25,base,1,0.0,15.0,40.753,25.14,249.67,0.1329,0.2102,0.0362,0.1911,0.0596,0.2326,0.0376,0.0914,0.2879,0.1051,0.1794,0.0386,0.2400,0.1222
1785424318.44,25,base,2,0.0,15.0,40.753,25.14,249.67,0.1305,0.2082,0.0337,0.1916,0.0577,0.2312,0.0362,0.0934,0.2928,0.1061,0.1750,0.0376,0.2405,0.1222
1785424319.73,25,drive,0,0.0,15.0,40.753,25.14,249.67,0.1310,0.2077,0.0367,0.1906,0.0547,0.2312,0.0376,0.0943,0.2908,0.1056,0.1769,0.0391,0.2419,0.1222
1785424319.82,25,drive,1,0.0,15.0,40.753,25.14,249.67,0.1290,0.2072,0.0371,0.1921,0.0552,0.2326,0.0362,0.0919,0.2908,0.1065,0.1725,0.0381,0.2463,0.1202
1785424319.92,25,drive,2,0.0,15.0,40.753,25.14,249.67,0.1281,0.2063,0.0391,0.1891,0.0582,0.2302,0.0362,0.0953,0.2918,0.1017,0.1760,0.0396,0.2429,0.1212
1785424321.21,25,drive,0,0.5,15.0,40.753,25.14,249.67,0.1349,0.2072,0.0362,0.1931,0.0557,0.2302,0.0371,0.0904,0.2879,0.1036,0.1735,0.0415,0.2395,0.1251
1785424321.31,25,drive,1,0.5,15.0,40.753,25.14,249.67,0.1300,0.2082,0.0347,0.1940,0.0572,0.2287,0.0357,0.0904,0.2913,0.1022,0.1725,0.0391,0.2405,0.1217
1785424321.40,25,drive,2,0.5,15.0,40.753,25.14,249.67,0.1295,0.2053,0.0357,0.1935,0.0582,0.2307,0.0357,0.0924,0.2918,0.1056,0.1720,0.0396,0.2434,0.1202
1785424322.70,25,drive,0,1.0,15.0,40.753,25.14,249.67,0.1344,0.2038,0.0367,0.2048,0.0582,0.2258,0.0362,0.0870,0.2874,0.1158,0.1608,0.0357,0.2424,0.1241
1785424322.79,25,drive,1,1.0,15.0,40.753,25.14,249.67,0.1305,0.2097,0.0371,0.1999,0.0587,0.2263,0.0352,0.0880,0.2893,0.1158,0.1579,0.0376,0.2419,0.1222
1785424322.89,25,drive,2,1.0,15.0,40.753,25.14,249.67,0.1329,0.2063,0.0352,0.1999,0.0562,0.2278,0.0337,0.0841,0.2898,0.1134,0.1579,0.0396,0.2434,0.1212
1785424324.18,25,drive,0,1.5,15.0,40.753,25.14,249.67,0.1315,0.2048,0.0347,0.2170,0.0572,0.2219,0.0367,0.0772,0.2859,0.1227,0.1427,0.0381,0.2424,0.1227
1785424324.28,25,drive,1,1.5,15.0,40.753,25.14,249.67,0.1300,0.2063,0.0362,0.2151,0.0596,0.2199,0.0371,0.0787,0.2849,0.1212,0.1417,0.0376,0.2405,0.1246
1785424324.37,25,drive,2,1.5,15.0,40.753,25.14,249.67,0.1339,0.2092,0.0381,0.2165,0.0591,0.2199,0.0396,0.0792,0.2859,0.1207,0.1413,0.0371,0.2424,0.1246
1785424325.66,25,drive,0,2.0,15.0,40.753,25.14,249.67,0.1329,0.2067,0.0381,0.2273,0.0557,0.2180,0.0396,0.0670,0.2781,0.1188,0.1359,0.0347,0.2341,0.1237
1785424325.76,25,drive,1,2.0,15.0,40.753,25.14,249.67,0.1344,0.2077,0.0357,0.2292,0.0538,0.2165,0.0411,0.0684,0.2776,0.1188,0.1364,0.0347,0.2336,0.1227
1785424325.85,25,drive,2,2.0,15.0,40.753,25.14,249.67,0.1334,0.2092,0.0371,0.2307,0.0543,0.2160,0.0435,0.0630,0.2786,0.1197,0.1334,0.0347,0.2361,0.1227
1785424327.15,25,drive,0,2.5,15.0,40.753,25.14,249.67,0.1334,0.2102,0.0362,0.2302,0.0459,0.2239,0.0459,0.0635,0.2796,0.0948,0.1564,0.0352,0.2239,0.1246
1785424327.24,25,drive,1,2.5,15.0,40.753,25.14,249.67,0.1339,0.2097,0.0381,0.2322,0.0450,0.2248,0.0455,0.0650,0.2796,0.0943,0.1579,0.0347,0.2224,0.1251
1785424327.34,25,drive,2,2.5,15.0,40.753,25.14,249.67,0.1320,0.2082,0.0367,0.2312,0.0469,0.2248,0.0440,0.0650,0.2771,0.0953,0.1564,0.0367,0.2243,0.1266
1785424328.63,25,drive,0,3.0,15.0,40.753,25.14,249.67,0.1344,0.2131,0.0401,0.2043,0.0362,0.2419,0.0499,0.0777,0.2810,0.0572,0.1965,0.0411,0.2082,0.1266
1785424328.73,25,drive,1,3.0,15.0,40.753,25.14,249.67,0.1329,0.2121,0.0367,0.2043,0.0376,0.2414,0.0489,0.0797,0.2815,0.0601,0.1955,0.0435,0.2092,0.1232
1785424328.82,25,drive,2,3.0,15.0,40.753,25.14,249.67,0.1373,0.2107,0.0371,0.2063,0.0391,0.2424,0.0503,0.0782,0.2835,0.0567,0.1935,0.0411,0.2082,0.1241
1785424330.12,25,drive,0,3.5,15.0,40.753,25.14,249.67,0.1325,0.2058,0.0401,0.1696,0.0396,0.2478,0.0430,0.1012,0.2967,0.0489,0.2195,0.0440,0.2185,0.1251
1785424330.21,25,drive,1,3.5,15.0,40.753,25.14,249.67,0.1339,0.2072,0.0381,0.1681,0.0406,0.2473,0.0459,0.1031,0.2981,0.0499,0.2165,0.0435,0.2195,0.1237
1785424330.31,25,drive,2,3.5,15.0,40.753,25.14,249.67,0.1325,0.2048,0.0411,0.1701,0.0396,0.2502,0.0445,0.1012,0.2933,0.0494,0.2175,0.0435,0.2175,0.1256
1785424331.60,25,drive,0,4.0,15.0,40.753,25.14,249.67,0.1325,0.2043,0.0376,0.1872,0.0543,0.2312,0.0381,0.1002,0.2952,0.0943,0.1794,0.0425,0.2380,0.1241
1785424331.70,25,drive,1,4.0,15.0,40.753,25.14,249.67,0.1325,0.1999,0.0367,0.1877,0.0538,0.2351,0.0371,0.1031,0.2918,0.0982,0.1784,0.0430,0.2366,0.1246
1785424331.80,25,drive,2,4.0,15.0,40.753,25.14,249.67,0.1320,0.2033,0.0381,0.1867,0.0552,0.2341,0.0367,0.1002,0.2957,0.0963,0.1794,0.0411,0.2385,0.1251
1785424333.17,27,base,0,0.0,15.0,40.753,25.14,249.67,0.1325,0.2082,0.0342,0.1901,0.0557,0.2307,0.0337,0.0948,0.2903,0.1012,0.1716,0.0396,0.2429,0.1232
1785424333.26,27,base,1,0.0,15.0,40.753,25.14,249.67,0.1310,0.2058,0.0367,0.1911,0.0562,0.2326,0.0332,0.0938,0.2923,0.1046,0.1711,0.0401,0.2424,0.1222
1785424333.36,27,base,2,0.0,15.0,40.753,25.14,249.67,0.1329,0.2058,0.0352,0.1940,0.0577,0.2326,0.0362,0.0943,0.2889,0.1065,0.1730,0.0371,0.2405,0.1237
1785424334.65,27,drive,0,0.0,15.0,40.753,25.14,249.67,0.1334,0.2063,0.0352,0.1882,0.0577,0.2312,0.0347,0.0938,0.2913,0.1046,0.1716,0.0406,0.2400,0.1202
1785424334.75,27,drive,1,0.0,15.0,40.753,25.14,249.67,0.1329,0.2043,0.0327,0.1896,0.0557,0.2341,0.0376,0.0929,0.2879,0.1031,0.1720,0.0376,0.2380,0.1217
1785424334.84,27,drive,2,0.0,15.0,40.753,25.14,249.67,0.1325,0.2033,0.0367,0.1906,0.0596,0.2302,0.0352,0.0948,0.2898,0.1090,0.1725,0.0381,0.2390,0.1232
1785424336.13,27,drive,0,0.5,15.0,40.753,25.14,249.67,0.1315,0.2019,0.0362,0.1891,0.0567,0.2302,0.0362,0.0919,0.2928,0.1036,0.1711,0.0381,0.2419,0.1237
1785424336.23,27,drive,1,0.5,15.0,40.753,25.14,249.67,0.1334,0.2038,0.0342,0.1940,0.0582,0.2317,0.0362,0.0929,0.2913,0.1056,0.1720,0.0367,0.2380,0.1241
1785424336.32,27,drive,2,0.5,15.0,40.753,25.14,249.67,0.1329,0.2067,0.0347,0.1882,0.0567,0.2312,0.0362,0.0934,0.2923,0.1056,0.1730,0.0362,0.2400,0.1212
1785424337.62,27,drive,0,1.0,15.0,40.753,25.14,249.67,0.1334,0.2082,0.0352,0.1887,0.0528,0.2346,0.0386,0.0924,0.2884,0.1051,0.1730,0.0391,0.2405,0.1222
1785424337.71,27,drive,1,1.0,15.0,40.753,25.14,249.67,0.1329,0.2048,0.0352,0.1896,0.0552,0.2326,0.0352,0.0938,0.2908,0.1036,0.1706,0.0391,0.2405,0.1227
1785424337.81,27,drive,2,1.0,15.0,40.753,25.14,249.67,0.1300,0.2063,0.0362,0.1887,0.0587,0.2307,0.0367,0.0909,0.2937,0.1061,0.1706,0.0396,0.2390,0.1241
1785424339.10,27,drive,0,1.5,15.0,40.753,25.14,249.67,0.1290,0.2053,0.0371,0.1906,0.0572,0.2346,0.0357,0.0943,0.2893,0.1041,0.1725,0.0376,0.2395,0.1232
1785424339.20,27,drive,1,1.5,15.0,40.753,25.14,249.67,0.1339,0.2053,0.0391,0.1872,0.0567,0.2312,0.0386,0.0929,0.2889,0.1051,0.1696,0.0381,0.2385,0.1212
1785424339.30,27,drive,2,1.5,15.0,40.753,25.14,249.67,0.1310,0.2053,0.0371,0.1887,0.0557,0.2331,0.0347,0.0914,0.2879,0.1031,0.1720,0.0391,0.2385,0.1227
1785424340.59,27,drive,0,2.0,15.0,40.753,25.14,249.67,0.1359,0.2072,0.0357,0.1931,0.0572,0.2307,0.0342,0.0934,0.2903,0.1046,0.1730,0.0376,0.2390,0.1246
1785424340.69,27,drive,1,2.0,15.0,40.753,25.14,249.67,0.1310,0.2019,0.0352,0.1921,0.0562,0.2322,0.0332,0.0943,0.2903,0.1036,0.1696,0.0367,0.2380,0.1217
1785424340.78,27,drive,2,2.0,15.0,40.753,25.14,249.67,0.1349,0.2048,0.0352,0.1911,0.0557,0.2307,0.0342,0.0934,0.2908,0.1026,0.1686,0.0396,0.2390,0.1246
1785424342.08,27,drive,0,2.5,15.0,40.753,25.14,249.67,0.1320,0.2028,0.0332,0.1926,0.0587,0.2346,0.0371,0.0963,0.2889,0.1041,0.1716,0.0381,0.2356,0.1217
1785424342.17,27,drive,1,2.5,15.0,40.753,25.14,249.67,0.1281,0.2053,0.0367,0.1896,0.0572,0.2302,0.0376,0.0958,0.2933,0.1041,0.1706,0.0386,0.2400,0.1241
1785424342.27,27,drive,2,2.5,15.0,40.753,25.14,249.67,0.1339,0.2053,0.0367,0.1935,0.0557,0.2317,0.0357,0.0914,0.2884,0.1036,0.1716,0.0376,0.2361,0.1212
1785424343.56,27,drive,0,3.0,15.0,40.753,25.14,249.67,0.1300,0.2082,0.0342,0.1882,0.0543,0.2317,0.0362,0.0958,0.2898,0.1046,0.1725,0.0367,0.2380,0.1197
1785424343.66,27,drive,1,3.0,15.0,40.753,25.14,249.67,0.1334,0.2053,0.0337,0.1896,0.0577,0.2312,0.0401,0.0929,0.2898,0.1046,0.1730,0.0376,0.2385,0.1237
1785424343.75,27,drive,2,3.0,15.0,40.753,25.14,249.67,0.1329,0.2028,0.0357,0.1896,0.0552,0.2302,0.0332,0.0948,0.2908,0.1041,0.1725,0.0386,0.2370,0.1237
1785424345.05,27,drive,0,3.5,15.0,40.753,25.14,249.67,0.1310,0.2053,0.0367,0.1887,0.0572,0.2317,0.0337,0.0953,0.2903,0.1061,0.1706,0.0381,0.2385,0.1232
1785424345.14,27,drive,1,3.5,15.0,40.753,25.14,249.67,0.1315,0.2048,0.0362,0.1887,0.0577,0.2292,0.0371,0.0904,0.2874,0.1031,0.1745,0.0386,0.2400,0.1241
1785424345.24,27,drive,2,3.5,15.0,40.753,25.14,249.67,0.1329,0.2067,0.0357,0.1891,0.0577,0.2322,0.0367,0.1007,0.2898,0.1070,0.1711,0.0367,0.2400,0.1241
1785424346.53,27,drive,0,4.0,15.0,40.753,25.14,249.67,0.1310,0.2053,0.0357,0.1901,0.0552,0.2331,0.0332,0.0943,0.2918,0.1075,0.1701,0.0386,0.2375,0.1222
1785424346.63,27,drive,1,4.0,15.0,40.753,25.14,249.67,0.1320,0.2043,0.0362,0.1901,0.0587,0.2307,0.0357,0.0938,0.2918,0.1017,0.1701,0.0381,0.2385,0.1217
1785424346.72,27,drive,2,4.0,15.0,40.753,25.14,249.67,0.1315,0.2111,0.0371,0.1891,0.0572,0.2341,0.0367,0.0948,0.2913,0.1036,0.1706,0.0362,0.2405,0.1222
1785424348.09,28,base,0,0.0,15.0,40.753,25.14,249.67,0.1315,0.2038,0.0362,0.1896,0.0552,0.2307,0.0347,0.0938,0.2893,0.1046,0.1696,0.0381,0.2395,0.1227
1785424348.19,28,base,1,0.0,15.0,40.753,25.14,249.67,0.1310,0.2038,0.0381,0.1877,0.0582,0.2322,0.0347,0.0953,0.2898,0.1022,0.1696,0.0386,0.2395,0.1212
1785424348.29,28,base,2,0.0,15.0,40.753,25.14,249.67,0.1334,0.2058,0.0362,0.1891,0.0587,0.2331,0.0357,0.0938,0.2889,0.1061,0.1711,0.0367,0.2361,0.1197
1785424349.58,28,drive,0,0.0,15.0,40.753,25.14,249.67,0.1300,0.2058,0.0367,0.1916,0.0557,0.2312,0.0381,0.0924,0.2903,0.1022,0.1681,0.0391,0.2419,0.1207
1785424349.67,28,drive,1,0.0,15.0,40.753,25.14,249.67,0.1339,0.2082,0.0371,0.1896,0.0577,0.2322,0.0376,0.0938,0.2889,0.1031,0.1730,0.0362,0.2375,0.1217
1785424349.77,28,drive,2,0.0,15.0,40.753,25.14,249.67,0.1315,0.2053,0.0362,0.1891,0.0557,0.2297,0.0347,0.0929,0.2918,0.1036,0.1696,0.0391,0.2410,0.1212
1785424351.06,28,drive,0,0.5,15.0,40.753,25.14,249.67,0.1315,0.2063,0.0342,0.1896,0.0557,0.2326,0.0367,0.0934,0.2898,0.1026,0.1716,0.0367,0.2375,0.1202
1785424351.16,28,drive,1,0.5,15.0,40.753,25.14,249.67,0.1310,0.2082,0.0352,0.1887,0.0547,0.2326,0.0362,0.0934,0.2893,0.1065,0.1696,0.0381,0.2385,0.1276
1785424351.26,28,drive,2,0.5,15.0,40.753,25.14,249.67,0.1329,0.2048,0.0342,0.1931,0.0582,0.2307,0.0371,0.0963,0.2889,0.1046,0.1691,0.0367,0.2380,0.1222
1785424352.55,28,drive,0,1.0,15.0,40.753,25.14,249.67,0.1329,0.2063,0.0386,0.1916,0.0552,0.2297,0.0357,0.0934,0.2898,0.1051,0.1706,0.0401,0.2414,0.1222
1785424352.65,28,drive,1,1.0,15.0,40.753,25.14,249.67,0.1344,0.2038,0.0352,0.1896,0.0582,0.2336,0.0337,0.0938,0.2903,0.1061,0.1711,0.0391,0.2366,0.1232
1785424352.74,28,drive,2,1.0,15.0,40.753,25.14,249.67,0.1290,0.2067,0.0376,0.1916,0.0552,0.2302,0.0347,0.0963,0.2879,0.1012,0.1706,0.0386,0.2390,0.1212
1785424354.03,28,drive,0,1.5,15.0,40.753,25.14,249.67,0.1329,0.2072,0.0332,0.1916,0.0562,0.2317,0.0342,0.0943,0.2884,0.1065,0.1725,0.0352,0.2385,0.1237
1785424354.13,28,drive,1,1.5,15.0,40.753,25.14,249.67,0.1320,0.2038,0.0391,0.1916,0.0572,0.2292,0.0376,0.0943,0.2918,0.1031,0.1716,0.0396,0.2400,0.1232
1785424354.23,28,drive,2,1.5,15.0,40.753,25.14,249.67,0.1329,0.2028,0.0386,0.1926,0.0552,0.2292,0.0386,0.0938,0.2913,0.1017,0.1716,0.0376,0.2414,0.1222
1785424355.52,28,drive,0,2.0,15.0,40.753,25.14,249.67,0.1300,0.2077,0.0347,0.1906,0.0547,0.2322,0.0352,0.0938,0.2884,0.1051,0.1735,0.0386,0.2390,0.1227
1785424355.62,28,drive,1,2.0,15.0,40.753,25.14,249.67,0.1325,0.2058,0.0362,0.1877,0.0587,0.2302,0.0376,0.0953,0.2933,0.1012,0.1701,0.0381,0.2380,0.1227
1785424355.71,28,drive,2,2.0,15.0,40.753,25.14,249.67,0.1290,0.2028,0.0357,0.1882,0.0552,0.2317,0.0357,0.0938,0.2908,0.1041,0.1725,0.0367,0.2419,0.1227
1785424357.00,28,drive,0,2.5,15.0,40.753,25.14,249.67,0.1315,0.2072,0.0347,0.1901,0.0572,0.2312,0.0352,0.0924,0.2908,0.1046,0.1691,0.0381,0.2390,0.1193
1785424357.10,28,drive,1,2.5,15.0,40.753,25.14,249.67,0.1290,0.2038,0.0371,0.1848,0.0543,0.2307,0.0357,0.0943,0.2918,0.1026,0.1706,0.0376,0.2410,0.1232
1785424357.20,28,drive,2,2.5,15.0,40.753,25.14,249.67,0.1339,0.2072,0.0347,0.1901,0.0572,0.2317,0.0371,0.0963,0.2903,0.1036,0.1716,0.0367,0.2370,0.1212
1785424358.49,28,drive,0,3.0,15.0,40.753,25.14,249.67,0.1320,0.2067,0.0347,0.1882,0.0552,0.2283,0.0386,0.0938,0.2874,0.1056,0.1691,0.0391,0.2385,0.1222
1785424358.58,28,drive,1,3.0,15.0,40.753,25.14,249.67,0.1305,0.2028,0.0357,0.1916,0.0552,0.2322,0.0352,0.0924,0.2898,0.1041,0.1725,0.0381,0.2390,0.1232
1785424358.68,28,drive,2,3.0,15.0,40.753,25.14,249.67,0.1290,0.2053,0.0371,0.1916,0.0567,0.2302,0.0337,0.0953,0.2903,0.1041,0.1706,0.0391,0.2405,0.1222
1785424359.97,28,drive,0,3.5,15.0,40.753,25.14,249.67,0.1310,0.2033,0.0362,0.1901,0.0552,0.2307,0.0342,0.0938,0.2918,0.1036,0.1735,0.0391,0.2370,0.1237
1785424360.07,28,drive,1,3.5,15.0,40.753,25.14,249.67,0.1315,0.2053,0.0352,0.1862,0.0552,0.2322,0.0367,0.0919,0.2942,0.1046,0.1730,0.0391,0.2380,0.1212
1785424360.17,28,drive,2,3.5,15.0,40.753,25.14,249.67,0.1310,0.2077,0.0357,0.1911,0.0582,0.2297,0.0347,0.0948,0.2889,0.1026,0.1701,0.0381,0.2395,0.1232
1785424361.46,28,drive,0,4.0,15.0,40.753,25.14,249.67,0.1320,0.2038,0.0386,0.1882,0.0557,0.2292,0.0381,0.0934,0.2913,0.1056,0.1716,0.0386,0.2405,0.1227
1785424361.55,28,drive,1,4.0,15.0,40.753,25.14,249.67,0.1300,0.2038,0.0386,0.1891,0.0557,0.2322,0.0371,0.0938,0.2918,0.1051,0.1686,0.0362,0.2390,0.1232
1785424361.65,28,drive,2,4.0,15.0,40.753,25.14,249.67,0.1305,0.2067,0.0357,0.1882,0.0567,0.2297,0.0347,0.0934,0.2923,0.1046,0.1691,0.0362,0.2419,0.1202
1785424363.01,29,base,0,0.0,15.0,40.733,25.14,249.68,0.1320,0.2033,0.0337,0.1867,0.0582,0.2287,0.0332,0.0924,0.2913,0.1046,0.1701,0.0371,0.2356,0.1237
1785424363.11,29,base,1,0.0,15.0,40.733,25.14,249.68,0.1315,0.2009,0.0396,0.1882,0.0572,0.2317,0.0362,0.0953,0.2903,0.1022,0.1711,0.0406,0.2390,0.1237
1785424363.21,29,base,2,0.0,15.0,40.733,25.14,249.68,0.1339,0.2043,0.0362,0.1887,0.0582,0.2312,0.0371,0.0948,0.2918,0.1036,0.1711,0.0386,0.2395,0.1222
1785424364.50,29,drive,0,0.0,15.0,40.733,25.14,249.68,0.1285,0.2048,0.0357,0.1882,0.0572,0.2312,0.0381,0.0938,0.2864,0.1065,0.1730,0.0381,0.2385,0.1207
1785424364.60,29,drive,1,0.0,15.0,40.733,25.14,249.68,0.1315,0.2072,0.0386,0.1877,0.0577,0.2317,0.0327,0.0914,0.2893,0.1056,0.1696,0.0367,0.2390,0.1202
1785424364.69,29,drive,2,0.0,15.0,40.733,25.14,249.68,0.1339,0.2067,0.0332,0.1882,0.0591,0.2287,0.0347,0.0948,0.2918,0.1031,0.1706,0.0371,0.2414,0.1207
1785424365.99,29,drive,0,0.5,15.0,40.733,25.14,249.68,0.1305,0.2063,0.0371,0.1891,0.0567,0.2297,0.0357,0.0943,0.2879,0.1056,0.1740,0.0401,0.2385,0.1197
1785424366.08,29,drive,1,0.5,15.0,40.733,25.14,249.68,0.1325,0.2023,0.0367,0.1891,0.0543,0.2292,0.0371,0.0963,0.2884,0.1031,0.1701,0.0367,0.2410,0.1237
1785424366.18,29,drive,2,0.5,15.0,40.733,25.14,249.68,0.1310,0.2067,0.0362,0.1877,0.0543,0.2268,0.0362,0.0948,0.2908,0.1036,0.1706,0.0357,0.2385,0.1237
1785424367.47,29,drive,0,1.0,15.0,40.733,25.14,249.68,0.1320,0.2063,0.0357,0.1857,0.0582,0.2302,0.0362,0.0938,0.2908,0.1036,0.1730,0.0367,0.2375,0.1217
1785424367.57,29,drive,1,1.0,15.0,40.733,25.14,249.68,0.1325,0.2067,0.0381,0.1891,0.0577,0.2292,0.0367,0.0948,0.2893,0.1061,0.1716,0.0401,0.2405,0.1212
1785424367.66,29,drive,2,1.0,15.0,40.733,25.14,249.68,0.1329,0.2058,0.0332,0.1872,0.0591,0.2307,0.0381,0.0934,0.2923,0.1056,0.1701,0.0386,0.2395,0.1222
1785424368.96,29,drive,0,1.5,15.0,40.733,25.14,249.68,0.1339,0.2063,0.0357,0.1867,0.0547,0.2287,0.0381,0.0924,0.2913,0.1046,0.1730,0.0406,0.2405,0.1222
1785424369.06,29,drive,1,1.5,15.0,40.733,25.14,249.68,0.1281,0.2053,0.0376,0.1891,0.0547,0.2287,0.0352,0.0948,0.2913,0.1061,0.1720,0.0396,0.2410,0.1212
1785424369.15,29,drive,2,1.5,15.0,40.733,25.14,249.68,0.1310,0.2028,0.0391,0.1916,0.0547,0.2302,0.0362,0.0943,0.2903,0.1046,0.1706,0.0396,0.2400,0.1217
1785424370.45,29,drive,0,2.0,15.0,40.733,25.14,249.68,0.1315,0.2063,0.0376,0.1857,0.0577,0.2278,0.0342,0.0943,0.2903,0.1041,0.1725,0.0371,0.2410,0.1202
1785424370.54,29,drive,1,2.0,15.0,40.733,25.14,249.68,0.1315,0.2038,0.0342,0.1877,0.0572,0.2302,0.0352,0.0924,0.2908,0.1065,0.1716,0.0396,0.2395,0.1246
1785424370.64,29,drive,2,2.0,15.0,40.733,25.14,249.68,0.1285,0.1975,0.0352,0.1891,0.0562,0.2302,0.0371,0.0934,0.2908,0.1061,0.1760,0.0371,0.2400,0.1241
1785424371.93,29,drive,0,2.5,15.0,40.733,25.14,249.68,0.1310,0.2038,0.0347,0.1877,0.0552,0.2292,0.0357,0.0973,0.2942,0.1041,0.1730,0.0406,0.2395,0.1217
1785424372.02,29,drive,1,2.5,15.0,40.733,25.14,249.68,0.1305,0.2063,0.0362,0.1857,0.0577,0.2287,0.0367,0.0924,0.2903,0.1056,0.1706,0.0381,0.2405,0.1222
1785424372.12,29,drive,2,2.5,15.0,40.733,25.14,249.68,0.1329,0.2038,0.0371,0.1862,0.0582,0.2297,0.0347,0.0953,0.2923,0.1041,0.1720,0.0386,0.2400,0.1256
1785424373.42,29,drive,0,3.0,15.0,40.733,25.14,249.68,0.1334,0.2063,0.0332,0.1872,0.0557,0.2302,0.0337,0.0934,0.2923,0.1075,0.1730,0.0376,0.2390,0.1232
1785424373.51,29,drive,1,3.0,15.0,40.733,25.14,249.68,0.1329,0.2058,0.0381,0.1901,0.0567,0.2253,0.0386,0.0948,0.2928,0.1041,0.1706,0.0381,0.2414,0.1232
1785424373.61,29,drive,2,3.0,15.0,40.733,25.14,249.68,0.1325,0.2038,0.0376,0.1896,0.0557,0.2268,0.0362,0.0938,0.2898,0.1041,0.1720,0.0391,0.2410,0.1227
1785424374.90,29,drive,0,3.5,15.0,40.733,25.14,249.68,0.1310,0.2048,0.0371,0.1882,0.0538,0.2292,0.0367,0.0953,0.2923,0.1065,0.1711,0.0381,0.2414,0.1212
1785424375.00,29,drive,1,3.5,15.0,40.733,25.14,249.68,0.1315,0.2023,0.0376,0.1891,0.0562,0.2297,0.0352,0.0929,0.2942,0.1041,0.1706,0.0391,0.2390,0.1241
1785424375.10,29,drive,2,3.5,15.0,40.733,25.14,249.68,0.1310,0.2038,0.0381,0.1891,0.0577,0.2297,0.0381,0.0953,0.2884,0.1046,0.1735,0.0367,0.2410,0.1227
1785424376.39,29,drive,0,4.0,15.0,40.733,25.14,249.68,0.1315,0.2048,0.0357,0.1882,0.0577,0.2268,0.0337,0.0982,0.2918,0.1026,0.1725,0.0391,0.2400,0.1237
1785424376.49,29,drive,1,4.0,15.0,40.733,25.14,249.68,0.1305,0.2048,0.0313,0.1896,0.0562,0.2268,0.0342,0.0953,0.2889,0.1056,0.1706,0.0391,0.2400,0.1217
1785424376.59,29,drive,2,4.0,15.0,40.733,25.14,249.68,0.1320,0.2048,0.0357,0.1862,0.0547,0.2302,0.0406,0.0958,0.2913,0.1065,0.1745,0.0376,0.2385,0.1222
1785424377.95,30,base,0,0.0,15.0,40.733,25.14,249.68,0.1349,0.2067,0.0352,0.1862,0.0557,0.2302,0.0347,0.0958,0.2923,0.1065,0.1720,0.0406,0.2390,0.1227
1785424378.05,30,base,1,0.0,15.0,40.733,25.14,249.68,0.1325,0.2053,0.0332,0.1882,0.0552,0.2283,0.0367,0.0929,0.2923,0.1051,0.1755,0.0401,0.2414,0.1227
1785424378.14,30,base,2,0.0,15.0,40.733,25.14,249.68,0.1349,0.2023,0.0367,0.1896,0.0562,0.2283,0.0332,0.0934,0.2928,0.1061,0.1735,0.0386,0.2400,0.1227
1785424379.44,30,drive,0,0.0,15.0,40.733,25.14,249.68,0.1310,0.2023,0.0362,0.1887,0.0567,0.2273,0.0362,0.0948,0.2947,0.1051,0.1696,0.0401,0.2410,0.1207
1785424379.53,30,drive,1,0.0,15.0,40.733,25.14,249.68,0.1344,0.2048,0.0362,0.1891,0.0547,0.2297,0.0342,0.0943,0.2923,0.1046,0.1720,0.0391,0.2405,0.1183
1785424379.63,30,drive,2,0.0,15.0,40.733,25.14,249.68,0.1329,0.2063,0.0376,0.1872,0.0557,0.2278,0.0357,0.0919,0.2898,0.1031,0.1711,0.0391,0.2419,0.1246
1785424380.93,30,drive,0,0.5,15.0,40.733,25.14,249.68,0.1344,0.2038,0.0352,0.1911,0.0562,0.2307,0.0352,0.0938,0.2898,0.1061,0.1730,0.0386,0.2400,0.1232
1785424381.02,30,drive,1,0.5,15.0,40.733,25.14,249.68,0.1359,0.2048,0.0332,0.1857,0.0562,0.2287,0.0347,0.0924,0.2928,0.1070,0.1725,0.0371,0.2405,0.1222
1785424381.12,30,drive,2,0.5,15.0,40.733,25.14,249.68,0.1285,0.2038,0.0376,0.1857,0.0543,0.2302,0.0376,0.0958,0.2908,0.1056,0.1720,0.0376,0.2400,0.1217
1785424382.41,30,drive,0,1.0,15.0,40.733,25.14,249.68,0.1329,0.2043,0.0347,0.1916,0.0533,0.2292,0.0362,0.0938,0.2923,0.1061,0.1706,0.0391,0.2400,0.1232
1785424382.51,30,drive,1,1.0,15.0,40.733,25.14,249.68,0.1344,0.2023,0.0362,0.1882,0.0533,0.2292,0.0332,0.0938,0.2908,0.1056,0.1740,0.0371,0.2390,0.1232
1785424382.61,30,drive,2,1.0,15.0,40.733,25.14,249.68,0.1310,0.2053,0.0367,0.1857,0.0572,0.2287,0.0352,0.0958,0.2937,0.1056,0.1735,0.0371,0.2395,0.1207
1785424383.90,30,drive,0,1.5,15.0,40.733,25.14,249.68,0.1315,0.2019,0.0376,0.1887,0.0562,0.2263,0.0362,0.0958,0.2923,0.1007,0.1711,0.0381,0.2414,0.1227
1785424384.00,30,drive,1,1.5,15.0,40.733,25.14,249.68,0.1305,0.2053,0.0352,0.1896,0.0557,0.2326,0.0357,0.0929,0.2893,0.1075,0.1725,0.0352,0.2395,0.1212
1785424384.09,30,drive,2,1.5,15.0,40.733,25.14,249.68,0.1329,0.2038,0.0376,0.1896,0.0543,0.2297,0.0332,0.0934,0.2913,0.1090,0.1735,0.0386,0.2400,0.1222
1785424385.39,30,drive,0,2.0,15.0,40.733,25.14,249.68,0.1300,0.2028,0.0337,0.1857,0.0562,0.2312,0.0362,0.0963,0.2942,0.1061,0.1706,0.0411,0.2390,0.1232
1785424385.48,30,drive,1,2.0,15.0,40.733,25.14,249.68,0.1315,0.2019,0.0381,0.1872,0.0552,0.2273,0.0332,0.0953,0.2889,0.1046,0.1706,0.0396,0.2405,0.1207
1785424385.58,30,drive,2,2.0,15.0,40.733,25.14,249.68,0.1325,0.2009,0.0352,0.1882,0.0538,0.2302,0.0347,0.0929,0.2928,0.1041,0.1740,0.0381,0.2400,0.1232
1785424386.96,30,drive,0,2.5,15.0,40.733,25.14,249.68,0.1329,0.2023,0.0371,0.1872,0.0533,0.2307,0.0342,0.0948,0.2913,0.1075,0.1691,0.0371,0.2395,0.1251
1785424387.06,30,drive,1,2.5,15.0,40.733,25.14,249.68,0.1305,0.2043,0.0362,0.1896,0.0562,0.2317,0.0367,0.0938,0.2937,0.1031,0.1696,0.0362,0.2400,0.1207
1785424387.15,30,drive,2,2.5,15.0,40.733,25.14,249.68,0.1334,0.2043,0.0376,0.1891,0.0557,0.2287,0.0342,0.0948,0.2908,0.1056,0.1720,0.0371,0.2390,0.1261
1785424388.53,30,drive,0,3.0,15.0,40.733,25.14,249.68,0.1315,0.2033,0.0381,0.1887,0.0543,0.2268,0.0367,0.0904,0.2903,0.1061,0.1691,0.0371,0.2419,0.1217
1785424388.63,30,drive,1,3.0,15.0,40.733,25.14,249.68,0.1329,0.2053,0.0362,0.1843,0.0567,0.2273,0.0391,0.0948,0.2913,0.1051,0.1730,0.0401,0.2414,0.1237
1785424388.73,30,drive,2,3.0,15.0,40.733,25.14,249.68,0.1329,0.2028,0.0342,0.1867,0.0572,0.2258,0.0381,0.0948,0.2923,0.1065,0.1720,0.0362,0.2385,0.1237
1785424390.04,30,drive,0,3.5,15.0,40.733,25.14,249.68,0.1339,0.2038,0.0367,0.1891,0.0528,0.2263,0.0352,0.0953,0.2908,0.1036,0.1720,0.0386,0.2414,0.1207
1785424390.14,30,drive,1,3.5,15.0,40.733,25.14,249.68,0.1300,0.2023,0.0357,0.1911,0.0547,0.2287,0.0357,0.0953,0.2889,0.1046,0.1740,0.0396,0.2366,0.1227
1785424390.23,30,drive,2,3.5,15.0,40.733,25.14,249.68,0.1305,0.2023,0.0352,0.1872,0.0562,0.2283,0.0342,0.0968,0.2933,0.1046,0.1711,0.0391,0.2439,0.1237
1785424391.88,30,drive,0,4.0,15.0,40.733,25.14,249.68,0.1315,0.2014,0.0376,0.1891,0.0567,0.2283,0.0376,0.0953,0.2884,0.1041,0.1696,0.0376,0.2419,0.1237
1785424392.02,30,drive,1,4.0,15.0,40.733,25.14,249.68,0.1320,0.2019,0.0337,0.1872,0.0567,0.2273,0.0347,0.0982,0.2923,0.1031,0.1730,0.0381,0.2380,0.1241
1785424392.17,30,drive,2,4.0,15.0,40.733,25.14,249.68,0.1329,0.2004,0.0362,0.1857,0.0538,0.2322,0.0342,0.0963,0.2937,0.1065,0.1730,0.0391,0.2410,0.1217
1785424393.74,31,base,0,0.0,15.0,40.753,25.14,249.68,0.1305,0.2038,0.0367,0.1882,0.0552,0.2273,0.0357,0.0914,0.2913,0.1061,0.1755,0.0371,0.2395,0.1237
1785424393.84,31,base,1,0.0,15.0,40.753,25.14,249.68,0.1295,0.2048,0.0376,0.1862,0.0572,0.2273,0.0342,0.0938,0.2923,0.1051,0.1725,0.0386,0.2410,0.1217
1785424393.94,31,base,2,0.0,15.0,40.753,25.14,249.68,0.1325,0.2043,0.0376,0.1877,0.0538,0.2263,0.0362,0.0934,0.2937,0.1046,0.1706,0.0386,0.2405,0.1207
1785424395.30,31,drive,0,0.0,15.0,40.753,25.14,249.68,0.1315,0.2033,0.0386,0.1887,0.0547,0.2258,0.0347,0.0948,0.2913,0.1036,0.1740,0.0396,0.2410,0.1227
1785424395.40,31,drive,1,0.0,15.0,40.753,25.14,249.68,0.1310,0.2038,0.0367,0.1857,0.0547,0.2268,0.0352,0.0938,0.2937,0.1056,0.1720,0.0401,0.2419,0.1202
1785424395.50,31,drive,2,0.0,15.0,40.753,25.14,249.68,0.1285,0.2023,0.0362,0.1891,0.0547,0.2253,0.0362,0.0934,0.2933,0.1026,0.1716,0.0386,0.2395,0.1217
1785424396.95,31,drive,0,0.5,15.0,40.753,25.14,249.68,0.1315,0.2014,0.0367,0.1872,0.0567,0.2273,0.0362,0.0953,0.2928,0.1046,0.1730,0.0376,0.2380,0.1202
1785424397.04,31,drive,1,0.5,15.0,40.753,25.14,249.68,0.1334,0.2014,0.0337,0.1877,0.0552,0.2287,0.0357,0.0934,0.2942,0.1051,0.1730,0.0357,0.2414,0.1212
1785424397.14,31,drive,2,0.5,15.0,40.753,25.14,249.68,0.1290,0.2048,0.0376,0.1882,0.0547,0.2263,0.0391,0.0934,0.2908,0.1041,0.1720,0.0386,0.2419,0.1207
1785424398.43,31,drive,0,1.0,15.0,40.753,25.14,249.68,0.1315,0.2028,0.0362,0.1896,0.0538,0.2263,0.0362,0.0968,0.2923,0.1061,0.1750,0.0396,0.2400,0.1222
1785424398.53,31,drive,1,1.0,15.0,40.753,25.14,249.68,0.1305,0.2028,0.0362,0.1887,0.0567,0.2292,0.0357,0.0938,0.2928,0.1036,0.1745,0.0376,0.2375,0.1237
1785424398.63,31,drive,2,1.0,15.0,40.753,25.14,249.68,0.1271,0.2014,0.0347,0.1857,0.0557,0.2287,0.0386,0.0938,0.2928,0.1061,0.1740,0.0376,0.2405,0.1217
1785424399.92,31,drive,0,1.5,15.0,40.753,25.14,249.68,0.1329,0.1999,0.0352,0.1862,0.0572,0.2273,0.0323,0.0924,0.2952,0.1085,0.1725,0.0371,0.2405,0.1227
1785424400.02,31,drive,1,1.5,15.0,40.753,25.14,249.68,0.1295,0.2004,0.0391,0.1852,0.0587,0.2278,0.0371,0.0924,0.2928,0.1065,0.1735,0.0376,0.2410,0.1237
1785424400.12,31,drive,2,1.5,15.0,40.753,25.14,249.68,0.1315,0.2023,0.0381,0.1882,0.0543,0.2283,0.0367,0.0953,0.2903,0.1065,0.1720,0.0386,0.2410,0.1193
1785424401.41,31,drive,0,2.0,15.0,40.753,25.14,249.68,0.1320,0.2033,0.0381,0.1833,0.0543,0.2278,0.0352,0.0943,0.2933,0.1026,0.1716,0.0386,0.2410,0.1207
1785424401.50,31,drive,1,2.0,15.0,40.753,25.14,249.68,0.1281,0.2033,0.0367,0.1877,0.0547,0.2263,0.0367,0.0938,0.2918,0.1046,0.1730,0.0371,0.2380,0.1222
1785424401.60,31,drive,2,2.0,15.0,40.753,25.14,249.68,0.1325,0.2028,0.0352,0.1857,0.0562,0.2278,0.0371,0.0934,0.2918,0.1070,0.1730,0.0357,0.2414,0.1232
1785424402.89,31,drive,0,2.5,15.0,40.753,25.14,249.68,0.1295,0.2014,0.0362,0.1882,0.0577,0.2258,0.0342,0.0948,0.2928,0.1046,0.1725,0.0396,0.2400,0.1217
1785424402.99,31,drive,1,2.5,15.0,40.753,25.14,249.68,0.1315,0.2053,0.0352,0.1852,0.0587,0.2287,0.0381,0.0953,0.2913,0.1041,0.1745,0.0406,0.2395,0.1178
1785424403.09,31,drive,2,2.5,15.0,40.753,25.14,249.68,0.1320,0.2053,0.0362,0.1862,0.0577,0.2273,0.0337,0.0958,0.2903,0.1041,0.1730,0.0386,0.2400,0.1202
1785424404.38,31,drive,0,3.0,15.0,40.753,25.14,249.68,0.1300,0.1994,0.0362,0.1896,0.0528,0.2283,0.0347,0.0948,0.2923,0.1051,0.1711,0.0376,0.2429,0.1246
1785424404.47,31,drive,1,3.0,15.0,40.753,25.14,249.68,0.1320,0.2019,0.0367,0.1867,0.0572,0.2258,0.0376,0.0943,0.2898,0.1070,0.1740,0.0352,0.2400,0.1202
1785424404.57,31,drive,2,3.0,15.0,40.753,25.14,249.68,0.1315,0.2043,0.0347,0.1862,0.0557,0.2273,0.0357,0.0943,0.2903,0.1046,0.1730,0.0386,0.2405,0.1217
1785424405.87,31,drive,0,3.5,15.0,40.753,25.14,249.68,0.1295,0.2023,0.0381,0.1882,0.0543,0.2253,0.0362,0.0958,0.2913,0.1051,0.1740,0.0391,0.2395,0.1197
1785424405.96,31,drive,1,3.5,15.0,40.753,25.14,249.68,0.1285,0.2028,0.0367,0.1852,0.0577,0.2292,0.0357,0.0934,0.2933,0.1056,0.1716,0.0371,0.2395,0.1222
1785424406.06,31,drive,2,3.5,15.0,40.753,25.14,249.68,0.1300,0.2019,0.0367,0.1872,0.0567,0.2263,0.0352,0.0953,0.2937,0.1022,0.1725,0.0367,0.2390,0.1207
1785424407.35,31,drive,0,4.0,15.0,40.753,25.14,249.68,0.1334,0.2019,0.0396,0.1838,0.0552,0.2273,0.0371,0.0958,0.2928,0.1031,0.1716,0.0381,0.2405,0.1193
1785424407.45,31,drive,1,4.0,15.0,40.753,25.14,249.68,0.1295,0.2028,0.0376,0.1891,0.0562,0.2253,0.0342,0.0934,0.2933,0.1041,0.1711,0.0411,0.2395,0.1237
1785424407.54,31,drive,2,4.0,15.0,40.753,25.14,249.68,0.1310,0.2023,0.0376,0.1862,0.0582,0.2273,0.0337,0.0963,0.2957,0.1036,0.1706,0.0376,0.2385,0.1197
1785424408.91,32,base,0,0.0,15.0,40.713,25.14,249.68,0.1320,0.2009,0.0337,0.1833,0.0552,0.2278,0.0352,0.0934,0.2918,0.1065,0.1716,0.0357,0.2380,0.1202
1785424409.01,32,base,1,0.0,15.0,40.713,25.14,249.68,0.1339,0.2028,0.0357,0.1872,0.0543,0.2283,0.0367,0.0948,0.2903,0.1046,0.1716,0.0376,0.2400,0.1183
1785424409.10,32,base,2,0.0,15.0,40.713,25.14,249.68,0.1320,0.2038,0.0337,0.1838,0.0567,0.2253,0.0332,0.0943,0.2947,0.1085,0.1730,0.0362,0.2405,0.1202
1785424410.40,32,drive,0,0.0,15.0,40.713,25.14,249.68,0.1290,0.2009,0.0357,0.1862,0.0577,0.2278,0.0332,0.0958,0.2923,0.1041,0.1730,0.0376,0.2395,0.1217
1785424410.49,32,drive,1,0.0,15.0,40.713,25.14,249.68,0.1334,0.1989,0.0367,0.1867,0.0557,0.2283,0.0362,0.0948,0.2918,0.1056,0.1735,0.0386,0.2414,0.1222
1785424410.59,32,drive,2,0.0,15.0,40.713,25.14,249.68,0.1325,0.2019,0.0362,0.1838,0.0538,0.2253,0.0357,0.0943,0.2908,0.1017,0.1740,0.0371,0.2375,0.1232
1785424411.88,32,drive,0,0.5,15.0,40.713,25.14,249.68,0.1320,0.1994,0.0332,0.1882,0.0552,0.2278,0.0357,0.0963,0.2913,0.1070,0.1735,0.0376,0.2395,0.1212
1785424411.98,32,drive,1,0.5,15.0,40.713,25.14,249.68,0.1315,0.2033,0.0347,0.1848,0.0552,0.2292,0.0357,0.0943,0.2937,0.1041,0.1720,0.0371,0.2410,0.1222
1785424412.08,32,drive,2,0.5,15.0,40.713,25.14,249.68,0.1300,0.1994,0.0367,0.1857,0.0572,0.2253,0.0371,0.0978,0.2913,0.1036,0.1725,0.0406,0.2390,0.1217
1785424413.37,32,drive,0,1.0,15.0,40.713,25.14,249.68,0.1320,0.2004,0.0352,0.1887,0.0582,0.2268,0.0357,0.0948,0.2942,0.1051,0.1735,0.0376,0.2390,0.1212
1785424413.47,32,drive,1,1.0,15.0,40.713,25.14,249.68,0.1329,0.2019,0.0337,0.1862,0.0562,0.2258,0.0362,0.0953,0.2918,0.1061,0.1725,0.0381,0.2375,0.1222
1785424413.56,32,drive,2,1.0,15.0,40.713,25.14,249.68,0.1295,0.2033,0.0303,0.1823,0.0587,0.2268,0.0347,0.0963,0.2928,0.1022,0.1735,0.0391,0.2366,0.1222
1785424414.86,32,drive,0,1.5,15.0,40.713,25.14,249.68,0.1305,0.2004,0.0347,0.1877,0.0587,0.2263,0.0352,0.0948,0.2918,0.1046,0.1720,0.0376,0.2419,0.1217
1785424414.95,32,drive,1,1.5,15.0,40.713,25.14,249.68,0.1295,0.1999,0.0357,0.1867,0.0543,0.2253,0.0371,0.0948,0.2903,0.1026,0.1725,0.0386,0.2414,0.1207
1785424415.05,32,drive,2,1.5,15.0,40.713,25.14,249.68,0.1295,0.2009,0.0362,0.1862,0.0547,0.2297,0.0347,0.0948,0.2937,0.1065,0.1720,0.0381,0.2361,0.1207
1785424416.34,32,drive,0,2.0,15.0,40.713,25.14,249.68,0.1320,0.1994,0.0371,0.1843,0.0533,0.2239,0.0362,0.0938,0.2918,0.1036,0.1716,0.0391,0.2410,0.1202
1785424416.44,32,drive,1,2.0,15.0,40.713,25.14,249.68,0.1305,0.2014,0.0376,0.1852,0.0547,0.2292,0.0357,0.0953,0.2937,0.1041,0.1745,0.0401,0.2385,0.1193
1785424416.54,32,drive,2,2.0,15.0,40.713,25.14,249.68,0.1329,0.2028,0.0367,0.1872,0.0567,0.2278,0.0357,0.0948,0.2937,0.1046,0.1740,0.0396,0.2375,0.1222
1785424417.83,32,drive,0,2.5,15.0,40.713,25.14,249.68,0.1305,0.1999,0.0376,0.1877,0.0552,0.2258,0.0352,0.0929,0.2908,0.1056,0.1725,0.0376,0.2405,0.1232
1785424417.92,32,drive,1,2.5,15.0,40.713,25.14,249.68,0.1310,0.1970,0.0391,0.1848,0.0582,0.2263,0.0376,0.0958,0.2918,0.1022,0.1745,0.0371,0.2375,0.1222
1785424418.02,32,drive,2,2.5,15.0,40.713,25.14,249.68,0.1295,0.1989,0.0357,0.1857,0.0557,0.2258,0.0376,0.0953,0.2933,0.1061,0.1779,0.0362,0.2375,0.1232
1785424419.32,32,drive,0,3.0,15.0,40.713,25.14,249.68,0.1320,0.2019,0.0362,0.1872,0.0567,0.2273,0.0337,0.0929,0.2942,0.1046,0.1730,0.0347,0.2410,0.1207
1785424419.41,32,drive,1,3.0,15.0,40.713,25.14,249.68,0.1320,0.2028,0.0347,0.1872,0.0567,0.2278,0.0347,0.0948,0.2913,0.1036,0.1720,0.0396,0.2390,0.1207
1785424419.51,32,drive,2,3.0,15.0,40.713,25.14,249.68,0.1295,0.1994,0.0362,0.1848,0.0552,0.2278,0.0332,0.0919,0.2937,0.1061,0.1730,0.0371,0.2385,0.1217
1785424420.80,32,drive,0,3.5,15.0,40.713,25.14,249.68,0.1295,0.2019,0.0352,0.1867,0.0543,0.2258,0.0342,0.0953,0.2937,0.1036,0.1730,0.0376,0.2390,0.1241
1785424420.90,32,drive,1,3.5,15.0,40.713,25.14,249.68,0.1310,0.2004,0.0347,0.1867,0.0582,0.2263,0.0342,0.0973,0.2898,0.1080,0.1745,0.0357,0.2400,0.1227
1785424421.00,32,drive,2,3.5,15.0,40.713,25.14,249.68,0.1334,0.2019,0.0386,0.1857,0.0567,0.2283,0.0352,0.0963,0.2947,0.1061,0.1745,0.0357,0.2375,0.1227
1785424422.29,32,drive,0,4.0,15.0,40.713,25.14,249.68,0.1281,0.2014,0.0362,0.1872,0.0562,0.2263,0.0362,0.0953,0.2933,0.1075,0.1745,0.0362,0.2395,0.1241
1785424422.39,32,drive,1,4.0,15.0,40.713,25.14,249.68,0.1344,0.1999,0.0376,0.1872,0.0547,0.2268,0.0332,0.0987,0.2913,0.1036,0.1725,0.0386,0.2385,0.1212
1785424422.49,32,drive,2,4.0,15.0,40.713,25.14,249.68,0.1320,0.2028,0.0376,0.1857,0.0562,0.2243,0.0367,0.0943,0.2933,0.1046,0.1716,0.0376,0.2419,0.1241
1785424423.85,33,base,0,0.0,15.0,40.733,25.14,249.68,0.1325,0.2009,0.0332,0.1901,0.0577,0.2263,0.0367,0.0978,0.2928,0.1061,0.1730,0.0381,0.2419,0.1251
1785424423.95,33,base,1,0.0,15.0,40.733,25.14,249.68,0.1310,0.2043,0.0367,0.1887,0.0528,0.2268,0.0337,0.0973,0.2908,0.1061,0.1760,0.0406,0.2414,0.1227
1785424424.04,33,base,2,0.0,15.0,40.733,25.14,249.68,0.1285,0.2028,0.0332,0.1867,0.0552,0.2287,0.0352,0.0963,0.2942,0.1056,0.1716,0.0396,0.2405,0.1212
1785424425.34,33,drive,0,0.0,15.0,40.733,25.14,249.68,0.1300,0.2038,0.0381,0.1862,0.0572,0.2258,0.0347,0.0948,0.2937,0.1061,0.1725,0.0376,0.2419,0.1227
1785424425.43,33,drive,1,0.0,15.0,40.733,25.14,249.68,0.1334,0.2019,0.0367,0.1857,0.0572,0.2258,0.0352,0.0938,0.2933,0.1041,0.1720,0.0376,0.2405,0.1232
1785424425.53,33,drive,2,0.0,15.0,40.733,25.14,249.68,0.1295,0.1994,0.0371,0.1867,0.0567,0.2248,0.0357,0.0919,0.2933,0.1036,0.1716,0.0386,0.2405,0.1207
1785424426.82,33,drive,0,0.5,15.0,40.733,25.14,249.68,0.1300,0.1999,0.0342,0.1857,0.0572,0.2263,0.0357,0.0973,0.2928,0.1051,0.1730,0.0386,0.2410,0.1217
1785424426.92,33,drive,1,0.5,15.0,40.733,25.14,249.68,0.1334,0.2033,0.0362,0.1852,0.0587,0.2258,0.0303,0.0958,0.2942,0.1051,0.1701,0.0396,0.2405,0.1246
1785424427.02,33,drive,2,0.5,15.0,40.733,25.14,249.68,0.1305,0.2014,0.0342,0.1848,0.0538,0.2263,0.0357,0.0958,0.2923,0.1031,0.1740,0.0386,0.2414,0.1212
1785424428.31,33,drive,0,1.0,15.0,40.733,25.14,249.68,0.1315,0.1979,0.0391,0.1891,0.0533,0.2273,0.0362,0.0968,0.2923,0.1070,0.1716,0.0386,0.2395,0.1227
1785424428.40,33,drive,1,1.0,15.0,40.733,25.14,249.68,0.1320,0.1999,0.0362,0.1867,0.0577,0.2268,0.0367,0.0963,0.2947,0.1046,0.1740,0.0381,0.2380,0.1232
1785424428.50,33,drive,2,1.0,15.0,40.733,25.14,249.68,0.1290,0.1999,0.0352,0.1862,0.0577,0.2243,0.0347,0.0978,0.2918,0.1002,0.1716,0.0381,0.2400,0.1168
1785424429.80,33,drive,0,1.5,15.0,40.733,25.14,249.68,0.1325,0.2004,0.0342,0.1901,0.0577,0.2273,0.0357,0.0953,0.2918,0.1051,0.1750,0.0386,0.2395,0.1222
1785424429.89,33,drive,1,1.5,15.0,40.733,25.14,249.68,0.1295,0.1999,0.0337,0.1887,0.0587,0.2258,0.0352,0.0953,0.2913,0.1031,0.1711,0.0367,0.2395,0.1246
1785424429.99,33,drive,2,1.5,15.0,40.733,25.14,249.68,0.1310,0.2019,0.0367,0.1891,0.0567,0.2268,0.0347,0.0948,0.2923,0.1031,0.1725,0.0386,0.2424,0.1212
1785424431.28,33,drive,0,2.0,15.0,40.733,25.14,249.68,0.1300,0.1994,0.0342,0.1867,0.0557,0.2248,0.0367,0.0958,0.2937,0.1065,0.1716,0.0415,0.2390,0.1202
1785424431.38,33,drive,1,2.0,15.0,40.733,25.14,249.68,0.1295,0.1975,0.0371,0.1852,0.0552,0.2273,0.0352,0.0953,0.2923,0.1046,0.1701,0.0386,0.2390,0.1207
1785424431.48,33,drive,2,2.0,15.0,40.733,25.14,249.68,0.1329,0.1979,0.0347,0.1843,0.0567,0.2248,0.0332,0.0924,0.2957,0.1075,0.1725,0.0371,0.2395,0.1237
1785424432.77,33,drive,0,2.5,15.0,40.733,25.14,249.68,0.1310,0.1979,0.0357,0.1882,0.0562,0.2278,0.0367,0.0938,0.2933,0.1061,0.1711,0.0376,0.2380,0.1212
1785424432.87,33,drive,1,2.5,15.0,40.733,25.14,249.68,0.1285,0.1970,0.0376,0.1887,0.0543,0.2248,0.0327,0.0948,0.2933,0.1036,0.1725,0.0357,0.2414,0.1251
1785424432.97,33,drive,2,2.5,15.0,40.733,25.14,249.68,0.1310,0.1994,0.0367,0.1852,0.0567,0.2239,0.0357,0.0938,0.2952,0.1022,0.1740,0.0376,0.2419,0.1222
1785424434.26,33,drive,0,3.0,15.0,40.733,25.14,249.68,0.1300,0.1984,0.0352,0.1852,0.0533,0.2263,0.0352,0.0948,0.2923,0.1056,0.1730,0.0386,0.2414,0.1197
1785424434.36,33,drive,1,3.0,15.0,40.733,25.14,249.68,0.1315,0.2023,0.0352,0.1857,0.0567,0.2258,0.0396,0.0978,0.2928,0.1031,0.1740,0.0391,0.2380,0.1237
1785424434.46,33,drive,2,3.0,15.0,40.733,25.14,249.68,0.1290,0.1965,0.0367,0.1833,0.0557,0.2268,0.0352,0.0968,0.2947,0.1056,0.1735,0.0357,0.2395,0.1237
1785424435.75,33,drive,0,3.5,15.0,40.733,25.14,249.68,0.1329,0.1989,0.0357,0.1862,0.0552,0.2248,0.0318,0.0938,0.2942,0.1041,0.1725,0.0386,0.2405,0.1251
1785424435.85,33,drive,1,3.5,15.0,40.733,25.14,249.68,0.1300,0.1989,0.0367,0.1867,0.0552,0.2278,0.0376,0.0948,0.2933,0.1085,0.1681,0.0386,0.2400,0.1207
1785424435.94,33,drive,2,3.5,15.0,40.733,25.14,249.68,0.1320,0.2014,0.0371,0.1852,0.0572,0.2283,0.0386,0.0953,0.2908,0.1051,0.1735,0.0381,0.2395,0.1217
1785424437.24,33,drive,0,4.0,15.0,40.733,25.14,249.68,0.1300,0.1994,0.0367,0.1848,0.0562,0.2283,0.0367,0.0948,0.2942,0.1051,0.1720,0.0367,0.2419,0.1222
1785424437.33,33,drive,1,4.0,15.0,40.733,25.14,249.68,0.1295,0.1999,0.0376,0.1843,0.0572,0.2243,0.0342,0.0943,0.2947,0.1061,0.1701,0.0386,0.2390,0.1227
1785424437.43,33,drive,2,4.0,15.0,40.733,25.14,249.68,0.1305,0.2023,0.0342,0.1872,0.0567,0.2258,0.0352,0.0938,0.2947,0.1056,0.1720,0.0401,0.2400,0.1232
1785424438.80,35,base,0,0.0,15.0,40.713,25.14,249.69,0.1315,0.1970,0.0371,0.1872,0.0572,0.2258,0.0347,0.0929,0.2937,0.1056,0.1686,0.0386,0.2429,0.1207
1785424438.90,35,base,1,0.0,15.0,40.713,25.14,249.69,0.1310,0.2023,0.0371,0.1867,0.0591,0.2248,0.0327,0.0948,0.2923,0.1056,0.1725,0.0381,0.2380,0.1241
1785424439.00,35,base,2,0.0,15.0,40.713,25.14,249.69,0.1310,0.2023,0.0371,0.1857,0.0552,0.2268,0.0386,0.0938,0.2918,0.1075,0.1755,0.0362,0.2385,0.1222
1785424440.29,35,drive,0,0.0,15.0,40.713,25.14,249.69,0.1320,0.1979,0.0371,0.1843,0.0562,0.2248,0.0362,0.0953,0.2898,0.1031,0.1740,0.0376,0.2390,0.1222
1785424440.39,35,drive,1,0.0,15.0,40.713,25.14,249.69,0.1325,0.2038,0.0376,0.1857,0.0567,0.2287,0.0362,0.0938,0.2937,0.1046,0.1725,0.0376,0.2395,0.1227
1785424440.49,35,drive,2,0.0,15.0,40.713,25.14,249.69,0.1295,0.1999,0.0342,0.1862,0.0577,0.2273,0.0327,0.0943,0.2918,0.1051,0.1720,0.0371,0.2380,0.1232
1785424441.78,35,drive,0,0.5,15.0,40.713,25.14,249.69,0.1315,0.2014,0.0367,0.1843,0.0562,0.2297,0.0401,0.0938,0.2928,0.1070,0.1725,0.0371,0.2400,0.1227
1785424441.88,35,drive,1,0.5,15.0,40.713,25.14,249.69,0.1281,0.1989,0.0371,0.1882,0.0557,0.2219,0.0367,0.0963,0.2962,0.1080,0.1706,0.0386,0.2390,0.1241
1785424441.97,35,drive,2,0.5,15.0,40.713,25.14,249.69,0.1320,0.2014,0.0362,0.1857,0.0557,0.2258,0.0347,0.0943,0.2928,0.1075,0.1725,0.0411,0.2405,0.1168
1785424443.27,35,drive,0,1.0,15.0,40.713,25.14,249.69,0.1325,0.1979,0.0362,0.1882,0.0557,0.2243,0.0347,0.0929,0.2947,0.1149,0.1657,0.0376,0.2395,0.1193
1785424443.36,35,drive,1,1.0,15.0,40.713,25.14,249.69,0.1339,0.1999,0.0381,0.1887,0.0562,0.2253,0.0342,0.0982,0.2937,0.1100,0.1632,0.0352,0.2366,0.1237
1785424443.46,35,drive,2,1.0,15.0,40.713,25.14,249.69,0.1320,0.1999,0.0362,0.1901,0.0552,0.2243,0.0337,0.0958,0.2923,0.1119,0.1637,0.0362,0.2361,0.1256
1785424444.76,35,drive,0,1.5,15.0,40.713,25.14,249.69,0.1295,0.1984,0.0357,0.1906,0.0552,0.2273,0.0347,0.0938,0.2913,0.1207,0.1540,0.0386,0.2346,0.1193
1785424444.85,35,drive,1,1.5,15.0,40.713,25.14,249.69,0.1325,0.1989,0.0396,0.1906,0.0503,0.2263,0.0386,0.0919,0.2933,0.1202,0.1554,0.0342,0.2336,0.1212
1785424444.95,35,drive,2,1.5,15.0,40.713,25.14,249.69,0.1315,0.2019,0.0357,0.1911,0.0552,0.2278,0.0337,0.0938,0.2903,0.1222,0.1535,0.0367,0.2336,0.1222
1785424446.24,35,drive,0,2.0,15.0,40.713,25.14,249.69,0.1329,0.1999,0.0362,0.1960,0.0552,0.2326,0.0362,0.0899,0.2942,0.1222,0.1408,0.0357,0.2297,0.1237
1785424446.34,35,drive,1,2.0,15.0,40.713,25.14,249.69,0.1329,0.2009,0.0367,0.1950,0.0528,0.2297,0.0376,0.0934,0.2942,0.1188,0.1417,0.0371,0.2297,0.1251
1785424446.44,35,drive,2,2.0,15.0,40.713,25.14,249.69,0.1320,0.2023,0.0367,0.1935,0.0528,0.2312,0.0367,0.0914,0.2947,0.1178,0.1427,0.0396,0.2278,0.1217
1785424447.73,35,drive,0,2.5,15.0,40.713,25.14,249.69,0.1325,0.1979,0.0352,0.1965,0.0503,0.2356,0.0381,0.0938,0.2947,0.1075,0.1432,0.0391,0.2229,0.1246
1785424447.83,35,drive,1,2.5,15.0,40.713,25.14,249.69,0.1329,0.2019,0.0362,0.1901,0.0538,0.2385,0.0391,0.0914,0.2942,0.1085,0.1427,0.0371,0.2199,0.1241
1785424447.92,35,drive,2,2.5,15.0,40.713,25.14,249.69,0.1339,0.2014,0.0386,0.1950,0.0528,0.2370,0.0406,0.0963,0.2933,0.1056,0.1427,0.0401,0.2195,0.1261
1785424449.22,35,drive,0,3.0,15.0,40.713,25.14,249.69,0.1388,0.2048,0.0347,0.1931,0.0489,0.2429,0.0420,0.0987,0.2947,0.0850,0.1510,0.0430,0.2209,0.1217
1785424449.32,35,drive,1,3.0,15.0,40.713,25.14,249.69,0.1354,0.2058,0.0376,0.1916,0.0469,0.2439,0.0411,0.1017,0.2947,0.0865,0.1549,0.0450,0.2204,0.1251
1785424449.41,35,drive,2,3.0,15.0,40.713,25.14,249.69,0.1344,0.2038,0.0347,0.1921,0.0538,0.2444,0.0396,0.0968,0.2913,0.0880,0.1549,0.0450,0.2190,0.1281
1785424450.71,35,drive,0,3.5,15.0,40.713,25.14,249.69,0.1349,0.2053,0.0381,0.1970,0.0543,0.2405,0.0381,0.1002,0.2933,0.0753,0.1618,0.0425,0.2258,0.1241
1785424450.80,35,drive,1,3.5,15.0,40.713,25.14,249.69,0.1349,0.2019,0.0362,0.1955,0.0562,0.2405,0.0420,0.1026,0.2928,0.0762,0.1632,0.0445,0.2234,0.1246
1785424450.90,35,drive,2,3.5,15.0,40.713,25.14,249.69,0.1354,0.2043,0.0381,0.1960,0.0567,0.2419,0.0415,0.1022,0.2933,0.0758,0.1623,0.0425,0.2239,0.1246
1785424452.19,35,drive,0,4.0,15.0,40.713,25.14,249.69,0.1364,0.2019,0.0381,0.2053,0.0601,0.2336,0.0362,0.0924,0.2884,0.1026,0.1461,0.0396,0.2287,0.1266
1785424452.29,35,drive,1,4.0,15.0,40.713,25.14,249.69,0.1344,0.2038,0.0367,0.2072,0.0611,0.2297,0.0420,0.0968,0.2908,0.1036,0.1452,0.0440,0.2253,0.1241
1785424452.39,35,drive,2,4.0,15.0,40.713,25.14,249.69,0.1373,0.2014,0.0362,0.2053,0.0616,0.2322,0.0401,0.0870,0.2893,0.1017,0.1437,0.0376,0.2248,0.1271
1785424453.76,36,base,0,0.0,15.0,40.753,25.14,249.68,0.1290,0.1979,0.0362,0.1838,0.0547,0.2263,0.0347,0.0997,0.2942,0.1075,0.1720,0.0420,0.2390,0.1212
1785424453.85,36,base,1,0.0,15.0,40.753,25.14,249.68,0.1271,0.1970,0.0332,0.1872,0.0557,0.2253,0.0362,0.0978,0.2952,0.1075,0.1740,0.0396,0.2400,0.1207
1785424453.95,36,base,2,0.0,15.0,40.753,25.14,249.68,0.1310,0.1960,0.0367,0.1843,0.0577,0.2219,0.0337,0.0953,0.2913,0.1080,0.1730,0.0406,0.2414,0.1227
1785424455.24,36,drive,0,0.0,15.0,40.753,25.14,249.68,0.1300,0.1984,0.0352,0.1882,0.0562,0.2248,0.0362,0.1002,0.2898,0.1046,0.1769,0.0391,0.2375,0.1212
1785424455.34,36,drive,1,0.0,15.0,40.753,25.14,249.68,0.1300,0.1950,0.0347,0.1857,0.0572,0.2248,0.0347,0.0958,0.2947,0.1075,0.1720,0.0386,0.2375,0.1212
1785424455.44,36,drive,2,0.0,15.0,40.753,25.14,249.68,0.1315,0.1999,0.0337,0.1828,0.0572,0.2268,0.0376,0.0973,0.2947,0.1085,0.1701,0.0396,0.2370,0.1207
1785424456.73,36,drive,0,0.5,15.0,40.753,25.14,249.68,0.1310,0.1994,0.0347,0.1838,0.0552,0.2273,0.0367,0.0943,0.2947,0.1051,0.1720,0.0381,0.2370,0.1222
1785424456.83,36,drive,1,0.5,15.0,40.753,25.14,249.68,0.1290,0.1999,0.0342,0.1862,0.0543,0.2253,0.0352,0.0953,0.2952,0.1056,0.1750,0.0386,0.2400,0.1232
1785424456.92,36,drive,2,0.5,15.0,40.753,25.14,249.68,0.1276,0.1979,0.0362,0.1833,0.0587,0.2263,0.0381,0.0924,0.2937,0.1065,0.1735,0.0376,0.2361,0.1222
1785424458.22,36,drive,0,1.0,15.0,40.753,25.14,249.68,0.1320,0.1975,0.0391,0.1862,0.0645,0.2278,0.0357,0.0875,0.2918,0.0929,0.1794,0.0386,0.2375,0.1237
1785424458.32,36,drive,1,1.0,15.0,40.753,25.14,249.68,0.1315,0.1945,0.0376,0.1833,0.0616,0.2292,0.0381,0.0880,0.2903,0.0958,0.1818,0.0401,0.2405,0.1241
1785424458.41,36,drive,2,1.0,15.0,40.753,25.14,249.68,0.1315,0.1965,0.0411,0.1848,0.0626,0.2283,0.0352,0.0870,0.2923,0.0953,0.1789,0.0376,0.2414,0.1227
1785424459.71,36,drive,0,1.5,15.0,40.753,25.14,249.68,0.1334,0.1975,0.0376,0.1896,0.0728,0.2287,0.0362,0.0753,0.2869,0.0831,0.1931,0.0381,0.2400,0.1227
1785424459.80,36,drive,1,1.5,15.0,40.753,25.14,249.68,0.1310,0.1975,0.0376,0.1926,0.0714,0.2287,0.0352,0.0787,0.2840,0.0802,0.1940,0.0396,0.2395,0.1246
1785424459.90,36,drive,2,1.5,15.0,40.753,25.14,249.68,0.1334,0.1994,0.0371,0.1916,0.0704,0.2243,0.0362,0.0816,0.2869,0.0816,0.1921,0.0396,0.2346,0.1197
1785424461.19,36,drive,0,2.0,15.0,40.753,25.14,249.68,0.1334,0.1975,0.0347,0.2063,0.0811,0.2263,0.0371,0.0674,0.2815,0.0821,0.2087,0.0371,0.2395,0.1261
1785424461.29,36,drive,1,2.0,15.0,40.753,25.14,249.68,0.1300,0.1975,0.0386,0.2063,0.0782,0.2268,0.0391,0.0714,0.2820,0.0792,0.2082,0.0381,0.2405,0.1232
1785424461.39,36,drive,2,2.0,15.0,40.753,25.14,249.68,0.1329,0.2004,0.0342,0.2067,0.0816,0.2302,0.0371,0.0660,0.2825,0.0767,0.2111,0.0381,0.2405,0.1241
1785424462.68,36,drive,0,2.5,15.0,40.753,25.14,249.68,0.1349,0.2004,0.0376,0.2190,0.0850,0.2253,0.0381,0.0684,0.2776,0.0992,0.2224,0.0396,0.2375,0.1246
1785424462.78,36,drive,1,2.5,15.0,40.753,25.14,249.68,0.1310,0.1970,0.0367,0.2253,0.0836,0.2224,0.0406,0.0665,0.2757,0.0992,0.2199,0.0367,0.2366,0.1241
1785424462.87,36,drive,2,2.5,15.0,40.753,25.14,249.68,0.1325,0.1970,0.0357,0.2258,0.0846,0.2239,0.0347,0.0670,0.2757,0.0982,0.2190,0.0381,0.2375,0.1261
1785424464.17,36,drive,0,3.0,15.0,40.753,25.14,249.68,0.1339,0.1970,0.0381,0.2307,0.0753,0.2229,0.0362,0.0899,0.2820,0.1398,0.2082,0.0401,0.2307,0.1237
1785424464.26,36,drive,1,3.0,15.0,40.753,25.14,249.68,0.1349,0.1950,0.0386,0.2366,0.0714,0.2219,0.0376,0.0894,0.2820,0.1417,0.2102,0.0381,0.2287,0.1246
1785424464.36,36,drive,2,3.0,15.0,40.753,25.14,249.68,0.1354,0.1955,0.0391,0.2322,0.0728,0.2219,0.0386,0.0899,0.2805,0.1393,0.2097,0.0391,0.2302,0.1241
1785424465.66,36,drive,0,3.5,15.0,40.753,25.14,249.68,0.1339,0.1975,0.0376,0.2248,0.0499,0.2185,0.0386,0.1134,0.2923,0.1686,0.1725,0.0396,0.2204,0.1232
1785424465.75,36,drive,1,3.5,15.0,40.753,25.14,249.68,0.1325,0.1975,0.0371,0.2243,0.0543,0.2199,0.0381,0.1144,0.2913,0.1701,0.1681,0.0386,0.2224,0.1276
1785424465.85,36,drive,2,3.5,15.0,40.753,25.14,249.68,0.1349,0.1984,0.0381,0.2248,0.0557,0.2190,0.0386,0.1144,0.2923,0.1672,0.1711,0.0411,0.2199,0.1256
1785424467.14,36,drive,0,4.0,15.0,40.753,25.14,249.68,0.1373,0.2014,0.0362,0.2043,0.0533,0.2273,0.0362,0.1051,0.2937,0.1339,0.1325,0.0391,0.2175,0.1246
1785424467.24,36,drive,1,4.0,15.0,40.753,25.14,249.68,0.1378,0.2009,0.0367,0.2033,0.0518,0.2258,0.0371,0.1075,0.2933,0.1339,0.1329,0.0381,0.2214,0.1271
1785424467.34,36,drive,2,4.0,15.0,40.753,25.14,249.68,0.1369,0.2004,0.0362,0.2053,0.0528,0.2263,0.0391,0.1065,0.2942,0.1344,0.1359,0.0401,0.2204,0.1241
1785424468.71,40,base,0,0.0,15.0,40.813,25.13,249.69,0.1310,0.1960,0.0381,0.1862,0.0552,0.2258,0.0362,0.0973,0.2947,0.1085,0.1716,0.0386,0.2366,0.1251
1785424468.81,40,base,1,0.0,15.0,40.813,25.13,249.69,0.1295,0.1950,0.0362,0.1891,0.0577,0.2219,0.0357,0.0958,0.2928,0.1061,0.1720,0.0337,0.2361,0.1241
1785424468.90,40,base,2,0.0,15.0,40.813,25.13,249.69,0.1320,0.1960,0.0381,0.1857,0.0557,0.2253,0.0381,0.0968,0.2918,0.1085,0.1711,0.0381,0.2370,0.1232
1785424470.20,40,drive,0,0.0,15.0,40.813,25.13,249.69,0.1276,0.1975,0.0386,0.1862,0.0572,0.2239,0.0367,0.0982,0.2947,0.1065,0.1720,0.0386,0.2380,0.1222
1785424470.29,40,drive,1,0.0,15.0,40.813,25.13,249.69,0.1315,0.1960,0.0386,0.1862,0.0567,0.2214,0.0352,0.0909,0.2913,0.1065,0.1696,0.0367,0.2361,0.1237
1785424470.39,40,drive,2,0.0,15.0,40.813,25.13,249.69,0.1300,0.1965,0.0362,0.1852,0.0557,0.2229,0.0352,0.0968,0.2933,0.1080,0.1701,0.0352,0.2375,0.1227
1785424471.68,40,drive,0,0.5,15.0,40.813,25.13,249.69,0.1305,0.1979,0.0347,0.1838,0.0547,0.2229,0.0337,0.0958,0.2952,0.1065,0.1725,0.0391,0.2370,0.1222
1785424471.78,40,drive,1,0.5,15.0,40.813,25.13,249.69,0.1334,0.1984,0.0352,0.1843,0.0552,0.2234,0.0371,0.0968,0.2918,0.1065,0.1735,0.0386,0.2326,0.1207
1785424471.88,40,drive,2,0.5,15.0,40.813,25.13,249.69,0.1305,0.1989,0.0347,0.1862,0.0572,0.2263,0.0332,0.0963,0.2908,0.1065,0.1686,0.0337,0.2361,0.1232
1785424473.17,40,drive,0,1.0,15.0,40.813,25.13,249.69,0.1305,0.1975,0.0357,0.1887,0.0596,0.2229,0.0352,0.0924,0.2937,0.1100,0.1735,0.0381,0.2322,0.1222
1785424473.27,40,drive,1,1.0,15.0,40.813,25.13,249.69,0.1300,0.1979,0.0337,0.1862,0.0587,0.2229,0.0357,0.0963,0.2933,0.1061,0.1676,0.0396,0.2385,0.1222
1785424473.37,40,drive,2,1.0,15.0,40.813,25.13,249.69,0.1300,0.1984,0.0381,0.1916,0.0533,0.2199,0.0371,0.0963,0.2947,0.1085,0.1711,0.0376,0.2375,0.1237
1785424474.67,40,drive,0,1.5,15.0,40.813,25.13,249.69,0.1325,0.1989,0.0376,0.1960,0.0596,0.2170,0.0371,0.0924,0.2908,0.1124,0.1672,0.0386,0.2385,0.1251
1785424474.76,40,drive,1,1.5,15.0,40.813,25.13,249.69,0.1305,0.1965,0.0367,0.1965,0.0591,0.2165,0.0371,0.0924,0.2918,0.1114,0.1672,0.0396,0.2366,0.1237
1785424474.86,40,drive,2,1.5,15.0,40.813,25.13,249.69,0.1344,0.1970,0.0376,0.1931,0.0606,0.2199,0.0347,0.0929,0.2903,0.1134,0.1676,0.0376,0.2341,0.1232
1785424476.15,40,drive,0,2.0,15.0,40.813,25.13,249.69,0.1339,0.1999,0.0362,0.2053,0.0596,0.2141,0.0376,0.0914,0.2884,0.1163,0.1637,0.0406,0.2322,0.1237
1785424476.25,40,drive,1,2.0,15.0,40.813,25.13,249.69,0.1325,0.2014,0.0381,0.2048,0.0591,0.2126,0.0381,0.0943,0.2893,0.1144,0.1623,0.0396,0.2322,0.1271
1785424476.35,40,drive,2,2.0,15.0,40.813,25.13,249.69,0.1310,0.1984,0.0367,0.2023,0.0601,0.2151,0.0396,0.0948,0.2884,0.1124,0.1598,0.0401,0.2317,0.1227
1785424477.65,40,drive,0,2.5,15.0,40.813,25.13,249.69,0.1334,0.2048,0.0381,0.2107,0.0552,0.2180,0.0376,0.0997,0.2893,0.1212,0.1515,0.0357,0.2273,0.1232
1785424477.74,40,drive,1,2.5,15.0,40.813,25.13,249.69,0.1339,0.2019,0.0357,0.2111,0.0533,0.2151,0.0367,0.1012,0.2937,0.1212,0.1505,0.0386,0.2273,0.1246
1785424477.84,40,drive,2,2.5,15.0,40.813,25.13,249.69,0.1329,0.2033,0.0391,0.2111,0.0557,0.2141,0.0371,0.0992,0.2933,0.1217,0.1471,0.0376,0.2273,0.1241
1785424479.13,40,drive,0,3.0,15.0,40.813,25.13,249.69,0.1325,0.2014,0.0381,0.2097,0.0464,0.2263,0.0367,0.1149,0.2972,0.1271,0.1344,0.0376,0.2224,0.1251
1785424479.23,40,drive,1,3.0,15.0,40.813,25.13,249.69,0.1344,0.2033,0.0396,0.2097,0.0464,0.2239,0.0386,0.1144,0.2967,0.1276,0.1369,0.0367,0.2224,0.1237
1785424479.32,40,drive,2,3.0,15.0,40.813,25.13,249.69,0.1369,0.2019,0.0367,0.2111,0.0494,0.2234,0.0371,0.1105,0.2947,0.1285,0.1359,0.0386,0.2214,0.1261
1785424480.62,40,drive,0,3.5,15.0,40.813,25.13,249.69,0.1369,0.2014,0.0357,0.2004,0.0499,0.2331,0.0367,0.1183,0.2991,0.1237,0.1300,0.0386,0.2258,0.1246
1785424480.72,40,drive,1,3.5,15.0,40.813,25.13,249.69,0.1359,0.1984,0.0362,0.2019,0.0445,0.2317,0.0386,0.1168,0.3006,0.1246,0.1295,0.0396,0.2287,0.1241
1785424480.81,40,drive,2,3.5,15.0,40.813,25.13,249.69,0.1354,0.2004,0.0376,0.1979,0.0430,0.2297,0.0381,0.1188,0.2986,0.1207,0.1290,0.0411,0.2214,0.1232
1785424482.11,40,drive,0,4.0,15.0,40.813,25.13,249.69,0.1398,0.1999,0.0362,0.2009,0.0557,0.2322,0.0371,0.1007,0.2937,0.1158,0.1305,0.0391,0.2263,0.1246
1785424482.21,40,drive,1,4.0,15.0,40.813,25.13,249.69,0.1354,0.2014,0.0401,0.2019,0.0543,0.2278,0.0411,0.1007,0.2923,0.1134,0.1271,0.0411,0.2278,0.1256
1785424482.30,40,drive,2,4.0,15.0,40.813,25.13,249.69,0.1364,0.2028,0.0401,0.2014,0.0533,0.2273,0.0381,0.0953,0.2918,0.1149,0.1276,0.0401,0.2278,0.1261
1785424483.68,41,base,0,0.0,15.0,40.753,25.13,249.69,0.1315,0.1975,0.0362,0.1838,0.0587,0.2234,0.0352,0.0963,0.2952,0.1080,0.1676,0.0401,0.2341,0.1212
1785424483.78,41,base,1,0.0,15.0,40.753,25.13,249.69,0.1334,0.1989,0.0371,0.1852,0.0557,0.2258,0.0371,0.0963,0.2928,0.1095,0.1672,0.0391,0.2351,0.1227
1785424483.88,41,base,2,0.0,15.0,40.753,25.13,249.69,0.1285,0.1960,0.0347,0.1838,0.0587,0.2224,0.0352,0.0968,0.2952,0.1095,0.1691,0.0376,0.2366,0.1212
1785424485.17,41,drive,0,0.0,15.0,40.753,25.13,249.69,0.1315,0.1955,0.0352,0.1852,0.0572,0.2214,0.0371,0.0982,0.2923,0.1065,0.1681,0.0386,0.2341,0.1207
1785424485.27,41,drive,1,0.0,15.0,40.753,25.13,249.69,0.1315,0.1970,0.0347,0.1862,0.0572,0.2258,0.0367,0.0963,0.2937,0.1056,0.1691,0.0411,0.2322,0.1207
1785424485.36,41,drive,2,0.0,15.0,40.753,25.13,249.69,0.1310,0.2004,0.0357,0.1843,0.0567,0.2278,0.0337,0.0982,0.2933,0.1056,0.1706,0.0396,0.2341,0.1222
1785424486.66,41,drive,0,0.5,15.0,40.753,25.13,249.69,0.1315,0.1984,0.0347,0.1848,0.0557,0.2268,0.0323,0.0953,0.2928,0.1065,0.1706,0.0396,0.2322,0.1251
1785424486.76,41,drive,1,0.5,15.0,40.753,25.13,249.69,0.1310,0.1975,0.0376,0.1843,0.0587,0.2263,0.0347,0.0963,0.2977,0.1061,0.1701,0.0371,0.2346,0.1217
1785424486.85,41,drive,2,0.5,15.0,40.753,25.13,249.69,0.1339,0.1970,0.0332,0.1843,0.0562,0.2243,0.0352,0.0978,0.2937,0.1056,0.1691,0.0376,0.2336,0.1227
1785424488.15,41,drive,0,1.0,15.0,40.753,25.13,249.69,0.1266,0.1975,0.0367,0.1852,0.0572,0.2199,0.0337,0.0973,0.2933,0.1061,0.1716,0.0391,0.2361,0.1237
1785424488.24,41,drive,1,1.0,15.0,40.753,25.13,249.69,0.1271,0.1970,0.0362,0.1867,0.0528,0.2239,0.0337,0.0943,0.2937,0.1061,0.1672,0.0396,0.2361,0.1232
1785424488.34,41,drive,2,1.0,15.0,40.753,25.13,249.69,0.1305,0.2004,0.0367,0.1843,0.0587,0.2239,0.0357,0.0973,0.2903,0.1090,0.1706,0.0381,0.2361,0.1232
1785424489.64,41,drive,0,1.5,15.0,40.753,25.13,249.69,0.1339,0.1975,0.0357,0.1848,0.0567,0.2239,0.0376,0.0978,0.2918,0.1061,0.1691,0.0396,0.2336,0.1227
1785424489.73,41,drive,1,1.5,15.0,40.753,25.13,249.69,0.1300,0.1970,0.0406,0.1833,0.0562,0.2229,0.0357,0.0973,0.2933,0.1095,0.1696,0.0396,0.2361,0.1207
1785424489.83,41,drive,2,1.5,15.0,40.753,25.13,249.69,0.1329,0.1979,0.0347,0.1828,0.0572,0.2263,0.0342,0.0982,0.2928,0.1070,0.1706,0.0391,0.2341,0.1251
1785424491.13,41,drive,0,2.0,15.0,40.753,25.13,249.69,0.1266,0.1984,0.0376,0.1848,0.0577,0.2258,0.0327,0.0973,0.2937,0.1090,0.1672,0.0396,0.2370,0.1217
1785424491.22,41,drive,1,2.0,15.0,40.753,25.13,249.69,0.1325,0.1979,0.0347,0.1833,0.0547,0.2239,0.0323,0.0973,0.2937,0.1075,0.1691,0.0401,0.2331,0.1202
1785424491.32,41,drive,2,2.0,15.0,40.753,25.13,249.69,0.1285,0.1975,0.0347,0.1823,0.0552,0.2234,0.0342,0.0953,0.2952,0.1080,0.1691,0.0376,0.2336,0.1246
1785424492.61,41,drive,0,2.5,15.0,40.753,25.13,249.69,0.1295,0.1950,0.0352,0.1862,0.0552,0.2209,0.0337,0.1002,0.2937,0.1080,0.1701,0.0391,0.2341,0.1197
1785424492.71,41,drive,1,2.5,15.0,40.753,25.13,249.69,0.1310,0.1975,0.0352,0.1838,0.0557,0.2243,0.0347,0.0992,0.2908,0.1070,0.1716,0.0386,0.2336,0.1222
1785424492.81,41,drive,2,2.5,15.0,40.753,25.13,249.69,0.1329,0.1999,0.0337,0.1862,0.0567,0.2234,0.0367,0.0953,0.2933,0.1026,0.1701,0.0391,0.2326,0.1222
1785424494.10,41,drive,0,3.0,15.0,40.753,25.13,249.69,0.1285,0.1994,0.0386,0.1848,0.0587,0.2253,0.0367,0.0978,0.2933,0.1051,0.1691,0.0391,0.2341,0.1212
1785424494.20,41,drive,1,3.0,15.0,40.753,25.13,249.69,0.1310,0.1960,0.0357,0.1852,0.0567,0.2243,0.0386,0.0992,0.2933,0.1065,0.1706,0.0415,0.2336,0.1212
1785424494.29,41,drive,2,3.0,15.0,40.753,25.13,249.69,0.1305,0.1955,0.0367,0.1872,0.0543,0.2214,0.0352,0.0982,0.2947,0.1051,0.1696,0.0357,0.2336,0.1222
1785424495.59,41,drive,0,3.5,15.0,40.753,25.13,249.69,0.1310,0.1955,0.0362,0.1862,0.0567,0.2248,0.0342,0.0992,0.2942,0.1070,0.1706,0.0381,0.2351,0.1237
1785424495.69,41,drive,1,3.5,15.0,40.753,25.13,249.69,0.1285,0.1984,0.0362,0.1852,0.0567,0.2268,0.0362,0.0968,0.2947,0.1085,0.1745,0.0386,0.2322,0.1207
1785424495.78,41,drive,2,3.5,15.0,40.753,25.13,249.69,0.1334,0.1940,0.0381,0.1857,0.0567,0.2229,0.0342,0.0958,0.2942,0.1075,0.1696,0.0367,0.2366,0.1256
1785424497.08,41,drive,0,4.0,15.0,40.753,25.13,249.69,0.1334,0.1965,0.0357,0.1843,0.0572,0.2263,0.0347,0.0948,0.2928,0.1085,0.1686,0.0401,0.2331,0.1246
1785424497.17,41,drive,1,4.0,15.0,40.753,25.13,249.69,0.1290,0.1975,0.0352,0.1833,0.0552,0.2263,0.0347,0.0982,0.2913,0.1070,0.1716,0.0406,0.2356,0.1212
1785424497.27,41,drive,2,4.0,15.0,40.753,25.13,249.69,0.1315,0.1960,0.0327,0.1848,0.0591,0.2248,0.0347,0.0982,0.2918,0.1075,0.1696,0.0381,0.2336,0.1227
1785424498.63,42,base,0,0.0,15.0,40.753,25.13,249.69,0.1320,0.1989,0.0362,0.1867,0.0587,0.2243,0.0371,0.0973,0.2933,0.1070,0.1701,0.0352,0.2346,0.1222
1785424498.73,42,base,1,0.0,15.0,40.753,25.13,249.69,0.1281,0.1989,0.0367,0.1862,0.0567,0.2219,0.0362,0.0938,0.2933,0.1090,0.1701,0.0371,0.2336,0.1246
1785424498.82,42,base,2,0.0,15.0,40.753,25.13,249.69,0.1305,0.1965,0.0376,0.1838,0.0582,0.2204,0.0352,0.0978,0.2918,0.1080,0.1681,0.0401,0.2341,0.1246
1785424500.12,42,drive,0,0.0,15.0,40.753,25.13,249.69,0.1290,0.1950,0.0367,0.1843,0.0562,0.2248,0.0352,0.0978,0.2918,0.1056,0.1706,0.0391,0.2370,0.1202
1785424500.21,42,drive,1,0.0,15.0,40.753,25.13,249.69,0.1290,0.1965,0.0357,0.1857,0.0577,0.2229,0.0327,0.0958,0.2937,0.1065,0.1706,0.0376,0.2346,0.1237
1785424500.31,42,drive,2,0.0,15.0,40.753,25.13,249.69,0.1305,0.1984,0.0357,0.1838,0.0552,0.2278,0.0327,0.0938,0.2928,0.1109,0.1711,0.0381,0.2351,0.1237
1785424501.60,42,drive,0,0.5,15.0,40.753,25.13,249.69,0.1320,0.1994,0.0347,0.1848,0.0562,0.2258,0.0376,0.0943,0.2937,0.1090,0.1716,0.0386,0.2326,0.1207
1785424501.70,42,drive,1,0.5,15.0,40.753,25.13,249.69,0.1305,0.1989,0.0362,0.1862,0.0577,0.2224,0.0352,0.0978,0.2928,0.1061,0.1667,0.0401,0.2331,0.1197
1785424501.80,42,drive,2,0.5,15.0,40.753,25.13,249.69,0.1271,0.1935,0.0337,0.1857,0.0562,0.2258,0.0371,0.0958,0.2933,0.1085,0.1711,0.0337,0.2366,0.1212
1785424503.09,42,drive,0,1.0,15.0,40.753,25.13,249.69,0.1310,0.1965,0.0347,0.1857,0.0552,0.2248,0.0347,0.0978,0.2928,0.1061,0.1725,0.0376,0.2312,0.1232
1785424503.19,42,drive,1,1.0,15.0,40.753,25.13,249.69,0.1300,0.1984,0.0362,0.1862,0.0543,0.2234,0.0367,0.0963,0.2928,0.1085,0.1716,0.0401,0.2326,0.1217
1785424503.29,42,drive,2,1.0,15.0,40.753,25.13,249.69,0.1300,0.1970,0.0347,0.1848,0.0577,0.2239,0.0352,0.0987,0.2947,0.1061,0.1691,0.0401,0.2331,0.1237
1785424504.58,42,drive,0,1.5,15.0,40.753,25.13,249.69,0.1281,0.1984,0.0362,0.1843,0.0562,0.2248,0.0347,0.0978,0.2928,0.1070,0.1701,0.0371,0.2356,0.1222
1785424504.67,42,drive,1,1.5,15.0,40.753,25.13,249.69,0.1281,0.1965,0.0347,0.1808,0.0577,0.2248,0.0347,0.0978,0.2928,0.1075,0.1696,0.0396,0.2356,0.1246
1785424504.77,42,drive,2,1.5,15.0,40.753,25.13,249.69,0.1281,0.1970,0.0347,0.1848,0.0582,0.2219,0.0381,0.0963,0.2908,0.1085,0.1701,0.0362,0.2351,0.1237
1785424506.06,42,drive,0,2.0,15.0,40.753,25.13,249.69,0.1285,0.1945,0.0367,0.1848,0.0587,0.2243,0.0332,0.0963,0.2967,0.1051,0.1676,0.0367,0.2351,0.1202
1785424506.16,42,drive,1,2.0,15.0,40.753,25.13,249.69,0.1329,0.1965,0.0357,0.1857,0.0567,0.2219,0.0332,0.0934,0.2947,0.1080,0.1711,0.0362,0.2366,0.1217
1785424506.26,42,drive,2,2.0,15.0,40.753,25.13,249.69,0.1300,0.1975,0.0357,0.1838,0.0582,0.2234,0.0352,0.0982,0.2933,0.1080,0.1701,0.0386,0.2351,0.1207
1785424507.55,42,drive,0,2.5,15.0,40.753,25.13,249.69,0.1310,0.1999,0.0367,0.1852,0.0601,0.2273,0.0347,0.0943,0.2952,0.1080,0.1701,0.0391,0.2356,0.1212
1785424507.65,42,drive,1,2.5,15.0,40.753,25.13,249.69,0.1310,0.1984,0.0342,0.1838,0.0582,0.2248,0.0352,0.0968,0.2918,0.1080,0.1691,0.0376,0.2341,0.1173
1785424507.75,42,drive,2,2.5,15.0,40.753,25.13,249.69,0.1305,0.1970,0.0367,0.1843,0.0572,0.2224,0.0357,0.0982,0.2933,0.1056,0.1696,0.0415,0.2336,0.1217
1785424509.04,42,drive,0,3.0,15.0,40.753,25.13,249.69,0.1295,0.1931,0.0371,0.1838,0.0577,0.2239,0.0342,0.0968,0.2908,0.1100,0.1686,0.0357,0.2346,0.1222
1785424509.14,42,drive,1,3.0,15.0,40.753,25.13,249.69,0.1334,0.1960,0.0362,0.1857,0.0557,0.2253,0.0347,0.0943,0.2962,0.1095,0.1681,0.0367,0.2356,0.1227
1785424509.23,42,drive,2,3.0,15.0,40.753,25.13,249.69,0.1310,0.2009,0.0357,0.1857,0.0562,0.2273,0.0332,0.0963,0.2923,0.1075,0.1681,0.0391,0.2326,0.1202
1785424510.53,42,drive,0,3.5,15.0,40.753,25.13,249.69,0.1300,0.1984,0.0357,0.1833,0.0552,0.2248,0.0357,0.0938,0.2942,0.1075,0.1701,0.0391,0.2331,0.1217
1785424510.63,42,drive,1,3.5,15.0,40.753,25.13,249.69,0.1290,0.1901,0.0352,0.1848,0.0577,0.2214,0.0357,0.0982,0.2908,0.1070,0.1706,0.0406,0.2380,0.1256
1785424510.72,42,drive,2,3.5,15.0,40.753,25.13,249.69,0.1305,0.1965,0.0347,0.1838,0.0557,0.2248,0.0342,0.0958,0.2923,0.1085,0.1706,0.0386,0.2331,0.1241
1785424512.02,42,drive,0,4.0,15.0,40.753,25.13,249.69,0.1315,0.1979,0.0367,0.1838,0.0567,0.2234,0.0357,0.0968,0.2889,0.1095,0.1725,0.0381,0.2341,0.1232
1785424512.12,42,drive,1,4.0,15.0,40.753,25.13,249.69,0.1290,0.1975,0.0367,0.1823,0.0567,0.2273,0.0342,0.0948,0.2918,0.1100,0.1691,0.0401,0.2322,0.1222
1785424512.21,42,drive,2,4.0,15.0,40.753,25.13,249.69,0.1310,0.1984,0.0342,0.1848,0.0557,0.2263,0.0352,0.0978,0.2923,0.1075,0.1691,0.0371,0.2312,0.1222
1785424513.59,46,base,0,0.0,15.0,40.753,25.13,249.69,0.1305,0.1979,0.0367,0.1833,0.0562,0.2253,0.0381,0.0963,0.2928,0.1095,0.1706,0.0376,0.2346,0.1241
1785424513.69,46,base,1,0.0,15.0,40.753,25.13,249.69,0.1290,0.1965,0.0362,0.1852,0.0552,0.2243,0.0357,0.0992,0.2933,0.1061,0.1686,0.0381,0.2361,0.1232
1785424513.78,46,base,2,0.0,15.0,40.753,25.13,249.69,0.1300,0.1979,0.0367,0.1838,0.0567,0.2258,0.0367,0.0973,0.2923,0.1065,0.1686,0.0386,0.2341,0.1222
1785424515.08,46,drive,0,0.0,15.0,40.753,25.13,249.69,0.1290,0.1979,0.0371,0.1857,0.0562,0.2243,0.0352,0.0973,0.2918,0.1075,0.1681,0.0381,0.2336,0.1222
1785424515.17,46,drive,1,0.0,15.0,40.753,25.13,249.69,0.1334,0.1970,0.0347,0.1843,0.0538,0.2234,0.0327,0.0948,0.2937,0.1105,0.1686,0.0386,0.2356,0.1217
1785424515.27,46,drive,2,0.0,15.0,40.753,25.13,249.69,0.1305,0.1970,0.0376,0.1813,0.0591,0.2243,0.0352,0.0973,0.2942,0.1080,0.1652,0.0376,0.2361,0.1217
1785424516.56,46,drive,0,0.5,15.0,40.753,25.13,249.69,0.1266,0.1960,0.0362,0.1848,0.0572,0.2224,0.0357,0.0978,0.2933,0.1085,0.1706,0.0367,0.2375,0.1222
1785424516.66,46,drive,1,0.5,15.0,40.753,25.13,249.69,0.1320,0.2009,0.0327,0.1818,0.0557,0.2234,0.0347,0.0938,0.2937,0.1056,0.1681,0.0376,0.2351,0.1188
1785424516.76,46,drive,2,0.5,15.0,40.753,25.13,249.69,0.1325,0.1965,0.0376,0.1857,0.0557,0.2239,0.0381,0.0973,0.2933,0.1070,0.1706,0.0381,0.2322,0.1222
1785424518.05,46,drive,0,1.0,15.0,40.753,25.13,249.69,0.1300,0.1950,0.0367,0.1838,0.0616,0.2234,0.0332,0.0953,0.2918,0.1085,0.1676,0.0376,0.2317,0.1232
1785424518.15,46,drive,1,1.0,15.0,40.753,25.13,249.69,0.1315,0.1979,0.0357,0.1818,0.0577,0.2239,0.0371,0.0968,0.2913,0.1095,0.1686,0.0386,0.2326,0.1246
1785424518.24,46,drive,2,1.0,15.0,40.753,25.13,249.69,0.1295,0.1960,0.0371,0.1843,0.0552,0.2253,0.0362,0.0978,0.2933,0.1070,0.1701,0.0332,0.2346,0.1217
1785424519.54,46,drive,0,1.5,15.0,40.753,25.13,249.69,0.1329,0.1955,0.0362,0.1823,0.0591,0.2243,0.0357,0.0943,0.2942,0.1095,0.1701,0.0396,0.2326,0.1241
1785424519.63,46,drive,1,1.5,15.0,40.753,25.13,249.69,0.1300,0.1955,0.0357,0.1862,0.0577,0.2258,0.0332,0.0992,0.2928,0.1056,0.1672,0.0376,0.2351,0.1178
1785424519.73,46,drive,2,1.5,15.0,40.753,25.13,249.69,0.1300,0.1965,0.0347,0.1857,0.0547,0.2239,0.0342,0.0973,0.2918,0.1065,0.1676,0.0381,0.2351,0.1212
1785424521.02,46,drive,0,2.0,15.0,40.753,25.13,249.69,0.1315,0.1994,0.0367,0.1828,0.0543,0.2253,0.0323,0.0973,0.2937,0.1080,0.1662,0.0391,0.2341,0.1217
1785424521.12,46,drive,1,2.0,15.0,40.753,25.13,249.69,0.1281,0.1970,0.0352,0.1843,0.0567,0.2243,0.0352,0.0948,0.2933,0.1095,0.1701,0.0415,0.2331,0.1227
1785424521.22,46,drive,2,2.0,15.0,40.753,25.13,249.69,0.1310,0.1960,0.0357,0.1862,0.0587,0.2253,0.0381,0.0963,0.2937,0.1041,0.1676,0.0386,0.2336,0.1207
1785424522.51,46,drive,0,2.5,15.0,40.753,25.13,249.69,0.1300,0.1970,0.0371,0.1857,0.0567,0.2214,0.0376,0.0987,0.2913,0.1085,0.1667,0.0376,0.2336,0.1241
1785424522.61,46,drive,1,2.5,15.0,40.753,25.13,249.69,0.1300,0.1984,0.0357,0.1852,0.0572,0.2258,0.0367,0.0987,0.2923,0.1051,0.1706,0.0401,0.2312,0.1202
1785424522.70,46,drive,2,2.5,15.0,40.753,25.13,249.69,0.1300,0.1965,0.0391,0.1838,0.0567,0.2263,0.0386,0.1002,0.2933,0.1075,0.1701,0.0371,0.2351,0.1232
1785424524.00,46,drive,0,3.0,15.0,40.753,25.13,249.69,0.1320,0.1989,0.0337,0.1823,0.0587,0.2234,0.0352,0.0982,0.2952,0.1061,0.1672,0.0391,0.2297,0.1227
1785424524.09,46,drive,1,3.0,15.0,40.753,25.13,249.69,0.1281,0.1984,0.0337,0.1843,0.0587,0.2268,0.0323,0.0914,0.2918,0.1080,0.1696,0.0386,0.2336,0.1197
1785424524.19,46,drive,2,3.0,15.0,40.753,25.13,249.69,0.1305,0.1960,0.0362,0.1857,0.0562,0.2229,0.0332,0.0958,0.2942,0.1075,0.1662,0.0391,0.2346,0.1207
1785424525.49,46,drive,0,3.5,15.0,40.753,25.13,249.69,0.1320,0.1975,0.0362,0.1838,0.0547,0.2239,0.0352,0.0973,0.2908,0.1080,0.1691,0.0391,0.2317,0.1237
1785424525.58,46,drive,1,3.5,15.0,40.753,25.13,249.69,0.1310,0.1975,0.0332,0.1857,0.0572,0.2248,0.0332,0.0973,0.2923,0.1085,0.1691,0.0396,0.2331,0.1232
1785424525.68,46,drive,2,3.5,15.0,40.753,25.13,249.69,0.1310,0.1979,0.0371,0.1823,0.0552,0.2229,0.0367,0.0997,0.2918,0.1080,0.1672,0.0386,0.2361,0.1197
1785424526.98,46,drive,0,4.0,15.0,40.753,25.13,249.69,0.1329,0.1984,0.0352,0.1848,0.0582,0.2239,0.0337,0.0958,0.2933,0.1080,0.1696,0.0357,0.2317,0.1241
1785424527.07,46,drive,1,4.0,15.0,40.753,25.13,249.69,0.1320,0.1975,0.0352,0.1862,0.0577,0.2224,0.0332,0.0982,0.2928,0.1075,0.1686,0.0362,0.2331,0.1217
1785424527.17,46,drive,2,4.0,15.0,40.753,25.13,249.69,0.1320,0.1994,0.0367,0.1843,0.0562,0.2219,0.0332,0.0948,0.2908,0.1070,0.1696,0.0381,0.2331,0.1188
1785424528.54,47,base,0,0.0,15.0,40.753,25.13,249.69,0.1285,0.1931,0.0342,0.1857,0.0567,0.2229,0.0357,0.1007,0.2903,0.1080,0.1637,0.0367,0.2336,0.1237
1785424528.64,47,base,1,0.0,15.0,40.753,25.13,249.69,0.1315,0.1989,0.0376,0.1852,0.0572,0.2234,0.0347,0.0973,0.2942,0.1075,0.1657,0.0391,0.2322,0.1207
1785424528.74,47,base,2,0.0,15.0,40.753,25.13,249.69,0.1325,0.1970,0.0367,0.1843,0.0567,0.2209,0.0347,0.0982,0.2928,0.1090,0.1691,0.0367,0.2302,0.1207
1785424530.03,47,drive,0,0.0,15.0,40.753,25.13,249.69,0.1320,0.1970,0.0376,0.1848,0.0577,0.2243,0.0362,0.0978,0.2908,0.1085,0.1676,0.0376,0.2331,0.1227
1785424530.13,47,drive,1,0.0,15.0,40.753,25.13,249.69,0.1295,0.1945,0.0347,0.1848,0.0552,0.2234,0.0332,0.0953,0.2957,0.1090,0.1667,0.0347,0.2341,0.1237
1785424530.22,47,drive,2,0.0,15.0,40.753,25.13,249.69,0.1310,0.1984,0.0367,0.1857,0.0562,0.2253,0.0327,0.0963,0.2928,0.1085,0.1676,0.0386,0.2322,0.1178
1785424531.52,47,drive,0,0.5,15.0,40.753,25.13,249.69,0.1271,0.1970,0.0371,0.1852,0.0547,0.2199,0.0376,0.0958,0.2908,0.1080,0.1691,0.0376,0.2351,0.1212
1785424531.61,47,drive,1,0.5,15.0,40.753,25.13,249.69,0.1320,0.1965,0.0352,0.1843,0.0596,0.2248,0.0352,0.0982,0.2933,0.1070,0.1652,0.0386,0.2312,0.1217
1785424531.71,47,drive,2,0.5,15.0,40.753,25.13,249.69,0.1290,0.1960,0.0381,0.1867,0.0547,0.2204,0.0357,0.0968,0.2928,0.1080,0.1667,0.0371,0.2351,0.1222
1785424533.01,47,drive,0,1.0,15.0,40.753,25.13,249.69,0.1290,0.1979,0.0371,0.1828,0.0562,0.2234,0.0367,0.0982,0.2923,0.1070,0.1676,0.0381,0.2331,0.1197
1785424533.10,47,drive,1,1.0,15.0,40.753,25.13,249.69,0.1295,0.1965,0.0357,0.1823,0.0572,0.2229,0.0371,0.0978,0.2913,0.1056,0.1657,0.0401,0.2322,0.1217
1785424533.20,47,drive,2,1.0,15.0,40.753,25.13,249.69,0.1290,0.1989,0.0367,0.1852,0.0547,0.2239,0.0391,0.0978,0.2918,0.1036,0.1672,0.0396,0.2366,0.1237
1785424534.49,47,drive,0,1.5,15.0,40.753,25.13,249.69,0.1320,0.1950,0.0362,0.1862,0.0577,0.2229,0.0352,0.0978,0.2923,0.1085,0.1608,0.0381,0.2326,0.1227
1785424534.59,47,drive,1,1.5,15.0,40.753,25.13,249.69,0.1325,0.1989,0.0376,0.1867,0.0596,0.2248,0.0327,0.0968,0.2928,0.1075,0.1662,0.0376,0.2307,0.1212
1785424534.69,47,drive,2,1.5,15.0,40.753,25.13,249.69,0.1325,0.1984,0.0381,0.1857,0.0557,0.2214,0.0352,0.0973,0.2913,0.1075,0.1667,0.0406,0.2336,0.1197
1785424535.98,47,drive,0,2.0,15.0,40.753,25.13,249.69,0.1325,0.1970,0.0352,0.1857,0.0577,0.2219,0.0352,0.0973,0.2942,0.1061,0.1676,0.0396,0.2336,0.1266
1785424536.08,47,drive,1,2.0,15.0,40.753,25.13,249.69,0.1310,0.1960,0.0347,0.1804,0.0572,0.2253,0.0337,0.0948,0.2918,0.1070,0.1672,0.0396,0.2322,0.1197
1785424536.17,47,drive,2,2.0,15.0,40.753,25.13,249.69,0.1305,0.1960,0.0352,0.1857,0.0562,0.2239,0.0327,0.0958,0.2918,0.1090,0.1652,0.0367,0.2317,0.1256
1785424537.47,47,drive,0,2.5,15.0,40.753,25.13,249.69,0.1295,0.1940,0.0362,0.1872,0.0552,0.2243,0.0342,0.0982,0.2918,0.1090,0.1672,0.0371,0.2326,0.1266
1785424537.56,47,drive,1,2.5,15.0,40.753,25.13,249.69,0.1320,0.1940,0.0371,0.1848,0.0567,0.2234,0.0362,0.0953,0.2933,0.1070,0.1676,0.0386,0.2331,0.1246
1785424537.66,47,drive,2,2.5,15.0,40.753,25.13,249.69,0.1295,0.1984,0.0342,0.1843,0.0587,0.2229,0.0352,0.0963,0.2918,0.1080,0.1686,0.0357,0.2336,0.1266
1785424538.96,47,drive,0,3.0,15.0,40.753,25.13,249.69,0.1300,0.1960,0.0367,0.1848,0.0557,0.2273,0.0342,0.0968,0.2947,0.1080,0.1657,0.0391,0.2302,0.1222
1785424539.05,47,drive,1,3.0,15.0,40.753,25.13,249.69,0.1261,0.1965,0.0381,0.1867,0.0572,0.2195,0.0396,0.0992,0.2928,0.1085,0.1642,0.0357,0.2322,0.1207
1785424539.15,47,drive,2,3.0,15.0,40.753,25.13,249.69,0.1276,0.1931,0.0362,0.1848,0.0552,0.2229,0.0352,0.0953,0.2957,0.1095,0.1647,0.0376,0.2326,0.1217
1785424540.45,47,drive,0,3.5,15.0,40.753,25.13,249.69,0.1320,0.1979,0.0371,0.1848,0.0587,0.2248,0.0352,0.0973,0.2918,0.1080,0.1676,0.0401,0.2326,0.1222
1785424540.54,47,drive,1,3.5,15.0,40.753,25.13,249.69,0.1281,0.1965,0.0381,0.1838,0.0543,0.2263,0.0337,0.0963,0.2913,0.1100,0.1637,0.0376,0.2336,0.1227
1785424540.64,47,drive,2,3.5,15.0,40.753,25.13,249.69,0.1300,0.1984,0.0376,0.1862,0.0591,0.2243,0.0337,0.0958,0.2908,0.1105,0.1632,0.0386,0.2307,0.1232
1785424541.93,47,drive,0,4.0,15.0,40.753,25.13,249.69,0.1300,0.1989,0.0352,0.1877,0.0596,0.2243,0.0352,0.0973,0.2908,0.1085,0.1632,0.0381,0.2283,0.1241
1785424542.03,47,drive,1,4.0,15.0,40.753,25.13,249.69,0.1295,0.2009,0.0367,0.1823,0.0557,0.2248,0.0367,0.0948,0.2923,0.1046,0.1676,0.0367,0.2331,0.1207
1785424542.13,47,drive,2,4.0,15.0,40.753,25.13,249.69,0.1305,0.1979,0.0347,0.1852,0.0572,0.2278,0.0376,0.0978,0.2884,0.1105,0.1642,0.0396,0.2307,0.1202
1785424543.49,49,base,0,0.0,15.0,40.753,25.13,249.69,0.1329,0.1984,0.0371,0.1843,0.0543,0.2253,0.0352,0.0978,0.2928,0.1061,0.1657,0.0386,0.2336,0.1212
1785424543.59,49,base,1,0.0,15.0,40.753,25.13,249.69,0.1320,0.1940,0.0362,0.1867,0.0533,0.2214,0.0357,0.0987,0.2942,0.1080,0.1637,0.0367,0.2312,0.1237
1785424543.69,49,base,2,0.0,15.0,40.753,25.13,249.69,0.1325,0.1970,0.0367,0.1828,0.0582,0.2209,0.0376,0.0973,0.2923,0.1046,0.1662,0.0396,0.2292,0.1227
1785424544.98,49,drive,0,0.0,15.0,40.753,25.13,249.69,0.1310,0.1979,0.0352,0.1804,0.0552,0.2297,0.0352,0.0953,0.2923,0.1061,0.1637,0.0396,0.2307,0.1212
1785424545.08,49,drive,1,0.0,15.0,40.753,25.13,249.69,0.1320,0.2009,0.0342,0.1852,0.0552,0.2224,0.0357,0.0997,0.2928,0.1075,0.1652,0.0376,0.2312,0.1207
1785424545.17,49,drive,2,0.0,15.0,40.753,25.13,249.69,0.1315,0.1994,0.0337,0.1823,0.0567,0.2248,0.0357,0.0948,0.2918,0.1075,0.1681,0.0391,0.2312,0.1227
1785424546.46,49,drive,0,0.5,15.0,40.753,25.13,249.69,0.1339,0.1975,0.0362,0.1857,0.0591,0.2263,0.0352,0.0968,0.2962,0.1080,0.1676,0.0367,0.2322,0.1212
1785424546.56,49,drive,1,0.5,15.0,40.753,25.13,249.69,0.1320,0.1940,0.0381,0.1838,0.0587,0.2243,0.0376,0.0973,0.2933,0.1085,0.1652,0.0391,0.2326,0.1256
1785424546.66,49,drive,2,0.5,15.0,40.753,25.13,249.69,0.1300,0.1975,0.0357,0.1852,0.0572,0.2234,0.0357,0.0987,0.2937,0.1065,0.1652,0.0406,0.2317,0.1232
1785424547.95,49,drive,0,1.0,15.0,40.753,25.13,249.69,0.1290,0.1975,0.0371,0.1906,0.0557,0.2239,0.0327,0.0978,0.2908,0.1119,0.1628,0.0391,0.2307,0.1212
1785424548.05,49,drive,1,1.0,15.0,40.753,25.13,249.69,0.1285,0.2023,0.0376,0.1911,0.0523,0.2273,0.0342,0.0958,0.2913,0.1134,0.1623,0.0396,0.2307,0.1237
1785424548.14,49,drive,2,1.0,15.0,40.753,25.13,249.69,0.1349,0.1960,0.0391,0.1891,0.0572,0.2229,0.0376,0.0978,0.2903,0.1109,0.1647,0.0401,0.2331,0.1232
1785424549.44,49,drive,0,1.5,15.0,40.753,25.13,249.69,0.1349,0.1955,0.0376,0.1950,0.0562,0.2234,0.0376,0.0958,0.2893,0.1237,0.1588,0.0376,0.2312,0.1241
1785424549.53,49,drive,1,1.5,15.0,40.753,25.13,249.69,0.1364,0.1984,0.0381,0.1931,0.0567,0.2239,0.0381,0.0943,0.2908,0.1227,0.1584,0.0396,0.2326,0.1222
1785424549.63,49,drive,2,1.5,15.0,40.753,25.13,249.69,0.1320,0.1970,0.0357,0.1955,0.0567,0.2234,0.0371,0.0938,0.2903,0.1241,0.1569,0.0371,0.2297,0.1237
1785424550.92,49,drive,0,2.0,15.0,40.753,25.13,249.69,0.1339,0.1975,0.0381,0.2033,0.0562,0.2141,0.0401,0.0938,0.2884,0.1354,0.1432,0.0391,0.2258,0.1261
1785424551.02,49,drive,1,2.0,15.0,40.753,25.13,249.69,0.1305,0.1984,0.0415,0.1984,0.0547,0.2160,0.0396,0.0919,0.2893,0.1359,0.1442,0.0386,0.2278,0.1207
1785424551.11,49,drive,2,2.0,15.0,40.753,25.13,249.69,0.1334,0.1940,0.0371,0.1989,0.0533,0.2155,0.0376,0.0919,0.2869,0.1378,0.1486,0.0386,0.2278,0.1251
1785424552.41,49,drive,0,2.5,15.0,40.753,25.13,249.69,0.1354,0.1975,0.0381,0.1994,0.0513,0.2048,0.0401,0.0914,0.2859,0.1442,0.1290,0.0381,0.2195,0.1232
1785424552.51,49,drive,1,2.5,15.0,40.753,25.13,249.69,0.1325,0.1960,0.0371,0.2019,0.0518,0.2038,0.0430,0.0894,0.2874,0.1476,0.1285,0.0376,0.2195,0.1276
1785424552.60,49,drive,2,2.5,15.0,40.753,25.13,249.69,0.1344,0.2004,0.0386,0.2009,0.0518,0.2063,0.0420,0.0909,0.2884,0.1447,0.1285,0.0381,0.2204,0.1222
1785424553.90,49,drive,0,3.0,15.0,40.753,25.13,249.69,0.1369,0.2023,0.0376,0.2009,0.0494,0.2009,0.0406,0.0934,0.2903,0.1388,0.1183,0.0371,0.2180,0.1271
1785424553.99,49,drive,1,3.0,15.0,40.753,25.13,249.69,0.1373,0.2033,0.0362,0.2014,0.0499,0.2004,0.0406,0.0948,0.2889,0.1373,0.1129,0.0376,0.2170,0.1246
1785424554.09,49,drive,2,3.0,15.0,40.753,25.13,249.69,0.1354,0.2023,0.0376,0.2023,0.0489,0.1994,0.0430,0.0963,0.2908,0.1373,0.1149,0.0367,0.2170,0.1276
1785424555.38,49,drive,0,3.5,15.0,40.753,25.13,249.69,0.1334,0.2043,0.0347,0.1896,0.0538,0.2063,0.0396,0.1017,0.2923,0.1163,0.1217,0.0420,0.2180,0.1256
1785424555.48,49,drive,1,3.5,15.0,40.753,25.13,249.69,0.1359,0.2028,0.0362,0.1935,0.0513,0.2087,0.0381,0.1022,0.2957,0.1158,0.1256,0.0391,0.2185,0.1251
1785424555.58,49,drive,2,3.5,15.0,40.753,25.13,249.69,0.1349,0.2023,0.0371,0.1921,0.0523,0.2087,0.0381,0.1022,0.2923,0.1163,0.1212,0.0415,0.2190,0.1251
1785424556.87,49,drive,0,4.0,15.0,40.753,25.13,249.69,0.1369,0.1999,0.0381,0.1989,0.0567,0.2258,0.0352,0.0948,0.2947,0.0992,0.1403,0.0415,0.2278,0.1266
1785424556.97,49,drive,1,4.0,15.0,40.753,25.13,249.69,0.1369,0.2004,0.0367,0.1979,0.0596,0.2234,0.0362,0.0943,0.2928,0.0997,0.1437,0.0425,0.2248,0.1256
1785424557.06,49,drive,2,4.0,15.0,40.753,25.13,249.69,0.1334,0.2033,0.0376,0.1984,0.0533,0.2234,0.0376,0.0963,0.2942,0.1002,0.1393,0.0425,0.2258,0.1266
1785424558.43,55,base,0,0.0,15.0,40.713,25.13,249.70,0.1320,0.1989,0.0357,0.1848,0.0582,0.2234,0.0376,0.0978,0.2893,0.1080,0.1628,0.0391,0.2278,0.1197
1785424558.53,55,base,1,0.0,15.0,40.713,25.13,249.70,0.1359,0.1970,0.0337,0.1833,0.0577,0.2243,0.0367,0.0982,0.2923,0.1114,0.1637,0.0381,0.2268,0.1237
1785424558.63,55,base,2,0.0,15.0,40.713,25.13,249.70,0.1305,0.1979,0.0347,0.1887,0.0567,0.2268,0.0347,0.0968,0.2903,0.1085,0.1613,0.0362,0.2287,0.1222
1785424559.92,55,drive,0,0.0,15.0,40.713,25.13,249.70,0.1300,0.1979,0.0347,0.1857,0.0572,0.2263,0.0352,0.0963,0.2923,0.1114,0.1618,0.0386,0.2273,0.1232
1785424560.02,55,drive,1,0.0,15.0,40.713,25.13,249.70,0.1315,0.1979,0.0371,0.1857,0.0572,0.2273,0.0352,0.0992,0.2923,0.1095,0.1632,0.0406,0.2283,0.1222
1785424560.11,55,drive,2,0.0,15.0,40.713,25.13,249.70,0.1320,0.1994,0.0386,0.1857,0.0582,0.2229,0.0371,0.0963,0.2923,0.1080,0.1618,0.0381,0.2312,0.1202
1785424561.40,55,drive,0,0.5,15.0,40.713,25.13,249.70,0.1315,0.1965,0.0327,0.1838,0.0562,0.2258,0.0347,0.0968,0.2923,0.1070,0.1618,0.0406,0.2292,0.1193
1785424561.50,55,drive,1,0.5,15.0,40.713,25.13,249.70,0.1325,0.1979,0.0362,0.1843,0.0557,0.2248,0.0357,0.0953,0.2898,0.1051,0.1642,0.0357,0.2297,0.1222
1785424561.60,55,drive,2,0.5,15.0,40.713,25.13,249.70,0.1305,0.1970,0.0386,0.1862,0.0552,0.2243,0.0298,0.0987,0.2928,0.1100,0.1574,0.0376,0.2292,0.1217
1785424562.90,55,drive,0,1.0,15.0,40.713,25.13,249.70,0.1295,0.1960,0.0337,0.1872,0.0567,0.2234,0.0332,0.0938,0.2928,0.1085,0.1628,0.0396,0.2302,0.1217
1785424563.00,55,drive,1,1.0,15.0,40.713,25.13,249.70,0.1290,0.1979,0.0381,0.1843,0.0547,0.2239,0.0367,0.0997,0.2937,0.1075,0.1652,0.0381,0.2307,0.1217
1785424563.09,55,drive,2,1.0,15.0,40.713,25.13,249.70,0.1325,0.1970,0.0342,0.1867,0.0572,0.2248,0.0357,0.0958,0.2928,0.1080,0.1598,0.0362,0.2263,0.1227
1785424564.38,55,drive,0,1.5,15.0,40.713,25.13,249.70,0.1329,0.1999,0.0332,0.1848,0.0572,0.2258,0.0332,0.0987,0.2908,0.1080,0.1623,0.0376,0.2283,0.1232
1785424564.48,55,drive,1,1.5,15.0,40.713,25.13,249.70,0.1325,0.1999,0.0347,0.1838,0.0577,0.2287,0.0376,0.0953,0.2933,0.1105,0.1608,0.0362,0.2278,0.1212
1785424564.58,55,drive,2,1.5,15.0,40.713,25.13,249.70,0.1320,0.1984,0.0357,0.1843,0.0587,0.2258,0.0357,0.0963,0.2923,0.1114,0.1623,0.0401,0.2317,0.1237
1785424565.87,55,drive,0,2.0,15.0,40.713,25.13,249.70,0.1305,0.1979,0.0352,0.1848,0.0567,0.2258,0.0357,0.0963,0.2918,0.1100,0.1613,0.0347,0.2302,0.1232
1785424565.97,55,drive,1,2.0,15.0,40.713,25.13,249.70,0.1320,0.1975,0.0391,0.1838,0.0591,0.2229,0.0367,0.0968,0.2918,0.1080,0.1637,0.0391,0.2287,0.1227
1785424566.07,55,drive,2,2.0,15.0,40.713,25.13,249.70,0.1305,0.1989,0.0323,0.1843,0.0557,0.2229,0.0391,0.0968,0.2903,0.1085,0.1647,0.0396,0.2297,0.1193
1785424567.36,55,drive,0,2.5,15.0,40.713,25.13,249.70,0.1271,0.1970,0.0357,0.1848,0.0596,0.2248,0.0367,0.0963,0.2903,0.1090,0.1603,0.0411,0.2326,0.1217
1785424567.46,55,drive,1,2.5,15.0,40.713,25.13,249.70,0.1329,0.1955,0.0318,0.1872,0.0596,0.2243,0.0371,0.0968,0.2898,0.1070,0.1618,0.0371,0.2302,0.1232
1785424567.55,55,drive,2,2.5,15.0,40.713,25.13,249.70,0.1295,0.1979,0.0352,0.1843,0.0587,0.2243,0.0376,0.0963,0.2884,0.1075,0.1637,0.0381,0.2302,0.1227
1785424568.85,55,drive,0,3.0,15.0,40.713,25.13,249.70,0.1320,0.1965,0.0352,0.1828,0.0538,0.2239,0.0332,0.0982,0.2918,0.1100,0.1623,0.0376,0.2263,0.1227
1785424568.95,55,drive,1,3.0,15.0,40.713,25.13,249.70,0.1315,0.1989,0.0401,0.1823,0.0577,0.2234,0.0396,0.0982,0.2903,0.1090,0.1608,0.0381,0.2292,0.1197
1785424569.04,55,drive,2,3.0,15.0,40.713,25.13,249.70,0.1300,0.2004,0.0396,0.1857,0.0572,0.2229,0.0352,0.0992,0.2903,0.1085,0.1613,0.0376,0.2297,0.1217
1785424570.34,55,drive,0,3.5,15.0,40.713,25.13,249.70,0.1290,0.1970,0.0367,0.1862,0.0572,0.2239,0.0371,0.0982,0.2898,0.1065,0.1618,0.0376,0.2297,0.1222
1785424570.43,55,drive,1,3.5,15.0,40.713,25.13,249.70,0.1290,0.1970,0.0347,0.1838,0.0547,0.2253,0.0381,0.0992,0.2903,0.1085,0.1632,0.0386,0.2287,0.1222
1785424570.53,55,drive,2,3.5,15.0,40.713,25.13,249.70,0.1334,0.1935,0.0376,0.1862,0.0591,0.2229,0.0367,0.0968,0.2918,0.1090,0.1613,0.0362,0.2307,0.1237
1785424571.82,55,drive,0,4.0,15.0,40.713,25.13,249.70,0.1310,0.1989,0.0357,0.1843,0.0601,0.2258,0.0357,0.0963,0.2918,0.1065,0.1637,0.0396,0.2307,0.1202
1785424571.92,55,drive,1,4.0,15.0,40.713,25.13,249.70,0.1329,0.1940,0.0342,0.1857,0.0572,0.2224,0.0342,0.0987,0.2913,0.1065,0.1632,0.0362,0.2283,0.1227
1785424572.02,55,drive,2,4.0,15.0,40.713,25.13,249.70,0.1315,0.1984,0.0371,0.1838,0.0587,0.2268,0.0352,0.0953,0.2918,0.1095,0.1623,0.0396,0.2273,0.1202
1785424573.39,56,base,0,0.0,15.0,40.733,25.13,249.70,0.1329,0.2019,0.0371,0.1838,0.0567,0.2239,0.0347,0.0978,0.2908,0.1085,0.1588,0.0381,0.2278,0.1207
1785424573.48,56,base,1,0.0,15.0,40.733,25.13,249.70,0.1334,0.1970,0.0381,0.1877,0.0596,0.2234,0.0323,0.0968,0.2903,0.1080,0.1588,0.0357,0.2317,0.1227
1785424573.58,56,base,2,0.0,15.0,40.733,25.13,249.70,0.1339,0.1965,0.0337,0.1848,0.0567,0.2243,0.0352,0.0958,0.2928,0.1085,0.1608,0.0396,0.2302,0.1217
1785424574.87,56,drive,0,0.0,15.0,40.733,25.13,249.70,0.1290,0.1965,0.0371,0.1848,0.0572,0.2273,0.0376,0.0978,0.2918,0.1105,0.1579,0.0376,0.2297,0.1188
1785424574.97,56,drive,1,0.0,15.0,40.733,25.13,249.70,0.1305,0.1979,0.0367,0.1857,0.0577,0.2224,0.0327,0.0973,0.2908,0.1095,0.1593,0.0347,0.2307,0.1241
1785424575.07,56,drive,2,0.0,15.0,40.733,25.13,249.70,0.1310,0.2004,0.0352,0.1833,0.0572,0.2263,0.0376,0.0978,0.2908,0.1095,0.1588,0.0376,0.2263,0.1207
1785424576.36,56,drive,0,0.5,15.0,40.733,25.13,249.70,0.1325,0.1975,0.0332,0.1857,0.0601,0.2239,0.0362,0.0968,0.2933,0.1100,0.1588,0.0381,0.2273,0.1193
1785424576.46,56,drive,1,0.5,15.0,40.733,25.13,249.70,0.1305,0.1970,0.0323,0.1877,0.0572,0.2263,0.0347,0.0963,0.2913,0.1090,0.1593,0.0376,0.2302,0.1237
1785424576.56,56,drive,2,0.5,15.0,40.733,25.13,249.70,0.1344,0.1965,0.0352,0.1852,0.0587,0.2243,0.0342,0.0978,0.2898,0.1075,0.1584,0.0376,0.2297,0.1217
1785424577.85,56,drive,0,1.0,15.0,40.733,25.13,249.70,0.1325,0.1965,0.0371,0.1872,0.0596,0.2190,0.0352,0.0982,0.2918,0.1070,0.1593,0.0386,0.2292,0.1232
1785424577.95,56,drive,1,1.0,15.0,40.733,25.13,249.70,0.1334,0.1989,0.0342,0.1862,0.0547,0.2258,0.0337,0.0958,0.2928,0.1095,0.1618,0.0362,0.2292,0.1237
1785424578.04,56,drive,2,1.0,15.0,40.733,25.13,249.70,0.1329,0.1979,0.0367,0.1848,0.0567,0.2263,0.0342,0.0943,0.2903,0.1085,0.1598,0.0362,0.2287,0.1207
1785424579.34,56,drive,0,1.5,15.0,40.733,25.13,249.70,0.1315,0.1994,0.0396,0.1852,0.0557,0.2234,0.0371,0.0987,0.2893,0.1070,0.1628,0.0362,0.2287,0.1246
1785424579.44,56,drive,1,1.5,15.0,40.733,25.13,249.70,0.1320,0.1970,0.0352,0.1882,0.0587,0.2239,0.0352,0.0992,0.2908,0.1100,0.1588,0.0371,0.2287,0.1202
1785424579.53,56,drive,2,1.5,15.0,40.733,25.13,249.70,0.1305,0.2004,0.0376,0.1862,0.0552,0.2214,0.0362,0.0982,0.2903,0.1080,0.1588,0.0386,0.2307,0.1222
1785424580.83,56,drive,0,2.0,15.0,40.733,25.13,249.70,0.1334,0.2004,0.0362,0.1852,0.0577,0.2268,0.0342,0.0953,0.2898,0.1100,0.1588,0.0362,0.2287,0.1222
1785424580.92,56,drive,1,2.0,15.0,40.733,25.13,249.70,0.1305,0.1970,0.0327,0.1852,0.0567,0.2219,0.0357,0.0978,0.2898,0.1075,0.1613,0.0411,0.2273,0.1222
1785424581.02,56,drive,2,2.0,15.0,40.733,25.13,249.70,0.1310,0.1979,0.0332,0.1882,0.0596,0.2278,0.0352,0.0958,0.2933,0.1095,0.1588,0.0391,0.2292,0.1227
1785424582.32,56,drive,0,2.5,15.0,40.733,25.13,249.70,0.1315,0.1965,0.0381,0.1857,0.0577,0.2243,0.0367,0.0968,0.2884,0.1070,0.1603,0.0376,0.2273,0.1227
1785424582.41,56,drive,1,2.5,15.0,40.733,25.13,249.70,0.1300,0.2014,0.0362,0.1843,0.0582,0.2224,0.0357,0.0982,0.2913,0.1085,0.1618,0.0396,0.2287,0.1207
1785424582.51,56,drive,2,2.5,15.0,40.733,25.13,249.70,0.1300,0.1979,0.0391,0.1877,0.0577,0.2234,0.0357,0.0978,0.2913,0.1061,0.1588,0.0376,0.2273,0.1212
1785424583.80,56,drive,0,3.0,15.0,40.733,25.13,249.70,0.1295,0.1979,0.0337,0.1833,0.0577,0.2263,0.0381,0.0968,0.2898,0.1090,0.1613,0.0347,0.2243,0.1217
1785424583.90,56,drive,1,3.0,15.0,40.733,25.13,249.70,0.1315,0.1970,0.0367,0.1887,0.0591,0.2219,0.0347,0.0968,0.2923,0.1070,0.1588,0.0396,0.2302,0.1227
1785424584.00,56,drive,2,3.0,15.0,40.733,25.13,249.70,0.1300,0.2004,0.0357,0.1813,0.0562,0.2263,0.0347,0.0968,0.2918,0.1085,0.1608,0.0381,0.2292,0.1207
1785424585.29,56,drive,0,3.5,15.0,40.733,25.13,249.70,0.1320,0.1979,0.0367,0.1823,0.0572,0.2268,0.0357,0.0948,0.2937,0.1080,0.1598,0.0396,0.2278,0.1207
1785424585.39,56,drive,1,3.5,15.0,40.733,25.13,249.70,0.1256,0.1975,0.0327,0.1872,0.0562,0.2234,0.0352,0.0953,0.2898,0.1109,0.1603,0.0367,0.2287,0.1202
1785424585.48,56,drive,2,3.5,15.0,40.733,25.13,249.70,0.1295,0.1979,0.0386,0.1857,0.0562,0.2248,0.0347,0.1007,0.2908,0.1085,0.1593,0.0371,0.2297,0.1183
1785424586.78,56,drive,0,4.0,15.0,40.733,25.13,249.70,0.1290,0.1984,0.0371,0.1823,0.0572,0.2253,0.0376,0.0978,0.2908,0.1109,0.1618,0.0386,0.2278,0.1202
1785424586.88,56,drive,1,4.0,15.0,40.733,25.13,249.70,0.1300,0.1979,0.0357,0.1852,0.0572,0.2243,0.0367,0.0978,0.2918,0.1075,0.1603,0.0376,0.2302,0.1232
1785424586.97,56,drive,2,4.0,15.0,40.733,25.13,249.70,0.1305,0.1965,0.0371,0.1848,0.0557,0.2243,0.0367,0.0963,0.2893,0.1070,0.1588,0.0371,0.2307,0.1212
1785424588.34,57,base,0,0.0,15.0,40.753,25.13,249.70,0.1266,0.1848,0.0425,0.1989,0.0440,0.2219,0.0474,0.1007,0.2805,0.1183,0.1696,0.0327,0.2317,0.1369
1785424588.44,57,base,1,0.0,15.0,40.753,25.13,249.70,0.1364,0.2014,0.0391,0.1813,0.0694,0.2219,0.0391,0.0914,0.2967,0.0973,0.1574,0.0406,0.2302,0.1178
1785424588.53,57,base,2,0.0,15.0,40.753,25.13,249.70,0.1222,0.1887,0.0425,0.1813,0.0582,0.2253,0.0464,0.0924,0.2967,0.1109,0.1598,0.0347,0.2312,0.1178
1785424589.82,57,drive,0,0.0,15.0,40.753,25.13,249.70,0.1359,0.2004,0.0381,0.1833,0.0626,0.2209,0.0371,0.0943,0.2879,0.1070,0.1588,0.0406,0.2297,0.1212
1785424589.92,57,drive,1,0.0,15.0,40.753,25.13,249.70,0.1398,0.1970,0.0469,0.1818,0.0557,0.2180,0.0323,0.0958,0.2918,0.1056,0.1637,0.0391,0.2263,0.1168
1785424590.02,57,drive,2,0.0,15.0,40.753,25.13,249.70,0.1285,0.1975,0.0430,0.1838,0.0572,0.2190,0.0323,0.0973,0.2933,0.1090,0.1554,0.0362,0.2243,0.1227
1785424591.31,57,drive,0,0.5,15.0,40.753,25.13,249.70,0.1290,0.1984,0.0342,0.1867,0.0523,0.2243,0.0327,0.1012,0.2942,0.1070,0.1657,0.0352,0.2292,0.1139
1785424591.41,57,drive,1,0.5,15.0,40.753,25.13,249.70,0.1349,0.1955,0.0347,0.1740,0.0596,0.2219,0.0406,0.0934,0.2937,0.1109,0.1603,0.0391,0.2268,0.1222
1785424591.51,57,drive,2,0.5,15.0,40.753,25.13,249.70,0.1281,0.1945,0.0371,0.1828,0.0572,0.2204,0.0362,0.0963,0.2928,0.1065,0.1554,0.0396,0.2253,0.1246
1785424592.80,57,drive,0,1.0,15.0,40.753,25.13,249.70,0.1295,0.1935,0.0327,0.1843,0.0523,0.2273,0.0435,0.1012,0.2933,0.1124,0.1579,0.0303,0.2297,0.1261
1785424592.90,57,drive,1,1.0,15.0,40.753,25.13,249.70,0.1349,0.1945,0.0371,0.1828,0.0591,0.2243,0.0318,0.0978,0.2898,0.1129,0.1593,0.0430,0.2268,0.1241
1785424592.99,57,drive,2,1.0,15.0,40.753,25.13,249.70,0.1281,0.1911,0.0342,0.1843,0.0567,0.2219,0.0396,0.0968,0.2928,0.1051,0.1598,0.0396,0.2273,0.1241
1785424594.29,57,drive,0,1.5,15.0,40.753,25.13,249.70,0.1300,0.1979,0.0357,0.1882,0.0596,0.2243,0.0381,0.0958,0.2972,0.1061,0.1628,0.0342,0.2268,0.1144
1785424594.39,57,drive,1,1.5,15.0,40.753,25.13,249.70,0.1315,0.1975,0.0415,0.1906,0.0587,0.2195,0.0367,0.0958,0.2864,0.1061,0.1569,0.0401,0.2268,0.1246
1785424594.48,57,drive,2,1.5,15.0,40.753,25.13,249.70,0.1251,0.1965,0.0332,0.1838,0.0562,0.2224,0.0318,0.0938,0.2937,0.1065,0.1584,0.0425,0.2297,0.1227
1785424595.78,57,drive,0,2.0,15.0,40.753,25.13,249.70,0.1295,0.1994,0.0327,0.1828,0.0538,0.2214,0.0352,0.0938,0.2937,0.1100,0.1603,0.0406,0.2263,0.1266
1785424595.88,57,drive,1,2.0,15.0,40.753,25.13,249.70,0.1398,0.1950,0.0347,0.1872,0.0621,0.2219,0.0323,0.0924,0.2869,0.1061,0.1584,0.0386,0.2263,0.1227
1785424595.97,57,drive,2,2.0,15.0,40.753,25.13,249.70,0.1290,0.2077,0.0342,0.1852,0.0499,0.2283,0.0371,0.0934,0.2928,0.1100,0.1579,0.0367,0.2273,0.1246
1785424597.27,57,drive,0,2.5,15.0,40.753,25.13,249.70,0.1271,0.1989,0.0362,0.1818,0.0577,0.2278,0.0367,0.0963,0.2903,0.1129,0.1588,0.0337,0.2268,0.1237
1785424597.37,57,drive,1,2.5,15.0,40.753,25.13,249.70,0.1325,0.1975,0.0347,0.1891,0.0552,0.2248,0.0337,0.0934,0.2908,0.1046,0.1569,0.0337,0.2292,0.1281
1785424597.46,57,drive,2,2.5,15.0,40.753,25.13,249.70,0.1285,0.1901,0.0376,0.1828,0.0591,0.2268,0.0357,0.1002,0.2928,0.1075,0.1637,0.0396,0.2302,0.1149
1785424598.76,57,drive,0,3.0,15.0,40.753,25.13,249.70,0.1334,0.1970,0.0357,0.1852,0.0508,0.2224,0.0303,0.0982,0.2908,0.1114,0.1593,0.0386,0.2253,0.1227
1785424598.85,57,drive,1,3.0,15.0,40.753,25.13,249.70,0.1295,0.2023,0.0357,0.1916,0.0562,0.2234,0.0318,0.0929,0.2937,0.1041,0.1632,0.0342,0.2292,0.1251
1785424598.95,57,drive,2,3.0,15.0,40.753,25.13,249.70,0.1354,0.1970,0.0352,0.1867,0.0587,0.2263,0.0288,0.0978,0.2869,0.1065,0.1593,0.0386,0.2263,0.1217
1785424600.24,57,drive,0,3.5,15.0,40.753,25.13,249.70,0.1305,0.1965,0.0303,0.1877,0.0611,0.2248,0.0371,0.0953,0.2918,0.1061,0.1662,0.0376,0.2248,0.1139
1785424600.34,57,drive,1,3.5,15.0,40.753,25.13,249.70,0.1334,0.1984,0.0396,0.1818,0.0572,0.2263,0.0332,0.0968,0.2849,0.1129,0.1588,0.0332,0.2224,0.1188
1785424600.44,57,drive,2,3.5,15.0,40.753,25.13,249.70,0.1320,0.1970,0.0342,0.1794,0.0518,0.2204,0.0415,0.0929,0.2918,0.1114,0.1588,0.0415,0.2224,0.1251
1785424601.73,57,drive,0,4.0,15.0,40.753,25.13,249.70,0.1281,0.1989,0.0342,0.1813,0.0552,0.2263,0.0474,0.0968,0.2937,0.1065,0.1657,0.0401,0.2204,0.1202
1785424601.83,57,drive,1,4.0,15.0,40.753,25.13,249.70,0.1305,0.1994,0.0313,0.1882,0.0591,0.2312,0.0342,0.0968,0.2913,0.1149,0.1603,0.0318,0.2292,0.1227
1785424601.93,57,drive,2,4.0,15.0,40.753,25.13,249.70,0.1310,0.1965,0.0376,0.1804,0.0547,0.2234,0.0376,0.1002,0.2889,0.1109,0.1574,0.0430,0.2263,0.1222
1785424603.29,58,base,0,0.0,15.0,40.693,25.13,249.70,0.1329,0.1975,0.0337,0.1877,0.0562,0.2243,0.0308,0.1017,0.2908,0.1095,0.1584,0.0357,0.2292,0.1202
1785424603.39,58,base,1,0.0,15.0,40.693,25.13,249.70,0.1197,0.1999,0.0347,0.1833,0.0538,0.2224,0.0415,0.0958,0.2879,0.1114,0.1628,0.0464,0.2214,0.1202
1785424603.49,58,base,2,0.0,15.0,40.693,25.13,249.70,0.1290,0.1935,0.0318,0.1813,0.0547,0.2248,0.0367,0.0938,0.2942,0.1119,0.1623,0.0362,0.2278,0.1193
1785424604.78,58,drive,0,0.0,15.0,40.693,25.13,249.70,0.1325,0.1882,0.0313,0.1818,0.0577,0.2214,0.0347,0.0948,0.2947,0.1124,0.1588,0.0381,0.2268,0.1202
1785424604.88,58,drive,1,0.0,15.0,40.693,25.13,249.70,0.1305,0.1994,0.0347,0.1852,0.0587,0.2248,0.0352,0.0953,0.2918,0.1090,0.1642,0.0337,0.2214,0.1217
1785424604.98,58,drive,2,0.0,15.0,40.693,25.13,249.70,0.1334,0.1999,0.0337,0.1799,0.0582,0.2253,0.0381,0.0938,0.2889,0.1095,0.1554,0.0327,0.2229,0.1266
1785424606.27,58,drive,0,0.5,15.0,40.693,25.13,249.70,0.1285,0.2043,0.0347,0.1848,0.0640,0.2243,0.0352,0.0914,0.2889,0.1134,0.1559,0.0391,0.2219,0.1232
1785424606.37,58,drive,1,0.5,15.0,40.693,25.13,249.70,0.1315,0.1979,0.0313,0.1848,0.0587,0.2268,0.0327,0.1022,0.2898,0.1085,0.1579,0.0347,0.2268,0.1188
1785424606.47,58,drive,2,0.5,15.0,40.693,25.13,249.70,0.1217,0.2023,0.0342,0.1857,0.0567,0.2248,0.0371,0.0973,0.2903,0.1100,0.1593,0.0391,0.2239,0.1237
1785424607.76,58,drive,0,1.0,15.0,40.693,25.13,249.70,0.1266,0.1965,0.0332,0.1950,0.0582,0.2287,0.0391,0.0958,0.2918,0.0987,0.1579,0.0288,0.2346,0.1202
1785424607.86,58,drive,1,1.0,15.0,40.693,25.13,249.70,0.1285,0.1979,0.0367,0.1823,0.0616,0.2239,0.0455,0.0948,0.2913,0.1031,0.1535,0.0391,0.2195,0.1197
1785424607.96,58,drive,2,1.0,15.0,40.693,25.13,249.70,0.1329,0.2028,0.0327,0.1852,0.0665,0.2258,0.0337,0.0934,0.2893,0.1095,0.1598,0.0381,0.2263,0.1285
1785424609.25,58,drive,0,1.5,15.0,40.693,25.13,249.70,0.1178,0.1965,0.0352,0.1838,0.0562,0.2253,0.0435,0.0978,0.2937,0.1061,0.1554,0.0450,0.2209,0.1232
1785424609.34,58,drive,1,1.5,15.0,40.693,25.13,249.70,0.1246,0.1979,0.0367,0.1769,0.0587,0.2209,0.0425,0.0958,0.2947,0.1129,0.1554,0.0430,0.2239,0.1256
1785424609.44,58,drive,2,1.5,15.0,40.693,25.13,249.70,0.1344,0.1926,0.0313,0.1867,0.0572,0.2263,0.0362,0.1070,0.2947,0.1090,0.1579,0.0357,0.2224,0.1237
1785424610.73,58,drive,0,2.0,15.0,40.693,25.13,249.70,0.1325,0.1999,0.0347,0.1852,0.0587,0.2253,0.0357,0.0982,0.2908,0.1085,0.1579,0.0381,0.2258,0.1197
1785424610.83,58,drive,1,2.0,15.0,40.693,25.13,249.70,0.1305,0.1994,0.0352,0.1862,0.0577,0.2243,0.0357,0.0973,0.2908,0.1080,0.1584,0.0367,0.2258,0.1212
1785424610.93,58,drive,2,2.0,15.0,40.693,25.13,249.70,0.1334,0.1960,0.0352,0.1867,0.0557,0.2243,0.0327,0.0997,0.2879,0.1085,0.1584,0.0386,0.2297,0.1227
1785424612.22,58,drive,0,2.5,15.0,40.693,25.13,249.70,0.1310,0.1975,0.0352,0.1848,0.0601,0.2224,0.0337,0.0958,0.2898,0.1095,0.1564,0.0381,0.2283,0.1237
1785424612.32,58,drive,1,2.5,15.0,40.693,25.13,249.70,0.1300,0.1999,0.0352,0.1852,0.0552,0.2234,0.0362,0.0958,0.2903,0.1085,0.1559,0.0367,0.2248,0.1212
1785424612.41,58,drive,2,2.5,15.0,40.693,25.13,249.70,0.1334,0.1984,0.0376,0.1848,0.0567,0.2239,0.0381,0.0973,0.2898,0.1075,0.1569,0.0386,0.2229,0.1207
1785424613.71,58,drive,0,3.0,15.0,40.693,25.13,249.70,0.1310,0.2004,0.0362,0.1833,0.0587,0.2263,0.0342,0.0978,0.2898,0.1051,0.1593,0.0396,0.2287,0.1188
1785424613.81,58,drive,1,3.0,15.0,40.693,25.13,249.70,0.1320,0.1979,0.0327,0.1843,0.0572,0.2239,0.0367,0.0953,0.2879,0.1090,0.1593,0.0371,0.2243,0.1193
1785424613.90,58,drive,2,3.0,15.0,40.693,25.13,249.70,0.1300,0.1984,0.0337,0.1843,0.0582,0.2234,0.0342,0.0982,0.2903,0.1100,0.1554,0.0367,0.2253,0.1217
1785424615.19,58,drive,0,3.5,15.0,40.693,25.13,249.70,0.1325,0.1940,0.0381,0.1838,0.0582,0.2263,0.0362,0.0953,0.2933,0.1105,0.1574,0.0391,0.2278,0.1227
1785424615.29,58,drive,1,3.5,15.0,40.693,25.13,249.70,0.1290,0.2004,0.0371,0.1857,0.0582,0.2229,0.0342,0.0968,0.2898,0.1051,0.1549,0.0381,0.2253,0.1217
1785424615.39,58,drive,2,3.5,15.0,40.693,25.13,249.70,0.1310,0.1975,0.0352,0.1862,0.0591,0.2243,0.0323,0.0992,0.2918,0.1070,0.1584,0.0367,0.2268,0.1227
1785424616.68,58,drive,0,4.0,15.0,40.693,25.13,249.70,0.1320,0.1950,0.0357,0.1843,0.0582,0.2248,0.0367,0.0953,0.2859,0.1095,0.1579,0.0396,0.2234,0.1237
1785424616.78,58,drive,1,4.0,15.0,40.693,25.13,249.70,0.1320,0.1984,0.0347,0.1857,0.0577,0.2253,0.0342,0.0968,0.2908,0.1080,0.1593,0.0381,0.2243,0.1217
1785424616.88,58,drive,2,4.0,15.0,40.693,25.13,249.70,0.1339,0.1975,0.0357,0.1867,0.0582,0.2248,0.0357,0.0978,0.2889,0.1090,0.1603,0.0381,0.2243,0.1212
1785424618.25,59,base,0,0.0,15.0,40.793,25.13,249.70,0.1315,0.1979,0.0357,0.1857,0.0577,0.2243,0.0337,0.0968,0.2913,0.1075,0.1564,0.0376,0.2263,0.1212
1785424618.34,59,base,1,0.0,15.0,40.793,25.13,249.70,0.1349,0.1989,0.0342,0.1848,0.0587,0.2268,0.0318,0.0982,0.2879,0.1085,0.1598,0.0381,0.2248,0.1202
1785424618.44,59,base,2,0.0,15.0,40.793,25.13,249.70,0.1320,0.1935,0.0401,0.1867,0.0591,0.2248,0.0357,0.0978,0.2889,0.1085,0.1540,0.0381,0.2268,0.1207
1785424619.73,59,drive,0,0.0,15.0,40.793,25.13,249.70,0.1315,0.2004,0.0352,0.1877,0.0591,0.2263,0.0337,0.0982,0.2884,0.1080,0.1549,0.0376,0.2273,0.1237
1785424619.83,59,drive,1,0.0,15.0,40.793,25.13,249.70,0.1300,0.1970,0.0381,0.1848,0.0591,0.2243,0.0362,0.0973,0.2903,0.1085,0.1559,0.0381,0.2248,0.1212
1785424619.93,59,drive,2,0.0,15.0,40.793,25.13,249.70,0.1300,0.1984,0.0347,0.1862,0.0587,0.2263,0.0313,0.0982,0.2913,0.1105,0.1559,0.0376,0.2258,0.1212
1785424621.22,59,drive,0,0.5,15.0,40.793,25.13,249.70,0.1325,0.1955,0.0362,0.1852,0.0587,0.2263,0.0367,0.0963,0.2918,0.1070,0.1579,0.0396,0.2253,0.1217
1785424621.32,59,drive,1,0.5,15.0,40.793,25.13,249.70,0.1329,0.2009,0.0367,0.1867,0.0572,0.2239,0.0381,0.0992,0.2879,0.1085,0.1588,0.0396,0.2268,0.1202
1785424621.42,59,drive,2,0.5,15.0,40.793,25.13,249.70,0.1315,0.1999,0.0357,0.1896,0.0552,0.2273,0.0337,0.0973,0.2918,0.1080,0.1535,0.0357,0.2253,0.1217
1785424622.71,59,drive,0,1.0,15.0,40.793,25.13,249.70,0.1310,0.1994,0.0352,0.1862,0.0557,0.2258,0.0342,0.0963,0.2884,0.1124,0.1579,0.0367,0.2239,0.1237
1785424622.81,59,drive,1,1.0,15.0,40.793,25.13,249.70,0.1320,0.1994,0.0347,0.1867,0.0567,0.2248,0.0362,0.0973,0.2854,0.1085,0.1579,0.0396,0.2263,0.1207
1785424622.90,59,drive,2,1.0,15.0,40.793,25.13,249.70,0.1305,0.1979,0.0371,0.1867,0.0562,0.2287,0.0347,0.0978,0.2898,0.1095,0.1554,0.0352,0.2243,0.1212
1785424624.19,59,drive,0,1.5,15.0,40.793,25.13,249.70,0.1315,0.1960,0.0352,0.1877,0.0567,0.2234,0.0367,0.0973,0.2879,0.1095,0.1564,0.0406,0.2248,0.1212
1785424624.29,59,drive,1,1.5,15.0,40.793,25.13,249.70,0.1295,0.1979,0.0332,0.1823,0.0567,0.2273,0.0362,0.0953,0.2908,0.1095,0.1569,0.0371,0.2229,0.1222
1785424624.39,59,drive,2,1.5,15.0,40.793,25.13,249.70,0.1344,0.2023,0.0347,0.1862,0.0591,0.2239,0.0337,0.0958,0.2923,0.1080,0.1564,0.0381,0.2248,0.1217
1785424625.68,59,drive,0,2.0,15.0,40.793,25.13,249.70,0.1310,0.1989,0.0342,0.1848,0.0606,0.2263,0.0347,0.1002,0.2908,0.1090,0.1544,0.0371,0.2239,0.1222
1785424625.78,59,drive,1,2.0,15.0,40.793,25.13,249.70,0.1334,0.1975,0.0367,0.1867,0.0596,0.2229,0.0293,0.0987,0.2903,0.1080,0.1549,0.0347,0.2253,0.1256
1785424625.87,59,drive,2,2.0,15.0,40.793,25.13,249.70,0.1300,0.1994,0.0352,0.1833,0.0543,0.2253,0.0352,0.0973,0.2884,0.1090,0.1549,0.0381,0.2278,0.1212
1785424627.17,59,drive,0,2.5,15.0,40.793,25.13,249.70,0.1329,0.1999,0.0327,0.1848,0.0557,0.2297,0.0367,0.0958,0.2889,0.1070,0.1564,0.0401,0.2258,0.1222
1785424627.26,59,drive,1,2.5,15.0,40.793,25.13,249.70,0.1329,0.1984,0.0357,0.1857,0.0562,0.2263,0.0342,0.0987,0.2903,0.1080,0.1598,0.0376,0.2219,0.1232
1785424627.36,59,drive,2,2.5,15.0,40.793,25.13,249.70,0.1285,0.1984,0.0362,0.1872,0.0577,0.2258,0.0362,0.0948,0.2893,0.1085,0.1574,0.0415,0.2248,0.1183
1785424628.65,59,drive,0,3.0,15.0,40.793,25.13,249.70,0.1320,0.1984,0.0352,0.1877,0.0572,0.2253,0.0342,0.0982,0.2898,0.1095,0.1554,0.0391,0.2248,0.1256
1785424628.75,59,drive,1,3.0,15.0,40.793,25.13,249.70,0.1325,0.1984,0.0367,0.1862,0.0572,0.2263,0.0342,0.0953,0.2908,0.1080,0.1554,0.0381,0.2258,0.1261
1785424628.85,59,drive,2,3.0,15.0,40.793,25.13,249.70,0.1310,0.1970,0.0376,0.1896,0.0577,0.2239,0.0381,0.0978,0.2893,0.1085,0.1540,0.0386,0.2258,0.1207
1785424630.14,59,drive,0,3.5,15.0,40.793,25.13,249.70,0.1325,0.1979,0.0352,0.1867,0.0591,0.2258,0.0347,0.0973,0.2903,0.1080,0.1584,0.0367,0.2234,0.1246
1785424630.24,59,drive,1,3.5,15.0,40.793,25.13,249.70,0.1305,0.1965,0.0367,0.1862,0.0582,0.2292,0.0371,0.1022,0.2893,0.1085,0.1564,0.0371,0.2248,0.1222
1785424630.34,59,drive,2,3.5,15.0,40.793,25.13,249.70,0.1305,0.1960,0.0362,0.1882,0.0567,0.2219,0.0371,0.0978,0.2884,0.1065,0.1564,0.0371,0.2253,0.1241
1785424631.63,59,drive,0,4.0,15.0,40.793,25.13,249.70,0.1310,0.1994,0.0381,0.1848,0.0582,0.2243,0.0352,0.0982,0.2889,0.1061,0.1569,0.0381,0.2234,0.1212
1785424631.72,59,drive,1,4.0,15.0,40.793,25.13,249.70,0.1344,0.1975,0.0337,0.1867,0.0587,0.2239,0.0342,0.0938,0.2864,0.1090,0.1579,0.0420,0.2263,0.1241
1785424631.82,59,drive,2,4.0,15.0,40.793,25.13,249.70,0.1295,0.1999,0.0323,0.1843,0.0562,0.2243,0.0357,0.0997,0.2874,0.1090,0.1584,0.0386,0.2243,0.1207
1785424633.18,67,base,0,0.0,15.0,40.693,25.13,249.70,0.1295,0.1994,0.0362,0.1848,0.0557,0.2258,0.0376,0.0973,0.2889,0.1100,0.1564,0.0406,0.2243,0.1212
1785424633.28,67,base,1,0.0,15.0,40.693,25.13,249.70,0.1300,0.1994,0.0386,0.1872,0.0547,0.2258,0.0362,0.0958,0.2889,0.1085,0.1574,0.0367,0.2263,0.1222
1785424633.38,67,base,2,0.0,15.0,40.693,25.13,249.70,0.1315,0.1994,0.0332,0.1852,0.0562,0.2253,0.0323,0.0963,0.2884,0.1080,0.1554,0.0376,0.2253,0.1197
1785424634.67,67,drive,0,0.0,15.0,40.693,25.13,249.70,0.1320,0.1975,0.0347,0.1852,0.0582,0.2253,0.0337,0.0987,0.2893,0.1056,0.1569,0.0391,0.2268,0.1217
1785424634.76,67,drive,1,0.0,15.0,40.693,25.13,249.70,0.1339,0.1975,0.0367,0.1867,0.0587,0.2243,0.0337,0.0987,0.2874,0.1051,0.1540,0.0401,0.2248,0.1222
1785424634.86,67,drive,2,0.0,15.0,40.693,25.13,249.70,0.1315,0.1994,0.0327,0.1848,0.0567,0.2283,0.0352,0.0973,0.2923,0.1090,0.1549,0.0386,0.2243,0.1202
1785424636.16,67,drive,0,0.5,15.0,40.693,25.13,249.70,0.1320,0.1994,0.0367,0.1833,0.0572,0.2239,0.0352,0.0973,0.2884,0.1105,0.1554,0.0381,0.2248,0.1237
1785424636.25,67,drive,1,0.5,15.0,40.693,25.13,249.70,0.1325,0.1999,0.0362,0.1882,0.0582,0.2243,0.0342,0.0963,0.2923,0.1100,0.1535,0.0376,0.2253,0.1237
1785424636.35,67,drive,2,0.5,15.0,40.693,25.13,249.70,0.1349,0.1994,0.0352,0.1843,0.0587,0.2248,0.0357,0.0968,0.2869,0.1109,0.1564,0.0381,0.2273,0.1227
1785424637.64,67,drive,0,1.0,15.0,40.693,25.13,249.70,0.1334,0.2019,0.0367,0.1823,0.0621,0.2307,0.0357,0.1002,0.2884,0.1153,0.1447,0.0386,0.2224,0.1217
1785424637.74,67,drive,1,1.0,15.0,40.693,25.13,249.70,0.1344,0.1970,0.0391,0.1862,0.0601,0.2248,0.0352,0.1012,0.2908,0.1100,0.1427,0.0396,0.2239,0.1281
1785424637.84,67,drive,2,1.0,15.0,40.693,25.13,249.70,0.1320,0.2009,0.0357,0.1857,0.0582,0.2253,0.0381,0.1017,0.2903,0.1153,0.1457,0.0396,0.2239,0.1222
1785424639.13,67,drive,0,1.5,15.0,40.693,25.13,249.70,0.1325,0.1989,0.0386,0.1872,0.0630,0.2292,0.0381,0.1026,0.2913,0.1207,0.1300,0.0381,0.2199,0.1256
1785424639.23,67,drive,1,1.5,15.0,40.693,25.13,249.70,0.1305,0.2019,0.0352,0.1852,0.0640,0.2307,0.0371,0.1051,0.2908,0.1168,0.1310,0.0386,0.2180,0.1241
1785424639.33,67,drive,2,1.5,15.0,40.693,25.13,249.70,0.1334,0.1994,0.0381,0.1862,0.0635,0.2297,0.0376,0.1046,0.2937,0.1153,0.1295,0.0396,0.2195,0.1241
1785424640.62,67,drive,0,2.0,15.0,40.693,25.13,249.70,0.1334,0.1979,0.0371,0.1896,0.0714,0.2322,0.0357,0.0968,0.2918,0.1105,0.1153,0.0386,0.2160,0.1222
1785424640.72,67,drive,1,2.0,15.0,40.693,25.13,249.70,0.1349,0.1999,0.0381,0.1882,0.0665,0.2326,0.0386,0.0968,0.2879,0.1090,0.1158,0.0415,0.2141,0.1232
1785424640.82,67,drive,2,2.0,15.0,40.693,25.13,249.70,0.1354,0.1975,0.0352,0.1896,0.0684,0.2283,0.0396,0.0948,0.2884,0.1105,0.1183,0.0401,0.2141,0.1256
1785424642.11,67,drive,0,2.5,15.0,40.693,25.13,249.70,0.1354,0.1979,0.0401,0.1984,0.0723,0.2322,0.0371,0.0870,0.2864,0.0894,0.1266,0.0420,0.2160,0.1237
1785424642.20,67,drive,1,2.5,15.0,40.693,25.13,249.70,0.1320,0.1994,0.0367,0.1984,0.0733,0.2341,0.0371,0.0821,0.2830,0.0948,0.1271,0.0425,0.2165,0.1256
1785424642.30,67,drive,2,2.5,15.0,40.693,25.13,249.70,0.1320,0.1979,0.0367,0.1970,0.0728,0.2356,0.0406,0.0821,0.2830,0.0948,0.1281,0.0415,0.2136,0.1256
1785424643.59,67,drive,0,3.0,15.0,40.693,25.13,249.70,0.1325,0.1960,0.0371,0.2097,0.0704,0.2326,0.0415,0.0689,0.2761,0.0621,0.1637,0.0420,0.2239,0.1232
1785424643.69,67,drive,1,3.0,15.0,40.693,25.13,249.70,0.1325,0.1984,0.0371,0.2063,0.0704,0.2326,0.0391,0.0674,0.2766,0.0626,0.1662,0.0406,0.2234,0.1241
1785424643.79,67,drive,2,3.0,15.0,40.693,25.13,249.70,0.1349,0.1999,0.0352,0.2092,0.0699,0.2331,0.0386,0.0674,0.2771,0.0635,0.1642,0.0411,0.2224,0.1256
1785424645.08,67,drive,0,3.5,15.0,40.693,25.13,249.70,0.1349,0.1940,0.0386,0.2116,0.0611,0.2234,0.0391,0.0635,0.2791,0.0508,0.1891,0.0420,0.2268,0.1261
1785424645.18,67,drive,1,3.5,15.0,40.693,25.13,249.70,0.1325,0.1984,0.0381,0.2107,0.0582,0.2268,0.0381,0.0626,0.2766,0.0484,0.1916,0.0445,0.2263,0.1241
1785424645.28,67,drive,2,3.5,15.0,40.693,25.13,249.70,0.1339,0.1960,0.0347,0.2111,0.0601,0.2224,0.0406,0.0616,0.2766,0.0489,0.1901,0.0406,0.2278,0.1276
1785424646.57,67,drive,0,4.0,15.0,40.693,25.13,249.70,0.1339,0.1945,0.0371,0.2009,0.0557,0.2155,0.0337,0.0797,0.2859,0.0777,0.1764,0.0406,0.2253,0.1246
1785424646.67,67,drive,1,4.0,15.0,40.693,25.13,249.70,0.1334,0.1931,0.0362,0.2009,0.0547,0.2160,0.0362,0.0811,0.2825,0.0767,0.1769,0.0401,0.2243,0.1246
1785424646.76,67,drive,2,4.0,15.0,40.693,25.13,249.70,0.1334,0.1906,0.0396,0.2014,0.0547,0.2170,0.0386,0.0772,0.2859,0.0767,0.1779,0.0381,0.2263,0.1237
1785424648.14,68,base,0,0.0,15.0,40.673,25.13,249.70,0.1300,0.1950,0.0362,0.1877,0.0577,0.2224,0.0357,0.0963,0.2859,0.1065,0.1505,0.0376,0.2155,0.1197
1785424648.23,68,base,1,0.0,15.0,40.673,25.13,249.70,0.1315,0.1945,0.0367,0.1872,0.0562,0.2199,0.0381,0.0963,0.2874,0.1061,0.1500,0.0386,0.2165,0.1207
1785424648.33,68,base,2,0.0,15.0,40.673,25.13,249.70,0.1295,0.1950,0.0347,0.1852,0.0567,0.2219,0.0347,0.0978,0.2869,0.1056,0.1505,0.0386,0.2170,0.1193
1785424649.62,68,drive,0,0.0,15.0,40.673,25.13,249.70,0.1305,0.1975,0.0362,0.1848,0.0572,0.2224,0.0357,0.0968,0.2864,0.1080,0.1466,0.0396,0.2170,0.1183
1785424649.72,68,drive,1,0.0,15.0,40.673,25.13,249.70,0.1315,0.1955,0.0371,0.1838,0.0587,0.2209,0.0376,0.0978,0.2889,0.1065,0.1471,0.0411,0.2175,0.1202
1785424649.82,68,drive,2,0.0,15.0,40.673,25.13,249.70,0.1276,0.1975,0.0352,0.1843,0.0582,0.2224,0.0347,0.0963,0.2859,0.1061,0.1530,0.0391,0.2151,0.1222
1785424651.11,68,drive,0,0.5,15.0,40.673,25.13,249.70,0.1285,0.1935,0.0347,0.1848,0.0572,0.2204,0.0386,0.0968,0.2854,0.1041,0.1496,0.0371,0.2180,0.1222
1785424651.21,68,drive,1,0.5,15.0,40.673,25.13,249.70,0.1344,0.1975,0.0362,0.1828,0.0596,0.2199,0.0337,0.0992,0.2869,0.1056,0.1510,0.0376,0.2151,0.1222
1785424651.30,68,drive,2,0.5,15.0,40.673,25.13,249.70,0.1305,0.1955,0.0347,0.1862,0.0552,0.2224,0.0401,0.0953,0.2854,0.1031,0.1530,0.0391,0.2165,0.1237
1785424652.59,68,drive,0,1.0,15.0,40.673,25.13,249.70,0.1315,0.1921,0.0371,0.1887,0.0528,0.2185,0.0367,0.1002,0.2903,0.0997,0.1500,0.0371,0.2151,0.1222
1785424652.69,68,drive,1,1.0,15.0,40.673,25.13,249.70,0.1300,0.1975,0.0357,0.1877,0.0538,0.2195,0.0381,0.1026,0.2893,0.1041,0.1491,0.0406,0.2160,0.1197
1785424652.79,68,drive,2,1.0,15.0,40.673,25.13,249.70,0.1290,0.1955,0.0371,0.1911,0.0562,0.2204,0.0376,0.1026,0.2889,0.1041,0.1471,0.0376,0.2141,0.1217
1785424654.08,68,drive,0,1.5,15.0,40.673,25.13,249.70,0.1310,0.1965,0.0381,0.1950,0.0508,0.2190,0.0386,0.1109,0.2923,0.0973,0.1432,0.0362,0.2155,0.1246
1785424654.18,68,drive,1,1.5,15.0,40.673,25.13,249.70,0.1334,0.1960,0.0357,0.1979,0.0523,0.2190,0.0357,0.1124,0.2889,0.0982,0.1427,0.0352,0.2155,0.1261
1785424654.28,68,drive,2,1.5,15.0,40.673,25.13,249.70,0.1339,0.1970,0.0332,0.1994,0.0508,0.2180,0.0347,0.1109,0.2923,0.1012,0.1422,0.0376,0.2151,0.1222
1785424655.57,68,drive,0,2.0,15.0,40.673,25.13,249.70,0.1325,0.1921,0.0386,0.2043,0.0425,0.2165,0.0386,0.1276,0.2977,0.0899,0.1452,0.0381,0.2146,0.1241
1785424655.67,68,drive,1,2.0,15.0,40.673,25.13,249.70,0.1325,0.1926,0.0371,0.2067,0.0445,0.2146,0.0367,0.1285,0.3011,0.0894,0.1422,0.0411,0.2155,0.1237
1785424655.77,68,drive,2,2.0,15.0,40.673,25.13,249.70,0.1344,0.1975,0.0337,0.2009,0.0450,0.2190,0.0371,0.1271,0.2991,0.0929,0.1403,0.0381,0.2146,0.1251
1785424657.06,68,drive,0,2.5,15.0,40.673,25.13,249.70,0.1285,0.1945,0.0352,0.2038,0.0381,0.2253,0.0386,0.1549,0.3074,0.0743,0.1535,0.0386,0.2126,0.1256
1785424657.16,68,drive,1,2.5,15.0,40.673,25.13,249.70,0.1329,0.2014,0.0347,0.2004,0.0391,0.2243,0.0386,0.1525,0.3050,0.0733,0.1535,0.0367,0.2077,0.1237
1785424657.25,68,drive,2,2.5,15.0,40.673,25.13,249.70,0.1339,0.1989,0.0352,0.2023,0.0376,0.2199,0.0420,0.1510,0.3050,0.0767,0.1525,0.0381,0.2102,0.1271
1785424658.55,68,drive,0,3.0,15.0,40.673,25.13,249.70,0.1344,0.1979,0.0352,0.1774,0.0386,0.2346,0.0420,0.1574,0.3069,0.0655,0.1720,0.0371,0.2126,0.1251
1785424658.64,68,drive,1,3.0,15.0,40.673,25.13,249.70,0.1369,0.2023,0.0396,0.1760,0.0381,0.2366,0.0459,0.1559,0.3084,0.0660,0.1750,0.0396,0.2131,0.1227
1785424658.74,68,drive,2,3.0,15.0,40.673,25.13,249.70,0.1383,0.1989,0.0367,0.1730,0.0415,0.2375,0.0411,0.1540,0.3069,0.0640,0.1735,0.0415,0.2097,0.1212
1785424660.04,68,drive,0,3.5,15.0,40.673,25.13,249.70,0.1364,0.1975,0.0381,0.1486,0.0538,0.2395,0.0445,0.1202,0.2981,0.0782,0.1828,0.0425,0.2199,0.1256
1785424660.13,68,drive,1,3.5,15.0,40.673,25.13,249.70,0.1339,0.1970,0.0391,0.1535,0.0528,0.2346,0.0435,0.1212,0.2977,0.0767,0.1789,0.0425,0.2195,0.1266
1785424660.23,68,drive,2,3.5,15.0,40.673,25.13,249.70,0.1359,0.1999,0.0371,0.1520,0.0518,0.2390,0.0415,0.1183,0.2996,0.0767,0.1828,0.0440,0.2199,0.1251
1785424661.52,68,drive,0,4.0,15.0,40.673,25.13,249.70,0.1364,0.1950,0.0381,0.1691,0.0679,0.2297,0.0386,0.0831,0.2889,0.0992,0.1584,0.0406,0.2234,0.1246
1785424661.62,68,drive,1,4.0,15.0,40.673,25.13,249.70,0.1305,0.1935,0.0386,0.1681,0.0660,0.2287,0.0386,0.0802,0.2903,0.0987,0.1588,0.0401,0.2243,0.1246
1785424661.72,68,drive,2,4.0,15.0,40.673,25.13,249.70,0.1359,0.1921,0.0391,0.1681,0.0665,0.2287,0.0371,0.0821,0.2854,0.0992,0.1598,0.0425,0.2229,0.1207
1785424663.09,72,base,0,0.0,15.0,40.693,25.13,249.71,0.1310,0.1950,0.0352,0.1862,0.0577,0.2204,0.0362,0.0958,0.2864,0.1075,0.1452,0.0362,0.2170,0.1217
1785424663.19,72,base,1,0.0,15.0,40.693,25.13,249.71,0.1325,0.1960,0.0357,0.1843,0.0572,0.2219,0.0347,0.0919,0.2840,0.1065,0.1442,0.0376,0.2175,0.1237
1785424663.29,72,base,2,0.0,15.0,40.693,25.13,249.71,0.1295,0.1945,0.0337,0.1843,0.0591,0.2224,0.0337,0.0934,0.2864,0.1090,0.1466,0.0386,0.2160,0.1212
1785424664.58,72,drive,0,0.0,15.0,40.693,25.13,249.71,0.1329,0.1945,0.0367,0.1896,0.0572,0.2199,0.0357,0.0978,0.2859,0.1046,0.1491,0.0396,0.2185,0.1207
1785424664.68,72,drive,1,0.0,15.0,40.693,25.13,249.71,0.1315,0.1926,0.0362,0.1848,0.0557,0.2209,0.0362,0.0938,0.2849,0.1080,0.1471,0.0391,0.2136,0.1241
1785424664.78,72,drive,2,0.0,15.0,40.693,25.13,249.71,0.1325,0.1916,0.0371,0.1848,0.0616,0.2253,0.0357,0.0943,0.2898,0.1075,0.1461,0.0396,0.2146,0.1227
1785424666.07,72,drive,0,0.5,15.0,40.693,25.13,249.71,0.1310,0.1950,0.0352,0.1838,0.0587,0.2204,0.0367,0.0924,0.2884,0.1080,0.1481,0.0381,0.2155,0.1217
1785424666.17,72,drive,1,0.5,15.0,40.693,25.13,249.71,0.1320,0.1955,0.0371,0.1843,0.0606,0.2214,0.0337,0.0958,0.2874,0.1075,0.1486,0.0386,0.2155,0.1207
1785424666.26,72,drive,2,0.5,15.0,40.693,25.13,249.71,0.1305,0.1940,0.0352,0.1833,0.0577,0.2209,0.0367,0.0943,0.2879,0.1065,0.1500,0.0396,0.2151,0.1237
1785424667.56,72,drive,0,1.0,15.0,40.693,25.13,249.71,0.1310,0.1950,0.0352,0.1877,0.0572,0.2234,0.0342,0.0924,0.2903,0.1080,0.1461,0.0391,0.2185,0.1232
1785424667.66,72,drive,1,1.0,15.0,40.693,25.13,249.71,0.1325,0.1935,0.0332,0.1843,0.0591,0.2209,0.0342,0.0948,0.2879,0.1085,0.1491,0.0357,0.2170,0.1202
1785424667.75,72,drive,2,1.0,15.0,40.693,25.13,249.71,0.1334,0.1965,0.0337,0.1857,0.0582,0.2229,0.0347,0.0938,0.2849,0.1070,0.1491,0.0376,0.2175,0.1222
1785424669.05,72,drive,0,1.5,15.0,40.693,25.13,249.71,0.1310,0.1945,0.0362,0.1852,0.0562,0.2214,0.0371,0.0958,0.2840,0.1075,0.1471,0.0386,0.2175,0.1237
1785424669.14,72,drive,1,1.5,15.0,40.693,25.13,249.71,0.1310,0.1955,0.0357,0.1848,0.0577,0.2234,0.0347,0.0948,0.2854,0.1090,0.1500,0.0376,0.2155,0.1217
1785424669.24,72,drive,2,1.5,15.0,40.693,25.13,249.71,0.1315,0.1970,0.0362,0.1843,0.0572,0.2229,0.0342,0.0943,0.2845,0.1070,0.1486,0.0371,0.2165,0.1212
1785424670.54,72,drive,0,2.0,15.0,40.693,25.13,249.71,0.1295,0.1926,0.0362,0.1877,0.0567,0.2229,0.0352,0.0943,0.2825,0.1070,0.1476,0.0371,0.2146,0.1232
1785424670.63,72,drive,1,2.0,15.0,40.693,25.13,249.71,0.1276,0.1975,0.0367,0.1852,0.0577,0.2209,0.0357,0.0968,0.2859,0.1056,0.1491,0.0371,0.2160,0.1207
1785424670.73,72,drive,2,2.0,15.0,40.693,25.13,249.71,0.1300,0.1960,0.0352,0.1828,0.0596,0.2195,0.0362,0.0938,0.2854,0.1080,0.1500,0.0381,0.2175,0.1202
1785424672.02,72,drive,0,2.5,15.0,40.693,25.13,249.71,0.1339,0.1935,0.0362,0.1823,0.0582,0.2214,0.0371,0.0948,0.2854,0.1065,0.1530,0.0362,0.2151,0.1222
1785424672.12,72,drive,1,2.5,15.0,40.693,25.13,249.71,0.1310,0.1965,0.0376,0.1867,0.0577,0.2229,0.0367,0.0958,0.2859,0.1056,0.1491,0.0396,0.2165,0.1207
1785424672.22,72,drive,2,2.5,15.0,40.693,25.13,249.71,0.1320,0.1926,0.0357,0.1862,0.0596,0.2253,0.0362,0.0929,0.2864,0.1070,0.1491,0.0386,0.2146,0.1246
1785424673.51,72,drive,0,3.0,15.0,40.693,25.13,249.71,0.1285,0.1945,0.0371,0.1848,0.0562,0.2234,0.0357,0.0963,0.2854,0.1070,0.1496,0.0396,0.2155,0.1212
1785424673.61,72,drive,1,3.0,15.0,40.693,25.13,249.71,0.1305,0.1955,0.0391,0.1828,0.0572,0.2229,0.0381,0.0948,0.2849,0.1051,0.1476,0.0391,0.2155,0.1207
1785424673.70,72,drive,2,3.0,15.0,40.693,25.13,249.71,0.1285,0.1945,0.0371,0.1857,0.0567,0.2229,0.0342,0.0953,0.2854,0.1065,0.1491,0.0367,0.2180,0.1232
1785424675.00,72,drive,0,3.5,15.0,40.693,25.13,249.71,0.1315,0.1970,0.0362,0.1813,0.0587,0.2219,0.0357,0.0938,0.2864,0.1056,0.1471,0.0406,0.2175,0.1188
1785424675.09,72,drive,1,3.5,15.0,40.693,25.13,249.71,0.1305,0.1935,0.0347,0.1857,0.0596,0.2180,0.0337,0.0948,0.2859,0.1056,0.1471,0.0352,0.2155,0.1256
1785424675.19,72,drive,2,3.5,15.0,40.693,25.13,249.71,0.1285,0.1970,0.0357,0.1823,0.0572,0.2219,0.0337,0.0958,0.2840,0.1065,0.1476,0.0415,0.2180,0.1217
1785424676.48,72,drive,0,4.0,15.0,40.693,25.13,249.71,0.1320,0.1911,0.0357,0.1843,0.0591,0.2229,0.0347,0.0934,0.2854,0.1061,0.1481,0.0362,0.2175,0.1232
1785424676.58,72,drive,1,4.0,15.0,40.693,25.13,249.71,0.1300,0.1931,0.0293,0.1848,0.0577,0.2209,0.0342,0.0948,0.2889,0.1070,0.1476,0.0386,0.2180,0.1246
1785424676.68,72,drive,2,4.0,15.0,40.693,25.13,249.71,0.1281,0.1955,0.0357,0.1843,0.0591,0.2234,0.0347,0.0958,0.2854,0.1056,0.1491,0.0396,0.2180,0.1193
1785424678.05,73,base,0,0.0,15.0,40.733,25.13,249.71,0.1295,0.1945,0.0396,0.1823,0.0596,0.2214,0.0342,0.0934,0.2854,0.1090,0.1481,0.0406,0.2170,0.1232
1785424678.15,73,base,1,0.0,15.0,40.733,25.13,249.71,0.1344,0.1940,0.0367,0.1833,0.0616,0.2170,0.0352,0.0963,0.2859,0.1061,0.1510,0.0391,0.2151,0.1217
1785424678.24,73,base,2,0.0,15.0,40.733,25.13,249.71,0.1320,0.1950,0.0342,0.1813,0.0577,0.2229,0.0337,0.0943,0.2874,0.1075,0.1481,0.0371,0.2170,0.1183
1785424679.53,73,drive,0,0.0,15.0,40.733,25.13,249.71,0.1325,0.1916,0.0376,0.1867,0.0587,0.2224,0.0367,0.0948,0.2840,0.1075,0.1461,0.0376,0.2131,0.1237
1785424679.63,73,drive,1,0.0,15.0,40.733,25.13,249.71,0.1300,0.1955,0.0342,0.1872,0.0577,0.2219,0.0347,0.0943,0.2874,0.1056,0.1476,0.0381,0.2160,0.1237
1785424679.73,73,drive,2,0.0,15.0,40.733,25.13,249.71,0.1315,0.1950,0.0332,0.1852,0.0567,0.2209,0.0362,0.0963,0.2864,0.1056,0.1466,0.0381,0.2155,0.1227
1785424681.02,73,drive,0,0.5,15.0,40.733,25.13,249.71,0.1310,0.1926,0.0367,0.1838,0.0591,0.2209,0.0342,0.0958,0.2864,0.1075,0.1476,0.0347,0.2170,0.1237
1785424681.12,73,drive,1,0.5,15.0,40.733,25.13,249.71,0.1300,0.1950,0.0386,0.1862,0.0562,0.2199,0.0362,0.0948,0.2845,0.1056,0.1461,0.0415,0.2155,0.1217
1785424681.21,73,drive,2,0.5,15.0,40.733,25.13,249.71,0.1305,0.1940,0.0376,0.1887,0.0582,0.2209,0.0347,0.0973,0.2869,0.1075,0.1447,0.0415,0.2199,0.1222
1785424682.50,73,drive,0,1.0,15.0,40.733,25.13,249.71,0.1300,0.1935,0.0362,0.1833,0.0557,0.2229,0.0342,0.0958,0.2845,0.1051,0.1486,0.0376,0.2180,0.1232
1785424682.60,73,drive,1,1.0,15.0,40.733,25.13,249.71,0.1320,0.1940,0.0376,0.1852,0.0587,0.2219,0.0347,0.0948,0.2869,0.1070,0.1471,0.0342,0.2165,0.1222
1785424682.70,73,drive,2,1.0,15.0,40.733,25.13,249.71,0.1320,0.1940,0.0362,0.1843,0.0567,0.2239,0.0313,0.0934,0.2869,0.1085,0.1466,0.0371,0.2170,0.1237
1785424684.00,73,drive,0,1.5,15.0,40.733,25.13,249.71,0.1329,0.1926,0.0357,0.1857,0.0582,0.2195,0.0367,0.0929,0.2864,0.1046,0.1466,0.0371,0.2155,0.1212
1785424684.10,73,drive,1,1.5,15.0,40.733,25.13,249.71,0.1295,0.1984,0.0381,0.1838,0.0557,0.2219,0.0362,0.0934,0.2869,0.1051,0.1496,0.0357,0.2185,0.1237
1785424684.19,73,drive,2,1.5,15.0,40.733,25.13,249.71,0.1300,0.1965,0.0357,0.1828,0.0577,0.2204,0.0327,0.0948,0.2864,0.1065,0.1476,0.0386,0.2180,0.1217
1785424685.49,73,drive,0,2.0,15.0,40.733,25.13,249.71,0.1310,0.1994,0.0357,0.1843,0.0587,0.2243,0.0357,0.0929,0.2835,0.1065,0.1461,0.0381,0.2170,0.1232
1785424685.58,73,drive,1,2.0,15.0,40.733,25.13,249.71,0.1315,0.1935,0.0367,0.1852,0.0591,0.2214,0.0362,0.0929,0.2849,0.1085,0.1476,0.0376,0.2146,0.1246
1785424685.68,73,drive,2,2.0,15.0,40.733,25.13,249.71,0.1315,0.1940,0.0357,0.1857,0.0601,0.2195,0.0342,0.0948,0.2849,0.1061,0.1461,0.0396,0.2175,0.1241
1785424686.98,73,drive,0,2.5,15.0,40.733,25.13,249.71,0.1290,0.1965,0.0337,0.1852,0.0547,0.2214,0.0362,0.0929,0.2859,0.1100,0.1481,0.0371,0.2160,0.1217
1785424687.07,73,drive,1,2.5,15.0,40.733,25.13,249.71,0.1300,0.1950,0.0357,0.1828,0.0596,0.2248,0.0357,0.0948,0.2854,0.1061,0.1481,0.0391,0.2165,0.1222
1785424687.17,73,drive,2,2.5,15.0,40.733,25.13,249.71,0.1290,0.1950,0.0352,0.1838,0.0572,0.2219,0.0337,0.0943,0.2864,0.1065,0.1457,0.0381,0.2180,0.1207
1785424688.46,73,drive,0,3.0,15.0,40.733,25.13,249.71,0.1290,0.1931,0.0362,0.1852,0.0547,0.2199,0.0332,0.0968,0.2864,0.1065,0.1505,0.0381,0.2175,0.1227
1785424688.56,73,drive,1,3.0,15.0,40.733,25.13,249.71,0.1300,0.1979,0.0352,0.1843,0.0591,0.2229,0.0342,0.0890,0.2835,0.1056,0.1496,0.0381,0.2160,0.1232
1785424688.66,73,drive,2,3.0,15.0,40.733,25.13,249.71,0.1310,0.1931,0.0352,0.1852,0.0582,0.2214,0.0327,0.0938,0.2864,0.1080,0.1466,0.0386,0.2185,0.1227
1785424689.95,73,drive,0,3.5,15.0,40.733,25.13,249.71,0.1295,0.1940,0.0362,0.1857,0.0572,0.2229,0.0367,0.0934,0.2884,0.1065,0.1481,0.0381,0.2195,0.1227
1785424690.05,73,drive,1,3.5,15.0,40.733,25.13,249.71,0.1305,0.1950,0.0367,0.1867,0.0582,0.2224,0.0352,0.0968,0.2864,0.1070,0.1471,0.0391,0.2160,0.1202
1785424690.14,73,drive,2,3.5,15.0,40.733,25.13,249.71,0.1325,0.1960,0.0357,0.1848,0.0596,0.2209,0.0332,0.0938,0.2854,0.1080,0.1457,0.0396,0.2165,0.1227
1785424691.43,73,drive,0,4.0,15.0,40.733,25.13,249.71,0.1300,0.1960,0.0337,0.1848,0.0596,0.2190,0.0337,0.0948,0.2874,0.1075,0.1481,0.0381,0.2165,0.1232
1785424691.53,73,drive,1,4.0,15.0,40.733,25.13,249.71,0.1256,0.1955,0.0362,0.1828,0.0582,0.2209,0.0362,0.0934,0.2845,0.1061,0.1491,0.0391,0.2160,0.1217
1785424691.63,73,drive,2,4.0,15.0,40.733,25.13,249.71,0.1310,0.1935,0.0332,0.1867,0.0577,0.2234,0.0371,0.0938,0.2869,0.1090,0.1486,0.0367,0.2160,0.1222
1785424693.00,74,base,0,0.0,15.0,40.673,25.13,249.71,0.1305,0.1926,0.0357,0.1843,0.0572,0.2209,0.0357,0.0948,0.2854,0.1075,0.1476,0.0386,0.2175,0.1193
1785424693.10,74,base,1,0.0,15.0,40.673,25.13,249.71,0.1256,0.1945,0.0376,0.1843,0.0587,0.2214,0.0401,0.0963,0.2854,0.1075,0.1486,0.0406,0.2146,0.1222
1785424693.20,74,base,2,0.0,15.0,40.673,25.13,249.71,0.1300,0.1960,0.0342,0.1852,0.0577,0.2219,0.0376,0.0948,0.2864,0.1056,0.1452,0.0391,0.2170,0.1222
1785424694.49,74,drive,0,0.0,15.0,40.673,25.13,249.71,0.1285,0.1931,0.0401,0.1882,0.0582,0.2204,0.0362,0.0973,0.2840,0.1061,0.1476,0.0391,0.2160,0.1256
1785424694.59,74,drive,1,0.0,15.0,40.673,25.13,249.71,0.1310,0.1940,0.0347,0.1862,0.0596,0.2209,0.0352,0.0973,0.2854,0.1070,0.1491,0.0367,0.2175,0.1217
1785424694.68,74,drive,2,0.0,15.0,40.673,25.13,249.71,0.1310,0.1955,0.0362,0.1818,0.0572,0.2243,0.0347,0.0953,0.2849,0.1061,0.1466,0.0406,0.2175,0.1207
1785424695.98,74,drive,0,0.5,15.0,40.673,25.13,249.71,0.1315,0.1965,0.0376,0.1862,0.0572,0.2209,0.0352,0.0958,0.2845,0.1036,0.1491,0.0401,0.2170,0.1212
1785424696.08,74,drive,1,0.5,15.0,40.673,25.13,249.71,0.1305,0.1955,0.0357,0.1838,0.0562,0.2204,0.0342,0.0943,0.2845,0.1070,0.1505,0.0371,0.2209,0.1227
1785424696.17,74,drive,2,0.5,15.0,40.673,25.13,249.71,0.1300,0.1955,0.0357,0.1862,0.0557,0.2239,0.0371,0.0987,0.2840,0.1070,0.1466,0.0371,0.2155,0.1197
1785424697.47,74,drive,0,1.0,15.0,40.673,25.13,249.71,0.1325,0.1965,0.0337,0.1833,0.0587,0.2190,0.0352,0.0958,0.2874,0.1056,0.1491,0.0391,0.2160,0.1212
1785424697.56,74,drive,1,1.0,15.0,40.673,25.13,249.71,0.1320,0.1931,0.0327,0.1848,0.0567,0.2204,0.0352,0.0953,0.2893,0.1061,0.1491,0.0381,0.2160,0.1246
1785424697.66,74,drive,2,1.0,15.0,40.673,25.13,249.71,0.1285,0.1945,0.0352,0.1877,0.0577,0.2199,0.0332,0.0948,0.2884,0.1056,0.1481,0.0381,0.2165,0.1227
1785424698.95,74,drive,0,1.5,15.0,40.673,25.13,249.71,0.1285,0.1935,0.0381,0.1848,0.0577,0.2209,0.0376,0.0948,0.2854,0.1075,0.1491,0.0401,0.2170,0.1207
1785424699.05,74,drive,1,1.5,15.0,40.673,25.13,249.71,0.1300,0.1935,0.0352,0.1828,0.0543,0.2229,0.0352,0.0938,0.2845,0.1080,0.1466,0.0352,0.2165,0.1217
1785424699.15,74,drive,2,1.5,15.0,40.673,25.13,249.71,0.1305,0.1975,0.0362,0.1867,0.0572,0.2239,0.0367,0.0943,0.2859,0.1056,0.1505,0.0376,0.2146,0.1202
1785424700.44,74,drive,0,2.0,15.0,40.673,25.13,249.71,0.1295,0.1945,0.0342,0.1828,0.0557,0.2214,0.0362,0.0934,0.2874,0.1075,0.1486,0.0396,0.2155,0.1212
1785424700.54,74,drive,1,2.0,15.0,40.673,25.13,249.71,0.1315,0.1950,0.0362,0.1848,0.0601,0.2248,0.0352,0.0929,0.2889,0.1085,0.1481,0.0386,0.2170,0.1232
1785424700.63,74,drive,2,2.0,15.0,40.673,25.13,249.71,0.1305,0.1950,0.0357,0.1857,0.0582,0.2204,0.0352,0.0948,0.2893,0.1046,0.1461,0.0376,0.2170,0.1241
1785424701.93,74,drive,0,2.5,15.0,40.673,25.13,249.71,0.1266,0.1935,0.0371,0.1852,0.0552,0.2229,0.0352,0.0958,0.2879,0.1065,0.1466,0.0376,0.2180,0.1222
1785424702.03,74,drive,1,2.5,15.0,40.673,25.13,249.71,0.1276,0.1945,0.0367,0.1813,0.0557,0.2234,0.0401,0.0943,0.2859,0.1075,0.1476,0.0420,0.2160,0.1202
1785424702.12,74,drive,2,2.5,15.0,40.673,25.13,249.71,0.1315,0.1965,0.0367,0.1843,0.0577,0.2239,0.0357,0.0948,0.2864,0.1065,0.1515,0.0371,0.2170,0.1207
1785424703.42,74,drive,0,3.0,15.0,40.673,25.13,249.71,0.1305,0.1926,0.0362,0.1823,0.0562,0.2219,0.0337,0.0973,0.2874,0.1051,0.1471,0.0386,0.2185,0.1222
1785424703.51,74,drive,1,3.0,15.0,40.673,25.13,249.71,0.1305,0.1955,0.0332,0.1852,0.0557,0.2209,0.0371,0.0934,0.2874,0.1065,0.1457,0.0381,0.2190,0.1207
1785424703.61,74,drive,2,3.0,15.0,40.673,25.13,249.71,0.1320,0.1935,0.0362,0.1857,0.0562,0.2195,0.0332,0.0963,0.2874,0.1061,0.1491,0.0391,0.2199,0.1232
1785424704.90,74,drive,0,3.5,15.0,40.673,25.13,249.71,0.1315,0.1945,0.0352,0.1838,0.0582,0.2248,0.0352,0.0963,0.2810,0.1056,0.1496,0.0367,0.2151,0.1207
1785424705.00,74,drive,1,3.5,15.0,40.673,25.13,249.71,0.1300,0.1945,0.0362,0.1872,0.0557,0.2199,0.0371,0.0938,0.2869,0.1051,0.1481,0.0391,0.2155,0.1241
1785424705.10,74,drive,2,3.5,15.0,40.673,25.13,249.71,0.1285,0.1926,0.0342,0.1813,0.0591,0.2224,0.0332,0.0953,0.2854,0.1080,0.1505,0.0381,0.2165,0.1237
1785424706.39,74,drive,0,4.0,15.0,40.673,25.13,249.71,0.1320,0.1931,0.0362,0.1838,0.0567,0.2199,0.0357,0.0948,0.2845,0.1075,0.1510,0.0386,0.2180,0.1212
1785424706.48,74,drive,1,4.0,15.0,40.673,25.13,249.71,0.1295,0.1935,0.0337,0.1833,0.0596,0.2195,0.0337,0.0943,0.2845,0.1051,0.1491,0.0376,0.2165,0.1212
1785424706.58,74,drive,2,4.0,15.0,40.673,25.13,249.71,0.1305,0.1940,0.0357,0.1804,0.0596,0.2239,0.0352,0.0968,0.2864,0.1065,0.1466,0.0391,0.2165,0.1217
1785424707.95,75,base,0,0.0,15.0,40.733,25.13,249.71,0.1329,0.1960,0.0371,0.1794,0.0572,0.2204,0.0367,0.0943,0.2874,0.1051,0.1486,0.0376,0.2199,0.1202
1785424708.05,75,base,1,0.0,15.0,40.733,25.13,249.71,0.1305,0.1940,0.0352,0.1843,0.0562,0.2199,0.0362,0.0978,0.2845,0.1075,0.1491,0.0396,0.2155,0.1246
1785424708.15,75,base,2,0.0,15.0,40.733,25.13,249.71,0.1300,0.1945,0.0371,0.1828,0.0582,0.2209,0.0357,0.0938,0.2854,0.1070,0.1486,0.0352,0.2155,0.1251
1785424709.44,75,drive,0,0.0,15.0,40.733,25.13,249.71,0.1310,0.1960,0.0367,0.1848,0.0582,0.2224,0.0367,0.0968,0.2849,0.1056,0.1505,0.0401,0.2190,0.1197
1785424709.53,75,drive,1,0.0,15.0,40.733,25.13,249.71,0.1281,0.1975,0.0367,0.1838,0.0577,0.2219,0.0352,0.0953,0.2854,0.1056,0.1496,0.0376,0.2175,0.1207
1785424709.63,75,drive,2,0.0,15.0,40.733,25.13,249.71,0.1305,0.1950,0.0367,0.1848,0.0572,0.2214,0.0357,0.0938,0.2874,0.1061,0.1471,0.0367,0.2170,0.1197
1785424710.93,75,drive,0,0.5,15.0,40.733,25.13,249.71,0.1305,0.1945,0.0347,0.1828,0.0552,0.2209,0.0332,0.0948,0.2879,0.1065,0.1457,0.0391,0.2180,0.1212
1785424711.02,75,drive,1,0.5,15.0,40.733,25.13,249.71,0.1295,0.1955,0.0318,0.1857,0.0572,0.2214,0.0323,0.0973,0.2859,0.1061,0.1476,0.0381,0.2165,0.1222
1785424711.12,75,drive,2,0.5,15.0,40.733,25.13,249.71,0.1290,0.1970,0.0381,0.1857,0.0577,0.2214,0.0371,0.0978,0.2874,0.1070,0.1496,0.0386,0.2195,0.1202
1785424712.41,75,drive,0,1.0,15.0,40.733,25.13,249.71,0.1276,0.1960,0.0367,0.1804,0.0562,0.2219,0.0347,0.0968,0.2849,0.1065,0.1496,0.0401,0.2190,0.1232
1785424712.51,75,drive,1,1.0,15.0,40.733,25.13,249.71,0.1310,0.1955,0.0357,0.1848,0.0552,0.2219,0.0386,0.0958,0.2840,0.1075,0.1515,0.0367,0.2151,0.1217
1785424712.61,75,drive,2,1.0,15.0,40.733,25.13,249.71,0.1290,0.1970,0.0376,0.1808,0.0587,0.2204,0.0352,0.0992,0.2869,0.1070,0.1471,0.0391,0.2170,0.1246
1785424713.90,75,drive,0,1.5,15.0,40.733,25.13,249.71,0.1295,0.1945,0.0347,0.1852,0.0601,0.2209,0.0337,0.0943,0.2889,0.1061,0.1500,0.0381,0.2175,0.1222
1785424714.00,75,drive,1,1.5,15.0,40.733,25.13,249.71,0.1281,0.1965,0.0352,0.1818,0.0582,0.2199,0.0352,0.0953,0.2864,0.1061,0.1481,0.0367,0.2180,0.1193
1785424714.09,75,drive,2,1.5,15.0,40.733,25.13,249.71,0.1310,0.1940,0.0386,0.1848,0.0557,0.2229,0.0352,0.0953,0.2840,0.1070,0.1491,0.0386,0.2190,0.1217
1785424715.39,75,drive,0,2.0,15.0,40.733,25.13,249.71,0.1305,0.1945,0.0357,0.1813,0.0557,0.2224,0.0367,0.0943,0.2854,0.1080,0.1496,0.0381,0.2151,0.1212
1785424715.48,75,drive,1,2.0,15.0,40.733,25.13,249.71,0.1290,0.1931,0.0362,0.1852,0.0587,0.2209,0.0318,0.0958,0.2859,0.1041,0.1515,0.0406,0.2175,0.1241
1785424715.58,75,drive,2,2.0,15.0,40.733,25.13,249.71,0.1310,0.1916,0.0342,0.1848,0.0572,0.2199,0.0347,0.0963,0.2879,0.1065,0.1466,0.0376,0.2155,0.1246
1785424716.87,75,drive,0,2.5,15.0,40.733,25.13,249.71,0.1295,0.1965,0.0352,0.1818,0.0547,0.2195,0.0337,0.0982,0.2864,0.1065,0.1481,0.0396,0.2170,0.1217
1785424716.97,75,drive,1,2.5,15.0,40.733,25.13,249.71,0.1305,0.1955,0.0357,0.1828,0.0562,0.2204,0.0347,0.0924,0.2854,0.1080,0.1491,0.0406,0.2180,0.1232
1785424717.06,75,drive,2,2.5,15.0,40.733,25.13,249.71,0.1305,0.1935,0.0327,0.1848,0.0572,0.2204,0.0347,0.0953,0.2864,0.1075,0.1471,0.0362,0.2165,0.1222
1785424718.36,75,drive,0,3.0,15.0,40.733,25.13,249.71,0.1315,0.1955,0.0342,0.1838,0.0587,0.2214,0.0352,0.0968,0.2874,0.1065,0.1515,0.0396,0.2165,0.1241
1785424718.46,75,drive,1,3.0,15.0,40.733,25.13,249.71,0.1285,0.1931,0.0352,0.1833,0.0582,0.2219,0.0362,0.0943,0.2879,0.1085,0.1461,0.0386,0.2175,0.1207
1785424718.55,75,drive,2,3.0,15.0,40.733,25.13,249.71,0.1295,0.1960,0.0357,0.1833,0.0577,0.2204,0.0352,0.0968,0.2845,0.1065,0.1510,0.0391,0.2170,0.1212
1785424719.85,75,drive,0,3.5,15.0,40.733,25.13,249.71,0.1310,0.1955,0.0318,0.1833,0.0567,0.2219,0.0347,0.0934,0.2859,0.1075,0.1515,0.0406,0.2155,0.1232
1785424719.95,75,drive,1,3.5,15.0,40.733,25.13,249.71,0.1305,0.1931,0.0367,0.1848,0.0567,0.2204,0.0371,0.0943,0.2835,0.1080,0.1481,0.0401,0.2195,0.1202
1785424720.04,75,drive,2,3.5,15.0,40.733,25.13,249.71,0.1300,0.1970,0.0352,0.1848,0.0562,0.2239,0.0362,0.0948,0.2864,0.1095,0.1481,0.0391,0.2165,0.1188
1785424721.34,75,drive,0,4.0,15.0,40.733,25.13,249.71,0.1300,0.1931,0.0347,0.1877,0.0567,0.2214,0.0347,0.0953,0.2879,0.1075,0.1481,0.0376,0.2155,0.1193
1785424721.43,75,drive,1,4.0,15.0,40.733,25.13,249.71,0.1310,0.1950,0.0342,0.1833,0.0577,0.2195,0.0381,0.0943,0.2849,0.1070,0.1520,0.0371,0.2170,0.1232
1785424721.53,75,drive,2,4.0,15.0,40.733,25.13,249.71,0.1310,0.1931,0.0342,0.1813,0.0587,0.2214,0.0332,0.0973,0.2830,0.1065,0.1486,0.0406,0.2170,0.1207
1785424722.91,76,base,0,0.0,15.0,40.733,25.13,249.71,0.1300,0.1926,0.0337,0.1852,0.0582,0.2199,0.0357,0.0943,0.2849,0.1061,0.1505,0.0327,0.2199,0.1232
1785424723.01,76,base,1,0.0,15.0,40.733,25.13,249.71,0.1285,0.1945,0.0371,0.1852,0.0538,0.2229,0.0347,0.0953,0.2864,0.1026,0.1452,0.0381,0.2185,0.1197
1785424723.10,76,base,2,0.0,15.0,40.733,25.13,249.71,0.1305,0.1935,0.0357,0.1818,0.0591,0.2219,0.0371,0.0948,0.2859,0.1080,0.1525,0.0332,0.2180,0.1222
1785424724.40,76,drive,0,0.0,15.0,40.733,25.13,249.71,0.1285,0.1940,0.0381,0.1843,0.0562,0.2195,0.0362,0.0973,0.2845,0.1070,0.1505,0.0367,0.2199,0.1232
1785424724.49,76,drive,1,0.0,15.0,40.733,25.13,249.71,0.1300,0.1931,0.0367,0.1838,0.0591,0.2204,0.0367,0.0953,0.2864,0.1056,0.1515,0.0406,0.2190,0.1207
1785424724.59,76,drive,2,0.0,15.0,40.733,25.13,249.71,0.1305,0.1950,0.0323,0.1857,0.0577,0.2209,0.0357,0.0938,0.2869,0.1061,0.1466,0.0411,0.2190,0.1237
1785424725.89,76,drive,0,0.5,15.0,40.733,25.13,249.71,0.1334,0.1950,0.0347,0.1838,0.0577,0.2239,0.0367,0.0953,0.2859,0.1061,0.1510,0.0381,0.2160,0.1212
1785424725.98,76,drive,1,0.5,15.0,40.733,25.13,249.71,0.1295,0.1931,0.0332,0.1848,0.0562,0.2195,0.0347,0.0973,0.2859,0.1070,0.1520,0.0371,0.2170,0.1237
1785424726.08,76,drive,2,0.5,15.0,40.733,25.13,249.71,0.1305,0.1931,0.0357,0.1852,0.0543,0.2204,0.0347,0.0958,0.2884,0.1051,0.1476,0.0376,0.2160,0.1232
1785424727.37,76,drive,0,1.0,15.0,40.733,25.13,249.71,0.1310,0.1935,0.0352,0.1823,0.0591,0.2204,0.0347,0.0943,0.2859,0.1056,0.1496,0.0376,0.2165,0.1207
1785424727.47,76,drive,1,1.0,15.0,40.733,25.13,249.71,0.1320,0.1940,0.0332,0.1857,0.0567,0.2209,0.0347,0.0953,0.2859,0.1046,0.1496,0.0406,0.2180,0.1237
1785424727.56,76,drive,2,1.0,15.0,40.733,25.13,249.71,0.1285,0.1940,0.0342,0.1813,0.0547,0.2234,0.0347,0.0943,0.2879,0.1095,0.1481,0.0391,0.2170,0.1193
1785424728.86,76,drive,0,1.5,15.0,40.733,25.13,249.71,0.1276,0.1945,0.0337,0.1833,0.0547,0.2229,0.0362,0.0973,0.2854,0.1056,0.1491,0.0401,0.2180,0.1197
1785424728.95,76,drive,1,1.5,15.0,40.733,25.13,249.71,0.1320,0.1916,0.0376,0.1833,0.0577,0.2224,0.0362,0.0958,0.2864,0.1051,0.1510,0.0381,0.2141,0.1222
1785424729.05,76,drive,2,1.5,15.0,40.733,25.13,249.71,0.1305,0.1940,0.0391,0.1843,0.0557,0.2199,0.0357,0.0963,0.2854,0.1065,0.1481,0.0386,0.2195,0.1202
1785424730.34,76,drive,0,2.0,15.0,40.733,25.13,249.71,0.1276,0.1940,0.0396,0.1833,0.0596,0.2239,0.0367,0.0948,0.2849,0.1056,0.1505,0.0362,0.2160,0.1227
1785424730.44,76,drive,1,2.0,15.0,40.733,25.13,249.71,0.1256,0.1955,0.0371,0.1838,0.0567,0.2209,0.0352,0.1002,0.2874,0.1070,0.1496,0.0386,0.2185,0.1197
1785424730.53,76,drive,2,2.0,15.0,40.733,25.13,249.71,0.1276,0.1921,0.0376,0.1848,0.0567,0.2214,0.0367,0.0963,0.2884,0.1065,0.1486,0.0381,0.2180,0.1241
1785424731.82,76,drive,0,2.5,15.0,40.733,25.13,249.71,0.1325,0.1965,0.0357,0.1828,0.0601,0.2219,0.0337,0.0924,0.2874,0.1075,0.1500,0.0386,0.2165,0.1237
1785424731.92,76,drive,1,2.5,15.0,40.733,25.13,249.71,0.1285,0.1965,0.0362,0.1818,0.0572,0.2253,0.0337,0.0938,0.2854,0.1070,0.1486,0.0376,0.2190,0.1212
1785424732.02,76,drive,2,2.5,15.0,40.733,25.13,249.71,0.1295,0.1931,0.0381,0.1843,0.0557,0.2229,0.0362,0.0943,0.2884,0.1070,0.1466,0.0391,0.2180,0.1237
1785424733.31,76,drive,0,3.0,15.0,40.733,25.13,249.71,0.1300,0.1926,0.0362,0.1852,0.0572,0.2209,0.0347,0.0958,0.2859,0.1022,0.1432,0.0406,0.2165,0.1246
1785424733.41,76,drive,1,3.0,15.0,40.733,25.13,249.71,0.1310,0.1965,0.0357,0.1823,0.0587,0.2219,0.0376,0.0978,0.2864,0.1065,0.1486,0.0406,0.2165,0.1207
1785424733.50,76,drive,2,3.0,15.0,40.733,25.13,249.71,0.1295,0.1955,0.0342,0.1838,0.0567,0.2204,0.0362,0.0938,0.2864,0.1070,0.1466,0.0367,0.2170,0.1217
1785424734.79,76,drive,0,3.5,15.0,40.733,25.13,249.71,0.1300,0.1931,0.0362,0.1838,0.0587,0.2209,0.0357,0.0924,0.2859,0.1080,0.1500,0.0367,0.2185,0.1246
1785424734.89,76,drive,1,3.5,15.0,40.733,25.13,249.71,0.1320,0.1935,0.0367,0.1818,0.0582,0.2229,0.0323,0.0929,0.2864,0.1070,0.1491,0.0376,0.2165,0.1237
1785424734.98,76,drive,2,3.5,15.0,40.733,25.13,249.71,0.1290,0.1960,0.0327,0.1823,0.0601,0.2219,0.0352,0.0968,0.2889,0.1031,0.1520,0.0352,0.2180,0.1222
1785424736.28,76,drive,0,4.0,15.0,40.733,25.13,249.71,0.1290,0.1955,0.0357,0.1838,0.0577,0.2219,0.0357,0.0958,0.2849,0.1075,0.1466,0.0396,0.2185,0.1202
1785424736.38,76,drive,1,4.0,15.0,40.733,25.13,249.71,0.1285,0.1935,0.0362,0.1843,0.0552,0.2219,0.0332,0.0948,0.2869,0.1046,0.1486,0.0362,0.2160,0.1241
1785424736.47,76,drive,2,4.0,15.0,40.733,25.13,249.71,0.1295,0.1960,0.0357,0.1823,0.0567,0.2204,0.0357,0.0934,0.2869,0.1056,0.1457,0.0381,0.2219,0.1222
1785424737.85,77,base,0,0.0,15.0,40.713,25.13,249.71,0.1300,0.1935,0.0362,0.1833,0.0557,0.2219,0.0347,0.0943,0.2854,0.1065,0.1476,0.0381,0.2175,0.1207
1785424737.94,77,base,1,0.0,15.0,40.713,25.13,249.71,0.1300,0.1945,0.0347,0.1828,0.0587,0.2219,0.0371,0.0938,0.2859,0.1065,0.1491,0.0386,0.2185,0.1197
1785424738.04,77,base,2,0.0,15.0,40.713,25.13,249.71,0.1305,0.1950,0.0371,0.1838,0.0567,0.2204,0.0376,0.0948,0.2854,0.1065,0.1476,0.0411,0.2190,0.1193
1785424739.33,77,drive,0,0.0,15.0,40.713,25.13,249.71,0.1295,0.1950,0.0342,0.1843,0.0562,0.2195,0.0357,0.0963,0.2879,0.1061,0.1500,0.0357,0.2185,0.1241
1785424739.43,77,drive,1,0.0,15.0,40.713,25.13,249.71,0.1300,0.1940,0.0352,0.1833,0.0582,0.2195,0.0362,0.0943,0.2845,0.1061,0.1466,0.0401,0.2170,0.1237
1785424739.52,77,drive,2,0.0,15.0,40.713,25.13,249.71,0.1261,0.1916,0.0337,0.1833,0.0572,0.2180,0.0362,0.0963,0.2864,0.1090,0.1471,0.0371,0.2165,0.1207
1785424740.81,77,drive,0,0.5,15.0,40.713,25.13,249.71,0.1285,0.1935,0.0342,0.1848,0.0562,0.2219,0.0357,0.0968,0.2849,0.1046,0.1510,0.0396,0.2175,0.1207
1785424740.91,77,drive,1,0.5,15.0,40.713,25.13,249.71,0.1300,0.1940,0.0362,0.1838,0.0577,0.2214,0.0337,0.0938,0.2879,0.1075,0.1500,0.0381,0.2175,0.1227
1785424741.01,77,drive,2,0.5,15.0,40.713,25.13,249.71,0.1300,0.1921,0.0357,0.1862,0.0567,0.2234,0.0367,0.0948,0.2869,0.1056,0.1515,0.0381,0.2165,0.1217
1785424742.30,77,drive,0,1.0,15.0,40.713,25.13,249.71,0.1325,0.1935,0.0352,0.1848,0.0543,0.2214,0.0376,0.0958,0.2849,0.1065,0.1500,0.0391,0.2190,0.1241
1785424742.40,77,drive,1,1.0,15.0,40.713,25.13,249.71,0.1281,0.1960,0.0357,0.1848,0.0562,0.2180,0.0357,0.0948,0.2879,0.1051,0.1476,0.0381,0.2170,0.1232
1785424742.50,77,drive,2,1.0,15.0,40.713,25.13,249.71,0.1285,0.1960,0.0371,0.1823,0.0572,0.2234,0.0327,0.0953,0.2849,0.1085,0.1505,0.0401,0.2195,0.1227
1785424743.79,77,drive,0,1.5,15.0,40.713,25.13,249.71,0.1310,0.1940,0.0362,0.1838,0.0557,0.2209,0.0376,0.0963,0.2864,0.1051,0.1500,0.0367,0.2170,0.1217
1785424743.89,77,drive,1,1.5,15.0,40.713,25.13,249.71,0.1266,0.1935,0.0381,0.1804,0.0562,0.2209,0.0381,0.0943,0.2845,0.1065,0.1500,0.0386,0.2175,0.1202
1785424743.98,77,drive,2,1.5,15.0,40.713,25.13,249.71,0.1305,0.1950,0.0362,0.1843,0.0552,0.2195,0.0386,0.0943,0.2854,0.1070,0.1500,0.0391,0.2175,0.1222
1785424745.28,77,drive,0,2.0,15.0,40.713,25.13,249.71,0.1271,0.1935,0.0352,0.1828,0.0582,0.2199,0.0362,0.0934,0.2884,0.1070,0.1500,0.0381,0.2180,0.1217
1785424745.37,77,drive,1,2.0,15.0,40.713,25.13,249.71,0.1281,0.1945,0.0352,0.1804,0.0567,0.2209,0.0371,0.0958,0.2854,0.1070,0.1520,0.0367,0.2209,0.1188
1785424745.47,77,drive,2,2.0,15.0,40.713,25.13,249.71,0.1290,0.1911,0.0337,0.1838,0.0601,0.2209,0.0342,0.0948,0.2869,0.1070,0.1491,0.0362,0.2165,0.1232
1785424746.76,77,drive,0,2.5,15.0,40.713,25.13,249.71,0.1285,0.1926,0.0347,0.1833,0.0582,0.2185,0.0386,0.0943,0.2859,0.1075,0.1520,0.0381,0.2199,0.1212
1785424746.86,77,drive,1,2.5,15.0,40.713,25.13,249.71,0.1305,0.1940,0.0367,0.1838,0.0587,0.2204,0.0342,0.0924,0.2869,0.1065,0.1510,0.0352,0.2199,0.1237
1785424746.96,77,drive,2,2.5,15.0,40.713,25.13,249.71,0.1290,0.1950,0.0367,0.1818,0.0582,0.2204,0.0367,0.0943,0.2845,0.1061,0.1500,0.0386,0.2160,0.1237
1785424748.25,77,drive,0,3.0,15.0,40.713,25.13,249.71,0.1295,0.1916,0.0327,0.1852,0.0577,0.2219,0.0337,0.0934,0.2864,0.1051,0.1457,0.0391,0.2146,0.1207
1785424748.34,77,drive,1,3.0,15.0,40.713,25.13,249.71,0.1285,0.1950,0.0371,0.1804,0.0552,0.2234,0.0367,0.0943,0.2869,0.1031,0.1500,0.0376,0.2180,0.1197
1785424748.44,77,drive,2,3.0,15.0,40.713,25.13,249.71,0.1261,0.1960,0.0376,0.1828,0.0557,0.2219,0.0381,0.0958,0.2884,0.1056,0.1510,0.0406,0.2180,0.1207
1785424749.73,77,drive,0,3.5,15.0,40.713,25.13,249.71,0.1300,0.1950,0.0347,0.1823,0.0562,0.2195,0.0381,0.0958,0.2864,0.1061,0.1496,0.0381,0.2165,0.1241
1785424749.83,77,drive,1,3.5,15.0,40.713,25.13,249.71,0.1305,0.1955,0.0342,0.1833,0.0572,0.2195,0.0357,0.0943,0.2854,0.1041,0.1515,0.0396,0.2170,0.1222
1785424749.93,77,drive,2,3.5,15.0,40.713,25.13,249.71,0.1329,0.1955,0.0298,0.1843,0.0547,0.2199,0.0362,0.0943,0.2835,0.1031,0.1500,0.0342,0.2165,0.1237
1785424751.22,77,drive,0,4.0,15.0,40.713,25.13,249.71,0.1261,0.1945,0.0381,0.1804,0.0572,0.2229,0.0357,0.0938,0.2869,0.1061,0.1500,0.0362,0.2160,0.1222
1785424751.32,77,drive,1,4.0,15.0,40.713,25.13,249.71,0.1295,0.1935,0.0362,0.1852,0.0572,0.2214,0.0332,0.0953,0.2879,0.1041,0.1530,0.0386,0.2170,0.1193
1785424751.42,77,drive,2,4.0,15.0,40.713,25.13,249.71,0.1305,0.1955,0.0386,0.1828,0.0591,0.2229,0.0352,0.0948,0.2879,0.1061,0.1481,0.0411,0.2151,0.1227
1785424752.78,78,base,0,0.0,15.0,40.733,25.13,249.72,0.1334,0.1945,0.0342,0.1838,0.0577,0.2209,0.0371,0.0953,0.2864,0.1056,0.1491,0.0381,0.2146,0.1241
1785424752.88,78,base,1,0.0,15.0,40.733,25.13,249.72,0.1271,0.1935,0.0357,0.1833,0.0567,0.2199,0.0362,0.0982,0.2869,0.1061,0.1476,0.0381,0.2165,0.1227
1785424752.98,78,base,2,0.0,15.0,40.733,25.13,249.72,0.1290,0.1931,0.0337,0.1862,0.0562,0.2209,0.0337,0.0953,0.2854,0.1075,0.1481,0.0396,0.2160,0.1183
1785424754.27,78,drive,0,0.0,15.0,40.733,25.13,249.72,0.1290,0.1950,0.0332,0.1833,0.0587,0.2165,0.0337,0.0987,0.2854,0.1061,0.1466,0.0391,0.2195,0.1212
1785424754.37,78,drive,1,0.0,15.0,40.733,25.13,249.72,0.1310,0.1940,0.0327,0.1828,0.0582,0.2204,0.0342,0.0948,0.2864,0.1070,0.1491,0.0401,0.2151,0.1227
1785424754.46,78,drive,2,0.0,15.0,40.733,25.13,249.72,0.1310,0.1950,0.0371,0.1848,0.0572,0.2199,0.0357,0.0968,0.2854,0.1095,0.1476,0.0342,0.2175,0.1222
1785424755.76,78,drive,0,0.5,15.0,40.733,25.13,249.72,0.1300,0.1906,0.0342,0.1848,0.0567,0.2209,0.0337,0.0938,0.2869,0.1061,0.1496,0.0362,0.2165,0.1241
1785424755.85,78,drive,1,0.5,15.0,40.733,25.13,249.72,0.1310,0.1940,0.0352,0.1808,0.0528,0.2199,0.0362,0.0948,0.2884,0.1075,0.1476,0.0396,0.2151,0.1222
1785424755.95,78,drive,2,0.5,15.0,40.733,25.13,249.72,0.1295,0.1935,0.0371,0.1823,0.0577,0.2180,0.0376,0.0948,0.2884,0.1065,0.1476,0.0381,0.2160,0.1232
1785424757.24,78,drive,0,1.0,15.0,40.733,25.13,249.72,0.1276,0.1955,0.0381,0.1804,0.0567,0.2234,0.0352,0.0938,0.2864,0.1065,0.1500,0.0381,0.2160,0.1227
1785424757.34,78,drive,1,1.0,15.0,40.733,25.13,249.72,0.1276,0.1926,0.0381,0.1828,0.0562,0.2214,0.0342,0.0963,0.2849,0.1085,0.1457,0.0406,0.2160,0.1212
1785424757.44,78,drive,2,1.0,15.0,40.733,25.13,249.72,0.1310,0.1955,0.0362,0.1833,0.0572,0.2224,0.0367,0.0948,0.2869,0.1061,0.1481,0.0391,0.2160,0.1217
1785424758.73,78,drive,0,1.5,15.0,40.733,25.13,249.72,0.1290,0.1940,0.0357,0.1833,0.0543,0.2224,0.0367,0.0963,0.2830,0.1051,0.1505,0.0386,0.2185,0.1212
1785424758.83,78,drive,1,1.5,15.0,40.733,25.13,249.72,0.1320,0.1970,0.0357,0.1818,0.0567,0.2243,0.0362,0.0929,0.2854,0.1070,0.1486,0.0371,0.2185,0.1227
1785424758.93,78,drive,2,1.5,15.0,40.733,25.13,249.72,0.1310,0.1935,0.0352,0.1838,0.0596,0.2219,0.0362,0.0943,0.2854,0.1046,0.1491,0.0401,0.2175,0.1212
1785424760.22,78,drive,0,2.0,15.0,40.733,25.13,249.72,0.1320,0.1960,0.0367,0.1838,0.0587,0.2248,0.0342,0.0934,0.2854,0.1051,0.1500,0.0391,0.2160,0.1237
1785424760.32,78,drive,1,2.0,15.0,40.733,25.13,249.72,0.1295,0.1955,0.0376,0.1862,0.0577,0.2209,0.0357,0.0992,0.2859,0.1065,0.1476,0.0386,0.2151,0.1232
1785424760.41,78,drive,2,2.0,15.0,40.733,25.13,249.72,0.1310,0.1940,0.0347,0.1843,0.0577,0.2209,0.0352,0.0943,0.2874,0.1041,0.1496,0.0391,0.2146,0.1227
1785424761.71,78,drive,0,2.5,15.0,40.733,25.13,249.72,0.1315,0.1950,0.0371,0.1838,0.0572,0.2199,0.0323,0.0953,0.2898,0.1095,0.1486,0.0371,0.2185,0.1232
1785424761.80,78,drive,1,2.5,15.0,40.733,25.13,249.72,0.1300,0.1916,0.0342,0.1872,0.0582,0.2195,0.0347,0.0968,0.2859,0.1075,0.1461,0.0381,0.2155,0.1237
1785424761.90,78,drive,2,2.5,15.0,40.733,25.13,249.72,0.1261,0.1940,0.0367,0.1833,0.0567,0.2199,0.0386,0.0938,0.2859,0.1046,0.1486,0.0386,0.2146,0.1212
1785424763.19,78,drive,0,3.0,15.0,40.733,25.13,249.72,0.1320,0.1911,0.0347,0.1833,0.0577,0.2199,0.0347,0.0904,0.2864,0.1090,0.1471,0.0362,0.2165,0.1241
1785424763.29,78,drive,1,3.0,15.0,40.733,25.13,249.72,0.1310,0.1926,0.0367,0.1828,0.0557,0.2214,0.0357,0.0968,0.2845,0.1056,0.1481,0.0386,0.2141,0.1178
1785424763.39,78,drive,2,3.0,15.0,40.733,25.13,249.72,0.1305,0.1955,0.0332,0.1833,0.0572,0.2199,0.0347,0.0973,0.2854,0.1085,0.1476,0.0381,0.2160,0.1217
1785424764.68,78,drive,0,3.5,15.0,40.733,25.13,249.72,0.1295,0.1935,0.0367,0.1838,0.0582,0.2204,0.0362,0.0953,0.2859,0.1041,0.1466,0.0391,0.2155,0.1188
1785424764.77,78,drive,1,3.5,15.0,40.733,25.13,249.72,0.1305,0.1950,0.0352,0.1833,0.0572,0.2204,0.0371,0.0938,0.2845,0.1080,0.1486,0.0357,0.2155,0.1232
1785424764.87,78,drive,2,3.5,15.0,40.733,25.13,249.72,0.1271,0.1955,0.0371,0.1848,0.0533,0.2209,0.0347,0.0958,0.2849,0.1065,0.1496,0.0396,0.2190,0.1207
1785424766.17,78,drive,0,4.0,15.0,40.733,25.13,249.72,0.1305,0.1940,0.0371,0.1843,0.0591,0.2219,0.0342,0.0924,0.2874,0.1065,0.1505,0.0367,0.2180,0.1207
1785424766.26,78,drive,1,4.0,15.0,40.733,25.13,249.72,0.1295,0.1945,0.0352,0.1843,0.0562,0.2204,0.0371,0.0943,0.2879,0.1056,0.1471,0.0386,0.2185,0.1246
1785424766.36,78,drive,2,4.0,15.0,40.733,25.13,249.72,0.1295,0.1931,0.0352,0.1848,0.0567,0.2214,0.0357,0.0914,0.2849,0.1080,0.1486,0.0362,0.2146,0.1246
1785424767.72,80,base,0,0.0,15.0,40.693,25.13,249.72,0.1325,0.1940,0.0371,0.1843,0.0591,0.2219,0.0337,0.0948,0.2864,0.1051,0.1442,0.0371,0.2155,0.1227
1785424767.82,80,base,1,0.0,15.0,40.693,25.13,249.72,0.1310,0.1935,0.0357,0.1852,0.0582,0.2243,0.0352,0.0953,0.2864,0.1056,0.1481,0.0381,0.2146,0.1232
1785424767.91,80,base,2,0.0,15.0,40.693,25.13,249.72,0.1300,0.1950,0.0347,0.1833,0.0557,0.2224,0.0367,0.0968,0.2879,0.1051,0.1471,0.0386,0.2141,0.1178
1785424769.21,80,drive,0,0.0,15.0,40.693,25.13,249.72,0.1281,0.1935,0.0352,0.1823,0.0587,0.2239,0.0381,0.0943,0.2840,0.1056,0.1486,0.0381,0.2141,0.1227
1785424769.31,80,drive,1,0.0,15.0,40.693,25.13,249.72,0.1305,0.1955,0.0371,0.1852,0.0567,0.2209,0.0367,0.0953,0.2849,0.1056,0.1486,0.0401,0.2146,0.1227
1785424769.40,80,drive,2,0.0,15.0,40.693,25.13,249.72,0.1295,0.1926,0.0352,0.1852,0.0577,0.2214,0.0342,0.0938,0.2840,0.1070,0.1471,0.0381,0.2180,0.1232
1785424770.70,80,drive,0,0.5,15.0,40.693,25.13,249.72,0.1290,0.1931,0.0347,0.1848,0.0552,0.2214,0.0337,0.0938,0.2864,0.1075,0.1452,0.0381,0.2165,0.1227
1785424770.79,80,drive,1,0.5,15.0,40.693,25.13,249.72,0.1305,0.1945,0.0337,0.1852,0.0572,0.2243,0.0347,0.0958,0.2879,0.1080,0.1452,0.0391,0.2170,0.1222
1785424770.89,80,drive,2,0.5,15.0,40.693,25.13,249.72,0.1300,0.1940,0.0342,0.1833,0.0591,0.2229,0.0327,0.0938,0.2869,0.1085,0.1457,0.0371,0.2185,0.1227
1785424772.19,80,drive,0,1.0,15.0,40.693,25.13,249.72,0.1315,0.1945,0.0337,0.1818,0.0577,0.2224,0.0386,0.0924,0.2830,0.1036,0.1461,0.0381,0.2170,0.1217
1785424772.28,80,drive,1,1.0,15.0,40.693,25.13,249.72,0.1295,0.1950,0.0352,0.1828,0.0567,0.2219,0.0357,0.0929,0.2854,0.1046,0.1471,0.0376,0.2141,0.1222
1785424772.38,80,drive,2,1.0,15.0,40.693,25.13,249.72,0.1315,0.1960,0.0318,0.1833,0.0572,0.2195,0.0352,0.0943,0.2854,0.1070,0.1466,0.0396,0.2165,0.1217
1785424773.67,80,drive,0,1.5,15.0,40.693,25.13,249.72,0.1315,0.1960,0.0347,0.1857,0.0591,0.2204,0.0367,0.0943,0.2830,0.1080,0.1461,0.0396,0.2170,0.1222
1785424773.77,80,drive,1,1.5,15.0,40.693,25.13,249.72,0.1281,0.1940,0.0396,0.1823,0.0552,0.2195,0.0352,0.0934,0.2820,0.1061,0.1481,0.0386,0.2151,0.1217
1785424773.86,80,drive,2,1.5,15.0,40.693,25.13,249.72,0.1295,0.1965,0.0386,0.1818,0.0562,0.2219,0.0362,0.0948,0.2859,0.1056,0.1466,0.0406,0.2175,0.1207
1785424775.16,80,drive,0,2.0,15.0,40.693,25.13,249.72,0.1310,0.1945,0.0352,0.1852,0.0601,0.2204,0.0347,0.0953,0.2869,0.1056,0.1452,0.0386,0.2160,0.1227
1785424775.25,80,drive,1,2.0,15.0,40.693,25.13,249.72,0.1290,0.1950,0.0362,0.1833,0.0567,0.2224,0.0357,0.0938,0.2859,0.1056,0.1461,0.0367,0.2175,0.1212
1785424775.35,80,drive,2,2.0,15.0,40.693,25.13,249.72,0.1320,0.1940,0.0352,0.1828,0.0567,0.2234,0.0357,0.0919,0.2849,0.1085,0.1466,0.0371,0.2170,0.1212
1785424776.64,80,drive,0,2.5,15.0,40.693,25.13,249.72,0.1271,0.1921,0.0352,0.1857,0.0552,0.2185,0.0347,0.0958,0.2849,0.1017,0.1486,0.0406,0.2170,0.1237
1785424776.74,80,drive,1,2.5,15.0,40.693,25.13,249.72,0.1281,0.1901,0.0347,0.1823,0.0567,0.2204,0.0352,0.0953,0.2898,0.1075,0.1452,0.0381,0.2155,0.1222
1785424776.84,80,drive,2,2.5,15.0,40.693,25.13,249.72,0.1300,0.1945,0.0347,0.1823,0.0591,0.2214,0.0347,0.0943,0.2884,0.1075,0.1442,0.0401,0.2131,0.1212
1785424778.13,80,drive,0,3.0,15.0,40.693,25.13,249.72,0.1325,0.1950,0.0357,0.1838,0.0572,0.2219,0.0367,0.0924,0.2854,0.1085,0.1461,0.0362,0.2160,0.1217
1785424778.23,80,drive,1,3.0,15.0,40.693,25.13,249.72,0.1305,0.1935,0.0347,0.1852,0.0587,0.2214,0.0327,0.0943,0.2869,0.1080,0.1466,0.0381,0.2160,0.1237
1785424778.32,80,drive,2,3.0,15.0,40.693,25.13,249.72,0.1281,0.1921,0.0376,0.1838,0.0577,0.2224,0.0342,0.0938,0.2869,0.1065,0.1461,0.0367,0.2146,0.1227
1785424779.62,80,drive,0,3.5,15.0,40.693,25.13,249.72,0.1325,0.1965,0.0352,0.1828,0.0582,0.2214,0.0323,0.0953,0.2869,0.1065,0.1471,0.0371,0.2160,0.1222
1785424779.71,80,drive,1,3.5,15.0,40.693,25.13,249.72,0.1305,0.1960,0.0371,0.1838,0.0572,0.2214,0.0386,0.0963,0.2859,0.1065,0.1457,0.0367,0.2170,0.1227
1785424779.81,80,drive,2,3.5,15.0,40.693,25.13,249.72,0.1320,0.1931,0.0367,0.1848,0.0582,0.2195,0.0357,0.0919,0.2854,0.1090,0.1461,0.0352,0.2146,0.1232
1785424781.10,80,drive,0,4.0,15.0,40.693,25.13,249.72,0.1315,0.1945,0.0362,0.1848,0.0582,0.2199,0.0367,0.0929,0.2864,0.1095,0.1442,0.0347,0.2160,0.1237
1785424781.20,80,drive,1,4.0,15.0,40.693,25.13,249.72,0.1266,0.1960,0.0352,0.1848,0.0606,0.2190,0.0332,0.0938,0.2874,0.1080,0.1452,0.0342,0.2155,0.1227
1785424781.29,80,drive,2,4.0,15.0,40.693,25.13,249.72,0.1290,0.1921,0.0362,0.1857,0.0577,0.2209,0.0362,0.0938,0.2830,0.1070,0.1447,0.0381,0.2160,0.1202
1785424782.66,81,base,0,0.0,15.0,40.773,25.13,249.72,0.1310,0.1906,0.0367,0.1833,0.0577,0.2219,0.0352,0.0938,0.2849,0.1061,0.1471,0.0386,0.2151,0.1222
1785424782.75,81,base,1,0.0,15.0,40.773,25.13,249.72,0.1300,0.1945,0.0367,0.1852,0.0577,0.2195,0.0376,0.0953,0.2874,0.1026,0.1452,0.0386,0.2165,0.1246
1785424782.85,81,base,2,0.0,15.0,40.773,25.13,249.72,0.1320,0.1921,0.0367,0.1818,0.0572,0.2224,0.0347,0.0948,0.2845,0.1070,0.1471,0.0367,0.2155,0.1246
1785424784.14,81,drive,0,0.0,15.0,40.773,25.13,249.72,0.1315,0.1940,0.0367,0.1833,0.0562,0.2234,0.0352,0.0943,0.2849,0.1070,0.1452,0.0381,0.2160,0.1232
1785424784.24,81,drive,1,0.0,15.0,40.773,25.13,249.72,0.1295,0.1940,0.0357,0.1848,0.0577,0.2204,0.0352,0.0934,0.2874,0.1031,0.1452,0.0371,0.2146,0.1212
1785424784.34,81,drive,2,0.0,15.0,40.773,25.13,249.72,0.1276,0.1955,0.0376,0.1852,0.0591,0.2185,0.0332,0.0978,0.2859,0.1036,0.1447,0.0386,0.2175,0.1227
1785424785.63,81,drive,0,0.5,15.0,40.773,25.13,249.72,0.1315,0.1950,0.0342,0.1813,0.0587,0.2209,0.0367,0.0953,0.2869,0.1080,0.1481,0.0367,0.2175,0.1232
1785424785.73,81,drive,1,0.5,15.0,40.773,25.13,249.72,0.1290,0.1955,0.0352,0.1828,0.0596,0.2199,0.0362,0.0929,0.2874,0.1056,0.1452,0.0396,0.2185,0.1227
1785424785.82,81,drive,2,0.5,15.0,40.773,25.13,249.72,0.1305,0.1950,0.0381,0.1838,0.0562,0.2190,0.0352,0.0948,0.2864,0.1090,0.1476,0.0401,0.2170,0.1217
1785424787.12,81,drive,0,1.0,15.0,40.773,25.13,249.72,0.1305,0.1935,0.0367,0.1906,0.0523,0.2195,0.0381,0.0943,0.2864,0.1139,0.1422,0.0420,0.2185,0.1222
1785424787.22,81,drive,1,1.0,15.0,40.773,25.13,249.72,0.1320,0.1935,0.0386,0.1906,0.0523,0.2204,0.0342,0.0904,0.2845,0.1158,0.1432,0.0401,0.2165,0.1237
1785424787.31,81,drive,2,1.0,15.0,40.773,25.13,249.72,0.1325,0.1955,0.0327,0.1916,0.0533,0.2195,0.0371,0.0934,0.2854,0.1100,0.1471,0.0401,0.2175,0.1207
1785424788.61,81,drive,0,1.5,15.0,40.773,25.13,249.72,0.1320,0.1945,0.0332,0.2004,0.0455,0.2155,0.0381,0.0875,0.2840,0.1246,0.1408,0.0411,0.2180,0.1232
1785424788.70,81,drive,1,1.5,15.0,40.773,25.13,249.72,0.1315,0.1940,0.0376,0.2033,0.0459,0.2141,0.0352,0.0846,0.2840,0.1256,0.1373,0.0411,0.2180,0.1256
1785424788.80,81,drive,2,1.5,15.0,40.773,25.13,249.72,0.1329,0.1950,0.0332,0.2028,0.0464,0.2126,0.0357,0.0894,0.2849,0.1285,0.1393,0.0430,0.2160,0.1251
1785424790.09,81,drive,0,2.0,15.0,40.773,25.13,249.72,0.1344,0.1935,0.0376,0.2009,0.0391,0.2092,0.0376,0.0772,0.2747,0.1388,0.1256,0.0440,0.2239,0.1237
1785424790.19,81,drive,1,2.0,15.0,40.773,25.13,249.72,0.1320,0.1916,0.0362,0.2023,0.0406,0.2077,0.0391,0.0758,0.2747,0.1378,0.1271,0.0435,0.2234,0.1241
1785424790.29,81,drive,2,2.0,15.0,40.773,25.13,249.72,0.1271,0.1931,0.0367,0.2043,0.0396,0.2087,0.0371,0.0753,0.2781,0.1388,0.1237,0.0455,0.2258,0.1237
1785424791.58,81,drive,0,2.5,15.0,40.773,25.13,249.72,0.1344,0.1970,0.0352,0.1911,0.0376,0.2028,0.0357,0.0601,0.2708,0.1466,0.1129,0.0455,0.2341,0.1222
1785424791.68,81,drive,1,2.5,15.0,40.773,25.13,249.72,0.1334,0.1935,0.0352,0.1960,0.0396,0.2033,0.0381,0.0587,0.2683,0.1427,0.1124,0.0484,0.2341,0.1232
1785424791.78,81,drive,2,2.5,15.0,40.773,25.13,249.72,0.1349,0.1970,0.0362,0.1921,0.0342,0.2028,0.0386,0.0606,0.2693,0.1452,0.1124,0.0455,0.2346,0.1227
1785424793.07,81,drive,0,3.0,15.0,40.773,25.13,249.72,0.1364,0.1926,0.0371,0.1637,0.0469,0.2028,0.0391,0.0489,0.2649,0.1290,0.1139,0.0415,0.2429,0.1246
1785424793.17,81,drive,1,3.0,15.0,40.773,25.13,249.72,0.1349,0.1926,0.0386,0.1564,0.0440,0.2077,0.0420,0.0523,0.2630,0.1295,0.1153,0.0435,0.2449,0.1237
1785424793.26,81,drive,2,3.0,15.0,40.773,25.13,249.72,0.1339,0.1960,0.0381,0.1608,0.0445,0.2043,0.0430,0.0503,0.2630,0.1290,0.1129,0.0459,0.2434,0.1241
1785424794.56,81,drive,0,3.5,15.0,40.773,25.13,249.72,0.1334,0.1935,0.0352,0.1398,0.0591,0.2136,0.0386,0.0635,0.2742,0.0958,0.1339,0.0435,0.2429,0.1241
1785424794.66,81,drive,1,3.5,15.0,40.773,25.13,249.72,0.1329,0.1965,0.0386,0.1369,0.0582,0.2165,0.0411,0.0591,0.2737,0.0968,0.1334,0.0401,0.2410,0.1246
1785424794.75,81,drive,2,3.5,15.0,40.773,25.13,249.72,0.1334,0.1911,0.0371,0.1369,0.0587,0.2160,0.0386,0.0616,0.2722,0.0973,0.1310,0.0415,0.2414,0.1241
1785424796.05,81,drive,0,4.0,15.0,40.773,25.13,249.72,0.1329,0.1906,0.0357,0.1603,0.0655,0.2234,0.0371,0.0806,0.2879,0.0855,0.1569,0.0367,0.2268,0.1251
1785424796.15,81,drive,1,4.0,15.0,40.773,25.13,249.72,0.1305,0.1916,0.0386,0.1642,0.0650,0.2185,0.0381,0.0787,0.2874,0.0836,0.1564,0.0391,0.2283,0.1251
1785424796.24,81,drive,2,4.0,15.0,40.773,25.13,249.72,0.1359,0.1926,0.0371,0.1652,0.0655,0.2199,0.0381,0.0826,0.2845,0.0836,0.1554,0.0415,0.2278,0.1266
1785424797.62,87,base,0,0.0,15.0,40.713,25.13,249.72,0.1305,0.1950,0.0367,0.1857,0.0567,0.2224,0.0371,0.0943,0.2840,0.1046,0.1457,0.0376,0.2141,0.1202
1785424797.71,87,base,1,0.0,15.0,40.713,25.13,249.72,0.1310,0.1931,0.0367,0.1833,0.0562,0.2199,0.0376,0.0914,0.2849,0.1046,0.1427,0.0376,0.2180,0.1241
1785424797.81,87,base,2,0.0,15.0,40.713,25.13,249.72,0.1325,0.1945,0.0367,0.1848,0.0596,0.2199,0.0342,0.0934,0.2849,0.1046,0.1432,0.0367,0.2160,0.1212
1785424799.10,87,drive,0,0.0,15.0,40.713,25.13,249.72,0.1305,0.1960,0.0352,0.1833,0.0562,0.2199,0.0371,0.0899,0.2879,0.1056,0.1466,0.0406,0.2170,0.1207
1785424799.20,87,drive,1,0.0,15.0,40.713,25.13,249.72,0.1300,0.1940,0.0381,0.1857,0.0577,0.2180,0.0367,0.0938,0.2835,0.1041,0.1403,0.0396,0.2151,0.1217
1785424799.30,87,drive,2,0.0,15.0,40.713,25.13,249.72,0.1320,0.1940,0.0376,0.1862,0.0562,0.2214,0.0323,0.0948,0.2859,0.1061,0.1417,0.0371,0.2136,0.1241
1785424800.59,87,drive,0,0.5,15.0,40.713,25.13,249.72,0.1325,0.1916,0.0367,0.1833,0.0552,0.2204,0.0396,0.0914,0.2869,0.1031,0.1466,0.0391,0.2141,0.1217
1785424800.69,87,drive,1,0.5,15.0,40.713,25.13,249.72,0.1305,0.1940,0.0371,0.1857,0.0552,0.2185,0.0367,0.0948,0.2849,0.1051,0.1447,0.0401,0.2160,0.1222
1785424800.78,87,drive,2,0.5,15.0,40.713,25.13,249.72,0.1315,0.1916,0.0386,0.1828,0.0596,0.2234,0.0357,0.0934,0.2859,0.1085,0.1447,0.0362,0.2146,0.1202
1785424802.08,87,drive,0,1.0,15.0,40.713,25.13,249.72,0.1290,0.1882,0.0425,0.1808,0.0572,0.2268,0.0283,0.0885,0.2859,0.1149,0.1457,0.0459,0.2253,0.1158
1785424802.18,87,drive,1,1.0,15.0,40.713,25.13,249.72,0.1413,0.1901,0.0357,0.1935,0.0674,0.1999,0.0357,0.0968,0.2796,0.1002,0.1593,0.0425,0.2038,0.1281
1785424802.27,87,drive,2,1.0,15.0,40.713,25.13,249.72,0.1222,0.1955,0.0513,0.1716,0.0562,0.2239,0.0406,0.0850,0.2898,0.1109,0.1403,0.0425,0.2234,0.1241
1785424803.57,87,drive,0,1.5,15.0,40.713,25.13,249.72,0.1339,0.1906,0.0337,0.1862,0.0582,0.2165,0.0352,0.0758,0.2859,0.1134,0.1505,0.0396,0.2151,0.1266
1785424803.67,87,drive,1,1.5,15.0,40.713,25.13,249.72,0.1388,0.1926,0.0352,0.1848,0.0567,0.2195,0.0337,0.0875,0.2786,0.1090,0.1500,0.0415,0.2160,0.1212
1785424803.76,87,drive,2,1.5,15.0,40.713,25.13,249.72,0.1305,0.1906,0.0342,0.1901,0.0528,0.2165,0.0352,0.0875,0.2869,0.0997,0.1500,0.0391,0.2234,0.1232
1785424805.06,87,drive,0,2.0,15.0,40.713,25.13,249.72,0.1369,0.1867,0.0391,0.1867,0.0543,0.2141,0.0401,0.0816,0.2781,0.1232,0.1427,0.0391,0.2180,0.1285
1785424805.15,87,drive,1,2.0,15.0,40.713,25.13,249.72,0.1315,0.1955,0.0406,0.1833,0.0484,0.2141,0.0371,0.0792,0.2864,0.1217,0.1535,0.0518,0.2151,0.1197
1785424805.25,87,drive,2,2.0,15.0,40.713,25.13,249.72,0.1349,0.1911,0.0362,0.1935,0.0494,0.2121,0.0283,0.0709,0.2791,0.1163,0.1500,0.0376,0.2263,0.1246
1785424806.55,87,drive,0,2.5,15.0,40.713,25.13,249.72,0.1373,0.1896,0.0450,0.1755,0.0513,0.2107,0.0381,0.0645,0.2742,0.1300,0.1496,0.0342,0.2287,0.1207
1785424806.64,87,drive,1,2.5,15.0,40.713,25.13,249.72,0.1315,0.1877,0.0430,0.1711,0.0513,0.2107,0.0450,0.0753,0.2801,0.1295,0.1373,0.0489,0.2336,0.1222
1785424806.74,87,drive,2,2.5,15.0,40.713,25.13,249.72,0.1373,0.1887,0.0391,0.1852,0.0440,0.2136,0.0367,0.0748,0.2649,0.1232,0.1427,0.0415,0.2258,0.1163
1785424808.03,87,drive,0,3.0,15.0,40.713,25.13,249.72,0.1378,0.1935,0.0352,0.1740,0.0440,0.2190,0.0391,0.0787,0.2801,0.1393,0.1417,0.0371,0.2170,0.1329
1785424808.13,87,drive,1,3.0,15.0,40.713,25.13,249.72,0.1339,0.1940,0.0332,0.1808,0.0425,0.2204,0.0411,0.0797,0.2771,0.1359,0.1354,0.0337,0.2204,0.1237
1785424808.23,87,drive,2,3.0,15.0,40.713,25.13,249.72,0.1334,0.1916,0.0337,0.1706,0.0484,0.2243,0.0357,0.0816,0.2815,0.1320,0.1344,0.0420,0.2302,0.1222
1785424809.52,87,drive,0,3.5,15.0,40.713,25.13,249.72,0.1325,0.1848,0.0401,0.1764,0.0479,0.2273,0.0406,0.0982,0.2820,0.1246,0.1315,0.0337,0.2224,0.1237
1785424809.61,87,drive,1,3.5,15.0,40.713,25.13,249.72,0.1256,0.1945,0.0347,0.1696,0.0562,0.2180,0.0371,0.0904,0.3021,0.1325,0.1281,0.0391,0.2209,0.1276
1785424809.71,87,drive,2,3.5,15.0,40.713,25.13,249.72,0.1300,0.1935,0.0357,0.1691,0.0523,0.2224,0.0420,0.0870,0.2840,0.1276,0.1295,0.0318,0.2204,0.1276
1785424811.01,87,drive,0,4.0,15.0,40.713,25.13,249.72,0.1349,0.1955,0.0371,0.1808,0.0591,0.2214,0.0279,0.0992,0.3016,0.0958,0.1413,0.0381,0.2268,0.1246
1785424811.10,87,drive,1,4.0,15.0,40.713,25.13,249.72,0.1373,0.1945,0.0386,0.1725,0.0552,0.2302,0.0352,0.0978,0.2918,0.0997,0.1476,0.0347,0.2199,0.1237
1785424811.20,87,drive,2,4.0,15.0,40.713,25.13,249.72,0.1300,0.1926,0.0406,0.1681,0.0572,0.2209,0.0352,0.0963,0.2908,0.0997,0.1393,0.0450,0.2214,0.1241
1785424812.57,88,base,0,0.0,15.0,40.713,25.13,249.73,0.1427,0.1935,0.0357,0.1867,0.0567,0.2248,0.0352,0.0929,0.2776,0.1065,0.1417,0.0406,0.2067,0.1261
1785424812.66,88,base,1,0.0,15.0,40.713,25.13,249.73,0.1378,0.1975,0.0342,0.1852,0.0621,0.2209,0.0362,0.0894,0.2766,0.0953,0.1505,0.0435,0.2146,0.1227
1785424812.76,88,base,2,0.0,15.0,40.713,25.13,249.73,0.1300,0.1979,0.0430,0.1764,0.0577,0.2224,0.0362,0.0885,0.2781,0.1080,0.1373,0.0430,0.2175,0.1168
1785424814.05,88,drive,0,0.0,15.0,40.713,25.13,249.73,0.1325,0.1891,0.0391,0.1843,0.0611,0.2170,0.0318,0.0987,0.2854,0.1031,0.1349,0.0450,0.2141,0.1222
1785424814.15,88,drive,1,0.0,15.0,40.713,25.13,249.73,0.1305,0.1955,0.0347,0.1735,0.0562,0.2278,0.0352,0.0914,0.2830,0.1188,0.1373,0.0391,0.2180,0.1197
1785424814.24,88,drive,2,0.0,15.0,40.713,25.13,249.73,0.1300,0.1872,0.0430,0.1857,0.0489,0.2126,0.0415,0.0934,0.2889,0.1065,0.1359,0.0430,0.2190,0.1305
1785424815.54,88,drive,0,0.5,15.0,40.713,25.13,249.73,0.1300,0.1906,0.0381,0.1818,0.0591,0.2195,0.0303,0.0924,0.2908,0.1090,0.1417,0.0415,0.2195,0.1149
1785424815.64,88,drive,1,0.5,15.0,40.713,25.13,249.73,0.1305,0.1833,0.0367,0.1896,0.0552,0.2136,0.0371,0.0953,0.2889,0.1061,0.1383,0.0352,0.2160,0.1222
1785424815.73,88,drive,2,0.5,15.0,40.713,25.13,249.73,0.1310,0.1979,0.0406,0.1911,0.0606,0.2082,0.0362,0.0958,0.2845,0.0958,0.1388,0.0332,0.2102,0.1217
1785424817.02,88,drive,0,1.0,15.0,40.713,25.13,249.73,0.1290,0.1945,0.0352,0.1882,0.0499,0.2214,0.0313,0.0894,0.2849,0.1075,0.1383,0.0347,0.2234,0.1168
1785424817.12,88,drive,1,1.0,15.0,40.713,25.13,249.73,0.1344,0.1945,0.0357,0.1838,0.0587,0.2185,0.0469,0.0850,0.2805,0.0943,0.1403,0.0391,0.2043,0.1232
1785424817.22,88,drive,2,1.0,15.0,40.713,25.13,249.73,0.1354,0.1984,0.0411,0.1833,0.0626,0.2063,0.0327,0.0890,0.2918,0.1002,0.1344,0.0435,0.2151,0.1232
1785424818.51,88,drive,0,1.5,15.0,40.713,25.13,249.73,0.1305,0.1926,0.0376,0.1813,0.0557,0.2229,0.0352,0.0904,0.2805,0.0973,0.1373,0.0376,0.2126,0.1193
1785424818.61,88,drive,1,1.5,15.0,40.713,25.13,249.73,0.1329,0.1945,0.0332,0.1857,0.0508,0.2224,0.0367,0.0943,0.2840,0.1002,0.1452,0.0371,0.2131,0.1119
1785424818.70,88,drive,2,1.5,15.0,40.713,25.13,249.73,0.1315,0.1926,0.0396,0.1799,0.0587,0.2273,0.0381,0.0914,0.2752,0.1090,0.1427,0.0411,0.2111,0.1183
1785424820.00,88,drive,0,2.0,15.0,40.713,25.13,249.73,0.1315,0.1950,0.0435,0.1823,0.0543,0.2082,0.0323,0.1012,0.2840,0.1105,0.1369,0.0401,0.2155,0.1271
1785424820.09,88,drive,1,2.0,15.0,40.713,25.13,249.73,0.1193,0.1931,0.0332,0.1984,0.0547,0.2209,0.0313,0.0958,0.2884,0.1007,0.1408,0.0401,0.2195,0.1207
1785424820.19,88,drive,2,2.0,15.0,40.713,25.13,249.73,0.1285,0.1950,0.0386,0.1779,0.0587,0.2170,0.0386,0.0953,0.2742,0.1163,0.1403,0.0474,0.2072,0.1202
1785424821.48,88,drive,0,2.5,15.0,40.713,25.13,249.73,0.1300,0.1857,0.0342,0.1848,0.0547,0.2190,0.0386,0.0929,0.2869,0.0992,0.1457,0.0371,0.2185,0.1241
1785424821.58,88,drive,1,2.5,15.0,40.713,25.13,249.73,0.1325,0.1931,0.0420,0.1852,0.0587,0.2146,0.0367,0.0929,0.2820,0.1056,0.1393,0.0376,0.2136,0.1222
1785424821.68,88,drive,2,2.5,15.0,40.713,25.13,249.73,0.1310,0.1955,0.0323,0.1882,0.0552,0.2234,0.0337,0.0860,0.2849,0.1007,0.1422,0.0362,0.2248,0.1183
1785424822.97,88,drive,0,3.0,15.0,40.713,25.13,249.73,0.1325,0.1931,0.0337,0.1813,0.0567,0.2185,0.0430,0.0919,0.2879,0.1149,0.1427,0.0455,0.2165,0.1251
1785424823.07,88,drive,1,3.0,15.0,40.713,25.13,249.73,0.1295,0.1901,0.0469,0.1857,0.0640,0.2219,0.0367,0.0914,0.2840,0.1051,0.1354,0.0371,0.2136,0.1276
1785424823.16,88,drive,2,3.0,15.0,40.713,25.13,249.73,0.1320,0.1935,0.0327,0.1843,0.0650,0.2229,0.0367,0.0963,0.2845,0.1041,0.1339,0.0401,0.2111,0.1251
1785424824.45,88,drive,0,3.5,15.0,40.713,25.13,249.73,0.1315,0.1950,0.0357,0.1818,0.0562,0.2219,0.0371,0.0904,0.2854,0.1051,0.1427,0.0376,0.2141,0.1202
1785424824.55,88,drive,1,3.5,15.0,40.713,25.13,249.73,0.1310,0.1984,0.0357,0.1828,0.0587,0.2180,0.0347,0.0929,0.2874,0.1075,0.1417,0.0396,0.2131,0.1227
1785424824.65,88,drive,2,3.5,15.0,40.713,25.13,249.73,0.1334,0.1984,0.0337,0.1867,0.0582,0.2214,0.0352,0.0919,0.2840,0.1065,0.1417,0.0386,0.2126,0.1207
1785424825.94,88,drive,0,4.0,15.0,40.713,25.13,249.73,0.1300,0.1935,0.0381,0.1843,0.0577,0.2214,0.0381,0.0909,0.2815,0.1061,0.1408,0.0367,0.2165,0.1222
1785424826.04,88,drive,1,4.0,15.0,40.713,25.13,249.73,0.1315,0.1955,0.0347,0.1838,0.0552,0.2229,0.0352,0.0914,0.2835,0.1075,0.1432,0.0401,0.2146,0.1222
1785424826.13,88,drive,2,4.0,15.0,40.713,25.13,249.73,0.1300,0.1940,0.0347,0.1843,0.0577,0.2214,0.0347,0.0904,0.2845,0.1051,0.1393,0.0386,0.2151,0.1227
1785424827.50,89,base,0,0.0,15.0,40.713,25.13,249.72,0.1271,0.1906,0.0342,0.1843,0.0557,0.2204,0.0357,0.0948,0.2864,0.1051,0.1413,0.0391,0.2141,0.1222
1785424827.60,89,base,1,0.0,15.0,40.713,25.13,249.72,0.1305,0.1945,0.0342,0.1843,0.0606,0.2214,0.0347,0.0938,0.2840,0.1065,0.1417,0.0362,0.2126,0.1241
1785424827.70,89,base,2,0.0,15.0,40.713,25.13,249.72,0.1276,0.1955,0.0342,0.1828,0.0582,0.2195,0.0342,0.0904,0.2840,0.1070,0.1427,0.0352,0.2141,0.1212
1785424828.99,89,drive,0,0.0,15.0,40.713,25.13,249.72,0.1305,0.1940,0.0337,0.1848,0.0577,0.2185,0.0327,0.0909,0.2854,0.1070,0.1413,0.0362,0.2136,0.1193
1785424829.09,89,drive,1,0.0,15.0,40.713,25.13,249.72,0.1329,0.1921,0.0367,0.1872,0.0596,0.2190,0.0327,0.0914,0.2849,0.1085,0.1417,0.0386,0.2146,0.1202
1785424829.18,89,drive,2,0.0,15.0,40.713,25.13,249.72,0.1290,0.1931,0.0367,0.1857,0.0591,0.2204,0.0327,0.0924,0.2859,0.1075,0.1403,0.0371,0.2160,0.1217
1785424830.48,89,drive,0,0.5,15.0,40.713,25.13,249.72,0.1295,0.1926,0.0332,0.1818,0.0552,0.2204,0.0332,0.0924,0.2859,0.1061,0.1413,0.0411,0.2131,0.1207
1785424830.58,89,drive,1,0.5,15.0,40.713,25.13,249.72,0.1305,0.1955,0.0371,0.1852,0.0572,0.2199,0.0323,0.0929,0.2840,0.1046,0.1432,0.0381,0.2155,0.1222
1785424830.67,89,drive,2,0.5,15.0,40.713,25.13,249.72,0.1310,0.1916,0.0323,0.1843,0.0538,0.2195,0.0367,0.0934,0.2840,0.1061,0.1393,0.0386,0.2141,0.1227
1785424831.96,89,drive,0,1.0,15.0,40.713,25.13,249.72,0.1315,0.1940,0.0332,0.1857,0.0552,0.2214,0.0347,0.0919,0.2840,0.1065,0.1417,0.0367,0.2141,0.1207
1785424832.06,89,drive,1,1.0,15.0,40.713,25.13,249.72,0.1295,0.1940,0.0347,0.1813,0.0547,0.2204,0.0357,0.0894,0.2859,0.1056,0.1403,0.0371,0.2136,0.1217
1785424832.16,89,drive,2,1.0,15.0,40.713,25.13,249.72,0.1325,0.1940,0.0352,0.1867,0.0562,0.2214,0.0371,0.0938,0.2835,0.1070,0.1422,0.0391,0.2131,0.1227
1785424833.45,89,drive,0,1.5,15.0,40.713,25.13,249.72,0.1315,0.1931,0.0347,0.1848,0.0596,0.2219,0.0332,0.0914,0.2864,0.1075,0.1427,0.0381,0.2121,0.1222
1785424833.55,89,drive,1,1.5,15.0,40.713,25.13,249.72,0.1315,0.1926,0.0327,0.1877,0.0547,0.2190,0.0337,0.0919,0.2849,0.1065,0.1403,0.0381,0.2155,0.1227
1785424833.65,89,drive,2,1.5,15.0,40.713,25.13,249.72,0.1305,0.1945,0.0352,0.1867,0.0596,0.2199,0.0323,0.0899,0.2845,0.1036,0.1427,0.0367,0.2146,0.1246
1785424834.94,89,drive,0,2.0,15.0,40.713,25.13,249.72,0.1325,0.1940,0.0362,0.1838,0.0587,0.2195,0.0357,0.0929,0.2864,0.1070,0.1452,0.0396,0.2126,0.1246
1785424835.03,89,drive,1,2.0,15.0,40.713,25.13,249.72,0.1305,0.1896,0.0342,0.1838,0.0577,0.2209,0.0332,0.0953,0.2840,0.1046,0.1432,0.0391,0.2141,0.1207
1785424835.13,89,drive,2,2.0,15.0,40.713,25.13,249.72,0.1315,0.1970,0.0337,0.1833,0.0577,0.2229,0.0303,0.0929,0.2859,0.1056,0.1398,0.0371,0.2141,0.1237
1785424836.42,89,drive,0,2.5,15.0,40.713,25.13,249.72,0.1300,0.1940,0.0342,0.1808,0.0567,0.2209,0.0367,0.0899,0.2845,0.1051,0.1417,0.0391,0.2111,0.1232
1785424836.52,89,drive,1,2.5,15.0,40.713,25.13,249.72,0.1295,0.1911,0.0352,0.1838,0.0582,0.2165,0.0327,0.0943,0.2859,0.1065,0.1408,0.0396,0.2155,0.1222
1785424836.62,89,drive,2,2.5,15.0,40.713,25.13,249.72,0.1295,0.1926,0.0357,0.1828,0.0557,0.2185,0.0342,0.0938,0.2845,0.1036,0.1432,0.0406,0.2146,0.1232
1785424837.91,89,drive,0,3.0,15.0,40.713,25.13,249.72,0.1285,0.1945,0.0357,0.1848,0.0547,0.2199,0.0337,0.0929,0.2830,0.1075,0.1408,0.0371,0.2141,0.1222
1785424838.01,89,drive,1,3.0,15.0,40.713,25.13,249.72,0.1271,0.1955,0.0381,0.1818,0.0557,0.2214,0.0347,0.0909,0.2864,0.1036,0.1408,0.0391,0.2136,0.1188
1785424838.11,89,drive,2,3.0,15.0,40.713,25.13,249.72,0.1329,0.1911,0.0362,0.1838,0.0591,0.2199,0.0342,0.0929,0.2859,0.1070,0.1442,0.0386,0.2121,0.1217
1785424839.40,89,drive,0,3.5,15.0,40.713,25.13,249.72,0.1310,0.1940,0.0362,0.1843,0.0572,0.2204,0.0347,0.0938,0.2864,0.1061,0.1417,0.0371,0.2141,0.1212
1785424839.50,89,drive,1,3.5,15.0,40.713,25.13,249.72,0.1305,0.1970,0.0357,0.1823,0.0572,0.2219,0.0342,0.0894,0.2864,0.1070,0.1393,0.0376,0.2136,0.1217
1785424839.59,89,drive,2,3.5,15.0,40.713,25.13,249.72,0.1310,0.1921,0.0337,0.1867,0.0577,0.2180,0.0347,0.0943,0.2849,0.1065,0.1413,0.0376,0.2136,0.1232
1785424840.89,89,drive,0,4.0,15.0,40.713,25.13,249.72,0.1290,0.1935,0.0381,0.1862,0.0557,0.2209,0.0371,0.0929,0.2849,0.1065,0.1432,0.0367,0.2160,0.1217
1785424840.99,89,drive,1,4.0,15.0,40.713,25.13,249.72,0.1295,0.1935,0.0357,0.1852,0.0557,0.2185,0.0332,0.0929,0.2845,0.1075,0.1403,0.0401,0.2151,0.1197
1785424841.08,89,drive,2,4.0,15.0,40.713,25.13,249.72,0.1290,0.1950,0.0342,0.1843,0.0572,0.2195,0.0376,0.0934,0.2840,0.1041,0.1437,0.0381,0.2131,0.1217
1785424842.46,90,base,0,0.0,15.0,40.793,25.13,249.73,0.1310,0.1945,0.0332,0.1848,0.0567,0.2224,0.0342,0.0890,0.2859,0.1056,0.1413,0.0371,0.2121,0.1232
1785424842.55,90,base,1,0.0,15.0,40.793,25.13,249.73,0.1300,0.1955,0.0318,0.1823,0.0577,0.2214,0.0352,0.0919,0.2869,0.1085,0.1383,0.0386,0.2146,0.1227
1785424842.65,90,base,2,0.0,15.0,40.793,25.13,249.73,0.1300,0.1935,0.0371,0.1813,0.0567,0.2190,0.0347,0.0929,0.2854,0.1041,0.1432,0.0391,0.2121,0.1212
1785424843.95,90,drive,0,0.0,15.0,40.793,25.13,249.73,0.1310,0.1916,0.0386,0.1833,0.0557,0.2190,0.0342,0.0904,0.2845,0.1065,0.1403,0.0376,0.2131,0.1222
1785424844.04,90,drive,1,0.0,15.0,40.793,25.13,249.73,0.1276,0.1940,0.0347,0.1823,0.0543,0.2195,0.0352,0.0938,0.2840,0.1051,0.1408,0.0381,0.2151,0.1217
1785424844.14,90,drive,2,0.0,15.0,40.793,25.13,249.73,0.1285,0.1906,0.0352,0.1848,0.0543,0.2195,0.0376,0.0938,0.2845,0.1061,0.1417,0.0401,0.2146,0.1271
1785424845.43,90,drive,0,0.5,15.0,40.793,25.13,249.73,0.1325,0.1916,0.0376,0.1848,0.0552,0.2185,0.0362,0.0924,0.2845,0.1056,0.1398,0.0401,0.2141,0.1232
1785424845.53,90,drive,1,0.5,15.0,40.793,25.13,249.73,0.1300,0.1935,0.0371,0.1833,0.0562,0.2199,0.0332,0.0948,0.2849,0.1061,0.1437,0.0396,0.2141,0.1217
1785424845.62,90,drive,2,0.5,15.0,40.793,25.13,249.73,0.1334,0.1896,0.0357,0.1867,0.0582,0.2180,0.0337,0.0943,0.2845,0.1051,0.1417,0.0352,0.2146,0.1222
1785424846.91,90,drive,0,1.0,15.0,40.793,25.13,249.73,0.1295,0.1940,0.0337,0.1838,0.0562,0.2185,0.0347,0.0924,0.2810,0.1061,0.1417,0.0381,0.2131,0.1251
1785424847.01,90,drive,1,1.0,15.0,40.793,25.13,249.73,0.1276,0.1882,0.0371,0.1862,0.0552,0.2199,0.0386,0.0929,0.2845,0.1075,0.1413,0.0386,0.2116,0.1207
1785424847.11,90,drive,2,1.0,15.0,40.793,25.13,249.73,0.1276,0.1931,0.0381,0.1867,0.0552,0.2190,0.0352,0.0934,0.2845,0.1061,0.1417,0.0381,0.2146,0.1188
1785424848.40,90,drive,0,1.5,15.0,40.793,25.13,249.73,0.1320,0.1916,0.0342,0.1862,0.0557,0.2209,0.0357,0.0938,0.2864,0.1065,0.1437,0.0362,0.2146,0.1246
1785424848.50,90,drive,1,1.5,15.0,40.793,25.13,249.73,0.1295,0.1945,0.0337,0.1828,0.0577,0.2204,0.0342,0.0924,0.2859,0.1036,0.1413,0.0362,0.2180,0.1202
1785424848.59,90,drive,2,1.5,15.0,40.793,25.13,249.73,0.1315,0.1921,0.0352,0.1838,0.0591,0.2209,0.0352,0.0929,0.2825,0.1051,0.1417,0.0396,0.2136,0.1217
1785424849.89,90,drive,0,2.0,15.0,40.793,25.13,249.73,0.1295,0.1906,0.0362,0.1852,0.0582,0.2209,0.0342,0.0929,0.2849,0.1046,0.1417,0.0391,0.2141,0.1222
1785424849.98,90,drive,1,2.0,15.0,40.793,25.13,249.73,0.1295,0.1955,0.0352,0.1804,0.0587,0.2199,0.0367,0.0929,0.2864,0.1065,0.1417,0.0371,0.2126,0.1222
1785424850.08,90,drive,2,2.0,15.0,40.793,25.13,249.73,0.1300,0.1926,0.0323,0.1818,0.0572,0.2199,0.0337,0.0894,0.2830,0.1056,0.1403,0.0386,0.2141,0.1202
1785424851.38,90,drive,0,2.5,15.0,40.793,25.13,249.73,0.1349,0.1931,0.0376,0.1804,0.0621,0.2146,0.0411,0.0914,0.2845,0.1022,0.1393,0.0391,0.2165,0.1168
1785424851.47,90,drive,1,2.5,15.0,40.793,25.13,249.73,0.1285,0.2019,0.0367,0.1887,0.0635,0.2170,0.0323,0.0948,0.2918,0.1061,0.1334,0.0484,0.2121,0.1256
1785424851.57,90,drive,2,2.5,15.0,40.793,25.13,249.73,0.1271,0.1921,0.0342,0.1838,0.0674,0.2224,0.0371,0.0855,0.2825,0.1041,0.1398,0.0376,0.2116,0.1246
1785424852.87,90,drive,0,3.0,15.0,40.793,25.13,249.73,0.1315,0.1940,0.0474,0.1818,0.0567,0.2248,0.0323,0.0914,0.2717,0.1075,0.1437,0.0386,0.2146,0.1207
1785424852.96,90,drive,1,3.0,15.0,40.793,25.13,249.73,0.1315,0.1931,0.0352,0.1750,0.0562,0.2234,0.0420,0.0938,0.2840,0.1119,0.1442,0.0367,0.2121,0.1217
1785424853.06,90,drive,2,3.0,15.0,40.793,25.13,249.73,0.1349,0.1965,0.0362,0.1808,0.0557,0.2209,0.0274,0.0924,0.2830,0.1080,0.1447,0.0381,0.2160,0.1193
1785424854.35,90,drive,0,3.5,15.0,40.793,25.13,249.73,0.1295,0.1965,0.0293,0.1848,0.0523,0.2209,0.0352,0.0909,0.2840,0.1061,0.1398,0.0367,0.2131,0.1271
1785424854.45,90,drive,1,3.5,15.0,40.793,25.13,249.73,0.1300,0.1887,0.0381,0.1794,0.0601,0.2234,0.0337,0.0919,0.2776,0.1100,0.1422,0.0342,0.2131,0.1227
1785424854.55,90,drive,2,3.5,15.0,40.793,25.13,249.73,0.1266,0.1970,0.0342,0.1843,0.0591,0.2185,0.0396,0.0929,0.2845,0.0953,0.1413,0.0371,0.2136,0.1227
1785424855.84,90,drive,0,4.0,15.0,40.793,25.13,249.73,0.1281,0.1887,0.0371,0.1804,0.0587,0.2209,0.0323,0.0929,0.2879,0.1114,0.1422,0.0425,0.2146,0.1237
1785424855.94,90,drive,1,4.0,15.0,40.793,25.13,249.73,0.1349,0.1891,0.0391,0.1794,0.0640,0.2141,0.0347,0.0880,0.2815,0.1041,0.1403,0.0362,0.2136,0.1246
1785424856.03,90,drive,2,4.0,15.0,40.793,25.13,249.73,0.1310,0.1945,0.0347,0.1848,0.0606,0.2204,0.0362,0.0836,0.2815,0.1061,0.1403,0.0376,0.2121,0.1217
1785424857.40,91,base,0,0.0,15.0,40.653,25.13,249.73,0.1315,0.1965,0.0381,0.1833,0.0494,0.2195,0.0327,0.0953,0.2864,0.1046,0.1408,0.0381,0.2195,0.1271
1785424857.49,91,base,1,0.0,15.0,40.653,25.13,249.73,0.1276,0.1926,0.0381,0.1799,0.0557,0.2229,0.0342,0.0978,0.2796,0.1090,0.1373,0.0406,0.2111,0.1197
1785424857.59,91,base,2,0.0,15.0,40.653,25.13,249.73,0.1285,0.1852,0.0352,0.1784,0.0601,0.2185,0.0386,0.1031,0.2864,0.1090,0.1329,0.0401,0.2126,0.1256
1785424858.88,91,drive,0,0.0,15.0,40.653,25.13,249.73,0.1285,0.1931,0.0381,0.1784,0.0582,0.2146,0.0420,0.0880,0.2879,0.1080,0.1422,0.0415,0.2185,0.1276
1785424858.98,91,drive,1,0.0,15.0,40.653,25.13,249.73,0.1359,0.1931,0.0337,0.1813,0.0552,0.2170,0.0381,0.0914,0.2840,0.1002,0.1437,0.0362,0.2190,0.1178
1785424859.08,91,drive,2,0.0,15.0,40.653,25.13,249.73,0.1256,0.1940,0.0411,0.1818,0.0611,0.2209,0.0401,0.0929,0.2879,0.1031,0.1354,0.0396,0.2097,0.1271
1785424860.37,91,drive,0,0.5,15.0,40.653,25.13,249.73,0.1320,0.1940,0.0367,0.1862,0.0552,0.2214,0.0323,0.0880,0.2815,0.1075,0.1403,0.0367,0.2141,0.1178
1785424860.47,91,drive,1,0.5,15.0,40.653,25.13,249.73,0.1256,0.1921,0.0342,0.1789,0.0567,0.2180,0.0313,0.0938,0.2918,0.1041,0.1422,0.0352,0.2155,0.1183
1785424860.56,91,drive,2,0.5,15.0,40.653,25.13,249.73,0.1295,0.1872,0.0396,0.1867,0.0587,0.2136,0.0352,0.0929,0.2820,0.1085,0.1354,0.0367,0.2131,0.1261
1785424861.85,91,drive,0,1.0,15.0,40.653,25.13,249.73,0.1325,0.1926,0.0386,0.1872,0.0587,0.2151,0.0337,0.0870,0.2845,0.1061,0.1398,0.0391,0.2155,0.1227
1785424861.95,91,drive,1,1.0,15.0,40.653,25.13,249.73,0.1325,0.1916,0.0337,0.1823,0.0562,0.2219,0.0318,0.0875,0.2849,0.1036,0.1432,0.0401,0.2146,0.1178
1785424862.05,91,drive,2,1.0,15.0,40.653,25.13,249.73,0.1276,0.1916,0.0376,0.1813,0.0582,0.2204,0.0381,0.0929,0.2849,0.1026,0.1413,0.0415,0.2116,0.1217
1785424863.34,91,drive,0,1.5,15.0,40.653,25.13,249.73,0.1364,0.1979,0.0362,0.1808,0.0552,0.2199,0.0337,0.0904,0.2805,0.1022,0.1447,0.0386,0.2185,0.1266
1785424863.44,91,drive,1,1.5,15.0,40.653,25.13,249.73,0.1290,0.1877,0.0347,0.1833,0.0601,0.2180,0.0337,0.0963,0.2869,0.1109,0.1417,0.0371,0.2102,0.1222
1785424863.53,91,drive,2,1.5,15.0,40.653,25.13,249.73,0.1285,0.1872,0.0362,0.1852,0.0552,0.2175,0.0308,0.0973,0.2879,0.1080,0.1393,0.0352,0.2175,0.1197
1785424864.82,91,drive,0,2.0,15.0,40.653,25.13,249.73,0.1320,0.1911,0.0313,0.1872,0.0596,0.2185,0.0293,0.0865,0.2849,0.1061,0.1417,0.0401,0.2155,0.1217
1785424864.92,91,drive,1,2.0,15.0,40.653,25.13,249.73,0.1329,0.1896,0.0347,0.1779,0.0645,0.2234,0.0327,0.0914,0.2815,0.1119,0.1373,0.0386,0.2151,0.1251
1785424865.02,91,drive,2,2.0,15.0,40.653,25.13,249.73,0.1281,0.1862,0.0308,0.1852,0.0577,0.2243,0.0386,0.0938,0.2845,0.1085,0.1408,0.0386,0.2151,0.1178
1785424866.31,91,drive,0,2.5,15.0,40.653,25.13,249.73,0.1290,0.1891,0.0401,0.1862,0.0538,0.2170,0.0327,0.0909,0.2859,0.1056,0.1393,0.0411,0.2195,0.1197
1785424866.40,91,drive,1,2.5,15.0,40.653,25.13,249.73,0.1344,0.1896,0.0376,0.1804,0.0577,0.2195,0.0337,0.0914,0.2815,0.1114,0.1427,0.0357,0.2136,0.1212
1785424866.50,91,drive,2,2.5,15.0,40.653,25.13,249.73,0.1290,0.1935,0.0313,0.1794,0.0538,0.2224,0.0391,0.0924,0.2903,0.1085,0.1393,0.0362,0.2136,0.1246
1785424867.80,91,drive,0,3.0,15.0,40.653,25.13,249.73,0.1285,0.1916,0.0376,0.1857,0.0557,0.2151,0.0391,0.0919,0.2820,0.1041,0.1369,0.0479,0.2170,0.1237
1785424867.89,91,drive,1,3.0,15.0,40.653,25.13,249.73,0.1290,0.1857,0.0406,0.1774,0.0694,0.2121,0.0323,0.0811,0.2854,0.1080,0.1417,0.0386,0.2165,0.1290
1785424867.99,91,drive,2,3.0,15.0,40.653,25.13,249.73,0.1305,0.1906,0.0425,0.1808,0.0547,0.2224,0.0357,0.0953,0.2820,0.1070,0.1413,0.0332,0.2146,0.1139
1785424869.29,91,drive,0,3.5,15.0,40.653,25.13,249.73,0.1261,0.1877,0.0357,0.1867,0.0587,0.2219,0.0327,0.0948,0.2810,0.1002,0.1398,0.0323,0.2116,0.1232
1785424869.38,91,drive,1,3.5,15.0,40.653,25.13,249.73,0.1325,0.1838,0.0342,0.1823,0.0635,0.2180,0.0352,0.0968,0.2859,0.1046,0.1413,0.0386,0.2141,0.1207
1785424869.48,91,drive,2,3.5,15.0,40.653,25.13,249.73,0.1315,0.1906,0.0552,0.1867,0.0601,0.2077,0.0406,0.0943,0.2840,0.1022,0.1427,0.0450,0.2146,0.1183
1785424870.77,91,drive,0,4.0,15.0,40.653,25.13,249.73,0.1163,0.1921,0.0337,0.1872,0.0557,0.2190,0.0411,0.0924,0.2869,0.0958,0.1422,0.0420,0.2165,0.1217
1785424870.87,91,drive,1,4.0,15.0,40.653,25.13,249.73,0.1276,0.1901,0.0411,0.1794,0.0572,0.2199,0.0386,0.0929,0.2698,0.1041,0.1398,0.0464,0.2136,0.1207
1785424870.97,91,drive,2,4.0,15.0,40.653,25.13,249.73,0.1276,0.1916,0.0425,0.1843,0.0577,0.2102,0.0352,0.0938,0.2810,0.1051,0.1417,0.0494,0.2146,0.1193
1785424872.34,92,base,0,0.0,15.0,40.713,25.13,249.73,0.1305,0.1960,0.0362,0.1843,0.0577,0.2180,0.0347,0.0919,0.2830,0.1061,0.1378,0.0376,0.2126,0.1212
1785424872.43,92,base,1,0.0,15.0,40.713,25.13,249.73,0.1305,0.1921,0.0352,0.1818,0.0572,0.2165,0.0376,0.0914,0.2840,0.1075,0.1427,0.0371,0.2146,0.1207
1785424872.53,92,base,2,0.0,15.0,40.713,25.13,249.73,0.1276,0.1911,0.0352,0.1838,0.0577,0.2195,0.0357,0.0909,0.2840,0.1051,0.1393,0.0367,0.2126,0.1246
1785424873.82,92,drive,0,0.0,15.0,40.713,25.13,249.73,0.1276,0.1931,0.0347,0.1789,0.0552,0.2209,0.0357,0.0899,0.2864,0.1056,0.1427,0.0381,0.2136,0.1212
1785424873.92,92,drive,1,0.0,15.0,40.713,25.13,249.73,0.1281,0.1896,0.0357,0.1833,0.0557,0.2185,0.0367,0.0909,0.2835,0.1080,0.1388,0.0367,0.2146,0.1232
1785424874.02,92,drive,2,0.0,15.0,40.713,25.13,249.73,0.1295,0.1921,0.0362,0.1857,0.0572,0.2175,0.0367,0.0924,0.2869,0.1051,0.1422,0.0376,0.2136,0.1222
1785424875.31,92,drive,0,0.5,15.0,40.713,25.13,249.73,0.1295,0.1896,0.0357,0.1852,0.0572,0.2190,0.0352,0.0919,0.2845,0.1051,0.1417,0.0337,0.2126,0.1241
1785424875.41,92,drive,1,0.5,15.0,40.713,25.13,249.73,0.1295,0.1950,0.0337,0.1833,0.0552,0.2214,0.0352,0.0934,0.2835,0.1056,0.1417,0.0371,0.2136,0.1197
1785424875.50,92,drive,2,0.5,15.0,40.713,25.13,249.73,0.1281,0.1901,0.0367,0.1828,0.0591,0.2209,0.0342,0.0929,0.2840,0.1026,0.1403,0.0381,0.2151,0.1222
1785424876.80,92,drive,0,1.0,15.0,40.713,25.13,249.73,0.1300,0.1921,0.0371,0.1843,0.0562,0.2219,0.0347,0.0919,0.2859,0.1046,0.1388,0.0381,0.2107,0.1217
1785424876.89,92,drive,1,1.0,15.0,40.713,25.13,249.73,0.1281,0.1921,0.0362,0.1852,0.0562,0.2209,0.0332,0.0929,0.2859,0.1061,0.1398,0.0391,0.2146,0.1217
1785424876.99,92,drive,2,1.0,15.0,40.713,25.13,249.73,0.1290,0.1926,0.0342,0.1848,0.0577,0.2224,0.0357,0.0943,0.2825,0.1061,0.1417,0.0371,0.2121,0.1217
1785424878.28,92,drive,0,1.5,15.0,40.713,25.13,249.73,0.1310,0.1891,0.0357,0.1852,0.0587,0.2214,0.0357,0.0914,0.2845,0.1065,0.1403,0.0371,0.2146,0.1246
1785424878.38,92,drive,1,1.5,15.0,40.713,25.13,249.73,0.1320,0.1926,0.0357,0.1843,0.0572,0.2209,0.0332,0.0904,0.2830,0.1026,0.1413,0.0386,0.2136,0.1217
1785424878.48,92,drive,2,1.5,15.0,40.713,25.13,249.73,0.1281,0.1901,0.0371,0.1862,0.0572,0.2204,0.0332,0.0929,0.2845,0.1056,0.1408,0.0396,0.2146,0.1163
1785424879.77,92,drive,0,2.0,15.0,40.713,25.13,249.73,0.1305,0.1931,0.0357,0.1828,0.0572,0.2199,0.0337,0.0909,0.2845,0.1051,0.1383,0.0376,0.2141,0.1246
1785424879.87,92,drive,1,2.0,15.0,40.713,25.13,249.73,0.1295,0.1901,0.0323,0.1857,0.0606,0.2175,0.0352,0.0929,0.2854,0.1056,0.1388,0.0362,0.2146,0.1232
1785424879.97,92,drive,2,2.0,15.0,40.713,25.13,249.73,0.1290,0.1940,0.0362,0.1828,0.0547,0.2199,0.0332,0.0919,0.2854,0.1036,0.1408,0.0406,0.2136,0.1227
1785424881.26,92,drive,0,2.5,15.0,40.713,25.13,249.73,0.1305,0.1935,0.0371,0.1838,0.0587,0.2214,0.0347,0.0929,0.2845,0.1065,0.1437,0.0401,0.2146,0.1202
1785424881.35,92,drive,1,2.5,15.0,40.713,25.13,249.73,0.1305,0.1926,0.0371,0.1872,0.0572,0.2165,0.0367,0.0929,0.2820,0.1041,0.1422,0.0396,0.2131,0.1202
1785424881.45,92,drive,2,2.5,15.0,40.713,25.13,249.73,0.1315,0.1887,0.0352,0.1838,0.0567,0.2190,0.0332,0.0934,0.2845,0.1061,0.1373,0.0376,0.2160,0.1217
1785424882.74,92,drive,0,3.0,15.0,40.713,25.13,249.73,0.1339,0.1896,0.0367,0.1808,0.0567,0.2199,0.0371,0.0894,0.2835,0.1041,0.1393,0.0362,0.2121,0.1217
1785424882.84,92,drive,1,3.0,15.0,40.713,25.13,249.73,0.1295,0.1896,0.0337,0.1852,0.0557,0.2204,0.0342,0.0914,0.2845,0.1046,0.1432,0.0396,0.2131,0.1222
1785424882.94,92,drive,2,3.0,15.0,40.713,25.13,249.73,0.1339,0.1926,0.0347,0.1818,0.0567,0.2199,0.0352,0.0890,0.2845,0.1041,0.1403,0.0396,0.2141,0.1202
1785424884.23,92,drive,0,3.5,15.0,40.713,25.13,249.73,0.1305,0.1926,0.0367,0.1852,0.0552,0.2195,0.0332,0.0953,0.2849,0.1061,0.1398,0.0381,0.2141,0.1222
1785424884.33,92,drive,1,3.5,15.0,40.713,25.13,249.73,0.1290,0.1921,0.0352,0.1862,0.0572,0.2209,0.0332,0.0924,0.2845,0.1070,0.1417,0.0396,0.2136,0.1232
1785424884.43,92,drive,2,3.5,15.0,40.713,25.13,249.73,0.1310,0.1916,0.0367,0.1799,0.0582,0.2209,0.0381,0.0924,0.2869,0.1046,0.1437,0.0371,0.2121,0.1207
1785424885.72,92,drive,0,4.0,15.0,40.713,25.13,249.73,0.1315,0.1945,0.0357,0.1813,0.0538,0.2224,0.0362,0.0929,0.2845,0.1056,0.1393,0.0411,0.2136,0.1212
1785424885.82,92,drive,1,4.0,15.0,40.713,25.13,249.73,0.1300,0.1945,0.0357,0.1823,0.0572,0.2219,0.0352,0.0899,0.2849,0.1065,0.1403,0.0376,0.2126,0.1227
1785424885.91,92,drive,2,4.0,15.0,40.713,25.13,249.73,0.1300,0.1916,0.0347,0.1848,0.0572,0.2199,0.0357,0.0948,0.2859,0.1036,0.1422,0.0381,0.2126,0.1212
1785424887.29,93,base,0,0.0,15.0,40.793,25.13,249.73,0.1305,0.1940,0.0376,0.1857,0.0552,0.2185,0.0318,0.0929,0.2845,0.1065,0.1417,0.0391,0.2141,0.1227
1785424887.39,93,base,1,0.0,15.0,40.793,25.13,249.73,0.1310,0.1935,0.0376,0.1843,0.0572,0.2209,0.0371,0.0919,0.2845,0.1046,0.1393,0.0391,0.2160,0.1212
1785424887.48,93,base,2,0.0,15.0,40.793,25.13,249.73,0.1310,0.1945,0.0386,0.1843,0.0562,0.2190,0.0327,0.0943,0.2854,0.1065,0.1403,0.0362,0.2146,0.1217
1785424888.78,93,drive,0,0.0,15.0,40.793,25.13,249.73,0.1417,0.1833,0.0327,0.1891,0.0572,0.2224,0.0352,0.1036,0.2771,0.1007,0.1457,0.0440,0.2063,0.1232
1785424888.87,93,drive,1,0.0,15.0,40.793,25.13,249.73,0.1305,0.1926,0.0386,0.1823,0.0577,0.2214,0.0411,0.0880,0.2815,0.1080,0.1369,0.0376,0.2160,0.1246
1785424888.97,93,drive,2,0.0,15.0,40.793,25.13,249.73,0.1300,0.1848,0.0401,0.1769,0.0582,0.2146,0.0396,0.0924,0.2820,0.1100,0.1403,0.0337,0.2126,0.1227
1785424890.26,93,drive,0,0.5,15.0,40.793,25.13,249.73,0.1290,0.1926,0.0332,0.1833,0.0635,0.2229,0.0352,0.0850,0.2840,0.1061,0.1417,0.0352,0.2165,0.1202
1785424890.36,93,drive,1,0.5,15.0,40.793,25.13,249.73,0.1281,0.1911,0.0303,0.1872,0.0543,0.2175,0.0371,0.0914,0.2928,0.1031,0.1373,0.0347,0.2136,0.1339
1785424890.46,93,drive,2,0.5,15.0,40.793,25.13,249.73,0.1364,0.1926,0.0293,0.1818,0.0572,0.2209,0.0337,0.0909,0.2893,0.1056,0.1437,0.0259,0.2121,0.1197
1785424891.75,93,drive,0,1.0,15.0,40.793,25.13,249.73,0.1305,0.1916,0.0337,0.1896,0.0547,0.2185,0.0332,0.0880,0.2830,0.1002,0.1427,0.0430,0.2185,0.1251
1785424891.85,93,drive,1,1.0,15.0,40.793,25.13,249.73,0.1305,0.1887,0.0347,0.1838,0.0562,0.2180,0.0371,0.0992,0.2869,0.1017,0.1344,0.0435,0.2170,0.1266
1785424891.95,93,drive,2,1.0,15.0,40.793,25.13,249.73,0.1310,0.1921,0.0376,0.1784,0.0650,0.2175,0.0362,0.0831,0.2869,0.1100,0.1413,0.0371,0.2082,0.1212
1785424893.24,93,drive,0,1.5,15.0,40.793,25.13,249.73,0.1295,0.2009,0.0367,0.1955,0.0523,0.2292,0.0298,0.1031,0.2859,0.1017,0.1378,0.0381,0.2111,0.1090
1785424893.34,93,drive,1,1.5,15.0,40.793,25.13,249.73,0.1168,0.1935,0.0357,0.1848,0.0528,0.2160,0.0269,0.0875,0.2962,0.1119,0.1417,0.0371,0.2258,0.1183
1785424893.43,93,drive,2,1.5,15.0,40.793,25.13,249.73,0.1246,0.1916,0.0337,0.1862,0.0635,0.2239,0.0352,0.0865,0.2840,0.1075,0.1334,0.0386,0.2097,0.1246
1785424894.73,93,drive,0,2.0,15.0,40.793,25.13,249.73,0.1295,0.1872,0.0367,0.1848,0.0533,0.2234,0.0440,0.0963,0.2820,0.1056,0.1427,0.0313,0.2038,0.1227
1785424894.82,93,drive,1,2.0,15.0,40.793,25.13,249.73,0.1241,0.1975,0.0367,0.1818,0.0543,0.2209,0.0347,0.0919,0.2869,0.0987,0.1373,0.0396,0.2146,0.1197
1785424894.92,93,drive,2,2.0,15.0,40.793,25.13,249.73,0.1295,0.1896,0.0371,0.1833,0.0582,0.2180,0.0337,0.0846,0.2835,0.1134,0.1305,0.0386,0.2126,0.1295
1785424896.21,93,drive,0,2.5,15.0,40.793,25.13,249.73,0.1364,0.1955,0.0401,0.1828,0.0499,0.2224,0.0337,0.0841,0.2815,0.1051,0.1422,0.0293,0.2175,0.1237
1785424896.31,93,drive,1,2.5,15.0,40.793,25.13,249.73,0.1393,0.1906,0.0371,0.1823,0.0538,0.2224,0.0347,0.0924,0.2864,0.1090,0.1413,0.0362,0.2058,0.1193
1785424896.41,93,drive,2,2.5,15.0,40.793,25.13,249.73,0.1325,0.1940,0.0318,0.1867,0.0596,0.2239,0.0430,0.0958,0.2776,0.1085,0.1403,0.0308,0.2043,0.1217
1785424897.70,93,drive,0,3.0,15.0,40.793,25.13,249.73,0.1310,0.2009,0.0347,0.1887,0.0543,0.2190,0.0293,0.0899,0.2869,0.0992,0.1413,0.0450,0.2170,0.1246
1785424897.80,93,drive,1,3.0,15.0,40.793,25.13,249.73,0.1315,0.1965,0.0293,0.1891,0.0538,0.2209,0.0406,0.0899,0.2879,0.0992,0.1364,0.0396,0.2131,0.1241
1785424897.89,93,drive,2,3.0,15.0,40.793,25.13,249.73,0.1310,0.1916,0.0406,0.1794,0.0601,0.2204,0.0332,0.0841,0.2840,0.1100,0.1325,0.0401,0.2107,0.1212
1785424899.19,93,drive,0,3.5,15.0,40.793,25.13,249.73,0.1295,0.1989,0.0420,0.1911,0.0562,0.2102,0.0313,0.0992,0.2898,0.1022,0.1349,0.0391,0.2136,0.1149
1785424899.28,93,drive,1,3.5,15.0,40.793,25.13,249.73,0.1310,0.1970,0.0323,0.1813,0.0572,0.2229,0.0352,0.0934,0.2810,0.0968,0.1369,0.0459,0.2077,0.1168
1785424899.38,93,drive,2,3.5,15.0,40.793,25.13,249.73,0.1232,0.1979,0.0367,0.1813,0.0528,0.2214,0.0425,0.0958,0.2854,0.1026,0.1349,0.0411,0.2175,0.1173
1785424900.68,93,drive,0,4.0,15.0,40.793,25.13,249.73,0.1305,0.1950,0.0303,0.1887,0.0679,0.2258,0.0254,0.0958,0.2840,0.1061,0.1320,0.0342,0.2111,0.1158
1785424900.77,93,drive,1,4.0,15.0,40.793,25.13,249.73,0.1290,0.1896,0.0381,0.1896,0.0601,0.2204,0.0347,0.0943,0.2849,0.0997,0.1442,0.0396,0.2141,0.1163
1785424900.87,93,drive,2,4.0,15.0,40.793,25.13,249.73,0.1388,0.1872,0.0406,0.1843,0.0547,0.2224,0.0347,0.0943,0.2761,0.1080,0.1393,0.0420,0.2165,0.1271
1785424902.24,94,base,0,0.0,15.0,40.733,25.13,249.73,0.1295,0.1940,0.0259,0.1857,0.0538,0.2180,0.0357,0.0963,0.2820,0.0987,0.1442,0.0367,0.2165,0.1178
1785424902.34,94,base,1,0.0,15.0,40.733,25.13,249.73,0.1271,0.1935,0.0327,0.1750,0.0543,0.2243,0.0391,0.0958,0.2845,0.1031,0.1403,0.0347,0.2141,0.1149
1785424902.44,94,base,2,0.0,15.0,40.733,25.13,249.73,0.1403,0.1979,0.0352,0.1852,0.0626,0.2195,0.0352,0.0958,0.2835,0.1036,0.1320,0.0376,0.2092,0.1168
1785424903.73,94,drive,0,0.0,15.0,40.733,25.13,249.73,0.1251,0.1887,0.0318,0.1823,0.0508,0.2248,0.0308,0.0943,0.2849,0.1065,0.1349,0.0357,0.2214,0.1158
1785424903.83,94,drive,1,0.0,15.0,40.733,25.13,249.73,0.1344,0.1882,0.0337,0.1857,0.0518,0.2248,0.0347,0.0973,0.2791,0.1036,0.1427,0.0347,0.2116,0.1207
1785424903.92,94,drive,2,0.0,15.0,40.733,25.13,249.73,0.1285,0.1950,0.0401,0.1774,0.0523,0.2248,0.0332,0.0973,0.2898,0.1139,0.1388,0.0411,0.2136,0.1173
1785424905.22,94,drive,0,0.5,15.0,40.733,25.13,249.73,0.1325,0.1891,0.0313,0.1848,0.0528,0.2175,0.0308,0.0963,0.2884,0.1036,0.1403,0.0391,0.2121,0.1168
1785424905.32,94,drive,1,0.5,15.0,40.733,25.13,249.73,0.1295,0.1926,0.0391,0.1823,0.0577,0.2190,0.0367,0.0904,0.2840,0.1090,0.1403,0.0376,0.2102,0.1251
1785424905.41,94,drive,2,0.5,15.0,40.733,25.13,249.73,0.1232,0.1848,0.0352,0.1887,0.0616,0.2175,0.0381,0.0914,0.2869,0.1036,0.1398,0.0357,0.2111,0.1241
1785424906.71,94,drive,0,1.0,15.0,40.733,25.13,249.73,0.1281,0.1979,0.0342,0.1833,0.0518,0.2185,0.0396,0.0919,0.2835,0.1051,0.1422,0.0401,0.2116,0.1212
1785424906.80,94,drive,1,1.0,15.0,40.733,25.13,249.73,0.1271,0.1926,0.0298,0.1872,0.0645,0.2219,0.0362,0.0836,0.2889,0.1065,0.1373,0.0362,0.2160,0.1256
1785424906.90,94,drive,2,1.0,15.0,40.733,25.13,249.73,0.1344,0.1891,0.0327,0.1862,0.0543,0.2297,0.0303,0.0953,0.2786,0.1046,0.1476,0.0318,0.2175,0.1124
1785424908.19,94,drive,0,1.5,15.0,40.733,25.13,249.73,0.1334,0.1940,0.0381,0.1823,0.0582,0.2175,0.0347,0.0914,0.2840,0.1119,0.1466,0.0401,0.2155,0.1168
1785424908.29,94,drive,1,1.5,15.0,40.733,25.13,249.73,0.1295,0.1901,0.0371,0.1877,0.0567,0.2195,0.0362,0.0948,0.2771,0.1022,0.1383,0.0425,0.2111,0.1222
1785424908.38,94,drive,2,1.5,15.0,40.733,25.13,249.73,0.1320,0.1931,0.0367,0.1789,0.0538,0.2209,0.0381,0.0929,0.2879,0.1056,0.1417,0.0430,0.2151,0.1193
1785424909.68,94,drive,0,2.0,15.0,40.733,25.13,249.73,0.1281,0.1916,0.0367,0.1852,0.0547,0.2175,0.0371,0.0948,0.2840,0.1065,0.1383,0.0376,0.2151,0.1212
1785424909.78,94,drive,1,2.0,15.0,40.733,25.13,249.73,0.1329,0.1940,0.0342,0.1843,0.0577,0.2199,0.0337,0.0943,0.2840,0.1061,0.1398,0.0401,0.2126,0.1207
1785424909.87,94,drive,2,2.0,15.0,40.733,25.13,249.73,0.1315,0.1935,0.0362,0.1813,0.0567,0.2199,0.0362,0.0894,0.2849,0.1022,0.1417,0.0406,0.2160,0.1197
1785424911.16,94,drive,0,2.5,15.0,40.733,25.13,249.73,0.1271,0.1931,0.0367,0.1838,0.0577,0.2204,0.0371,0.0899,0.2845,0.1031,0.1373,0.0381,0.2155,0.1217
1785424911.26,94,drive,1,2.5,15.0,40.733,25.13,249.73,0.1305,0.1931,0.0357,0.1848,0.0577,0.2199,0.0347,0.0924,0.2845,0.1046,0.1403,0.0357,0.2116,0.1232
1785424911.36,94,drive,2,2.5,15.0,40.733,25.13,249.73,0.1305,0.1916,0.0367,0.1818,0.0552,0.2170,0.0342,0.0924,0.2845,0.1051,0.1427,0.0362,0.2165,0.1237
1785424912.65,94,drive,0,3.0,15.0,40.733,25.13,249.73,0.1295,0.1945,0.0352,0.1852,0.0582,0.2195,0.0318,0.0919,0.2854,0.1056,0.1417,0.0357,0.2136,0.1227
1785424912.75,94,drive,1,3.0,15.0,40.733,25.13,249.73,0.1266,0.1960,0.0357,0.1823,0.0543,0.2190,0.0371,0.0914,0.2835,0.1031,0.1413,0.0401,0.2131,0.1212
1785424912.85,94,drive,2,3.0,15.0,40.733,25.13,249.73,0.1305,0.1940,0.0362,0.1833,0.0577,0.2190,0.0352,0.0924,0.2825,0.1061,0.1413,0.0367,0.2126,0.1237
1785424914.14,94,drive,0,3.5,15.0,40.733,25.13,249.73,0.1285,0.1887,0.0347,0.1833,0.0567,0.2185,0.0362,0.0938,0.2849,0.1075,0.1388,0.0371,0.2170,0.1222
1785424914.23,94,drive,1,3.5,15.0,40.733,25.13,249.73,0.1281,0.1921,0.0357,0.1848,0.0567,0.2199,0.0342,0.0963,0.2869,0.1056,0.1408,0.0367,0.2136,0.1222
1785424914.33,94,drive,2,3.5,15.0,40.733,25.13,249.73,0.1359,0.1931,0.0367,0.1828,0.0582,0.2199,0.0318,0.0914,0.2820,0.1046,0.1403,0.0396,0.2116,0.1227
1785424915.62,94,drive,0,4.0,15.0,40.733,25.13,249.73,0.1305,0.1921,0.0342,0.1799,0.0567,0.2190,0.0357,0.0924,0.2845,0.1051,0.1417,0.0362,0.2146,0.1197
1785424915.72,94,drive,1,4.0,15.0,40.733,25.13,249.73,0.1310,0.1916,0.0362,0.1852,0.0557,0.2195,0.0342,0.0948,0.2845,0.1056,0.1393,0.0347,0.2141,0.1237
1785424915.82,94,drive,2,4.0,15.0,40.733,25.13,249.73,0.1325,0.1950,0.0362,0.1843,0.0577,0.2214,0.0337,0.0919,0.2830,0.1061,0.1413,0.0386,0.2136,0.1207
1785424917.19,101,base,0,0.0,15.0,40.733,25.13,249.74,0.1300,0.1926,0.0332,0.1843,0.0577,0.2214,0.0362,0.0914,0.2825,0.1061,0.1417,0.0357,0.2131,0.1227
1785424917.29,101,base,1,0.0,15.0,40.733,25.13,249.74,0.1315,0.1901,0.0337,0.1838,0.0577,0.2180,0.0347,0.0943,0.2854,0.1041,0.1422,0.0386,0.2131,0.1237
1785424917.38,101,base,2,0.0,15.0,40.733,25.13,249.74,0.1315,0.1945,0.0357,0.1813,0.0587,0.2190,0.0342,0.0938,0.2849,0.1041,0.1398,0.0386,0.2160,0.1202
1785424918.68,101,drive,0,0.0,15.0,40.733,25.13,249.74,0.1295,0.1940,0.0357,0.1852,0.0562,0.2165,0.0362,0.0938,0.2830,0.1065,0.1417,0.0386,0.2136,0.1188
1785424918.78,101,drive,1,0.0,15.0,40.733,25.13,249.74,0.1281,0.1906,0.0371,0.1828,0.0582,0.2195,0.0337,0.0929,0.2864,0.1061,0.1398,0.0371,0.2141,0.1222
1785424918.87,101,drive,2,0.0,15.0,40.733,25.13,249.74,0.1305,0.1935,0.0371,0.1823,0.0562,0.2180,0.0371,0.0914,0.2840,0.1041,0.1403,0.0401,0.2170,0.1202
1785424920.17,101,drive,0,0.5,15.0,40.733,25.13,249.74,0.1408,0.1994,0.0420,0.1891,0.0547,0.2258,0.0391,0.1056,0.2957,0.1075,0.1476,0.0411,0.2190,0.1315
1785424920.26,101,drive,1,0.5,15.0,40.733,25.13,249.74,0.1403,0.1984,0.0420,0.1867,0.0543,0.2190,0.0406,0.1046,0.2937,0.1085,0.1510,0.0406,0.2175,0.1300
1785424920.36,101,drive,2,0.5,15.0,40.733,25.13,249.74,0.1388,0.1955,0.0420,0.1891,0.0533,0.2234,0.0415,0.1070,0.2923,0.1080,0.1505,0.0420,0.2165,0.1339
1785424921.65,101,drive,0,1.0,15.0,40.733,25.13,249.74,0.1403,0.1965,0.0391,0.1857,0.0543,0.2239,0.0425,0.1051,0.2942,0.1085,0.1510,0.0420,0.2160,0.1325
1785424921.75,101,drive,1,1.0,15.0,40.733,25.13,249.74,0.1417,0.1970,0.0411,0.1896,0.0552,0.2229,0.0415,0.1036,0.2933,0.1090,0.1476,0.0401,0.2180,0.1339
1785424921.85,101,drive,2,1.0,15.0,40.733,25.13,249.74,0.1393,0.1989,0.0401,0.1901,0.0543,0.2214,0.0381,0.1061,0.2957,0.1065,0.1476,0.0425,0.2185,0.1329
1785424923.14,101,drive,0,1.5,15.0,40.733,25.13,249.74,0.1413,0.1965,0.0406,0.1882,0.0557,0.2204,0.0391,0.1056,0.2942,0.1061,0.1461,0.0440,0.2170,0.1295
1785424923.23,101,drive,1,1.5,15.0,40.733,25.13,249.74,0.1398,0.1975,0.0406,0.1862,0.0538,0.2263,0.0391,0.1065,0.2957,0.1075,0.1500,0.0415,0.2155,0.1325
1785424923.33,101,drive,2,1.5,15.0,40.733,25.13,249.74,0.1393,0.1955,0.0406,0.1911,0.0523,0.2229,0.0411,0.1080,0.2923,0.1080,0.1486,0.0440,0.2141,0.1320
1785424924.63,101,drive,0,2.0,15.0,40.733,25.13,249.74,0.1373,0.1984,0.0425,0.1872,0.0547,0.2239,0.0406,0.1085,0.2923,0.1085,0.1505,0.0406,0.2199,0.1334
1785424924.72,101,drive,1,2.0,15.0,40.733,25.13,249.74,0.1437,0.1989,0.0401,0.1857,0.0582,0.2268,0.0381,0.1056,0.2957,0.1075,0.1491,0.0396,0.2209,0.1325
1785424924.82,101,drive,2,2.0,15.0,40.733,25.13,249.74,0.1413,0.1975,0.0406,0.1882,0.0562,0.2229,0.0401,0.1056,0.2947,0.1085,0.1481,0.0406,0.2180,0.1310
1785424926.11,101,drive,0,2.5,15.0,40.733,25.13,249.74,0.1393,0.1984,0.0396,0.1887,0.0528,0.2229,0.0415,0.1085,0.2937,0.1061,0.1481,0.0440,0.2151,0.1320
1785424926.21,101,drive,1,2.5,15.0,40.733,25.13,249.74,0.1403,0.1999,0.0396,0.1852,0.0552,0.2258,0.0386,0.1070,0.2952,0.1080,0.1500,0.0425,0.2160,0.1290
1785424926.31,101,drive,2,2.5,15.0,40.733,25.13,249.74,0.1393,0.1979,0.0411,0.1877,0.0538,0.2239,0.0401,0.1085,0.2942,0.1085,0.1496,0.0430,0.2170,0.1315
1785424927.60,101,drive,0,3.0,15.0,40.733,25.13,249.74,0.1398,0.1975,0.0415,0.1901,0.0547,0.2209,0.0386,0.1061,0.2937,0.1085,0.1505,0.0440,0.2195,0.1329
1785424927.70,101,drive,1,3.0,15.0,40.733,25.13,249.74,0.1388,0.1975,0.0396,0.1848,0.0557,0.2243,0.0371,0.1095,0.2957,0.1051,0.1486,0.0455,0.2195,0.1320
1785424927.79,101,drive,2,3.0,15.0,40.733,25.13,249.74,0.1373,0.2004,0.0406,0.1872,0.0538,0.2219,0.0386,0.1070,0.2952,0.1056,0.1486,0.0406,0.2190,0.1295
1785424929.09,101,drive,0,3.5,15.0,40.733,25.13,249.74,0.1393,0.2004,0.0406,0.1872,0.0543,0.2229,0.0411,0.1090,0.2952,0.1056,0.1505,0.0386,0.2160,0.1310
1785424929.19,101,drive,1,3.5,15.0,40.733,25.13,249.74,0.1403,0.1970,0.0391,0.1901,0.0538,0.2229,0.0386,0.1070,0.2957,0.1070,0.1471,0.0425,0.2180,0.1325
1785424929.29,101,drive,2,3.5,15.0,40.733,25.13,249.74,0.1422,0.2009,0.0406,0.1857,0.0523,0.2224,0.0406,0.1085,0.2952,0.1090,0.1496,0.0435,0.2175,0.1320
1785424930.58,101,drive,0,4.0,15.0,40.733,25.13,249.74,0.1417,0.1979,0.0415,0.1867,0.0547,0.2253,0.0411,0.1065,0.2937,0.1065,0.1500,0.0430,0.2180,0.1305
1785424930.68,101,drive,1,4.0,15.0,40.733,25.13,249.74,0.1403,0.1975,0.0411,0.1887,0.0582,0.2253,0.0396,0.1056,0.2962,0.1065,0.1476,0.0391,0.2155,0.1315
1785424930.78,101,drive,2,4.0,15.0,40.733,25.13,249.74,0.1383,0.1984,0.0430,0.1906,0.0547,0.2234,0.0406,0.1056,0.2933,0.1075,0.1491,0.0435,0.2160,0.1329
1785424932.15,102,base,0,0.0,15.0,40.713,25.13,249.74,0.1276,0.1921,0.0367,0.1799,0.0577,0.2209,0.0362,0.0929,0.2874,0.1065,0.1403,0.0386,0.2155,0.1227
1785424932.25,102,base,1,0.0,15.0,40.713,25.13,249.74,0.1281,0.1921,0.0357,0.1828,0.0587,0.2190,0.0337,0.0919,0.2845,0.1056,0.1383,0.0376,0.2155,0.1227
1785424932.34,102,base,2,0.0,15.0,40.713,25.13,249.74,0.1290,0.1916,0.0357,0.1813,0.0572,0.2195,0.0371,0.0909,0.2825,0.1065,0.1398,0.0386,0.2151,0.1217
1785424933.64,102,drive,0,0.0,15.0,40.713,25.13,249.74,0.1300,0.1896,0.0347,0.1808,0.0591,0.2185,0.0342,0.0899,0.2849,0.1041,0.1437,0.0406,0.2126,0.1207
1785424933.74,102,drive,1,0.0,15.0,40.713,25.13,249.74,0.1315,0.1872,0.0367,0.1818,0.0557,0.2199,0.0342,0.0934,0.2859,0.1041,0.1427,0.0352,0.2116,0.1212
1785424933.83,102,drive,2,0.0,15.0,40.713,25.13,249.74,0.1285,0.1926,0.0367,0.1848,0.0577,0.2199,0.0318,0.0934,0.2830,0.1041,0.1408,0.0386,0.2126,0.1202
1785424935.13,102,drive,0,0.5,15.0,40.713,25.13,249.74,0.1295,0.1940,0.0376,0.1833,0.0562,0.2190,0.0376,0.0938,0.2830,0.1065,0.1432,0.0411,0.2160,0.1207
1785424935.22,102,drive,1,0.5,15.0,40.713,25.13,249.74,0.1295,0.1935,0.0332,0.1823,0.0572,0.2219,0.0327,0.0948,0.2825,0.1056,0.1383,0.0381,0.2141,0.1227
1785424935.32,102,drive,2,0.5,15.0,40.713,25.13,249.74,0.1290,0.1921,0.0352,0.1862,0.0562,0.2199,0.0337,0.0938,0.2820,0.1046,0.1378,0.0386,0.2131,0.1232
1785424936.62,102,drive,0,1.0,15.0,40.713,25.13,249.74,0.1320,0.1935,0.0337,0.1808,0.0591,0.2199,0.0342,0.0943,0.2849,0.1061,0.1427,0.0342,0.2141,0.1197
1785424936.71,102,drive,1,1.0,15.0,40.713,25.13,249.74,0.1276,0.1931,0.0357,0.1823,0.0596,0.2209,0.0332,0.0929,0.2825,0.1046,0.1398,0.0357,0.2121,0.1207
1785424936.81,102,drive,2,1.0,15.0,40.713,25.13,249.74,0.1320,0.1911,0.0367,0.1857,0.0577,0.2195,0.0323,0.0914,0.2840,0.1061,0.1417,0.0376,0.2146,0.1232
1785424938.10,102,drive,0,1.5,15.0,40.713,25.13,249.74,0.1295,0.1945,0.0347,0.1833,0.0567,0.2175,0.0352,0.0934,0.2830,0.1041,0.1427,0.0381,0.2155,0.1212
1785424938.20,102,drive,1,1.5,15.0,40.713,25.13,249.74,0.1271,0.1921,0.0313,0.1843,0.0552,0.2185,0.0352,0.0963,0.2840,0.1070,0.1408,0.0396,0.2146,0.1227
1785424938.29,102,drive,2,1.5,15.0,40.713,25.13,249.74,0.1276,0.1921,0.0376,0.1857,0.0582,0.2185,0.0352,0.0958,0.2859,0.1056,0.1393,0.0396,0.2136,0.1202
1785424939.59,102,drive,0,2.0,15.0,40.713,25.13,249.74,0.1281,0.1940,0.0352,0.1818,0.0587,0.2199,0.0352,0.0919,0.2859,0.1061,0.1393,0.0396,0.2116,0.1222
1785424939.68,102,drive,1,2.0,15.0,40.713,25.13,249.74,0.1285,0.1945,0.0357,0.1833,0.0552,0.2195,0.0362,0.0919,0.2845,0.1046,0.1417,0.0391,0.2136,0.1207
1785424939.78,102,drive,2,2.0,15.0,40.713,25.13,249.74,0.1320,0.1965,0.0357,0.1808,0.0557,0.2229,0.0327,0.0894,0.2859,0.1056,0.1422,0.0367,0.2146,0.1217
1785424941.07,102,drive,0,2.5,15.0,40.713,25.13,249.74,0.1300,0.1921,0.0362,0.1823,0.0567,0.2204,0.0371,0.0880,0.2859,0.1041,0.1378,0.0367,0.2131,0.1232
1785424941.17,102,drive,1,2.5,15.0,40.713,25.13,249.74,0.1300,0.1931,0.0347,0.1843,0.0567,0.2204,0.0342,0.0894,0.2854,0.1070,0.1413,0.0381,0.2146,0.1193
1785424941.26,102,drive,2,2.5,15.0,40.713,25.13,249.74,0.1285,0.1950,0.0396,0.1833,0.0562,0.2185,0.0367,0.0909,0.2845,0.1046,0.1398,0.0396,0.2136,0.1212
1785424942.56,102,drive,0,3.0,15.0,40.713,25.13,249.74,0.1310,0.1901,0.0337,0.1813,0.0552,0.2190,0.0357,0.0929,0.2854,0.1061,0.1403,0.0386,0.2136,0.1227
1785424942.65,102,drive,1,3.0,15.0,40.713,25.13,249.74,0.1285,0.1921,0.0342,0.1843,0.0567,0.2209,0.0352,0.0919,0.2859,0.1065,0.1408,0.0367,0.2146,0.1202
1785424942.75,102,drive,2,3.0,15.0,40.713,25.13,249.74,0.1325,0.1916,0.0352,0.1852,0.0577,0.2190,0.0342,0.0914,0.2830,0.1061,0.1408,0.0371,0.2151,0.1217
1785424944.04,102,drive,0,3.5,15.0,40.713,25.13,249.74,0.1315,0.1935,0.0342,0.1823,0.0572,0.2224,0.0352,0.0919,0.2840,0.1065,0.1408,0.0391,0.2136,0.1232
1785424944.14,102,drive,1,3.5,15.0,40.713,25.13,249.74,0.1281,0.1921,0.0357,0.1867,0.0547,0.2190,0.0337,0.0958,0.2854,0.1065,0.1378,0.0381,0.2141,0.1217
1785424944.24,102,drive,2,3.5,15.0,40.713,25.13,249.74,0.1305,0.1940,0.0352,0.1862,0.0557,0.2185,0.0347,0.0914,0.2869,0.1051,0.1398,0.0376,0.2151,0.1232
1785424945.53,102,drive,0,4.0,15.0,40.713,25.13,249.74,0.1310,0.1906,0.0332,0.1833,0.0611,0.2204,0.0347,0.0885,0.2859,0.1041,0.1393,0.0371,0.2151,0.1241
1785424945.63,102,drive,1,4.0,15.0,40.713,25.13,249.74,0.1300,0.1891,0.0371,0.1823,0.0557,0.2160,0.0367,0.0934,0.2845,0.1056,0.1393,0.0381,0.2151,0.1212
1785424945.72,102,drive,2,4.0,15.0,40.713,25.13,249.74,0.1295,0.1896,0.0347,0.1862,0.0572,0.2190,0.0352,0.0929,0.2835,0.1080,0.1393,0.0367,0.2121,0.1241
1785424947.09,103,base,0,0.0,15.0,40.733,25.13,249.74,0.1315,0.1940,0.0337,0.1838,0.0587,0.2195,0.0347,0.0919,0.2835,0.1036,0.1403,0.0401,0.2126,0.1212
1785424947.18,103,base,1,0.0,15.0,40.733,25.13,249.74,0.1320,0.1921,0.0327,0.1808,0.0587,0.2219,0.0352,0.0904,0.2859,0.1046,0.1393,0.0386,0.2131,0.1217
1785424947.28,103,base,2,0.0,15.0,40.733,25.13,249.74,0.1315,0.1906,0.0376,0.1799,0.0557,0.2209,0.0357,0.0934,0.2840,0.1046,0.1393,0.0357,0.2155,0.1217
1785424948.57,103,drive,0,0.0,15.0,40.733,25.13,249.74,0.1315,0.1911,0.0371,0.1848,0.0552,0.2195,0.0347,0.0909,0.2825,0.1026,0.1408,0.0362,0.2126,0.1212
1785424948.67,103,drive,1,0.0,15.0,40.733,25.13,249.74,0.1295,0.1906,0.0327,0.1857,0.0572,0.2185,0.0347,0.0938,0.2864,0.1056,0.1378,0.0396,0.2131,0.1227
1785424948.77,103,drive,2,0.0,15.0,40.733,25.13,249.74,0.1295,0.1926,0.0362,0.1808,0.0547,0.2199,0.0367,0.0924,0.2835,0.1041,0.1432,0.0371,0.2136,0.1207
1785424950.06,103,drive,0,0.5,15.0,40.733,25.13,249.74,0.1320,0.1960,0.0352,0.1848,0.0538,0.2224,0.0357,0.0894,0.2854,0.1095,0.1432,0.0386,0.2131,0.1237
1785424950.16,103,drive,1,0.5,15.0,40.733,25.13,249.74,0.1290,0.1950,0.0337,0.1838,0.0587,0.2185,0.0357,0.0934,0.2854,0.1046,0.1408,0.0386,0.2131,0.1212
1785424950.25,103,drive,2,0.5,15.0,40.733,25.13,249.74,0.1295,0.1955,0.0352,0.1818,0.0557,0.2214,0.0342,0.0934,0.2854,0.1026,0.1393,0.0406,0.2146,0.1212
1785424951.56,103,drive,0,1.0,15.0,40.733,25.13,249.74,0.1315,0.1950,0.0362,0.1828,0.0601,0.2195,0.0371,0.0904,0.2830,0.1070,0.1432,0.0362,0.2141,0.1217
1785424951.65,103,drive,1,1.0,15.0,40.733,25.13,249.74,0.1310,0.1921,0.0367,0.1843,0.0587,0.2214,0.0367,0.0934,0.2859,0.1065,0.1383,0.0362,0.2131,0.1237
1785424951.75,103,drive,2,1.0,15.0,40.733,25.13,249.74,0.1305,0.1950,0.0357,0.1838,0.0552,0.2209,0.0342,0.0938,0.2864,0.1031,0.1403,0.0411,0.2146,0.1183
1785424953.08,103,drive,0,1.5,15.0,40.733,25.13,249.74,0.1320,0.1935,0.0323,0.1852,0.0577,0.2175,0.0342,0.0909,0.2840,0.1070,0.1413,0.0386,0.2131,0.1237
1785424953.17,103,drive,1,1.5,15.0,40.733,25.13,249.74,0.1285,0.1901,0.0332,0.1823,0.0572,0.2195,0.0337,0.0914,0.2840,0.1056,0.1393,0.0371,0.2136,0.1227
1785424953.27,103,drive,2,1.5,15.0,40.733,25.13,249.74,0.1281,0.1935,0.0367,0.1823,0.0582,0.2214,0.0347,0.0934,0.2854,0.1036,0.1373,0.0357,0.2155,0.1193
1785424954.57,103,drive,0,2.0,15.0,40.733,25.13,249.74,0.1285,0.1935,0.0347,0.1862,0.0577,0.2195,0.0367,0.0924,0.2854,0.1046,0.1393,0.0396,0.2136,0.1237
1785424954.66,103,drive,1,2.0,15.0,40.733,25.13,249.74,0.1310,0.1916,0.0318,0.1833,0.0582,0.2180,0.0381,0.0934,0.2835,0.1046,0.1413,0.0386,0.2146,0.1207
1785424954.76,103,drive,2,2.0,15.0,40.733,25.13,249.74,0.1300,0.1955,0.0337,0.1808,0.0577,0.2224,0.0347,0.0909,0.2849,0.1051,0.1388,0.0386,0.2126,0.1197
1785424956.05,103,drive,0,2.5,15.0,40.733,25.13,249.74,0.1300,0.1960,0.0318,0.1838,0.0577,0.2195,0.0362,0.0914,0.2845,0.1022,0.1432,0.0371,0.2121,0.1188
1785424956.15,103,drive,1,2.5,15.0,40.733,25.13,249.74,0.1320,0.1940,0.0332,0.1852,0.0587,0.2209,0.0362,0.0899,0.2835,0.1065,0.1398,0.0362,0.2146,0.1207
1785424956.25,103,drive,2,2.5,15.0,40.733,25.13,249.74,0.1300,0.1940,0.0362,0.1867,0.0572,0.2170,0.0327,0.0919,0.2849,0.1061,0.1398,0.0357,0.2141,0.1227
1785424957.54,103,drive,0,3.0,15.0,40.733,25.13,249.74,0.1339,0.1960,0.0386,0.1823,0.0567,0.2199,0.0352,0.0929,0.2830,0.1051,0.1442,0.0371,0.2136,0.1241
1785424957.64,103,drive,1,3.0,15.0,40.733,25.13,249.74,0.1315,0.1960,0.0357,0.1818,0.0557,0.2199,0.0337,0.0934,0.2884,0.1056,0.1413,0.0386,0.2136,0.1217
1785424957.74,103,drive,2,3.0,15.0,40.733,25.13,249.74,0.1285,0.1935,0.0342,0.1823,0.0552,0.2195,0.0381,0.0934,0.2835,0.1056,0.1393,0.0362,0.2121,0.1217
1785424959.03,103,drive,0,3.5,15.0,40.733,25.13,249.74,0.1295,0.1906,0.0332,0.1852,0.0572,0.2204,0.0362,0.0919,0.2854,0.1090,0.1417,0.0342,0.2146,0.1227
1785424959.13,103,drive,1,3.5,15.0,40.733,25.13,249.74,0.1315,0.1950,0.0352,0.1833,0.0562,0.2209,0.0362,0.0929,0.2840,0.1085,0.1442,0.0371,0.2126,0.1227
1785424959.22,103,drive,2,3.5,15.0,40.733,25.13,249.74,0.1290,0.1911,0.0342,0.1848,0.0577,0.2195,0.0371,0.0914,0.2854,0.1046,0.1422,0.0376,0.2165,0.1207
1785424960.52,103,drive,0,4.0,15.0,40.733,25.13,249.74,0.1310,0.1916,0.0323,0.1843,0.0577,0.2204,0.0342,0.0934,0.2849,0.1065,0.1422,0.0391,0.2131,0.1202
1785424960.62,103,drive,1,4.0,15.0,40.733,25.13,249.74,0.1276,0.1911,0.0347,0.1808,0.0582,0.2185,0.0342,0.0909,0.2840,0.1070,0.1413,0.0396,0.2136,0.1227
1785424960.71,103,drive,2,4.0,15.0,40.733,25.13,249.74,0.1290,0.1945,0.0337,0.1843,0.0572,0.2229,0.0381,0.0919,0.2849,0.1070,0.1393,0.0381,0.2136,0.1212
1785424962.09,104,base,0,0.0,15.0,40.733,25.13,249.74,0.1281,0.1950,0.0347,0.1833,0.0572,0.2204,0.0357,0.0914,0.2869,0.1051,0.1408,0.0415,0.2146,0.1241
1785424962.19,104,base,1,0.0,15.0,40.733,25.13,249.74,0.1305,0.1931,0.0362,0.1867,0.0572,0.2199,0.0371,0.0924,0.2869,0.1051,0.1408,0.0386,0.2146,0.1237
1785424962.28,104,base,2,0.0,15.0,40.733,25.13,249.74,0.1290,0.1950,0.0362,0.1833,0.0572,0.2209,0.0342,0.0924,0.2840,0.1041,0.1437,0.0362,0.2136,0.1217
1785424963.57,104,drive,0,0.0,15.0,40.733,25.13,249.74,0.1300,0.1940,0.0352,0.1848,0.0572,0.2204,0.0342,0.0934,0.2849,0.1041,0.1398,0.0347,0.2155,0.1222
1785424963.67,104,drive,1,0.0,15.0,40.733,25.13,249.74,0.1295,0.1970,0.0367,0.1813,0.0547,0.2185,0.0357,0.0934,0.2859,0.1080,0.1403,0.0401,0.2141,0.1227
1785424963.77,104,drive,2,0.0,15.0,40.733,25.13,249.74,0.1266,0.1916,0.0381,0.1852,0.0543,0.2195,0.0357,0.0919,0.2840,0.1022,0.1427,0.0386,0.2175,0.1241
1785424965.06,104,drive,0,0.5,15.0,40.733,25.13,249.74,0.1251,0.1916,0.0347,0.1833,0.0587,0.2239,0.0332,0.0904,0.2854,0.1065,0.1393,0.0357,0.2146,0.1207
1785424965.16,104,drive,1,0.5,15.0,40.733,25.13,249.74,0.1320,0.1926,0.0376,0.1823,0.0577,0.2195,0.0332,0.0938,0.2825,0.1046,0.1417,0.0381,0.2126,0.1222
1785424965.26,104,drive,2,0.5,15.0,40.733,25.13,249.74,0.1295,0.1931,0.0357,0.1867,0.0572,0.2185,0.0347,0.0938,0.2849,0.1031,0.1413,0.0376,0.2126,0.1197
1785424966.55,104,drive,0,1.0,15.0,40.733,25.13,249.74,0.1281,0.1911,0.0371,0.1848,0.0577,0.2160,0.0352,0.0919,0.2840,0.1070,0.1408,0.0362,0.2146,0.1241
1785424966.65,104,drive,1,1.0,15.0,40.733,25.13,249.74,0.1329,0.1955,0.0352,0.1838,0.0572,0.2219,0.0347,0.0929,0.2854,0.1051,0.1403,0.0386,0.2131,0.1222
1785424966.74,104,drive,2,1.0,15.0,40.733,25.13,249.74,0.1310,0.1921,0.0362,0.1828,0.0567,0.2180,0.0337,0.0943,0.2840,0.1056,0.1413,0.0376,0.2151,0.1222
1785424968.07,104,drive,0,1.5,15.0,40.733,25.13,249.74,0.1300,0.1931,0.0352,0.1838,0.0587,0.2209,0.0332,0.0914,0.2849,0.1061,0.1422,0.0362,0.2131,0.1212
1785424968.17,104,drive,1,1.5,15.0,40.733,25.13,249.74,0.1276,0.1940,0.0357,0.1843,0.0547,0.2209,0.0327,0.0943,0.2874,0.1070,0.1408,0.0386,0.2141,0.1207
1785424968.27,104,drive,2,1.5,15.0,40.733,25.13,249.74,0.1305,0.1935,0.0371,0.1828,0.0557,0.2185,0.0367,0.0919,0.2845,0.1036,0.1417,0.0396,0.2146,0.1237
1785424969.58,104,drive,0,2.0,15.0,40.733,25.13,249.74,0.1315,0.1950,0.0357,0.1843,0.0557,0.2199,0.0357,0.0914,0.2845,0.1085,0.1413,0.0371,0.2155,0.1251
1785424969.68,104,drive,1,2.0,15.0,40.733,25.13,249.74,0.1295,0.1911,0.0367,0.1813,0.0577,0.2243,0.0362,0.0938,0.2864,0.1041,0.1413,0.0347,0.2136,0.1207
1785424969.78,104,drive,2,2.0,15.0,40.733,25.13,249.74,0.1295,0.1940,0.0367,0.1833,0.0587,0.2195,0.0367,0.0934,0.2825,0.1041,0.1427,0.0396,0.2141,0.1237
1785424971.10,104,drive,0,2.5,15.0,40.733,25.13,249.74,0.1320,0.1935,0.0342,0.1857,0.0587,0.2185,0.0362,0.0938,0.2849,0.1075,0.1398,0.0376,0.2136,0.1232
1785424971.20,104,drive,1,2.5,15.0,40.733,25.13,249.74,0.1300,0.1965,0.0337,0.1852,0.0557,0.2214,0.0337,0.0948,0.2840,0.1080,0.1403,0.0347,0.2146,0.1217
1785424971.29,104,drive,2,2.5,15.0,40.733,25.13,249.74,0.1305,0.1955,0.0332,0.1843,0.0567,0.2204,0.0367,0.0904,0.2849,0.1046,0.1403,0.0362,0.2121,0.1227
1785424972.59,104,drive,0,3.0,15.0,40.733,25.13,249.74,0.1320,0.1940,0.0342,0.1833,0.0567,0.2199,0.0342,0.0924,0.2874,0.1070,0.1383,0.0367,0.2146,0.1266
1785424972.69,104,drive,1,3.0,15.0,40.733,25.13,249.74,0.1305,0.1940,0.0327,0.1828,0.0577,0.2204,0.0347,0.0914,0.2849,0.1075,0.1413,0.0401,0.2136,0.1202
1785424972.78,104,drive,2,3.0,15.0,40.733,25.13,249.74,0.1295,0.1940,0.0362,0.1838,0.0557,0.2185,0.0352,0.0934,0.2854,0.1041,0.1403,0.0352,0.2151,0.1227
1785424974.08,104,drive,0,3.5,15.0,40.733,25.13,249.74,0.1315,0.1931,0.0318,0.1823,0.0547,0.2204,0.0352,0.0909,0.2849,0.1061,0.1413,0.0396,0.2131,0.1197
1785424974.17,104,drive,1,3.5,15.0,40.733,25.13,249.74,0.1315,0.1911,0.0347,0.1804,0.0591,0.2214,0.0327,0.0909,0.2849,0.1065,0.1427,0.0381,0.2141,0.1212
1785424974.27,104,drive,2,3.5,15.0,40.733,25.13,249.74,0.1325,0.1945,0.0371,0.1838,0.0596,0.2190,0.0337,0.0924,0.2854,0.1090,0.1413,0.0352,0.2136,0.1222
1785424975.57,104,drive,0,4.0,15.0,40.733,25.13,249.74,0.1305,0.1935,0.0352,0.1843,0.0577,0.2224,0.0342,0.0943,0.2845,0.1046,0.1398,0.0411,0.2151,0.1197
1785424975.66,104,drive,1,4.0,15.0,40.733,25.13,249.74,0.1315,0.1926,0.0357,0.1843,0.0543,0.2199,0.0327,0.0919,0.2859,0.1056,0.1408,0.0362,0.2126,0.1222
1785424975.76,104,drive,2,4.0,15.0,40.733,25.13,249.74,0.1300,0.1926,0.0342,0.1813,0.0538,0.2190,0.0332,0.0914,0.2864,0.1075,0.1442,0.0362,0.2131,0.1241
1785424977.12,105,base,0,0.0,15.0,40.753,25.13,249.74,0.1310,0.1916,0.0362,0.1833,0.0557,0.2195,0.0362,0.0948,0.2854,0.1056,0.1403,0.0381,0.2175,0.1207
1785424977.22,105,base,1,0.0,15.0,40.753,25.13,249.74,0.1295,0.1935,0.0367,0.1848,0.0567,0.2219,0.0332,0.0914,0.2859,0.1075,0.1432,0.0362,0.2126,0.1261
1785424977.31,105,base,2,0.0,15.0,40.753,25.13,249.74,0.1285,0.1916,0.0367,0.1828,0.0591,0.2209,0.0342,0.0943,0.2849,0.1036,0.1383,0.0401,0.2155,0.1232
1785424978.61,105,drive,0,0.0,15.0,40.753,25.13,249.74,0.1315,0.1891,0.0327,0.1818,0.0572,0.2185,0.0357,0.0919,0.2825,0.1051,0.1398,0.0396,0.2151,0.1207
1785424978.70,105,drive,1,0.0,15.0,40.753,25.13,249.74,0.1315,0.1940,0.0347,0.1833,0.0591,0.2195,0.0357,0.0919,0.2859,0.1061,0.1413,0.0401,0.2121,0.1207
1785424978.80,105,drive,2,0.0,15.0,40.753,25.13,249.74,0.1310,0.1965,0.0332,0.1823,0.0567,0.2214,0.0352,0.0948,0.2845,0.1046,0.1422,0.0347,0.2155,0.1222
1785424980.09,105,drive,0,0.5,15.0,40.753,25.13,249.74,0.1320,0.1931,0.0376,0.1808,0.0562,0.2214,0.0391,0.0919,0.2840,0.1041,0.1442,0.0396,0.2121,0.1222
1785424980.19,105,drive,1,0.5,15.0,40.753,25.13,249.74,0.1320,0.1935,0.0367,0.1818,0.0582,0.2151,0.0352,0.0934,0.2849,0.1022,0.1437,0.0396,0.2136,0.1202
1785424980.29,105,drive,2,0.5,15.0,40.753,25.13,249.74,0.1290,0.1931,0.0357,0.1818,0.0572,0.2199,0.0342,0.0929,0.2830,0.1022,0.1403,0.0391,0.2141,0.1188
1785424981.58,105,drive,0,1.0,15.0,40.753,25.13,249.74,0.1320,0.1935,0.0357,0.1857,0.0557,0.2195,0.0323,0.0924,0.2840,0.1065,0.1447,0.0386,0.2107,0.1212
1785424981.68,105,drive,1,1.0,15.0,40.753,25.13,249.74,0.1295,0.1965,0.0376,0.1843,0.0577,0.2190,0.0381,0.0934,0.2815,0.1046,0.1408,0.0401,0.2155,0.1212
1785424981.77,105,drive,2,1.0,15.0,40.753,25.13,249.74,0.1271,0.1926,0.0342,0.1833,0.0577,0.2219,0.0347,0.0894,0.2840,0.1105,0.1432,0.0396,0.2126,0.1222
1785424983.11,105,drive,0,1.5,15.0,40.753,25.13,249.74,0.1300,0.1901,0.0323,0.1828,0.0582,0.2199,0.0367,0.0890,0.2874,0.1051,0.1393,0.0313,0.2131,0.1241
1785424983.20,105,drive,1,1.5,15.0,40.753,25.13,249.74,0.1285,0.1931,0.0347,0.1848,0.0577,0.2199,0.0342,0.0904,0.2859,0.1065,0.1398,0.0367,0.2155,0.1222
1785424983.30,105,drive,2,1.5,15.0,40.753,25.13,249.74,0.1305,0.1935,0.0362,0.1848,0.0591,0.2209,0.0337,0.0924,0.2849,0.1056,0.1403,0.0362,0.2155,0.1202
1785424984.60,105,drive,0,2.0,15.0,40.753,25.13,249.74,0.1300,0.1965,0.0347,0.1862,0.0562,0.2199,0.0332,0.0929,0.2859,0.1051,0.1427,0.0371,0.2141,0.1227
1785424984.69,105,drive,1,2.0,15.0,40.753,25.13,249.74,0.1305,0.1916,0.0352,0.1838,0.0577,0.2190,0.0352,0.0929,0.2845,0.1046,0.1417,0.0362,0.2155,0.1212
1785424984.81,105,drive,2,2.0,15.0,40.753,25.13,249.74,0.1285,0.1901,0.0376,0.1838,0.0572,0.2199,0.0332,0.0914,0.2874,0.1041,0.1408,0.0386,0.2185,0.1207
1785424986.13,105,drive,0,2.5,15.0,40.753,25.13,249.74,0.1310,0.1935,0.0357,0.1852,0.0591,0.2204,0.0347,0.0929,0.2849,0.1031,0.1408,0.0381,0.2146,0.1222
1785424986.22,105,drive,1,2.5,15.0,40.753,25.13,249.74,0.1266,0.1950,0.0367,0.1843,0.0552,0.2195,0.0327,0.0929,0.2849,0.1046,0.1398,0.0406,0.2160,0.1207
1785424986.32,105,drive,2,2.5,15.0,40.753,25.13,249.74,0.1325,0.1940,0.0342,0.1818,0.0567,0.2204,0.0367,0.0914,0.2845,0.1070,0.1403,0.0347,0.2141,0.1227
1785424987.62,105,drive,0,3.0,15.0,40.753,25.13,249.74,0.1290,0.1935,0.0342,0.1823,0.0577,0.2175,0.0332,0.0929,0.2889,0.1061,0.1413,0.0411,0.2141,0.1183
1785424987.71,105,drive,1,3.0,15.0,40.753,25.13,249.74,0.1310,0.1955,0.0323,0.1843,0.0567,0.2204,0.0318,0.0924,0.2869,0.1051,0.1403,0.0362,0.2116,0.1241
1785424987.81,105,drive,2,3.0,15.0,40.753,25.13,249.74,0.1300,0.1931,0.0347,0.1833,0.0562,0.2180,0.0342,0.0914,0.2840,0.1041,0.1422,0.0411,0.2121,0.1241
1785424989.10,105,drive,0,3.5,15.0,40.753,25.13,249.74,0.1266,0.1916,0.0357,0.1818,0.0557,0.2195,0.0352,0.0943,0.2845,0.1056,0.1408,0.0357,0.2141,0.1237
1785424989.19,105,drive,1,3.5,15.0,40.753,25.13,249.74,0.1310,0.1921,0.0337,0.1833,0.0572,0.2219,0.0347,0.0938,0.2845,0.1065,0.1417,0.0376,0.2136,0.1217
1785424989.29,105,drive,2,3.5,15.0,40.753,25.13,249.74,0.1290,0.1916,0.0342,0.1813,0.0596,0.2204,0.0357,0.0938,0.2879,0.1070,0.1413,0.0352,0.2155,0.1217
1785424990.58,105,drive,0,4.0,15.0,40.753,25.13,249.74,0.1305,0.1950,0.0367,0.1823,0.0552,0.2209,0.0376,0.0919,0.2854,0.1061,0.1408,0.0386,0.2087,0.1212
1785424990.68,105,drive,1,4.0,15.0,40.753,25.13,249.74,0.1305,0.1926,0.0337,0.1833,0.0606,0.2199,0.0342,0.0894,0.2835,0.1046,0.1408,0.0386,0.2151,0.1232
1785424990.78,105,drive,2,4.0,15.0,40.753,25.13,249.74,0.1315,0.1950,0.0367,0.1823,0.0572,0.2180,0.0347,0.0904,0.2820,0.1041,0.1408,0.0376,0.2126,0.1232
1785424992.14,106,base,0,0.0,15.0,40.813,25.13,249.74,0.1290,0.1935,0.0362,0.1848,0.0533,0.2224,0.0347,0.0924,0.2835,0.1046,0.1427,0.0362,0.2141,0.1217
1785424992.23,106,base,1,0.0,15.0,40.813,25.13,249.74,0.1290,0.1926,0.0337,0.1843,0.0567,0.2185,0.0347,0.0904,0.2854,0.1056,0.1403,0.0357,0.2141,0.1207
1785424992.33,106,base,2,0.0,15.0,40.813,25.13,249.74,0.1310,0.1931,0.0371,0.1838,0.0552,0.2185,0.0367,0.0919,0.2830,0.1046,0.1422,0.0401,0.2141,0.1178
1785424993.62,106,drive,0,0.0,15.0,40.813,25.13,249.74,0.1315,0.1931,0.0352,0.1813,0.0557,0.2219,0.0357,0.0919,0.2835,0.1061,0.1408,0.0367,0.2141,0.1212
1785424993.72,106,drive,1,0.0,15.0,40.813,25.13,249.74,0.1305,0.1940,0.0386,0.1804,0.0562,0.2214,0.0362,0.0924,0.2845,0.1056,0.1413,0.0352,0.2146,0.1222
1785424993.81,106,drive,2,0.0,15.0,40.813,25.13,249.74,0.1285,0.1940,0.0337,0.1818,0.0587,0.2209,0.0371,0.0904,0.2864,0.1046,0.1388,0.0371,0.2131,0.1212
1785424995.11,106,drive,0,0.5,15.0,40.813,25.13,249.74,0.1285,0.1931,0.0362,0.1843,0.0547,0.2199,0.0371,0.0919,0.2854,0.1065,0.1403,0.0367,0.2160,0.1217
1785424995.21,106,drive,1,0.5,15.0,40.813,25.13,249.74,0.1300,0.1931,0.0362,0.1818,0.0577,0.2190,0.0381,0.0943,0.2835,0.1051,0.1417,0.0396,0.2151,0.1197
1785424995.30,106,drive,2,0.5,15.0,40.813,25.13,249.74,0.1295,0.1926,0.0347,0.1823,0.0562,0.2195,0.0323,0.0934,0.2854,0.1061,0.1442,0.0371,0.2151,0.1241
1785424996.60,106,drive,0,1.0,15.0,40.813,25.13,249.74,0.1300,0.1940,0.0357,0.1823,0.0567,0.2185,0.0352,0.0904,0.2835,0.1070,0.1403,0.0391,0.2131,0.1217
1785424996.70,106,drive,1,1.0,15.0,40.813,25.13,249.74,0.1300,0.1955,0.0371,0.1843,0.0557,0.2185,0.0371,0.0914,0.2845,0.1046,0.1413,0.0396,0.2141,0.1212
1785424996.79,106,drive,2,1.0,15.0,40.813,25.13,249.74,0.1320,0.1901,0.0337,0.1823,0.0557,0.2199,0.0362,0.0953,0.2859,0.1080,0.1432,0.0386,0.2107,0.1212
1785424998.09,106,drive,0,1.5,15.0,40.813,25.13,249.74,0.1300,0.1935,0.0352,0.1799,0.0538,0.2209,0.0367,0.0904,0.2854,0.1051,0.1413,0.0381,0.2160,0.1232
1785424998.18,106,drive,1,1.5,15.0,40.813,25.13,249.74,0.1285,0.1916,0.0357,0.1848,0.0587,0.2175,0.0362,0.0948,0.2840,0.1017,0.1408,0.0381,0.2141,0.1222
1785424998.28,106,drive,2,1.5,15.0,40.813,25.13,249.74,0.1325,0.1950,0.0357,0.1862,0.0582,0.2209,0.0352,0.0914,0.2859,0.1075,0.1398,0.0367,0.2131,0.1222
1785424999.57,106,drive,0,2.0,15.0,40.813,25.13,249.74,0.1310,0.1921,0.0352,0.1813,0.0577,0.2199,0.0371,0.0924,0.2845,0.1065,0.1388,0.0371,0.2131,0.1232
1785424999.67,106,drive,1,2.0,15.0,40.813,25.13,249.74,0.1310,0.1911,0.0342,0.1828,0.0547,0.2190,0.0352,0.0953,0.2840,0.1075,0.1417,0.0367,0.2141,0.1207
1785424999.77,106,drive,2,2.0,15.0,40.813,25.13,249.74,0.1290,0.1926,0.0371,0.1848,0.0543,0.2180,0.0362,0.0963,0.2859,0.1061,0.1413,0.0381,0.2141,0.1232
1785425001.08,106,drive,0,2.5,15.0,40.813,25.13,249.74,0.1285,0.1931,0.0347,0.1799,0.0572,0.2209,0.0347,0.0919,0.2854,0.1075,0.1417,0.0381,0.2141,0.1222
1785425001.17,106,drive,1,2.5,15.0,40.813,25.13,249.74,0.1305,0.1931,0.0327,0.1838,0.0572,0.2199,0.0342,0.0894,0.2840,0.1041,0.1403,0.0352,0.2131,0.1237
1785425001.27,106,drive,2,2.5,15.0,40.813,25.13,249.74,0.1285,0.1926,0.0362,0.1838,0.0572,0.2175,0.0337,0.0938,0.2835,0.1065,0.1403,0.0376,0.2146,0.1217
1785425002.56,106,drive,0,3.0,15.0,40.813,25.13,249.74,0.1310,0.1931,0.0342,0.1838,0.0587,0.2209,0.0342,0.0919,0.2864,0.1036,0.1417,0.0367,0.2141,0.1222
1785425002.65,106,drive,1,3.0,15.0,40.813,25.13,249.74,0.1300,0.1935,0.0337,0.1843,0.0587,0.2180,0.0347,0.0948,0.2849,0.1041,0.1403,0.0391,0.2141,0.1217
1785425002.75,106,drive,2,3.0,15.0,40.813,25.13,249.74,0.1305,0.1916,0.0347,0.1823,0.0567,0.2190,0.0381,0.0938,0.2859,0.1051,0.1408,0.0371,0.2116,0.1207
1785425004.04,106,drive,0,3.5,15.0,40.813,25.13,249.74,0.1320,0.1945,0.0367,0.1857,0.0543,0.2190,0.0371,0.0904,0.2840,0.1075,0.1403,0.0362,0.2131,0.1212
1785425004.14,106,drive,1,3.5,15.0,40.813,25.13,249.74,0.1334,0.1940,0.0352,0.1823,0.0582,0.2214,0.0357,0.0934,0.2869,0.1036,0.1403,0.0396,0.2146,0.1227
1785425004.23,106,drive,2,3.5,15.0,40.813,25.13,249.74,0.1285,0.1911,0.0347,0.1823,0.0562,0.2190,0.0318,0.0919,0.2864,0.1051,0.1398,0.0371,0.2136,0.1202
1785425005.52,106,drive,0,4.0,15.0,40.813,25.13,249.74,0.1281,0.1940,0.0376,0.1828,0.0596,0.2224,0.0337,0.0899,0.2854,0.1041,0.1427,0.0352,0.2151,0.1222
1785425005.62,106,drive,1,4.0,15.0,40.813,25.13,249.74,0.1290,0.1940,0.0371,0.1833,0.0557,0.2229,0.0352,0.0924,0.2830,0.1041,0.1417,0.0386,0.2165,0.1188
1785425005.72,106,drive,2,4.0,15.0,40.813,25.13,249.74,0.1276,0.1940,0.0342,0.1828,0.0596,0.2199,0.0357,0.0919,0.2845,0.1046,0.1417,0.0352,0.2111,0.1246
1785425007.09,107,base,0,0.0,15.0,40.733,25.13,249.74,0.1266,0.1935,0.0376,0.1828,0.0572,0.2229,0.0352,0.0938,0.2854,0.1065,0.1369,0.0371,0.2165,0.1217
1785425007.19,107,base,1,0.0,15.0,40.733,25.13,249.74,0.1285,0.1901,0.0386,0.1843,0.0552,0.2204,0.0357,0.0899,0.2854,0.1041,0.1417,0.0376,0.2146,0.1212
1785425007.28,107,base,2,0.0,15.0,40.733,25.13,249.74,0.1271,0.1911,0.0357,0.1794,0.0557,0.2180,0.0362,0.0929,0.2854,0.1051,0.1403,0.0376,0.2146,0.1207
1785425008.58,107,drive,0,0.0,15.0,40.733,25.13,249.74,0.1305,0.1955,0.0367,0.1813,0.0587,0.2180,0.0342,0.0934,0.2859,0.1046,0.1417,0.0391,0.2146,0.1217
1785425008.67,107,drive,1,0.0,15.0,40.733,25.13,249.74,0.1315,0.1931,0.0367,0.1862,0.0582,0.2185,0.0362,0.0914,0.2830,0.1051,0.1408,0.0396,0.2121,0.1241
1785425008.77,107,drive,2,0.0,15.0,40.733,25.13,249.74,0.1290,0.1901,0.0352,0.1828,0.0567,0.2214,0.0352,0.0934,0.2869,0.1065,0.1422,0.0357,0.2155,0.1197
1785425010.06,107,drive,0,0.5,15.0,40.733,25.13,249.74,0.1295,0.1945,0.0323,0.1823,0.0582,0.2195,0.0332,0.0953,0.2849,0.1061,0.1388,0.0411,0.2141,0.1193
1785425010.16,107,drive,1,0.5,15.0,40.733,25.13,249.74,0.1305,0.1940,0.0323,0.1818,0.0582,0.2190,0.0342,0.0914,0.2869,0.1061,0.1383,0.0367,0.2126,0.1227
1785425010.26,107,drive,2,0.5,15.0,40.733,25.13,249.74,0.1285,0.1921,0.0352,0.1828,0.0567,0.2180,0.0342,0.0934,0.2849,0.1041,0.1383,0.0411,0.2146,0.1222
1785425011.55,107,drive,0,1.0,15.0,40.733,25.13,249.74,0.1271,0.1960,0.0371,0.1818,0.0567,0.2199,0.0362,0.0924,0.2849,0.1056,0.1393,0.0386,0.2141,0.1227
1785425011.65,107,drive,1,1.0,15.0,40.733,25.13,249.74,0.1310,0.1945,0.0352,0.1823,0.0582,0.2190,0.0352,0.0894,0.2869,0.1051,0.1408,0.0391,0.2126,0.1183
1785425011.74,107,drive,2,1.0,15.0,40.733,25.13,249.74,0.1300,0.1940,0.0347,0.1784,0.0552,0.2204,0.0337,0.0909,0.2815,0.1056,0.1432,0.0386,0.2121,0.1197
1785425013.04,107,drive,0,1.5,15.0,40.733,25.13,249.74,0.1285,0.1945,0.0342,0.1838,0.0567,0.2199,0.0337,0.0924,0.2859,0.1065,0.1378,0.0367,0.2146,0.1227
1785425013.14,107,drive,1,1.5,15.0,40.733,25.13,249.74,0.1300,0.1945,0.0367,0.1813,0.0567,0.2190,0.0357,0.0909,0.2825,0.1056,0.1427,0.0386,0.2151,0.1222
1785425013.23,107,drive,2,1.5,15.0,40.733,25.13,249.74,0.1315,0.1921,0.0342,0.1857,0.0552,0.2214,0.0337,0.0914,0.2840,0.1061,0.1413,0.0371,0.2146,0.1237
1785425014.53,107,drive,0,2.0,15.0,40.733,25.13,249.74,0.1329,0.1940,0.0371,0.1838,0.0557,0.2195,0.0323,0.0899,0.2854,0.1031,0.1413,0.0342,0.2121,0.1183
1785425014.63,107,drive,1,2.0,15.0,40.733,25.13,249.74,0.1295,0.1931,0.0362,0.1823,0.0547,0.2209,0.0371,0.0919,0.2801,0.1056,0.1403,0.0371,0.2151,0.1232
1785425014.72,107,drive,2,2.0,15.0,40.733,25.13,249.74,0.1300,0.1926,0.0362,0.1838,0.0547,0.2180,0.0391,0.0929,0.2840,0.1017,0.1427,0.0367,0.2155,0.1193
1785425016.02,107,drive,0,2.5,15.0,40.733,25.13,249.74,0.1305,0.1931,0.0332,0.1848,0.0587,0.2175,0.0376,0.0929,0.2840,0.1061,0.1388,0.0391,0.2151,0.1212
1785425016.11,107,drive,1,2.5,15.0,40.733,25.13,249.74,0.1295,0.1901,0.0376,0.1823,0.0572,0.2180,0.0362,0.0909,0.2835,0.1036,0.1393,0.0411,0.2165,0.1207
1785425016.21,107,drive,2,2.5,15.0,40.733,25.13,249.74,0.1305,0.1911,0.0342,0.1833,0.0587,0.2209,0.0357,0.0924,0.2849,0.1065,0.1398,0.0376,0.2136,0.1212
1785425017.51,107,drive,0,3.0,15.0,40.733,25.13,249.74,0.1300,0.1901,0.0367,0.1838,0.0572,0.2214,0.0357,0.0929,0.2864,0.1085,0.1349,0.0391,0.2136,0.1217
1785425017.60,107,drive,1,3.0,15.0,40.733,25.13,249.74,0.1325,0.1955,0.0357,0.1808,0.0552,0.2209,0.0362,0.0919,0.2835,0.1026,0.1408,0.0386,0.2146,0.1217
1785425017.70,107,drive,2,3.0,15.0,40.733,25.13,249.74,0.1276,0.1955,0.0376,0.1828,0.0591,0.2214,0.0357,0.0938,0.2849,0.1065,0.1403,0.0391,0.2136,0.1227
1785425018.99,107,drive,0,3.5,15.0,40.733,25.13,249.74,0.1295,0.1945,0.0327,0.1823,0.0567,0.2195,0.0357,0.0929,0.2849,0.1056,0.1398,0.0367,0.2136,0.1222
1785425019.09,107,drive,1,3.5,15.0,40.733,25.13,249.74,0.1285,0.1926,0.0357,0.1838,0.0587,0.2204,0.0337,0.0929,0.2859,0.1046,0.1373,0.0386,0.2141,0.1207
1785425019.18,107,drive,2,3.5,15.0,40.733,25.13,249.74,0.1300,0.1926,0.0352,0.1828,0.0567,0.2190,0.0347,0.0943,0.2864,0.1056,0.1398,0.0381,0.2141,0.1212
1785425020.48,107,drive,0,4.0,15.0,40.733,25.13,249.74,0.1320,0.1935,0.0352,0.1818,0.0557,0.2170,0.0352,0.0919,0.2849,0.1056,0.1403,0.0401,0.2131,0.1222
1785425020.57,107,drive,1,4.0,15.0,40.733,25.13,249.74,0.1300,0.1940,0.0347,0.1823,0.0567,0.2185,0.0352,0.0914,0.2849,0.1041,0.1393,0.0371,0.2121,0.1207
1785425020.67,107,drive,2,4.0,15.0,40.733,25.13,249.74,0.1295,0.1926,0.0347,0.1843,0.0562,0.2204,0.0347,0.0938,0.2845,0.1036,0.1393,0.0376,0.2146,0.1207
1785425022.03,108,base,0,0.0,15.0,40.753,25.13,249.74,0.1320,0.1921,0.0357,0.1823,0.0582,0.2209,0.0342,0.0924,0.2854,0.1041,0.1408,0.0376,0.2141,0.1197
1785425022.13,108,base,1,0.0,15.0,40.753,25.13,249.74,0.1285,0.1965,0.0371,0.1833,0.0562,0.2190,0.0342,0.0938,0.2820,0.1041,0.1422,0.0396,0.2116,0.1202
1785425022.22,108,base,2,0.0,15.0,40.753,25.13,249.74,0.1310,0.1921,0.0381,0.1838,0.0562,0.2214,0.0342,0.0934,0.2820,0.1061,0.1403,0.0376,0.2165,0.1212
1785425023.52,108,drive,0,0.0,15.0,40.753,25.13,249.74,0.1285,0.1940,0.0367,0.1804,0.0567,0.2209,0.0362,0.0924,0.2840,0.1026,0.1417,0.0386,0.2146,0.1212
1785425023.61,108,drive,1,0.0,15.0,40.753,25.13,249.74,0.1295,0.1955,0.0371,0.1828,0.0557,0.2180,0.0337,0.0938,0.2854,0.1080,0.1417,0.0406,0.2136,0.1212
1785425023.71,108,drive,2,0.0,15.0,40.753,25.13,249.74,0.1295,0.1921,0.0362,0.1848,0.0577,0.2180,0.0342,0.0919,0.2840,0.1070,0.1413,0.0362,0.2151,0.1207
1785425025.01,108,drive,0,0.5,15.0,40.753,25.13,249.74,0.1354,0.1945,0.0371,0.1774,0.0582,0.2248,0.0376,0.0953,0.2864,0.1080,0.1491,0.0411,0.2160,0.1271
1785425025.10,108,drive,1,0.5,15.0,40.753,25.13,249.74,0.1325,0.1955,0.0371,0.1784,0.0587,0.2234,0.0386,0.0943,0.2879,0.1041,0.1486,0.0415,0.2170,0.1271
1785425025.20,108,drive,2,0.5,15.0,40.753,25.13,249.74,0.1354,0.1950,0.0386,0.1799,0.0587,0.2243,0.0367,0.0958,0.2864,0.1065,0.1520,0.0411,0.2146,0.1281
1785425026.49,108,drive,0,1.0,15.0,40.753,25.13,249.74,0.1398,0.1989,0.0401,0.1745,0.0587,0.2268,0.0425,0.0982,0.2908,0.1061,0.1574,0.0425,0.2165,0.1315
1785425026.59,108,drive,1,1.0,15.0,40.753,25.13,249.74,0.1383,0.1960,0.0391,0.1764,0.0591,0.2243,0.0401,0.0973,0.2923,0.1051,0.1584,0.0430,0.2180,0.1300
1785425026.68,108,drive,2,1.0,15.0,40.753,25.13,249.74,0.1373,0.1999,0.0411,0.1769,0.0562,0.2243,0.0381,0.0973,0.2898,0.1051,0.1564,0.0430,0.2185,0.1305
1785425027.98,108,drive,0,1.5,15.0,40.753,25.13,249.74,0.1403,0.1999,0.0411,0.1789,0.0562,0.2248,0.0420,0.0982,0.2874,0.1051,0.1574,0.0420,0.2195,0.1315
1785425028.08,108,drive,1,1.5,15.0,40.753,25.13,249.74,0.1393,0.1940,0.0406,0.1784,0.0606,0.2234,0.0386,0.0997,0.2923,0.1041,0.1579,0.0435,0.2175,0.1305
1785425028.17,108,drive,2,1.5,15.0,40.753,25.13,249.74,0.1398,0.1975,0.0386,0.1774,0.0591,0.2243,0.0401,0.0973,0.2928,0.1075,0.1535,0.0406,0.2155,0.1315
1785425029.47,108,drive,0,2.0,15.0,40.753,25.13,249.74,0.1398,0.1960,0.0425,0.1779,0.0630,0.2248,0.0391,0.1002,0.2918,0.1051,0.1549,0.0420,0.2195,0.1344
1785425029.56,108,drive,1,2.0,15.0,40.753,25.13,249.74,0.1369,0.1965,0.0415,0.1740,0.0606,0.2234,0.0396,0.0978,0.2913,0.1046,0.1574,0.0430,0.2185,0.1320
1785425029.66,108,drive,2,2.0,15.0,40.753,25.13,249.74,0.1408,0.1970,0.0406,0.1794,0.0616,0.2268,0.0376,0.1012,0.2933,0.1031,0.1554,0.0391,0.2190,0.1300
1785425030.95,108,drive,0,2.5,15.0,40.753,25.13,249.74,0.1422,0.1979,0.0371,0.1784,0.0596,0.2253,0.0411,0.0963,0.2908,0.1061,0.1593,0.0411,0.2155,0.1310
1785425031.05,108,drive,1,2.5,15.0,40.753,25.13,249.74,0.1388,0.1979,0.0376,0.1760,0.0596,0.2268,0.0411,0.0968,0.2928,0.1061,0.1559,0.0430,0.2160,0.1300
1785425031.15,108,drive,2,2.5,15.0,40.753,25.13,249.74,0.1393,0.1979,0.0376,0.1745,0.0616,0.2253,0.0411,0.0958,0.2913,0.1070,0.1584,0.0415,0.2190,0.1320
1785425032.44,108,drive,0,3.0,15.0,40.753,25.13,249.74,0.1388,0.1984,0.0391,0.1755,0.0596,0.2234,0.0396,0.1002,0.2908,0.1061,0.1554,0.0440,0.2209,0.1310
1785425032.54,108,drive,1,3.0,15.0,40.753,25.13,249.74,0.1383,0.1979,0.0401,0.1784,0.0621,0.2258,0.0376,0.0987,0.2928,0.1085,0.1554,0.0420,0.2180,0.1325
1785425032.64,108,drive,2,3.0,15.0,40.753,25.13,249.74,0.1393,0.1970,0.0401,0.1818,0.0596,0.2263,0.0371,0.0968,0.2923,0.1041,0.1540,0.0430,0.2185,0.1339
1785425033.93,108,drive,0,3.5,15.0,40.753,25.13,249.74,0.1393,0.1984,0.0401,0.1774,0.0621,0.2268,0.0401,0.0997,0.2903,0.1075,0.1569,0.0440,0.2136,0.1305
1785425034.03,108,drive,1,3.5,15.0,40.753,25.13,249.74,0.1369,0.1940,0.0411,0.1784,0.0621,0.2243,0.0406,0.0987,0.2928,0.1041,0.1569,0.0415,0.2209,0.1305
1785425034.12,108,drive,2,3.5,15.0,40.753,25.13,249.74,0.1417,0.1970,0.0381,0.1740,0.0601,0.2268,0.0406,0.0963,0.2889,0.1046,0.1569,0.0411,0.2195,0.1320
1785425035.42,108,drive,0,4.0,15.0,40.753,25.13,249.74,0.1403,0.1960,0.0391,0.1789,0.0572,0.2253,0.0396,0.0958,0.2928,0.1061,0.1584,0.0411,0.2199,0.1339
1785425035.51,108,drive,1,4.0,15.0,40.753,25.13,249.74,0.1398,0.1984,0.0386,0.1779,0.0621,0.2253,0.0386,0.0963,0.2928,0.1065,0.1574,0.0430,0.2180,0.1334
1785425035.61,108,drive,2,4.0,15.0,40.753,25.13,249.74,0.1422,0.1970,0.0406,0.1784,0.0635,0.2253,0.0411,0.0982,0.2923,0.1031,0.1559,0.0415,0.2165,0.1295
1785425036.99,110,base,0,0.0,15.0,40.753,25.13,249.75,0.1300,0.1882,0.0352,0.1838,0.0567,0.2190,0.0337,0.0929,0.2840,0.1070,0.1388,0.0376,0.2141,0.1222
1785425037.08,110,base,1,0.0,15.0,40.753,25.13,249.75,0.1320,0.1960,0.0342,0.1833,0.0572,0.2219,0.0352,0.0914,0.2849,0.1061,0.1427,0.0401,0.2131,0.1217
1785425037.18,110,base,2,0.0,15.0,40.753,25.13,249.75,0.1320,0.1935,0.0347,0.1823,0.0572,0.2214,0.0362,0.0919,0.2825,0.1036,0.1398,0.0401,0.2151,0.1212
1785425038.48,110,drive,0,0.0,15.0,40.753,25.13,249.75,0.1290,0.1945,0.0386,0.1828,0.0552,0.2195,0.0362,0.0938,0.2825,0.1056,0.1383,0.0411,0.2131,0.1232
1785425038.57,110,drive,1,0.0,15.0,40.753,25.13,249.75,0.1285,0.1945,0.0371,0.1828,0.0557,0.2219,0.0376,0.0924,0.2854,0.1056,0.1403,0.0396,0.2126,0.1227
1785425038.67,110,drive,2,0.0,15.0,40.753,25.13,249.75,0.1300,0.1945,0.0313,0.1828,0.0547,0.2199,0.0371,0.0929,0.2845,0.1031,0.1413,0.0376,0.2136,0.1217
1785425039.96,110,drive,0,0.5,15.0,40.753,25.13,249.75,0.1315,0.1921,0.0352,0.1838,0.0547,0.2195,0.0357,0.0914,0.2820,0.1056,0.1442,0.0396,0.2111,0.1232
1785425040.06,110,drive,1,0.5,15.0,40.753,25.13,249.75,0.1305,0.1916,0.0371,0.1838,0.0567,0.2185,0.0362,0.0919,0.2835,0.1046,0.1398,0.0371,0.2155,0.1241
1785425040.16,110,drive,2,0.5,15.0,40.753,25.13,249.75,0.1305,0.1935,0.0371,0.1833,0.0572,0.2214,0.0371,0.0919,0.2810,0.1070,0.1422,0.0376,0.2126,0.1197
1785425041.45,110,drive,0,1.0,15.0,40.753,25.13,249.75,0.1295,0.1955,0.0362,0.1828,0.0582,0.2219,0.0347,0.0924,0.2854,0.1075,0.1398,0.0386,0.2131,0.1232
1785425041.55,110,drive,1,1.0,15.0,40.753,25.13,249.75,0.1300,0.1906,0.0342,0.1848,0.0572,0.2195,0.0342,0.0924,0.2845,0.1056,0.1388,0.0391,0.2136,0.1217
1785425041.65,110,drive,2,1.0,15.0,40.753,25.13,249.75,0.1305,0.1926,0.0342,0.1838,0.0552,0.2204,0.0352,0.0929,0.2835,0.1051,0.1403,0.0381,0.2131,0.1183
1785425042.94,110,drive,0,1.5,15.0,40.753,25.13,249.75,0.1281,0.1891,0.0367,0.1979,0.0513,0.2141,0.0347,0.0943,0.2854,0.1080,0.1300,0.0371,0.2116,0.1222
1785425043.04,110,drive,1,1.5,15.0,40.753,25.13,249.75,0.1334,0.1935,0.0362,0.1965,0.0552,0.2170,0.0352,0.0938,0.2845,0.1100,0.1310,0.0381,0.2111,0.1207
1785425043.13,110,drive,2,1.5,15.0,40.753,25.13,249.75,0.1295,0.1926,0.0352,0.1979,0.0547,0.2155,0.0342,0.0919,0.2849,0.1070,0.1271,0.0376,0.2141,0.1232
1785425044.42,110,drive,0,2.0,15.0,40.753,25.13,249.75,0.1349,0.1926,0.0376,0.2326,0.0503,0.1989,0.0401,0.0929,0.2879,0.1085,0.1129,0.0386,0.2082,0.1246
1785425044.52,110,drive,1,2.0,15.0,40.753,25.13,249.75,0.1305,0.1926,0.0352,0.2370,0.0494,0.2004,0.0391,0.0943,0.2879,0.1090,0.1119,0.0381,0.2082,0.1227
1785425044.62,110,drive,2,2.0,15.0,40.753,25.13,249.75,0.1305,0.1906,0.0327,0.2351,0.0528,0.1989,0.0367,0.0934,0.2869,0.1080,0.1134,0.0381,0.2092,0.1217
1785425045.91,110,drive,0,2.5,15.0,40.753,25.13,249.75,0.1320,0.1891,0.0347,0.2561,0.0728,0.1882,0.0484,0.0806,0.2840,0.0963,0.1628,0.0401,0.2121,0.1256
1785425046.01,110,drive,1,2.5,15.0,40.753,25.13,249.75,0.1300,0.1945,0.0347,0.2551,0.0714,0.1887,0.0459,0.0811,0.2859,0.0958,0.1588,0.0411,0.2077,0.1266
1785425046.10,110,drive,2,2.5,15.0,40.753,25.13,249.75,0.1300,0.1926,0.0357,0.2571,0.0694,0.1887,0.0503,0.0841,0.2864,0.0943,0.1608,0.0406,0.2111,0.1256
1785425047.40,110,drive,0,3.0,15.0,40.753,25.13,249.75,0.1320,0.1906,0.0357,0.2405,0.1065,0.2028,0.0660,0.0591,0.2664,0.0743,0.2341,0.0445,0.2053,0.1227
1785425047.50,110,drive,1,3.0,15.0,40.753,25.13,249.75,0.1320,0.1945,0.0367,0.2400,0.1085,0.2043,0.0655,0.0547,0.2674,0.0718,0.2351,0.0425,0.2067,0.1237
1785425047.59,110,drive,2,3.0,15.0,40.753,25.13,249.75,0.1329,0.1931,0.0367,0.2414,0.1061,0.2038,0.0630,0.0596,0.2703,0.0718,0.2341,0.0430,0.2082,0.1261
1785425048.89,110,drive,0,3.5,15.0,40.753,25.13,249.75,0.1364,0.1965,0.0362,0.1735,0.1369,0.2346,0.0699,0.0376,0.2390,0.0557,0.2669,0.0474,0.2063,0.1227
1785425048.98,110,drive,1,3.5,15.0,40.753,25.13,249.75,0.1364,0.1960,0.0396,0.1720,0.1334,0.2331,0.0704,0.0371,0.2370,0.0596,0.2683,0.0450,0.2072,0.1266
1785425049.08,110,drive,2,3.5,15.0,40.753,25.13,249.75,0.1354,0.1931,0.0362,0.1706,0.1315,0.2307,0.0684,0.0371,0.2380,0.0601,0.2703,0.0464,0.2077,0.1281
1785425050.37,110,drive,0,4.0,15.0,40.753,25.13,249.75,0.1354,0.1960,0.0367,0.1237,0.1285,0.2395,0.0626,0.0425,0.2414,0.0660,0.2659,0.0455,0.2131,0.1266
1785425050.47,110,drive,1,4.0,15.0,40.753,25.13,249.75,0.1398,0.1970,0.0371,0.1246,0.1276,0.2410,0.0640,0.0396,0.2395,0.0645,0.2669,0.0469,0.2146,0.1285
1785425050.56,110,drive,2,4.0,15.0,40.753,25.13,249.75,0.1349,0.1945,0.0381,0.1246,0.1251,0.2395,0.0621,0.0445,0.2405,0.0635,0.2674,0.0459,0.2136,0.1237
1785425051.94,116,base,0,0.0,15.0,40.853,25.13,249.75,0.1300,0.1931,0.0367,0.1833,0.0567,0.2204,0.0352,0.0894,0.2825,0.1065,0.1422,0.0376,0.2155,0.1202
1785425052.03,116,base,1,0.0,15.0,40.853,25.13,249.75,0.1295,0.1945,0.0347,0.1843,0.0587,0.2185,0.0352,0.0919,0.2840,0.1051,0.1373,0.0371,0.2155,0.1217
1785425052.13,116,base,2,0.0,15.0,40.853,25.13,249.75,0.1300,0.1940,0.0362,0.1843,0.0587,0.2195,0.0332,0.0914,0.2825,0.1070,0.1383,0.0401,0.2141,0.1202
1785425053.43,116,drive,0,0.0,15.0,40.853,25.13,249.75,0.1290,0.1940,0.0342,0.1833,0.0547,0.2199,0.0367,0.0885,0.2830,0.1070,0.1383,0.0371,0.2165,0.1188
1785425053.52,116,drive,1,0.0,15.0,40.853,25.13,249.75,0.1310,0.1940,0.0342,0.1838,0.0572,0.2190,0.0337,0.0885,0.2845,0.1031,0.1417,0.0401,0.2141,0.1197
1785425053.62,116,drive,2,0.0,15.0,40.853,25.13,249.75,0.1281,0.1926,0.0357,0.1862,0.0577,0.2180,0.0342,0.0924,0.2854,0.1056,0.1398,0.0352,0.2155,0.1222
1785425054.92,116,drive,0,0.5,15.0,40.853,25.13,249.75,0.1295,0.1901,0.0357,0.1872,0.0557,0.2234,0.0347,0.0909,0.2845,0.1056,0.1369,0.0376,0.2146,0.1222
1785425055.01,116,drive,1,0.5,15.0,40.853,25.13,249.75,0.1290,0.1901,0.0362,0.1857,0.0582,0.2180,0.0347,0.0924,0.2849,0.1041,0.1388,0.0376,0.2121,0.1207
1785425055.11,116,drive,2,0.5,15.0,40.853,25.13,249.75,0.1300,0.1931,0.0367,0.1862,0.0567,0.2170,0.0352,0.0870,0.2830,0.1051,0.1408,0.0391,0.2151,0.1217
1785425056.40,116,drive,0,1.0,15.0,40.853,25.13,249.75,0.1305,0.1960,0.0327,0.1867,0.0567,0.2199,0.0332,0.0899,0.2854,0.1070,0.1383,0.0391,0.2160,0.1237
1785425056.50,116,drive,1,1.0,15.0,40.853,25.13,249.75,0.1290,0.1940,0.0332,0.1852,0.0572,0.2185,0.0323,0.0914,0.2825,0.1046,0.1364,0.0401,0.2146,0.1197
1785425056.59,116,drive,2,1.0,15.0,40.853,25.13,249.75,0.1281,0.1965,0.0352,0.1848,0.0582,0.2180,0.0371,0.0904,0.2830,0.1056,0.1373,0.0381,0.2146,0.1193
1785425057.89,116,drive,0,1.5,15.0,40.853,25.13,249.75,0.1281,0.1945,0.0357,0.1838,0.0582,0.2195,0.0327,0.0894,0.2854,0.1061,0.1383,0.0396,0.2155,0.1232
1785425057.98,116,drive,1,1.5,15.0,40.853,25.13,249.75,0.1295,0.1935,0.0347,0.1828,0.0591,0.2185,0.0371,0.0904,0.2854,0.1056,0.1393,0.0376,0.2151,0.1207
1785425058.08,116,drive,2,1.5,15.0,40.853,25.13,249.75,0.1285,0.1940,0.0352,0.1857,0.0577,0.2185,0.0342,0.0885,0.2830,0.1041,0.1364,0.0411,0.2136,0.1241
1785425059.38,116,drive,0,2.0,15.0,40.853,25.13,249.75,0.1315,0.1926,0.0381,0.1833,0.0572,0.2170,0.0367,0.0904,0.2820,0.1065,0.1378,0.0381,0.2136,0.1232
1785425059.48,116,drive,1,2.0,15.0,40.853,25.13,249.75,0.1271,0.1935,0.0357,0.1838,0.0577,0.2199,0.0332,0.0914,0.2854,0.1056,0.1383,0.0381,0.2151,0.1241
1785425059.57,116,drive,2,2.0,15.0,40.853,25.13,249.75,0.1271,0.1896,0.0391,0.1843,0.0567,0.2190,0.0352,0.0919,0.2845,0.1051,0.1364,0.0371,0.2146,0.1251
1785425060.86,116,drive,0,2.5,15.0,40.853,25.13,249.75,0.1271,0.1906,0.0357,0.1867,0.0567,0.2190,0.0362,0.0919,0.2849,0.1046,0.1393,0.0401,0.2136,0.1217
1785425060.96,116,drive,1,2.5,15.0,40.853,25.13,249.75,0.1285,0.1916,0.0342,0.1833,0.0587,0.2204,0.0337,0.0899,0.2825,0.1061,0.1388,0.0352,0.2131,0.1251
1785425061.06,116,drive,2,2.5,15.0,40.853,25.13,249.75,0.1310,0.1921,0.0352,0.1848,0.0572,0.2190,0.0337,0.0899,0.2854,0.1061,0.1393,0.0367,0.2146,0.1237
1785425062.35,116,drive,0,3.0,15.0,40.853,25.13,249.75,0.1315,0.1911,0.0352,0.1838,0.0567,0.2175,0.0362,0.0909,0.2859,0.1041,0.1408,0.0386,0.2116,0.1246
1785425062.45,116,drive,1,3.0,15.0,40.853,25.13,249.75,0.1305,0.1935,0.0342,0.1843,0.0567,0.2190,0.0337,0.0914,0.2815,0.1041,0.1383,0.0415,0.2121,0.1212
1785425062.54,116,drive,2,3.0,15.0,40.853,25.13,249.75,0.1300,0.1921,0.0362,0.1838,0.0567,0.2224,0.0347,0.0880,0.2835,0.1056,0.1378,0.0381,0.2126,0.1212
1785425063.84,116,drive,0,3.5,15.0,40.853,25.13,249.75,0.1305,0.1896,0.0347,0.1852,0.0601,0.2185,0.0342,0.0899,0.2840,0.1075,0.1354,0.0367,0.2141,0.1227
1785425063.93,116,drive,1,3.5,15.0,40.853,25.13,249.75,0.1305,0.1911,0.0347,0.1852,0.0587,0.2195,0.0342,0.0899,0.2864,0.1056,0.1383,0.0376,0.2155,0.1227
1785425064.03,116,drive,2,3.5,15.0,40.853,25.13,249.75,0.1295,0.1931,0.0371,0.1848,0.0562,0.2195,0.0342,0.0894,0.2859,0.1051,0.1373,0.0367,0.2160,0.1193
1785425065.32,116,drive,0,4.0,15.0,40.853,25.13,249.75,0.1305,0.1887,0.0357,0.1833,0.0582,0.2199,0.0337,0.0929,0.2864,0.1031,0.1378,0.0396,0.2165,0.1217
1785425065.42,116,drive,1,4.0,15.0,40.853,25.13,249.75,0.1290,0.1921,0.0362,0.1862,0.0572,0.2190,0.0357,0.0919,0.2830,0.1046,0.1373,0.0381,0.2170,0.1222
1785425065.52,116,drive,2,4.0,15.0,40.853,25.13,249.75,0.1334,0.1896,0.0367,0.1828,0.0547,0.2195,0.0362,0.0914,0.2830,0.1056,0.1403,0.0381,0.2160,0.1207
1785425066.89,119,base,0,0.0,15.0,40.753,25.13,249.75,0.1315,0.1931,0.0357,0.1843,0.0557,0.2199,0.0337,0.0929,0.2825,0.1070,0.1398,0.0371,0.2151,0.1251
1785425066.99,119,base,1,0.0,15.0,40.753,25.13,249.75,0.1281,0.1940,0.0362,0.1857,0.0572,0.2190,0.0362,0.0909,0.2810,0.1065,0.1388,0.0401,0.2141,0.1212
1785425067.09,119,base,2,0.0,15.0,40.753,25.13,249.75,0.1285,0.1940,0.0352,0.1813,0.0552,0.2195,0.0352,0.0904,0.2830,0.1031,0.1383,0.0376,0.2126,0.1202
1785425068.38,119,drive,0,0.0,15.0,40.753,25.13,249.75,0.1300,0.1931,0.0362,0.1877,0.0543,0.2204,0.0352,0.0914,0.2825,0.1017,0.1393,0.0411,0.2141,0.1222
1785425068.48,119,drive,1,0.0,15.0,40.753,25.13,249.75,0.1300,0.1931,0.0347,0.1838,0.0562,0.2209,0.0367,0.0909,0.2835,0.1046,0.1383,0.0362,0.2141,0.1227
1785425068.57,119,drive,2,0.0,15.0,40.753,25.13,249.75,0.1285,0.1906,0.0327,0.1843,0.0582,0.2209,0.0352,0.0904,0.2849,0.1061,0.1388,0.0396,0.2136,0.1222
1785425069.87,119,drive,0,0.5,15.0,40.753,25.13,249.75,0.1310,0.1921,0.0371,0.1848,0.0543,0.2190,0.0342,0.0909,0.2830,0.1046,0.1383,0.0386,0.2131,0.1207
1785425069.96,119,drive,1,0.5,15.0,40.753,25.13,249.75,0.1315,0.1901,0.0381,0.1872,0.0577,0.2185,0.0332,0.0899,0.2815,0.1012,0.1359,0.0391,0.2141,0.1217
1785425070.06,119,drive,2,0.5,15.0,40.753,25.13,249.75,0.1325,0.1931,0.0352,0.1828,0.0582,0.2199,0.0347,0.0899,0.2825,0.1061,0.1369,0.0391,0.2111,0.1241
1785425071.35,119,drive,0,1.0,15.0,40.753,25.13,249.75,0.1300,0.1931,0.0352,0.1813,0.0557,0.2204,0.0367,0.0938,0.2830,0.1007,0.1417,0.0381,0.2146,0.1232
1785425071.45,119,drive,1,1.0,15.0,40.753,25.13,249.75,0.1320,0.1916,0.0303,0.1867,0.0601,0.2199,0.0332,0.0919,0.2820,0.1046,0.1364,0.0381,0.2165,0.1232
1785425071.55,119,drive,2,1.0,15.0,40.753,25.13,249.75,0.1300,0.1896,0.0352,0.1843,0.0582,0.2209,0.0371,0.0929,0.2854,0.1041,0.1373,0.0411,0.2146,0.1202
1785425072.84,119,drive,0,1.5,15.0,40.753,25.13,249.75,0.1285,0.1916,0.0376,0.1857,0.0601,0.2180,0.0367,0.0899,0.2869,0.1046,0.1354,0.0337,0.2136,0.1222
1785425072.94,119,drive,1,1.5,15.0,40.753,25.13,249.75,0.1320,0.1916,0.0367,0.1857,0.0552,0.2204,0.0376,0.0894,0.2830,0.1046,0.1393,0.0376,0.2141,0.1227
1785425073.03,119,drive,2,1.5,15.0,40.753,25.13,249.75,0.1310,0.1931,0.0367,0.1852,0.0577,0.2185,0.0332,0.0919,0.2830,0.1051,0.1369,0.0391,0.2170,0.1227
1785425074.33,119,drive,0,2.0,15.0,40.753,25.13,249.75,0.1290,0.1916,0.0381,0.1872,0.0552,0.2180,0.0347,0.0890,0.2801,0.1061,0.1388,0.0381,0.2146,0.1232
1785425074.42,119,drive,1,2.0,15.0,40.753,25.13,249.75,0.1310,0.1916,0.0352,0.1852,0.0577,0.2199,0.0347,0.0899,0.2805,0.1051,0.1369,0.0342,0.2111,0.1227
1785425074.52,119,drive,2,2.0,15.0,40.753,25.13,249.75,0.1325,0.1906,0.0367,0.1857,0.0562,0.2185,0.0367,0.0899,0.2830,0.1051,0.1383,0.0381,0.2136,0.1232
1785425075.81,119,drive,0,2.5,15.0,40.753,25.13,249.75,0.1305,0.1926,0.0337,0.1843,0.0562,0.2185,0.0342,0.0914,0.2840,0.1031,0.1378,0.0401,0.2146,0.1197
1785425075.92,119,drive,1,2.5,15.0,40.753,25.13,249.75,0.1310,0.1940,0.0357,0.1828,0.0567,0.2185,0.0332,0.0899,0.2864,0.1046,0.1383,0.0386,0.2151,0.1207
1785425076.01,119,drive,2,2.5,15.0,40.753,25.13,249.75,0.1290,0.1931,0.0352,0.1823,0.0562,0.2199,0.0376,0.0919,0.2815,0.1041,0.1403,0.0386,0.2155,0.1227
1785425077.31,119,drive,0,3.0,15.0,40.753,25.13,249.75,0.1271,0.1926,0.0357,0.1813,0.0572,0.2214,0.0371,0.0904,0.2859,0.1041,0.1378,0.0391,0.2160,0.1197
1785425077.40,119,drive,1,3.0,15.0,40.753,25.13,249.75,0.1334,0.1926,0.0347,0.1843,0.0547,0.2195,0.0367,0.0924,0.2825,0.1061,0.1393,0.0396,0.2155,0.1212
1785425077.50,119,drive,2,3.0,15.0,40.753,25.13,249.75,0.1256,0.1906,0.0332,0.1852,0.0572,0.2180,0.0323,0.0904,0.2864,0.1051,0.1373,0.0371,0.2146,0.1217
1785425078.80,119,drive,0,3.5,15.0,40.753,25.13,249.75,0.1320,0.1916,0.0357,0.1843,0.0567,0.2204,0.0342,0.0909,0.2805,0.1056,0.1393,0.0386,0.2146,0.1222
1785425078.89,119,drive,1,3.5,15.0,40.753,25.13,249.75,0.1315,0.1906,0.0357,0.1877,0.0562,0.2195,0.0342,0.0880,0.2859,0.1051,0.1388,0.0381,0.2146,0.1202
1785425078.99,119,drive,2,3.5,15.0,40.753,25.13,249.75,0.1315,0.1911,0.0352,0.1843,0.0572,0.2204,0.0342,0.0904,0.2849,0.1056,0.1393,0.0376,0.2136,0.1222
1785425080.28,119,drive,0,4.0,15.0,40.753,25.13,249.75,0.1354,0.1931,0.0357,0.1857,0.0606,0.2204,0.0337,0.0953,0.2830,0.1061,0.1373,0.0391,0.2111,0.1207
1785425080.38,119,drive,1,4.0,15.0,40.753,25.13,249.75,0.1305,0.1926,0.0381,0.1857,0.0577,0.2209,0.0386,0.0919,0.2840,0.1065,0.1373,0.0376,0.2165,0.1222
1785425080.48,119,drive,2,4.0,15.0,40.753,25.13,249.75,0.1334,0.1916,0.0357,0.1887,0.0591,0.2180,0.0293,0.0894,0.2835,0.1061,0.1364,0.0381,0.2111,0.1222
1785425081.84,121,base,0,0.0,15.0,40.753,25.13,249.75,0.1315,0.1916,0.0381,0.1823,0.0572,0.2170,0.0362,0.0924,0.2854,0.1007,0.1398,0.0381,0.2136,0.1217
1785425081.94,121,base,1,0.0,15.0,40.753,25.13,249.75,0.1295,0.1945,0.0332,0.1843,0.0572,0.2195,0.0367,0.0909,0.2805,0.1022,0.1388,0.0406,0.2131,0.1222
1785425082.04,121,base,2,0.0,15.0,40.753,25.13,249.75,0.1281,0.1896,0.0362,0.1838,0.0557,0.2180,0.0323,0.0899,0.2849,0.1056,0.1359,0.0386,0.2136,0.1212
1785425083.33,121,drive,0,0.0,15.0,40.753,25.13,249.75,0.1285,0.1891,0.0347,0.1823,0.0577,0.2204,0.0337,0.0914,0.2854,0.1056,0.1378,0.0357,0.2146,0.1222
1785425083.43,121,drive,1,0.0,15.0,40.753,25.13,249.75,0.1320,0.1906,0.0376,0.1848,0.0572,0.2195,0.0352,0.0909,0.2830,0.1051,0.1403,0.0381,0.2121,0.1237
1785425083.52,121,drive,2,0.0,15.0,40.753,25.13,249.75,0.1295,0.1926,0.0342,0.1828,0.0596,0.2195,0.0362,0.0929,0.2849,0.1041,0.1369,0.0367,0.2126,0.1237
1785425084.81,121,drive,0,0.5,15.0,40.753,25.13,249.75,0.1290,0.1921,0.0371,0.1857,0.0538,0.2175,0.0352,0.0934,0.2845,0.1061,0.1373,0.0381,0.2146,0.1232
1785425084.91,121,drive,1,0.5,15.0,40.753,25.13,249.75,0.1315,0.1926,0.0347,0.1813,0.0587,0.2209,0.0337,0.0880,0.2845,0.1070,0.1369,0.0376,0.2151,0.1227
1785425085.01,121,drive,2,0.5,15.0,40.753,25.13,249.75,0.1305,0.1911,0.0367,0.1862,0.0543,0.2195,0.0381,0.0929,0.2854,0.1061,0.1408,0.0367,0.2141,0.1217
1785425086.30,121,drive,0,1.0,15.0,40.753,25.13,249.75,0.1305,0.1921,0.0381,0.1843,0.0562,0.2199,0.0367,0.0909,0.2884,0.1075,0.1393,0.0381,0.2151,0.1241
1785425086.40,121,drive,1,1.0,15.0,40.753,25.13,249.75,0.1310,0.1965,0.0342,0.1843,0.0567,0.2229,0.0367,0.0890,0.2845,0.1041,0.1388,0.0381,0.2131,0.1217
1785425086.49,121,drive,2,1.0,15.0,40.753,25.13,249.75,0.1300,0.1901,0.0367,0.1818,0.0587,0.2165,0.0332,0.0924,0.2830,0.1051,0.1378,0.0381,0.2141,0.1232
1785425087.79,121,drive,0,1.5,15.0,40.753,25.13,249.75,0.1276,0.1935,0.0342,0.1838,0.0587,0.2170,0.0357,0.0914,0.2854,0.1041,0.1393,0.0386,0.2136,0.1222
1785425087.89,121,drive,1,1.5,15.0,40.753,25.13,249.75,0.1310,0.1926,0.0362,0.1843,0.0552,0.2170,0.0352,0.0934,0.2859,0.1065,0.1403,0.0376,0.2146,0.1207
1785425087.99,121,drive,2,1.5,15.0,40.753,25.13,249.75,0.1310,0.1926,0.0313,0.1828,0.0582,0.2209,0.0337,0.0929,0.2840,0.1065,0.1378,0.0396,0.2116,0.1241
1785425089.28,121,drive,0,2.0,15.0,40.753,25.13,249.75,0.1305,0.1921,0.0367,0.1857,0.0572,0.2185,0.0371,0.0924,0.2830,0.1056,0.1398,0.0352,0.2131,0.1222
1785425089.38,121,drive,1,2.0,15.0,40.753,25.13,249.75,0.1285,0.1921,0.0337,0.1843,0.0523,0.2195,0.0386,0.0919,0.2859,0.1095,0.1417,0.0381,0.2131,0.1232
1785425089.47,121,drive,2,2.0,15.0,40.753,25.13,249.75,0.1300,0.1911,0.0367,0.1852,0.0562,0.2209,0.0357,0.0924,0.2840,0.1056,0.1383,0.0357,0.2126,0.1222
1785425090.77,121,drive,0,2.5,15.0,40.753,25.13,249.75,0.1325,0.1916,0.0371,0.1843,0.0567,0.2190,0.0337,0.0934,0.2835,0.1051,0.1378,0.0386,0.2151,0.1222
1785425090.87,121,drive,1,2.5,15.0,40.753,25.13,249.75,0.1290,0.1935,0.0332,0.1828,0.0577,0.2214,0.0342,0.0924,0.2835,0.1036,0.1388,0.0401,0.2111,0.1217
1785425090.96,121,drive,2,2.5,15.0,40.753,25.13,249.75,0.1305,0.1896,0.0352,0.1828,0.0587,0.2180,0.0337,0.0924,0.2845,0.1065,0.1378,0.0347,0.2121,0.1217
1785425092.26,121,drive,0,3.0,15.0,40.753,25.13,249.75,0.1320,0.1906,0.0352,0.1843,0.0601,0.2160,0.0357,0.0919,0.2840,0.1051,0.1378,0.0342,0.2151,0.1222
1785425092.35,121,drive,1,3.0,15.0,40.753,25.13,249.75,0.1344,0.1940,0.0362,0.1823,0.0577,0.2185,0.0337,0.0919,0.2840,0.1041,0.1378,0.0396,0.2151,0.1222
1785425092.45,121,drive,2,3.0,15.0,40.753,25.13,249.75,0.1295,0.1896,0.0376,0.1852,0.0567,0.2185,0.0347,0.0934,0.2849,0.1036,0.1408,0.0381,0.2131,0.1202
1785425093.74,121,drive,0,3.5,15.0,40.753,25.13,249.75,0.1295,0.1921,0.0327,0.1843,0.0582,0.2219,0.0337,0.0914,0.2864,0.1041,0.1408,0.0362,0.2121,0.1246
1785425093.84,121,drive,1,3.5,15.0,40.753,25.13,249.75,0.1310,0.1926,0.0318,0.1848,0.0552,0.2199,0.0342,0.0914,0.2849,0.1031,0.1408,0.0376,0.2141,0.1237
1785425093.94,121,drive,2,3.5,15.0,40.753,25.13,249.75,0.1310,0.1916,0.0391,0.1833,0.0572,0.2185,0.0371,0.0909,0.2815,0.1036,0.1398,0.0391,0.2131,0.1222
1785425095.23,121,drive,0,4.0,15.0,40.753,25.13,249.75,0.1310,0.1916,0.0352,0.1852,0.0567,0.2175,0.0352,0.0934,0.2859,0.1041,0.1398,0.0381,0.2151,0.1212
1785425095.32,121,drive,1,4.0,15.0,40.753,25.13,249.75,0.1295,0.1911,0.0342,0.1833,0.0577,0.2219,0.0347,0.0914,0.2835,0.1070,0.1398,0.0376,0.2141,0.1202
1785425095.42,121,drive,2,4.0,15.0,40.753,25.13,249.75,0.1305,0.1945,0.0396,0.1848,0.0577,0.2204,0.0367,0.0904,0.2845,0.1041,0.1403,0.0396,0.2121,0.1188
1785425096.79,122,base,0,0.0,15.0,40.713,25.13,249.75,0.1295,0.1901,0.0357,0.1843,0.0567,0.2195,0.0352,0.0948,0.2825,0.1051,0.1378,0.0371,0.2141,0.1207
1785425096.89,122,base,1,0.0,15.0,40.713,25.13,249.75,0.1305,0.1950,0.0337,0.1848,0.0567,0.2199,0.0381,0.0919,0.2825,0.1056,0.1417,0.0391,0.2141,0.1202
1785425096.98,122,base,2,0.0,15.0,40.713,25.13,249.75,0.1325,0.1911,0.0323,0.1867,0.0562,0.2204,0.0352,0.0924,0.2815,0.1046,0.1398,0.0367,0.2155,0.1212
1785425098.28,122,drive,0,0.0,15.0,40.713,25.13,249.75,0.1290,0.1911,0.0357,0.1828,0.0577,0.2175,0.0347,0.0890,0.2849,0.1036,0.1413,0.0367,0.2121,0.1237
1785425098.37,122,drive,1,0.0,15.0,40.713,25.13,249.75,0.1305,0.1896,0.0367,0.1823,0.0577,0.2219,0.0367,0.0924,0.2854,0.1056,0.1403,0.0386,0.2121,0.1232
1785425098.47,122,drive,2,0.0,15.0,40.713,25.13,249.75,0.1295,0.1945,0.0386,0.1823,0.0582,0.2224,0.0362,0.0919,0.2859,0.1051,0.1349,0.0381,0.2146,0.1193
1785425099.76,122,drive,0,0.5,15.0,40.713,25.13,249.75,0.1290,0.1950,0.0367,0.1838,0.0567,0.2180,0.0376,0.0914,0.2840,0.1061,0.1398,0.0376,0.2141,0.1237
1785425099.86,122,drive,1,0.5,15.0,40.713,25.13,249.75,0.1315,0.1916,0.0367,0.1862,0.0567,0.2180,0.0318,0.0904,0.2849,0.1051,0.1388,0.0381,0.2131,0.1232
1785425099.95,122,drive,2,0.5,15.0,40.713,25.13,249.75,0.1295,0.1945,0.0367,0.1848,0.0567,0.2185,0.0352,0.0904,0.2854,0.1046,0.1359,0.0396,0.2136,0.1212
1785425101.25,122,drive,0,1.0,15.0,40.713,25.13,249.75,0.1315,0.1955,0.0362,0.1823,0.0562,0.2195,0.0362,0.0938,0.2825,0.1065,0.1393,0.0381,0.2121,0.1232
1785425101.35,122,drive,1,1.0,15.0,40.713,25.13,249.75,0.1285,0.1940,0.0357,0.1852,0.0577,0.2180,0.0347,0.0919,0.2830,0.1051,0.1403,0.0376,0.2141,0.1217
1785425101.44,122,drive,2,1.0,15.0,40.713,25.13,249.75,0.1329,0.1921,0.0376,0.1843,0.0557,0.2199,0.0357,0.0924,0.2849,0.1041,0.1373,0.0381,0.2141,0.1207
1785425102.74,122,drive,0,1.5,15.0,40.713,25.13,249.75,0.1305,0.1901,0.0337,0.1848,0.0562,0.2209,0.0367,0.0894,0.2820,0.1051,0.1383,0.0362,0.2160,0.1232
1785425102.83,122,drive,1,1.5,15.0,40.713,25.13,249.75,0.1320,0.1940,0.0362,0.1838,0.0587,0.2146,0.0376,0.0943,0.2854,0.1070,0.1378,0.0406,0.2151,0.1217
1785425102.93,122,drive,2,1.5,15.0,40.713,25.13,249.75,0.1276,0.1896,0.0342,0.1848,0.0562,0.2219,0.0323,0.0899,0.2845,0.1070,0.1403,0.0362,0.2116,0.1212
1785425104.22,122,drive,0,2.0,15.0,40.713,25.13,249.75,0.1290,0.1935,0.0352,0.1833,0.0567,0.2199,0.0352,0.0919,0.2840,0.1051,0.1378,0.0386,0.2131,0.1207
1785425104.32,122,drive,1,2.0,15.0,40.713,25.13,249.75,0.1305,0.1940,0.0371,0.1838,0.0562,0.2195,0.0357,0.0934,0.2854,0.1041,0.1364,0.0396,0.2160,0.1207
1785425104.41,122,drive,2,2.0,15.0,40.713,25.13,249.75,0.1320,0.1921,0.0357,0.1833,0.0562,0.2185,0.0352,0.0894,0.2869,0.1085,0.1373,0.0386,0.2146,0.1227
1785425105.71,122,drive,0,2.5,15.0,40.713,25.13,249.75,0.1295,0.1940,0.0347,0.1833,0.0567,0.2204,0.0357,0.0894,0.2840,0.1061,0.1388,0.0362,0.2121,0.1217
1785425105.82,122,drive,1,2.5,15.0,40.713,25.13,249.75,0.1295,0.1916,0.0362,0.1867,0.0572,0.2209,0.0347,0.0924,0.2849,0.1026,0.1378,0.0396,0.2131,0.1212
1785425105.92,122,drive,2,2.5,15.0,40.713,25.13,249.75,0.1310,0.1911,0.0352,0.1843,0.0591,0.2219,0.0347,0.0894,0.2845,0.1080,0.1388,0.0386,0.2151,0.1222
1785425107.21,122,drive,0,3.0,15.0,40.713,25.13,249.75,0.1334,0.1901,0.0371,0.1813,0.0577,0.2214,0.0318,0.0894,0.2849,0.1061,0.1383,0.0396,0.2151,0.1217
1785425107.31,122,drive,1,3.0,15.0,40.713,25.13,249.75,0.1305,0.1896,0.0367,0.1877,0.0587,0.2204,0.0347,0.0924,0.2845,0.1065,0.1383,0.0371,0.2131,0.1237
1785425107.41,122,drive,2,3.0,15.0,40.713,25.13,249.75,0.1320,0.1911,0.0327,0.1862,0.0577,0.2155,0.0347,0.0929,0.2854,0.1036,0.1369,0.0396,0.2126,0.1246
1785425108.71,122,drive,0,3.5,15.0,40.713,25.13,249.75,0.1295,0.1935,0.0352,0.1833,0.0577,0.2199,0.0347,0.0899,0.2840,0.1056,0.1398,0.0386,0.2136,0.1212
1785425108.81,122,drive,1,3.5,15.0,40.713,25.13,249.75,0.1305,0.1926,0.0367,0.1882,0.0572,0.2195,0.0327,0.0909,0.2854,0.1056,0.1388,0.0381,0.2155,0.1241
1785425108.90,122,drive,2,3.5,15.0,40.713,25.13,249.75,0.1251,0.1940,0.0376,0.1843,0.0533,0.2209,0.0337,0.0914,0.2840,0.1051,0.1408,0.0376,0.2131,0.1207
1785425110.20,122,drive,0,4.0,15.0,40.713,25.13,249.75,0.1271,0.1945,0.0371,0.1848,0.0557,0.2190,0.0347,0.0929,0.2854,0.1031,0.1359,0.0386,0.2126,0.1197
1785425110.29,122,drive,1,4.0,15.0,40.713,25.13,249.75,0.1300,0.1945,0.0362,0.1813,0.0596,0.2190,0.0352,0.0919,0.2835,0.1056,0.1393,0.0371,0.2151,0.1197
1785425110.39,122,drive,2,4.0,15.0,40.713,25.13,249.75,0.1300,0.1926,0.0342,0.1843,0.0557,0.2204,0.0352,0.0919,0.2820,0.1061,0.1413,0.0376,0.2136,0.1232
1785425111.76,123,base,0,0.0,15.0,40.773,25.13,249.75,0.1305,0.1916,0.0342,0.1872,0.0562,0.2190,0.0352,0.0914,0.2835,0.1056,0.1388,0.0381,0.2146,0.1241
1785425111.85,123,base,1,0.0,15.0,40.773,25.13,249.75,0.1281,0.1931,0.0352,0.1843,0.0567,0.2195,0.0332,0.0934,0.2840,0.1046,0.1383,0.0386,0.2126,0.1232
1785425111.95,123,base,2,0.0,15.0,40.773,25.13,249.75,0.1315,0.1896,0.0347,0.1848,0.0591,0.2199,0.0342,0.0890,0.2869,0.1061,0.1373,0.0367,0.2126,0.1207
1785425113.24,123,drive,0,0.0,15.0,40.773,25.13,249.75,0.1325,0.1921,0.0357,0.1872,0.0562,0.2195,0.0342,0.0919,0.2830,0.1036,0.1403,0.0396,0.2151,0.1202
1785425113.34,123,drive,1,0.0,15.0,40.773,25.13,249.75,0.1305,0.1906,0.0347,0.1852,0.0572,0.2199,0.0342,0.0909,0.2830,0.1051,0.1388,0.0396,0.2126,0.1246
1785425113.44,123,drive,2,0.0,15.0,40.773,25.13,249.75,0.1325,0.1940,0.0337,0.1808,0.0582,0.2195,0.0367,0.0904,0.2840,0.1065,0.1373,0.0371,0.2126,0.1217
1785425114.73,123,drive,0,0.5,15.0,40.773,25.13,249.75,0.1295,0.1926,0.0367,0.1848,0.0562,0.2190,0.0342,0.0914,0.2840,0.1080,0.1383,0.0396,0.2136,0.1227
1785425114.82,123,drive,1,0.5,15.0,40.773,25.13,249.75,0.1290,0.1916,0.0347,0.1838,0.0552,0.2199,0.0323,0.0909,0.2845,0.1090,0.1383,0.0357,0.2160,0.1217
1785425114.92,123,drive,2,0.5,15.0,40.773,25.13,249.75,0.1305,0.1901,0.0347,0.1862,0.0572,0.2199,0.0386,0.0943,0.2820,0.1056,0.1388,0.0362,0.2121,0.1246
1785425116.22,123,drive,0,1.0,15.0,40.773,25.13,249.75,0.1281,0.1911,0.0367,0.1838,0.0552,0.2229,0.0357,0.0934,0.2840,0.1046,0.1378,0.0367,0.2126,0.1217
1785425116.31,123,drive,1,1.0,15.0,40.773,25.13,249.75,0.1295,0.1940,0.0352,0.1828,0.0552,0.2175,0.0347,0.0909,0.2825,0.1061,0.1388,0.0396,0.2126,0.1212
1785425116.41,123,drive,2,1.0,15.0,40.773,25.13,249.75,0.1320,0.1926,0.0342,0.1823,0.0577,0.2195,0.0371,0.0894,0.2849,0.1036,0.1417,0.0376,0.2111,0.1237
1785425117.70,123,drive,0,1.5,15.0,40.773,25.13,249.75,0.1281,0.1926,0.0342,0.1838,0.0587,0.2199,0.0332,0.0919,0.2854,0.1051,0.1354,0.0371,0.2136,0.1241
1785425117.80,123,drive,1,1.5,15.0,40.773,25.13,249.75,0.1300,0.1906,0.0357,0.1852,0.0577,0.2199,0.0371,0.0914,0.2849,0.1075,0.1383,0.0362,0.2116,0.1246
1785425117.89,123,drive,2,1.5,15.0,40.773,25.13,249.75,0.1325,0.1931,0.0362,0.1833,0.0547,0.2175,0.0342,0.0914,0.2845,0.1065,0.1393,0.0386,0.2160,0.1212
1785425119.19,123,drive,0,2.0,15.0,40.773,25.13,249.75,0.1295,0.1926,0.0357,0.1848,0.0587,0.2224,0.0342,0.0914,0.2835,0.1036,0.1393,0.0381,0.2077,0.1241
1785425119.29,123,drive,1,2.0,15.0,40.773,25.13,249.75,0.1290,0.1887,0.0386,0.1852,0.0572,0.2185,0.0352,0.0904,0.2830,0.1041,0.1378,0.0357,0.2155,0.1222
1785425119.38,123,drive,2,2.0,15.0,40.773,25.13,249.75,0.1320,0.1926,0.0381,0.1813,0.0557,0.2195,0.0342,0.0909,0.2830,0.1061,0.1398,0.0367,0.2136,0.1202
1785425120.68,123,drive,0,2.5,15.0,40.773,25.13,249.75,0.1290,0.1921,0.0337,0.1838,0.0577,0.2204,0.0327,0.0914,0.2849,0.1061,0.1393,0.0396,0.2160,0.1217
1785425120.77,123,drive,1,2.5,15.0,40.773,25.13,249.75,0.1305,0.1896,0.0323,0.1833,0.0582,0.2175,0.0357,0.0919,0.2854,0.1065,0.1383,0.0357,0.2160,0.1217
1785425120.87,123,drive,2,2.5,15.0,40.773,25.13,249.75,0.1315,0.1911,0.0376,0.1867,0.0557,0.2195,0.0367,0.0929,0.2830,0.1065,0.1408,0.0371,0.2136,0.1237
1785425122.17,123,drive,0,3.0,15.0,40.773,25.13,249.75,0.1246,0.1906,0.0371,0.1857,0.0552,0.2195,0.0371,0.0899,0.2825,0.1061,0.1378,0.0391,0.2136,0.1217
1785425122.27,123,drive,1,3.0,15.0,40.773,25.13,249.75,0.1281,0.1916,0.0347,0.1877,0.0547,0.2190,0.0357,0.0929,0.2825,0.1031,0.1373,0.0376,0.2136,0.1222
1785425122.36,123,drive,2,3.0,15.0,40.773,25.13,249.75,0.1310,0.1901,0.0352,0.1882,0.0572,0.2180,0.0342,0.0909,0.2835,0.1056,0.1378,0.0381,0.2136,0.1241
1785425123.65,123,drive,0,3.5,15.0,40.773,25.13,249.75,0.1285,0.1896,0.0352,0.1857,0.0557,0.2180,0.0347,0.0914,0.2835,0.1051,0.1408,0.0386,0.2136,0.1241
1785425123.75,123,drive,1,3.5,15.0,40.773,25.13,249.75,0.1290,0.1901,0.0357,0.1833,0.0557,0.2180,0.0352,0.0919,0.2825,0.1036,0.1378,0.0406,0.2180,0.1222
1785425123.85,123,drive,2,3.5,15.0,40.773,25.13,249.75,0.1325,0.1950,0.0337,0.1823,0.0572,0.2204,0.0337,0.0924,0.2854,0.1075,0.1373,0.0391,0.2116,0.1222
1785425125.14,123,drive,0,4.0,15.0,40.773,25.13,249.75,0.1325,0.1916,0.0337,0.1882,0.0562,0.2209,0.0352,0.0909,0.2840,0.1070,0.1378,0.0376,0.2141,0.1232
1785425125.24,123,drive,1,4.0,15.0,40.773,25.13,249.75,0.1281,0.1921,0.0367,0.1828,0.0557,0.2195,0.0357,0.0929,0.2830,0.1061,0.1398,0.0371,0.2141,0.1212
1785425125.33,123,drive,2,4.0,15.0,40.773,25.13,249.75,0.1290,0.1911,0.0352,0.1818,0.0567,0.2214,0.0371,0.0914,0.2825,0.1080,0.1403,0.0376,0.2121,0.1217
