t,cfg,rep,dbm,bfm,temp_c,mA,pd0,pd1,pd2,pd3,pd4,pd5,pd6,pd7,pd8,pd9,pd10,pd11,pd12,pd13,input
1785427793.55,0,0,15.00,27.861,25.13,173.74,0.1476,0.1935,0.0455,0.0660,0.2336,0.2131,0.0552,0.0679,0.0645,0.1153,0.0626,0.0518,0.0499,0.0963,3.5 2.5 2.0 1.0 1.0 0.0 0.0 0.0 0.5 3.5 2.5 4.0 2.0 2.5 4.0 3.0 2.5 2.0 2.5 4.0 1.0 3.5 3.0 0.0 1.5 3.5 2.0 0.0 3.0 3.0 3.5 0.5 0.0 3.5 0.0 2.0 0.0 1.0 2.0 0.0 1.5 1.5 0.0 0.0 0.5 0.0 3.0 2.0 2.5 1.0 2.5 0.0 3.0 1.5 2.0 4.0 3.5 4.0 1.5 3.0 4.0 2.5 0.0 3.5 3.0 3.0 1.5 3.5 0.5 2.5 3.0 3.5 2.0 1.5 1.0 1.5 2.0 3.0 4.0 0.0 4.0 2.0 1.5 3.0 2.5 1.0 1.0 3.0 2.5 2.0 1.5 3.0 1.5 1.0 4.0 1.0 1.0 3.0 0.0 0.0 0.0 2.5 0.0 0.0 1.5 3.5 1.5 3.5 1.0 1.0 3.5 0.0 0.0 0.0 0.0 0.0 3.5 0.0 0.0 0.0 0.0 3.0 1.5 2.5 0.0 0.0 0.0 0.5
1785427793.65,0,1,15.00,27.861,25.13,173.74,0.1500,0.1984,0.0474,0.0684,0.2366,0.2170,0.0582,0.0674,0.0630,0.1178,0.0650,0.0508,0.0508,0.0982,3.5 2.5 2.0 1.0 1.0 0.0 0.0 0.0 0.5 3.5 2.5 4.0 2.0 2.5 4.0 3.0 2.5 2.0 2.5 4.0 1.0 3.5 3.0 0.0 1.5 3.5 2.0 0.0 3.0 3.0 3.5 0.5 0.0 3.5 0.0 2.0 0.0 1.0 2.0 0.0 1.5 1.5 0.0 0.0 0.5 0.0 3.0 2.0 2.5 1.0 2.5 0.0 3.0 1.5 2.0 4.0 3.5 4.0 1.5 3.0 4.0 2.5 0.0 3.5 3.0 3.0 1.5 3.5 0.5 2.5 3.0 3.5 2.0 1.5 1.0 1.5 2.0 3.0 4.0 0.0 4.0 2.0 1.5 3.0 2.5 1.0 1.0 3.0 2.5 2.0 1.5 3.0 1.5 1.0 4.0 1.0 1.0 3.0 0.0 0.0 0.0 2.5 0.0 0.0 1.5 3.5 1.5 3.5 1.0 1.0 3.5 0.0 0.0 0.0 0.0 0.0 3.5 0.0 0.0 0.0 0.0 3.0 1.5 2.5 0.0 0.0 0.0 0.5
1785427793.75,0,2,15.00,27.861,25.13,173.74,0.1515,0.2019,0.0420,0.0694,0.2395,0.2190,0.0557,0.0694,0.0655,0.1178,0.0635,0.0484,0.0508,0.0992,3.5 2.5 2.0 1.0 1.0 0.0 0.0 0.0 0.5 3.5 2.5 4.0 2.0 2.5 4.0 3.0 2.5 2.0 2.5 4.0 1.0 3.5 3.0 0.0 1.5 3.5 2.0 0.0 3.0 3.0 3.5 0.5 0.0 3.5 0.0 2.0 0.0 1.0 2.0 0.0 1.5 1.5 0.0 0.0 0.5 0.0 3.0 2.0 2.5 1.0 2.5 0.0 3.0 1.5 2.0 4.0 3.5 4.0 1.5 3.0 4.0 2.5 0.0 3.5 3.0 3.0 1.5 3.5 0.5 2.5 3.0 3.5 2.0 1.5 1.0 1.5 2.0 3.0 4.0 0.0 4.0 2.0 1.5 3.0 2.5 1.0 1.0 3.0 2.5 2.0 1.5 3.0 1.5 1.0 4.0 1.0 1.0 3.0 0.0 0.0 0.0 2.5 0.0 0.0 1.5 3.5 1.5 3.5 1.0 1.0 3.5 0.0 0.0 0.0 0.0 0.0 3.5 0.0 0.0 0.0 0.0 3.0 1.5 2.5 0.0 0.0 0.0 0.5
1785427794.43,1,0,15.00,36.316,25.13,224.19,0.1628,0.2224,0.0464,0.3074,0.1207,0.2258,0.0484,0.3270,0.2830,0.0635,0.0572,0.0601,0.0489,0.1271,3.5 2.0 4.0 3.5 3.0 1.0 3.0 0.0 2.5 1.5 4.0 0.5 4.0 0.0 2.5 2.5 4.0 1.0 4.0 3.0 4.0 0.5 3.0 4.0 0.0 1.5 2.5 0.0 2.0 2.5 3.0 4.0 1.5 1.5 2.0 4.0 0.5 2.0 0.0 0.0 1.5 4.0 2.5 1.5 4.0 2.5 4.0 0.0 2.0 3.5 3.0 0.0 1.5 2.0 1.5 2.0 1.0 3.5 0.0 1.5 1.0 3.0 0.0 3.0 3.0 4.0 4.0 0.5 0.5 0.5 3.0 4.0 4.0 3.0 4.0 3.5 0.0 0.5 3.5 0.0 4.0 3.5 4.0 1.5 0.5 2.0 4.0 1.5 4.0 1.5 3.5 1.0 2.0 1.0 1.0 4.0 3.5 0.5 0.0 0.0 0.0 4.0 4.0 1.0 1.5 2.0 2.5 1.5 0.5 4.0 3.0 0.0 0.0 0.0 0.0 0.0 0.0 3.5 0.0 3.0 0.0 0.5 2.5 2.0 0.0 0.0 0.0 0.0
1785427794.53,1,1,15.00,36.316,25.13,224.19,0.1598,0.2224,0.0489,0.3069,0.1222,0.2239,0.0479,0.3294,0.2874,0.0640,0.0587,0.0587,0.0508,0.1256,3.5 2.0 4.0 3.5 3.0 1.0 3.0 0.0 2.5 1.5 4.0 0.5 4.0 0.0 2.5 2.5 4.0 1.0 4.0 3.0 4.0 0.5 3.0 4.0 0.0 1.5 2.5 0.0 2.0 2.5 3.0 4.0 1.5 1.5 2.0 4.0 0.5 2.0 0.0 0.0 1.5 4.0 2.5 1.5 4.0 2.5 4.0 0.0 2.0 3.5 3.0 0.0 1.5 2.0 1.5 2.0 1.0 3.5 0.0 1.5 1.0 3.0 0.0 3.0 3.0 4.0 4.0 0.5 0.5 0.5 3.0 4.0 4.0 3.0 4.0 3.5 0.0 0.5 3.5 0.0 4.0 3.5 4.0 1.5 0.5 2.0 4.0 1.5 4.0 1.5 3.5 1.0 2.0 1.0 1.0 4.0 3.5 0.5 0.0 0.0 0.0 4.0 4.0 1.0 1.5 2.0 2.5 1.5 0.5 4.0 3.0 0.0 0.0 0.0 0.0 0.0 0.0 3.5 0.0 3.0 0.0 0.5 2.5 2.0 0.0 0.0 0.0 0.0
1785427794.63,1,2,15.00,36.316,25.13,224.19,0.1598,0.2219,0.0499,0.3045,0.1197,0.2243,0.0484,0.3304,0.2805,0.0606,0.0601,0.0616,0.0523,0.1256,3.5 2.0 4.0 3.5 3.0 1.0 3.0 0.0 2.5 1.5 4.0 0.5 4.0 0.0 2.5 2.5 4.0 1.0 4.0 3.0 4.0 0.5 3.0 4.0 0.0 1.5 2.5 0.0 2.0 2.5 3.0 4.0 1.5 1.5 2.0 4.0 0.5 2.0 0.0 0.0 1.5 4.0 2.5 1.5 4.0 2.5 4.0 0.0 2.0 3.5 3.0 0.0 1.5 2.0 1.5 2.0 1.0 3.5 0.0 1.5 1.0 3.0 0.0 3.0 3.0 4.0 4.0 0.5 0.5 0.5 3.0 4.0 4.0 3.0 4.0 3.5 0.0 0.5 3.5 0.0 4.0 3.5 4.0 1.5 0.5 2.0 4.0 1.5 4.0 1.5 3.5 1.0 2.0 1.0 1.0 4.0 3.5 0.5 0.0 0.0 0.0 4.0 4.0 1.0 1.5 2.0 2.5 1.5 0.5 4.0 3.0 0.0 0.0 0.0 0.0 0.0 0.0 3.5 0.0 3.0 0.0 0.5 2.5 2.0 0.0 0.0 0.0 0.0
1785427795.31,2,0,15.00,39.134,25.13,240.95,0.1701,0.2463,0.0445,0.1994,0.1241,0.2155,0.0474,0.0943,0.0777,0.0611,0.1046,0.0503,0.0714,0.0953,4.0 3.0 1.0 0.0 0.0 3.0 0.5 2.0 4.0 4.0 1.0 0.0 2.0 3.5 2.5 0.0 2.5 1.5 1.0 1.5 3.5 4.0 0.5 2.5 3.0 1.0 1.0 1.0 0.5 3.5 0.5 1.0 0.5 0.5 3.5 1.0 3.5 2.5 3.5 0.0 2.0 3.0 3.5 0.0 2.5 2.0 1.0 2.0 1.5 2.0 3.5 0.0 3.5 2.5 3.0 4.0 2.5 1.5 0.0 2.0 1.0 2.5 0.0 0.0 3.5 4.0 0.5 3.5 1.5 0.0 4.0 4.0 0.0 2.5 3.5 3.5 1.5 3.5 3.5 0.5 0.0 0.0 1.5 0.0 0.0 1.0 2.5 2.0 1.0 4.0 3.0 2.5 4.0 3.5 0.5 0.0 3.5 1.5 0.0 0.0 0.0 0.0 2.0 1.5 1.5 1.5 1.0 2.0 2.0 4.0 3.0 0.0 0.0 0.0 0.0 0.0 3.0 0.0 0.0 1.0 0.0 4.0 1.0 2.0 0.0 0.0 0.0 3.5
1785427795.41,2,1,15.00,39.134,25.13,240.95,0.1652,0.2473,0.0464,0.1989,0.1232,0.2165,0.0489,0.0938,0.0797,0.0591,0.1017,0.0479,0.0733,0.0968,4.0 3.0 1.0 0.0 0.0 3.0 0.5 2.0 4.0 4.0 1.0 0.0 2.0 3.5 2.5 0.0 2.5 1.5 1.0 1.5 3.5 4.0 0.5 2.5 3.0 1.0 1.0 1.0 0.5 3.5 0.5 1.0 0.5 0.5 3.5 1.0 3.5 2.5 3.5 0.0 2.0 3.0 3.5 0.0 2.5 2.0 1.0 2.0 1.5 2.0 3.5 0.0 3.5 2.5 3.0 4.0 2.5 1.5 0.0 2.0 1.0 2.5 0.0 0.0 3.5 4.0 0.5 3.5 1.5 0.0 4.0 4.0 0.0 2.5 3.5 3.5 1.5 3.5 3.5 0.5 0.0 0.0 1.5 0.0 0.0 1.0 2.5 2.0 1.0 4.0 3.0 2.5 4.0 3.5 0.5 0.0 3.5 1.5 0.0 0.0 0.0 0.0 2.0 1.5 1.5 1.5 1.0 2.0 2.0 4.0 3.0 0.0 0.0 0.0 0.0 0.0 3.0 0.0 0.0 1.0 0.0 4.0 1.0 2.0 0.0 0.0 0.0 3.5
1785427795.50,2,2,15.00,39.134,25.13,240.95,0.1667,0.2468,0.0450,0.1979,0.1251,0.2146,0.0479,0.0914,0.0792,0.0611,0.1036,0.0508,0.0718,0.0968,4.0 3.0 1.0 0.0 0.0 3.0 0.5 2.0 4.0 4.0 1.0 0.0 2.0 3.5 2.5 0.0 2.5 1.5 1.0 1.5 3.5 4.0 0.5 2.5 3.0 1.0 1.0 1.0 0.5 3.5 0.5 1.0 0.5 0.5 3.5 1.0 3.5 2.5 3.5 0.0 2.0 3.0 3.5 0.0 2.5 2.0 1.0 2.0 1.5 2.0 3.5 0.0 3.5 2.5 3.0 4.0 2.5 1.5 0.0 2.0 1.0 2.5 0.0 0.0 3.5 4.0 0.5 3.5 1.5 0.0 4.0 4.0 0.0 2.5 3.5 3.5 1.5 3.5 3.5 0.5 0.0 0.0 1.5 0.0 0.0 1.0 2.5 2.0 1.0 4.0 3.0 2.5 4.0 3.5 0.5 0.0 3.5 1.5 0.0 0.0 0.0 0.0 2.0 1.5 1.5 1.5 1.0 2.0 2.0 4.0 3.0 0.0 0.0 0.0 0.0 0.0 3.0 0.0 0.0 1.0 0.0 4.0 1.0 2.0 0.0 0.0 0.0 3.5
1785427796.18,3,0,15.00,40.233,25.13,246.75,0.1681,0.2634,0.0508,0.3602,0.3182,0.2664,0.0645,0.1383,0.2654,0.0557,0.3011,0.1002,0.2991,0.1144,2.5 3.5 0.5 2.0 2.5 1.5 2.5 4.0 3.0 1.0 0.0 0.5 1.0 3.5 1.0 3.5 1.0 3.0 2.0 4.0 2.5 4.0 4.0 3.0 2.5 3.5 4.0 1.0 2.5 0.5 0.0 3.0 0.0 3.0 3.5 0.5 3.0 1.5 4.0 0.0 4.0 2.5 2.5 3.0 2.5 3.0 0.5 3.5 2.0 3.0 2.0 0.0 1.0 0.0 2.0 4.0 0.0 2.5 2.0 0.0 2.0 3.0 0.0 3.0 4.0 2.0 2.5 4.0 1.0 3.5 0.5 1.5 3.0 2.5 0.5 2.5 2.5 4.0 2.5 3.5 4.0 0.0 0.0 2.0 2.0 2.0 3.0 1.0 0.5 3.0 1.5 4.0 0.0 3.0 3.0 1.0 0.0 1.0 0.0 0.0 0.0 1.5 4.0 3.5 1.0 2.0 2.5 4.0 0.5 3.0 4.0 0.0 0.0 0.0 0.0 0.0 4.0 1.0 0.0 0.5 0.0 2.5 0.0 0.5 0.0 0.0 0.0 0.0
1785427796.28,3,1,15.00,40.233,25.13,246.75,0.1730,0.2644,0.0499,0.3617,0.3221,0.2674,0.0630,0.1398,0.2649,0.0533,0.3025,0.1041,0.2977,0.1119,2.5 3.5 0.5 2.0 2.5 1.5 2.5 4.0 3.0 1.0 0.0 0.5 1.0 3.5 1.0 3.5 1.0 3.0 2.0 4.0 2.5 4.0 4.0 3.0 2.5 3.5 4.0 1.0 2.5 0.5 0.0 3.0 0.0 3.0 3.5 0.5 3.0 1.5 4.0 0.0 4.0 2.5 2.5 3.0 2.5 3.0 0.5 3.5 2.0 3.0 2.0 0.0 1.0 0.0 2.0 4.0 0.0 2.5 2.0 0.0 2.0 3.0 0.0 3.0 4.0 2.0 2.5 4.0 1.0 3.5 0.5 1.5 3.0 2.5 0.5 2.5 2.5 4.0 2.5 3.5 4.0 0.0 0.0 2.0 2.0 2.0 3.0 1.0 0.5 3.0 1.5 4.0 0.0 3.0 3.0 1.0 0.0 1.0 0.0 0.0 0.0 1.5 4.0 3.5 1.0 2.0 2.5 4.0 0.5 3.0 4.0 0.0 0.0 0.0 0.0 0.0 4.0 1.0 0.0 0.5 0.0 2.5 0.0 0.5 0.0 0.0 0.0 0.0
1785427796.38,3,2,15.00,40.233,25.13,246.75,0.1750,0.2644,0.0494,0.3607,0.3196,0.2683,0.0645,0.1378,0.2664,0.0538,0.3030,0.1041,0.2981,0.1158,2.5 3.5 0.5 2.0 2.5 1.5 2.5 4.0 3.0 1.0 0.0 0.5 1.0 3.5 1.0 3.5 1.0 3.0 2.0 4.0 2.5 4.0 4.0 3.0 2.5 3.5 4.0 1.0 2.5 0.5 0.0 3.0 0.0 3.0 3.5 0.5 3.0 1.5 4.0 0.0 4.0 2.5 2.5 3.0 2.5 3.0 0.5 3.5 2.0 3.0 2.0 0.0 1.0 0.0 2.0 4.0 0.0 2.5 2.0 0.0 2.0 3.0 0.0 3.0 4.0 2.0 2.5 4.0 1.0 3.5 0.5 1.5 3.0 2.5 0.5 2.5 2.5 4.0 2.5 3.5 4.0 0.0 0.0 2.0 2.0 2.0 3.0 1.0 0.5 3.0 1.5 4.0 0.0 3.0 3.0 1.0 0.0 1.0 0.0 0.0 0.0 1.5 4.0 3.5 1.0 2.0 2.5 4.0 0.5 3.0 4.0 0.0 0.0 0.0 0.0 0.0 4.0 1.0 0.0 0.5 0.0 2.5 0.0 0.5 0.0 0.0 0.0 0.0
1785427797.06,4,0,15.00,40.613,25.13,246.76,0.1535,0.2410,0.0391,0.2781,0.1373,0.2170,0.0508,0.1031,0.0723,0.1461,0.1173,0.0396,0.0391,0.0865,0.5 3.5 3.0 2.5 4.0 2.0 0.0 0.5 1.0 3.0 1.5 1.0 0.5 3.0 0.0 2.0 3.0 2.0 3.0 3.5 1.0 0.0 0.0 2.5 1.0 0.5 3.0 3.5 4.0 2.0 2.0 4.0 2.0 0.5 1.0 4.0 0.0 3.5 2.5 0.0 2.0 3.5 3.5 1.5 2.5 3.0 2.5 2.0 4.0 3.5 0.0 0.0 2.0 3.5 0.0 1.5 2.0 1.0 3.0 4.0 1.5 3.5 0.0 0.5 2.0 0.0 1.5 0.0 3.5 4.0 0.0 3.5 3.0 1.0 3.5 4.0 3.5 3.0 1.0 2.5 3.5 3.0 1.0 1.5 1.5 3.0 1.5 1.5 2.0 2.5 0.5 4.0 1.5 0.5 0.0 1.5 3.0 1.0 0.0 0.0 0.0 3.5 0.5 0.5 1.5 3.0 1.0 3.5 0.0 4.0 0.0 0.0 0.0 0.0 0.0 0.0 3.5 0.0 0.0 1.5 0.0 1.0 4.0 2.5 0.0 0.0 0.0 4.0
1785427797.16,4,1,15.00,40.613,25.13,246.76,0.1530,0.2419,0.0396,0.2771,0.1349,0.2160,0.0503,0.1017,0.0733,0.1466,0.1193,0.0396,0.0386,0.0880,0.5 3.5 3.0 2.5 4.0 2.0 0.0 0.5 1.0 3.0 1.5 1.0 0.5 3.0 0.0 2.0 3.0 2.0 3.0 3.5 1.0 0.0 0.0 2.5 1.0 0.5 3.0 3.5 4.0 2.0 2.0 4.0 2.0 0.5 1.0 4.0 0.0 3.5 2.5 0.0 2.0 3.5 3.5 1.5 2.5 3.0 2.5 2.0 4.0 3.5 0.0 0.0 2.0 3.5 0.0 1.5 2.0 1.0 3.0 4.0 1.5 3.5 0.0 0.5 2.0 0.0 1.5 0.0 3.5 4.0 0.0 3.5 3.0 1.0 3.5 4.0 3.5 3.0 1.0 2.5 3.5 3.0 1.0 1.5 1.5 3.0 1.5 1.5 2.0 2.5 0.5 4.0 1.5 0.5 0.0 1.5 3.0 1.0 0.0 0.0 0.0 3.5 0.5 0.5 1.5 3.0 1.0 3.5 0.0 4.0 0.0 0.0 0.0 0.0 0.0 0.0 3.5 0.0 0.0 1.5 0.0 1.0 4.0 2.5 0.0 0.0 0.0 4.0
1785427797.25,4,2,15.00,40.613,25.13,246.76,0.1510,0.2414,0.0411,0.2810,0.1339,0.2155,0.0538,0.1056,0.0738,0.1422,0.1193,0.0401,0.0401,0.0806,0.5 3.5 3.0 2.5 4.0 2.0 0.0 0.5 1.0 3.0 1.5 1.0 0.5 3.0 0.0 2.0 3.0 2.0 3.0 3.5 1.0 0.0 0.0 2.5 1.0 0.5 3.0 3.5 4.0 2.0 2.0 4.0 2.0 0.5 1.0 4.0 0.0 3.5 2.5 0.0 2.0 3.5 3.5 1.5 2.5 3.0 2.5 2.0 4.0 3.5 0.0 0.0 2.0 3.5 0.0 1.5 2.0 1.0 3.0 4.0 1.5 3.5 0.0 0.5 2.0 0.0 1.5 0.0 3.5 4.0 0.0 3.5 3.0 1.0 3.5 4.0 3.5 3.0 1.0 2.5 3.5 3.0 1.0 1.5 1.5 3.0 1.5 1.5 2.0 2.5 0.5 4.0 1.5 0.5 0.0 1.5 3.0 1.0 0.0 0.0 0.0 3.5 0.5 0.5 1.5 3.0 1.0 3.5 0.0 4.0 0.0 0.0 0.0 0.0 0.0 0.0 3.5 0.0 0.0 1.5 0.0 1.0 4.0 2.5 0.0 0.0 0.0 4.0
1785427797.94,5,0,15.00,40.773,25.13,246.78,0.1647,0.2331,0.0479,0.0850,0.2131,0.3128,0.1794,0.2195,0.3543,0.1105,0.3138,0.0587,0.3441,0.1246,1.5 2.0 2.0 3.0 2.0 4.0 0.5 2.0 1.0 3.5 0.5 3.0 4.0 1.0 1.0 3.0 2.5 2.5 3.5 0.0 1.0 1.5 4.0 0.0 2.0 2.0 0.0 1.5 2.5 1.5 1.0 2.5 4.0 0.5 1.0 4.0 1.0 3.0 1.5 0.0 3.5 2.5 4.0 2.5 2.5 2.0 0.0 0.5 3.0 2.5 2.5 0.0 0.5 3.5 3.5 2.0 1.0 3.5 2.0 4.0 1.0 1.5 0.0 3.5 0.5 1.0 1.5 3.0 3.0 3.5 1.5 2.5 2.5 3.0 0.5 1.0 3.0 0.5 1.0 4.0 0.5 4.0 3.5 0.5 2.5 1.0 2.0 2.5 4.0 4.0 0.0 0.5 3.0 0.5 1.0 2.5 0.5 4.0 0.0 0.0 0.0 3.0 1.0 1.5 2.5 1.0 2.5 4.0 1.5 0.5 1.0 0.0 0.0 0.0 0.0 0.0 2.0 2.5 0.0 0.0 0.0 2.5 0.5 2.5 0.0 0.0 0.0 3.5
1785427798.04,5,1,15.00,40.773,25.13,246.78,0.1662,0.2361,0.0464,0.0855,0.2151,0.3079,0.1838,0.2151,0.3543,0.1105,0.3133,0.0601,0.3426,0.1212,1.5 2.0 2.0 3.0 2.0 4.0 0.5 2.0 1.0 3.5 0.5 3.0 4.0 1.0 1.0 3.0 2.5 2.5 3.5 0.0 1.0 1.5 4.0 0.0 2.0 2.0 0.0 1.5 2.5 1.5 1.0 2.5 4.0 0.5 1.0 4.0 1.0 3.0 1.5 0.0 3.5 2.5 4.0 2.5 2.5 2.0 0.0 0.5 3.0 2.5 2.5 0.0 0.5 3.5 3.5 2.0 1.0 3.5 2.0 4.0 1.0 1.5 0.0 3.5 0.5 1.0 1.5 3.0 3.0 3.5 1.5 2.5 2.5 3.0 0.5 1.0 3.0 0.5 1.0 4.0 0.5 4.0 3.5 0.5 2.5 1.0 2.0 2.5 4.0 4.0 0.0 0.5 3.0 0.5 1.0 2.5 0.5 4.0 0.0 0.0 0.0 3.0 1.0 1.5 2.5 1.0 2.5 4.0 1.5 0.5 1.0 0.0 0.0 0.0 0.0 0.0 2.0 2.5 0.0 0.0 0.0 2.5 0.5 2.5 0.0 0.0 0.0 3.5
1785427798.14,5,2,15.00,40.773,25.13,246.78,0.1613,0.2336,0.0474,0.0846,0.2160,0.3089,0.1823,0.2195,0.3573,0.1100,0.3118,0.0596,0.3421,0.1266,1.5 2.0 2.0 3.0 2.0 4.0 0.5 2.0 1.0 3.5 0.5 3.0 4.0 1.0 1.0 3.0 2.5 2.5 3.5 0.0 1.0 1.5 4.0 0.0 2.0 2.0 0.0 1.5 2.5 1.5 1.0 2.5 4.0 0.5 1.0 4.0 1.0 3.0 1.5 0.0 3.5 2.5 4.0 2.5 2.5 2.0 0.0 0.5 3.0 2.5 2.5 0.0 0.5 3.5 3.5 2.0 1.0 3.5 2.0 4.0 1.0 1.5 0.0 3.5 0.5 1.0 1.5 3.0 3.0 3.5 1.5 2.5 2.5 3.0 0.5 1.0 3.0 0.5 1.0 4.0 0.5 4.0 3.5 0.5 2.5 1.0 2.0 2.5 4.0 4.0 0.0 0.5 3.0 0.5 1.0 2.5 0.5 4.0 0.0 0.0 0.0 3.0 1.0 1.5 2.5 1.0 2.5 4.0 1.5 0.5 1.0 0.0 0.0 0.0 0.0 0.0 2.0 2.5 0.0 0.0 0.0 2.5 0.5 2.5 0.0 0.0 0.0 3.5
1785427798.82,6,0,15.00,40.733,25.13,246.79,0.1588,0.2390,0.0396,0.2268,0.1295,0.2483,0.0562,0.0963,0.0572,0.1290,0.0743,0.0440,0.0455,0.1002,0.5 3.5 0.0 2.5 3.0 1.0 3.5 2.5 1.5 0.0 0.5 3.0 1.5 3.0 4.0 2.5 3.0 2.5 1.0 0.0 2.5 1.0 0.5 2.5 2.5 1.5 2.5 4.0 3.0 4.0 0.0 0.5 1.5 2.5 3.0 3.0 4.0 0.5 0.5 0.0 1.0 0.5 3.0 1.5 4.0 1.0 1.5 1.0 1.0 3.5 3.5 0.0 1.0 2.5 3.5 2.0 4.0 1.0 1.0 0.0 2.5 0.0 0.0 0.5 2.5 1.5 0.5 2.0 4.0 4.0 0.0 3.0 2.0 2.0 1.5 3.5 1.0 2.5 3.0 1.5 2.5 0.5 3.0 1.0 0.0 1.0 1.5 2.5 2.0 3.5 1.5 3.5 0.0 1.0 0.5 1.5 4.0 0.5 0.0 0.0 0.0 0.5 1.5 3.5 0.0 3.5 3.5 1.5 0.0 2.0 3.0 0.0 0.0 0.0 0.0 0.0 3.5 0.5 0.0 3.0 0.0 2.0 3.5 3.0 0.0 0.0 0.0 3.0
1785427798.92,6,1,15.00,40.733,25.13,246.79,0.1579,0.2434,0.0411,0.2263,0.1310,0.2498,0.0562,0.0929,0.0547,0.1285,0.0733,0.0450,0.0455,0.0958,0.5 3.5 0.0 2.5 3.0 1.0 3.5 2.5 1.5 0.0 0.5 3.0 1.5 3.0 4.0 2.5 3.0 2.5 1.0 0.0 2.5 1.0 0.5 2.5 2.5 1.5 2.5 4.0 3.0 4.0 0.0 0.5 1.5 2.5 3.0 3.0 4.0 0.5 0.5 0.0 1.0 0.5 3.0 1.5 4.0 1.0 1.5 1.0 1.0 3.5 3.5 0.0 1.0 2.5 3.5 2.0 4.0 1.0 1.0 0.0 2.5 0.0 0.0 0.5 2.5 1.5 0.5 2.0 4.0 4.0 0.0 3.0 2.0 2.0 1.5 3.5 1.0 2.5 3.0 1.5 2.5 0.5 3.0 1.0 0.0 1.0 1.5 2.5 2.0 3.5 1.5 3.5 0.0 1.0 0.5 1.5 4.0 0.5 0.0 0.0 0.0 0.5 1.5 3.5 0.0 3.5 3.5 1.5 0.0 2.0 3.0 0.0 0.0 0.0 0.0 0.0 3.5 0.5 0.0 3.0 0.0 2.0 3.5 3.0 0.0 0.0 0.0 3.0
1785427799.01,6,2,15.00,40.733,25.13,246.79,0.1588,0.2410,0.0415,0.2268,0.1300,0.2493,0.0552,0.0968,0.0557,0.1271,0.0694,0.0450,0.0459,0.0958,0.5 3.5 0.0 2.5 3.0 1.0 3.5 2.5 1.5 0.0 0.5 3.0 1.5 3.0 4.0 2.5 3.0 2.5 1.0 0.0 2.5 1.0 0.5 2.5 2.5 1.5 2.5 4.0 3.0 4.0 0.0 0.5 1.5 2.5 3.0 3.0 4.0 0.5 0.5 0.0 1.0 0.5 3.0 1.5 4.0 1.0 1.5 1.0 1.0 3.5 3.5 0.0 1.0 2.5 3.5 2.0 4.0 1.0 1.0 0.0 2.5 0.0 0.0 0.5 2.5 1.5 0.5 2.0 4.0 4.0 0.0 3.0 2.0 2.0 1.5 3.5 1.0 2.5 3.0 1.5 2.5 0.5 3.0 1.0 0.0 1.0 1.5 2.5 2.0 3.5 1.5 3.5 0.0 1.0 0.5 1.5 4.0 0.5 0.0 0.0 0.0 0.5 1.5 3.5 0.0 3.5 3.5 1.5 0.0 2.0 3.0 0.0 0.0 0.0 0.0 0.0 3.5 0.5 0.0 3.0 0.0 2.0 3.5 3.0 0.0 0.0 0.0 3.0
1785427799.69,7,0,15.00,40.773,25.13,246.80,0.1647,0.2483,0.0479,0.0816,0.2463,0.2874,0.1124,0.0611,0.0762,0.0806,0.1476,0.0640,0.1720,0.0963,3.5 3.0 1.5 4.0 2.5 3.5 0.0 0.5 2.0 3.0 4.0 0.0 3.5 1.5 4.0 1.5 4.0 0.5 1.5 4.0 4.0 0.0 0.5 0.0 4.0 1.0 2.0 4.0 3.5 1.0 1.5 3.5 2.0 0.5 4.0 2.5 3.0 4.0 2.5 0.0 3.0 3.5 4.0 2.0 2.5 3.0 4.0 2.0 3.5 1.0 3.5 0.0 0.5 3.5 1.5 2.5 0.5 1.5 0.0 2.0 4.0 1.0 0.0 1.0 3.0 0.5 0.5 0.5 2.5 2.0 2.0 0.0 3.0 1.0 3.0 3.5 0.0 1.0 2.5 0.5 1.5 1.5 2.5 3.0 3.0 1.0 2.5 3.5 3.0 3.5 2.0 2.5 2.0 2.5 1.0 2.0 1.0 2.0 0.0 0.0 0.0 3.0 3.5 3.0 0.5 0.5 1.5 4.0 0.0 3.0 1.0 0.0 0.0 0.0 0.0 0.0 2.0 0.0 0.0 3.5 0.0 3.5 2.0 3.5 0.0 0.0 0.0 2.0
1785427799.79,7,1,15.00,40.773,25.13,246.80,0.1623,0.2463,0.0464,0.0821,0.2488,0.2889,0.1100,0.0601,0.0762,0.0787,0.1447,0.0670,0.1696,0.0938,3.5 3.0 1.5 4.0 2.5 3.5 0.0 0.5 2.0 3.0 4.0 0.0 3.5 1.5 4.0 1.5 4.0 0.5 1.5 4.0 4.0 0.0 0.5 0.0 4.0 1.0 2.0 4.0 3.5 1.0 1.5 3.5 2.0 0.5 4.0 2.5 3.0 4.0 2.5 0.0 3.0 3.5 4.0 2.0 2.5 3.0 4.0 2.0 3.5 1.0 3.5 0.0 0.5 3.5 1.5 2.5 0.5 1.5 0.0 2.0 4.0 1.0 0.0 1.0 3.0 0.5 0.5 0.5 2.5 2.0 2.0 0.0 3.0 1.0 3.0 3.5 0.0 1.0 2.5 0.5 1.5 1.5 2.5 3.0 3.0 1.0 2.5 3.5 3.0 3.5 2.0 2.5 2.0 2.5 1.0 2.0 1.0 2.0 0.0 0.0 0.0 3.0 3.5 3.0 0.5 0.5 1.5 4.0 0.0 3.0 1.0 0.0 0.0 0.0 0.0 0.0 2.0 0.0 0.0 3.5 0.0 3.5 2.0 3.5 0.0 0.0 0.0 2.0
1785427799.89,7,2,15.00,40.773,25.13,246.80,0.1681,0.2463,0.0430,0.0811,0.2527,0.2898,0.1100,0.0626,0.0748,0.0806,0.1466,0.0665,0.1676,0.0997,3.5 3.0 1.5 4.0 2.5 3.5 0.0 0.5 2.0 3.0 4.0 0.0 3.5 1.5 4.0 1.5 4.0 0.5 1.5 4.0 4.0 0.0 0.5 0.0 4.0 1.0 2.0 4.0 3.5 1.0 1.5 3.5 2.0 0.5 4.0 2.5 3.0 4.0 2.5 0.0 3.0 3.5 4.0 2.0 2.5 3.0 4.0 2.0 3.5 1.0 3.5 0.0 0.5 3.5 1.5 2.5 0.5 1.5 0.0 2.0 4.0 1.0 0.0 1.0 3.0 0.5 0.5 0.5 2.5 2.0 2.0 0.0 3.0 1.0 3.0 3.5 0.0 1.0 2.5 0.5 1.5 1.5 2.5 3.0 3.0 1.0 2.5 3.5 3.0 3.5 2.0 2.5 2.0 2.5 1.0 2.0 1.0 2.0 0.0 0.0 0.0 3.0 3.5 3.0 0.5 0.5 1.5 4.0 0.0 3.0 1.0 0.0 0.0 0.0 0.0 0.0 2.0 0.0 0.0 3.5 0.0 3.5 2.0 3.5 0.0 0.0 0.0 2.0
1785427800.57,8,0,15.00,40.773,25.13,250.14,0.1564,0.2507,0.0430,0.3519,0.3157,0.2263,0.1026,0.0464,0.1031,0.0924,0.0582,0.0919,0.1882,0.0968,3.0 1.0 1.0 0.5 2.0 3.0 3.5 3.5 0.5 3.0 1.0 1.5 1.5 2.5 2.5 2.5 0.0 4.0 3.5 1.5 2.5 0.5 2.5 3.5 4.0 4.0 0.0 0.0 3.0 0.5 0.5 2.5 0.0 3.5 0.5 2.5 2.5 0.5 1.5 0.0 0.5 4.0 2.0 0.5 3.5 3.0 0.5 1.5 0.0 2.5 2.0 0.0 0.0 0.5 2.0 0.0 3.0 3.0 3.0 3.5 3.5 1.5 0.0 2.0 1.0 0.5 1.0 3.0 1.5 4.0 2.5 2.5 2.0 3.5 1.5 2.5 2.5 3.5 3.0 2.5 2.5 0.0 1.5 1.0 2.5 1.0 2.5 2.0 1.5 2.0 1.0 0.5 2.0 4.0 2.5 2.5 2.5 3.5 0.0 0.0 0.0 1.5 1.5 2.5 2.5 4.0 0.5 1.5 0.5 3.5 2.0 0.0 0.0 0.0 0.0 0.0 0.0 0.5 0.0 3.5 0.0 1.5 4.0 0.0 0.0 0.0 0.0 1.0
1785427800.67,8,1,15.00,40.773,25.13,250.14,0.1569,0.2498,0.0445,0.3504,0.3172,0.2258,0.1007,0.0455,0.1061,0.0953,0.0577,0.0938,0.1843,0.0973,3.0 1.0 1.0 0.5 2.0 3.0 3.5 3.5 0.5 3.0 1.0 1.5 1.5 2.5 2.5 2.5 0.0 4.0 3.5 1.5 2.5 0.5 2.5 3.5 4.0 4.0 0.0 0.0 3.0 0.5 0.5 2.5 0.0 3.5 0.5 2.5 2.5 0.5 1.5 0.0 0.5 4.0 2.0 0.5 3.5 3.0 0.5 1.5 0.0 2.5 2.0 0.0 0.0 0.5 2.0 0.0 3.0 3.0 3.0 3.5 3.5 1.5 0.0 2.0 1.0 0.5 1.0 3.0 1.5 4.0 2.5 2.5 2.0 3.5 1.5 2.5 2.5 3.5 3.0 2.5 2.5 0.0 1.5 1.0 2.5 1.0 2.5 2.0 1.5 2.0 1.0 0.5 2.0 4.0 2.5 2.5 2.5 3.5 0.0 0.0 0.0 1.5 1.5 2.5 2.5 4.0 0.5 1.5 0.5 3.5 2.0 0.0 0.0 0.0 0.0 0.0 0.0 0.5 0.0 3.5 0.0 1.5 4.0 0.0 0.0 0.0 0.0 1.0
1785427800.77,8,2,15.00,40.773,25.13,250.14,0.1564,0.2498,0.0420,0.3519,0.3187,0.2268,0.0997,0.0469,0.1070,0.0929,0.0582,0.0929,0.1852,0.0948,3.0 1.0 1.0 0.5 2.0 3.0 3.5 3.5 0.5 3.0 1.0 1.5 1.5 2.5 2.5 2.5 0.0 4.0 3.5 1.5 2.5 0.5 2.5 3.5 4.0 4.0 0.0 0.0 3.0 0.5 0.5 2.5 0.0 3.5 0.5 2.5 2.5 0.5 1.5 0.0 0.5 4.0 2.0 0.5 3.5 3.0 0.5 1.5 0.0 2.5 2.0 0.0 0.0 0.5 2.0 0.0 3.0 3.0 3.0 3.5 3.5 1.5 0.0 2.0 1.0 0.5 1.0 3.0 1.5 4.0 2.5 2.5 2.0 3.5 1.5 2.5 2.5 3.5 3.0 2.5 2.5 0.0 1.5 1.0 2.5 1.0 2.5 2.0 1.5 2.0 1.0 0.5 2.0 4.0 2.5 2.5 2.5 3.5 0.0 0.0 0.0 1.5 1.5 2.5 2.5 4.0 0.5 1.5 0.5 3.5 2.0 0.0 0.0 0.0 0.0 0.0 0.0 0.5 0.0 3.5 0.0 1.5 4.0 0.0 0.0 0.0 0.0 1.0
1785427801.45,9,0,15.00,40.833,25.13,250.14,0.1510,0.2165,0.0415,0.3206,0.2331,0.2405,0.1364,0.1109,0.0562,0.3084,0.3089,0.1105,0.0577,0.0948,2.0 0.0 1.5 2.0 1.0 0.5 4.0 4.0 2.0 4.0 2.0 4.0 0.0 2.5 0.0 2.0 3.5 3.5 0.5 2.5 0.5 1.0 1.5 4.0 3.0 1.5 0.5 3.0 2.5 2.0 2.5 0.5 4.0 1.0 2.0 2.5 0.5 0.5 2.0 0.0 0.0 2.5 1.5 1.0 3.0 1.0 2.5 0.5 1.0 2.5 3.0 0.0 2.5 2.0 1.0 4.0 4.0 3.0 1.0 3.5 2.5 1.0 0.0 3.5 0.5 2.5 0.5 0.0 1.5 2.0 2.0 0.0 0.5 0.0 3.5 0.0 3.5 0.5 1.0 1.5 2.0 1.5 2.5 1.5 3.0 4.0 0.5 0.5 1.0 0.5 3.0 3.0 2.5 4.0 4.0 4.0 2.0 2.0 0.0 0.0 0.0 1.5 1.0 1.0 3.0 1.0 0.5 2.5 2.0 1.0 1.0 0.0 0.0 0.0 0.0 0.0 3.5 0.0 0.0 1.0 0.0 2.5 3.0 2.5 0.0 0.0 0.0 2.5
1785427801.54,9,1,15.00,40.833,25.13,250.14,0.1540,0.2195,0.0406,0.3240,0.2346,0.2410,0.1393,0.1070,0.0552,0.3069,0.3094,0.1070,0.0538,0.0919,2.0 0.0 1.5 2.0 1.0 0.5 4.0 4.0 2.0 4.0 2.0 4.0 0.0 2.5 0.0 2.0 3.5 3.5 0.5 2.5 0.5 1.0 1.5 4.0 3.0 1.5 0.5 3.0 2.5 2.0 2.5 0.5 4.0 1.0 2.0 2.5 0.5 0.5 2.0 0.0 0.0 2.5 1.5 1.0 3.0 1.0 2.5 0.5 1.0 2.5 3.0 0.0 2.5 2.0 1.0 4.0 4.0 3.0 1.0 3.5 2.5 1.0 0.0 3.5 0.5 2.5 0.5 0.0 1.5 2.0 2.0 0.0 0.5 0.0 3.5 0.0 3.5 0.5 1.0 1.5 2.0 1.5 2.5 1.5 3.0 4.0 0.5 0.5 1.0 0.5 3.0 3.0 2.5 4.0 4.0 4.0 2.0 2.0 0.0 0.0 0.0 1.5 1.0 1.0 3.0 1.0 0.5 2.5 2.0 1.0 1.0 0.0 0.0 0.0 0.0 0.0 3.5 0.0 0.0 1.0 0.0 2.5 3.0 2.5 0.0 0.0 0.0 2.5
1785427801.64,9,2,15.00,40.833,25.13,250.14,0.1544,0.2155,0.0425,0.3260,0.2341,0.2380,0.1364,0.1046,0.0543,0.3089,0.3128,0.1124,0.0577,0.0938,2.0 0.0 1.5 2.0 1.0 0.5 4.0 4.0 2.0 4.0 2.0 4.0 0.0 2.5 0.0 2.0 3.5 3.5 0.5 2.5 0.5 1.0 1.5 4.0 3.0 1.5 0.5 3.0 2.5 2.0 2.5 0.5 4.0 1.0 2.0 2.5 0.5 0.5 2.0 0.0 0.0 2.5 1.5 1.0 3.0 1.0 2.5 0.5 1.0 2.5 3.0 0.0 2.5 2.0 1.0 4.0 4.0 3.0 1.0 3.5 2.5 1.0 0.0 3.5 0.5 2.5 0.5 0.0 1.5 2.0 2.0 0.0 0.5 0.0 3.5 0.0 3.5 0.5 1.0 1.5 2.0 1.5 2.5 1.5 3.0 4.0 0.5 0.5 1.0 0.5 3.0 3.0 2.5 4.0 4.0 4.0 2.0 2.0 0.0 0.0 0.0 1.5 1.0 1.0 3.0 1.0 0.5 2.5 2.0 1.0 1.0 0.0 0.0 0.0 0.0 0.0 3.5 0.0 0.0 1.0 0.0 2.5 3.0 2.5 0.0 0.0 0.0 2.5
1785427802.32,10,0,15.00,40.813,25.13,250.13,0.1652,0.2405,0.0455,0.1769,0.1916,0.2644,0.0738,0.0484,0.2155,0.2077,0.3113,0.0670,0.1232,0.1046,3.0 2.5 2.5 4.0 3.0 0.5 4.0 0.5 4.0 0.5 4.0 0.0 3.5 2.0 2.5 0.5 0.5 3.5 1.0 0.0 2.0 1.5 2.0 2.0 0.0 0.5 1.0 1.5 1.5 1.0 3.5 1.0 1.5 4.0 4.0 1.5 1.5 1.5 1.5 0.0 2.5 2.5 2.5 3.5 2.5 1.0 0.0 1.5 2.5 4.0 3.0 0.0 1.0 3.5 2.5 2.5 3.5 0.5 2.0 0.0 3.0 1.0 0.0 3.0 4.0 3.5 2.0 2.5 4.0 0.5 2.0 1.0 3.0 4.0 2.0 2.0 3.0 1.0 1.0 0.5 4.0 2.0 1.0 2.5 0.0 1.5 3.0 4.0 3.0 0.5 2.5 3.0 3.0 0.5 2.5 1.5 0.5 4.0 0.0 0.0 0.0 3.0 3.5 0.0 1.5 0.5 4.0 1.5 2.5 1.5 4.0 0.0 0.0 0.0 0.0 0.0 0.5 0.5 0.0 1.5 0.0 2.5 2.5 3.5 0.0 0.0 0.0 1.5
1785427802.42,10,1,15.00,40.813,25.13,250.13,0.1642,0.2439,0.0469,0.1784,0.1906,0.2659,0.0782,0.0508,0.2175,0.2033,0.3123,0.0694,0.1256,0.1026,3.0 2.5 2.5 4.0 3.0 0.5 4.0 0.5 4.0 0.5 4.0 0.0 3.5 2.0 2.5 0.5 0.5 3.5 1.0 0.0 2.0 1.5 2.0 2.0 0.0 0.5 1.0 1.5 1.5 1.0 3.5 1.0 1.5 4.0 4.0 1.5 1.5 1.5 1.5 0.0 2.5 2.5 2.5 3.5 2.5 1.0 0.0 1.5 2.5 4.0 3.0 0.0 1.0 3.5 2.5 2.5 3.5 0.5 2.0 0.0 3.0 1.0 0.0 3.0 4.0 3.5 2.0 2.5 4.0 0.5 2.0 1.0 3.0 4.0 2.0 2.0 3.0 1.0 1.0 0.5 4.0 2.0 1.0 2.5 0.0 1.5 3.0 4.0 3.0 0.5 2.5 3.0 3.0 0.5 2.5 1.5 0.5 4.0 0.0 0.0 0.0 3.0 3.5 0.0 1.5 0.5 4.0 1.5 2.5 1.5 4.0 0.0 0.0 0.0 0.0 0.0 0.5 0.5 0.0 1.5 0.0 2.5 2.5 3.5 0.0 0.0 0.0 1.5
1785427802.52,10,2,15.00,40.813,25.13,250.13,0.1637,0.2410,0.0469,0.1760,0.1887,0.2644,0.0767,0.0523,0.2199,0.2038,0.3167,0.0699,0.1241,0.1051,3.0 2.5 2.5 4.0 3.0 0.5 4.0 0.5 4.0 0.5 4.0 0.0 3.5 2.0 2.5 0.5 0.5 3.5 1.0 0.0 2.0 1.5 2.0 2.0 0.0 0.5 1.0 1.5 1.5 1.0 3.5 1.0 1.5 4.0 4.0 1.5 1.5 1.5 1.5 0.0 2.5 2.5 2.5 3.5 2.5 1.0 0.0 1.5 2.5 4.0 3.0 0.0 1.0 3.5 2.5 2.5 3.5 0.5 2.0 0.0 3.0 1.0 0.0 3.0 4.0 3.5 2.0 2.5 4.0 0.5 2.0 1.0 3.0 4.0 2.0 2.0 3.0 1.0 1.0 0.5 4.0 2.0 1.0 2.5 0.0 1.5 3.0 4.0 3.0 0.5 2.5 3.0 3.0 0.5 2.5 1.5 0.5 4.0 0.0 0.0 0.0 3.0 3.5 0.0 1.5 0.5 4.0 1.5 2.5 1.5 4.0 0.0 0.0 0.0 0.0 0.0 0.5 0.5 0.0 1.5 0.0 2.5 2.5 3.5 0.0 0.0 0.0 1.5
1785427803.20,11,0,15.00,40.873,25.13,250.13,0.1647,0.2434,0.0440,0.3162,0.1564,0.1725,0.0689,0.0674,0.0978,0.0748,0.0552,0.0464,0.0787,0.1276,4.0 3.0 2.5 1.0 3.0 0.5 0.0 3.0 1.0 3.0 2.5 1.5 2.0 0.5 1.0 2.5 1.5 3.0 4.0 0.5 0.5 3.0 1.0 1.5 4.0 4.0 4.0 3.0 0.0 1.0 2.5 4.0 1.0 0.0 3.0 0.5 3.5 1.0 0.5 0.0 3.0 0.5 2.0 4.0 2.0 1.0 1.0 2.0 3.0 3.0 0.5 0.0 2.5 1.0 1.5 3.5 3.5 2.0 1.0 3.5 3.5 2.5 0.0 1.5 3.5 1.5 0.5 4.0 1.0 3.0 1.5 4.0 2.0 2.5 2.0 3.5 3.5 2.0 0.5 1.5 3.5 4.0 4.0 4.0 0.0 1.5 0.0 0.0 1.0 2.5 1.5 1.5 4.0 4.0 0.0 1.5 3.5 1.5 0.0 0.0 0.0 2.0 2.0 0.5 2.0 1.5 1.5 1.5 0.0 1.0 3.0 0.0 0.0 0.0 0.0 0.0 1.0 4.0 0.0 1.5 0.0 1.5 4.0 0.5 0.0 0.0 0.0 2.0
1785427803.30,11,1,15.00,40.873,25.13,250.13,0.1657,0.2424,0.0440,0.3192,0.1530,0.1711,0.0689,0.0733,0.0914,0.0733,0.0577,0.0464,0.0753,0.1271,4.0 3.0 2.5 1.0 3.0 0.5 0.0 3.0 1.0 3.0 2.5 1.5 2.0 0.5 1.0 2.5 1.5 3.0 4.0 0.5 0.5 3.0 1.0 1.5 4.0 4.0 4.0 3.0 0.0 1.0 2.5 4.0 1.0 0.0 3.0 0.5 3.5 1.0 0.5 0.0 3.0 0.5 2.0 4.0 2.0 1.0 1.0 2.0 3.0 3.0 0.5 0.0 2.5 1.0 1.5 3.5 3.5 2.0 1.0 3.5 3.5 2.5 0.0 1.5 3.5 1.5 0.5 4.0 1.0 3.0 1.5 4.0 2.0 2.5 2.0 3.5 3.5 2.0 0.5 1.5 3.5 4.0 4.0 4.0 0.0 1.5 0.0 0.0 1.0 2.5 1.5 1.5 4.0 4.0 0.0 1.5 3.5 1.5 0.0 0.0 0.0 2.0 2.0 0.5 2.0 1.5 1.5 1.5 0.0 1.0 3.0 0.0 0.0 0.0 0.0 0.0 1.0 4.0 0.0 1.5 0.0 1.5 4.0 0.5 0.0 0.0 0.0 2.0
1785427803.40,11,2,15.00,40.873,25.13,250.13,0.1652,0.2434,0.0440,0.3201,0.1584,0.1755,0.0714,0.0694,0.0938,0.0718,0.0523,0.0474,0.0777,0.1290,4.0 3.0 2.5 1.0 3.0 0.5 0.0 3.0 1.0 3.0 2.5 1.5 2.0 0.5 1.0 2.5 1.5 3.0 4.0 0.5 0.5 3.0 1.0 1.5 4.0 4.0 4.0 3.0 0.0 1.0 2.5 4.0 1.0 0.0 3.0 0.5 3.5 1.0 0.5 0.0 3.0 0.5 2.0 4.0 2.0 1.0 1.0 2.0 3.0 3.0 0.5 0.0 2.5 1.0 1.5 3.5 3.5 2.0 1.0 3.5 3.5 2.5 0.0 1.5 3.5 1.5 0.5 4.0 1.0 3.0 1.5 4.0 2.0 2.5 2.0 3.5 3.5 2.0 0.5 1.5 3.5 4.0 4.0 4.0 0.0 1.5 0.0 0.0 1.0 2.5 1.5 1.5 4.0 4.0 0.0 1.5 3.5 1.5 0.0 0.0 0.0 2.0 2.0 0.5 2.0 1.5 1.5 1.5 0.0 1.0 3.0 0.0 0.0 0.0 0.0 0.0 1.0 4.0 0.0 1.5 0.0 1.5 4.0 0.5 0.0 0.0 0.0 2.0
1785427804.08,12,0,15.00,40.813,25.13,250.13,0.1652,0.2439,0.0459,0.2766,0.1686,0.2009,0.1163,0.3504,0.3759,0.1911,0.3578,0.0831,0.3260,0.1281,3.5 4.0 4.0 0.0 2.0 0.0 1.5 0.0 1.0 2.5 3.5 0.5 1.5 2.5 3.0 3.5 4.0 1.0 2.0 1.0 0.0 3.0 2.0 2.0 2.0 0.5 3.0 0.0 0.0 3.0 1.5 3.5 3.5 4.0 0.5 2.0 4.0 0.5 3.5 0.0 1.0 1.0 2.0 2.0 3.5 3.5 2.5 2.0 1.0 1.0 3.0 0.0 1.5 1.5 1.0 4.0 1.5 1.5 3.5 3.5 0.5 0.0 0.0 3.5 3.0 4.0 1.5 0.5 2.0 0.5 0.5 3.0 4.0 1.0 0.5 3.5 2.5 3.0 2.5 3.0 3.5 0.0 2.0 3.5 3.5 3.5 2.0 1.0 4.0 4.0 3.0 1.5 4.0 1.0 4.0 3.0 3.5 3.0 0.0 0.0 0.0 0.5 0.0 0.5 4.0 2.5 4.0 1.0 2.0 1.5 3.0 0.0 0.0 0.0 0.0 0.0 0.5 3.5 0.0 3.0 0.0 2.5 3.5 4.0 0.0 0.0 0.0 0.5
1785427804.18,12,1,15.00,40.813,25.13,250.13,0.1613,0.2449,0.0440,0.2776,0.1676,0.1994,0.1129,0.3509,0.3778,0.1891,0.3558,0.0865,0.3240,0.1290,3.5 4.0 4.0 0.0 2.0 0.0 1.5 0.0 1.0 2.5 3.5 0.5 1.5 2.5 3.0 3.5 4.0 1.0 2.0 1.0 0.0 3.0 2.0 2.0 2.0 0.5 3.0 0.0 0.0 3.0 1.5 3.5 3.5 4.0 0.5 2.0 4.0 0.5 3.5 0.0 1.0 1.0 2.0 2.0 3.5 3.5 2.5 2.0 1.0 1.0 3.0 0.0 1.5 1.5 1.0 4.0 1.5 1.5 3.5 3.5 0.5 0.0 0.0 3.5 3.0 4.0 1.5 0.5 2.0 0.5 0.5 3.0 4.0 1.0 0.5 3.5 2.5 3.0 2.5 3.0 3.5 0.0 2.0 3.5 3.5 3.5 2.0 1.0 4.0 4.0 3.0 1.5 4.0 1.0 4.0 3.0 3.5 3.0 0.0 0.0 0.0 0.5 0.0 0.5 4.0 2.5 4.0 1.0 2.0 1.5 3.0 0.0 0.0 0.0 0.0 0.0 0.5 3.5 0.0 3.0 0.0 2.5 3.5 4.0 0.0 0.0 0.0 0.5
1785427804.28,12,2,15.00,40.813,25.13,250.13,0.1618,0.2483,0.0430,0.2761,0.1701,0.1994,0.1139,0.3514,0.3763,0.1887,0.3568,0.0870,0.3236,0.1266,3.5 4.0 4.0 0.0 2.0 0.0 1.5 0.0 1.0 2.5 3.5 0.5 1.5 2.5 3.0 3.5 4.0 1.0 2.0 1.0 0.0 3.0 2.0 2.0 2.0 0.5 3.0 0.0 0.0 3.0 1.5 3.5 3.5 4.0 0.5 2.0 4.0 0.5 3.5 0.0 1.0 1.0 2.0 2.0 3.5 3.5 2.5 2.0 1.0 1.0 3.0 0.0 1.5 1.5 1.0 4.0 1.5 1.5 3.5 3.5 0.5 0.0 0.0 3.5 3.0 4.0 1.5 0.5 2.0 0.5 0.5 3.0 4.0 1.0 0.5 3.5 2.5 3.0 2.5 3.0 3.5 0.0 2.0 3.5 3.5 3.5 2.0 1.0 4.0 4.0 3.0 1.5 4.0 1.0 4.0 3.0 3.5 3.0 0.0 0.0 0.0 0.5 0.0 0.5 4.0 2.5 4.0 1.0 2.0 1.5 3.0 0.0 0.0 0.0 0.0 0.0 0.5 3.5 0.0 3.0 0.0 2.5 3.5 4.0 0.0 0.0 0.0 0.5
1785427804.95,13,0,15.00,40.933,25.13,250.13,0.1686,0.2473,0.0484,0.2805,0.0714,0.2610,0.0562,0.0640,0.0860,0.0792,0.0464,0.0513,0.0611,0.1237,3.5 2.0 3.5 1.5 0.0 3.5 0.5 2.0 3.0 3.0 0.0 2.5 0.0 4.0 2.0 1.5 1.5 4.0 3.0 1.5 3.0 0.5 1.5 3.5 3.5 1.0 2.0 2.5 3.5 2.5 2.0 0.5 2.0 0.0 2.5 4.0 2.5 3.5 1.5 0.0 0.5 1.5 3.5 2.5 1.0 3.0 1.0 1.0 3.0 1.0 3.0 0.0 4.0 3.5 3.5 0.5 2.0 3.0 3.5 2.0 0.5 1.0 0.0 1.5 3.0 0.5 3.5 4.0 1.0 4.0 0.5 0.5 4.0 2.5 4.0 2.0 1.0 1.0 3.5 0.0 0.0 2.5 4.0 1.0 3.0 3.0 0.5 3.0 1.0 2.0 2.5 0.5 1.5 3.0 3.0 0.5 2.5 0.5 0.0 0.0 0.0 0.5 4.0 2.5 4.0 0.0 0.5 0.5 1.0 0.5 2.0 0.0 0.0 0.0 0.0 0.0 1.5 3.0 0.0 0.0 0.0 1.5 4.0 3.5 0.0 0.0 0.0 1.0
1785427805.05,13,1,15.00,40.933,25.13,250.13,0.1686,0.2463,0.0450,0.2810,0.0743,0.2630,0.0572,0.0582,0.0890,0.0792,0.0499,0.0464,0.0611,0.1246,3.5 2.0 3.5 1.5 0.0 3.5 0.5 2.0 3.0 3.0 0.0 2.5 0.0 4.0 2.0 1.5 1.5 4.0 3.0 1.5 3.0 0.5 1.5 3.5 3.5 1.0 2.0 2.5 3.5 2.5 2.0 0.5 2.0 0.0 2.5 4.0 2.5 3.5 1.5 0.0 0.5 1.5 3.5 2.5 1.0 3.0 1.0 1.0 3.0 1.0 3.0 0.0 4.0 3.5 3.5 0.5 2.0 3.0 3.5 2.0 0.5 1.0 0.0 1.5 3.0 0.5 3.5 4.0 1.0 4.0 0.5 0.5 4.0 2.5 4.0 2.0 1.0 1.0 3.5 0.0 0.0 2.5 4.0 1.0 3.0 3.0 0.5 3.0 1.0 2.0 2.5 0.5 1.5 3.0 3.0 0.5 2.5 0.5 0.0 0.0 0.0 0.5 4.0 2.5 4.0 0.0 0.5 0.5 1.0 0.5 2.0 0.0 0.0 0.0 0.0 0.0 1.5 3.0 0.0 0.0 0.0 1.5 4.0 3.5 0.0 0.0 0.0 1.0
1785427805.15,13,2,15.00,40.933,25.13,250.13,0.1711,0.2439,0.0508,0.2796,0.0699,0.2659,0.0562,0.0601,0.0890,0.0787,0.0459,0.0479,0.0616,0.1261,3.5 2.0 3.5 1.5 0.0 3.5 0.5 2.0 3.0 3.0 0.0 2.5 0.0 4.0 2.0 1.5 1.5 4.0 3.0 1.5 3.0 0.5 1.5 3.5 3.5 1.0 2.0 2.5 3.5 2.5 2.0 0.5 2.0 0.0 2.5 4.0 2.5 3.5 1.5 0.0 0.5 1.5 3.5 2.5 1.0 3.0 1.0 1.0 3.0 1.0 3.0 0.0 4.0 3.5 3.5 0.5 2.0 3.0 3.5 2.0 0.5 1.0 0.0 1.5 3.0 0.5 3.5 4.0 1.0 4.0 0.5 0.5 4.0 2.5 4.0 2.0 1.0 1.0 3.5 0.0 0.0 2.5 4.0 1.0 3.0 3.0 0.5 3.0 1.0 2.0 2.5 0.5 1.5 3.0 3.0 0.5 2.5 0.5 0.0 0.0 0.0 0.5 4.0 2.5 4.0 0.0 0.5 0.5 1.0 0.5 2.0 0.0 0.0 0.0 0.0 0.0 1.5 3.0 0.0 0.0 0.0 1.5 4.0 3.5 0.0 0.0 0.0 1.0
1785427805.82,14,0,15.00,40.893,25.13,250.13,0.1647,0.2375,0.0484,0.2898,0.0767,0.2136,0.0689,0.0767,0.3382,0.0606,0.2889,0.0484,0.3123,0.1153,0.5 1.0 4.0 1.5 0.5 4.0 3.5 1.5 2.5 1.5 0.0 1.0 1.5 4.0 2.0 1.5 0.5 0.0 2.5 2.5 2.5 3.0 0.5 1.5 2.0 0.5 3.0 1.5 3.5 1.5 1.0 4.0 4.0 3.5 2.0 2.5 0.5 0.5 3.5 0.0 3.0 2.0 3.0 0.5 0.0 2.0 1.5 1.0 1.0 1.0 2.5 0.0 1.5 2.5 0.0 0.5 1.5 2.0 3.5 4.0 0.0 0.0 0.0 3.5 1.5 4.0 1.5 3.5 1.5 0.0 3.5 0.5 1.5 1.0 3.5 1.5 2.5 0.0 1.5 0.5 1.0 0.5 3.5 4.0 2.5 2.0 0.5 2.5 0.5 2.0 0.5 0.5 4.0 2.0 1.5 1.5 3.5 2.0 0.0 0.0 0.0 4.0 1.0 1.0 0.5 0.0 0.0 0.5 1.0 3.0 1.5 0.0 0.0 0.0 0.0 0.0 0.0 1.5 0.0 2.5 0.0 0.0 0.5 4.0 0.0 0.0 0.0 3.0
1785427805.92,14,1,15.00,40.893,25.13,250.13,0.1618,0.2405,0.0459,0.2913,0.0714,0.2111,0.0704,0.0767,0.3353,0.0567,0.2889,0.0489,0.3128,0.1153,0.5 1.0 4.0 1.5 0.5 4.0 3.5 1.5 2.5 1.5 0.0 1.0 1.5 4.0 2.0 1.5 0.5 0.0 2.5 2.5 2.5 3.0 0.5 1.5 2.0 0.5 3.0 1.5 3.5 1.5 1.0 4.0 4.0 3.5 2.0 2.5 0.5 0.5 3.5 0.0 3.0 2.0 3.0 0.5 0.0 2.0 1.5 1.0 1.0 1.0 2.5 0.0 1.5 2.5 0.0 0.5 1.5 2.0 3.5 4.0 0.0 0.0 0.0 3.5 1.5 4.0 1.5 3.5 1.5 0.0 3.5 0.5 1.5 1.0 3.5 1.5 2.5 0.0 1.5 0.5 1.0 0.5 3.5 4.0 2.5 2.0 0.5 2.5 0.5 2.0 0.5 0.5 4.0 2.0 1.5 1.5 3.5 2.0 0.0 0.0 0.0 4.0 1.0 1.0 0.5 0.0 0.0 0.5 1.0 3.0 1.5 0.0 0.0 0.0 0.0 0.0 0.0 1.5 0.0 2.5 0.0 0.0 0.5 4.0 0.0 0.0 0.0 3.0
1785427806.02,14,2,15.00,40.893,25.13,250.13,0.1642,0.2410,0.0469,0.2893,0.0748,0.2121,0.0714,0.0797,0.3377,0.0621,0.2869,0.0479,0.3084,0.1105,0.5 1.0 4.0 1.5 0.5 4.0 3.5 1.5 2.5 1.5 0.0 1.0 1.5 4.0 2.0 1.5 0.5 0.0 2.5 2.5 2.5 3.0 0.5 1.5 2.0 0.5 3.0 1.5 3.5 1.5 1.0 4.0 4.0 3.5 2.0 2.5 0.5 0.5 3.5 0.0 3.0 2.0 3.0 0.5 0.0 2.0 1.5 1.0 1.0 1.0 2.5 0.0 1.5 2.5 0.0 0.5 1.5 2.0 3.5 4.0 0.0 0.0 0.0 3.5 1.5 4.0 1.5 3.5 1.5 0.0 3.5 0.5 1.5 1.0 3.5 1.5 2.5 0.0 1.5 0.5 1.0 0.5 3.5 4.0 2.5 2.0 0.5 2.5 0.5 2.0 0.5 0.5 4.0 2.0 1.5 1.5 3.5 2.0 0.0 0.0 0.0 4.0 1.0 1.0 0.5 0.0 0.0 0.5 1.0 3.0 1.5 0.0 0.0 0.0 0.0 0.0 0.0 1.5 0.0 2.5 0.0 0.0 0.5 4.0 0.0 0.0 0.0 3.0
1785427806.71,15,0,15.00,40.853,25.13,250.12,0.1711,0.2625,0.0503,0.2493,0.0836,0.2385,0.0499,0.0503,0.1979,0.1153,0.1945,0.0489,0.1789,0.1256,2.5 2.0 1.0 2.0 3.0 1.0 1.5 2.0 3.0 0.0 2.5 3.5 0.0 4.0 2.5 3.0 1.0 2.0 3.0 3.5 2.5 0.0 2.0 2.5 1.0 3.0 3.0 1.0 1.0 3.5 3.0 0.0 1.0 2.5 2.5 1.0 4.0 2.5 1.5 0.0 1.0 1.5 0.5 1.5 2.5 3.5 2.0 2.0 0.5 2.0 3.5 0.0 2.5 3.5 2.0 2.0 0.0 3.0 4.0 2.0 2.5 3.5 0.0 1.5 3.5 1.5 3.0 3.0 1.0 3.0 0.0 3.0 2.5 0.0 1.5 3.5 4.0 1.5 3.5 3.5 2.0 0.5 1.5 2.5 3.0 4.0 3.0 2.5 3.0 3.0 3.5 4.0 2.5 1.0 2.0 3.5 2.0 4.0 0.0 0.0 0.0 4.0 3.5 1.5 3.5 3.5 1.5 2.0 2.5 0.0 0.0 0.0 0.0 0.0 0.0 0.0 2.0 2.5 0.0 1.0 0.0 3.5 2.0 0.0 0.0 0.0 0.0 3.5
1785427806.81,15,1,15.00,40.853,25.13,250.12,0.1750,0.2590,0.0479,0.2478,0.0831,0.2356,0.0464,0.0469,0.1984,0.1168,0.1965,0.0484,0.1779,0.1276,2.5 2.0 1.0 2.0 3.0 1.0 1.5 2.0 3.0 0.0 2.5 3.5 0.0 4.0 2.5 3.0 1.0 2.0 3.0 3.5 2.5 0.0 2.0 2.5 1.0 3.0 3.0 1.0 1.0 3.5 3.0 0.0 1.0 2.5 2.5 1.0 4.0 2.5 1.5 0.0 1.0 1.5 0.5 1.5 2.5 3.5 2.0 2.0 0.5 2.0 3.5 0.0 2.5 3.5 2.0 2.0 0.0 3.0 4.0 2.0 2.5 3.5 0.0 1.5 3.5 1.5 3.0 3.0 1.0 3.0 0.0 3.0 2.5 0.0 1.5 3.5 4.0 1.5 3.5 3.5 2.0 0.5 1.5 2.5 3.0 4.0 3.0 2.5 3.0 3.0 3.5 4.0 2.5 1.0 2.0 3.5 2.0 4.0 0.0 0.0 0.0 4.0 3.5 1.5 3.5 3.5 1.5 2.0 2.5 0.0 0.0 0.0 0.0 0.0 0.0 0.0 2.0 2.5 0.0 1.0 0.0 3.5 2.0 0.0 0.0 0.0 0.0 3.5
1785427806.91,15,2,15.00,40.853,25.13,250.12,0.1745,0.2605,0.0474,0.2507,0.0841,0.2385,0.0499,0.0499,0.2019,0.1158,0.1955,0.0474,0.1804,0.1256,2.5 2.0 1.0 2.0 3.0 1.0 1.5 2.0 3.0 0.0 2.5 3.5 0.0 4.0 2.5 3.0 1.0 2.0 3.0 3.5 2.5 0.0 2.0 2.5 1.0 3.0 3.0 1.0 1.0 3.5 3.0 0.0 1.0 2.5 2.5 1.0 4.0 2.5 1.5 0.0 1.0 1.5 0.5 1.5 2.5 3.5 2.0 2.0 0.5 2.0 3.5 0.0 2.5 3.5 2.0 2.0 0.0 3.0 4.0 2.0 2.5 3.5 0.0 1.5 3.5 1.5 3.0 3.0 1.0 3.0 0.0 3.0 2.5 0.0 1.5 3.5 4.0 1.5 3.5 3.5 2.0 0.5 1.5 2.5 3.0 4.0 3.0 2.5 3.0 3.0 3.5 4.0 2.5 1.0 2.0 3.5 2.0 4.0 0.0 0.0 0.0 4.0 3.5 1.5 3.5 3.5 1.5 2.0 2.5 0.0 0.0 0.0 0.0 0.0 0.0 0.0 2.0 2.5 0.0 1.0 0.0 3.5 2.0 0.0 0.0 0.0 0.0 3.5
1785427807.58,16,0,15.00,40.853,25.13,250.12,0.1496,0.2361,0.0396,0.2111,0.0943,0.2429,0.0543,0.0430,0.1070,0.2810,0.2053,0.0459,0.1178,0.0948,2.0 0.5 2.5 2.0 0.0 2.5 3.0 3.0 1.0 4.0 3.5 2.0 1.5 4.0 2.0 1.5 2.0 3.0 2.5 3.0 1.5 2.0 1.5 0.5 1.5 1.5 3.5 1.0 4.0 4.0 0.5 2.5 3.0 4.0 4.0 1.0 2.5 1.5 2.0 0.0 2.5 2.5 1.5 1.0 2.0 4.0 2.5 3.0 0.0 0.0 1.5 0.0 0.0 0.0 2.5 2.0 2.0 2.5 3.5 0.0 3.0 1.0 0.0 3.0 3.5 4.0 3.5 2.5 1.5 1.0 3.5 0.5 1.0 1.0 3.0 4.0 2.0 3.5 1.5 3.5 2.5 3.5 0.0 3.5 0.5 1.5 1.0 3.5 3.0 0.5 3.0 1.0 3.0 2.0 3.0 4.0 0.0 2.5 0.0 0.0 0.0 0.0 4.0 3.5 4.0 1.5 2.5 2.5 0.0 2.0 2.0 0.0 0.0 0.0 0.0 0.0 2.5 1.0 0.0 0.0 0.0 0.0 3.0 3.0 0.0 0.0 0.0 0.5
1785427807.68,16,1,15.00,40.853,25.13,250.12,0.1491,0.2361,0.0396,0.2111,0.0968,0.2439,0.0538,0.0440,0.1075,0.2815,0.2053,0.0440,0.1163,0.0963,2.0 0.5 2.5 2.0 0.0 2.5 3.0 3.0 1.0 4.0 3.5 2.0 1.5 4.0 2.0 1.5 2.0 3.0 2.5 3.0 1.5 2.0 1.5 0.5 1.5 1.5 3.5 1.0 4.0 4.0 0.5 2.5 3.0 4.0 4.0 1.0 2.5 1.5 2.0 0.0 2.5 2.5 1.5 1.0 2.0 4.0 2.5 3.0 0.0 0.0 1.5 0.0 0.0 0.0 2.5 2.0 2.0 2.5 3.5 0.0 3.0 1.0 0.0 3.0 3.5 4.0 3.5 2.5 1.5 1.0 3.5 0.5 1.0 1.0 3.0 4.0 2.0 3.5 1.5 3.5 2.5 3.5 0.0 3.5 0.5 1.5 1.0 3.5 3.0 0.5 3.0 1.0 3.0 2.0 3.0 4.0 0.0 2.5 0.0 0.0 0.0 0.0 4.0 3.5 4.0 1.5 2.5 2.5 0.0 2.0 2.0 0.0 0.0 0.0 0.0 0.0 2.5 1.0 0.0 0.0 0.0 0.0 3.0 3.0 0.0 0.0 0.0 0.5
1785427807.78,16,2,15.00,40.853,25.13,250.12,0.1471,0.2366,0.0371,0.2087,0.0948,0.2434,0.0562,0.0425,0.1056,0.2757,0.2058,0.0513,0.1144,0.0914,2.0 0.5 2.5 2.0 0.0 2.5 3.0 3.0 1.0 4.0 3.5 2.0 1.5 4.0 2.0 1.5 2.0 3.0 2.5 3.0 1.5 2.0 1.5 0.5 1.5 1.5 3.5 1.0 4.0 4.0 0.5 2.5 3.0 4.0 4.0 1.0 2.5 1.5 2.0 0.0 2.5 2.5 1.5 1.0 2.0 4.0 2.5 3.0 0.0 0.0 1.5 0.0 0.0 0.0 2.5 2.0 2.0 2.5 3.5 0.0 3.0 1.0 0.0 3.0 3.5 4.0 3.5 2.5 1.5 1.0 3.5 0.5 1.0 1.0 3.0 4.0 2.0 3.5 1.5 3.5 2.5 3.5 0.0 3.5 0.5 1.5 1.0 3.5 3.0 0.5 3.0 1.0 3.0 2.0 3.0 4.0 0.0 2.5 0.0 0.0 0.0 0.0 4.0 3.5 4.0 1.5 2.5 2.5 0.0 2.0 2.0 0.0 0.0 0.0 0.0 0.0 2.5 1.0 0.0 0.0 0.0 0.0 3.0 3.0 0.0 0.0 0.0 0.5
1785427808.46,17,0,15.00,40.813,25.13,250.12,0.1588,0.2356,0.0445,0.1720,0.0689,0.2390,0.0587,0.0948,0.0547,0.0611,0.0885,0.0455,0.0650,0.1281,4.0 3.0 0.5 1.5 4.0 2.0 0.0 3.0 4.0 1.5 3.5 0.0 0.0 4.0 1.0 2.0 1.0 3.0 1.5 2.0 4.0 3.5 4.0 2.5 0.0 0.5 1.0 2.5 4.0 0.5 0.5 3.5 2.5 3.0 1.0 4.0 2.5 2.5 3.5 0.0 1.0 3.0 2.5 2.0 3.0 1.0 3.0 3.5 1.5 1.0 2.5 0.0 1.0 4.0 0.0 3.0 2.0 1.5 2.5 4.0 0.5 3.5 0.0 1.5 3.5 3.0 0.0 0.5 1.0 0.0 3.5 2.0 1.0 3.0 0.0 0.0 3.0 3.0 3.5 2.5 2.5 0.5 1.5 0.5 2.5 3.0 0.0 0.5 2.5 2.5 3.5 3.0 0.0 0.0 1.5 0.0 0.5 1.0 0.0 0.0 0.0 1.5 3.0 0.0 2.0 3.5 3.0 2.0 1.0 1.5 2.5 0.0 0.0 0.0 0.0 0.0 2.5 4.0 0.0 3.5 0.0 3.0 1.0 2.5 0.0 0.0 0.0 1.0
1785427808.56,17,1,15.00,40.813,25.13,250.12,0.1554,0.2346,0.0479,0.1720,0.0694,0.2380,0.0582,0.0909,0.0499,0.0596,0.0914,0.0435,0.0679,0.1290,4.0 3.0 0.5 1.5 4.0 2.0 0.0 3.0 4.0 1.5 3.5 0.0 0.0 4.0 1.0 2.0 1.0 3.0 1.5 2.0 4.0 3.5 4.0 2.5 0.0 0.5 1.0 2.5 4.0 0.5 0.5 3.5 2.5 3.0 1.0 4.0 2.5 2.5 3.5 0.0 1.0 3.0 2.5 2.0 3.0 1.0 3.0 3.5 1.5 1.0 2.5 0.0 1.0 4.0 0.0 3.0 2.0 1.5 2.5 4.0 0.5 3.5 0.0 1.5 3.5 3.0 0.0 0.5 1.0 0.0 3.5 2.0 1.0 3.0 0.0 0.0 3.0 3.0 3.5 2.5 2.5 0.5 1.5 0.5 2.5 3.0 0.0 0.5 2.5 2.5 3.5 3.0 0.0 0.0 1.5 0.0 0.5 1.0 0.0 0.0 0.0 1.5 3.0 0.0 2.0 3.5 3.0 2.0 1.0 1.5 2.5 0.0 0.0 0.0 0.0 0.0 2.5 4.0 0.0 3.5 0.0 3.0 1.0 2.5 0.0 0.0 0.0 1.0
1785427808.66,17,2,15.00,40.813,25.13,250.12,0.1564,0.2341,0.0459,0.1720,0.0670,0.2414,0.0582,0.0914,0.0543,0.0626,0.0899,0.0469,0.0655,0.1300,4.0 3.0 0.5 1.5 4.0 2.0 0.0 3.0 4.0 1.5 3.5 0.0 0.0 4.0 1.0 2.0 1.0 3.0 1.5 2.0 4.0 3.5 4.0 2.5 0.0 0.5 1.0 2.5 4.0 0.5 0.5 3.5 2.5 3.0 1.0 4.0 2.5 2.5 3.5 0.0 1.0 3.0 2.5 2.0 3.0 1.0 3.0 3.5 1.5 1.0 2.5 0.0 1.0 4.0 0.0 3.0 2.0 1.5 2.5 4.0 0.5 3.5 0.0 1.5 3.5 3.0 0.0 0.5 1.0 0.0 3.5 2.0 1.0 3.0 0.0 0.0 3.0 3.0 3.5 2.5 2.5 0.5 1.5 0.5 2.5 3.0 0.0 0.5 2.5 2.5 3.5 3.0 0.0 0.0 1.5 0.0 0.5 1.0 0.0 0.0 0.0 1.5 3.0 0.0 2.0 3.5 3.0 2.0 1.0 1.5 2.5 0.0 0.0 0.0 0.0 0.0 2.5 4.0 0.0 3.5 0.0 3.0 1.0 2.5 0.0 0.0 0.0 1.0
1785427809.34,18,0,15.00,40.873,25.13,250.12,0.1628,0.2395,0.0445,0.2810,0.0728,0.2097,0.0655,0.1373,0.1618,0.1848,0.2380,0.0469,0.1134,0.1022,2.0 0.0 1.0 1.0 2.5 0.0 1.0 0.0 0.5 2.0 1.0 0.5 3.0 0.0 0.5 4.0 4.0 0.5 3.5 0.0 2.0 4.0 2.0 3.0 4.0 3.0 0.0 2.5 0.5 0.0 3.5 3.5 3.5 1.5 1.5 1.5 3.5 0.5 4.0 0.0 0.5 1.0 2.0 0.0 2.5 0.0 2.0 0.5 2.5 2.0 3.5 0.0 2.0 2.0 1.5 1.5 2.5 1.0 1.0 1.0 2.0 2.5 0.0 2.0 3.5 0.5 1.5 3.0 0.0 0.5 0.5 3.5 0.0 2.5 1.5 2.5 3.0 3.5 2.5 2.5 2.5 1.0 2.0 4.0 0.0 0.5 1.0 2.0 2.0 3.0 2.0 1.0 1.0 2.5 3.5 4.0 1.5 3.0 0.0 0.0 0.0 3.5 2.5 1.0 0.5 4.0 2.5 0.5 1.5 3.0 2.0 0.0 0.0 0.0 0.0 0.0 0.0 1.0 0.0 1.0 0.0 1.5 3.5 1.5 0.0 0.0 0.0 1.5
1785427809.44,18,1,15.00,40.873,25.13,250.12,0.1628,0.2449,0.0440,0.2786,0.0758,0.2126,0.0670,0.1393,0.1598,0.1857,0.2331,0.0469,0.1109,0.1051,2.0 0.0 1.0 1.0 2.5 0.0 1.0 0.0 0.5 2.0 1.0 0.5 3.0 0.0 0.5 4.0 4.0 0.5 3.5 0.0 2.0 4.0 2.0 3.0 4.0 3.0 0.0 2.5 0.5 0.0 3.5 3.5 3.5 1.5 1.5 1.5 3.5 0.5 4.0 0.0 0.5 1.0 2.0 0.0 2.5 0.0 2.0 0.5 2.5 2.0 3.5 0.0 2.0 2.0 1.5 1.5 2.5 1.0 1.0 1.0 2.0 2.5 0.0 2.0 3.5 0.5 1.5 3.0 0.0 0.5 0.5 3.5 0.0 2.5 1.5 2.5 3.0 3.5 2.5 2.5 2.5 1.0 2.0 4.0 0.0 0.5 1.0 2.0 2.0 3.0 2.0 1.0 1.0 2.5 3.5 4.0 1.5 3.0 0.0 0.0 0.0 3.5 2.5 1.0 0.5 4.0 2.5 0.5 1.5 3.0 2.0 0.0 0.0 0.0 0.0 0.0 0.0 1.0 0.0 1.0 0.0 1.5 3.5 1.5 0.0 0.0 0.0 1.5
1785427809.54,18,2,15.00,40.873,25.13,250.12,0.1637,0.2444,0.0430,0.2796,0.0738,0.2116,0.0645,0.1408,0.1637,0.1867,0.2361,0.0450,0.1124,0.1056,2.0 0.0 1.0 1.0 2.5 0.0 1.0 0.0 0.5 2.0 1.0 0.5 3.0 0.0 0.5 4.0 4.0 0.5 3.5 0.0 2.0 4.0 2.0 3.0 4.0 3.0 0.0 2.5 0.5 0.0 3.5 3.5 3.5 1.5 1.5 1.5 3.5 0.5 4.0 0.0 0.5 1.0 2.0 0.0 2.5 0.0 2.0 0.5 2.5 2.0 3.5 0.0 2.0 2.0 1.5 1.5 2.5 1.0 1.0 1.0 2.0 2.5 0.0 2.0 3.5 0.5 1.5 3.0 0.0 0.5 0.5 3.5 0.0 2.5 1.5 2.5 3.0 3.5 2.5 2.5 2.5 1.0 2.0 4.0 0.0 0.5 1.0 2.0 2.0 3.0 2.0 1.0 1.0 2.5 3.5 4.0 1.5 3.0 0.0 0.0 0.0 3.5 2.5 1.0 0.5 4.0 2.5 0.5 1.5 3.0 2.0 0.0 0.0 0.0 0.0 0.0 0.0 1.0 0.0 1.0 0.0 1.5 3.5 1.5 0.0 0.0 0.0 1.5
1785427810.21,19,0,15.00,40.813,25.13,250.12,0.1681,0.2370,0.0474,0.2532,0.0855,0.2180,0.0538,0.0787,0.3460,0.1075,0.2674,0.0626,0.3084,0.1339,3.5 4.0 0.0 4.0 1.0 3.5 0.5 1.5 1.5 3.5 4.0 2.0 2.5 0.5 0.0 3.5 4.0 3.5 0.5 0.5 2.0 3.5 4.0 2.0 1.5 3.0 4.0 1.0 2.5 0.5 3.5 3.5 1.0 2.5 1.0 0.5 0.0 1.5 1.5 0.0 3.5 3.0 2.0 0.5 1.5 0.5 1.5 1.5 3.5 3.5 2.0 0.0 1.0 4.0 4.0 1.0 3.5 3.0 1.5 1.0 0.0 3.0 0.0 2.0 0.0 0.5 0.5 3.5 1.0 2.5 3.5 1.5 1.0 1.0 2.0 3.5 0.0 3.5 2.5 3.5 0.0 4.0 0.5 1.5 3.5 2.5 1.0 4.0 0.0 2.0 2.5 4.0 0.5 0.5 0.0 0.0 3.5 2.0 0.0 0.0 0.0 1.5 1.0 3.5 2.0 3.0 2.0 0.5 0.5 0.0 0.0 0.0 0.0 0.0 0.0 0.0 0.5 2.5 0.0 2.0 0.0 3.0 1.5 1.0 0.0 0.0 0.0 3.5
1785427810.31,19,1,15.00,40.813,25.13,250.12,0.1618,0.2224,0.0538,0.2659,0.0714,0.2268,0.0577,0.0738,0.3304,0.1325,0.2796,0.0582,0.3138,0.1403,3.5 4.0 0.0 4.0 1.0 3.5 0.5 1.5 1.5 3.5 4.0 2.0 2.5 0.5 0.0 3.5 4.0 3.5 0.5 0.5 2.0 3.5 4.0 2.0 1.5 3.0 4.0 1.0 2.5 0.5 3.5 3.5 1.0 2.5 1.0 0.5 0.0 1.5 1.5 0.0 3.5 3.0 2.0 0.5 1.5 0.5 1.5 1.5 3.5 3.5 2.0 0.0 1.0 4.0 4.0 1.0 3.5 3.0 1.5 1.0 0.0 3.0 0.0 2.0 0.0 0.5 0.5 3.5 1.0 2.5 3.5 1.5 1.0 1.0 2.0 3.5 0.0 3.5 2.5 3.5 0.0 4.0 0.5 1.5 3.5 2.5 1.0 4.0 0.0 2.0 2.5 4.0 0.5 0.5 0.0 0.0 3.5 2.0 0.0 0.0 0.0 1.5 1.0 3.5 2.0 3.0 2.0 0.5 0.5 0.0 0.0 0.0 0.0 0.0 0.0 0.0 0.5 2.5 0.0 2.0 0.0 3.0 1.5 1.0 0.0 0.0 0.0 3.5
1785427810.41,19,2,15.00,40.813,25.13,250.12,0.1735,0.2473,0.0611,0.2581,0.0831,0.2141,0.0538,0.0674,0.3465,0.1158,0.2781,0.0582,0.3104,0.1334,3.5 4.0 0.0 4.0 1.0 3.5 0.5 1.5 1.5 3.5 4.0 2.0 2.5 0.5 0.0 3.5 4.0 3.5 0.5 0.5 2.0 3.5 4.0 2.0 1.5 3.0 4.0 1.0 2.5 0.5 3.5 3.5 1.0 2.5 1.0 0.5 0.0 1.5 1.5 0.0 3.5 3.0 2.0 0.5 1.5 0.5 1.5 1.5 3.5 3.5 2.0 0.0 1.0 4.0 4.0 1.0 3.5 3.0 1.5 1.0 0.0 3.0 0.0 2.0 0.0 0.5 0.5 3.5 1.0 2.5 3.5 1.5 1.0 1.0 2.0 3.5 0.0 3.5 2.5 3.5 0.0 4.0 0.5 1.5 3.5 2.5 1.0 4.0 0.0 2.0 2.5 4.0 0.5 0.5 0.0 0.0 3.5 2.0 0.0 0.0 0.0 1.5 1.0 3.5 2.0 3.0 2.0 0.5 0.5 0.0 0.0 0.0 0.0 0.0 0.0 0.0 0.5 2.5 0.0 2.0 0.0 3.0 1.5 1.0 0.0 0.0 0.0 3.5
1785427811.09,20,0,15.00,40.793,25.13,250.12,0.1652,0.2463,0.0489,0.2292,0.1691,0.2512,0.0489,0.0743,0.1554,0.0587,0.1686,0.0919,0.0880,0.1217,3.5 2.0 3.5 2.0 3.0 1.5 0.0 3.0 2.0 3.0 1.5 3.0 4.0 3.0 3.5 1.5 2.0 0.5 4.0 3.5 2.0 1.5 2.5 3.0 4.0 4.0 1.0 3.0 4.0 4.0 2.5 0.0 0.0 2.5 0.0 0.0 4.0 3.5 1.0 0.0 4.0 2.5 0.0 2.5 0.5 1.5 3.5 4.0 3.0 1.0 4.0 0.0 0.0 3.0 3.0 2.5 1.0 2.0 1.0 0.0 3.0 3.5 0.0 1.0 1.5 4.0 0.0 4.0 2.0 2.0 1.5 2.0 2.5 0.0 0.0 3.5 0.5 4.0 2.0 1.0 2.5 1.5 0.0 4.0 2.5 4.0 3.5 1.0 1.0 2.5 2.0 0.0 4.0 2.0 3.0 4.0 0.5 4.0 0.0 0.0 0.0 4.0 2.5 1.5 2.5 3.5 0.0 2.0 0.0 3.5 2.0 0.0 0.0 0.0 0.0 0.0 4.0 2.0 0.0 4.0 0.0 3.5 3.5 3.0 0.0 0.0 0.0 1.0
1785427811.19,20,1,15.00,40.793,25.13,250.12,0.1642,0.2454,0.0455,0.2278,0.1730,0.2600,0.0523,0.0782,0.1525,0.0572,0.1667,0.0890,0.0850,0.1197,3.5 2.0 3.5 2.0 3.0 1.5 0.0 3.0 2.0 3.0 1.5 3.0 4.0 3.0 3.5 1.5 2.0 0.5 4.0 3.5 2.0 1.5 2.5 3.0 4.0 4.0 1.0 3.0 4.0 4.0 2.5 0.0 0.0 2.5 0.0 0.0 4.0 3.5 1.0 0.0 4.0 2.5 0.0 2.5 0.5 1.5 3.5 4.0 3.0 1.0 4.0 0.0 0.0 3.0 3.0 2.5 1.0 2.0 1.0 0.0 3.0 3.5 0.0 1.0 1.5 4.0 0.0 4.0 2.0 2.0 1.5 2.0 2.5 0.0 0.0 3.5 0.5 4.0 2.0 1.0 2.5 1.5 0.0 4.0 2.5 4.0 3.5 1.0 1.0 2.5 2.0 0.0 4.0 2.0 3.0 4.0 0.5 4.0 0.0 0.0 0.0 4.0 2.5 1.5 2.5 3.5 0.0 2.0 0.0 3.5 2.0 0.0 0.0 0.0 0.0 0.0 4.0 2.0 0.0 4.0 0.0 3.5 3.5 3.0 0.0 0.0 0.0 1.0
1785427811.29,20,2,15.00,40.793,25.13,250.12,0.1623,0.2532,0.0503,0.2268,0.1637,0.2527,0.0503,0.0733,0.1496,0.0601,0.1701,0.0885,0.0860,0.1227,3.5 2.0 3.5 2.0 3.0 1.5 0.0 3.0 2.0 3.0 1.5 3.0 4.0 3.0 3.5 1.5 2.0 0.5 4.0 3.5 2.0 1.5 2.5 3.0 4.0 4.0 1.0 3.0 4.0 4.0 2.5 0.0 0.0 2.5 0.0 0.0 4.0 3.5 1.0 0.0 4.0 2.5 0.0 2.5 0.5 1.5 3.5 4.0 3.0 1.0 4.0 0.0 0.0 3.0 3.0 2.5 1.0 2.0 1.0 0.0 3.0 3.5 0.0 1.0 1.5 4.0 0.0 4.0 2.0 2.0 1.5 2.0 2.5 0.0 0.0 3.5 0.5 4.0 2.0 1.0 2.5 1.5 0.0 4.0 2.5 4.0 3.5 1.0 1.0 2.5 2.0 0.0 4.0 2.0 3.0 4.0 0.5 4.0 0.0 0.0 0.0 4.0 2.5 1.5 2.5 3.5 0.0 2.0 0.0 3.5 2.0 0.0 0.0 0.0 0.0 0.0 4.0 2.0 0.0 4.0 0.0 3.5 3.5 3.0 0.0 0.0 0.0 1.0
1785427811.97,21,0,15.00,40.933,25.13,250.11,0.1569,0.2419,0.0489,0.2766,0.0670,0.1300,0.0875,0.1183,0.2478,0.0802,0.1926,0.0459,0.2097,0.1075,1.0 4.0 4.0 0.5 0.5 1.0 0.0 2.5 4.0 3.0 0.5 0.0 4.0 1.0 3.5 1.5 3.5 3.5 3.5 0.0 1.0 4.0 2.5 1.5 4.0 2.5 0.0 4.0 3.5 0.0 4.0 2.0 4.0 0.5 0.5 3.0 0.0 3.5 1.0 0.0 1.0 2.5 3.5 3.5 0.5 3.0 2.0 2.5 0.5 2.0 1.0 0.0 1.0 1.5 0.0 3.0 3.0 1.0 2.5 2.0 2.5 2.5 0.0 3.0 3.5 2.5 1.0 4.0 0.0 2.5 1.0 0.5 2.0 2.0 3.5 2.5 2.5 2.0 2.5 2.5 0.0 2.5 2.0 3.5 1.0 2.0 1.5 2.5 4.0 1.0 0.5 3.5 0.0 2.0 1.0 1.0 2.5 1.5 0.0 0.0 0.0 1.0 1.5 3.0 2.0 3.0 4.0 1.5 2.5 3.5 1.5 0.0 0.0 0.0 0.0 0.0 1.0 2.0 0.0 2.5 0.0 2.5 2.0 0.5 0.0 0.0 0.0 0.0
1785427812.07,21,1,15.00,40.933,25.13,250.11,0.1510,0.2390,0.0499,0.2771,0.0704,0.1232,0.0885,0.1168,0.2527,0.0831,0.1940,0.0513,0.2131,0.1090,1.0 4.0 4.0 0.5 0.5 1.0 0.0 2.5 4.0 3.0 0.5 0.0 4.0 1.0 3.5 1.5 3.5 3.5 3.5 0.0 1.0 4.0 2.5 1.5 4.0 2.5 0.0 4.0 3.5 0.0 4.0 2.0 4.0 0.5 0.5 3.0 0.0 3.5 1.0 0.0 1.0 2.5 3.5 3.5 0.5 3.0 2.0 2.5 0.5 2.0 1.0 0.0 1.0 1.5 0.0 3.0 3.0 1.0 2.5 2.0 2.5 2.5 0.0 3.0 3.5 2.5 1.0 4.0 0.0 2.5 1.0 0.5 2.0 2.0 3.5 2.5 2.5 2.0 2.5 2.5 0.0 2.5 2.0 3.5 1.0 2.0 1.5 2.5 4.0 1.0 0.5 3.5 0.0 2.0 1.0 1.0 2.5 1.5 0.0 0.0 0.0 1.0 1.5 3.0 2.0 3.0 4.0 1.5 2.5 3.5 1.5 0.0 0.0 0.0 0.0 0.0 1.0 2.0 0.0 2.5 0.0 2.5 2.0 0.5 0.0 0.0 0.0 0.0
1785427812.17,21,2,15.00,40.933,25.13,250.11,0.1525,0.2405,0.0616,0.2722,0.0640,0.1217,0.0875,0.1168,0.2522,0.0806,0.1896,0.0489,0.2146,0.1124,1.0 4.0 4.0 0.5 0.5 1.0 0.0 2.5 4.0 3.0 0.5 0.0 4.0 1.0 3.5 1.5 3.5 3.5 3.5 0.0 1.0 4.0 2.5 1.5 4.0 2.5 0.0 4.0 3.5 0.0 4.0 2.0 4.0 0.5 0.5 3.0 0.0 3.5 1.0 0.0 1.0 2.5 3.5 3.5 0.5 3.0 2.0 2.5 0.5 2.0 1.0 0.0 1.0 1.5 0.0 3.0 3.0 1.0 2.5 2.0 2.5 2.5 0.0 3.0 3.5 2.5 1.0 4.0 0.0 2.5 1.0 0.5 2.0 2.0 3.5 2.5 2.5 2.0 2.5 2.5 0.0 2.5 2.0 3.5 1.0 2.0 1.5 2.5 4.0 1.0 0.5 3.5 0.0 2.0 1.0 1.0 2.5 1.5 0.0 0.0 0.0 1.0 1.5 3.0 2.0 3.0 4.0 1.5 2.5 3.5 1.5 0.0 0.0 0.0 0.0 0.0 1.0 2.0 0.0 2.5 0.0 2.5 2.0 0.5 0.0 0.0 0.0 0.0
1785427812.84,22,0,15.00,40.793,25.13,250.11,0.1681,0.2551,0.0601,0.3104,0.1652,0.2028,0.0733,0.0797,0.2805,0.0494,0.2195,0.0694,0.2195,0.1012,2.0 1.5 0.0 2.5 0.5 4.0 3.0 3.5 3.0 2.0 1.0 0.5 1.0 1.0 3.0 0.0 4.0 2.5 1.5 1.5 2.5 2.5 3.5 2.0 0.0 1.5 3.5 1.5 1.0 0.0 0.5 4.0 3.5 0.0 4.0 0.0 2.5 0.5 2.5 0.0 0.5 1.0 3.5 4.0 0.5 4.0 1.5 0.0 0.0 2.5 4.0 0.0 1.5 1.0 0.0 3.5 2.0 4.0 3.5 3.0 3.0 1.0 0.0 3.5 2.0 1.0 3.5 0.0 3.0 4.0 3.5 3.0 2.0 0.5 2.5 1.5 1.5 4.0 0.5 4.0 3.0 2.5 0.0 3.5 3.5 0.0 0.0 1.0 2.5 1.5 2.5 2.5 0.0 4.0 2.5 0.5 3.0 2.0 0.0 0.0 0.0 2.0 4.0 3.0 3.0 3.0 3.0 0.5 4.0 4.0 3.0 0.0 0.0 0.0 0.0 0.0 1.0 0.0 0.0 2.5 0.0 3.5 0.0 3.0 0.0 0.0 0.0 4.0
1785427812.94,22,1,15.00,40.793,25.13,250.11,0.1711,0.2586,0.0543,0.3152,0.1584,0.2199,0.0704,0.0806,0.2801,0.0440,0.2400,0.0606,0.2165,0.0909,2.0 1.5 0.0 2.5 0.5 4.0 3.0 3.5 3.0 2.0 1.0 0.5 1.0 1.0 3.0 0.0 4.0 2.5 1.5 1.5 2.5 2.5 3.5 2.0 0.0 1.5 3.5 1.5 1.0 0.0 0.5 4.0 3.5 0.0 4.0 0.0 2.5 0.5 2.5 0.0 0.5 1.0 3.5 4.0 0.5 4.0 1.5 0.0 0.0 2.5 4.0 0.0 1.5 1.0 0.0 3.5 2.0 4.0 3.5 3.0 3.0 1.0 0.0 3.5 2.0 1.0 3.5 0.0 3.0 4.0 3.5 3.0 2.0 0.5 2.5 1.5 1.5 4.0 0.5 4.0 3.0 2.5 0.0 3.5 3.5 0.0 0.0 1.0 2.5 1.5 2.5 2.5 0.0 4.0 2.5 0.5 3.0 2.0 0.0 0.0 0.0 2.0 4.0 3.0 3.0 3.0 3.0 0.5 4.0 4.0 3.0 0.0 0.0 0.0 0.0 0.0 1.0 0.0 0.0 2.5 0.0 3.5 0.0 3.0 0.0 0.0 0.0 4.0
1785427813.04,22,2,15.00,40.793,25.13,250.11,0.1618,0.2561,0.0411,0.3050,0.1657,0.2170,0.0753,0.0709,0.2898,0.0474,0.2268,0.0635,0.2170,0.1129,2.0 1.5 0.0 2.5 0.5 4.0 3.0 3.5 3.0 2.0 1.0 0.5 1.0 1.0 3.0 0.0 4.0 2.5 1.5 1.5 2.5 2.5 3.5 2.0 0.0 1.5 3.5 1.5 1.0 0.0 0.5 4.0 3.5 0.0 4.0 0.0 2.5 0.5 2.5 0.0 0.5 1.0 3.5 4.0 0.5 4.0 1.5 0.0 0.0 2.5 4.0 0.0 1.5 1.0 0.0 3.5 2.0 4.0 3.5 3.0 3.0 1.0 0.0 3.5 2.0 1.0 3.5 0.0 3.0 4.0 3.5 3.0 2.0 0.5 2.5 1.5 1.5 4.0 0.5 4.0 3.0 2.5 0.0 3.5 3.5 0.0 0.0 1.0 2.5 1.5 2.5 2.5 0.0 4.0 2.5 0.5 3.0 2.0 0.0 0.0 0.0 2.0 4.0 3.0 3.0 3.0 3.0 0.5 4.0 4.0 3.0 0.0 0.0 0.0 0.0 0.0 1.0 0.0 0.0 2.5 0.0 3.5 0.0 3.0 0.0 0.0 0.0 4.0
1785427813.72,23,0,15.00,40.813,25.13,250.11,0.1574,0.2586,0.0455,0.2507,0.0337,0.2175,0.0591,0.0464,0.3123,0.0802,0.3314,0.0650,0.2854,0.1031,0.5 2.5 2.0 2.0 4.0 2.5 0.0 0.0 1.0 1.0 3.5 4.0 2.0 0.0 3.0 0.5 3.5 2.5 1.5 3.0 0.0 3.5 0.5 3.5 2.0 3.0 1.0 1.5 4.0 2.5 1.0 3.5 2.0 0.5 4.0 0.0 2.5 2.0 2.5 0.0 1.0 1.0 0.0 4.0 2.0 3.5 1.5 4.0 3.5 2.0 1.5 0.0 0.0 2.5 2.0 2.5 1.0 1.0 2.5 2.0 2.5 1.5 0.0 2.5 1.0 1.5 0.0 3.5 0.0 0.0 1.0 3.0 0.0 4.0 0.5 3.5 0.5 1.0 1.5 3.5 1.0 3.0 0.0 1.0 0.0 1.0 4.0 2.5 1.0 3.0 0.0 0.5 2.5 3.0 2.0 0.0 1.5 3.0 0.0 0.0 0.0 3.0 0.0 4.0 2.5 1.5 4.0 1.5 1.5 2.0 0.0 0.0 0.0 0.0 0.0 0.0 1.0 1.5 0.0 0.5 0.0 3.5 1.5 2.0 0.0 0.0 0.0 3.0
1785427813.82,23,1,15.00,40.813,25.13,250.11,0.1672,0.2512,0.0464,0.2517,0.0445,0.2151,0.0518,0.0464,0.2986,0.0894,0.3265,0.0665,0.2889,0.1061,0.5 2.5 2.0 2.0 4.0 2.5 0.0 0.0 1.0 1.0 3.5 4.0 2.0 0.0 3.0 0.5 3.5 2.5 1.5 3.0 0.0 3.5 0.5 3.5 2.0 3.0 1.0 1.5 4.0 2.5 1.0 3.5 2.0 0.5 4.0 0.0 2.5 2.0 2.5 0.0 1.0 1.0 0.0 4.0 2.0 3.5 1.5 4.0 3.5 2.0 1.5 0.0 0.0 2.5 2.0 2.5 1.0 1.0 2.5 2.0 2.5 1.5 0.0 2.5 1.0 1.5 0.0 3.5 0.0 0.0 1.0 3.0 0.0 4.0 0.5 3.5 0.5 1.0 1.5 3.5 1.0 3.0 0.0 1.0 0.0 1.0 4.0 2.5 1.0 3.0 0.0 0.5 2.5 3.0 2.0 0.0 1.5 3.0 0.0 0.0 0.0 3.0 0.0 4.0 2.5 1.5 4.0 1.5 1.5 2.0 0.0 0.0 0.0 0.0 0.0 0.0 1.0 1.5 0.0 0.5 0.0 3.5 1.5 2.0 0.0 0.0 0.0 3.0
1785427813.92,23,2,15.00,40.813,25.13,250.11,0.1623,0.2512,0.0513,0.2566,0.0445,0.2063,0.0547,0.0567,0.3089,0.0880,0.3211,0.0723,0.2761,0.1124,0.5 2.5 2.0 2.0 4.0 2.5 0.0 0.0 1.0 1.0 3.5 4.0 2.0 0.0 3.0 0.5 3.5 2.5 1.5 3.0 0.0 3.5 0.5 3.5 2.0 3.0 1.0 1.5 4.0 2.5 1.0 3.5 2.0 0.5 4.0 0.0 2.5 2.0 2.5 0.0 1.0 1.0 0.0 4.0 2.0 3.5 1.5 4.0 3.5 2.0 1.5 0.0 0.0 2.5 2.0 2.5 1.0 1.0 2.5 2.0 2.5 1.5 0.0 2.5 1.0 1.5 0.0 3.5 0.0 0.0 1.0 3.0 0.0 4.0 0.5 3.5 0.5 1.0 1.5 3.5 1.0 3.0 0.0 1.0 0.0 1.0 4.0 2.5 1.0 3.0 0.0 0.5 2.5 3.0 2.0 0.0 1.5 3.0 0.0 0.0 0.0 3.0 0.0 4.0 2.5 1.5 4.0 1.5 1.5 2.0 0.0 0.0 0.0 0.0 0.0 0.0 1.0 1.5 0.0 0.5 0.0 3.5 1.5 2.0 0.0 0.0 0.0 3.0
1785427814.60,24,0,15.00,40.853,25.13,250.11,0.1603,0.2605,0.0459,0.1828,0.3216,0.2634,0.0567,0.0738,0.2732,0.0513,0.3177,0.0503,0.3182,0.1310,0.0 0.0 3.0 0.5 4.0 3.5 0.5 1.0 4.0 2.5 1.0 0.0 0.0 2.0 3.5 0.0 1.5 0.5 3.0 2.0 0.5 2.0 3.5 0.5 0.5 2.0 0.5 3.5 2.5 3.0 1.5 1.5 1.0 2.0 2.5 3.5 3.5 1.0 4.0 0.0 0.5 2.5 4.0 2.5 3.5 1.5 3.5 2.5 2.0 2.5 0.0 0.0 0.5 3.0 3.5 3.5 2.0 4.0 1.0 0.0 0.5 3.5 0.0 0.0 1.5 2.0 2.5 2.5 4.0 3.0 1.0 0.0 4.0 3.5 0.0 0.0 0.5 0.0 2.0 2.0 3.0 0.5 4.0 0.0 3.5 2.0 4.0 0.5 1.5 2.0 1.5 0.0 2.5 3.0 3.0 2.5 4.0 0.5 0.0 0.0 0.0 2.5 3.0 4.0 4.0 1.5 0.0 3.0 3.5 4.0 3.0 0.0 0.0 0.0 0.0 0.0 0.0 4.0 0.0 3.0 0.0 4.0 4.0 3.0 0.0 0.0 0.0 4.0
1785427814.70,24,1,15.00,40.853,25.13,250.11,0.1764,0.2605,0.0591,0.1730,0.3250,0.2444,0.0621,0.0699,0.2913,0.0489,0.3226,0.0415,0.3138,0.1251,0.0 0.0 3.0 0.5 4.0 3.5 0.5 1.0 4.0 2.5 1.0 0.0 0.0 2.0 3.5 0.0 1.5 0.5 3.0 2.0 0.5 2.0 3.5 0.5 0.5 2.0 0.5 3.5 2.5 3.0 1.5 1.5 1.0 2.0 2.5 3.5 3.5 1.0 4.0 0.0 0.5 2.5 4.0 2.5 3.5 1.5 3.5 2.5 2.0 2.5 0.0 0.0 0.5 3.0 3.5 3.5 2.0 4.0 1.0 0.0 0.5 3.5 0.0 0.0 1.5 2.0 2.5 2.5 4.0 3.0 1.0 0.0 4.0 3.5 0.0 0.0 0.5 0.0 2.0 2.0 3.0 0.5 4.0 0.0 3.5 2.0 4.0 0.5 1.5 2.0 1.5 0.0 2.5 3.0 3.0 2.5 4.0 0.5 0.0 0.0 0.0 2.5 3.0 4.0 4.0 1.5 0.0 3.0 3.5 4.0 3.0 0.0 0.0 0.0 0.0 0.0 0.0 4.0 0.0 3.0 0.0 4.0 4.0 3.0 0.0 0.0 0.0 4.0
1785427814.80,24,2,15.00,40.853,25.13,250.11,0.1696,0.2556,0.0484,0.1784,0.3280,0.2527,0.0640,0.0860,0.2732,0.0528,0.3021,0.0562,0.3143,0.1471,0.0 0.0 3.0 0.5 4.0 3.5 0.5 1.0 4.0 2.5 1.0 0.0 0.0 2.0 3.5 0.0 1.5 0.5 3.0 2.0 0.5 2.0 3.5 0.5 0.5 2.0 0.5 3.5 2.5 3.0 1.5 1.5 1.0 2.0 2.5 3.5 3.5 1.0 4.0 0.0 0.5 2.5 4.0 2.5 3.5 1.5 3.5 2.5 2.0 2.5 0.0 0.0 0.5 3.0 3.5 3.5 2.0 4.0 1.0 0.0 0.5 3.5 0.0 0.0 1.5 2.0 2.5 2.5 4.0 3.0 1.0 0.0 4.0 3.5 0.0 0.0 0.5 0.0 2.0 2.0 3.0 0.5 4.0 0.0 3.5 2.0 4.0 0.5 1.5 2.0 1.5 0.0 2.5 3.0 3.0 2.5 4.0 0.5 0.0 0.0 0.0 2.5 3.0 4.0 4.0 1.5 0.0 3.0 3.5 4.0 3.0 0.0 0.0 0.0 0.0 0.0 0.0 4.0 0.0 3.0 0.0 4.0 4.0 3.0 0.0 0.0 0.0 4.0
1785427815.48,25,0,15.00,40.813,25.13,250.11,0.1618,0.2556,0.0381,0.1026,0.1681,0.3280,0.2493,0.0890,0.2903,0.1525,0.2854,0.0518,0.2429,0.0997,2.0 3.5 3.5 1.0 2.5 1.5 1.0 2.0 3.5 4.0 0.5 1.0 1.0 2.5 3.0 3.0 3.0 0.5 1.5 3.5 0.0 2.0 3.5 4.0 0.5 4.0 0.5 4.0 0.5 0.5 1.0 3.5 2.0 3.5 0.0 4.0 3.0 2.5 1.5 0.0 1.5 1.5 2.5 3.0 0.5 3.5 4.0 3.0 3.0 3.5 1.5 0.0 1.5 4.0 0.5 3.0 3.5 1.0 1.5 4.0 0.5 1.0 0.0 3.0 1.0 3.0 0.0 1.5 3.0 4.0 0.0 2.0 0.0 0.5 2.5 2.0 4.0 3.5 0.0 3.5 3.0 1.0 1.0 3.5 3.5 0.0 0.0 0.0 0.5 4.0 4.0 3.5 2.5 1.5 0.5 2.5 0.0 4.0 0.0 0.0 0.0 1.5 2.0 1.5 4.0 2.0 3.5 3.0 3.5 0.5 1.5 0.0 0.0 0.0 0.0 0.0 1.0 0.0 0.0 0.0 0.0 1.5 4.0 3.0 0.0 0.0 0.0 1.5
1785427815.57,25,1,15.00,40.813,25.13,250.11,0.1603,0.2468,0.0508,0.0987,0.1652,0.3270,0.2502,0.0826,0.2771,0.1623,0.2937,0.0587,0.2507,0.0929,2.0 3.5 3.5 1.0 2.5 1.5 1.0 2.0 3.5 4.0 0.5 1.0 1.0 2.5 3.0 3.0 3.0 0.5 1.5 3.5 0.0 2.0 3.5 4.0 0.5 4.0 0.5 4.0 0.5 0.5 1.0 3.5 2.0 3.5 0.0 4.0 3.0 2.5 1.5 0.0 1.5 1.5 2.5 3.0 0.5 3.5 4.0 3.0 3.0 3.5 1.5 0.0 1.5 4.0 0.5 3.0 3.5 1.0 1.5 4.0 0.5 1.0 0.0 3.0 1.0 3.0 0.0 1.5 3.0 4.0 0.0 2.0 0.0 0.5 2.5 2.0 4.0 3.5 0.0 3.5 3.0 1.0 1.0 3.5 3.5 0.0 0.0 0.0 0.5 4.0 4.0 3.5 2.5 1.5 0.5 2.5 0.0 4.0 0.0 0.0 0.0 1.5 2.0 1.5 4.0 2.0 3.5 3.0 3.5 0.5 1.5 0.0 0.0 0.0 0.0 0.0 1.0 0.0 0.0 0.0 0.0 1.5 4.0 3.0 0.0 0.0 0.0 1.5
1785427815.67,25,2,15.00,40.813,25.13,250.11,0.1569,0.2507,0.0479,0.1056,0.1784,0.3138,0.2434,0.0865,0.2889,0.1584,0.2918,0.0591,0.2385,0.0914,2.0 3.5 3.5 1.0 2.5 1.5 1.0 2.0 3.5 4.0 0.5 1.0 1.0 2.5 3.0 3.0 3.0 0.5 1.5 3.5 0.0 2.0 3.5 4.0 0.5 4.0 0.5 4.0 0.5 0.5 1.0 3.5 2.0 3.5 0.0 4.0 3.0 2.5 1.5 0.0 1.5 1.5 2.5 3.0 0.5 3.5 4.0 3.0 3.0 3.5 1.5 0.0 1.5 4.0 0.5 3.0 3.5 1.0 1.5 4.0 0.5 1.0 0.0 3.0 1.0 3.0 0.0 1.5 3.0 4.0 0.0 2.0 0.0 0.5 2.5 2.0 4.0 3.5 0.0 3.5 3.0 1.0 1.0 3.5 3.5 0.0 0.0 0.0 0.5 4.0 4.0 3.5 2.5 1.5 0.5 2.5 0.0 4.0 0.0 0.0 0.0 1.5 2.0 1.5 4.0 2.0 3.5 3.0 3.5 0.5 1.5 0.0 0.0 0.0 0.0 0.0 1.0 0.0 0.0 0.0 0.0 1.5 4.0 3.0 0.0 0.0 0.0 1.5
1785427816.35,26,0,15.00,40.813,25.13,250.10,0.1613,0.2600,0.0469,0.3196,0.2141,0.1500,0.2243,0.1256,0.2366,0.2072,0.2879,0.0767,0.0963,0.1061,3.5 3.0 0.0 1.0 2.5 0.5 1.5 0.5 0.5 0.0 1.5 3.0 2.5 4.0 0.5 0.0 0.0 0.5 2.0 3.5 2.5 2.5 1.0 4.0 4.0 1.5 2.5 1.5 1.0 1.0 4.0 3.5 3.5 0.5 1.5 1.5 4.0 2.5 3.5 0.0 4.0 0.0 3.5 2.5 0.0 4.0 3.5 3.0 3.5 1.5 2.0 0.0 3.5 2.0 4.0 1.5 1.0 0.0 4.0 1.0 0.5 4.0 0.0 1.5 2.5 4.0 0.0 4.0 2.0 2.0 2.5 2.5 3.5 4.0 2.5 0.0 0.5 2.5 4.0 0.5 1.0 0.5 3.0 3.5 3.0 4.0 4.0 2.5 3.0 0.5 1.5 0.5 0.0 2.0 2.5 3.0 0.0 1.0 0.0 0.0 0.0 0.0 1.5 0.0 4.0 2.5 0.5 3.5 2.5 0.0 3.0 0.0 0.0 0.0 0.0 0.0 1.0 0.5 0.0 1.5 0.0 0.0 4.0 0.0 0.0 0.0 0.0 2.5
1785427816.45,26,1,15.00,40.813,25.13,250.10,0.1603,0.2522,0.0435,0.3128,0.2019,0.1569,0.2151,0.1398,0.2390,0.2097,0.2752,0.0816,0.0968,0.1129,3.5 3.0 0.0 1.0 2.5 0.5 1.5 0.5 0.5 0.0 1.5 3.0 2.5 4.0 0.5 0.0 0.0 0.5 2.0 3.5 2.5 2.5 1.0 4.0 4.0 1.5 2.5 1.5 1.0 1.0 4.0 3.5 3.5 0.5 1.5 1.5 4.0 2.5 3.5 0.0 4.0 0.0 3.5 2.5 0.0 4.0 3.5 3.0 3.5 1.5 2.0 0.0 3.5 2.0 4.0 1.5 1.0 0.0 4.0 1.0 0.5 4.0 0.0 1.5 2.5 4.0 0.0 4.0 2.0 2.0 2.5 2.5 3.5 4.0 2.5 0.0 0.5 2.5 4.0 0.5 1.0 0.5 3.0 3.5 3.0 4.0 4.0 2.5 3.0 0.5 1.5 0.5 0.0 2.0 2.5 3.0 0.0 1.0 0.0 0.0 0.0 0.0 1.5 0.0 4.0 2.5 0.5 3.5 2.5 0.0 3.0 0.0 0.0 0.0 0.0 0.0 1.0 0.5 0.0 1.5 0.0 0.0 4.0 0.0 0.0 0.0 0.0 2.5
1785427816.55,26,2,15.00,40.813,25.13,250.10,0.1642,0.2551,0.0459,0.3138,0.2107,0.1510,0.2229,0.1212,0.2473,0.2009,0.2781,0.0645,0.1100,0.1105,3.5 3.0 0.0 1.0 2.5 0.5 1.5 0.5 0.5 0.0 1.5 3.0 2.5 4.0 0.5 0.0 0.0 0.5 2.0 3.5 2.5 2.5 1.0 4.0 4.0 1.5 2.5 1.5 1.0 1.0 4.0 3.5 3.5 0.5 1.5 1.5 4.0 2.5 3.5 0.0 4.0 0.0 3.5 2.5 0.0 4.0 3.5 3.0 3.5 1.5 2.0 0.0 3.5 2.0 4.0 1.5 1.0 0.0 4.0 1.0 0.5 4.0 0.0 1.5 2.5 4.0 0.0 4.0 2.0 2.0 2.5 2.5 3.5 4.0 2.5 0.0 0.5 2.5 4.0 0.5 1.0 0.5 3.0 3.5 3.0 4.0 4.0 2.5 3.0 0.5 1.5 0.5 0.0 2.0 2.5 3.0 0.0 1.0 0.0 0.0 0.0 0.0 1.5 0.0 4.0 2.5 0.5 3.5 2.5 0.0 3.0 0.0 0.0 0.0 0.0 0.0 1.0 0.5 0.0 1.5 0.0 0.0 4.0 0.0 0.0 0.0 0.0 2.5
1785427817.23,27,0,15.00,40.873,25.13,250.10,0.1662,0.2566,0.0445,0.2429,0.0406,0.2502,0.0469,0.0655,0.0445,0.1026,0.1109,0.0533,0.0762,0.1300,3.0 1.5 2.0 4.0 3.0 3.0 2.5 3.0 1.0 3.0 0.5 2.0 2.0 2.0 2.5 4.0 3.0 2.5 1.5 1.5 3.5 0.0 3.5 0.5 2.0 4.0 4.0 4.0 2.5 0.0 2.0 0.0 0.5 3.0 4.0 0.5 3.0 2.5 2.5 0.0 0.5 4.0 1.5 2.0 1.0 3.5 1.0 1.0 3.0 4.0 1.0 0.0 1.5 4.0 0.0 0.5 2.0 4.0 0.0 0.5 0.0 1.0 0.0 0.5 4.0 2.0 0.0 0.0 3.5 3.0 0.5 4.0 2.0 3.5 4.0 2.0 0.5 4.0 1.5 2.0 2.0 1.5 2.5 2.5 1.5 1.0 1.0 0.0 4.0 2.5 0.0 0.0 4.0 4.0 0.5 4.0 1.0 4.0 0.0 0.0 0.0 3.0 1.0 3.0 4.0 2.0 3.0 0.0 4.0 1.0 1.5 0.0 0.0 0.0 0.0 0.0 0.5 4.0 0.0 4.0 0.0 0.5 2.0 0.0 0.0 0.0 0.0 3.0
1785427817.33,27,1,15.00,40.873,25.13,250.10,0.1647,0.2439,0.0455,0.2292,0.0469,0.2439,0.0587,0.0596,0.0464,0.0943,0.1276,0.0494,0.0758,0.1241,3.0 1.5 2.0 4.0 3.0 3.0 2.5 3.0 1.0 3.0 0.5 2.0 2.0 2.0 2.5 4.0 3.0 2.5 1.5 1.5 3.5 0.0 3.5 0.5 2.0 4.0 4.0 4.0 2.5 0.0 2.0 0.0 0.5 3.0 4.0 0.5 3.0 2.5 2.5 0.0 0.5 4.0 1.5 2.0 1.0 3.5 1.0 1.0 3.0 4.0 1.0 0.0 1.5 4.0 0.0 0.5 2.0 4.0 0.0 0.5 0.0 1.0 0.0 0.5 4.0 2.0 0.0 0.0 3.5 3.0 0.5 4.0 2.0 3.5 4.0 2.0 0.5 4.0 1.5 2.0 2.0 1.5 2.5 2.5 1.5 1.0 1.0 0.0 4.0 2.5 0.0 0.0 4.0 4.0 0.5 4.0 1.0 4.0 0.0 0.0 0.0 3.0 1.0 3.0 4.0 2.0 3.0 0.0 4.0 1.0 1.5 0.0 0.0 0.0 0.0 0.0 0.5 4.0 0.0 4.0 0.0 0.5 2.0 0.0 0.0 0.0 0.0 3.0
1785427817.43,27,2,15.00,40.873,25.13,250.10,0.1525,0.2546,0.0420,0.2478,0.0455,0.2429,0.0430,0.0513,0.0425,0.1065,0.1193,0.0567,0.0679,0.1373,3.0 1.5 2.0 4.0 3.0 3.0 2.5 3.0 1.0 3.0 0.5 2.0 2.0 2.0 2.5 4.0 3.0 2.5 1.5 1.5 3.5 0.0 3.5 0.5 2.0 4.0 4.0 4.0 2.5 0.0 2.0 0.0 0.5 3.0 4.0 0.5 3.0 2.5 2.5 0.0 0.5 4.0 1.5 2.0 1.0 3.5 1.0 1.0 3.0 4.0 1.0 0.0 1.5 4.0 0.0 0.5 2.0 4.0 0.0 0.5 0.0 1.0 0.0 0.5 4.0 2.0 0.0 0.0 3.5 3.0 0.5 4.0 2.0 3.5 4.0 2.0 0.5 4.0 1.5 2.0 2.0 1.5 2.5 2.5 1.5 1.0 1.0 0.0 4.0 2.5 0.0 0.0 4.0 4.0 0.5 4.0 1.0 4.0 0.0 0.0 0.0 3.0 1.0 3.0 4.0 2.0 3.0 0.0 4.0 1.0 1.5 0.0 0.0 0.0 0.0 0.0 0.5 4.0 0.0 4.0 0.0 0.5 2.0 0.0 0.0 0.0 0.0 3.0
1785427818.11,28,0,15.00,40.853,25.13,250.10,0.1628,0.2498,0.0469,0.2390,0.0797,0.2243,0.0533,0.1212,0.3451,0.2937,0.3612,0.0450,0.3138,0.1261,3.5 4.0 2.5 1.5 4.0 4.0 4.0 3.0 2.0 2.5 1.5 2.0 1.5 1.5 0.0 1.0 0.0 1.0 2.0 2.0 0.5 1.5 1.5 1.0 3.0 0.0 0.0 4.0 2.5 2.5 2.0 1.5 1.0 3.5 1.5 2.0 4.0 3.5 1.0 0.0 0.5 4.0 0.5 2.0 1.0 3.5 3.5 3.0 3.0 2.0 1.0 0.0 0.0 4.0 2.0 3.5 1.5 1.5 1.0 2.5 1.5 4.0 0.0 1.5 3.0 1.0 0.5 2.0 2.5 3.0 4.0 2.5 2.0 2.0 2.0 0.0 3.0 4.0 2.0 1.5 2.5 2.0 0.0 2.5 3.0 1.0 4.0 1.5 3.5 3.0 3.5 2.5 2.0 2.5 3.0 3.5 2.0 3.0 0.0 0.0 0.0 0.5 1.0 0.0 2.0 1.5 3.5 3.5 1.0 2.0 3.5 0.0 0.0 0.0 0.0 0.0 0.0 2.5 0.0 0.0 0.0 0.0 2.0 4.0 0.0 0.0 0.0 1.0
1785427818.20,28,1,15.00,40.853,25.13,250.10,0.1574,0.2458,0.0459,0.2361,0.0777,0.2414,0.0513,0.1212,0.3333,0.2991,0.3617,0.0499,0.3118,0.1256,3.5 4.0 2.5 1.5 4.0 4.0 4.0 3.0 2.0 2.5 1.5 2.0 1.5 1.5 0.0 1.0 0.0 1.0 2.0 2.0 0.5 1.5 1.5 1.0 3.0 0.0 0.0 4.0 2.5 2.5 2.0 1.5 1.0 3.5 1.5 2.0 4.0 3.5 1.0 0.0 0.5 4.0 0.5 2.0 1.0 3.5 3.5 3.0 3.0 2.0 1.0 0.0 0.0 4.0 2.0 3.5 1.5 1.5 1.0 2.5 1.5 4.0 0.0 1.5 3.0 1.0 0.5 2.0 2.5 3.0 4.0 2.5 2.0 2.0 2.0 0.0 3.0 4.0 2.0 1.5 2.5 2.0 0.0 2.5 3.0 1.0 4.0 1.5 3.5 3.0 3.5 2.5 2.0 2.5 3.0 3.5 2.0 3.0 0.0 0.0 0.0 0.5 1.0 0.0 2.0 1.5 3.5 3.5 1.0 2.0 3.5 0.0 0.0 0.0 0.0 0.0 0.0 2.5 0.0 0.0 0.0 0.0 2.0 4.0 0.0 0.0 0.0 1.0
1785427818.30,28,2,15.00,40.853,25.13,250.10,0.1686,0.2444,0.0577,0.2356,0.0836,0.2341,0.0479,0.1222,0.3333,0.2918,0.3661,0.0499,0.3123,0.1227,3.5 4.0 2.5 1.5 4.0 4.0 4.0 3.0 2.0 2.5 1.5 2.0 1.5 1.5 0.0 1.0 0.0 1.0 2.0 2.0 0.5 1.5 1.5 1.0 3.0 0.0 0.0 4.0 2.5 2.5 2.0 1.5 1.0 3.5 1.5 2.0 4.0 3.5 1.0 0.0 0.5 4.0 0.5 2.0 1.0 3.5 3.5 3.0 3.0 2.0 1.0 0.0 0.0 4.0 2.0 3.5 1.5 1.5 1.0 2.5 1.5 4.0 0.0 1.5 3.0 1.0 0.5 2.0 2.5 3.0 4.0 2.5 2.0 2.0 2.0 0.0 3.0 4.0 2.0 1.5 2.5 2.0 0.0 2.5 3.0 1.0 4.0 1.5 3.5 3.0 3.5 2.5 2.0 2.5 3.0 3.5 2.0 3.0 0.0 0.0 0.0 0.5 1.0 0.0 2.0 1.5 3.5 3.5 1.0 2.0 3.5 0.0 0.0 0.0 0.0 0.0 0.0 2.5 0.0 0.0 0.0 0.0 2.0 4.0 0.0 0.0 0.0 1.0
1785427818.98,29,0,15.00,40.873,25.13,250.10,0.1681,0.2654,0.0455,0.2410,0.0973,0.2527,0.0762,0.0934,0.3299,0.0557,0.2869,0.0528,0.3118,0.1056,2.5 2.5 3.0 1.0 2.5 1.5 1.5 0.5 1.0 1.5 0.0 2.5 2.0 2.0 1.0 0.0 0.0 3.5 0.5 3.0 3.5 0.5 4.0 0.0 0.5 0.5 0.5 1.5 0.5 1.0 1.5 1.0 0.0 2.5 2.5 0.5 0.5 0.5 2.0 0.0 4.0 1.5 0.5 0.0 1.0 2.5 4.0 0.0 3.5 2.0 2.0 0.0 1.5 4.0 1.5 1.0 1.5 2.5 1.0 0.5 3.5 2.0 0.0 2.0 1.0 4.0 3.0 4.0 0.5 0.0 3.5 3.5 4.0 1.0 3.0 0.0 3.5 4.0 1.0 1.5 0.0 2.0 4.0 2.0 2.5 4.0 0.0 1.5 3.0 2.5 1.0 2.0 4.0 3.5 4.0 0.0 2.5 4.0 0.0 0.0 0.0 4.0 2.5 1.5 0.0 1.0 3.0 3.0 1.0 2.5 3.0 0.0 0.0 0.0 0.0 0.0 0.0 1.0 0.0 1.5 0.0 4.0 0.0 0.0 0.0 0.0 0.0 1.0
1785427819.08,29,1,15.00,40.873,25.13,250.10,0.1706,0.2678,0.0479,0.2458,0.1002,0.2537,0.0718,0.0885,0.3245,0.0640,0.2893,0.0533,0.3113,0.1036,2.5 2.5 3.0 1.0 2.5 1.5 1.5 0.5 1.0 1.5 0.0 2.5 2.0 2.0 1.0 0.0 0.0 3.5 0.5 3.0 3.5 0.5 4.0 0.0 0.5 0.5 0.5 1.5 0.5 1.0 1.5 1.0 0.0 2.5 2.5 0.5 0.5 0.5 2.0 0.0 4.0 1.5 0.5 0.0 1.0 2.5 4.0 0.0 3.5 2.0 2.0 0.0 1.5 4.0 1.5 1.0 1.5 2.5 1.0 0.5 3.5 2.0 0.0 2.0 1.0 4.0 3.0 4.0 0.5 0.0 3.5 3.5 4.0 1.0 3.0 0.0 3.5 4.0 1.0 1.5 0.0 2.0 4.0 2.0 2.5 4.0 0.0 1.5 3.0 2.5 1.0 2.0 4.0 3.5 4.0 0.0 2.5 4.0 0.0 0.0 0.0 4.0 2.5 1.5 0.0 1.0 3.0 3.0 1.0 2.5 3.0 0.0 0.0 0.0 0.0 0.0 0.0 1.0 0.0 1.5 0.0 4.0 0.0 0.0 0.0 0.0 0.0 1.0
1785427819.18,29,2,15.00,40.873,25.13,250.10,0.1676,0.2634,0.0464,0.2449,0.1065,0.2576,0.0718,0.0875,0.3304,0.0567,0.2869,0.0508,0.3079,0.1022,2.5 2.5 3.0 1.0 2.5 1.5 1.5 0.5 1.0 1.5 0.0 2.5 2.0 2.0 1.0 0.0 0.0 3.5 0.5 3.0 3.5 0.5 4.0 0.0 0.5 0.5 0.5 1.5 0.5 1.0 1.5 1.0 0.0 2.5 2.5 0.5 0.5 0.5 2.0 0.0 4.0 1.5 0.5 0.0 1.0 2.5 4.0 0.0 3.5 2.0 2.0 0.0 1.5 4.0 1.5 1.0 1.5 2.5 1.0 0.5 3.5 2.0 0.0 2.0 1.0 4.0 3.0 4.0 0.5 0.0 3.5 3.5 4.0 1.0 3.0 0.0 3.5 4.0 1.0 1.5 0.0 2.0 4.0 2.0 2.5 4.0 0.0 1.5 3.0 2.5 1.0 2.0 4.0 3.5 4.0 0.0 2.5 4.0 0.0 0.0 0.0 4.0 2.5 1.5 0.0 1.0 3.0 3.0 1.0 2.5 3.0 0.0 0.0 0.0 0.0 0.0 0.0 1.0 0.0 1.5 0.0 4.0 0.0 0.0 0.0 0.0 0.0 1.0
1785427819.86,30,0,15.00,40.833,25.13,250.10,0.1628,0.2634,0.0474,0.2957,0.2933,0.2449,0.2283,0.3441,0.2586,0.1085,0.2087,0.1036,0.2933,0.1070,4.0 2.0 0.5 1.5 2.5 2.0 0.5 0.0 3.0 4.0 3.0 0.5 0.0 0.0 3.0 2.5 2.0 3.0 2.0 1.0 0.0 4.0 2.5 0.5 3.0 0.5 4.0 3.5 0.5 2.0 0.0 2.5 3.5 3.0 1.5 2.0 2.5 4.0 0.0 0.0 1.0 0.0 2.0 0.0 0.5 2.0 1.0 1.5 2.5 3.0 2.5 0.0 3.5 1.5 2.5 0.0 4.0 2.0 0.5 1.0 0.0 4.0 0.0 2.5 2.5 1.5 3.5 1.5 3.0 3.0 0.0 1.0 2.0 2.0 4.0 4.0 2.0 1.0 0.5 2.5 3.0 2.5 3.5 4.0 3.0 3.5 2.5 3.5 3.5 2.5 1.5 2.5 1.5 0.0 4.0 2.0 0.0 0.5 0.0 0.0 0.0 4.0 3.5 0.5 1.5 1.5 3.5 3.5 1.0 0.5 4.0 0.0 0.0 0.0 0.0 0.0 1.5 0.0 0.0 2.5 0.0 3.5 1.0 3.0 0.0 0.0 0.0 3.5
1785427819.96,30,1,15.00,40.833,25.13,250.10,0.1618,0.2517,0.0479,0.3021,0.2874,0.2322,0.2307,0.3475,0.2688,0.0997,0.1979,0.1056,0.3113,0.1149,4.0 2.0 0.5 1.5 2.5 2.0 0.5 0.0 3.0 4.0 3.0 0.5 0.0 0.0 3.0 2.5 2.0 3.0 2.0 1.0 0.0 4.0 2.5 0.5 3.0 0.5 4.0 3.5 0.5 2.0 0.0 2.5 3.5 3.0 1.5 2.0 2.5 4.0 0.0 0.0 1.0 0.0 2.0 0.0 0.5 2.0 1.0 1.5 2.5 3.0 2.5 0.0 3.5 1.5 2.5 0.0 4.0 2.0 0.5 1.0 0.0 4.0 0.0 2.5 2.5 1.5 3.5 1.5 3.0 3.0 0.0 1.0 2.0 2.0 4.0 4.0 2.0 1.0 0.5 2.5 3.0 2.5 3.5 4.0 3.0 3.5 2.5 3.5 3.5 2.5 1.5 2.5 1.5 0.0 4.0 2.0 0.0 0.5 0.0 0.0 0.0 4.0 3.5 0.5 1.5 1.5 3.5 3.5 1.0 0.5 4.0 0.0 0.0 0.0 0.0 0.0 1.5 0.0 0.0 2.5 0.0 3.5 1.0 3.0 0.0 0.0 0.0 3.5
1785427820.06,30,2,15.00,40.833,25.13,250.10,0.1642,0.2410,0.0479,0.2962,0.2918,0.2463,0.2322,0.3460,0.2581,0.1046,0.2023,0.1026,0.3201,0.0958,4.0 2.0 0.5 1.5 2.5 2.0 0.5 0.0 3.0 4.0 3.0 0.5 0.0 0.0 3.0 2.5 2.0 3.0 2.0 1.0 0.0 4.0 2.5 0.5 3.0 0.5 4.0 3.5 0.5 2.0 0.0 2.5 3.5 3.0 1.5 2.0 2.5 4.0 0.0 0.0 1.0 0.0 2.0 0.0 0.5 2.0 1.0 1.5 2.5 3.0 2.5 0.0 3.5 1.5 2.5 0.0 4.0 2.0 0.5 1.0 0.0 4.0 0.0 2.5 2.5 1.5 3.5 1.5 3.0 3.0 0.0 1.0 2.0 2.0 4.0 4.0 2.0 1.0 0.5 2.5 3.0 2.5 3.5 4.0 3.0 3.5 2.5 3.5 3.5 2.5 1.5 2.5 1.5 0.0 4.0 2.0 0.0 0.5 0.0 0.0 0.0 4.0 3.5 0.5 1.5 1.5 3.5 3.5 1.0 0.5 4.0 0.0 0.0 0.0 0.0 0.0 1.5 0.0 0.0 2.5 0.0 3.5 1.0 3.0 0.0 0.0 0.0 3.5
1785427820.74,31,0,15.00,40.813,25.13,250.10,0.1720,0.2576,0.0445,0.3529,0.3084,0.1901,0.1828,0.0523,0.1119,0.0704,0.1285,0.0396,0.1207,0.1256,3.0 1.0 3.0 2.5 0.5 1.5 4.0 0.0 2.0 1.0 0.5 3.5 1.0 1.0 2.0 1.5 0.0 3.5 3.0 4.0 2.5 2.5 4.0 0.0 3.5 1.0 3.0 3.5 0.5 1.5 1.5 4.0 4.0 1.5 0.0 4.0 3.0 2.5 2.0 0.0 1.0 3.0 2.0 3.5 3.5 3.0 1.0 4.0 1.0 4.0 1.5 0.0 2.0 1.5 2.5 4.0 0.0 2.5 0.5 2.5 3.0 4.0 0.0 2.0 1.5 3.5 3.0 4.0 0.5 2.5 3.5 2.5 1.0 3.0 2.0 2.0 0.0 1.5 0.5 3.0 3.5 3.5 3.0 0.5 0.0 3.0 3.0 2.0 2.5 1.5 4.0 1.5 4.0 2.0 1.5 2.0 0.5 1.5 0.0 0.0 0.0 1.5 1.5 1.5 2.5 2.0 3.5 1.0 3.5 1.0 0.0 0.0 0.0 0.0 0.0 0.0 0.0 3.0 0.0 3.0 0.0 3.5 1.0 0.5 0.0 0.0 0.0 3.0
1785427820.84,31,1,15.00,40.813,25.13,250.10,0.1632,0.2639,0.0406,0.3475,0.3016,0.1852,0.1887,0.0464,0.1153,0.0723,0.1427,0.0455,0.1158,0.1246,3.0 1.0 3.0 2.5 0.5 1.5 4.0 0.0 2.0 1.0 0.5 3.5 1.0 1.0 2.0 1.5 0.0 3.5 3.0 4.0 2.5 2.5 4.0 0.0 3.5 1.0 3.0 3.5 0.5 1.5 1.5 4.0 4.0 1.5 0.0 4.0 3.0 2.5 2.0 0.0 1.0 3.0 2.0 3.5 3.5 3.0 1.0 4.0 1.0 4.0 1.5 0.0 2.0 1.5 2.5 4.0 0.0 2.5 0.5 2.5 3.0 4.0 0.0 2.0 1.5 3.5 3.0 4.0 0.5 2.5 3.5 2.5 1.0 3.0 2.0 2.0 0.0 1.5 0.5 3.0 3.5 3.5 3.0 0.5 0.0 3.0 3.0 2.0 2.5 1.5 4.0 1.5 4.0 2.0 1.5 2.0 0.5 1.5 0.0 0.0 0.0 1.5 1.5 1.5 2.5 2.0 3.5 1.0 3.5 1.0 0.0 0.0 0.0 0.0 0.0 0.0 0.0 3.0 0.0 3.0 0.0 3.5 1.0 0.5 0.0 0.0 0.0 3.0
1785427820.93,31,2,15.00,40.813,25.13,250.10,0.1676,0.2576,0.0406,0.3470,0.3099,0.1970,0.1848,0.0513,0.1109,0.0714,0.1261,0.0367,0.1193,0.1261,3.0 1.0 3.0 2.5 0.5 1.5 4.0 0.0 2.0 1.0 0.5 3.5 1.0 1.0 2.0 1.5 0.0 3.5 3.0 4.0 2.5 2.5 4.0 0.0 3.5 1.0 3.0 3.5 0.5 1.5 1.5 4.0 4.0 1.5 0.0 4.0 3.0 2.5 2.0 0.0 1.0 3.0 2.0 3.5 3.5 3.0 1.0 4.0 1.0 4.0 1.5 0.0 2.0 1.5 2.5 4.0 0.0 2.5 0.5 2.5 3.0 4.0 0.0 2.0 1.5 3.5 3.0 4.0 0.5 2.5 3.5 2.5 1.0 3.0 2.0 2.0 0.0 1.5 0.5 3.0 3.5 3.5 3.0 0.5 0.0 3.0 3.0 2.0 2.5 1.5 4.0 1.5 4.0 2.0 1.5 2.0 0.5 1.5 0.0 0.0 0.0 1.5 1.5 1.5 2.5 2.0 3.5 1.0 3.5 1.0 0.0 0.0 0.0 0.0 0.0 0.0 0.0 3.0 0.0 3.0 0.0 3.5 1.0 0.5 0.0 0.0 0.0 3.0
1785427821.61,32,0,15.00,40.833,25.12,250.10,0.1408,0.2302,0.0332,0.0836,0.1500,0.2742,0.0875,0.1246,0.2478,0.1848,0.2063,0.0342,0.2615,0.1002,1.5 1.0 1.5 3.5 0.0 1.0 3.5 0.5 0.0 3.5 3.0 1.0 2.0 0.5 3.0 2.5 3.5 0.0 1.5 2.5 0.0 0.0 4.0 1.5 4.0 1.5 4.0 0.0 3.0 0.0 0.0 2.5 1.5 0.0 4.0 3.0 1.0 1.5 0.0 0.0 1.0 1.5 4.0 4.0 0.0 2.0 2.5 1.0 0.0 3.0 1.5 0.0 0.5 1.0 2.0 0.0 2.0 3.5 2.0 2.5 2.5 0.0 0.0 0.0 4.0 1.0 0.0 1.5 2.0 1.5 0.0 2.5 1.5 3.5 2.0 4.0 3.5 1.0 3.0 1.0 1.5 2.0 0.5 3.0 0.0 1.5 1.0 1.0 0.0 0.0 0.5 1.5 2.5 0.5 0.5 4.0 1.5 0.0 0.0 0.0 0.0 0.0 3.5 4.0 3.5 3.5 2.0 0.0 0.0 3.0 3.5 0.0 0.0 0.0 0.0 0.0 2.0 3.0 0.0 3.5 0.0 3.5 0.5 0.5 0.0 0.0 0.0 0.5
1785427821.71,32,1,15.00,40.833,25.12,250.10,0.1364,0.2419,0.0371,0.0841,0.1383,0.2737,0.0943,0.1139,0.2488,0.1740,0.2107,0.0337,0.2644,0.1061,1.5 1.0 1.5 3.5 0.0 1.0 3.5 0.5 0.0 3.5 3.0 1.0 2.0 0.5 3.0 2.5 3.5 0.0 1.5 2.5 0.0 0.0 4.0 1.5 4.0 1.5 4.0 0.0 3.0 0.0 0.0 2.5 1.5 0.0 4.0 3.0 1.0 1.5 0.0 0.0 1.0 1.5 4.0 4.0 0.0 2.0 2.5 1.0 0.0 3.0 1.5 0.0 0.5 1.0 2.0 0.0 2.0 3.5 2.0 2.5 2.5 0.0 0.0 0.0 4.0 1.0 0.0 1.5 2.0 1.5 0.0 2.5 1.5 3.5 2.0 4.0 3.5 1.0 3.0 1.0 1.5 2.0 0.5 3.0 0.0 1.5 1.0 1.0 0.0 0.0 0.5 1.5 2.5 0.5 0.5 4.0 1.5 0.0 0.0 0.0 0.0 0.0 3.5 4.0 3.5 3.5 2.0 0.0 0.0 3.0 3.5 0.0 0.0 0.0 0.0 0.0 2.0 3.0 0.0 3.5 0.0 3.5 0.5 0.5 0.0 0.0 0.0 0.5
1785427821.81,32,2,15.00,40.833,25.12,250.10,0.1413,0.2326,0.0347,0.0797,0.1422,0.2722,0.0909,0.1222,0.2517,0.1760,0.2033,0.0318,0.2576,0.1026,1.5 1.0 1.5 3.5 0.0 1.0 3.5 0.5 0.0 3.5 3.0 1.0 2.0 0.5 3.0 2.5 3.5 0.0 1.5 2.5 0.0 0.0 4.0 1.5 4.0 1.5 4.0 0.0 3.0 0.0 0.0 2.5 1.5 0.0 4.0 3.0 1.0 1.5 0.0 0.0 1.0 1.5 4.0 4.0 0.0 2.0 2.5 1.0 0.0 3.0 1.5 0.0 0.5 1.0 2.0 0.0 2.0 3.5 2.0 2.5 2.5 0.0 0.0 0.0 4.0 1.0 0.0 1.5 2.0 1.5 0.0 2.5 1.5 3.5 2.0 4.0 3.5 1.0 3.0 1.0 1.5 2.0 0.5 3.0 0.0 1.5 1.0 1.0 0.0 0.0 0.5 1.5 2.5 0.5 0.5 4.0 1.5 0.0 0.0 0.0 0.0 0.0 3.5 4.0 3.5 3.5 2.0 0.0 0.0 3.0 3.5 0.0 0.0 0.0 0.0 0.0 2.0 3.0 0.0 3.5 0.0 3.5 0.5 0.5 0.0 0.0 0.0 0.5
1785427822.49,33,0,15.00,40.893,25.12,250.10,0.1628,0.2586,0.0411,0.1848,0.1119,0.2717,0.0611,0.0499,0.0894,0.0484,0.0640,0.0479,0.0934,0.1359,1.5 4.0 3.0 0.5 4.0 1.5 3.0 0.5 3.0 1.0 2.0 1.0 3.5 2.5 2.5 2.0 0.0 4.0 4.0 3.5 2.5 3.0 0.5 1.0 1.0 1.0 1.5 2.0 0.0 1.0 2.0 0.5 4.0 0.5 4.0 1.5 2.0 1.5 4.0 0.0 4.0 1.5 2.5 1.0 3.5 0.5 0.0 1.0 0.0 0.5 3.5 0.0 1.5 1.5 1.5 2.0 1.5 1.0 0.0 1.5 0.5 0.5 0.0 1.0 4.0 2.5 2.0 0.5 0.0 0.0 3.5 3.5 1.5 3.0 2.5 1.5 0.5 0.0 1.5 1.0 2.0 0.5 2.0 2.0 3.5 4.0 2.0 0.0 1.0 1.0 1.0 3.0 1.0 2.5 2.0 4.0 1.0 2.5 0.0 0.0 0.0 0.0 1.0 0.5 0.5 2.5 3.5 1.0 1.0 1.0 1.5 0.0 0.0 0.0 0.0 0.0 1.0 3.5 0.0 0.0 0.0 0.5 0.5 3.5 0.0 0.0 0.0 1.0
1785427822.59,33,1,15.00,40.893,25.12,250.10,0.1652,0.2625,0.0445,0.1764,0.1080,0.2766,0.0591,0.0484,0.0943,0.0547,0.0650,0.0543,0.0948,0.1251,1.5 4.0 3.0 0.5 4.0 1.5 3.0 0.5 3.0 1.0 2.0 1.0 3.5 2.5 2.5 2.0 0.0 4.0 4.0 3.5 2.5 3.0 0.5 1.0 1.0 1.0 1.5 2.0 0.0 1.0 2.0 0.5 4.0 0.5 4.0 1.5 2.0 1.5 4.0 0.0 4.0 1.5 2.5 1.0 3.5 0.5 0.0 1.0 0.0 0.5 3.5 0.0 1.5 1.5 1.5 2.0 1.5 1.0 0.0 1.5 0.5 0.5 0.0 1.0 4.0 2.5 2.0 0.5 0.0 0.0 3.5 3.5 1.5 3.0 2.5 1.5 0.5 0.0 1.5 1.0 2.0 0.5 2.0 2.0 3.5 4.0 2.0 0.0 1.0 1.0 1.0 3.0 1.0 2.5 2.0 4.0 1.0 2.5 0.0 0.0 0.0 0.0 1.0 0.5 0.5 2.5 3.5 1.0 1.0 1.0 1.5 0.0 0.0 0.0 0.0 0.0 1.0 3.5 0.0 0.0 0.0 0.5 0.5 3.5 0.0 0.0 0.0 1.0
1785427822.69,33,2,15.00,40.893,25.12,250.10,0.1598,0.2669,0.0430,0.1804,0.1144,0.2761,0.0591,0.0415,0.0978,0.0606,0.0738,0.0494,0.0870,0.1305,1.5 4.0 3.0 0.5 4.0 1.5 3.0 0.5 3.0 1.0 2.0 1.0 3.5 2.5 2.5 2.0 0.0 4.0 4.0 3.5 2.5 3.0 0.5 1.0 1.0 1.0 1.5 2.0 0.0 1.0 2.0 0.5 4.0 0.5 4.0 1.5 2.0 1.5 4.0 0.0 4.0 1.5 2.5 1.0 3.5 0.5 0.0 1.0 0.0 0.5 3.5 0.0 1.5 1.5 1.5 2.0 1.5 1.0 0.0 1.5 0.5 0.5 0.0 1.0 4.0 2.5 2.0 0.5 0.0 0.0 3.5 3.5 1.5 3.0 2.5 1.5 0.5 0.0 1.5 1.0 2.0 0.5 2.0 2.0 3.5 4.0 2.0 0.0 1.0 1.0 1.0 3.0 1.0 2.5 2.0 4.0 1.0 2.5 0.0 0.0 0.0 0.0 1.0 0.5 0.5 2.5 3.5 1.0 1.0 1.0 1.5 0.0 0.0 0.0 0.0 0.0 1.0 3.5 0.0 0.0 0.0 0.5 0.5 3.5 0.0 0.0 0.0 1.0
1785427823.36,34,0,15.00,40.833,25.12,250.10,0.1574,0.2429,0.0401,0.1862,0.0679,0.2581,0.0533,0.0767,0.2659,0.1139,0.2053,0.0455,0.2405,0.0924,2.0 3.5 1.5 0.5 0.5 3.5 1.5 3.0 0.5 4.0 0.0 3.0 2.5 0.5 2.5 4.0 1.5 3.5 3.0 1.5 0.0 1.5 1.0 0.0 3.5 0.5 4.0 3.0 3.5 0.0 0.5 4.0 2.0 0.0 0.0 4.0 0.5 1.0 0.5 0.0 2.0 2.5 2.0 3.0 1.0 1.0 0.5 3.0 0.0 2.0 3.5 0.0 1.0 4.0 3.5 0.5 2.5 3.5 3.5 3.0 4.0 3.0 0.0 2.5 1.5 2.5 0.0 1.0 3.0 2.0 4.0 2.0 2.5 1.5 1.0 4.0 2.0 0.5 0.5 0.5 3.0 1.5 3.0 1.5 2.0 0.0 0.0 2.5 0.0 2.5 3.0 4.0 3.0 1.0 2.5 2.0 1.0 3.5 0.0 0.0 0.0 2.5 1.0 0.0 1.5 2.5 2.5 2.5 2.0 1.5 0.5 0.0 0.0 0.0 0.0 0.0 0.5 0.0 0.0 3.0 0.0 2.5 0.5 1.0 0.0 0.0 0.0 0.5
1785427823.46,34,1,15.00,40.833,25.12,250.10,0.1569,0.2429,0.0435,0.1848,0.0635,0.2600,0.0547,0.0772,0.2669,0.1119,0.2092,0.0430,0.2410,0.0919,2.0 3.5 1.5 0.5 0.5 3.5 1.5 3.0 0.5 4.0 0.0 3.0 2.5 0.5 2.5 4.0 1.5 3.5 3.0 1.5 0.0 1.5 1.0 0.0 3.5 0.5 4.0 3.0 3.5 0.0 0.5 4.0 2.0 0.0 0.0 4.0 0.5 1.0 0.5 0.0 2.0 2.5 2.0 3.0 1.0 1.0 0.5 3.0 0.0 2.0 3.5 0.0 1.0 4.0 3.5 0.5 2.5 3.5 3.5 3.0 4.0 3.0 0.0 2.5 1.5 2.5 0.0 1.0 3.0 2.0 4.0 2.0 2.5 1.5 1.0 4.0 2.0 0.5 0.5 0.5 3.0 1.5 3.0 1.5 2.0 0.0 0.0 2.5 0.0 2.5 3.0 4.0 3.0 1.0 2.5 2.0 1.0 3.5 0.0 0.0 0.0 2.5 1.0 0.0 1.5 2.5 2.5 2.5 2.0 1.5 0.5 0.0 0.0 0.0 0.0 0.0 0.5 0.0 0.0 3.0 0.0 2.5 0.5 1.0 0.0 0.0 0.0 0.5
1785427823.56,34,2,15.00,40.833,25.12,250.10,0.1544,0.2439,0.0435,0.1852,0.0650,0.2586,0.0557,0.0748,0.2683,0.1109,0.2087,0.0430,0.2400,0.0929,2.0 3.5 1.5 0.5 0.5 3.5 1.5 3.0 0.5 4.0 0.0 3.0 2.5 0.5 2.5 4.0 1.5 3.5 3.0 1.5 0.0 1.5 1.0 0.0 3.5 0.5 4.0 3.0 3.5 0.0 0.5 4.0 2.0 0.0 0.0 4.0 0.5 1.0 0.5 0.0 2.0 2.5 2.0 3.0 1.0 1.0 0.5 3.0 0.0 2.0 3.5 0.0 1.0 4.0 3.5 0.5 2.5 3.5 3.5 3.0 4.0 3.0 0.0 2.5 1.5 2.5 0.0 1.0 3.0 2.0 4.0 2.0 2.5 1.5 1.0 4.0 2.0 0.5 0.5 0.5 3.0 1.5 3.0 1.5 2.0 0.0 0.0 2.5 0.0 2.5 3.0 4.0 3.0 1.0 2.5 2.0 1.0 3.5 0.0 0.0 0.0 2.5 1.0 0.0 1.5 2.5 2.5 2.5 2.0 1.5 0.5 0.0 0.0 0.0 0.0 0.0 0.5 0.0 0.0 3.0 0.0 2.5 0.5 1.0 0.0 0.0 0.0 0.5
1785427824.24,35,0,15.00,40.793,25.12,250.10,0.1632,0.2595,0.0445,0.2630,0.0616,0.2791,0.0782,0.0572,0.3402,0.0557,0.3226,0.0484,0.3416,0.1285,2.0 2.5 0.0 2.5 0.5 0.0 3.5 1.0 4.0 0.0 4.0 4.0 0.0 0.0 3.5 1.5 1.0 0.5 0.5 2.0 3.5 4.0 1.0 3.0 4.0 1.5 2.5 0.5 3.5 3.0 2.5 2.0 1.0 3.0 3.5 0.0 1.5 0.5 2.5 0.0 1.0 0.0 2.0 0.5 2.5 3.0 2.5 2.0 2.0 2.5 2.5 0.0 0.5 1.5 1.0 1.0 0.5 2.0 0.5 0.5 4.0 3.0 0.0 0.0 4.0 1.5 0.0 3.5 3.5 1.5 1.0 2.0 1.5 1.0 0.0 3.5 4.0 1.5 2.5 2.0 0.0 1.0 1.0 1.5 4.0 2.5 0.0 3.5 4.0 1.5 1.0 0.0 0.0 2.5 2.5 1.0 4.0 3.0 0.0 0.0 0.0 1.5 2.5 1.5 0.0 1.0 2.5 1.0 2.0 0.0 3.5 0.0 0.0 0.0 0.0 0.0 2.0 3.5 0.0 1.5 0.0 2.5 0.5 3.5 0.0 0.0 0.0 3.0
1785427824.34,35,1,15.00,40.793,25.12,250.10,0.1613,0.2586,0.0474,0.2620,0.0616,0.2805,0.0802,0.0645,0.3431,0.0523,0.3221,0.0450,0.3426,0.1281,2.0 2.5 0.0 2.5 0.5 0.0 3.5 1.0 4.0 0.0 4.0 4.0 0.0 0.0 3.5 1.5 1.0 0.5 0.5 2.0 3.5 4.0 1.0 3.0 4.0 1.5 2.5 0.5 3.5 3.0 2.5 2.0 1.0 3.0 3.5 0.0 1.5 0.5 2.5 0.0 1.0 0.0 2.0 0.5 2.5 3.0 2.5 2.0 2.0 2.5 2.5 0.0 0.5 1.5 1.0 1.0 0.5 2.0 0.5 0.5 4.0 3.0 0.0 0.0 4.0 1.5 0.0 3.5 3.5 1.5 1.0 2.0 1.5 1.0 0.0 3.5 4.0 1.5 2.5 2.0 0.0 1.0 1.0 1.5 4.0 2.5 0.0 3.5 4.0 1.5 1.0 0.0 0.0 2.5 2.5 1.0 4.0 3.0 0.0 0.0 0.0 1.5 2.5 1.5 0.0 1.0 2.5 1.0 2.0 0.0 3.5 0.0 0.0 0.0 0.0 0.0 2.0 3.5 0.0 1.5 0.0 2.5 0.5 3.5 0.0 0.0 0.0 3.0
1785427824.44,35,2,15.00,40.793,25.12,250.10,0.1618,0.2551,0.0464,0.2664,0.0582,0.2786,0.0777,0.0626,0.3426,0.0523,0.3201,0.0459,0.3412,0.1266,2.0 2.5 0.0 2.5 0.5 0.0 3.5 1.0 4.0 0.0 4.0 4.0 0.0 0.0 3.5 1.5 1.0 0.5 0.5 2.0 3.5 4.0 1.0 3.0 4.0 1.5 2.5 0.5 3.5 3.0 2.5 2.0 1.0 3.0 3.5 0.0 1.5 0.5 2.5 0.0 1.0 0.0 2.0 0.5 2.5 3.0 2.5 2.0 2.0 2.5 2.5 0.0 0.5 1.5 1.0 1.0 0.5 2.0 0.5 0.5 4.0 3.0 0.0 0.0 4.0 1.5 0.0 3.5 3.5 1.5 1.0 2.0 1.5 1.0 0.0 3.5 4.0 1.5 2.5 2.0 0.0 1.0 1.0 1.5 4.0 2.5 0.0 3.5 4.0 1.5 1.0 0.0 0.0 2.5 2.5 1.0 4.0 3.0 0.0 0.0 0.0 1.5 2.5 1.5 0.0 1.0 2.5 1.0 2.0 0.0 3.5 0.0 0.0 0.0 0.0 0.0 2.0 3.5 0.0 1.5 0.0 2.5 0.5 3.5 0.0 0.0 0.0 3.0
1785427825.11,36,0,15.00,40.793,25.12,250.10,0.1603,0.2395,0.0455,0.1764,0.0562,0.2708,0.1061,0.0562,0.2815,0.0494,0.2859,0.0489,0.3113,0.1070,4.0 4.0 1.0 3.5 1.0 0.5 1.5 4.0 3.5 1.5 3.5 4.0 3.5 0.0 1.0 4.0 3.5 0.0 0.0 3.0 1.5 3.0 4.0 3.0 1.5 1.0 3.5 3.0 1.5 2.0 0.0 0.0 1.5 0.0 3.0 1.0 4.0 3.5 1.0 0.0 1.5 4.0 1.0 4.0 2.0 0.0 1.0 0.5 1.0 3.0 0.5 0.0 1.5 1.5 4.0 0.5 0.5 2.5 0.5 1.5 0.5 0.0 0.0 2.5 0.5 0.5 2.0 2.0 1.0 1.0 3.5 4.0 0.0 0.5 2.5 3.5 3.5 4.0 4.0 2.5 2.0 0.5 1.5 1.0 0.0 1.0 2.0 1.0 2.5 1.5 1.5 4.0 0.5 1.0 2.0 4.0 0.5 1.5 0.0 0.0 0.0 2.5 0.0 2.0 1.5 4.0 2.5 0.5 2.5 2.5 3.5 0.0 0.0 0.0 0.0 0.0 0.5 0.5 0.0 1.5 0.0 0.0 3.0 4.0 0.0 0.0 0.0 2.0
1785427825.21,36,1,15.00,40.793,25.12,250.10,0.1574,0.2366,0.0464,0.1764,0.0562,0.2688,0.1070,0.0538,0.2805,0.0459,0.2869,0.0459,0.3167,0.1051,4.0 4.0 1.0 3.5 1.0 0.5 1.5 4.0 3.5 1.5 3.5 4.0 3.5 0.0 1.0 4.0 3.5 0.0 0.0 3.0 1.5 3.0 4.0 3.0 1.5 1.0 3.5 3.0 1.5 2.0 0.0 0.0 1.5 0.0 3.0 1.0 4.0 3.5 1.0 0.0 1.5 4.0 1.0 4.0 2.0 0.0 1.0 0.5 1.0 3.0 0.5 0.0 1.5 1.5 4.0 0.5 0.5 2.5 0.5 1.5 0.5 0.0 0.0 2.5 0.5 0.5 2.0 2.0 1.0 1.0 3.5 4.0 0.0 0.5 2.5 3.5 3.5 4.0 4.0 2.5 2.0 0.5 1.5 1.0 0.0 1.0 2.0 1.0 2.5 1.5 1.5 4.0 0.5 1.0 2.0 4.0 0.5 1.5 0.0 0.0 0.0 2.5 0.0 2.0 1.5 4.0 2.5 0.5 2.5 2.5 3.5 0.0 0.0 0.0 0.0 0.0 0.5 0.5 0.0 1.5 0.0 0.0 3.0 4.0 0.0 0.0 0.0 2.0
1785427825.31,36,2,15.00,40.793,25.12,250.10,0.1588,0.2356,0.0479,0.1755,0.0582,0.2703,0.1061,0.0552,0.2796,0.0474,0.2889,0.0494,0.3118,0.1109,4.0 4.0 1.0 3.5 1.0 0.5 1.5 4.0 3.5 1.5 3.5 4.0 3.5 0.0 1.0 4.0 3.5 0.0 0.0 3.0 1.5 3.0 4.0 3.0 1.5 1.0 3.5 3.0 1.5 2.0 0.0 0.0 1.5 0.0 3.0 1.0 4.0 3.5 1.0 0.0 1.5 4.0 1.0 4.0 2.0 0.0 1.0 0.5 1.0 3.0 0.5 0.0 1.5 1.5 4.0 0.5 0.5 2.5 0.5 1.5 0.5 0.0 0.0 2.5 0.5 0.5 2.0 2.0 1.0 1.0 3.5 4.0 0.0 0.5 2.5 3.5 3.5 4.0 4.0 2.5 2.0 0.5 1.5 1.0 0.0 1.0 2.0 1.0 2.5 1.5 1.5 4.0 0.5 1.0 2.0 4.0 0.5 1.5 0.0 0.0 0.0 2.5 0.0 2.0 1.5 4.0 2.5 0.5 2.5 2.5 3.5 0.0 0.0 0.0 0.0 0.0 0.5 0.5 0.0 1.5 0.0 0.0 3.0 4.0 0.0 0.0 0.0 2.0
1785427826.00,37,0,15.00,40.833,25.12,250.10,0.1588,0.2434,0.0411,0.1261,0.1339,0.2532,0.0479,0.1295,0.1965,0.0704,0.1046,0.0474,0.0953,0.0958,2.5 1.5 4.0 4.0 2.0 3.5 0.0 1.5 1.5 0.0 3.5 1.5 0.0 0.5 3.5 3.0 2.0 2.5 2.5 2.0 3.0 0.0 3.5 4.0 2.0 0.0 3.5 2.0 0.0 1.5 0.0 1.0 2.5 4.0 4.0 1.5 1.5 2.5 3.0 0.0 0.5 1.5 0.0 3.0 3.5 2.5 0.5 1.5 0.5 2.5 2.5 0.0 1.5 0.5 0.0 3.5 1.0 0.0 3.5 0.0 2.0 1.5 0.0 2.0 3.5 3.0 0.5 2.0 0.0 0.5 2.0 1.5 2.0 2.0 1.5 0.5 1.0 0.5 3.0 3.5 3.5 2.5 2.0 1.0 4.0 1.0 3.0 1.5 0.0 0.0 4.0 4.0 1.5 3.5 2.5 1.0 0.5 3.5 0.0 0.0 0.0 2.0 2.0 0.5 3.5 2.5 1.5 1.0 2.0 4.0 0.5 0.0 0.0 0.0 0.0 0.0 0.0 0.0 0.0 2.5 0.0 2.5 0.5 2.5 0.0 0.0 0.0 1.0
1785427826.10,37,1,15.00,40.833,25.12,250.10,0.1579,0.2400,0.0445,0.1261,0.1349,0.2532,0.0479,0.1266,0.1975,0.0728,0.1026,0.0469,0.1022,0.0943,2.5 1.5 4.0 4.0 2.0 3.5 0.0 1.5 1.5 0.0 3.5 1.5 0.0 0.5 3.5 3.0 2.0 2.5 2.5 2.0 3.0 0.0 3.5 4.0 2.0 0.0 3.5 2.0 0.0 1.5 0.0 1.0 2.5 4.0 4.0 1.5 1.5 2.5 3.0 0.0 0.5 1.5 0.0 3.0 3.5 2.5 0.5 1.5 0.5 2.5 2.5 0.0 1.5 0.5 0.0 3.5 1.0 0.0 3.5 0.0 2.0 1.5 0.0 2.0 3.5 3.0 0.5 2.0 0.0 0.5 2.0 1.5 2.0 2.0 1.5 0.5 1.0 0.5 3.0 3.5 3.5 2.5 2.0 1.0 4.0 1.0 3.0 1.5 0.0 0.0 4.0 4.0 1.5 3.5 2.5 1.0 0.5 3.5 0.0 0.0 0.0 2.0 2.0 0.5 3.5 2.5 1.5 1.0 2.0 4.0 0.5 0.0 0.0 0.0 0.0 0.0 0.0 0.0 0.0 2.5 0.0 2.5 0.5 2.5 0.0 0.0 0.0 1.0
1785427826.19,37,2,15.00,40.833,25.12,250.10,0.1588,0.2380,0.0455,0.1256,0.1344,0.2532,0.0469,0.1310,0.1989,0.0733,0.1007,0.0455,0.0997,0.0968,2.5 1.5 4.0 4.0 2.0 3.5 0.0 1.5 1.5 0.0 3.5 1.5 0.0 0.5 3.5 3.0 2.0 2.5 2.5 2.0 3.0 0.0 3.5 4.0 2.0 0.0 3.5 2.0 0.0 1.5 0.0 1.0 2.5 4.0 4.0 1.5 1.5 2.5 3.0 0.0 0.5 1.5 0.0 3.0 3.5 2.5 0.5 1.5 0.5 2.5 2.5 0.0 1.5 0.5 0.0 3.5 1.0 0.0 3.5 0.0 2.0 1.5 0.0 2.0 3.5 3.0 0.5 2.0 0.0 0.5 2.0 1.5 2.0 2.0 1.5 0.5 1.0 0.5 3.0 3.5 3.5 2.5 2.0 1.0 4.0 1.0 3.0 1.5 0.0 0.0 4.0 4.0 1.5 3.5 2.5 1.0 0.5 3.5 0.0 0.0 0.0 2.0 2.0 0.5 3.5 2.5 1.5 1.0 2.0 4.0 0.5 0.0 0.0 0.0 0.0 0.0 0.0 0.0 0.0 2.5 0.0 2.5 0.5 2.5 0.0 0.0 0.0 1.0
1785427826.86,38,0,15.00,40.813,25.12,250.09,0.1554,0.2527,0.0474,0.2722,0.0792,0.2219,0.0543,0.1241,0.2258,0.3001,0.2072,0.0459,0.1241,0.1261,4.0 3.5 2.5 2.0 0.5 0.0 3.5 3.0 3.5 1.5 2.0 0.0 2.5 2.0 0.5 2.0 3.0 2.5 0.5 1.5 3.5 2.5 2.5 3.0 0.5 4.0 4.0 2.5 0.0 1.5 0.5 3.0 4.0 4.0 3.0 0.0 3.5 0.0 2.0 0.0 4.0 3.5 2.0 3.5 0.0 1.5 2.5 1.5 0.0 2.0 0.0 0.0 2.0 1.5 3.0 2.5 3.0 3.5 2.0 3.5 0.0 1.5 0.0 1.5 4.0 0.0 0.5 2.0 3.0 0.0 1.0 0.0 3.0 1.5 2.0 3.0 0.0 2.0 0.0 2.5 1.0 2.0 0.0 0.5 3.0 4.0 2.0 0.5 2.5 4.0 2.5 0.0 0.0 2.5 1.5 0.5 3.0 0.0 0.0 0.0 0.0 4.0 0.0 4.0 3.5 1.5 0.5 2.5 3.5 4.0 0.5 0.0 0.0 0.0 0.0 0.0 0.0 4.0 0.0 4.0 0.0 1.5 2.0 1.0 0.0 0.0 0.0 3.5
1785427826.96,38,1,15.00,40.813,25.12,250.09,0.1559,0.2532,0.0435,0.2708,0.0772,0.2239,0.0557,0.1193,0.2253,0.3016,0.2048,0.0484,0.1281,0.1256,4.0 3.5 2.5 2.0 0.5 0.0 3.5 3.0 3.5 1.5 2.0 0.0 2.5 2.0 0.5 2.0 3.0 2.5 0.5 1.5 3.5 2.5 2.5 3.0 0.5 4.0 4.0 2.5 0.0 1.5 0.5 3.0 4.0 4.0 3.0 0.0 3.5 0.0 2.0 0.0 4.0 3.5 2.0 3.5 0.0 1.5 2.5 1.5 0.0 2.0 0.0 0.0 2.0 1.5 3.0 2.5 3.0 3.5 2.0 3.5 0.0 1.5 0.0 1.5 4.0 0.0 0.5 2.0 3.0 0.0 1.0 0.0 3.0 1.5 2.0 3.0 0.0 2.0 0.0 2.5 1.0 2.0 0.0 0.5 3.0 4.0 2.0 0.5 2.5 4.0 2.5 0.0 0.0 2.5 1.5 0.5 3.0 0.0 0.0 0.0 0.0 4.0 0.0 4.0 3.5 1.5 0.5 2.5 3.5 4.0 0.5 0.0 0.0 0.0 0.0 0.0 0.0 4.0 0.0 4.0 0.0 1.5 2.0 1.0 0.0 0.0 0.0 3.5
1785427827.06,38,2,15.00,40.813,25.12,250.09,0.1608,0.2527,0.0455,0.2698,0.0787,0.2234,0.0513,0.1207,0.2283,0.3025,0.2058,0.0445,0.1281,0.1285,4.0 3.5 2.5 2.0 0.5 0.0 3.5 3.0 3.5 1.5 2.0 0.0 2.5 2.0 0.5 2.0 3.0 2.5 0.5 1.5 3.5 2.5 2.5 3.0 0.5 4.0 4.0 2.5 0.0 1.5 0.5 3.0 4.0 4.0 3.0 0.0 3.5 0.0 2.0 0.0 4.0 3.5 2.0 3.5 0.0 1.5 2.5 1.5 0.0 2.0 0.0 0.0 2.0 1.5 3.0 2.5 3.0 3.5 2.0 3.5 0.0 1.5 0.0 1.5 4.0 0.0 0.5 2.0 3.0 0.0 1.0 0.0 3.0 1.5 2.0 3.0 0.0 2.0 0.0 2.5 1.0 2.0 0.0 0.5 3.0 4.0 2.0 0.5 2.5 4.0 2.5 0.0 0.0 2.5 1.5 0.5 3.0 0.0 0.0 0.0 0.0 4.0 0.0 4.0 3.5 1.5 0.5 2.5 3.5 4.0 0.5 0.0 0.0 0.0 0.0 0.0 0.0 4.0 0.0 4.0 0.0 1.5 2.0 1.0 0.0 0.0 0.0 3.5
1785427827.75,39,0,15.00,40.793,25.12,250.09,0.1632,0.2493,0.0450,0.2512,0.0850,0.1989,0.0802,0.0650,0.0914,0.0469,0.1193,0.0499,0.1251,0.1325,2.0 0.5 1.0 4.0 1.0 3.0 2.5 2.5 4.0 0.5 4.0 1.5 0.0 2.5 2.0 1.5 0.5 4.0 0.0 2.0 0.5 0.0 1.0 3.5 3.0 1.0 4.0 0.5 1.5 2.5 0.0 3.5 1.0 1.0 1.5 2.0 2.0 4.0 0.0 0.0 1.5 2.5 1.5 1.0 2.0 2.0 3.0 2.0 2.5 0.5 0.0 0.0 0.5 4.0 3.5 2.0 3.5 3.0 1.5 2.5 0.0 0.5 0.0 0.0 4.0 0.0 3.5 3.5 3.0 2.5 1.0 2.0 0.5 0.0 0.0 4.0 2.5 3.0 0.5 0.0 1.5 2.0 3.0 3.0 2.5 2.0 1.0 0.0 0.0 4.0 1.0 1.5 0.5 0.0 2.0 0.5 1.5 0.0 0.0 0.0 0.0 1.5 4.0 1.5 2.5 1.5 1.5 1.5 2.5 1.0 0.5 0.0 0.0 0.0 0.0 0.0 3.0 4.0 0.0 2.0 0.0 2.5 0.0 3.5 0.0 0.0 0.0 1.5
1785427827.85,39,1,15.00,40.793,25.12,250.09,0.1598,0.2512,0.0459,0.2522,0.0802,0.2019,0.0797,0.0621,0.0914,0.0469,0.1158,0.0469,0.1251,0.1344,2.0 0.5 1.0 4.0 1.0 3.0 2.5 2.5 4.0 0.5 4.0 1.5 0.0 2.5 2.0 1.5 0.5 4.0 0.0 2.0 0.5 0.0 1.0 3.5 3.0 1.0 4.0 0.5 1.5 2.5 0.0 3.5 1.0 1.0 1.5 2.0 2.0 4.0 0.0 0.0 1.5 2.5 1.5 1.0 2.0 2.0 3.0 2.0 2.5 0.5 0.0 0.0 0.5 4.0 3.5 2.0 3.5 3.0 1.5 2.5 0.0 0.5 0.0 0.0 4.0 0.0 3.5 3.5 3.0 2.5 1.0 2.0 0.5 0.0 0.0 4.0 2.5 3.0 0.5 0.0 1.5 2.0 3.0 3.0 2.5 2.0 1.0 0.0 0.0 4.0 1.0 1.5 0.5 0.0 2.0 0.5 1.5 0.0 0.0 0.0 0.0 1.5 4.0 1.5 2.5 1.5 1.5 1.5 2.5 1.0 0.5 0.0 0.0 0.0 0.0 0.0 3.0 4.0 0.0 2.0 0.0 2.5 0.0 3.5 0.0 0.0 0.0 1.5
1785427827.95,39,2,15.00,40.793,25.12,250.09,0.1623,0.2517,0.0435,0.2542,0.0846,0.2009,0.0787,0.0621,0.0934,0.0489,0.1178,0.0508,0.1251,0.1315,2.0 0.5 1.0 4.0 1.0 3.0 2.5 2.5 4.0 0.5 4.0 1.5 0.0 2.5 2.0 1.5 0.5 4.0 0.0 2.0 0.5 0.0 1.0 3.5 3.0 1.0 4.0 0.5 1.5 2.5 0.0 3.5 1.0 1.0 1.5 2.0 2.0 4.0 0.0 0.0 1.5 2.5 1.5 1.0 2.0 2.0 3.0 2.0 2.5 0.5 0.0 0.0 0.5 4.0 3.5 2.0 3.5 3.0 1.5 2.5 0.0 0.5 0.0 0.0 4.0 0.0 3.5 3.5 3.0 2.5 1.0 2.0 0.5 0.0 0.0 4.0 2.5 3.0 0.5 0.0 1.5 2.0 3.0 3.0 2.5 2.0 1.0 0.0 0.0 4.0 1.0 1.5 0.5 0.0 2.0 0.5 1.5 0.0 0.0 0.0 0.0 1.5 4.0 1.5 2.5 1.5 1.5 1.5 2.5 1.0 0.5 0.0 0.0 0.0 0.0 0.0 3.0 4.0 0.0 2.0 0.0 2.5 0.0 3.5 0.0 0.0 0.0 1.5
1785427828.62,40,0,15.00,40.813,25.12,250.09,0.1623,0.2556,0.0425,0.2664,0.0806,0.1921,0.0777,0.0679,0.3309,0.1359,0.2825,0.0518,0.3162,0.1012,0.5 1.0 3.5 2.5 3.0 3.5 0.0 3.0 0.5 0.5 3.5 2.0 2.5 2.0 0.0 1.5 3.5 1.5 0.0 3.0 3.0 0.5 4.0 0.0 0.0 2.5 1.5 0.5 0.5 1.5 3.5 4.0 2.0 0.5 3.0 3.5 3.0 1.5 3.0 0.0 0.5 4.0 4.0 1.0 2.5 3.0 1.0 4.0 3.0 3.5 1.5 0.0 0.0 2.0 1.0 1.5 3.5 0.5 1.0 3.5 3.0 3.0 0.0 2.5 1.0 4.0 2.0 0.0 0.0 0.5 3.5 1.0 1.0 0.0 1.0 2.5 4.0 4.0 0.5 2.5 3.0 0.0 0.0 2.0 2.5 0.5 3.0 0.0 2.5 1.5 4.0 1.0 2.5 0.0 1.5 3.0 1.0 4.0 0.0 0.0 0.0 2.5 2.5 3.0 3.5 1.5 1.5 4.0 2.0 3.0 2.0 0.0 0.0 0.0 0.0 0.0 2.5 0.5 0.0 1.0 0.0 3.5 4.0 1.5 0.0 0.0 0.0 1.0
1785427828.72,40,1,15.00,40.813,25.12,250.09,0.1628,0.2576,0.0464,0.2634,0.0806,0.1838,0.0792,0.0679,0.3309,0.1373,0.2845,0.0445,0.3157,0.0982,0.5 1.0 3.5 2.5 3.0 3.5 0.0 3.0 0.5 0.5 3.5 2.0 2.5 2.0 0.0 1.5 3.5 1.5 0.0 3.0 3.0 0.5 4.0 0.0 0.0 2.5 1.5 0.5 0.5 1.5 3.5 4.0 2.0 0.5 3.0 3.5 3.0 1.5 3.0 0.0 0.5 4.0 4.0 1.0 2.5 3.0 1.0 4.0 3.0 3.5 1.5 0.0 0.0 2.0 1.0 1.5 3.5 0.5 1.0 3.5 3.0 3.0 0.0 2.5 1.0 4.0 2.0 0.0 0.0 0.5 3.5 1.0 1.0 0.0 1.0 2.5 4.0 4.0 0.5 2.5 3.0 0.0 0.0 2.0 2.5 0.5 3.0 0.0 2.5 1.5 4.0 1.0 2.5 0.0 1.5 3.0 1.0 4.0 0.0 0.0 0.0 2.5 2.5 3.0 3.5 1.5 1.5 4.0 2.0 3.0 2.0 0.0 0.0 0.0 0.0 0.0 2.5 0.5 0.0 1.0 0.0 3.5 4.0 1.5 0.0 0.0 0.0 1.0
1785427828.82,40,2,15.00,40.813,25.12,250.09,0.1628,0.2571,0.0455,0.2664,0.0821,0.1887,0.0743,0.0689,0.3324,0.1378,0.2840,0.0474,0.3162,0.1036,0.5 1.0 3.5 2.5 3.0 3.5 0.0 3.0 0.5 0.5 3.5 2.0 2.5 2.0 0.0 1.5 3.5 1.5 0.0 3.0 3.0 0.5 4.0 0.0 0.0 2.5 1.5 0.5 0.5 1.5 3.5 4.0 2.0 0.5 3.0 3.5 3.0 1.5 3.0 0.0 0.5 4.0 4.0 1.0 2.5 3.0 1.0 4.0 3.0 3.5 1.5 0.0 0.0 2.0 1.0 1.5 3.5 0.5 1.0 3.5 3.0 3.0 0.0 2.5 1.0 4.0 2.0 0.0 0.0 0.5 3.5 1.0 1.0 0.0 1.0 2.5 4.0 4.0 0.5 2.5 3.0 0.0 0.0 2.0 2.5 0.5 3.0 0.0 2.5 1.5 4.0 1.0 2.5 0.0 1.5 3.0 1.0 4.0 0.0 0.0 0.0 2.5 2.5 3.0 3.5 1.5 1.5 4.0 2.0 3.0 2.0 0.0 0.0 0.0 0.0 0.0 2.5 0.5 0.0 1.0 0.0 3.5 4.0 1.5 0.0 0.0 0.0 1.0
1785427829.50,41,0,15.00,40.833,25.12,250.09,0.1657,0.2649,0.0464,0.1686,0.0635,0.2111,0.0572,0.0572,0.3040,0.0836,0.3094,0.0464,0.3397,0.1295,1.5 2.0 2.5 2.0 0.5 2.0 2.5 1.5 4.0 3.0 0.0 3.5 3.5 0.5 3.5 0.0 3.5 2.0 4.0 4.0 0.5 3.0 1.0 2.5 1.5 2.0 3.5 3.5 1.5 0.0 3.0 2.5 2.5 3.5 4.0 1.5 2.5 2.0 3.5 0.0 1.0 1.0 2.0 3.0 2.5 0.5 0.0 2.5 0.0 1.0 2.0 0.0 3.5 0.5 1.5 1.0 3.5 1.5 1.0 2.0 0.0 3.0 0.0 3.5 0.5 0.5 3.5 1.5 3.5 2.0 2.5 4.0 0.5 2.0 1.5 0.0 0.0 2.5 4.0 3.5 0.5 2.0 3.5 0.0 2.0 3.0 1.0 4.0 0.0 0.0 2.5 1.0 1.5 0.5 0.5 0.5 0.0 1.5 0.0 0.0 0.0 2.0 0.5 0.5 0.5 1.0 2.5 4.0 3.0 3.0 1.5 0.0 0.0 0.0 0.0 0.0 3.0 4.0 0.0 4.0 0.0 0.0 0.5 1.5 0.0 0.0 0.0 4.0
1785427829.60,41,1,15.00,40.833,25.12,250.09,0.1628,0.2625,0.0425,0.1686,0.0665,0.2102,0.0552,0.0640,0.3035,0.0806,0.3099,0.0455,0.3348,0.1276,1.5 2.0 2.5 2.0 0.5 2.0 2.5 1.5 4.0 3.0 0.0 3.5 3.5 0.5 3.5 0.0 3.5 2.0 4.0 4.0 0.5 3.0 1.0 2.5 1.5 2.0 3.5 3.5 1.5 0.0 3.0 2.5 2.5 3.5 4.0 1.5 2.5 2.0 3.5 0.0 1.0 1.0 2.0 3.0 2.5 0.5 0.0 2.5 0.0 1.0 2.0 0.0 3.5 0.5 1.5 1.0 3.5 1.5 1.0 2.0 0.0 3.0 0.0 3.5 0.5 0.5 3.5 1.5 3.5 2.0 2.5 4.0 0.5 2.0 1.5 0.0 0.0 2.5 4.0 3.5 0.5 2.0 3.5 0.0 2.0 3.0 1.0 4.0 0.0 0.0 2.5 1.0 1.5 0.5 0.5 0.5 0.0 1.5 0.0 0.0 0.0 2.0 0.5 0.5 0.5 1.0 2.5 4.0 3.0 3.0 1.5 0.0 0.0 0.0 0.0 0.0 3.0 4.0 0.0 4.0 0.0 0.0 0.5 1.5 0.0 0.0 0.0 4.0
1785427829.70,41,2,15.00,40.833,25.12,250.09,0.1657,0.2669,0.0484,0.1716,0.0626,0.2082,0.0591,0.0621,0.3025,0.0806,0.3104,0.0469,0.3382,0.1281,1.5 2.0 2.5 2.0 0.5 2.0 2.5 1.5 4.0 3.0 0.0 3.5 3.5 0.5 3.5 0.0 3.5 2.0 4.0 4.0 0.5 3.0 1.0 2.5 1.5 2.0 3.5 3.5 1.5 0.0 3.0 2.5 2.5 3.5 4.0 1.5 2.5 2.0 3.5 0.0 1.0 1.0 2.0 3.0 2.5 0.5 0.0 2.5 0.0 1.0 2.0 0.0 3.5 0.5 1.5 1.0 3.5 1.5 1.0 2.0 0.0 3.0 0.0 3.5 0.5 0.5 3.5 1.5 3.5 2.0 2.5 4.0 0.5 2.0 1.5 0.0 0.0 2.5 4.0 3.5 0.5 2.0 3.5 0.0 2.0 3.0 1.0 4.0 0.0 0.0 2.5 1.0 1.5 0.5 0.5 0.5 0.0 1.5 0.0 0.0 0.0 2.0 0.5 0.5 0.5 1.0 2.5 4.0 3.0 3.0 1.5 0.0 0.0 0.0 0.0 0.0 3.0 4.0 0.0 4.0 0.0 0.0 0.5 1.5 0.0 0.0 0.0 4.0
1785427830.37,42,0,15.00,40.853,25.12,250.09,0.1593,0.2620,0.0479,0.1549,0.1232,0.2195,0.1305,0.1119,0.1647,0.1442,0.2791,0.0699,0.1393,0.1237,3.0 0.0 2.5 3.0 2.5 1.0 2.5 3.5 4.0 4.0 2.5 2.0 0.0 1.5 0.0 1.5 4.0 4.0 4.0 3.5 0.5 3.5 2.5 3.0 3.5 0.0 3.5 1.5 3.0 4.0 1.0 0.0 4.0 1.5 4.0 4.0 1.0 1.0 2.5 0.0 3.5 0.0 1.0 1.0 1.5 1.0 0.5 4.0 3.5 2.0 4.0 0.0 1.5 2.5 3.5 3.5 3.0 1.5 0.5 4.0 0.5 3.5 0.0 1.5 3.0 0.5 0.0 0.5 4.0 0.5 3.5 1.0 1.5 3.0 2.0 2.0 0.0 1.5 1.0 2.0 1.5 0.0 1.5 1.5 3.0 2.0 4.0 1.0 1.5 4.0 0.5 1.5 4.0 3.0 0.5 0.0 2.5 3.5 0.0 0.0 0.0 2.0 2.0 1.5 2.5 0.5 3.0 2.5 0.5 4.0 3.5 0.0 0.0 0.0 0.0 0.0 1.0 2.0 0.0 4.0 0.0 1.0 2.0 1.0 0.0 0.0 0.0 3.0
1785427830.47,42,1,15.00,40.853,25.12,250.09,0.1623,0.2590,0.0474,0.1549,0.1217,0.2204,0.1315,0.1163,0.1642,0.1500,0.2766,0.0699,0.1369,0.1232,3.0 0.0 2.5 3.0 2.5 1.0 2.5 3.5 4.0 4.0 2.5 2.0 0.0 1.5 0.0 1.5 4.0 4.0 4.0 3.5 0.5 3.5 2.5 3.0 3.5 0.0 3.5 1.5 3.0 4.0 1.0 0.0 4.0 1.5 4.0 4.0 1.0 1.0 2.5 0.0 3.5 0.0 1.0 1.0 1.5 1.0 0.5 4.0 3.5 2.0 4.0 0.0 1.5 2.5 3.5 3.5 3.0 1.5 0.5 4.0 0.5 3.5 0.0 1.5 3.0 0.5 0.0 0.5 4.0 0.5 3.5 1.0 1.5 3.0 2.0 2.0 0.0 1.5 1.0 2.0 1.5 0.0 1.5 1.5 3.0 2.0 4.0 1.0 1.5 4.0 0.5 1.5 4.0 3.0 0.5 0.0 2.5 3.5 0.0 0.0 0.0 2.0 2.0 1.5 2.5 0.5 3.0 2.5 0.5 4.0 3.5 0.0 0.0 0.0 0.0 0.0 1.0 2.0 0.0 4.0 0.0 1.0 2.0 1.0 0.0 0.0 0.0 3.0
1785427830.57,42,2,15.00,40.853,25.12,250.09,0.1613,0.2615,0.0445,0.1554,0.1207,0.2195,0.1251,0.1144,0.1642,0.1491,0.2747,0.0699,0.1369,0.1251,3.0 0.0 2.5 3.0 2.5 1.0 2.5 3.5 4.0 4.0 2.5 2.0 0.0 1.5 0.0 1.5 4.0 4.0 4.0 3.5 0.5 3.5 2.5 3.0 3.5 0.0 3.5 1.5 3.0 4.0 1.0 0.0 4.0 1.5 4.0 4.0 1.0 1.0 2.5 0.0 3.5 0.0 1.0 1.0 1.5 1.0 0.5 4.0 3.5 2.0 4.0 0.0 1.5 2.5 3.5 3.5 3.0 1.5 0.5 4.0 0.5 3.5 0.0 1.5 3.0 0.5 0.0 0.5 4.0 0.5 3.5 1.0 1.5 3.0 2.0 2.0 0.0 1.5 1.0 2.0 1.5 0.0 1.5 1.5 3.0 2.0 4.0 1.0 1.5 4.0 0.5 1.5 4.0 3.0 0.5 0.0 2.5 3.5 0.0 0.0 0.0 2.0 2.0 1.5 2.5 0.5 3.0 2.5 0.5 4.0 3.5 0.0 0.0 0.0 0.0 0.0 1.0 2.0 0.0 4.0 0.0 1.0 2.0 1.0 0.0 0.0 0.0 3.0
1785427831.25,43,0,15.00,40.793,25.12,250.09,0.1579,0.2625,0.0430,0.1373,0.1647,0.2678,0.0679,0.0596,0.2869,0.2889,0.3265,0.0670,0.2761,0.1271,2.0 2.0 2.0 0.5 4.0 0.0 1.0 0.0 1.0 0.0 2.0 2.0 1.0 1.5 2.0 3.0 1.5 1.5 1.0 2.0 2.0 0.5 1.0 3.0 0.5 1.0 1.5 3.0 2.0 3.0 3.5 2.5 0.5 0.0 2.0 3.5 0.5 2.5 3.0 0.0 2.5 1.5 3.5 3.0 0.5 1.0 2.5 3.0 4.0 2.5 3.5 0.0 1.0 4.0 3.5 2.0 2.0 0.0 2.0 2.5 4.0 3.5 0.0 2.0 1.0 2.5 2.0 1.0 1.0 2.0 0.5 1.0 3.5 4.0 3.0 0.0 2.0 1.5 3.5 1.5 1.0 3.5 3.0 0.5 4.0 1.0 3.5 1.5 3.0 1.5 3.5 2.0 1.5 2.0 1.5 3.0 0.0 1.5 0.0 0.0 0.0 3.0 1.0 3.5 0.0 1.5 0.0 3.5 0.0 3.5 0.0 0.0 0.0 0.0 0.0 0.0 3.0 3.5 0.0 1.5 0.0 3.0 3.5 1.0 0.0 0.0 0.0 2.5
1785427831.35,43,1,15.00,40.793,25.12,250.09,0.1579,0.2610,0.0430,0.1398,0.1632,0.2713,0.0655,0.0591,0.2889,0.2903,0.3231,0.0684,0.2761,0.1266,2.0 2.0 2.0 0.5 4.0 0.0 1.0 0.0 1.0 0.0 2.0 2.0 1.0 1.5 2.0 3.0 1.5 1.5 1.0 2.0 2.0 0.5 1.0 3.0 0.5 1.0 1.5 3.0 2.0 3.0 3.5 2.5 0.5 0.0 2.0 3.5 0.5 2.5 3.0 0.0 2.5 1.5 3.5 3.0 0.5 1.0 2.5 3.0 4.0 2.5 3.5 0.0 1.0 4.0 3.5 2.0 2.0 0.0 2.0 2.5 4.0 3.5 0.0 2.0 1.0 2.5 2.0 1.0 1.0 2.0 0.5 1.0 3.5 4.0 3.0 0.0 2.0 1.5 3.5 1.5 1.0 3.5 3.0 0.5 4.0 1.0 3.5 1.5 3.0 1.5 3.5 2.0 1.5 2.0 1.5 3.0 0.0 1.5 0.0 0.0 0.0 3.0 1.0 3.5 0.0 1.5 0.0 3.5 0.0 3.5 0.0 0.0 0.0 0.0 0.0 0.0 3.0 3.5 0.0 1.5 0.0 3.0 3.5 1.0 0.0 0.0 0.0 2.5
1785427831.45,43,2,15.00,40.793,25.12,250.09,0.1613,0.2649,0.0425,0.1378,0.1564,0.2698,0.0660,0.0582,0.2849,0.2884,0.3270,0.0733,0.2727,0.1251,2.0 2.0 2.0 0.5 4.0 0.0 1.0 0.0 1.0 0.0 2.0 2.0 1.0 1.5 2.0 3.0 1.5 1.5 1.0 2.0 2.0 0.5 1.0 3.0 0.5 1.0 1.5 3.0 2.0 3.0 3.5 2.5 0.5 0.0 2.0 3.5 0.5 2.5 3.0 0.0 2.5 1.5 3.5 3.0 0.5 1.0 2.5 3.0 4.0 2.5 3.5 0.0 1.0 4.0 3.5 2.0 2.0 0.0 2.0 2.5 4.0 3.5 0.0 2.0 1.0 2.5 2.0 1.0 1.0 2.0 0.5 1.0 3.5 4.0 3.0 0.0 2.0 1.5 3.5 1.5 1.0 3.5 3.0 0.5 4.0 1.0 3.5 1.5 3.0 1.5 3.5 2.0 1.5 2.0 1.5 3.0 0.0 1.5 0.0 0.0 0.0 3.0 1.0 3.5 0.0 1.5 0.0 3.5 0.0 3.5 0.0 0.0 0.0 0.0 0.0 0.0 3.0 3.5 0.0 1.5 0.0 3.0 3.5 1.0 0.0 0.0 0.0 2.5
1785427832.13,44,0,15.00,40.833,25.12,250.09,0.1525,0.2483,0.0474,0.2962,0.1716,0.1652,0.0704,0.0679,0.3436,0.2072,0.3607,0.0982,0.3216,0.1026,3.5 4.0 0.5 0.5 2.0 3.5 0.0 1.5 4.0 1.0 2.5 0.0 2.5 4.0 3.5 0.0 2.0 3.5 4.0 1.5 1.0 4.0 2.0 1.0 3.5 2.5 3.0 1.5 3.5 1.5 2.5 2.5 2.0 3.0 3.0 0.5 2.5 0.0 4.0 0.0 1.0 3.0 0.5 0.5 1.0 1.0 4.0 4.0 4.0 0.5 2.5 0.0 3.0 4.0 0.0 1.0 3.5 0.0 2.0 1.5 3.0 3.5 0.0 0.0 0.0 1.5 3.5 3.0 2.0 3.0 3.0 3.5 2.0 1.0 0.0 4.0 3.0 3.0 0.5 1.5 4.0 0.5 2.0 0.0 2.5 4.0 0.0 1.5 0.5 4.0 3.5 4.0 0.0 4.0 0.0 3.5 0.0 2.0 0.0 0.0 0.0 0.5 0.0 3.0 0.0 2.5 4.0 3.5 2.0 3.0 3.5 0.0 0.0 0.0 0.0 0.0 0.0 0.0 0.0 1.0 0.0 3.5 4.0 1.0 0.0 0.0 0.0 2.0
1785427832.22,44,1,15.00,40.833,25.12,250.09,0.1544,0.2468,0.0484,0.2962,0.1750,0.1647,0.0689,0.0665,0.3431,0.2067,0.3583,0.0968,0.3216,0.1012,3.5 4.0 0.5 0.5 2.0 3.5 0.0 1.5 4.0 1.0 2.5 0.0 2.5 4.0 3.5 0.0 2.0 3.5 4.0 1.5 1.0 4.0 2.0 1.0 3.5 2.5 3.0 1.5 3.5 1.5 2.5 2.5 2.0 3.0 3.0 0.5 2.5 0.0 4.0 0.0 1.0 3.0 0.5 0.5 1.0 1.0 4.0 4.0 4.0 0.5 2.5 0.0 3.0 4.0 0.0 1.0 3.5 0.0 2.0 1.5 3.0 3.5 0.0 0.0 0.0 1.5 3.5 3.0 2.0 3.0 3.0 3.5 2.0 1.0 0.0 4.0 3.0 3.0 0.5 1.5 4.0 0.5 2.0 0.0 2.5 4.0 0.0 1.5 0.5 4.0 3.5 4.0 0.0 4.0 0.0 3.5 0.0 2.0 0.0 0.0 0.0 0.5 0.0 3.0 0.0 2.5 4.0 3.5 2.0 3.0 3.5 0.0 0.0 0.0 0.0 0.0 0.0 0.0 0.0 1.0 0.0 3.5 4.0 1.0 0.0 0.0 0.0 2.0
1785427832.32,44,2,15.00,40.833,25.12,250.09,0.1559,0.2449,0.0420,0.2952,0.1735,0.1657,0.0694,0.0635,0.3426,0.2058,0.3587,0.0987,0.3201,0.1002,3.5 4.0 0.5 0.5 2.0 3.5 0.0 1.5 4.0 1.0 2.5 0.0 2.5 4.0 3.5 0.0 2.0 3.5 4.0 1.5 1.0 4.0 2.0 1.0 3.5 2.5 3.0 1.5 3.5 1.5 2.5 2.5 2.0 3.0 3.0 0.5 2.5 0.0 4.0 0.0 1.0 3.0 0.5 0.5 1.0 1.0 4.0 4.0 4.0 0.5 2.5 0.0 3.0 4.0 0.0 1.0 3.5 0.0 2.0 1.5 3.0 3.5 0.0 0.0 0.0 1.5 3.5 3.0 2.0 3.0 3.0 3.5 2.0 1.0 0.0 4.0 3.0 3.0 0.5 1.5 4.0 0.5 2.0 0.0 2.5 4.0 0.0 1.5 0.5 4.0 3.5 4.0 0.0 4.0 0.0 3.5 0.0 2.0 0.0 0.0 0.0 0.5 0.0 3.0 0.0 2.5 4.0 3.5 2.0 3.0 3.5 0.0 0.0 0.0 0.0 0.0 0.0 0.0 0.0 1.0 0.0 3.5 4.0 1.0 0.0 0.0 0.0 2.0
1785427833.01,45,0,15.00,40.873,25.12,250.09,0.1672,0.2595,0.0450,0.2297,0.0635,0.2444,0.0494,0.0557,0.2898,0.0968,0.2576,0.0528,0.3143,0.1271,1.5 3.0 2.5 4.0 2.5 4.0 0.0 4.0 2.0 1.5 3.5 2.0 1.0 0.0 1.0 0.0 1.5 2.0 0.0 1.0 1.0 1.5 2.5 1.0 3.0 2.0 3.5 4.0 2.5 1.0 0.0 0.0 0.0 4.0 2.5 2.5 0.0 1.5 3.0 0.0 2.0 1.5 0.0 2.0 1.0 3.0 0.0 2.5 0.5 2.0 2.0 0.0 3.0 0.0 2.5 1.0 1.0 2.5 2.5 3.5 3.0 1.0 0.0 0.0 1.5 1.5 1.0 3.0 1.0 3.5 4.0 3.0 1.5 3.5 3.5 2.0 0.5 0.5 2.0 0.0 2.0 0.0 2.5 1.5 3.0 2.0 1.5 3.0 0.5 1.5 4.0 2.5 1.5 4.0 0.5 1.0 2.0 3.5 0.0 0.0 0.0 0.5 0.5 3.5 1.5 3.0 3.0 2.5 3.0 0.0 0.5 0.0 0.0 0.0 0.0 0.0 1.5 3.0 0.0 2.0 0.0 1.0 3.0 2.0 0.0 0.0 0.0 1.5
1785427833.11,45,1,15.00,40.873,25.12,250.09,0.1637,0.2605,0.0469,0.2312,0.0650,0.2429,0.0469,0.0538,0.2923,0.0968,0.2561,0.0557,0.3133,0.1271,1.5 3.0 2.5 4.0 2.5 4.0 0.0 4.0 2.0 1.5 3.5 2.0 1.0 0.0 1.0 0.0 1.5 2.0 0.0 1.0 1.0 1.5 2.5 1.0 3.0 2.0 3.5 4.0 2.5 1.0 0.0 0.0 0.0 4.0 2.5 2.5 0.0 1.5 3.0 0.0 2.0 1.5 0.0 2.0 1.0 3.0 0.0 2.5 0.5 2.0 2.0 0.0 3.0 0.0 2.5 1.0 1.0 2.5 2.5 3.5 3.0 1.0 0.0 0.0 1.5 1.5 1.0 3.0 1.0 3.5 4.0 3.0 1.5 3.5 3.5 2.0 0.5 0.5 2.0 0.0 2.0 0.0 2.5 1.5 3.0 2.0 1.5 3.0 0.5 1.5 4.0 2.5 1.5 4.0 0.5 1.0 2.0 3.5 0.0 0.0 0.0 0.5 0.5 3.5 1.5 3.0 3.0 2.5 3.0 0.0 0.5 0.0 0.0 0.0 0.0 0.0 1.5 3.0 0.0 2.0 0.0 1.0 3.0 2.0 0.0 0.0 0.0 1.5
1785427833.21,45,2,15.00,40.873,25.12,250.09,0.1652,0.2610,0.0430,0.2312,0.0616,0.2405,0.0464,0.0547,0.2918,0.0963,0.2546,0.0552,0.3143,0.1271,1.5 3.0 2.5 4.0 2.5 4.0 0.0 4.0 2.0 1.5 3.5 2.0 1.0 0.0 1.0 0.0 1.5 2.0 0.0 1.0 1.0 1.5 2.5 1.0 3.0 2.0 3.5 4.0 2.5 1.0 0.0 0.0 0.0 4.0 2.5 2.5 0.0 1.5 3.0 0.0 2.0 1.5 0.0 2.0 1.0 3.0 0.0 2.5 0.5 2.0 2.0 0.0 3.0 0.0 2.5 1.0 1.0 2.5 2.5 3.5 3.0 1.0 0.0 0.0 1.5 1.5 1.0 3.0 1.0 3.5 4.0 3.0 1.5 3.5 3.5 2.0 0.5 0.5 2.0 0.0 2.0 0.0 2.5 1.5 3.0 2.0 1.5 3.0 0.5 1.5 4.0 2.5 1.5 4.0 0.5 1.0 2.0 3.5 0.0 0.0 0.0 0.5 0.5 3.5 1.5 3.0 3.0 2.5 3.0 0.0 0.5 0.0 0.0 0.0 0.0 0.0 1.5 3.0 0.0 2.0 0.0 1.0 3.0 2.0 0.0 0.0 0.0 1.5
1785427833.89,46,0,15.00,40.833,25.12,250.09,0.1569,0.2424,0.0469,0.2243,0.0728,0.1823,0.0865,0.2859,0.3069,0.2429,0.1745,0.0450,0.2400,0.0992,0.5 4.0 3.0 2.0 2.0 0.0 0.0 1.5 0.0 3.5 0.0 0.5 1.0 1.0 2.0 4.0 2.5 0.0 0.5 1.5 4.0 1.5 3.5 2.0 3.5 2.0 2.5 3.0 1.0 1.5 1.0 0.0 0.5 1.5 1.0 0.0 2.5 2.0 2.0 0.0 3.5 2.5 0.0 3.0 1.5 1.0 4.0 2.5 3.5 1.5 3.0 0.0 4.0 3.0 2.5 0.0 1.5 1.5 4.0 4.0 3.0 3.0 0.0 0.5 1.5 4.0 2.5 0.5 2.5 2.5 3.5 2.0 2.0 3.5 3.5 1.0 3.0 0.0 4.0 1.5 1.5 2.0 2.0 0.0 2.5 1.0 0.0 2.5 2.0 1.5 2.0 2.5 1.0 4.0 2.5 1.0 3.0 3.5 0.0 0.0 0.0 3.0 1.5 4.0 2.0 2.0 0.0 3.0 0.5 0.5 0.0 0.0 0.0 0.0 0.0 0.0 2.5 0.0 0.0 0.5 0.0 1.0 3.5 1.5 0.0 0.0 0.0 3.5
1785427833.99,46,1,15.00,40.833,25.12,250.09,0.1642,0.2463,0.0450,0.2283,0.0748,0.1769,0.0850,0.2830,0.3040,0.2414,0.1764,0.0435,0.2395,0.1022,0.5 4.0 3.0 2.0 2.0 0.0 0.0 1.5 0.0 3.5 0.0 0.5 1.0 1.0 2.0 4.0 2.5 0.0 0.5 1.5 4.0 1.5 3.5 2.0 3.5 2.0 2.5 3.0 1.0 1.5 1.0 0.0 0.5 1.5 1.0 0.0 2.5 2.0 2.0 0.0 3.5 2.5 0.0 3.0 1.5 1.0 4.0 2.5 3.5 1.5 3.0 0.0 4.0 3.0 2.5 0.0 1.5 1.5 4.0 4.0 3.0 3.0 0.0 0.5 1.5 4.0 2.5 0.5 2.5 2.5 3.5 2.0 2.0 3.5 3.5 1.0 3.0 0.0 4.0 1.5 1.5 2.0 2.0 0.0 2.5 1.0 0.0 2.5 2.0 1.5 2.0 2.5 1.0 4.0 2.5 1.0 3.0 3.5 0.0 0.0 0.0 3.0 1.5 4.0 2.0 2.0 0.0 3.0 0.5 0.5 0.0 0.0 0.0 0.0 0.0 0.0 2.5 0.0 0.0 0.5 0.0 1.0 3.5 1.5 0.0 0.0 0.0 3.5
1785427834.09,46,2,15.00,40.833,25.12,250.09,0.1598,0.2458,0.0489,0.2278,0.0714,0.1804,0.0811,0.2864,0.3050,0.2424,0.1750,0.0415,0.2400,0.1036,0.5 4.0 3.0 2.0 2.0 0.0 0.0 1.5 0.0 3.5 0.0 0.5 1.0 1.0 2.0 4.0 2.5 0.0 0.5 1.5 4.0 1.5 3.5 2.0 3.5 2.0 2.5 3.0 1.0 1.5 1.0 0.0 0.5 1.5 1.0 0.0 2.5 2.0 2.0 0.0 3.5 2.5 0.0 3.0 1.5 1.0 4.0 2.5 3.5 1.5 3.0 0.0 4.0 3.0 2.5 0.0 1.5 1.5 4.0 4.0 3.0 3.0 0.0 0.5 1.5 4.0 2.5 0.5 2.5 2.5 3.5 2.0 2.0 3.5 3.5 1.0 3.0 0.0 4.0 1.5 1.5 2.0 2.0 0.0 2.5 1.0 0.0 2.5 2.0 1.5 2.0 2.5 1.0 4.0 2.5 1.0 3.0 3.5 0.0 0.0 0.0 3.0 1.5 4.0 2.0 2.0 0.0 3.0 0.5 0.5 0.0 0.0 0.0 0.0 0.0 0.0 2.5 0.0 0.0 0.5 0.0 1.0 3.5 1.5 0.0 0.0 0.0 3.5
1785427834.77,47,0,15.00,40.853,25.12,250.09,0.1652,0.2630,0.0459,0.2845,0.1237,0.2160,0.0782,0.0699,0.2717,0.1672,0.3284,0.0455,0.3192,0.1046,0.5 0.5 2.0 4.0 3.0 2.0 1.5 4.0 3.0 3.5 0.5 1.5 1.0 3.0 2.0 3.5 0.0 4.0 2.0 1.0 3.5 3.5 3.5 1.5 4.0 0.0 1.0 1.0 0.5 0.5 4.0 3.0 3.0 2.0 2.0 0.5 2.0 2.5 3.0 0.0 0.5 0.5 2.5 0.5 1.5 1.0 3.0 1.5 2.0 0.5 3.5 0.0 3.5 1.5 1.5 1.5 0.0 1.0 3.0 3.0 3.5 4.0 0.0 0.5 0.0 1.5 2.5 1.5 2.0 0.0 3.5 3.5 2.0 2.0 2.5 2.0 1.0 2.5 2.5 4.0 3.5 0.0 0.5 3.0 3.0 2.0 0.5 2.5 3.5 2.0 2.0 3.0 2.5 0.5 1.5 4.0 2.0 3.5 0.0 0.0 0.0 0.5 0.5 3.5 0.5 1.0 1.0 2.5 3.5 3.0 2.5 0.0 0.0 0.0 0.0 0.0 1.0 1.0 0.0 0.5 0.0 3.0 0.5 2.5 0.0 0.0 0.0 0.5
1785427834.87,47,1,15.00,40.853,25.12,250.09,0.1662,0.2615,0.0455,0.2845,0.1256,0.2190,0.0792,0.0743,0.2683,0.1657,0.3304,0.0440,0.3172,0.1134,0.5 0.5 2.0 4.0 3.0 2.0 1.5 4.0 3.0 3.5 0.5 1.5 1.0 3.0 2.0 3.5 0.0 4.0 2.0 1.0 3.5 3.5 3.5 1.5 4.0 0.0 1.0 1.0 0.5 0.5 4.0 3.0 3.0 2.0 2.0 0.5 2.0 2.5 3.0 0.0 0.5 0.5 2.5 0.5 1.5 1.0 3.0 1.5 2.0 0.5 3.5 0.0 3.5 1.5 1.5 1.5 0.0 1.0 3.0 3.0 3.5 4.0 0.0 0.5 0.0 1.5 2.5 1.5 2.0 0.0 3.5 3.5 2.0 2.0 2.5 2.0 1.0 2.5 2.5 4.0 3.5 0.0 0.5 3.0 3.0 2.0 0.5 2.5 3.5 2.0 2.0 3.0 2.5 0.5 1.5 4.0 2.0 3.5 0.0 0.0 0.0 0.5 0.5 3.5 0.5 1.0 1.0 2.5 3.5 3.0 2.5 0.0 0.0 0.0 0.0 0.0 1.0 1.0 0.0 0.5 0.0 3.0 0.5 2.5 0.0 0.0 0.0 0.5
1785427834.96,47,2,15.00,40.853,25.12,250.09,0.1637,0.2605,0.0479,0.2854,0.1246,0.2151,0.0797,0.0772,0.2678,0.1686,0.3294,0.0479,0.3187,0.1109,0.5 0.5 2.0 4.0 3.0 2.0 1.5 4.0 3.0 3.5 0.5 1.5 1.0 3.0 2.0 3.5 0.0 4.0 2.0 1.0 3.5 3.5 3.5 1.5 4.0 0.0 1.0 1.0 0.5 0.5 4.0 3.0 3.0 2.0 2.0 0.5 2.0 2.5 3.0 0.0 0.5 0.5 2.5 0.5 1.5 1.0 3.0 1.5 2.0 0.5 3.5 0.0 3.5 1.5 1.5 1.5 0.0 1.0 3.0 3.0 3.5 4.0 0.0 0.5 0.0 1.5 2.5 1.5 2.0 0.0 3.5 3.5 2.0 2.0 2.5 2.0 1.0 2.5 2.5 4.0 3.5 0.0 0.5 3.0 3.0 2.0 0.5 2.5 3.5 2.0 2.0 3.0 2.5 0.5 1.5 4.0 2.0 3.5 0.0 0.0 0.0 0.5 0.5 3.5 0.5 1.0 1.0 2.5 3.5 3.0 2.5 0.0 0.0 0.0 0.0 0.0 1.0 1.0 0.0 0.5 0.0 3.0 0.5 2.5 0.0 0.0 0.0 0.5
1785427835.64,48,0,15.00,40.933,25.12,250.09,0.1584,0.2556,0.0440,0.2698,0.0758,0.1926,0.0655,0.0689,0.0723,0.0665,0.0860,0.0455,0.0538,0.0885,3.0 2.0 3.0 1.5 0.5 0.5 3.0 4.0 0.0 1.0 2.0 0.0 2.5 1.0 2.5 1.0 0.5 1.5 0.0 1.0 2.5 1.5 0.5 2.5 0.5 0.0 1.5 0.0 4.0 1.0 2.5 1.5 2.0 2.0 3.5 1.0 1.5 0.0 0.5 0.0 3.5 1.5 1.0 3.5 2.0 2.5 0.0 3.0 0.5 0.0 3.0 0.0 4.0 1.0 3.5 2.5 0.0 2.0 2.5 2.0 2.5 4.0 0.0 3.0 2.0 2.5 4.0 0.0 2.5 0.0 3.0 1.0 2.0 1.0 2.5 3.5 4.0 0.5 2.5 4.0 3.0 0.0 0.5 2.0 0.0 1.5 4.0 2.5 0.5 2.0 1.0 1.0 1.5 1.5 3.5 3.0 1.0 2.0 0.0 0.0 0.0 0.5 4.0 1.5 0.0 3.5 2.5 0.0 3.5 2.0 3.0 0.0 0.0 0.0 0.0 0.0 3.0 0.0 0.0 2.0 0.0 3.5 3.5 3.0 0.0 0.0 0.0 1.5
1785427835.74,48,1,15.00,40.933,25.12,250.09,0.1584,0.2542,0.0401,0.2717,0.0797,0.1940,0.0616,0.0689,0.0709,0.0679,0.0865,0.0455,0.0528,0.0914,3.0 2.0 3.0 1.5 0.5 0.5 3.0 4.0 0.0 1.0 2.0 0.0 2.5 1.0 2.5 1.0 0.5 1.5 0.0 1.0 2.5 1.5 0.5 2.5 0.5 0.0 1.5 0.0 4.0 1.0 2.5 1.5 2.0 2.0 3.5 1.0 1.5 0.0 0.5 0.0 3.5 1.5 1.0 3.5 2.0 2.5 0.0 3.0 0.5 0.0 3.0 0.0 4.0 1.0 3.5 2.5 0.0 2.0 2.5 2.0 2.5 4.0 0.0 3.0 2.0 2.5 4.0 0.0 2.5 0.0 3.0 1.0 2.0 1.0 2.5 3.5 4.0 0.5 2.5 4.0 3.0 0.0 0.5 2.0 0.0 1.5 4.0 2.5 0.5 2.0 1.0 1.0 1.5 1.5 3.5 3.0 1.0 2.0 0.0 0.0 0.0 0.5 4.0 1.5 0.0 3.5 2.5 0.0 3.5 2.0 3.0 0.0 0.0 0.0 0.0 0.0 3.0 0.0 0.0 2.0 0.0 3.5 3.5 3.0 0.0 0.0 0.0 1.5
1785427835.84,48,2,15.00,40.933,25.12,250.09,0.1574,0.2576,0.0401,0.2713,0.0777,0.1931,0.0640,0.0714,0.0723,0.0704,0.0860,0.0455,0.0538,0.0904,3.0 2.0 3.0 1.5 0.5 0.5 3.0 4.0 0.0 1.0 2.0 0.0 2.5 1.0 2.5 1.0 0.5 1.5 0.0 1.0 2.5 1.5 0.5 2.5 0.5 0.0 1.5 0.0 4.0 1.0 2.5 1.5 2.0 2.0 3.5 1.0 1.5 0.0 0.5 0.0 3.5 1.5 1.0 3.5 2.0 2.5 0.0 3.0 0.5 0.0 3.0 0.0 4.0 1.0 3.5 2.5 0.0 2.0 2.5 2.0 2.5 4.0 0.0 3.0 2.0 2.5 4.0 0.0 2.5 0.0 3.0 1.0 2.0 1.0 2.5 3.5 4.0 0.5 2.5 4.0 3.0 0.0 0.5 2.0 0.0 1.5 4.0 2.5 0.5 2.0 1.0 1.0 1.5 1.5 3.5 3.0 1.0 2.0 0.0 0.0 0.0 0.5 4.0 1.5 0.0 3.5 2.5 0.0 3.5 2.0 3.0 0.0 0.0 0.0 0.0 0.0 3.0 0.0 0.0 2.0 0.0 3.5 3.5 3.0 0.0 0.0 0.0 1.5
1785427836.51,49,0,15.00,40.893,25.12,250.09,0.1647,0.2669,0.0440,0.2586,0.1388,0.2708,0.0606,0.1095,0.1207,0.1706,0.1344,0.0733,0.2840,0.1197,0.0 3.0 2.0 0.5 2.0 0.5 1.0 2.5 2.5 1.5 4.0 2.0 0.0 2.5 4.0 1.0 3.5 2.0 4.0 3.5 3.0 0.0 3.0 2.5 0.5 3.5 2.5 0.0 4.0 3.0 3.5 0.5 1.5 1.0 3.5 0.0 0.5 1.5 0.0 0.0 3.5 1.5 0.0 1.0 4.0 2.0 1.5 3.0 2.0 2.5 1.0 0.0 3.5 4.0 0.5 0.5 2.5 3.5 3.5 2.0 2.5 1.0 0.0 0.0 3.0 1.5 3.5 1.0 3.5 4.0 0.0 1.0 0.0 1.0 1.0 0.0 1.0 3.5 1.0 0.0 0.5 3.0 1.0 1.0 3.0 0.0 1.5 4.0 2.5 0.0 2.0 1.0 3.5 3.0 2.5 2.0 3.5 3.0 0.0 0.0 0.0 2.0 1.5 0.0 0.0 1.5 4.0 1.0 0.5 0.5 0.5 0.0 0.0 0.0 0.0 0.0 2.5 2.0 0.0 3.5 0.0 1.5 3.0 1.0 0.0 0.0 0.0 1.0
1785427836.61,49,1,15.00,40.893,25.12,250.09,0.1598,0.2659,0.0455,0.2576,0.1388,0.2732,0.0577,0.1124,0.1241,0.1686,0.1310,0.0699,0.2815,0.1193,0.0 3.0 2.0 0.5 2.0 0.5 1.0 2.5 2.5 1.5 4.0 2.0 0.0 2.5 4.0 1.0 3.5 2.0 4.0 3.5 3.0 0.0 3.0 2.5 0.5 3.5 2.5 0.0 4.0 3.0 3.5 0.5 1.5 1.0 3.5 0.0 0.5 1.5 0.0 0.0 3.5 1.5 0.0 1.0 4.0 2.0 1.5 3.0 2.0 2.5 1.0 0.0 3.5 4.0 0.5 0.5 2.5 3.5 3.5 2.0 2.5 1.0 0.0 0.0 3.0 1.5 3.5 1.0 3.5 4.0 0.0 1.0 0.0 1.0 1.0 0.0 1.0 3.5 1.0 0.0 0.5 3.0 1.0 1.0 3.0 0.0 1.5 4.0 2.5 0.0 2.0 1.0 3.5 3.0 2.5 2.0 3.5 3.0 0.0 0.0 0.0 2.0 1.5 0.0 0.0 1.5 4.0 1.0 0.5 0.5 0.5 0.0 0.0 0.0 0.0 0.0 2.5 2.0 0.0 3.5 0.0 1.5 3.0 1.0 0.0 0.0 0.0 1.0
1785427836.71,49,2,15.00,40.893,25.12,250.09,0.1642,0.2659,0.0479,0.2551,0.1403,0.2722,0.0591,0.1124,0.1237,0.1696,0.1344,0.0762,0.2820,0.1178,0.0 3.0 2.0 0.5 2.0 0.5 1.0 2.5 2.5 1.5 4.0 2.0 0.0 2.5 4.0 1.0 3.5 2.0 4.0 3.5 3.0 0.0 3.0 2.5 0.5 3.5 2.5 0.0 4.0 3.0 3.5 0.5 1.5 1.0 3.5 0.0 0.5 1.5 0.0 0.0 3.5 1.5 0.0 1.0 4.0 2.0 1.5 3.0 2.0 2.5 1.0 0.0 3.5 4.0 0.5 0.5 2.5 3.5 3.5 2.0 2.5 1.0 0.0 0.0 3.0 1.5 3.5 1.0 3.5 4.0 0.0 1.0 0.0 1.0 1.0 0.0 1.0 3.5 1.0 0.0 0.5 3.0 1.0 1.0 3.0 0.0 1.5 4.0 2.5 0.0 2.0 1.0 3.5 3.0 2.5 2.0 3.5 3.0 0.0 0.0 0.0 2.0 1.5 0.0 0.0 1.5 4.0 1.0 0.5 0.5 0.5 0.0 0.0 0.0 0.0 0.0 2.5 2.0 0.0 3.5 0.0 1.5 3.0 1.0 0.0 0.0 0.0 1.0
1785427837.40,50,0,15.00,40.813,25.12,250.09,0.1564,0.2581,0.0440,0.1784,0.0714,0.2370,0.0455,0.0753,0.3192,0.0640,0.3192,0.0811,0.3270,0.1178,0.5 2.0 2.5 1.0 1.5 1.5 4.0 2.0 1.5 4.0 0.5 0.0 2.0 1.5 0.5 4.0 0.0 2.5 1.0 1.5 4.0 3.0 0.0 4.0 2.5 3.0 2.5 4.0 3.5 2.5 0.0 1.0 1.5 0.5 0.5 4.0 0.0 0.5 4.0 0.0 3.5 0.5 2.5 3.5 1.5 1.0 1.0 1.0 0.0 2.0 4.0 0.0 0.5 2.5 3.0 3.0 1.5 2.5 3.0 4.0 2.0 0.0 0.0 1.0 3.0 0.0 3.0 3.5 2.0 0.0 0.5 2.0 1.5 0.5 0.0 4.0 3.0 0.5 4.0 2.0 3.5 1.0 2.0 0.5 3.0 3.5 1.0 1.5 1.5 2.5 1.5 1.5 3.5 3.5 1.5 4.0 2.5 3.0 0.0 0.0 0.0 3.5 0.0 4.0 4.0 3.0 2.0 2.0 2.5 3.5 0.0 0.0 0.0 0.0 0.0 0.0 1.5 2.0 0.0 2.0 0.0 1.0 3.5 2.5 0.0 0.0 0.0 0.0
1785427837.49,50,1,15.00,40.813,25.12,250.09,0.1608,0.2566,0.0425,0.1774,0.0709,0.2375,0.0445,0.0728,0.3167,0.0626,0.3206,0.0802,0.3240,0.1173,0.5 2.0 2.5 1.0 1.5 1.5 4.0 2.0 1.5 4.0 0.5 0.0 2.0 1.5 0.5 4.0 0.0 2.5 1.0 1.5 4.0 3.0 0.0 4.0 2.5 3.0 2.5 4.0 3.5 2.5 0.0 1.0 1.5 0.5 0.5 4.0 0.0 0.5 4.0 0.0 3.5 0.5 2.5 3.5 1.5 1.0 1.0 1.0 0.0 2.0 4.0 0.0 0.5 2.5 3.0 3.0 1.5 2.5 3.0 4.0 2.0 0.0 0.0 1.0 3.0 0.0 3.0 3.5 2.0 0.0 0.5 2.0 1.5 0.5 0.0 4.0 3.0 0.5 4.0 2.0 3.5 1.0 2.0 0.5 3.0 3.5 1.0 1.5 1.5 2.5 1.5 1.5 3.5 3.5 1.5 4.0 2.5 3.0 0.0 0.0 0.0 3.5 0.0 4.0 4.0 3.0 2.0 2.0 2.5 3.5 0.0 0.0 0.0 0.0 0.0 0.0 1.5 2.0 0.0 2.0 0.0 1.0 3.5 2.5 0.0 0.0 0.0 0.0
1785427837.59,50,2,15.00,40.813,25.12,250.09,0.1623,0.2605,0.0450,0.1804,0.0753,0.2390,0.0455,0.0738,0.3192,0.0650,0.3216,0.0836,0.3270,0.1188,0.5 2.0 2.5 1.0 1.5 1.5 4.0 2.0 1.5 4.0 0.5 0.0 2.0 1.5 0.5 4.0 0.0 2.5 1.0 1.5 4.0 3.0 0.0 4.0 2.5 3.0 2.5 4.0 3.5 2.5 0.0 1.0 1.5 0.5 0.5 4.0 0.0 0.5 4.0 0.0 3.5 0.5 2.5 3.5 1.5 1.0 1.0 1.0 0.0 2.0 4.0 0.0 0.5 2.5 3.0 3.0 1.5 2.5 3.0 4.0 2.0 0.0 0.0 1.0 3.0 0.0 3.0 3.5 2.0 0.0 0.5 2.0 1.5 0.5 0.0 4.0 3.0 0.5 4.0 2.0 3.5 1.0 2.0 0.5 3.0 3.5 1.0 1.5 1.5 2.5 1.5 1.5 3.5 3.5 1.5 4.0 2.5 3.0 0.0 0.0 0.0 3.5 0.0 4.0 4.0 3.0 2.0 2.0 2.5 3.5 0.0 0.0 0.0 0.0 0.0 0.0 1.5 2.0 0.0 2.0 0.0 1.0 3.5 2.5 0.0 0.0 0.0 0.0
1785427838.27,51,0,15.00,40.813,25.12,250.09,0.1574,0.2537,0.0455,0.1916,0.1002,0.1994,0.0587,0.1774,0.2312,0.1031,0.1804,0.0562,0.1065,0.1090,1.5 3.5 0.5 3.5 0.5 4.0 0.5 1.0 0.0 2.5 1.0 4.0 2.5 0.0 3.5 3.5 3.0 3.5 0.5 2.5 2.5 2.5 0.0 4.0 0.0 1.5 3.0 1.5 1.5 1.5 1.5 2.0 0.5 3.0 4.0 1.5 4.0 1.5 4.0 0.0 0.5 1.0 2.0 1.5 0.5 2.5 2.5 0.5 4.0 1.0 2.0 0.0 3.0 0.5 4.0 4.0 4.0 1.5 3.0 2.0 0.0 3.5 0.0 0.0 3.0 2.0 2.0 0.5 3.5 2.5 1.0 0.5 0.5 0.5 2.5 2.5 1.5 2.0 2.0 0.5 3.0 3.5 2.0 3.0 4.0 3.0 0.5 0.0 3.5 2.5 3.5 3.0 0.5 1.5 2.0 3.0 3.5 4.0 0.0 0.0 0.0 1.5 2.0 2.0 0.5 3.0 1.0 3.5 3.5 1.5 3.0 0.0 0.0 0.0 0.0 0.0 3.5 0.5 0.0 3.5 0.0 2.5 0.5 2.5 0.0 0.0 0.0 3.0
1785427838.37,51,1,15.00,40.813,25.12,250.09,0.1549,0.2546,0.0425,0.1901,0.1026,0.1989,0.0582,0.1730,0.2351,0.1012,0.1799,0.0518,0.1085,0.1051,1.5 3.5 0.5 3.5 0.5 4.0 0.5 1.0 0.0 2.5 1.0 4.0 2.5 0.0 3.5 3.5 3.0 3.5 0.5 2.5 2.5 2.5 0.0 4.0 0.0 1.5 3.0 1.5 1.5 1.5 1.5 2.0 0.5 3.0 4.0 1.5 4.0 1.5 4.0 0.0 0.5 1.0 2.0 1.5 0.5 2.5 2.5 0.5 4.0 1.0 2.0 0.0 3.0 0.5 4.0 4.0 4.0 1.5 3.0 2.0 0.0 3.5 0.0 0.0 3.0 2.0 2.0 0.5 3.5 2.5 1.0 0.5 0.5 0.5 2.5 2.5 1.5 2.0 2.0 0.5 3.0 3.5 2.0 3.0 4.0 3.0 0.5 0.0 3.5 2.5 3.5 3.0 0.5 1.5 2.0 3.0 3.5 4.0 0.0 0.0 0.0 1.5 2.0 2.0 0.5 3.0 1.0 3.5 3.5 1.5 3.0 0.0 0.0 0.0 0.0 0.0 3.5 0.5 0.0 3.5 0.0 2.5 0.5 2.5 0.0 0.0 0.0 3.0
1785427838.47,51,2,15.00,40.813,25.12,250.09,0.1544,0.2556,0.0411,0.1940,0.0973,0.1999,0.0582,0.1745,0.2336,0.0987,0.1804,0.0523,0.1080,0.1080,1.5 3.5 0.5 3.5 0.5 4.0 0.5 1.0 0.0 2.5 1.0 4.0 2.5 0.0 3.5 3.5 3.0 3.5 0.5 2.5 2.5 2.5 0.0 4.0 0.0 1.5 3.0 1.5 1.5 1.5 1.5 2.0 0.5 3.0 4.0 1.5 4.0 1.5 4.0 0.0 0.5 1.0 2.0 1.5 0.5 2.5 2.5 0.5 4.0 1.0 2.0 0.0 3.0 0.5 4.0 4.0 4.0 1.5 3.0 2.0 0.0 3.5 0.0 0.0 3.0 2.0 2.0 0.5 3.5 2.5 1.0 0.5 0.5 0.5 2.5 2.5 1.5 2.0 2.0 0.5 3.0 3.5 2.0 3.0 4.0 3.0 0.5 0.0 3.5 2.5 3.5 3.0 0.5 1.5 2.0 3.0 3.5 4.0 0.0 0.0 0.0 1.5 2.0 2.0 0.5 3.0 1.0 3.5 3.5 1.5 3.0 0.0 0.0 0.0 0.0 0.0 3.5 0.5 0.0 3.5 0.0 2.5 0.5 2.5 0.0 0.0 0.0 3.0
1785427839.15,52,0,15.00,40.813,25.12,250.09,0.1579,0.2473,0.0420,0.1808,0.0455,0.2092,0.0494,0.0880,0.2219,0.1329,0.1408,0.0479,0.1647,0.1251,1.5 3.5 1.0 3.5 0.5 1.5 3.5 0.5 4.0 0.5 0.0 3.5 4.0 1.5 4.0 3.5 2.0 2.5 1.5 0.5 4.0 1.5 1.0 3.5 3.0 3.5 2.5 1.5 2.0 3.5 3.0 0.0 3.5 2.0 4.0 0.5 3.5 4.0 3.0 0.0 3.0 2.5 1.5 3.0 4.0 2.5 0.0 1.5 2.0 3.5 1.0 0.0 1.5 4.0 1.0 0.0 1.0 2.0 4.0 1.0 1.0 3.0 0.0 3.0 2.0 0.5 3.5 2.5 3.0 4.0 3.0 1.0 1.0 0.5 0.5 1.0 1.5 2.5 0.0 1.0 1.0 1.5 2.5 1.0 0.5 2.0 0.0 4.0 2.5 3.0 3.5 0.0 0.5 0.0 4.0 0.0 1.5 0.5 0.0 0.0 0.0 2.0 0.5 2.5 2.0 2.0 3.0 2.5 3.5 0.0 1.0 0.0 0.0 0.0 0.0 0.0 2.0 2.5 0.0 3.0 0.0 0.5 0.5 2.5 0.0 0.0 0.0 4.0
1785427839.24,52,1,15.00,40.813,25.12,250.09,0.1564,0.2488,0.0455,0.1813,0.0489,0.2053,0.0489,0.0836,0.2239,0.1300,0.1383,0.0464,0.1647,0.1227,1.5 3.5 1.0 3.5 0.5 1.5 3.5 0.5 4.0 0.5 0.0 3.5 4.0 1.5 4.0 3.5 2.0 2.5 1.5 0.5 4.0 1.5 1.0 3.5 3.0 3.5 2.5 1.5 2.0 3.5 3.0 0.0 3.5 2.0 4.0 0.5 3.5 4.0 3.0 0.0 3.0 2.5 1.5 3.0 4.0 2.5 0.0 1.5 2.0 3.5 1.0 0.0 1.5 4.0 1.0 0.0 1.0 2.0 4.0 1.0 1.0 3.0 0.0 3.0 2.0 0.5 3.5 2.5 3.0 4.0 3.0 1.0 1.0 0.5 0.5 1.0 1.5 2.5 0.0 1.0 1.0 1.5 2.5 1.0 0.5 2.0 0.0 4.0 2.5 3.0 3.5 0.0 0.5 0.0 4.0 0.0 1.5 0.5 0.0 0.0 0.0 2.0 0.5 2.5 2.0 2.0 3.0 2.5 3.5 0.0 1.0 0.0 0.0 0.0 0.0 0.0 2.0 2.5 0.0 3.0 0.0 0.5 0.5 2.5 0.0 0.0 0.0 4.0
1785427839.34,52,2,15.00,40.813,25.12,250.09,0.1554,0.2493,0.0459,0.1818,0.0469,0.2102,0.0489,0.0890,0.2224,0.1334,0.1359,0.0479,0.1642,0.1246,1.5 3.5 1.0 3.5 0.5 1.5 3.5 0.5 4.0 0.5 0.0 3.5 4.0 1.5 4.0 3.5 2.0 2.5 1.5 0.5 4.0 1.5 1.0 3.5 3.0 3.5 2.5 1.5 2.0 3.5 3.0 0.0 3.5 2.0 4.0 0.5 3.5 4.0 3.0 0.0 3.0 2.5 1.5 3.0 4.0 2.5 0.0 1.5 2.0 3.5 1.0 0.0 1.5 4.0 1.0 0.0 1.0 2.0 4.0 1.0 1.0 3.0 0.0 3.0 2.0 0.5 3.5 2.5 3.0 4.0 3.0 1.0 1.0 0.5 0.5 1.0 1.5 2.5 0.0 1.0 1.0 1.5 2.5 1.0 0.5 2.0 0.0 4.0 2.5 3.0 3.5 0.0 0.5 0.0 4.0 0.0 1.5 0.5 0.0 0.0 0.0 2.0 0.5 2.5 2.0 2.0 3.0 2.5 3.5 0.0 1.0 0.0 0.0 0.0 0.0 0.0 2.0 2.5 0.0 3.0 0.0 0.5 0.5 2.5 0.0 0.0 0.0 4.0
1785427840.02,53,0,15.00,40.813,25.12,250.09,0.1588,0.2527,0.0459,0.2727,0.1720,0.2239,0.0528,0.0528,0.3006,0.0425,0.3113,0.0455,0.3133,0.1295,0.5 0.0 3.0 3.5 1.5 1.5 4.0 1.0 0.0 3.5 2.5 3.5 0.0 2.5 4.0 1.5 2.5 3.5 3.0 0.5 3.5 1.5 2.0 1.5 3.0 0.5 1.5 1.5 4.0 1.5 3.0 0.5 2.5 0.5 4.0 4.0 2.0 0.0 1.0 0.0 0.5 3.5 4.0 1.0 4.0 3.0 1.5 2.5 0.0 4.0 2.5 0.0 3.5 1.5 3.0 4.0 3.0 0.5 1.0 3.5 1.0 0.0 0.0 0.0 0.5 1.0 1.0 3.5 0.5 2.0 3.5 4.0 0.5 3.5 2.0 0.0 0.5 0.0 3.0 1.5 3.0 0.0 0.0 4.0 0.5 0.0 2.5 1.0 1.5 0.0 1.0 2.5 2.5 0.0 3.5 3.0 2.0 0.5 0.0 0.0 0.0 1.0 1.5 2.0 0.0 2.5 2.0 0.5 4.0 3.0 2.5 0.0 0.0 0.0 0.0 0.0 2.0 3.5 0.0 2.5 0.0 0.0 2.0 2.5 0.0 0.0 0.0 1.5
1785427840.12,53,1,15.00,40.813,25.12,250.09,0.1598,0.2512,0.0430,0.2688,0.1720,0.2229,0.0513,0.0499,0.3021,0.0435,0.3128,0.0464,0.3128,0.1300,0.5 0.0 3.0 3.5 1.5 1.5 4.0 1.0 0.0 3.5 2.5 3.5 0.0 2.5 4.0 1.5 2.5 3.5 3.0 0.5 3.5 1.5 2.0 1.5 3.0 0.5 1.5 1.5 4.0 1.5 3.0 0.5 2.5 0.5 4.0 4.0 2.0 0.0 1.0 0.0 0.5 3.5 4.0 1.0 4.0 3.0 1.5 2.5 0.0 4.0 2.5 0.0 3.5 1.5 3.0 4.0 3.0 0.5 1.0 3.5 1.0 0.0 0.0 0.0 0.5 1.0 1.0 3.5 0.5 2.0 3.5 4.0 0.5 3.5 2.0 0.0 0.5 0.0 3.0 1.5 3.0 0.0 0.0 4.0 0.5 0.0 2.5 1.0 1.5 0.0 1.0 2.5 2.5 0.0 3.5 3.0 2.0 0.5 0.0 0.0 0.0 1.0 1.5 2.0 0.0 2.5 2.0 0.5 4.0 3.0 2.5 0.0 0.0 0.0 0.0 0.0 2.0 3.5 0.0 2.5 0.0 0.0 2.0 2.5 0.0 0.0 0.0 1.5
1785427840.22,53,2,15.00,40.813,25.12,250.09,0.1598,0.2527,0.0459,0.2732,0.1706,0.2229,0.0513,0.0503,0.3035,0.0445,0.3133,0.0489,0.3128,0.1325,0.5 0.0 3.0 3.5 1.5 1.5 4.0 1.0 0.0 3.5 2.5 3.5 0.0 2.5 4.0 1.5 2.5 3.5 3.0 0.5 3.5 1.5 2.0 1.5 3.0 0.5 1.5 1.5 4.0 1.5 3.0 0.5 2.5 0.5 4.0 4.0 2.0 0.0 1.0 0.0 0.5 3.5 4.0 1.0 4.0 3.0 1.5 2.5 0.0 4.0 2.5 0.0 3.5 1.5 3.0 4.0 3.0 0.5 1.0 3.5 1.0 0.0 0.0 0.0 0.5 1.0 1.0 3.5 0.5 2.0 3.5 4.0 0.5 3.5 2.0 0.0 0.5 0.0 3.0 1.5 3.0 0.0 0.0 4.0 0.5 0.0 2.5 1.0 1.5 0.0 1.0 2.5 2.5 0.0 3.5 3.0 2.0 0.5 0.0 0.0 0.0 1.0 1.5 2.0 0.0 2.5 2.0 0.5 4.0 3.0 2.5 0.0 0.0 0.0 0.0 0.0 2.0 3.5 0.0 2.5 0.0 0.0 2.0 2.5 0.0 0.0 0.0 1.5
1785427840.90,54,0,15.00,40.793,25.12,250.09,0.1642,0.2786,0.0508,0.1246,0.0718,0.2322,0.1119,0.0806,0.2058,0.1857,0.2757,0.0503,0.2195,0.1334,3.0 0.5 1.0 4.0 1.0 0.5 1.0 1.0 2.5 1.5 1.0 4.0 0.5 2.0 4.0 0.5 3.0 3.5 2.5 1.0 3.0 0.0 2.5 3.0 2.0 4.0 1.5 4.0 0.5 0.0 1.0 2.0 2.5 0.5 0.5 1.0 2.5 0.5 3.0 0.0 3.5 1.5 1.0 1.5 4.0 1.5 2.0 0.5 2.5 0.5 3.5 0.0 1.0 3.0 2.0 3.5 3.0 0.5 1.0 2.0 3.0 2.0 0.0 2.5 0.0 2.5 3.0 2.0 2.0 2.0 2.5 3.5 3.5 0.5 3.0 3.0 3.0 1.5 1.0 0.0 2.0 0.5 4.0 3.0 1.5 1.0 2.0 1.5 0.5 2.0 3.0 1.5 1.0 2.0 0.5 1.0 3.5 3.5 0.0 0.0 0.0 0.5 0.5 2.5 3.0 1.0 4.0 2.0 0.0 4.0 4.0 0.0 0.0 0.0 0.0 0.0 3.0 3.5 0.0 3.0 0.0 1.0 0.0 3.0 0.0 0.0 0.0 0.0
1785427841.00,54,1,15.00,40.793,25.12,250.09,0.1608,0.2766,0.0479,0.1276,0.0723,0.2297,0.1149,0.0782,0.2048,0.1862,0.2742,0.0494,0.2165,0.1364,3.0 0.5 1.0 4.0 1.0 0.5 1.0 1.0 2.5 1.5 1.0 4.0 0.5 2.0 4.0 0.5 3.0 3.5 2.5 1.0 3.0 0.0 2.5 3.0 2.0 4.0 1.5 4.0 0.5 0.0 1.0 2.0 2.5 0.5 0.5 1.0 2.5 0.5 3.0 0.0 3.5 1.5 1.0 1.5 4.0 1.5 2.0 0.5 2.5 0.5 3.5 0.0 1.0 3.0 2.0 3.5 3.0 0.5 1.0 2.0 3.0 2.0 0.0 2.5 0.0 2.5 3.0 2.0 2.0 2.0 2.5 3.5 3.5 0.5 3.0 3.0 3.0 1.5 1.0 0.0 2.0 0.5 4.0 3.0 1.5 1.0 2.0 1.5 0.5 2.0 3.0 1.5 1.0 2.0 0.5 1.0 3.5 3.5 0.0 0.0 0.0 0.5 0.5 2.5 3.0 1.0 4.0 2.0 0.0 4.0 4.0 0.0 0.0 0.0 0.0 0.0 3.0 3.5 0.0 3.0 0.0 1.0 0.0 3.0 0.0 0.0 0.0 0.0
1785427841.10,54,2,15.00,40.793,25.12,250.09,0.1584,0.2766,0.0508,0.1237,0.0699,0.2307,0.1139,0.0802,0.2048,0.1828,0.2737,0.0508,0.2199,0.1349,3.0 0.5 1.0 4.0 1.0 0.5 1.0 1.0 2.5 1.5 1.0 4.0 0.5 2.0 4.0 0.5 3.0 3.5 2.5 1.0 3.0 0.0 2.5 3.0 2.0 4.0 1.5 4.0 0.5 0.0 1.0 2.0 2.5 0.5 0.5 1.0 2.5 0.5 3.0 0.0 3.5 1.5 1.0 1.5 4.0 1.5 2.0 0.5 2.5 0.5 3.5 0.0 1.0 3.0 2.0 3.5 3.0 0.5 1.0 2.0 3.0 2.0 0.0 2.5 0.0 2.5 3.0 2.0 2.0 2.0 2.5 3.5 3.5 0.5 3.0 3.0 3.0 1.5 1.0 0.0 2.0 0.5 4.0 3.0 1.5 1.0 2.0 1.5 0.5 2.0 3.0 1.5 1.0 2.0 0.5 1.0 3.5 3.5 0.0 0.0 0.0 0.5 0.5 2.5 3.0 1.0 4.0 2.0 0.0 4.0 4.0 0.0 0.0 0.0 0.0 0.0 3.0 3.5 0.0 3.0 0.0 1.0 0.0 3.0 0.0 0.0 0.0 0.0
1785427841.78,55,0,15.00,40.813,25.12,250.09,0.1442,0.2522,0.0367,0.1906,0.0621,0.2195,0.1041,0.0831,0.3045,0.1716,0.2512,0.0411,0.3148,0.1173,2.5 3.0 1.0 2.0 2.0 3.5 1.5 1.5 2.5 2.5 1.5 1.0 2.0 1.5 0.5 2.0 2.0 0.5 1.5 1.5 0.0 1.5 0.0 1.0 1.0 3.0 1.0 2.5 2.5 1.5 3.5 2.5 1.5 2.0 0.0 1.0 1.0 0.5 0.5 0.0 3.0 4.0 0.0 0.0 0.0 3.5 2.5 0.0 1.0 0.0 1.0 0.0 2.5 3.0 4.0 4.0 3.5 2.0 0.5 0.0 2.5 2.5 0.0 2.0 3.0 4.0 0.5 1.0 1.0 3.5 0.5 2.0 3.5 2.5 4.0 3.5 3.5 3.5 1.5 2.5 3.5 2.5 2.0 0.5 1.5 1.5 2.0 2.5 0.5 4.0 4.0 1.5 3.5 4.0 0.5 1.0 2.5 0.0 0.0 0.0 0.0 0.0 2.0 0.0 3.0 0.5 2.5 2.5 4.0 1.0 4.0 0.0 0.0 0.0 0.0 0.0 3.5 4.0 0.0 2.5 0.0 1.0 3.5 0.0 0.0 0.0 0.0 4.0
1785427841.88,55,1,15.00,40.813,25.12,250.09,0.1466,0.2483,0.0367,0.1911,0.0606,0.2278,0.1007,0.0826,0.3094,0.1720,0.2542,0.0376,0.3187,0.1178,2.5 3.0 1.0 2.0 2.0 3.5 1.5 1.5 2.5 2.5 1.5 1.0 2.0 1.5 0.5 2.0 2.0 0.5 1.5 1.5 0.0 1.5 0.0 1.0 1.0 3.0 1.0 2.5 2.5 1.5 3.5 2.5 1.5 2.0 0.0 1.0 1.0 0.5 0.5 0.0 3.0 4.0 0.0 0.0 0.0 3.5 2.5 0.0 1.0 0.0 1.0 0.0 2.5 3.0 4.0 4.0 3.5 2.0 0.5 0.0 2.5 2.5 0.0 2.0 3.0 4.0 0.5 1.0 1.0 3.5 0.5 2.0 3.5 2.5 4.0 3.5 3.5 3.5 1.5 2.5 3.5 2.5 2.0 0.5 1.5 1.5 2.0 2.5 0.5 4.0 4.0 1.5 3.5 4.0 0.5 1.0 2.5 0.0 0.0 0.0 0.0 0.0 2.0 0.0 3.0 0.5 2.5 2.5 4.0 1.0 4.0 0.0 0.0 0.0 0.0 0.0 3.5 4.0 0.0 2.5 0.0 1.0 3.5 0.0 0.0 0.0 0.0 4.0
1785427841.98,55,2,15.00,40.813,25.12,250.09,0.1447,0.2478,0.0381,0.1916,0.0606,0.2234,0.1031,0.0792,0.3079,0.1730,0.2551,0.0420,0.3192,0.1183,2.5 3.0 1.0 2.0 2.0 3.5 1.5 1.5 2.5 2.5 1.5 1.0 2.0 1.5 0.5 2.0 2.0 0.5 1.5 1.5 0.0 1.5 0.0 1.0 1.0 3.0 1.0 2.5 2.5 1.5 3.5 2.5 1.5 2.0 0.0 1.0 1.0 0.5 0.5 0.0 3.0 4.0 0.0 0.0 0.0 3.5 2.5 0.0 1.0 0.0 1.0 0.0 2.5 3.0 4.0 4.0 3.5 2.0 0.5 0.0 2.5 2.5 0.0 2.0 3.0 4.0 0.5 1.0 1.0 3.5 0.5 2.0 3.5 2.5 4.0 3.5 3.5 3.5 1.5 2.5 3.5 2.5 2.0 0.5 1.5 1.5 2.0 2.5 0.5 4.0 4.0 1.5 3.5 4.0 0.5 1.0 2.5 0.0 0.0 0.0 0.0 0.0 2.0 0.0 3.0 0.5 2.5 2.5 4.0 1.0 4.0 0.0 0.0 0.0 0.0 0.0 3.5 4.0 0.0 2.5 0.0 1.0 3.5 0.0 0.0 0.0 0.0 4.0
1785427842.66,56,0,15.00,40.913,25.12,250.09,0.1628,0.2605,0.0455,0.2713,0.0870,0.2395,0.0860,0.0679,0.2947,0.2151,0.3265,0.0635,0.2835,0.1017,1.0 0.5 0.5 1.0 1.0 1.5 3.5 1.5 3.0 1.0 2.0 3.0 0.5 0.5 1.5 3.0 3.5 1.5 4.0 2.0 2.5 2.5 3.0 2.5 1.0 1.0 3.5 2.0 1.5 1.5 2.5 4.0 3.0 2.5 3.5 1.0 3.0 1.0 2.0 0.0 0.0 3.0 0.0 0.5 3.5 1.0 1.0 0.5 2.5 2.5 4.0 0.0 1.5 0.5 2.0 4.0 1.0 0.5 3.0 3.5 0.5 3.0 0.0 4.0 3.5 3.0 1.5 2.0 1.0 4.0 2.5 2.0 2.5 4.0 3.5 0.5 0.5 3.0 1.5 1.5 1.0 3.5 1.5 2.5 1.0 2.5 0.5 2.5 1.0 1.5 4.0 3.5 3.0 2.5 2.5 1.0 3.5 1.5 0.0 0.0 0.0 2.5 3.0 2.0 1.5 2.0 0.0 0.0 0.5 3.0 2.5 0.0 0.0 0.0 0.0 0.0 1.5 0.0 0.0 3.5 0.0 0.5 1.5 3.5 0.0 0.0 0.0 3.0
1785427842.76,56,1,15.00,40.913,25.12,250.09,0.1603,0.2615,0.0459,0.2703,0.0850,0.2434,0.0880,0.0635,0.2952,0.2102,0.3275,0.0626,0.2840,0.0992,1.0 0.5 0.5 1.0 1.0 1.5 3.5 1.5 3.0 1.0 2.0 3.0 0.5 0.5 1.5 3.0 3.5 1.5 4.0 2.0 2.5 2.5 3.0 2.5 1.0 1.0 3.5 2.0 1.5 1.5 2.5 4.0 3.0 2.5 3.5 1.0 3.0 1.0 2.0 0.0 0.0 3.0 0.0 0.5 3.5 1.0 1.0 0.5 2.5 2.5 4.0 0.0 1.5 0.5 2.0 4.0 1.0 0.5 3.0 3.5 0.5 3.0 0.0 4.0 3.5 3.0 1.5 2.0 1.0 4.0 2.5 2.0 2.5 4.0 3.5 0.5 0.5 3.0 1.5 1.5 1.0 3.5 1.5 2.5 1.0 2.5 0.5 2.5 1.0 1.5 4.0 3.5 3.0 2.5 2.5 1.0 3.5 1.5 0.0 0.0 0.0 2.5 3.0 2.0 1.5 2.0 0.0 0.0 0.5 3.0 2.5 0.0 0.0 0.0 0.0 0.0 1.5 0.0 0.0 3.5 0.0 0.5 1.5 3.5 0.0 0.0 0.0 3.0
1785427842.86,56,2,15.00,40.913,25.12,250.09,0.1579,0.2630,0.0455,0.2678,0.0880,0.2424,0.0846,0.0621,0.2942,0.2126,0.3270,0.0640,0.2835,0.1002,1.0 0.5 0.5 1.0 1.0 1.5 3.5 1.5 3.0 1.0 2.0 3.0 0.5 0.5 1.5 3.0 3.5 1.5 4.0 2.0 2.5 2.5 3.0 2.5 1.0 1.0 3.5 2.0 1.5 1.5 2.5 4.0 3.0 2.5 3.5 1.0 3.0 1.0 2.0 0.0 0.0 3.0 0.0 0.5 3.5 1.0 1.0 0.5 2.5 2.5 4.0 0.0 1.5 0.5 2.0 4.0 1.0 0.5 3.0 3.5 0.5 3.0 0.0 4.0 3.5 3.0 1.5 2.0 1.0 4.0 2.5 2.0 2.5 4.0 3.5 0.5 0.5 3.0 1.5 1.5 1.0 3.5 1.5 2.5 1.0 2.5 0.5 2.5 1.0 1.5 4.0 3.5 3.0 2.5 2.5 1.0 3.5 1.5 0.0 0.0 0.0 2.5 3.0 2.0 1.5 2.0 0.0 0.0 0.5 3.0 2.5 0.0 0.0 0.0 0.0 0.0 1.5 0.0 0.0 3.5 0.0 0.5 1.5 3.5 0.0 0.0 0.0 3.0
1785427843.53,57,0,15.00,40.833,25.12,250.09,0.1608,0.2576,0.0455,0.2732,0.1193,0.2713,0.0572,0.0782,0.1197,0.0826,0.1491,0.0469,0.1031,0.1090,2.5 1.5 1.0 0.5 0.0 2.0 2.0 4.0 1.5 1.0 2.0 0.5 0.5 3.5 2.5 1.5 0.0 2.0 1.5 2.5 2.5 2.5 0.0 3.5 0.0 1.5 0.5 2.0 2.5 0.0 4.0 3.5 1.0 3.0 0.0 1.5 1.0 0.5 4.0 0.0 2.0 2.0 0.5 2.5 1.5 1.0 2.0 0.0 2.0 1.0 2.0 0.0 0.5 4.0 0.5 0.5 3.0 2.0 3.0 0.0 0.0 3.5 0.0 2.5 2.5 3.5 4.0 4.0 2.5 3.0 2.0 1.0 2.0 2.0 2.0 2.5 1.5 1.5 2.5 3.5 1.5 1.0 3.5 0.0 3.5 2.0 1.5 0.0 3.0 3.5 1.5 2.0 1.0 0.5 4.0 4.0 1.0 3.5 0.0 0.0 0.0 2.5 3.5 3.0 0.0 3.0 4.0 0.0 1.5 1.0 3.0 0.0 0.0 0.0 0.0 0.0 3.0 1.0 0.0 1.0 0.0 2.0 4.0 3.5 0.0 0.0 0.0 1.5
1785427843.63,57,1,15.00,40.833,25.12,250.09,0.1584,0.2556,0.0455,0.2688,0.1183,0.2713,0.0557,0.0777,0.1212,0.0811,0.1476,0.0479,0.1085,0.1056,2.5 1.5 1.0 0.5 0.0 2.0 2.0 4.0 1.5 1.0 2.0 0.5 0.5 3.5 2.5 1.5 0.0 2.0 1.5 2.5 2.5 2.5 0.0 3.5 0.0 1.5 0.5 2.0 2.5 0.0 4.0 3.5 1.0 3.0 0.0 1.5 1.0 0.5 4.0 0.0 2.0 2.0 0.5 2.5 1.5 1.0 2.0 0.0 2.0 1.0 2.0 0.0 0.5 4.0 0.5 0.5 3.0 2.0 3.0 0.0 0.0 3.5 0.0 2.5 2.5 3.5 4.0 4.0 2.5 3.0 2.0 1.0 2.0 2.0 2.0 2.5 1.5 1.5 2.5 3.5 1.5 1.0 3.5 0.0 3.5 2.0 1.5 0.0 3.0 3.5 1.5 2.0 1.0 0.5 4.0 4.0 1.0 3.5 0.0 0.0 0.0 2.5 3.5 3.0 0.0 3.0 4.0 0.0 1.5 1.0 3.0 0.0 0.0 0.0 0.0 0.0 3.0 1.0 0.0 1.0 0.0 2.0 4.0 3.5 0.0 0.0 0.0 1.5
1785427843.73,57,2,15.00,40.833,25.12,250.09,0.1588,0.2571,0.0464,0.2722,0.1193,0.2717,0.0562,0.0787,0.1197,0.0811,0.1491,0.0455,0.1046,0.1124,2.5 1.5 1.0 0.5 0.0 2.0 2.0 4.0 1.5 1.0 2.0 0.5 0.5 3.5 2.5 1.5 0.0 2.0 1.5 2.5 2.5 2.5 0.0 3.5 0.0 1.5 0.5 2.0 2.5 0.0 4.0 3.5 1.0 3.0 0.0 1.5 1.0 0.5 4.0 0.0 2.0 2.0 0.5 2.5 1.5 1.0 2.0 0.0 2.0 1.0 2.0 0.0 0.5 4.0 0.5 0.5 3.0 2.0 3.0 0.0 0.0 3.5 0.0 2.5 2.5 3.5 4.0 4.0 2.5 3.0 2.0 1.0 2.0 2.0 2.0 2.5 1.5 1.5 2.5 3.5 1.5 1.0 3.5 0.0 3.5 2.0 1.5 0.0 3.0 3.5 1.5 2.0 1.0 0.5 4.0 4.0 1.0 3.5 0.0 0.0 0.0 2.5 3.5 3.0 0.0 3.0 4.0 0.0 1.5 1.0 3.0 0.0 0.0 0.0 0.0 0.0 3.0 1.0 0.0 1.0 0.0 2.0 4.0 3.5 0.0 0.0 0.0 1.5
1785427844.41,58,0,15.00,40.793,25.12,250.09,0.1584,0.2649,0.0479,0.2151,0.0425,0.2297,0.0533,0.0748,0.3157,0.0890,0.2600,0.0650,0.3128,0.1237,2.0 2.0 1.0 2.0 1.0 1.5 4.0 2.0 1.0 4.0 3.0 0.0 0.5 4.0 1.0 0.5 4.0 1.5 2.5 3.0 2.5 3.5 1.0 2.5 1.0 2.0 0.5 4.0 2.5 1.5 0.5 1.0 2.0 3.5 2.0 2.5 1.0 0.5 1.0 0.0 1.0 0.0 0.0 0.0 2.0 1.5 0.5 3.0 3.0 4.0 2.0 0.0 4.0 4.0 1.5 0.0 1.5 3.0 1.5 0.5 1.0 0.0 0.0 3.0 2.5 3.0 2.0 1.0 1.0 3.5 2.0 2.5 0.0 0.0 1.5 4.0 2.5 4.0 3.5 3.5 3.5 4.0 3.5 1.5 4.0 0.5 1.5 4.0 2.0 0.0 0.0 0.0 2.0 0.5 2.0 2.5 2.0 4.0 0.0 0.0 0.0 4.0 0.0 0.0 2.0 1.0 0.0 1.5 1.5 3.5 0.0 0.0 0.0 0.0 0.0 0.0 2.5 3.5 0.0 3.5 0.0 0.5 0.0 0.5 0.0 0.0 0.0 1.0
1785427844.51,58,1,15.00,40.793,25.12,250.09,0.1667,0.2683,0.0474,0.2131,0.0484,0.2287,0.0543,0.0714,0.3167,0.0899,0.2595,0.0660,0.3162,0.1256,2.0 2.0 1.0 2.0 1.0 1.5 4.0 2.0 1.0 4.0 3.0 0.0 0.5 4.0 1.0 0.5 4.0 1.5 2.5 3.0 2.5 3.5 1.0 2.5 1.0 2.0 0.5 4.0 2.5 1.5 0.5 1.0 2.0 3.5 2.0 2.5 1.0 0.5 1.0 0.0 1.0 0.0 0.0 0.0 2.0 1.5 0.5 3.0 3.0 4.0 2.0 0.0 4.0 4.0 1.5 0.0 1.5 3.0 1.5 0.5 1.0 0.0 0.0 3.0 2.5 3.0 2.0 1.0 1.0 3.5 2.0 2.5 0.0 0.0 1.5 4.0 2.5 4.0 3.5 3.5 3.5 4.0 3.5 1.5 4.0 0.5 1.5 4.0 2.0 0.0 0.0 0.0 2.0 0.5 2.0 2.5 2.0 4.0 0.0 0.0 0.0 4.0 0.0 0.0 2.0 1.0 0.0 1.5 1.5 3.5 0.0 0.0 0.0 0.0 0.0 0.0 2.5 3.5 0.0 3.5 0.0 0.5 0.0 0.5 0.0 0.0 0.0 1.0
1785427844.61,58,2,15.00,40.793,25.12,250.09,0.1623,0.2659,0.0450,0.2126,0.0440,0.2297,0.0499,0.0738,0.3172,0.0860,0.2600,0.0596,0.3177,0.1232,2.0 2.0 1.0 2.0 1.0 1.5 4.0 2.0 1.0 4.0 3.0 0.0 0.5 4.0 1.0 0.5 4.0 1.5 2.5 3.0 2.5 3.5 1.0 2.5 1.0 2.0 0.5 4.0 2.5 1.5 0.5 1.0 2.0 3.5 2.0 2.5 1.0 0.5 1.0 0.0 1.0 0.0 0.0 0.0 2.0 1.5 0.5 3.0 3.0 4.0 2.0 0.0 4.0 4.0 1.5 0.0 1.5 3.0 1.5 0.5 1.0 0.0 0.0 3.0 2.5 3.0 2.0 1.0 1.0 3.5 2.0 2.5 0.0 0.0 1.5 4.0 2.5 4.0 3.5 3.5 3.5 4.0 3.5 1.5 4.0 0.5 1.5 4.0 2.0 0.0 0.0 0.0 2.0 0.5 2.0 2.5 2.0 4.0 0.0 0.0 0.0 4.0 0.0 0.0 2.0 1.0 0.0 1.5 1.5 3.5 0.0 0.0 0.0 0.0 0.0 0.0 2.5 3.5 0.0 3.5 0.0 0.5 0.0 0.5 0.0 0.0 0.0 1.0
1785427845.29,59,0,15.00,40.853,25.12,250.08,0.1613,0.2551,0.0474,0.1672,0.0665,0.2683,0.0552,0.1266,0.2962,0.1838,0.1838,0.0547,0.2957,0.1163,0.0 0.0 2.5 4.0 3.0 3.0 0.5 1.5 3.0 2.0 2.0 0.0 0.5 3.5 3.0 4.0 1.5 1.0 1.0 3.0 2.5 2.0 2.0 3.0 0.0 2.5 2.5 2.0 0.0 2.5 0.0 0.0 3.0 0.0 1.5 1.0 0.0 0.0 3.0 0.0 1.5 2.5 0.0 3.0 0.5 1.5 3.0 1.5 0.0 2.5 2.5 0.0 0.5 1.5 1.0 3.0 2.0 3.5 0.5 0.5 1.5 1.5 0.0 1.0 1.5 0.5 2.5 3.0 1.0 0.0 2.5 2.0 3.5 1.5 1.5 2.0 2.5 2.0 3.5 0.0 4.0 2.5 3.5 1.0 4.0 4.0 4.0 0.5 0.0 1.5 2.5 1.0 0.0 1.5 0.0 0.5 0.5 2.5 0.0 0.0 0.0 4.0 0.5 3.0 2.0 2.5 3.5 0.0 2.5 1.5 4.0 0.0 0.0 0.0 0.0 0.0 3.5 2.0 0.0 2.0 0.0 4.0 0.0 3.0 0.0 0.0 0.0 1.5
1785427845.39,59,1,15.00,40.853,25.12,250.08,0.1603,0.2581,0.0450,0.1701,0.0694,0.2669,0.0543,0.1281,0.2928,0.1843,0.1838,0.0543,0.2996,0.1153,0.0 0.0 2.5 4.0 3.0 3.0 0.5 1.5 3.0 2.0 2.0 0.0 0.5 3.5 3.0 4.0 1.5 1.0 1.0 3.0 2.5 2.0 2.0 3.0 0.0 2.5 2.5 2.0 0.0 2.5 0.0 0.0 3.0 0.0 1.5 1.0 0.0 0.0 3.0 0.0 1.5 2.5 0.0 3.0 0.5 1.5 3.0 1.5 0.0 2.5 2.5 0.0 0.5 1.5 1.0 3.0 2.0 3.5 0.5 0.5 1.5 1.5 0.0 1.0 1.5 0.5 2.5 3.0 1.0 0.0 2.5 2.0 3.5 1.5 1.5 2.0 2.5 2.0 3.5 0.0 4.0 2.5 3.5 1.0 4.0 4.0 4.0 0.5 0.0 1.5 2.5 1.0 0.0 1.5 0.0 0.5 0.5 2.5 0.0 0.0 0.0 4.0 0.5 3.0 2.0 2.5 3.5 0.0 2.5 1.5 4.0 0.0 0.0 0.0 0.0 0.0 3.5 2.0 0.0 2.0 0.0 4.0 0.0 3.0 0.0 0.0 0.0 1.5
1785427845.48,59,2,15.00,40.853,25.12,250.08,0.1603,0.2571,0.0435,0.1672,0.0670,0.2688,0.0547,0.1276,0.2947,0.1833,0.1852,0.0552,0.2967,0.1168,0.0 0.0 2.5 4.0 3.0 3.0 0.5 1.5 3.0 2.0 2.0 0.0 0.5 3.5 3.0 4.0 1.5 1.0 1.0 3.0 2.5 2.0 2.0 3.0 0.0 2.5 2.5 2.0 0.0 2.5 0.0 0.0 3.0 0.0 1.5 1.0 0.0 0.0 3.0 0.0 1.5 2.5 0.0 3.0 0.5 1.5 3.0 1.5 0.0 2.5 2.5 0.0 0.5 1.5 1.0 3.0 2.0 3.5 0.5 0.5 1.5 1.5 0.0 1.0 1.5 0.5 2.5 3.0 1.0 0.0 2.5 2.0 3.5 1.5 1.5 2.0 2.5 2.0 3.5 0.0 4.0 2.5 3.5 1.0 4.0 4.0 4.0 0.5 0.0 1.5 2.5 1.0 0.0 1.5 0.0 0.5 0.5 2.5 0.0 0.0 0.0 4.0 0.5 3.0 2.0 2.5 3.5 0.0 2.5 1.5 4.0 0.0 0.0 0.0 0.0 0.0 3.5 2.0 0.0 2.0 0.0 4.0 0.0 3.0 0.0 0.0 0.0 1.5
1785427846.16,60,0,15.00,40.833,25.12,250.08,0.1505,0.2478,0.0430,0.2468,0.0684,0.2087,0.0464,0.0557,0.2155,0.1041,0.3001,0.0499,0.2458,0.0958,1.5 0.0 3.0 1.0 2.0 3.5 0.0 3.0 2.5 1.0 3.0 2.0 2.5 1.5 4.0 3.0 4.0 1.5 3.5 3.5 0.0 4.0 1.0 3.5 4.0 0.5 2.0 1.0 1.5 4.0 0.0 4.0 2.0 4.0 1.5 0.0 0.5 1.5 0.5 0.0 1.5 3.0 1.5 2.5 0.0 4.0 1.0 3.5 4.0 0.5 4.0 0.0 0.5 0.5 4.0 0.0 4.0 3.0 4.0 0.5 3.0 1.0 0.0 1.0 4.0 0.5 3.5 4.0 0.5 3.5 1.5 2.0 1.5 3.0 0.0 2.5 2.0 1.5 0.5 3.0 3.5 2.0 3.5 3.5 2.5 0.5 1.0 2.5 2.0 1.5 1.5 0.0 4.0 0.0 4.0 0.5 2.0 0.5 0.0 0.0 0.0 1.0 0.0 1.0 0.0 0.5 0.5 2.0 1.5 3.0 1.0 0.0 0.0 0.0 0.0 0.0 0.0 0.0 0.0 3.0 0.0 0.5 1.0 3.0 0.0 0.0 0.0 1.5
1785427846.26,60,1,15.00,40.833,25.12,250.08,0.1500,0.2498,0.0464,0.2458,0.0674,0.2072,0.0445,0.0577,0.2155,0.1022,0.3035,0.0513,0.2454,0.0987,1.5 0.0 3.0 1.0 2.0 3.5 0.0 3.0 2.5 1.0 3.0 2.0 2.5 1.5 4.0 3.0 4.0 1.5 3.5 3.5 0.0 4.0 1.0 3.5 4.0 0.5 2.0 1.0 1.5 4.0 0.0 4.0 2.0 4.0 1.5 0.0 0.5 1.5 0.5 0.0 1.5 3.0 1.5 2.5 0.0 4.0 1.0 3.5 4.0 0.5 4.0 0.0 0.5 0.5 4.0 0.0 4.0 3.0 4.0 0.5 3.0 1.0 0.0 1.0 4.0 0.5 3.5 4.0 0.5 3.5 1.5 2.0 1.5 3.0 0.0 2.5 2.0 1.5 0.5 3.0 3.5 2.0 3.5 3.5 2.5 0.5 1.0 2.5 2.0 1.5 1.5 0.0 4.0 0.0 4.0 0.5 2.0 0.5 0.0 0.0 0.0 1.0 0.0 1.0 0.0 0.5 0.5 2.0 1.5 3.0 1.0 0.0 0.0 0.0 0.0 0.0 0.0 0.0 0.0 3.0 0.0 0.5 1.0 3.0 0.0 0.0 0.0 1.5
1785427846.36,60,2,15.00,40.833,25.12,250.08,0.1486,0.2463,0.0450,0.2458,0.0684,0.2082,0.0474,0.0577,0.2185,0.1051,0.3035,0.0503,0.2468,0.0992,1.5 0.0 3.0 1.0 2.0 3.5 0.0 3.0 2.5 1.0 3.0 2.0 2.5 1.5 4.0 3.0 4.0 1.5 3.5 3.5 0.0 4.0 1.0 3.5 4.0 0.5 2.0 1.0 1.5 4.0 0.0 4.0 2.0 4.0 1.5 0.0 0.5 1.5 0.5 0.0 1.5 3.0 1.5 2.5 0.0 4.0 1.0 3.5 4.0 0.5 4.0 0.0 0.5 0.5 4.0 0.0 4.0 3.0 4.0 0.5 3.0 1.0 0.0 1.0 4.0 0.5 3.5 4.0 0.5 3.5 1.5 2.0 1.5 3.0 0.0 2.5 2.0 1.5 0.5 3.0 3.5 2.0 3.5 3.5 2.5 0.5 1.0 2.5 2.0 1.5 1.5 0.0 4.0 0.0 4.0 0.5 2.0 0.5 0.0 0.0 0.0 1.0 0.0 1.0 0.0 0.5 0.5 2.0 1.5 3.0 1.0 0.0 0.0 0.0 0.0 0.0 0.0 0.0 0.0 3.0 0.0 0.5 1.0 3.0 0.0 0.0 0.0 1.5
1785427847.04,61,0,15.00,40.853,25.12,250.08,0.1549,0.2590,0.0450,0.2400,0.0963,0.2204,0.0655,0.0714,0.0567,0.0890,0.0718,0.0567,0.0528,0.1290,1.0 4.0 2.5 0.5 2.0 3.0 2.5 1.5 2.5 3.5 1.0 3.5 2.0 0.5 1.5 0.0 3.0 4.0 0.5 4.0 2.5 1.0 3.0 1.0 2.0 3.0 0.0 3.5 0.0 1.5 1.0 3.0 1.5 4.0 3.0 3.5 2.5 2.0 0.5 0.0 3.5 3.5 1.0 4.0 0.0 2.5 0.0 1.0 3.5 4.0 1.0 0.0 0.0 1.5 3.0 3.0 0.0 0.0 0.5 2.0 3.0 0.5 0.0 2.0 0.5 0.0 2.5 3.5 3.0 0.5 1.5 0.5 0.5 0.5 2.0 1.5 1.5 4.0 2.0 3.5 4.0 3.0 2.5 4.0 0.0 2.0 0.5 3.5 0.0 1.5 2.5 3.5 3.0 0.0 2.0 4.0 1.5 0.0 0.0 0.0 0.0 4.0 2.0 0.0 2.5 4.0 0.0 2.5 2.5 3.5 2.0 0.0 0.0 0.0 0.0 0.0 3.0 4.0 0.0 3.5 0.0 1.0 0.0 2.0 0.0 0.0 0.0 1.0
1785427847.14,61,1,15.00,40.853,25.12,250.08,0.1598,0.2571,0.0464,0.2370,0.0968,0.2224,0.0606,0.0709,0.0577,0.0899,0.0694,0.0538,0.0518,0.1281,1.0 4.0 2.5 0.5 2.0 3.0 2.5 1.5 2.5 3.5 1.0 3.5 2.0 0.5 1.5 0.0 3.0 4.0 0.5 4.0 2.5 1.0 3.0 1.0 2.0 3.0 0.0 3.5 0.0 1.5 1.0 3.0 1.5 4.0 3.0 3.5 2.5 2.0 0.5 0.0 3.5 3.5 1.0 4.0 0.0 2.5 0.0 1.0 3.5 4.0 1.0 0.0 0.0 1.5 3.0 3.0 0.0 0.0 0.5 2.0 3.0 0.5 0.0 2.0 0.5 0.0 2.5 3.5 3.0 0.5 1.5 0.5 0.5 0.5 2.0 1.5 1.5 4.0 2.0 3.5 4.0 3.0 2.5 4.0 0.0 2.0 0.5 3.5 0.0 1.5 2.5 3.5 3.0 0.0 2.0 4.0 1.5 0.0 0.0 0.0 0.0 4.0 2.0 0.0 2.5 4.0 0.0 2.5 2.5 3.5 2.0 0.0 0.0 0.0 0.0 0.0 3.0 4.0 0.0 3.5 0.0 1.0 0.0 2.0 0.0 0.0 0.0 1.0
1785427847.23,61,2,15.00,40.853,25.12,250.08,0.1549,0.2600,0.0425,0.2380,0.0987,0.2229,0.0630,0.0689,0.0577,0.0924,0.0718,0.0552,0.0543,0.1266,1.0 4.0 2.5 0.5 2.0 3.0 2.5 1.5 2.5 3.5 1.0 3.5 2.0 0.5 1.5 0.0 3.0 4.0 0.5 4.0 2.5 1.0 3.0 1.0 2.0 3.0 0.0 3.5 0.0 1.5 1.0 3.0 1.5 4.0 3.0 3.5 2.5 2.0 0.5 0.0 3.5 3.5 1.0 4.0 0.0 2.5 0.0 1.0 3.5 4.0 1.0 0.0 0.0 1.5 3.0 3.0 0.0 0.0 0.5 2.0 3.0 0.5 0.0 2.0 0.5 0.0 2.5 3.5 3.0 0.5 1.5 0.5 0.5 0.5 2.0 1.5 1.5 4.0 2.0 3.5 4.0 3.0 2.5 4.0 0.0 2.0 0.5 3.5 0.0 1.5 2.5 3.5 3.0 0.0 2.0 4.0 1.5 0.0 0.0 0.0 0.0 4.0 2.0 0.0 2.5 4.0 0.0 2.5 2.5 3.5 2.0 0.0 0.0 0.0 0.0 0.0 3.0 4.0 0.0 3.5 0.0 1.0 0.0 2.0 0.0 0.0 0.0 1.0
1785427847.92,62,0,15.00,40.813,25.12,250.08,0.1525,0.2537,0.0484,0.2092,0.0645,0.1461,0.1031,0.3573,0.2977,0.2092,0.1188,0.1080,0.0684,0.1251,4.0 2.5 2.0 1.0 0.5 2.5 4.0 4.0 1.0 3.0 1.5 0.0 3.5 0.5 2.0 4.0 1.5 0.0 4.0 3.5 3.0 4.0 0.5 0.5 1.5 3.0 3.5 3.5 1.0 4.0 2.5 3.5 1.5 3.0 1.5 3.0 2.0 3.5 3.0 0.0 0.0 0.0 1.5 1.5 3.5 4.0 3.0 0.5 4.0 3.5 3.5 0.0 0.0 2.5 1.5 2.0 3.5 0.0 0.5 1.5 4.0 4.0 0.0 3.5 0.0 4.0 4.0 0.0 0.0 0.0 3.0 1.0 0.5 0.0 1.0 3.5 1.0 2.5 1.5 0.5 3.5 0.5 0.5 3.5 3.5 1.5 1.5 1.5 0.0 2.5 3.5 2.0 3.0 2.0 2.0 3.5 2.5 0.5 0.0 0.0 0.0 3.0 1.0 1.5 3.5 2.0 1.0 1.5 1.0 2.0 3.5 0.0 0.0 0.0 0.0 0.0 3.0 2.5 0.0 1.5 0.0 0.0 1.5 3.0 0.0 0.0 0.0 3.0
1785427848.02,62,1,15.00,40.813,25.12,250.08,0.1554,0.2556,0.0445,0.2072,0.0630,0.1427,0.1026,0.3602,0.2942,0.2082,0.1222,0.1085,0.0674,0.1241,4.0 2.5 2.0 1.0 0.5 2.5 4.0 4.0 1.0 3.0 1.5 0.0 3.5 0.5 2.0 4.0 1.5 0.0 4.0 3.5 3.0 4.0 0.5 0.5 1.5 3.0 3.5 3.5 1.0 4.0 2.5 3.5 1.5 3.0 1.5 3.0 2.0 3.5 3.0 0.0 0.0 0.0 1.5 1.5 3.5 4.0 3.0 0.5 4.0 3.5 3.5 0.0 0.0 2.5 1.5 2.0 3.5 0.0 0.5 1.5 4.0 4.0 0.0 3.5 0.0 4.0 4.0 0.0 0.0 0.0 3.0 1.0 0.5 0.0 1.0 3.5 1.0 2.5 1.5 0.5 3.5 0.5 0.5 3.5 3.5 1.5 1.5 1.5 0.0 2.5 3.5 2.0 3.0 2.0 2.0 3.5 2.5 0.5 0.0 0.0 0.0 3.0 1.0 1.5 3.5 2.0 1.0 1.5 1.0 2.0 3.5 0.0 0.0 0.0 0.0 0.0 3.0 2.5 0.0 1.5 0.0 0.0 1.5 3.0 0.0 0.0 0.0 3.0
1785427848.12,62,2,15.00,40.813,25.12,250.08,0.1574,0.2551,0.0469,0.2092,0.0626,0.1437,0.1046,0.3592,0.2942,0.2102,0.1207,0.1139,0.0640,0.1266,4.0 2.5 2.0 1.0 0.5 2.5 4.0 4.0 1.0 3.0 1.5 0.0 3.5 0.5 2.0 4.0 1.5 0.0 4.0 3.5 3.0 4.0 0.5 0.5 1.5 3.0 3.5 3.5 1.0 4.0 2.5 3.5 1.5 3.0 1.5 3.0 2.0 3.5 3.0 0.0 0.0 0.0 1.5 1.5 3.5 4.0 3.0 0.5 4.0 3.5 3.5 0.0 0.0 2.5 1.5 2.0 3.5 0.0 0.5 1.5 4.0 4.0 0.0 3.5 0.0 4.0 4.0 0.0 0.0 0.0 3.0 1.0 0.5 0.0 1.0 3.5 1.0 2.5 1.5 0.5 3.5 0.5 0.5 3.5 3.5 1.5 1.5 1.5 0.0 2.5 3.5 2.0 3.0 2.0 2.0 3.5 2.5 0.5 0.0 0.0 0.0 3.0 1.0 1.5 3.5 2.0 1.0 1.5 1.0 2.0 3.5 0.0 0.0 0.0 0.0 0.0 3.0 2.5 0.0 1.5 0.0 0.0 1.5 3.0 0.0 0.0 0.0 3.0
1785427848.79,63,0,15.00,40.873,25.12,250.08,0.1520,0.2586,0.0401,0.3446,0.3196,0.1026,0.1867,0.0753,0.2766,0.3157,0.3011,0.0660,0.3025,0.0987,0.0 1.0 0.5 1.5 2.0 1.5 1.0 1.0 0.0 3.5 0.5 1.5 2.0 1.0 0.5 0.0 2.5 1.0 4.0 2.5 0.0 0.0 2.0 4.0 3.5 4.0 1.5 0.5 3.0 0.0 3.5 1.5 0.0 1.0 1.0 0.5 2.0 0.0 3.0 0.0 2.0 1.0 3.5 3.0 4.0 1.0 1.5 4.0 1.5 0.0 2.5 0.0 2.5 1.5 3.5 4.0 0.5 3.5 3.0 2.5 4.0 2.5 0.0 0.0 3.0 2.5 2.5 2.5 1.5 1.0 2.0 2.0 1.0 2.5 1.0 2.0 3.0 3.0 1.5 1.5 3.5 2.0 0.5 3.0 1.0 0.0 3.5 4.0 1.5 1.5 4.0 0.0 0.5 3.0 3.5 1.5 2.0 4.0 0.0 0.0 0.0 2.0 0.5 2.0 1.5 0.5 3.5 3.0 0.0 1.5 2.0 0.0 0.0 0.0 0.0 0.0 2.5 1.5 0.0 2.5 0.0 2.0 3.5 0.0 0.0 0.0 0.0 4.0
1785427848.89,63,1,15.00,40.873,25.12,250.08,0.1540,0.2571,0.0362,0.3456,0.3226,0.1036,0.1867,0.0758,0.2776,0.3187,0.2991,0.0670,0.3021,0.0987,0.0 1.0 0.5 1.5 2.0 1.5 1.0 1.0 0.0 3.5 0.5 1.5 2.0 1.0 0.5 0.0 2.5 1.0 4.0 2.5 0.0 0.0 2.0 4.0 3.5 4.0 1.5 0.5 3.0 0.0 3.5 1.5 0.0 1.0 1.0 0.5 2.0 0.0 3.0 0.0 2.0 1.0 3.5 3.0 4.0 1.0 1.5 4.0 1.5 0.0 2.5 0.0 2.5 1.5 3.5 4.0 0.5 3.5 3.0 2.5 4.0 2.5 0.0 0.0 3.0 2.5 2.5 2.5 1.5 1.0 2.0 2.0 1.0 2.5 1.0 2.0 3.0 3.0 1.5 1.5 3.5 2.0 0.5 3.0 1.0 0.0 3.5 4.0 1.5 1.5 4.0 0.0 0.5 3.0 3.5 1.5 2.0 4.0 0.0 0.0 0.0 2.0 0.5 2.0 1.5 0.5 3.5 3.0 0.0 1.5 2.0 0.0 0.0 0.0 0.0 0.0 2.5 1.5 0.0 2.5 0.0 2.0 3.5 0.0 0.0 0.0 0.0 4.0
1785427848.99,63,2,15.00,40.873,25.12,250.08,0.1520,0.2600,0.0381,0.3475,0.3192,0.1036,0.1843,0.0753,0.2737,0.3167,0.2962,0.0626,0.2996,0.1022,0.0 1.0 0.5 1.5 2.0 1.5 1.0 1.0 0.0 3.5 0.5 1.5 2.0 1.0 0.5 0.0 2.5 1.0 4.0 2.5 0.0 0.0 2.0 4.0 3.5 4.0 1.5 0.5 3.0 0.0 3.5 1.5 0.0 1.0 1.0 0.5 2.0 0.0 3.0 0.0 2.0 1.0 3.5 3.0 4.0 1.0 1.5 4.0 1.5 0.0 2.5 0.0 2.5 1.5 3.5 4.0 0.5 3.5 3.0 2.5 4.0 2.5 0.0 0.0 3.0 2.5 2.5 2.5 1.5 1.0 2.0 2.0 1.0 2.5 1.0 2.0 3.0 3.0 1.5 1.5 3.5 2.0 0.5 3.0 1.0 0.0 3.5 4.0 1.5 1.5 4.0 0.0 0.5 3.0 3.5 1.5 2.0 4.0 0.0 0.0 0.0 2.0 0.5 2.0 1.5 0.5 3.5 3.0 0.0 1.5 2.0 0.0 0.0 0.0 0.0 0.0 2.5 1.5 0.0 2.5 0.0 2.0 3.5 0.0 0.0 0.0 0.0 4.0
1785427849.67,64,0,15.00,40.793,25.12,250.08,0.1554,0.2527,0.0445,0.2229,0.1857,0.2908,0.0904,0.1789,0.3612,0.1979,0.3333,0.0455,0.3514,0.1281,0.5 2.0 3.0 0.5 3.0 2.0 3.0 4.0 4.0 1.0 2.0 1.0 2.0 3.0 3.0 4.0 2.5 0.5 4.0 3.0 3.5 4.0 3.0 2.5 1.5 3.5 1.5 3.0 4.0 3.0 3.0 0.5 4.0 1.0 0.0 1.0 1.5 1.5 3.5 0.0 0.5 2.5 0.5 0.0 3.5 4.0 1.0 4.0 0.0 3.0 0.5 0.0 1.5 1.0 0.0 0.5 0.5 1.0 0.0 1.0 0.0 3.5 0.0 4.0 1.5 2.0 3.0 2.0 3.0 3.5 1.5 1.5 1.0 1.5 4.0 3.5 2.5 2.0 0.0 4.0 3.0 2.5 0.0 3.5 2.5 2.5 3.5 0.0 0.0 3.0 2.5 3.5 0.0 3.0 3.5 2.5 3.0 1.5 0.0 0.0 0.0 0.5 4.0 1.0 4.0 1.0 2.0 2.0 3.0 2.0 3.5 0.0 0.0 0.0 0.0 0.0 1.0 4.0 0.0 3.0 0.0 1.0 0.5 1.0 0.0 0.0 0.0 0.0
1785427849.77,64,1,15.00,40.793,25.12,250.08,0.1593,0.2551,0.0459,0.2283,0.1833,0.2889,0.0909,0.1804,0.3612,0.1999,0.3363,0.0508,0.3460,0.1276,0.5 2.0 3.0 0.5 3.0 2.0 3.0 4.0 4.0 1.0 2.0 1.0 2.0 3.0 3.0 4.0 2.5 0.5 4.0 3.0 3.5 4.0 3.0 2.5 1.5 3.5 1.5 3.0 4.0 3.0 3.0 0.5 4.0 1.0 0.0 1.0 1.5 1.5 3.5 0.0 0.5 2.5 0.5 0.0 3.5 4.0 1.0 4.0 0.0 3.0 0.5 0.0 1.5 1.0 0.0 0.5 0.5 1.0 0.0 1.0 0.0 3.5 0.0 4.0 1.5 2.0 3.0 2.0 3.0 3.5 1.5 1.5 1.0 1.5 4.0 3.5 2.5 2.0 0.0 4.0 3.0 2.5 0.0 3.5 2.5 2.5 3.5 0.0 0.0 3.0 2.5 3.5 0.0 3.0 3.5 2.5 3.0 1.5 0.0 0.0 0.0 0.5 4.0 1.0 4.0 1.0 2.0 2.0 3.0 2.0 3.5 0.0 0.0 0.0 0.0 0.0 1.0 4.0 0.0 3.0 0.0 1.0 0.5 1.0 0.0 0.0 0.0 0.0
1785427849.87,64,2,15.00,40.793,25.12,250.08,0.1569,0.2512,0.0494,0.2287,0.1818,0.2898,0.0909,0.1833,0.3622,0.1970,0.3353,0.0484,0.3495,0.1271,0.5 2.0 3.0 0.5 3.0 2.0 3.0 4.0 4.0 1.0 2.0 1.0 2.0 3.0 3.0 4.0 2.5 0.5 4.0 3.0 3.5 4.0 3.0 2.5 1.5 3.5 1.5 3.0 4.0 3.0 3.0 0.5 4.0 1.0 0.0 1.0 1.5 1.5 3.5 0.0 0.5 2.5 0.5 0.0 3.5 4.0 1.0 4.0 0.0 3.0 0.5 0.0 1.5 1.0 0.0 0.5 0.5 1.0 0.0 1.0 0.0 3.5 0.0 4.0 1.5 2.0 3.0 2.0 3.0 3.5 1.5 1.5 1.0 1.5 4.0 3.5 2.5 2.0 0.0 4.0 3.0 2.5 0.0 3.5 2.5 2.5 3.5 0.0 0.0 3.0 2.5 3.5 0.0 3.0 3.5 2.5 3.0 1.5 0.0 0.0 0.0 0.5 4.0 1.0 4.0 1.0 2.0 2.0 3.0 2.0 3.5 0.0 0.0 0.0 0.0 0.0 1.0 4.0 0.0 3.0 0.0 1.0 0.5 1.0 0.0 0.0 0.0 0.0
1785427850.55,65,0,15.00,40.833,25.12,250.08,0.1584,0.2659,0.0425,0.2219,0.0513,0.2111,0.0543,0.0904,0.3236,0.0689,0.3152,0.0459,0.3206,0.1300,4.0 3.5 0.5 0.5 3.5 4.0 3.0 3.0 2.0 1.5 1.0 1.0 4.0 1.5 3.5 0.5 1.0 1.0 0.0 0.5 3.5 0.0 0.0 2.0 0.0 3.0 3.5 3.5 1.0 1.0 1.0 3.5 4.0 3.0 0.5 3.0 2.0 2.0 3.0 0.0 2.0 1.5 0.5 3.0 3.5 0.0 2.5 1.5 1.5 1.0 1.5 0.0 3.5 1.5 2.5 1.5 1.5 0.5 3.0 1.0 3.5 0.5 0.0 3.0 3.0 2.5 0.0 2.5 1.5 3.5 0.0 3.0 0.5 2.5 1.5 3.0 1.0 4.0 0.5 3.0 2.0 1.5 1.5 3.0 0.5 4.0 1.0 2.5 0.5 0.0 2.5 2.0 1.5 1.0 2.0 3.0 2.5 3.0 0.0 0.0 0.0 3.5 0.0 1.5 3.5 2.5 3.0 1.0 3.0 1.0 0.0 0.0 0.0 0.0 0.0 0.0 1.5 4.0 0.0 1.5 0.0 0.5 3.0 1.5 0.0 0.0 0.0 1.5
1785427850.65,65,1,15.00,40.833,25.12,250.08,0.1588,0.2620,0.0440,0.2199,0.0513,0.2092,0.0557,0.0919,0.3192,0.0660,0.3172,0.0450,0.3143,0.1276,4.0 3.5 0.5 0.5 3.5 4.0 3.0 3.0 2.0 1.5 1.0 1.0 4.0 1.5 3.5 0.5 1.0 1.0 0.0 0.5 3.5 0.0 0.0 2.0 0.0 3.0 3.5 3.5 1.0 1.0 1.0 3.5 4.0 3.0 0.5 3.0 2.0 2.0 3.0 0.0 2.0 1.5 0.5 3.0 3.5 0.0 2.5 1.5 1.5 1.0 1.5 0.0 3.5 1.5 2.5 1.5 1.5 0.5 3.0 1.0 3.5 0.5 0.0 3.0 3.0 2.5 0.0 2.5 1.5 3.5 0.0 3.0 0.5 2.5 1.5 3.0 1.0 4.0 0.5 3.0 2.0 1.5 1.5 3.0 0.5 4.0 1.0 2.5 0.5 0.0 2.5 2.0 1.5 1.0 2.0 3.0 2.5 3.0 0.0 0.0 0.0 3.5 0.0 1.5 3.5 2.5 3.0 1.0 3.0 1.0 0.0 0.0 0.0 0.0 0.0 0.0 1.5 4.0 0.0 1.5 0.0 0.5 3.0 1.5 0.0 0.0 0.0 1.5
1785427850.75,65,2,15.00,40.833,25.12,250.08,0.1569,0.2644,0.0459,0.2229,0.0533,0.2102,0.0523,0.0894,0.3201,0.0635,0.3172,0.0484,0.3187,0.1232,4.0 3.5 0.5 0.5 3.5 4.0 3.0 3.0 2.0 1.5 1.0 1.0 4.0 1.5 3.5 0.5 1.0 1.0 0.0 0.5 3.5 0.0 0.0 2.0 0.0 3.0 3.5 3.5 1.0 1.0 1.0 3.5 4.0 3.0 0.5 3.0 2.0 2.0 3.0 0.0 2.0 1.5 0.5 3.0 3.5 0.0 2.5 1.5 1.5 1.0 1.5 0.0 3.5 1.5 2.5 1.5 1.5 0.5 3.0 1.0 3.5 0.5 0.0 3.0 3.0 2.5 0.0 2.5 1.5 3.5 0.0 3.0 0.5 2.5 1.5 3.0 1.0 4.0 0.5 3.0 2.0 1.5 1.5 3.0 0.5 4.0 1.0 2.5 0.5 0.0 2.5 2.0 1.5 1.0 2.0 3.0 2.5 3.0 0.0 0.0 0.0 3.5 0.0 1.5 3.5 2.5 3.0 1.0 3.0 1.0 0.0 0.0 0.0 0.0 0.0 0.0 1.5 4.0 0.0 1.5 0.0 0.5 3.0 1.5 0.0 0.0 0.0 1.5
1785427851.42,66,0,15.00,40.793,25.12,250.08,0.1452,0.2458,0.0420,0.2439,0.0753,0.2214,0.0953,0.0513,0.2820,0.1085,0.3221,0.0445,0.3216,0.1119,3.5 0.0 3.5 0.0 3.0 1.5 2.5 1.5 2.5 2.5 0.0 1.5 3.5 3.5 4.0 2.5 3.5 3.0 4.0 0.5 2.5 1.0 3.5 1.5 1.5 2.5 1.0 0.5 0.0 3.5 3.0 1.0 1.5 3.0 3.5 2.5 3.5 0.0 0.0 0.0 3.0 0.5 3.5 0.0 4.0 1.0 1.5 1.5 0.0 2.5 1.5 0.0 3.5 2.5 3.0 2.0 1.0 0.0 4.0 0.0 0.0 1.5 0.0 0.5 3.5 0.0 0.0 3.0 3.5 1.5 2.0 1.5 3.5 3.5 1.5 3.0 3.5 2.5 2.5 2.5 0.5 1.0 0.5 3.0 4.0 1.5 1.0 1.0 0.0 0.0 1.5 2.0 2.5 3.5 3.0 3.0 0.0 4.0 0.0 0.0 0.0 0.5 4.0 0.0 2.5 0.5 3.0 2.5 3.0 1.0 3.0 0.0 0.0 0.0 0.0 0.0 0.5 1.5 0.0 3.0 0.0 2.0 2.0 2.5 0.0 0.0 0.0 2.5
1785427851.52,66,1,15.00,40.793,25.12,250.08,0.1505,0.2502,0.0435,0.2439,0.0743,0.2199,0.0953,0.0518,0.2810,0.1061,0.3240,0.0469,0.3226,0.1124,3.5 0.0 3.5 0.0 3.0 1.5 2.5 1.5 2.5 2.5 0.0 1.5 3.5 3.5 4.0 2.5 3.5 3.0 4.0 0.5 2.5 1.0 3.5 1.5 1.5 2.5 1.0 0.5 0.0 3.5 3.0 1.0 1.5 3.0 3.5 2.5 3.5 0.0 0.0 0.0 3.0 0.5 3.5 0.0 4.0 1.0 1.5 1.5 0.0 2.5 1.5 0.0 3.5 2.5 3.0 2.0 1.0 0.0 4.0 0.0 0.0 1.5 0.0 0.5 3.5 0.0 0.0 3.0 3.5 1.5 2.0 1.5 3.5 3.5 1.5 3.0 3.5 2.5 2.5 2.5 0.5 1.0 0.5 3.0 4.0 1.5 1.0 1.0 0.0 0.0 1.5 2.0 2.5 3.5 3.0 3.0 0.0 4.0 0.0 0.0 0.0 0.5 4.0 0.0 2.5 0.5 3.0 2.5 3.0 1.0 3.0 0.0 0.0 0.0 0.0 0.0 0.5 1.5 0.0 3.0 0.0 2.0 2.0 2.5 0.0 0.0 0.0 2.5
1785427851.62,66,2,15.00,40.793,25.12,250.08,0.1491,0.2473,0.0406,0.2429,0.0758,0.2243,0.0982,0.0543,0.2791,0.1036,0.3211,0.0455,0.3196,0.1090,3.5 0.0 3.5 0.0 3.0 1.5 2.5 1.5 2.5 2.5 0.0 1.5 3.5 3.5 4.0 2.5 3.5 3.0 4.0 0.5 2.5 1.0 3.5 1.5 1.5 2.5 1.0 0.5 0.0 3.5 3.0 1.0 1.5 3.0 3.5 2.5 3.5 0.0 0.0 0.0 3.0 0.5 3.5 0.0 4.0 1.0 1.5 1.5 0.0 2.5 1.5 0.0 3.5 2.5 3.0 2.0 1.0 0.0 4.0 0.0 0.0 1.5 0.0 0.5 3.5 0.0 0.0 3.0 3.5 1.5 2.0 1.5 3.5 3.5 1.5 3.0 3.5 2.5 2.5 2.5 0.5 1.0 0.5 3.0 4.0 1.5 1.0 1.0 0.0 0.0 1.5 2.0 2.5 3.5 3.0 3.0 0.0 4.0 0.0 0.0 0.0 0.5 4.0 0.0 2.5 0.5 3.0 2.5 3.0 1.0 3.0 0.0 0.0 0.0 0.0 0.0 0.5 1.5 0.0 3.0 0.0 2.0 2.0 2.5 0.0 0.0 0.0 2.5
1785427852.29,67,0,15.00,40.833,25.12,250.08,0.1559,0.2586,0.0411,0.2625,0.0767,0.2268,0.0459,0.0743,0.0538,0.1804,0.1256,0.0430,0.0450,0.1080,0.0 3.5 3.5 1.0 3.0 0.0 1.5 2.5 2.0 3.5 1.5 2.0 3.0 3.5 3.0 1.5 1.0 3.0 0.0 2.0 1.5 1.0 0.5 3.0 1.5 0.5 2.5 2.0 0.5 3.0 1.0 3.0 0.5 0.5 0.0 3.0 0.5 0.0 2.5 0.0 3.5 2.0 2.5 2.0 1.0 4.0 2.5 0.0 4.0 1.0 0.0 0.0 1.0 3.0 1.5 3.0 0.5 2.5 4.0 2.5 0.5 1.0 0.0 3.5 0.0 1.0 1.5 0.0 3.5 1.0 2.0 0.5 1.0 2.5 1.0 4.0 2.0 2.0 3.5 2.0 0.0 3.0 0.0 1.0 2.0 0.5 3.0 2.5 3.0 1.5 2.5 0.0 3.5 1.0 0.5 1.5 2.0 4.0 0.0 0.0 0.0 1.5 1.0 3.5 4.0 4.0 0.5 3.5 3.0 2.5 2.0 0.0 0.0 0.0 0.0 0.0 4.0 1.5 0.0 0.0 0.0 1.0 2.5 0.0 0.0 0.0 0.0 4.0
1785427852.39,67,1,15.00,40.833,25.12,250.08,0.1554,0.2561,0.0440,0.2620,0.0738,0.2322,0.0508,0.0699,0.0557,0.1852,0.1285,0.0415,0.0445,0.1075,0.0 3.5 3.5 1.0 3.0 0.0 1.5 2.5 2.0 3.5 1.5 2.0 3.0 3.5 3.0 1.5 1.0 3.0 0.0 2.0 1.5 1.0 0.5 3.0 1.5 0.5 2.5 2.0 0.5 3.0 1.0 3.0 0.5 0.5 0.0 3.0 0.5 0.0 2.5 0.0 3.5 2.0 2.5 2.0 1.0 4.0 2.5 0.0 4.0 1.0 0.0 0.0 1.0 3.0 1.5 3.0 0.5 2.5 4.0 2.5 0.5 1.0 0.0 3.5 0.0 1.0 1.5 0.0 3.5 1.0 2.0 0.5 1.0 2.5 1.0 4.0 2.0 2.0 3.5 2.0 0.0 3.0 0.0 1.0 2.0 0.5 3.0 2.5 3.0 1.5 2.5 0.0 3.5 1.0 0.5 1.5 2.0 4.0 0.0 0.0 0.0 1.5 1.0 3.5 4.0 4.0 0.5 3.5 3.0 2.5 2.0 0.0 0.0 0.0 0.0 0.0 4.0 1.5 0.0 0.0 0.0 1.0 2.5 0.0 0.0 0.0 0.0 4.0
1785427852.49,67,2,15.00,40.833,25.12,250.08,0.1530,0.2561,0.0430,0.2625,0.0723,0.2273,0.0513,0.0723,0.0533,0.1818,0.1276,0.0396,0.0469,0.1056,0.0 3.5 3.5 1.0 3.0 0.0 1.5 2.5 2.0 3.5 1.5 2.0 3.0 3.5 3.0 1.5 1.0 3.0 0.0 2.0 1.5 1.0 0.5 3.0 1.5 0.5 2.5 2.0 0.5 3.0 1.0 3.0 0.5 0.5 0.0 3.0 0.5 0.0 2.5 0.0 3.5 2.0 2.5 2.0 1.0 4.0 2.5 0.0 4.0 1.0 0.0 0.0 1.0 3.0 1.5 3.0 0.5 2.5 4.0 2.5 0.5 1.0 0.0 3.5 0.0 1.0 1.5 0.0 3.5 1.0 2.0 0.5 1.0 2.5 1.0 4.0 2.0 2.0 3.5 2.0 0.0 3.0 0.0 1.0 2.0 0.5 3.0 2.5 3.0 1.5 2.5 0.0 3.5 1.0 0.5 1.5 2.0 4.0 0.0 0.0 0.0 1.5 1.0 3.5 4.0 4.0 0.5 3.5 3.0 2.5 2.0 0.0 0.0 0.0 0.0 0.0 4.0 1.5 0.0 0.0 0.0 1.0 2.5 0.0 0.0 0.0 0.0 4.0
1785427853.18,68,0,15.00,40.833,25.12,250.08,0.1496,0.2454,0.0411,0.1520,0.1070,0.2737,0.0704,0.0850,0.2033,0.0469,0.2590,0.0543,0.2664,0.1149,4.0 2.5 0.5 2.5 0.5 2.0 0.5 0.0 4.0 0.5 1.5 3.0 1.0 1.0 3.5 3.5 0.0 0.0 2.5 3.0 2.5 1.5 1.5 3.5 0.0 0.0 3.5 3.0 1.5 1.5 4.0 4.0 2.0 1.0 2.5 1.5 4.0 2.5 1.0 0.0 3.0 3.5 3.0 1.0 3.5 0.5 4.0 2.5 3.0 2.0 2.0 0.0 4.0 3.0 2.5 4.0 3.0 0.0 0.0 3.0 0.5 1.5 0.0 0.0 3.0 2.0 0.5 1.0 1.0 2.5 3.0 0.0 3.0 2.0 2.5 0.0 0.0 1.5 1.5 0.0 1.0 3.5 0.0 3.0 0.5 2.5 2.5 2.5 1.0 2.5 3.5 1.0 3.0 2.5 1.0 0.5 3.5 3.0 0.0 0.0 0.0 0.0 1.0 1.5 2.0 2.5 0.0 2.5 3.0 0.0 1.5 0.0 0.0 0.0 0.0 0.0 3.0 2.5 0.0 4.0 0.0 2.5 3.0 3.0 0.0 0.0 0.0 2.5
1785427853.28,68,1,15.00,40.833,25.12,250.08,0.1471,0.2449,0.0435,0.1510,0.1109,0.2771,0.0689,0.0846,0.2014,0.0430,0.2571,0.0543,0.2649,0.1163,4.0 2.5 0.5 2.5 0.5 2.0 0.5 0.0 4.0 0.5 1.5 3.0 1.0 1.0 3.5 3.5 0.0 0.0 2.5 3.0 2.5 1.5 1.5 3.5 0.0 0.0 3.5 3.0 1.5 1.5 4.0 4.0 2.0 1.0 2.5 1.5 4.0 2.5 1.0 0.0 3.0 3.5 3.0 1.0 3.5 0.5 4.0 2.5 3.0 2.0 2.0 0.0 4.0 3.0 2.5 4.0 3.0 0.0 0.0 3.0 0.5 1.5 0.0 0.0 3.0 2.0 0.5 1.0 1.0 2.5 3.0 0.0 3.0 2.0 2.5 0.0 0.0 1.5 1.5 0.0 1.0 3.5 0.0 3.0 0.5 2.5 2.5 2.5 1.0 2.5 3.5 1.0 3.0 2.5 1.0 0.5 3.5 3.0 0.0 0.0 0.0 0.0 1.0 1.5 2.0 2.5 0.0 2.5 3.0 0.0 1.5 0.0 0.0 0.0 0.0 0.0 3.0 2.5 0.0 4.0 0.0 2.5 3.0 3.0 0.0 0.0 0.0 2.5
1785427853.38,68,2,15.00,40.833,25.12,250.08,0.1476,0.2473,0.0430,0.1496,0.1061,0.2771,0.0684,0.0831,0.2004,0.0430,0.2561,0.0582,0.2649,0.1061,4.0 2.5 0.5 2.5 0.5 2.0 0.5 0.0 4.0 0.5 1.5 3.0 1.0 1.0 3.5 3.5 0.0 0.0 2.5 3.0 2.5 1.5 1.5 3.5 0.0 0.0 3.5 3.0 1.5 1.5 4.0 4.0 2.0 1.0 2.5 1.5 4.0 2.5 1.0 0.0 3.0 3.5 3.0 1.0 3.5 0.5 4.0 2.5 3.0 2.0 2.0 0.0 4.0 3.0 2.5 4.0 3.0 0.0 0.0 3.0 0.5 1.5 0.0 0.0 3.0 2.0 0.5 1.0 1.0 2.5 3.0 0.0 3.0 2.0 2.5 0.0 0.0 1.5 1.5 0.0 1.0 3.5 0.0 3.0 0.5 2.5 2.5 2.5 1.0 2.5 3.5 1.0 3.0 2.5 1.0 0.5 3.5 3.0 0.0 0.0 0.0 0.0 1.0 1.5 2.0 2.5 0.0 2.5 3.0 0.0 1.5 0.0 0.0 0.0 0.0 0.0 3.0 2.5 0.0 4.0 0.0 2.5 3.0 3.0 0.0 0.0 0.0 2.5
1785427854.05,69,0,15.00,40.853,25.12,250.08,0.1569,0.2649,0.0430,0.1085,0.1867,0.2654,0.0547,0.2981,0.0802,0.2830,0.0782,0.0523,0.1437,0.1295,3.0 1.0 3.0 1.5 0.5 0.0 2.0 1.0 2.5 2.5 1.5 2.0 1.0 0.5 0.5 1.5 3.0 2.0 2.5 2.0 1.5 0.5 0.5 3.5 0.5 3.5 0.5 3.5 0.5 2.5 1.0 3.0 4.0 3.5 1.5 2.0 3.5 0.5 1.0 0.0 1.5 3.5 3.0 1.5 3.0 1.5 0.5 1.5 0.5 3.5 1.5 0.0 3.5 4.0 1.5 0.5 3.0 0.0 1.0 0.5 1.5 3.0 0.0 1.5 4.0 4.0 0.0 4.0 0.0 0.5 3.0 1.5 1.5 2.0 0.5 2.5 3.5 0.0 0.5 2.0 2.0 1.5 1.0 3.5 3.5 4.0 1.5 3.0 4.0 4.0 3.0 4.0 0.5 1.0 2.0 2.5 3.5 1.0 0.0 0.0 0.0 0.5 2.0 3.5 4.0 4.0 2.5 1.0 3.5 0.5 1.0 0.0 0.0 0.0 0.0 0.0 2.5 4.0 0.0 0.0 0.0 3.5 3.5 0.5 0.0 0.0 0.0 0.5
1785427854.15,69,1,15.00,40.853,25.12,250.08,0.1564,0.2630,0.0420,0.1085,0.1877,0.2620,0.0557,0.2991,0.0831,0.2810,0.0782,0.0503,0.1500,0.1305,3.0 1.0 3.0 1.5 0.5 0.0 2.0 1.0 2.5 2.5 1.5 2.0 1.0 0.5 0.5 1.5 3.0 2.0 2.5 2.0 1.5 0.5 0.5 3.5 0.5 3.5 0.5 3.5 0.5 2.5 1.0 3.0 4.0 3.5 1.5 2.0 3.5 0.5 1.0 0.0 1.5 3.5 3.0 1.5 3.0 1.5 0.5 1.5 0.5 3.5 1.5 0.0 3.5 4.0 1.5 0.5 3.0 0.0 1.0 0.5 1.5 3.0 0.0 1.5 4.0 4.0 0.0 4.0 0.0 0.5 3.0 1.5 1.5 2.0 0.5 2.5 3.5 0.0 0.5 2.0 2.0 1.5 1.0 3.5 3.5 4.0 1.5 3.0 4.0 4.0 3.0 4.0 0.5 1.0 2.0 2.5 3.5 1.0 0.0 0.0 0.0 0.5 2.0 3.5 4.0 4.0 2.5 1.0 3.5 0.5 1.0 0.0 0.0 0.0 0.0 0.0 2.5 4.0 0.0 0.0 0.0 3.5 3.5 0.5 0.0 0.0 0.0 0.5
1785427854.25,69,2,15.00,40.853,25.12,250.08,0.1574,0.2649,0.0425,0.1090,0.1877,0.2649,0.0562,0.2991,0.0787,0.2830,0.0792,0.0503,0.1461,0.1300,3.0 1.0 3.0 1.5 0.5 0.0 2.0 1.0 2.5 2.5 1.5 2.0 1.0 0.5 0.5 1.5 3.0 2.0 2.5 2.0 1.5 0.5 0.5 3.5 0.5 3.5 0.5 3.5 0.5 2.5 1.0 3.0 4.0 3.5 1.5 2.0 3.5 0.5 1.0 0.0 1.5 3.5 3.0 1.5 3.0 1.5 0.5 1.5 0.5 3.5 1.5 0.0 3.5 4.0 1.5 0.5 3.0 0.0 1.0 0.5 1.5 3.0 0.0 1.5 4.0 4.0 0.0 4.0 0.0 0.5 3.0 1.5 1.5 2.0 0.5 2.5 3.5 0.0 0.5 2.0 2.0 1.5 1.0 3.5 3.5 4.0 1.5 3.0 4.0 4.0 3.0 4.0 0.5 1.0 2.0 2.5 3.5 1.0 0.0 0.0 0.0 0.5 2.0 3.5 4.0 4.0 2.5 1.0 3.5 0.5 1.0 0.0 0.0 0.0 0.0 0.0 2.5 4.0 0.0 0.0 0.0 3.5 3.5 0.5 0.0 0.0 0.0 0.5
1785427854.93,70,0,15.00,40.793,25.12,250.08,0.1544,0.2595,0.0459,0.2727,0.2385,0.1618,0.1667,0.1887,0.3548,0.3011,0.3695,0.0782,0.3485,0.1237,1.0 2.5 3.5 0.0 3.5 0.5 3.5 3.0 0.0 2.5 2.5 0.5 4.0 0.5 3.5 3.0 1.5 4.0 2.5 1.0 4.0 3.5 3.0 0.0 0.0 2.0 3.5 4.0 0.5 2.5 3.5 1.5 0.5 3.0 4.0 2.5 2.5 2.0 0.5 0.0 3.5 4.0 3.5 2.5 1.5 4.0 3.0 2.5 2.5 0.0 1.5 0.0 0.5 0.5 2.5 2.0 3.0 1.0 0.5 3.0 2.5 3.5 0.0 2.5 2.5 3.0 1.0 1.0 2.0 1.0 4.0 0.5 1.5 2.5 1.0 1.0 3.5 2.5 4.0 3.0 2.5 2.5 2.5 2.5 2.5 1.5 2.5 3.0 3.0 1.5 1.5 2.0 2.0 3.0 0.5 3.0 2.0 4.0 0.0 0.0 0.0 3.5 1.5 0.0 3.0 4.0 0.0 0.5 2.5 2.0 2.0 0.0 0.0 0.0 0.0 0.0 2.5 2.0 0.0 4.0 0.0 1.0 3.0 0.5 0.0 0.0 0.0 2.5
1785427855.03,70,1,15.00,40.793,25.12,250.08,0.1588,0.2590,0.0415,0.2713,0.2410,0.1647,0.1667,0.1926,0.3504,0.2996,0.3710,0.0821,0.3480,0.1212,1.0 2.5 3.5 0.0 3.5 0.5 3.5 3.0 0.0 2.5 2.5 0.5 4.0 0.5 3.5 3.0 1.5 4.0 2.5 1.0 4.0 3.5 3.0 0.0 0.0 2.0 3.5 4.0 0.5 2.5 3.5 1.5 0.5 3.0 4.0 2.5 2.5 2.0 0.5 0.0 3.5 4.0 3.5 2.5 1.5 4.0 3.0 2.5 2.5 0.0 1.5 0.0 0.5 0.5 2.5 2.0 3.0 1.0 0.5 3.0 2.5 3.5 0.0 2.5 2.5 3.0 1.0 1.0 2.0 1.0 4.0 0.5 1.5 2.5 1.0 1.0 3.5 2.5 4.0 3.0 2.5 2.5 2.5 2.5 2.5 1.5 2.5 3.0 3.0 1.5 1.5 2.0 2.0 3.0 0.5 3.0 2.0 4.0 0.0 0.0 0.0 3.5 1.5 0.0 3.0 4.0 0.0 0.5 2.5 2.0 2.0 0.0 0.0 0.0 0.0 0.0 2.5 2.0 0.0 4.0 0.0 1.0 3.0 0.5 0.0 0.0 0.0 2.5
1785427855.13,70,2,15.00,40.793,25.12,250.08,0.1593,0.2561,0.0445,0.2717,0.2395,0.1588,0.1681,0.1926,0.3519,0.2972,0.3690,0.0816,0.3465,0.1237,1.0 2.5 3.5 0.0 3.5 0.5 3.5 3.0 0.0 2.5 2.5 0.5 4.0 0.5 3.5 3.0 1.5 4.0 2.5 1.0 4.0 3.5 3.0 0.0 0.0 2.0 3.5 4.0 0.5 2.5 3.5 1.5 0.5 3.0 4.0 2.5 2.5 2.0 0.5 0.0 3.5 4.0 3.5 2.5 1.5 4.0 3.0 2.5 2.5 0.0 1.5 0.0 0.5 0.5 2.5 2.0 3.0 1.0 0.5 3.0 2.5 3.5 0.0 2.5 2.5 3.0 1.0 1.0 2.0 1.0 4.0 0.5 1.5 2.5 1.0 1.0 3.5 2.5 4.0 3.0 2.5 2.5 2.5 2.5 2.5 1.5 2.5 3.0 3.0 1.5 1.5 2.0 2.0 3.0 0.5 3.0 2.0 4.0 0.0 0.0 0.0 3.5 1.5 0.0 3.0 4.0 0.0 0.5 2.5 2.0 2.0 0.0 0.0 0.0 0.0 0.0 2.5 2.0 0.0 4.0 0.0 1.0 3.0 0.5 0.0 0.0 0.0 2.5
1785427855.81,71,0,15.00,40.833,25.12,250.07,0.1564,0.2581,0.0464,0.2370,0.0728,0.2087,0.0582,0.0943,0.3465,0.3118,0.3221,0.0968,0.3192,0.1310,2.0 2.5 3.0 1.5 3.5 4.0 0.0 4.0 1.0 1.0 1.5 0.0 2.5 0.5 2.5 0.0 4.0 3.5 3.0 1.5 1.0 4.0 3.0 2.0 1.0 0.0 3.0 3.5 3.0 0.5 2.0 3.0 1.0 0.0 2.5 0.0 4.0 1.5 3.0 0.0 2.0 3.0 3.5 4.0 4.0 1.5 0.0 1.0 0.5 2.5 2.5 0.0 2.5 2.0 3.5 2.0 3.5 3.5 2.0 3.5 1.0 2.0 0.0 3.0 0.5 2.0 0.0 3.0 1.5 0.5 3.5 2.5 0.0 0.0 3.5 3.5 0.5 3.5 4.0 0.5 0.5 0.5 1.0 0.5 1.0 3.5 4.0 3.5 1.5 0.5 3.0 1.0 1.5 4.0 2.0 0.5 2.5 1.0 0.0 0.0 0.0 2.0 2.5 1.0 2.5 0.5 0.5 4.0 3.0 2.5 3.5 0.0 0.0 0.0 0.0 0.0 2.0 3.0 0.0 1.5 0.0 4.0 4.0 2.0 0.0 0.0 0.0 1.0
1785427855.91,71,1,15.00,40.833,25.12,250.07,0.1520,0.2556,0.0445,0.2375,0.0728,0.2019,0.0562,0.0953,0.3446,0.3143,0.3206,0.0929,0.3201,0.1320,2.0 2.5 3.0 1.5 3.5 4.0 0.0 4.0 1.0 1.0 1.5 0.0 2.5 0.5 2.5 0.0 4.0 3.5 3.0 1.5 1.0 4.0 3.0 2.0 1.0 0.0 3.0 3.5 3.0 0.5 2.0 3.0 1.0 0.0 2.5 0.0 4.0 1.5 3.0 0.0 2.0 3.0 3.5 4.0 4.0 1.5 0.0 1.0 0.5 2.5 2.5 0.0 2.5 2.0 3.5 2.0 3.5 3.5 2.0 3.5 1.0 2.0 0.0 3.0 0.5 2.0 0.0 3.0 1.5 0.5 3.5 2.5 0.0 0.0 3.5 3.5 0.5 3.5 4.0 0.5 0.5 0.5 1.0 0.5 1.0 3.5 4.0 3.5 1.5 0.5 3.0 1.0 1.5 4.0 2.0 0.5 2.5 1.0 0.0 0.0 0.0 2.0 2.5 1.0 2.5 0.5 0.5 4.0 3.0 2.5 3.5 0.0 0.0 0.0 0.0 0.0 2.0 3.0 0.0 1.5 0.0 4.0 4.0 2.0 0.0 0.0 0.0 1.0
1785427856.01,71,2,15.00,40.833,25.12,250.07,0.1574,0.2625,0.0459,0.2341,0.0714,0.2063,0.0557,0.0934,0.3470,0.3128,0.3206,0.0982,0.3201,0.1310,2.0 2.5 3.0 1.5 3.5 4.0 0.0 4.0 1.0 1.0 1.5 0.0 2.5 0.5 2.5 0.0 4.0 3.5 3.0 1.5 1.0 4.0 3.0 2.0 1.0 0.0 3.0 3.5 3.0 0.5 2.0 3.0 1.0 0.0 2.5 0.0 4.0 1.5 3.0 0.0 2.0 3.0 3.5 4.0 4.0 1.5 0.0 1.0 0.5 2.5 2.5 0.0 2.5 2.0 3.5 2.0 3.5 3.5 2.0 3.5 1.0 2.0 0.0 3.0 0.5 2.0 0.0 3.0 1.5 0.5 3.5 2.5 0.0 0.0 3.5 3.5 0.5 3.5 4.0 0.5 0.5 0.5 1.0 0.5 1.0 3.5 4.0 3.5 1.5 0.5 3.0 1.0 1.5 4.0 2.0 0.5 2.5 1.0 0.0 0.0 0.0 2.0 2.5 1.0 2.5 0.5 0.5 4.0 3.0 2.5 3.5 0.0 0.0 0.0 0.0 0.0 2.0 3.0 0.0 1.5 0.0 4.0 4.0 2.0 0.0 0.0 0.0 1.0
1785427856.68,72,0,15.00,40.793,25.12,250.08,0.1544,0.2556,0.0376,0.2307,0.0425,0.2297,0.0430,0.0450,0.0420,0.0572,0.0479,0.0415,0.0391,0.0914,2.5 0.5 0.0 3.0 0.0 1.5 0.0 2.5 1.5 1.0 3.0 4.0 4.0 3.5 3.0 3.5 1.5 0.0 4.0 0.0 1.5 0.0 3.5 1.5 0.0 1.0 0.0 3.5 1.5 3.5 4.0 3.5 1.0 2.0 1.0 2.5 2.5 1.5 2.0 0.0 1.5 1.5 0.0 3.5 3.5 3.0 2.5 4.0 2.0 0.0 2.0 0.0 4.0 0.5 1.0 3.5 0.0 3.0 1.5 2.0 1.0 1.5 0.0 1.0 0.0 2.0 3.5 1.5 2.5 4.0 3.0 0.5 3.5 0.5 1.5 3.5 1.5 4.0 4.0 1.0 0.0 2.0 2.0 0.5 2.5 1.5 0.5 2.0 1.5 2.5 1.0 4.0 4.0 2.5 0.0 4.0 0.5 1.5 0.0 0.0 0.0 4.0 3.5 1.0 3.5 0.5 2.5 3.5 4.0 3.0 1.5 0.0 0.0 0.0 0.0 0.0 1.5 1.0 0.0 1.5 0.0 2.0 1.0 2.5 0.0 0.0 0.0 3.5
1785427856.78,72,1,15.00,40.793,25.12,250.08,0.1525,0.2551,0.0376,0.2307,0.0464,0.2312,0.0474,0.0420,0.0440,0.0591,0.0469,0.0425,0.0396,0.0948,2.5 0.5 0.0 3.0 0.0 1.5 0.0 2.5 1.5 1.0 3.0 4.0 4.0 3.5 3.0 3.5 1.5 0.0 4.0 0.0 1.5 0.0 3.5 1.5 0.0 1.0 0.0 3.5 1.5 3.5 4.0 3.5 1.0 2.0 1.0 2.5 2.5 1.5 2.0 0.0 1.5 1.5 0.0 3.5 3.5 3.0 2.5 4.0 2.0 0.0 2.0 0.0 4.0 0.5 1.0 3.5 0.0 3.0 1.5 2.0 1.0 1.5 0.0 1.0 0.0 2.0 3.5 1.5 2.5 4.0 3.0 0.5 3.5 0.5 1.5 3.5 1.5 4.0 4.0 1.0 0.0 2.0 2.0 0.5 2.5 1.5 0.5 2.0 1.5 2.5 1.0 4.0 4.0 2.5 0.0 4.0 0.5 1.5 0.0 0.0 0.0 4.0 3.5 1.0 3.5 0.5 2.5 3.5 4.0 3.0 1.5 0.0 0.0 0.0 0.0 0.0 1.5 1.0 0.0 1.5 0.0 2.0 1.0 2.5 0.0 0.0 0.0 3.5
1785427856.88,72,2,15.00,40.793,25.12,250.08,0.1549,0.2566,0.0386,0.2331,0.0430,0.2331,0.0425,0.0430,0.0386,0.0601,0.0479,0.0430,0.0396,0.0943,2.5 0.5 0.0 3.0 0.0 1.5 0.0 2.5 1.5 1.0 3.0 4.0 4.0 3.5 3.0 3.5 1.5 0.0 4.0 0.0 1.5 0.0 3.5 1.5 0.0 1.0 0.0 3.5 1.5 3.5 4.0 3.5 1.0 2.0 1.0 2.5 2.5 1.5 2.0 0.0 1.5 1.5 0.0 3.5 3.5 3.0 2.5 4.0 2.0 0.0 2.0 0.0 4.0 0.5 1.0 3.5 0.0 3.0 1.5 2.0 1.0 1.5 0.0 1.0 0.0 2.0 3.5 1.5 2.5 4.0 3.0 0.5 3.5 0.5 1.5 3.5 1.5 4.0 4.0 1.0 0.0 2.0 2.0 0.5 2.5 1.5 0.5 2.0 1.5 2.5 1.0 4.0 4.0 2.5 0.0 4.0 0.5 1.5 0.0 0.0 0.0 4.0 3.5 1.0 3.5 0.5 2.5 3.5 4.0 3.0 1.5 0.0 0.0 0.0 0.0 0.0 1.5 1.0 0.0 1.5 0.0 2.0 1.0 2.5 0.0 0.0 0.0 3.5
1785427857.56,73,0,15.00,40.853,25.12,250.08,0.1540,0.2678,0.0469,0.2527,0.0689,0.1975,0.0596,0.0684,0.0557,0.2351,0.1373,0.0445,0.0440,0.1173,2.5 0.5 3.0 2.0 1.5 1.5 2.0 0.0 3.0 4.0 1.0 1.5 3.5 2.0 2.5 1.0 3.5 0.5 1.5 2.0 1.5 2.0 2.0 3.0 0.5 3.5 3.0 2.5 0.0 0.0 0.5 1.0 4.0 0.5 0.5 0.0 1.5 3.0 2.0 0.0 1.0 3.5 2.0 3.0 2.0 3.0 1.5 3.0 4.0 0.5 2.0 0.0 1.0 0.5 2.0 0.0 2.5 2.0 3.5 0.5 2.5 2.5 0.0 3.5 2.0 4.0 3.5 2.5 2.5 1.5 4.0 0.0 2.5 3.5 3.5 0.0 2.5 0.0 2.0 0.5 3.5 2.0 3.5 2.0 2.0 2.5 4.0 2.0 2.0 1.5 3.0 2.0 1.0 0.5 3.5 2.5 0.0 3.0 0.0 0.0 0.0 2.5 1.0 3.5 0.5 0.5 4.0 0.5 0.0 0.0 3.0 0.0 0.0 0.0 0.0 0.0 1.5 2.5 0.0 1.0 0.0 2.0 4.0 4.0 0.0 0.0 0.0 4.0
1785427857.66,73,1,15.00,40.853,25.12,250.08,0.1554,0.2669,0.0425,0.2522,0.0699,0.1984,0.0587,0.0684,0.0572,0.2385,0.1339,0.0445,0.0450,0.1227,2.5 0.5 3.0 2.0 1.5 1.5 2.0 0.0 3.0 4.0 1.0 1.5 3.5 2.0 2.5 1.0 3.5 0.5 1.5 2.0 1.5 2.0 2.0 3.0 0.5 3.5 3.0 2.5 0.0 0.0 0.5 1.0 4.0 0.5 0.5 0.0 1.5 3.0 2.0 0.0 1.0 3.5 2.0 3.0 2.0 3.0 1.5 3.0 4.0 0.5 2.0 0.0 1.0 0.5 2.0 0.0 2.5 2.0 3.5 0.5 2.5 2.5 0.0 3.5 2.0 4.0 3.5 2.5 2.5 1.5 4.0 0.0 2.5 3.5 3.5 0.0 2.5 0.0 2.0 0.5 3.5 2.0 3.5 2.0 2.0 2.5 4.0 2.0 2.0 1.5 3.0 2.0 1.0 0.5 3.5 2.5 0.0 3.0 0.0 0.0 0.0 2.5 1.0 3.5 0.5 0.5 4.0 0.5 0.0 0.0 3.0 0.0 0.0 0.0 0.0 0.0 1.5 2.5 0.0 1.0 0.0 2.0 4.0 4.0 0.0 0.0 0.0 4.0
1785427857.76,73,2,15.00,40.853,25.12,250.08,0.1574,0.2669,0.0430,0.2517,0.0704,0.1989,0.0606,0.0709,0.0557,0.2351,0.1354,0.0430,0.0435,0.1222,2.5 0.5 3.0 2.0 1.5 1.5 2.0 0.0 3.0 4.0 1.0 1.5 3.5 2.0 2.5 1.0 3.5 0.5 1.5 2.0 1.5 2.0 2.0 3.0 0.5 3.5 3.0 2.5 0.0 0.0 0.5 1.0 4.0 0.5 0.5 0.0 1.5 3.0 2.0 0.0 1.0 3.5 2.0 3.0 2.0 3.0 1.5 3.0 4.0 0.5 2.0 0.0 1.0 0.5 2.0 0.0 2.5 2.0 3.5 0.5 2.5 2.5 0.0 3.5 2.0 4.0 3.5 2.5 2.5 1.5 4.0 0.0 2.5 3.5 3.5 0.0 2.5 0.0 2.0 0.5 3.5 2.0 3.5 2.0 2.0 2.5 4.0 2.0 2.0 1.5 3.0 2.0 1.0 0.5 3.5 2.5 0.0 3.0 0.0 0.0 0.0 2.5 1.0 3.5 0.5 0.5 4.0 0.5 0.0 0.0 3.0 0.0 0.0 0.0 0.0 0.0 1.5 2.5 0.0 1.0 0.0 2.0 4.0 4.0 0.0 0.0 0.0 4.0
1785427858.43,74,0,15.00,40.773,25.12,250.08,0.1491,0.2463,0.0450,0.1970,0.0503,0.2586,0.0538,0.0543,0.3270,0.0596,0.3309,0.0435,0.3368,0.1017,1.5 2.5 0.0 2.5 3.5 3.5 2.5 2.5 0.5 0.5 1.5 0.5 1.0 1.0 0.5 3.5 1.5 3.5 1.0 3.0 0.0 3.5 3.0 0.0 3.5 2.5 4.0 2.5 2.5 1.0 0.0 4.0 0.0 0.0 3.0 1.0 1.0 3.0 0.0 0.0 1.0 1.0 0.0 0.0 2.5 1.5 1.5 1.5 1.0 0.0 0.5 0.0 4.0 4.0 3.0 3.0 3.0 4.0 1.0 4.0 0.5 1.0 0.0 4.0 0.0 0.0 4.0 0.5 2.5 3.5 1.0 4.0 1.5 1.5 2.0 3.5 2.5 0.0 0.0 1.0 1.0 3.5 0.5 0.0 3.5 3.5 2.0 2.5 3.0 1.0 3.0 1.0 0.5 3.0 2.5 2.5 0.5 1.0 0.0 0.0 0.0 1.0 1.5 3.0 3.5 1.0 3.0 3.0 0.0 1.0 3.5 0.0 0.0 0.0 0.0 0.0 3.5 0.5 0.0 3.0 0.0 3.5 3.0 3.5 0.0 0.0 0.0 3.5
1785427858.53,74,1,15.00,40.773,25.12,250.08,0.1481,0.2463,0.0420,0.1965,0.0513,0.2576,0.0538,0.0547,0.3270,0.0601,0.3275,0.0450,0.3377,0.0992,1.5 2.5 0.0 2.5 3.5 3.5 2.5 2.5 0.5 0.5 1.5 0.5 1.0 1.0 0.5 3.5 1.5 3.5 1.0 3.0 0.0 3.5 3.0 0.0 3.5 2.5 4.0 2.5 2.5 1.0 0.0 4.0 0.0 0.0 3.0 1.0 1.0 3.0 0.0 0.0 1.0 1.0 0.0 0.0 2.5 1.5 1.5 1.5 1.0 0.0 0.5 0.0 4.0 4.0 3.0 3.0 3.0 4.0 1.0 4.0 0.5 1.0 0.0 4.0 0.0 0.0 4.0 0.5 2.5 3.5 1.0 4.0 1.5 1.5 2.0 3.5 2.5 0.0 0.0 1.0 1.0 3.5 0.5 0.0 3.5 3.5 2.0 2.5 3.0 1.0 3.0 1.0 0.5 3.0 2.5 2.5 0.5 1.0 0.0 0.0 0.0 1.0 1.5 3.0 3.5 1.0 3.0 3.0 0.0 1.0 3.5 0.0 0.0 0.0 0.0 0.0 3.5 0.5 0.0 3.0 0.0 3.5 3.0 3.5 0.0 0.0 0.0 3.5
1785427858.63,74,2,15.00,40.773,25.12,250.08,0.1461,0.2468,0.0425,0.1984,0.0484,0.2590,0.0557,0.0562,0.3289,0.0626,0.3319,0.0435,0.3353,0.1017,1.5 2.5 0.0 2.5 3.5 3.5 2.5 2.5 0.5 0.5 1.5 0.5 1.0 1.0 0.5 3.5 1.5 3.5 1.0 3.0 0.0 3.5 3.0 0.0 3.5 2.5 4.0 2.5 2.5 1.0 0.0 4.0 0.0 0.0 3.0 1.0 1.0 3.0 0.0 0.0 1.0 1.0 0.0 0.0 2.5 1.5 1.5 1.5 1.0 0.0 0.5 0.0 4.0 4.0 3.0 3.0 3.0 4.0 1.0 4.0 0.5 1.0 0.0 4.0 0.0 0.0 4.0 0.5 2.5 3.5 1.0 4.0 1.5 1.5 2.0 3.5 2.5 0.0 0.0 1.0 1.0 3.5 0.5 0.0 3.5 3.5 2.0 2.5 3.0 1.0 3.0 1.0 0.5 3.0 2.5 2.5 0.5 1.0 0.0 0.0 0.0 1.0 1.5 3.0 3.5 1.0 3.0 3.0 0.0 1.0 3.5 0.0 0.0 0.0 0.0 0.0 3.5 0.5 0.0 3.0 0.0 3.5 3.0 3.5 0.0 0.0 0.0 3.5
1785427859.31,75,0,15.00,40.793,25.12,250.07,0.1540,0.2546,0.0459,0.1017,0.0855,0.2630,0.0489,0.0582,0.3025,0.0474,0.3353,0.0499,0.3289,0.1129,0.5 2.0 2.5 1.0 3.5 2.0 0.5 0.0 1.5 2.0 3.0 1.5 2.5 0.0 3.5 0.0 3.5 2.5 1.5 0.0 3.0 1.5 1.0 1.0 1.0 0.0 2.0 0.0 4.0 3.5 2.5 3.0 3.0 1.0 2.5 3.0 4.0 0.5 0.5 0.0 3.0 0.0 0.5 0.0 2.5 3.0 4.0 0.5 4.0 4.0 0.0 0.0 1.0 2.5 0.5 2.0 0.5 0.0 4.0 3.0 3.0 2.0 0.0 1.5 2.5 4.0 0.5 2.5 0.5 0.0 3.0 0.0 4.0 1.0 1.5 0.5 4.0 0.0 0.5 3.0 0.5 4.0 3.0 3.5 1.0 1.0 4.0 4.0 0.0 4.0 2.5 4.0 3.5 1.0 3.0 4.0 4.0 0.0 0.0 0.0 0.0 1.0 1.0 2.5 0.0 0.5 1.0 0.5 1.5 3.0 4.0 0.0 0.0 0.0 0.0 0.0 3.0 1.0 0.0 3.0 0.0 4.0 3.5 4.0 0.0 0.0 0.0 0.5
1785427859.41,75,1,15.00,40.793,25.12,250.07,0.1574,0.2595,0.0464,0.1022,0.0899,0.2620,0.0459,0.0528,0.3030,0.0464,0.3363,0.0494,0.3333,0.1085,0.5 2.0 2.5 1.0 3.5 2.0 0.5 0.0 1.5 2.0 3.0 1.5 2.5 0.0 3.5 0.0 3.5 2.5 1.5 0.0 3.0 1.5 1.0 1.0 1.0 0.0 2.0 0.0 4.0 3.5 2.5 3.0 3.0 1.0 2.5 3.0 4.0 0.5 0.5 0.0 3.0 0.0 0.5 0.0 2.5 3.0 4.0 0.5 4.0 4.0 0.0 0.0 1.0 2.5 0.5 2.0 0.5 0.0 4.0 3.0 3.0 2.0 0.0 1.5 2.5 4.0 0.5 2.5 0.5 0.0 3.0 0.0 4.0 1.0 1.5 0.5 4.0 0.0 0.5 3.0 0.5 4.0 3.0 3.5 1.0 1.0 4.0 4.0 0.0 4.0 2.5 4.0 3.5 1.0 3.0 4.0 4.0 0.0 0.0 0.0 0.0 1.0 1.0 2.5 0.0 0.5 1.0 0.5 1.5 3.0 4.0 0.0 0.0 0.0 0.0 0.0 3.0 1.0 0.0 3.0 0.0 4.0 3.5 4.0 0.0 0.0 0.0 0.5
1785427859.51,75,2,15.00,40.793,25.12,250.07,0.1549,0.2586,0.0469,0.1036,0.0865,0.2664,0.0494,0.0494,0.3040,0.0484,0.3348,0.0479,0.3328,0.1085,0.5 2.0 2.5 1.0 3.5 2.0 0.5 0.0 1.5 2.0 3.0 1.5 2.5 0.0 3.5 0.0 3.5 2.5 1.5 0.0 3.0 1.5 1.0 1.0 1.0 0.0 2.0 0.0 4.0 3.5 2.5 3.0 3.0 1.0 2.5 3.0 4.0 0.5 0.5 0.0 3.0 0.0 0.5 0.0 2.5 3.0 4.0 0.5 4.0 4.0 0.0 0.0 1.0 2.5 0.5 2.0 0.5 0.0 4.0 3.0 3.0 2.0 0.0 1.5 2.5 4.0 0.5 2.5 0.5 0.0 3.0 0.0 4.0 1.0 1.5 0.5 4.0 0.0 0.5 3.0 0.5 4.0 3.0 3.5 1.0 1.0 4.0 4.0 0.0 4.0 2.5 4.0 3.5 1.0 3.0 4.0 4.0 0.0 0.0 0.0 0.0 1.0 1.0 2.5 0.0 0.5 1.0 0.5 1.5 3.0 4.0 0.0 0.0 0.0 0.0 0.0 3.0 1.0 0.0 3.0 0.0 4.0 3.5 4.0 0.0 0.0 0.0 0.5
1785427860.19,76,0,15.00,40.773,25.12,250.07,0.1486,0.2283,0.0352,0.2546,0.1178,0.2326,0.0543,0.0748,0.0978,0.0503,0.1838,0.0733,0.1867,0.1212,3.5 3.0 3.5 3.5 2.0 1.0 4.0 2.0 2.5 1.0 3.5 0.0 0.0 3.5 3.0 3.0 3.0 0.0 3.0 1.5 0.0 3.5 1.0 4.0 1.0 1.0 0.0 4.0 1.5 2.0 0.0 0.0 0.0 0.0 0.5 0.0 0.5 2.0 4.0 0.0 4.0 3.0 3.5 1.0 4.0 0.5 4.0 1.0 4.0 1.0 3.5 0.0 2.5 2.5 3.5 3.0 3.0 4.0 2.5 2.5 1.5 0.0 0.0 1.0 2.0 0.5 3.5 3.5 0.5 3.0 0.0 0.0 3.5 2.0 0.0 3.0 0.5 0.5 2.0 2.5 2.5 1.0 3.5 1.0 3.0 4.0 0.0 0.5 2.5 0.5 3.0 3.0 4.0 0.5 3.5 4.0 4.0 0.5 0.0 0.0 0.0 1.0 1.5 2.0 1.0 0.0 3.0 3.5 0.0 2.5 2.5 0.0 0.0 0.0 0.0 0.0 3.0 2.0 0.0 4.0 0.0 4.0 3.5 2.0 0.0 0.0 0.0 1.0
1785427860.29,76,1,15.00,40.773,25.12,250.07,0.1339,0.2229,0.0513,0.2586,0.1105,0.2263,0.0660,0.0606,0.0978,0.0621,0.2019,0.0577,0.1911,0.1256,3.5 3.0 3.5 3.5 2.0 1.0 4.0 2.0 2.5 1.0 3.5 0.0 0.0 3.5 3.0 3.0 3.0 0.0 3.0 1.5 0.0 3.5 1.0 4.0 1.0 1.0 0.0 4.0 1.5 2.0 0.0 0.0 0.0 0.0 0.5 0.0 0.5 2.0 4.0 0.0 4.0 3.0 3.5 1.0 4.0 0.5 4.0 1.0 4.0 1.0 3.5 0.0 2.5 2.5 3.5 3.0 3.0 4.0 2.5 2.5 1.5 0.0 0.0 1.0 2.0 0.5 3.5 3.5 0.5 3.0 0.0 0.0 3.5 2.0 0.0 3.0 0.5 0.5 2.0 2.5 2.5 1.0 3.5 1.0 3.0 4.0 0.0 0.5 2.5 0.5 3.0 3.0 4.0 0.5 3.5 4.0 4.0 0.5 0.0 0.0 0.0 1.0 1.5 2.0 1.0 0.0 3.0 3.5 0.0 2.5 2.5 0.0 0.0 0.0 0.0 0.0 3.0 2.0 0.0 4.0 0.0 4.0 3.5 2.0 0.0 0.0 0.0 1.0
1785427860.39,76,2,15.00,40.773,25.12,250.07,0.1554,0.2102,0.0499,0.2654,0.1114,0.2204,0.0670,0.0694,0.0836,0.0606,0.1960,0.0601,0.1779,0.1344,3.5 3.0 3.5 3.5 2.0 1.0 4.0 2.0 2.5 1.0 3.5 0.0 0.0 3.5 3.0 3.0 3.0 0.0 3.0 1.5 0.0 3.5 1.0 4.0 1.0 1.0 0.0 4.0 1.5 2.0 0.0 0.0 0.0 0.0 0.5 0.0 0.5 2.0 4.0 0.0 4.0 3.0 3.5 1.0 4.0 0.5 4.0 1.0 4.0 1.0 3.5 0.0 2.5 2.5 3.5 3.0 3.0 4.0 2.5 2.5 1.5 0.0 0.0 1.0 2.0 0.5 3.5 3.5 0.5 3.0 0.0 0.0 3.5 2.0 0.0 3.0 0.5 0.5 2.0 2.5 2.5 1.0 3.5 1.0 3.0 4.0 0.0 0.5 2.5 0.5 3.0 3.0 4.0 0.5 3.5 4.0 4.0 0.5 0.0 0.0 0.0 1.0 1.5 2.0 1.0 0.0 3.0 3.5 0.0 2.5 2.5 0.0 0.0 0.0 0.0 0.0 3.0 2.0 0.0 4.0 0.0 4.0 3.5 2.0 0.0 0.0 0.0 1.0
1785427861.07,77,0,15.00,40.813,25.12,250.07,0.1574,0.2405,0.0503,0.0787,0.2224,0.2571,0.0523,0.1012,0.3152,0.1007,0.3172,0.0455,0.3167,0.1075,0.5 0.0 4.0 1.5 1.0 3.0 1.0 0.0 2.0 3.5 0.0 2.5 4.0 3.5 0.5 1.5 2.0 1.0 1.0 0.5 2.0 0.5 2.5 1.0 2.0 1.0 2.0 1.5 3.0 2.0 3.0 4.0 1.0 4.0 3.0 0.0 2.5 0.5 4.0 0.0 2.0 3.0 1.0 0.0 1.5 3.0 4.0 0.0 4.0 4.0 0.0 0.0 3.0 2.5 2.5 4.0 1.5 0.5 0.0 2.5 0.5 2.0 0.0 0.5 0.5 1.5 3.0 1.5 3.5 4.0 3.5 1.5 2.0 0.0 1.0 3.0 1.5 0.0 1.5 4.0 2.5 1.0 3.0 1.5 2.0 4.0 3.5 1.0 2.5 2.0 4.0 3.5 3.5 3.0 1.0 1.0 1.0 3.0 0.0 0.0 0.0 2.5 2.0 3.0 0.0 1.0 3.0 4.0 3.5 1.5 0.5 0.0 0.0 0.0 0.0 0.0 1.5 1.5 0.0 3.5 0.0 2.0 0.5 2.5 0.0 0.0 0.0 4.0
1785427861.17,77,1,15.00,40.813,25.12,250.07,0.1530,0.2434,0.0567,0.0777,0.2190,0.2669,0.0543,0.1031,0.3104,0.1007,0.3123,0.0430,0.3143,0.1188,0.5 0.0 4.0 1.5 1.0 3.0 1.0 0.0 2.0 3.5 0.0 2.5 4.0 3.5 0.5 1.5 2.0 1.0 1.0 0.5 2.0 0.5 2.5 1.0 2.0 1.0 2.0 1.5 3.0 2.0 3.0 4.0 1.0 4.0 3.0 0.0 2.5 0.5 4.0 0.0 2.0 3.0 1.0 0.0 1.5 3.0 4.0 0.0 4.0 4.0 0.0 0.0 3.0 2.5 2.5 4.0 1.5 0.5 0.0 2.5 0.5 2.0 0.0 0.5 0.5 1.5 3.0 1.5 3.5 4.0 3.5 1.5 2.0 0.0 1.0 3.0 1.5 0.0 1.5 4.0 2.5 1.0 3.0 1.5 2.0 4.0 3.5 1.0 2.5 2.0 4.0 3.5 3.5 3.0 1.0 1.0 1.0 3.0 0.0 0.0 0.0 2.5 2.0 3.0 0.0 1.0 3.0 4.0 3.5 1.5 0.5 0.0 0.0 0.0 0.0 0.0 1.5 1.5 0.0 3.5 0.0 2.0 0.5 2.5 0.0 0.0 0.0 4.0
1785427861.27,77,2,15.00,40.813,25.12,250.07,0.1496,0.2434,0.0489,0.0767,0.2160,0.2639,0.0567,0.0997,0.3152,0.0978,0.3177,0.0499,0.3133,0.1139,0.5 0.0 4.0 1.5 1.0 3.0 1.0 0.0 2.0 3.5 0.0 2.5 4.0 3.5 0.5 1.5 2.0 1.0 1.0 0.5 2.0 0.5 2.5 1.0 2.0 1.0 2.0 1.5 3.0 2.0 3.0 4.0 1.0 4.0 3.0 0.0 2.5 0.5 4.0 0.0 2.0 3.0 1.0 0.0 1.5 3.0 4.0 0.0 4.0 4.0 0.0 0.0 3.0 2.5 2.5 4.0 1.5 0.5 0.0 2.5 0.5 2.0 0.0 0.5 0.5 1.5 3.0 1.5 3.5 4.0 3.5 1.5 2.0 0.0 1.0 3.0 1.5 0.0 1.5 4.0 2.5 1.0 3.0 1.5 2.0 4.0 3.5 1.0 2.5 2.0 4.0 3.5 3.5 3.0 1.0 1.0 1.0 3.0 0.0 0.0 0.0 2.5 2.0 3.0 0.0 1.0 3.0 4.0 3.5 1.5 0.5 0.0 0.0 0.0 0.0 0.0 1.5 1.5 0.0 3.5 0.0 2.0 0.5 2.5 0.0 0.0 0.0 4.0
1785427861.94,78,0,15.00,40.833,25.12,250.07,0.1471,0.2434,0.0499,0.2131,0.1168,0.2317,0.0738,0.1965,0.2835,0.0528,0.3211,0.0596,0.3211,0.1036,3.5 4.0 0.5 3.5 3.5 2.0 1.5 3.5 1.5 2.0 0.5 0.5 3.5 3.5 3.0 2.5 0.0 0.5 3.0 1.0 0.5 2.5 0.0 1.0 1.5 0.5 2.5 1.0 2.5 0.0 0.0 3.0 0.5 3.0 0.0 1.0 0.0 3.5 1.0 0.0 4.0 1.5 4.0 3.5 2.5 1.5 2.0 3.5 0.0 0.5 4.0 0.0 0.0 3.5 1.0 1.0 1.0 3.5 4.0 0.0 0.0 4.0 0.0 3.5 0.5 3.5 0.0 0.5 3.5 4.0 0.0 2.5 1.0 2.5 0.5 4.0 1.0 1.5 1.5 0.5 2.5 4.0 2.0 3.0 4.0 2.5 4.0 3.0 1.5 1.0 2.5 1.5 3.0 1.5 0.0 3.5 2.5 4.0 0.0 0.0 0.0 3.0 3.0 3.0 0.0 0.0 2.0 4.0 1.0 0.0 3.0 0.0 0.0 0.0 0.0 0.0 0.0 1.0 0.0 0.5 0.0 1.0 2.5 2.5 0.0 0.0 0.0 2.0
1785427862.04,78,1,15.00,40.833,25.12,250.07,0.1461,0.2390,0.0503,0.2048,0.1153,0.2268,0.0723,0.1882,0.2683,0.0479,0.3216,0.0650,0.3133,0.1124,3.5 4.0 0.5 3.5 3.5 2.0 1.5 3.5 1.5 2.0 0.5 0.5 3.5 3.5 3.0 2.5 0.0 0.5 3.0 1.0 0.5 2.5 0.0 1.0 1.5 0.5 2.5 1.0 2.5 0.0 0.0 3.0 0.5 3.0 0.0 1.0 0.0 3.5 1.0 0.0 4.0 1.5 4.0 3.5 2.5 1.5 2.0 3.5 0.0 0.5 4.0 0.0 0.0 3.5 1.0 1.0 1.0 3.5 4.0 0.0 0.0 4.0 0.0 3.5 0.5 3.5 0.0 0.5 3.5 4.0 0.0 2.5 1.0 2.5 0.5 4.0 1.0 1.5 1.5 0.5 2.5 4.0 2.0 3.0 4.0 2.5 4.0 3.0 1.5 1.0 2.5 1.5 3.0 1.5 0.0 3.5 2.5 4.0 0.0 0.0 0.0 3.0 3.0 3.0 0.0 0.0 2.0 4.0 1.0 0.0 3.0 0.0 0.0 0.0 0.0 0.0 0.0 1.0 0.0 0.5 0.0 1.0 2.5 2.5 0.0 0.0 0.0 2.0
1785427862.14,78,2,15.00,40.833,25.12,250.07,0.1564,0.2429,0.0445,0.2097,0.1144,0.2278,0.0572,0.1931,0.2659,0.0469,0.3211,0.0674,0.3177,0.1070,3.5 4.0 0.5 3.5 3.5 2.0 1.5 3.5 1.5 2.0 0.5 0.5 3.5 3.5 3.0 2.5 0.0 0.5 3.0 1.0 0.5 2.5 0.0 1.0 1.5 0.5 2.5 1.0 2.5 0.0 0.0 3.0 0.5 3.0 0.0 1.0 0.0 3.5 1.0 0.0 4.0 1.5 4.0 3.5 2.5 1.5 2.0 3.5 0.0 0.5 4.0 0.0 0.0 3.5 1.0 1.0 1.0 3.5 4.0 0.0 0.0 4.0 0.0 3.5 0.5 3.5 0.0 0.5 3.5 4.0 0.0 2.5 1.0 2.5 0.5 4.0 1.0 1.5 1.5 0.5 2.5 4.0 2.0 3.0 4.0 2.5 4.0 3.0 1.5 1.0 2.5 1.5 3.0 1.5 0.0 3.5 2.5 4.0 0.0 0.0 0.0 3.0 3.0 3.0 0.0 0.0 2.0 4.0 1.0 0.0 3.0 0.0 0.0 0.0 0.0 0.0 0.0 1.0 0.0 0.5 0.0 1.0 2.5 2.5 0.0 0.0 0.0 2.0
1785427862.82,79,0,15.00,40.793,25.12,250.07,0.1432,0.2595,0.0474,0.2243,0.0606,0.1686,0.0841,0.1266,0.3236,0.0572,0.3094,0.0567,0.3006,0.1163,0.5 0.0 0.0 1.0 0.5 0.5 0.0 3.0 2.0 3.5 0.0 3.5 1.5 0.5 2.0 1.5 3.5 0.5 0.0 3.5 1.0 3.5 1.0 3.0 2.5 3.0 3.5 2.0 3.5 4.0 2.5 0.0 1.5 3.5 1.0 1.5 2.5 2.5 2.0 0.0 3.0 2.5 1.5 2.0 0.5 3.5 3.0 1.5 2.0 0.0 2.0 0.0 4.0 3.5 2.5 4.0 0.5 0.5 4.0 2.0 3.0 0.5 0.0 0.0 2.5 2.0 2.0 4.0 3.0 2.0 4.0 0.5 2.0 2.0 4.0 3.0 1.0 0.5 3.5 3.0 2.5 3.5 1.5 2.5 0.0 4.0 2.0 0.5 3.5 1.0 2.0 4.0 0.5 0.0 1.5 1.0 4.0 0.5 0.0 0.0 0.0 3.0 2.5 4.0 0.5 0.0 3.5 0.0 0.5 2.5 4.0 0.0 0.0 0.0 0.0 0.0 1.0 1.0 0.0 3.5 0.0 4.0 2.5 0.5 0.0 0.0 0.0 1.5
1785427862.92,79,1,15.00,40.793,25.12,250.07,0.1540,0.2586,0.0440,0.2195,0.0596,0.1760,0.0806,0.1256,0.3187,0.0567,0.3074,0.0562,0.3045,0.1100,0.5 0.0 0.0 1.0 0.5 0.5 0.0 3.0 2.0 3.5 0.0 3.5 1.5 0.5 2.0 1.5 3.5 0.5 0.0 3.5 1.0 3.5 1.0 3.0 2.5 3.0 3.5 2.0 3.5 4.0 2.5 0.0 1.5 3.5 1.0 1.5 2.5 2.5 2.0 0.0 3.0 2.5 1.5 2.0 0.5 3.5 3.0 1.5 2.0 0.0 2.0 0.0 4.0 3.5 2.5 4.0 0.5 0.5 4.0 2.0 3.0 0.5 0.0 0.0 2.5 2.0 2.0 4.0 3.0 2.0 4.0 0.5 2.0 2.0 4.0 3.0 1.0 0.5 3.5 3.0 2.5 3.5 1.5 2.5 0.0 4.0 2.0 0.5 3.5 1.0 2.0 4.0 0.5 0.0 1.5 1.0 4.0 0.5 0.0 0.0 0.0 3.0 2.5 4.0 0.5 0.0 3.5 0.0 0.5 2.5 4.0 0.0 0.0 0.0 0.0 0.0 1.0 1.0 0.0 3.5 0.0 4.0 2.5 0.5 0.0 0.0 0.0 1.5
1785427863.02,79,2,15.00,40.793,25.12,250.07,0.1530,0.2576,0.0445,0.2199,0.0601,0.1760,0.0831,0.1271,0.3152,0.0601,0.3118,0.0552,0.3011,0.1100,0.5 0.0 0.0 1.0 0.5 0.5 0.0 3.0 2.0 3.5 0.0 3.5 1.5 0.5 2.0 1.5 3.5 0.5 0.0 3.5 1.0 3.5 1.0 3.0 2.5 3.0 3.5 2.0 3.5 4.0 2.5 0.0 1.5 3.5 1.0 1.5 2.5 2.5 2.0 0.0 3.0 2.5 1.5 2.0 0.5 3.5 3.0 1.5 2.0 0.0 2.0 0.0 4.0 3.5 2.5 4.0 0.5 0.5 4.0 2.0 3.0 0.5 0.0 0.0 2.5 2.0 2.0 4.0 3.0 2.0 4.0 0.5 2.0 2.0 4.0 3.0 1.0 0.5 3.5 3.0 2.5 3.5 1.5 2.5 0.0 4.0 2.0 0.5 3.5 1.0 2.0 4.0 0.5 0.0 1.5 1.0 4.0 0.5 0.0 0.0 0.0 3.0 2.5 4.0 0.5 0.0 3.5 0.0 0.5 2.5 4.0 0.0 0.0 0.0 0.0 0.0 1.0 1.0 0.0 3.5 0.0 4.0 2.5 0.5 0.0 0.0 0.0 1.5
1785427863.70,80,0,15.00,40.813,25.12,250.07,0.1486,0.2473,0.0396,0.2488,0.0997,0.2537,0.0650,0.0601,0.3065,0.0577,0.3245,0.0420,0.3289,0.0968,1.0 2.5 0.0 3.5 3.5 2.5 3.0 0.0 3.5 1.5 0.5 1.5 2.0 1.0 1.0 2.5 0.0 3.0 3.5 2.5 2.0 1.0 3.0 3.5 0.0 2.5 1.0 2.0 1.0 0.5 3.5 4.0 2.0 0.5 1.0 1.0 2.0 2.5 1.5 0.0 3.0 0.0 0.5 4.0 4.0 3.0 4.0 4.0 3.5 1.0 2.5 0.0 4.0 2.0 3.0 4.0 4.0 3.0 4.0 3.5 2.0 3.0 0.0 3.0 0.0 0.0 1.0 2.5 2.5 2.0 3.5 2.0 3.0 2.5 2.5 2.0 0.5 1.5 2.5 2.5 1.5 2.5 2.0 0.5 2.0 0.0 3.5 4.0 3.5 1.5 0.0 2.0 2.0 2.0 3.0 0.0 1.5 2.5 0.0 0.0 0.0 3.5 1.5 0.0 0.5 0.5 2.0 2.0 0.0 0.0 0.5 0.0 0.0 0.0 0.0 0.0 3.0 1.0 0.0 4.0 0.0 0.0 3.5 1.5 0.0 0.0 0.0 3.0
1785427863.80,80,1,15.00,40.813,25.12,250.07,0.1471,0.2502,0.0391,0.2522,0.0963,0.2512,0.0650,0.0533,0.3040,0.0582,0.3265,0.0445,0.3265,0.0982,1.0 2.5 0.0 3.5 3.5 2.5 3.0 0.0 3.5 1.5 0.5 1.5 2.0 1.0 1.0 2.5 0.0 3.0 3.5 2.5 2.0 1.0 3.0 3.5 0.0 2.5 1.0 2.0 1.0 0.5 3.5 4.0 2.0 0.5 1.0 1.0 2.0 2.5 1.5 0.0 3.0 0.0 0.5 4.0 4.0 3.0 4.0 4.0 3.5 1.0 2.5 0.0 4.0 2.0 3.0 4.0 4.0 3.0 4.0 3.5 2.0 3.0 0.0 3.0 0.0 0.0 1.0 2.5 2.5 2.0 3.5 2.0 3.0 2.5 2.5 2.0 0.5 1.5 2.5 2.5 1.5 2.5 2.0 0.5 2.0 0.0 3.5 4.0 3.5 1.5 0.0 2.0 2.0 2.0 3.0 0.0 1.5 2.5 0.0 0.0 0.0 3.5 1.5 0.0 0.5 0.5 2.0 2.0 0.0 0.0 0.5 0.0 0.0 0.0 0.0 0.0 3.0 1.0 0.0 4.0 0.0 0.0 3.5 1.5 0.0 0.0 0.0 3.0
1785427863.90,80,2,15.00,40.813,25.12,250.07,0.1447,0.2498,0.0425,0.2566,0.0968,0.2527,0.0670,0.0577,0.3069,0.0547,0.3289,0.0420,0.3245,0.0978,1.0 2.5 0.0 3.5 3.5 2.5 3.0 0.0 3.5 1.5 0.5 1.5 2.0 1.0 1.0 2.5 0.0 3.0 3.5 2.5 2.0 1.0 3.0 3.5 0.0 2.5 1.0 2.0 1.0 0.5 3.5 4.0 2.0 0.5 1.0 1.0 2.0 2.5 1.5 0.0 3.0 0.0 0.5 4.0 4.0 3.0 4.0 4.0 3.5 1.0 2.5 0.0 4.0 2.0 3.0 4.0 4.0 3.0 4.0 3.5 2.0 3.0 0.0 3.0 0.0 0.0 1.0 2.5 2.5 2.0 3.5 2.0 3.0 2.5 2.5 2.0 0.5 1.5 2.5 2.5 1.5 2.5 2.0 0.5 2.0 0.0 3.5 4.0 3.5 1.5 0.0 2.0 2.0 2.0 3.0 0.0 1.5 2.5 0.0 0.0 0.0 3.5 1.5 0.0 0.5 0.5 2.0 2.0 0.0 0.0 0.5 0.0 0.0 0.0 0.0 0.0 3.0 1.0 0.0 4.0 0.0 0.0 3.5 1.5 0.0 0.0 0.0 3.0
1785427864.57,81,0,15.00,40.813,25.12,250.07,0.1393,0.2234,0.0469,0.1593,0.0523,0.2507,0.0587,0.1637,0.3343,0.1207,0.3050,0.0762,0.2991,0.1276,3.5 4.0 1.0 3.0 0.0 3.0 2.0 0.0 0.5 0.5 4.0 3.0 1.5 3.5 2.5 4.0 3.5 3.5 0.5 1.0 3.0 1.5 4.0 3.5 4.0 2.0 0.0 1.0 1.0 1.0 4.0 1.5 3.5 2.0 1.0 4.0 3.5 1.5 2.5 0.0 1.0 3.0 1.5 0.0 3.5 1.5 0.0 1.5 3.0 3.5 4.0 0.0 2.0 1.0 0.0 4.0 1.5 4.0 0.0 4.0 3.5 4.0 0.0 3.5 1.0 0.0 4.0 1.0 0.5 3.5 2.5 2.5 2.5 4.0 1.0 0.0 3.5 0.5 0.0 1.5 4.0 3.0 0.0 4.0 4.0 2.5 0.0 2.0 3.0 1.0 0.5 3.0 0.5 4.0 1.5 2.0 0.5 0.5 0.0 0.0 0.0 0.0 4.0 0.0 4.0 0.0 2.0 4.0 3.0 4.0 0.5 0.0 0.0 0.0 0.0 0.0 1.0 3.0 0.0 2.5 0.0 0.5 0.0 3.5 0.0 0.0 0.0 2.0
1785427864.67,81,1,15.00,40.813,25.12,250.07,0.1369,0.2297,0.0479,0.1569,0.0450,0.2537,0.0582,0.1652,0.3324,0.1227,0.3123,0.0748,0.2986,0.1183,3.5 4.0 1.0 3.0 0.0 3.0 2.0 0.0 0.5 0.5 4.0 3.0 1.5 3.5 2.5 4.0 3.5 3.5 0.5 1.0 3.0 1.5 4.0 3.5 4.0 2.0 0.0 1.0 1.0 1.0 4.0 1.5 3.5 2.0 1.0 4.0 3.5 1.5 2.5 0.0 1.0 3.0 1.5 0.0 3.5 1.5 0.0 1.5 3.0 3.5 4.0 0.0 2.0 1.0 0.0 4.0 1.5 4.0 0.0 4.0 3.5 4.0 0.0 3.5 1.0 0.0 4.0 1.0 0.5 3.5 2.5 2.5 2.5 4.0 1.0 0.0 3.5 0.5 0.0 1.5 4.0 3.0 0.0 4.0 4.0 2.5 0.0 2.0 3.0 1.0 0.5 3.0 0.5 4.0 1.5 2.0 0.5 0.5 0.0 0.0 0.0 0.0 4.0 0.0 4.0 0.0 2.0 4.0 3.0 4.0 0.5 0.0 0.0 0.0 0.0 0.0 1.0 3.0 0.0 2.5 0.0 0.5 0.0 3.5 0.0 0.0 0.0 2.0
1785427864.77,81,2,15.00,40.813,25.12,250.07,0.1437,0.2224,0.0455,0.1525,0.0538,0.2527,0.0640,0.1637,0.3328,0.1241,0.3099,0.0723,0.3001,0.1261,3.5 4.0 1.0 3.0 0.0 3.0 2.0 0.0 0.5 0.5 4.0 3.0 1.5 3.5 2.5 4.0 3.5 3.5 0.5 1.0 3.0 1.5 4.0 3.5 4.0 2.0 0.0 1.0 1.0 1.0 4.0 1.5 3.5 2.0 1.0 4.0 3.5 1.5 2.5 0.0 1.0 3.0 1.5 0.0 3.5 1.5 0.0 1.5 3.0 3.5 4.0 0.0 2.0 1.0 0.0 4.0 1.5 4.0 0.0 4.0 3.5 4.0 0.0 3.5 1.0 0.0 4.0 1.0 0.5 3.5 2.5 2.5 2.5 4.0 1.0 0.0 3.5 0.5 0.0 1.5 4.0 3.0 0.0 4.0 4.0 2.5 0.0 2.0 3.0 1.0 0.5 3.0 0.5 4.0 1.5 2.0 0.5 0.5 0.0 0.0 0.0 0.0 4.0 0.0 4.0 0.0 2.0 4.0 3.0 4.0 0.5 0.0 0.0 0.0 0.0 0.0 1.0 3.0 0.0 2.5 0.0 0.5 0.0 3.5 0.0 0.0 0.0 2.0
1785427865.45,82,0,15.00,40.753,25.12,250.07,0.1481,0.2253,0.0445,0.1476,0.2009,0.2845,0.1261,0.1134,0.2898,0.1041,0.3162,0.0630,0.3421,0.1188,0.0 2.5 2.5 3.5 1.0 4.0 3.0 0.0 3.5 2.0 2.5 3.5 2.0 1.0 2.5 0.5 3.5 4.0 2.5 3.0 3.5 0.5 2.5 0.5 1.5 2.5 2.0 3.5 3.5 4.0 4.0 2.5 3.0 1.0 0.0 1.0 0.0 4.0 0.5 0.0 4.0 1.0 2.5 3.0 2.0 3.5 0.5 2.5 2.0 1.5 3.0 0.0 2.0 0.5 4.0 1.5 3.5 1.5 2.0 0.0 3.5 2.5 0.0 0.5 0.5 1.5 4.0 0.5 4.0 4.0 0.0 0.0 3.5 0.5 1.0 3.5 2.0 2.0 3.0 1.0 3.0 1.0 2.5 3.5 1.0 2.0 0.0 0.0 3.5 2.5 1.5 2.0 3.5 3.0 3.0 2.0 1.5 2.5 0.0 0.0 0.0 1.0 2.5 1.5 3.0 2.5 1.0 2.0 2.0 3.0 3.5 0.0 0.0 0.0 0.0 0.0 3.5 2.5 0.0 1.0 0.0 1.0 1.0 2.0 0.0 0.0 0.0 2.0
1785427865.55,82,1,15.00,40.753,25.12,250.07,0.1461,0.2346,0.0445,0.1476,0.1945,0.2893,0.1237,0.1080,0.2884,0.1046,0.3177,0.0572,0.3402,0.1178,0.0 2.5 2.5 3.5 1.0 4.0 3.0 0.0 3.5 2.0 2.5 3.5 2.0 1.0 2.5 0.5 3.5 4.0 2.5 3.0 3.5 0.5 2.5 0.5 1.5 2.5 2.0 3.5 3.5 4.0 4.0 2.5 3.0 1.0 0.0 1.0 0.0 4.0 0.5 0.0 4.0 1.0 2.5 3.0 2.0 3.5 0.5 2.5 2.0 1.5 3.0 0.0 2.0 0.5 4.0 1.5 3.5 1.5 2.0 0.0 3.5 2.5 0.0 0.5 0.5 1.5 4.0 0.5 4.0 4.0 0.0 0.0 3.5 0.5 1.0 3.5 2.0 2.0 3.0 1.0 3.0 1.0 2.5 3.5 1.0 2.0 0.0 0.0 3.5 2.5 1.5 2.0 3.5 3.0 3.0 2.0 1.5 2.5 0.0 0.0 0.0 1.0 2.5 1.5 3.0 2.5 1.0 2.0 2.0 3.0 3.5 0.0 0.0 0.0 0.0 0.0 3.5 2.5 0.0 1.0 0.0 1.0 1.0 2.0 0.0 0.0 0.0 2.0
1785427865.65,82,2,15.00,40.753,25.12,250.07,0.1457,0.2375,0.0401,0.1623,0.1960,0.2874,0.1217,0.1124,0.2835,0.0997,0.3118,0.0552,0.3377,0.1217,0.0 2.5 2.5 3.5 1.0 4.0 3.0 0.0 3.5 2.0 2.5 3.5 2.0 1.0 2.5 0.5 3.5 4.0 2.5 3.0 3.5 0.5 2.5 0.5 1.5 2.5 2.0 3.5 3.5 4.0 4.0 2.5 3.0 1.0 0.0 1.0 0.0 4.0 0.5 0.0 4.0 1.0 2.5 3.0 2.0 3.5 0.5 2.5 2.0 1.5 3.0 0.0 2.0 0.5 4.0 1.5 3.5 1.5 2.0 0.0 3.5 2.5 0.0 0.5 0.5 1.5 4.0 0.5 4.0 4.0 0.0 0.0 3.5 0.5 1.0 3.5 2.0 2.0 3.0 1.0 3.0 1.0 2.5 3.5 1.0 2.0 0.0 0.0 3.5 2.5 1.5 2.0 3.5 3.0 3.0 2.0 1.5 2.5 0.0 0.0 0.0 1.0 2.5 1.5 3.0 2.5 1.0 2.0 2.0 3.0 3.5 0.0 0.0 0.0 0.0 0.0 3.5 2.5 0.0 1.0 0.0 1.0 1.0 2.0 0.0 0.0 0.0 2.0
1785427866.33,83,0,15.00,40.873,25.12,250.07,0.1388,0.2434,0.0342,0.2727,0.1109,0.2424,0.0684,0.2048,0.1994,0.2019,0.2180,0.0523,0.3250,0.1197,0.5 0.5 2.0 2.0 0.0 2.0 4.0 0.5 2.0 2.5 1.5 2.5 4.0 0.5 1.5 3.5 0.0 2.0 3.5 1.5 1.5 2.5 3.0 0.5 4.0 2.0 3.0 0.0 1.0 0.0 2.5 4.0 4.0 2.5 0.5 3.0 3.0 0.5 3.0 0.0 0.0 3.0 2.0 2.5 1.0 0.0 0.0 2.5 0.5 1.0 2.5 0.0 2.5 0.0 2.5 4.0 2.5 0.0 3.5 1.5 0.5 1.5 0.0 2.5 0.5 1.0 3.0 2.0 4.0 4.0 1.0 0.5 0.0 4.0 1.0 0.5 0.5 1.0 3.5 3.0 1.0 2.0 2.5 1.5 1.0 0.0 0.0 1.0 2.0 1.5 3.0 2.5 3.5 3.5 1.0 0.0 0.0 0.5 0.0 0.0 0.0 1.0 1.0 2.0 1.0 4.0 2.5 3.5 0.5 0.5 3.5 0.0 0.0 0.0 0.0 0.0 2.0 3.5 0.0 2.5 0.0 1.5 1.5 1.0 0.0 0.0 0.0 2.5
1785427866.43,83,1,15.00,40.873,25.12,250.07,0.1496,0.2493,0.0420,0.2742,0.1105,0.2463,0.0684,0.2028,0.1901,0.1960,0.2180,0.0484,0.3216,0.1163,0.5 0.5 2.0 2.0 0.0 2.0 4.0 0.5 2.0 2.5 1.5 2.5 4.0 0.5 1.5 3.5 0.0 2.0 3.5 1.5 1.5 2.5 3.0 0.5 4.0 2.0 3.0 0.0 1.0 0.0 2.5 4.0 4.0 2.5 0.5 3.0 3.0 0.5 3.0 0.0 0.0 3.0 2.0 2.5 1.0 0.0 0.0 2.5 0.5 1.0 2.5 0.0 2.5 0.0 2.5 4.0 2.5 0.0 3.5 1.5 0.5 1.5 0.0 2.5 0.5 1.0 3.0 2.0 4.0 4.0 1.0 0.5 0.0 4.0 1.0 0.5 0.5 1.0 3.5 3.0 1.0 2.0 2.5 1.5 1.0 0.0 0.0 1.0 2.0 1.5 3.0 2.5 3.5 3.5 1.0 0.0 0.0 0.5 0.0 0.0 0.0 1.0 1.0 2.0 1.0 4.0 2.5 3.5 0.5 0.5 3.5 0.0 0.0 0.0 0.0 0.0 2.0 3.5 0.0 2.5 0.0 1.5 1.5 1.0 0.0 0.0 0.0 2.5
1785427866.53,83,2,15.00,40.873,25.12,250.07,0.1515,0.2498,0.0352,0.2742,0.1114,0.2419,0.0674,0.1887,0.1926,0.1931,0.2131,0.0528,0.3216,0.1222,0.5 0.5 2.0 2.0 0.0 2.0 4.0 0.5 2.0 2.5 1.5 2.5 4.0 0.5 1.5 3.5 0.0 2.0 3.5 1.5 1.5 2.5 3.0 0.5 4.0 2.0 3.0 0.0 1.0 0.0 2.5 4.0 4.0 2.5 0.5 3.0 3.0 0.5 3.0 0.0 0.0 3.0 2.0 2.5 1.0 0.0 0.0 2.5 0.5 1.0 2.5 0.0 2.5 0.0 2.5 4.0 2.5 0.0 3.5 1.5 0.5 1.5 0.0 2.5 0.5 1.0 3.0 2.0 4.0 4.0 1.0 0.5 0.0 4.0 1.0 0.5 0.5 1.0 3.5 3.0 1.0 2.0 2.5 1.5 1.0 0.0 0.0 1.0 2.0 1.5 3.0 2.5 3.5 3.5 1.0 0.0 0.0 0.5 0.0 0.0 0.0 1.0 1.0 2.0 1.0 4.0 2.5 3.5 0.5 0.5 3.5 0.0 0.0 0.0 0.0 0.0 2.0 3.5 0.0 2.5 0.0 1.5 1.5 1.0 0.0 0.0 0.0 2.5
1785427867.21,84,0,15.00,40.793,25.12,250.07,0.1598,0.2537,0.0430,0.1706,0.0674,0.2737,0.0714,0.0543,0.3421,0.0806,0.3543,0.0611,0.3475,0.1202,2.5 4.0 2.0 0.0 3.0 4.0 0.5 2.0 1.5 3.0 4.0 1.5 0.5 0.0 2.0 0.5 4.0 0.5 2.5 2.0 0.5 2.0 1.0 2.5 3.0 2.0 4.0 4.0 1.5 3.5 0.5 3.5 2.0 2.5 2.5 4.0 2.0 4.0 3.5 0.0 0.0 1.0 2.0 3.5 0.5 3.5 4.0 3.5 1.0 1.5 3.5 0.0 2.5 1.5 2.5 0.0 3.0 1.5 1.0 3.0 1.5 2.5 0.0 2.0 2.0 2.5 0.5 4.0 4.0 3.5 3.0 1.5 3.0 2.0 0.5 2.0 3.5 0.5 1.0 0.0 2.0 3.5 0.0 1.5 2.5 2.0 3.0 3.5 4.0 0.5 3.0 3.0 3.5 1.5 1.0 4.0 4.0 4.0 0.0 0.0 0.0 0.5 1.0 0.0 2.0 3.0 2.0 3.5 1.5 3.5 1.5 0.0 0.0 0.0 0.0 0.0 0.5 2.0 0.0 4.0 0.0 4.0 2.5 4.0 0.0 0.0 0.0 0.0
1785427867.31,84,1,15.00,40.793,25.12,250.07,0.1574,0.2522,0.0484,0.1735,0.0635,0.2727,0.0694,0.0538,0.3353,0.0792,0.3524,0.0587,0.3529,0.1217,2.5 4.0 2.0 0.0 3.0 4.0 0.5 2.0 1.5 3.0 4.0 1.5 0.5 0.0 2.0 0.5 4.0 0.5 2.5 2.0 0.5 2.0 1.0 2.5 3.0 2.0 4.0 4.0 1.5 3.5 0.5 3.5 2.0 2.5 2.5 4.0 2.0 4.0 3.5 0.0 0.0 1.0 2.0 3.5 0.5 3.5 4.0 3.5 1.0 1.5 3.5 0.0 2.5 1.5 2.5 0.0 3.0 1.5 1.0 3.0 1.5 2.5 0.0 2.0 2.0 2.5 0.5 4.0 4.0 3.5 3.0 1.5 3.0 2.0 0.5 2.0 3.5 0.5 1.0 0.0 2.0 3.5 0.0 1.5 2.5 2.0 3.0 3.5 4.0 0.5 3.0 3.0 3.5 1.5 1.0 4.0 4.0 4.0 0.0 0.0 0.0 0.5 1.0 0.0 2.0 3.0 2.0 3.5 1.5 3.5 1.5 0.0 0.0 0.0 0.0 0.0 0.5 2.0 0.0 4.0 0.0 4.0 2.5 4.0 0.0 0.0 0.0 0.0
1785427867.41,84,2,15.00,40.793,25.12,250.07,0.1559,0.2586,0.0425,0.1691,0.0567,0.2703,0.0660,0.0543,0.3421,0.0811,0.3543,0.0601,0.3519,0.1276,2.5 4.0 2.0 0.0 3.0 4.0 0.5 2.0 1.5 3.0 4.0 1.5 0.5 0.0 2.0 0.5 4.0 0.5 2.5 2.0 0.5 2.0 1.0 2.5 3.0 2.0 4.0 4.0 1.5 3.5 0.5 3.5 2.0 2.5 2.5 4.0 2.0 4.0 3.5 0.0 0.0 1.0 2.0 3.5 0.5 3.5 4.0 3.5 1.0 1.5 3.5 0.0 2.5 1.5 2.5 0.0 3.0 1.5 1.0 3.0 1.5 2.5 0.0 2.0 2.0 2.5 0.5 4.0 4.0 3.5 3.0 1.5 3.0 2.0 0.5 2.0 3.5 0.5 1.0 0.0 2.0 3.5 0.0 1.5 2.5 2.0 3.0 3.5 4.0 0.5 3.0 3.0 3.5 1.5 1.0 4.0 4.0 4.0 0.0 0.0 0.0 0.5 1.0 0.0 2.0 3.0 2.0 3.5 1.5 3.5 1.5 0.0 0.0 0.0 0.0 0.0 0.5 2.0 0.0 4.0 0.0 4.0 2.5 4.0 0.0 0.0 0.0 0.0
1785427868.09,85,0,15.00,40.793,25.12,250.07,0.1447,0.2092,0.0445,0.1031,0.0753,0.1662,0.1505,0.0508,0.1540,0.2116,0.1163,0.0655,0.2136,0.1065,0.5 4.0 0.5 1.5 3.5 0.5 3.0 1.5 0.5 3.0 1.5 2.5 0.0 3.5 4.0 2.5 2.5 3.5 4.0 1.0 3.0 1.5 0.0 2.0 0.5 0.5 2.0 3.0 1.5 3.0 4.0 1.0 2.5 2.0 3.5 4.0 3.0 3.0 3.5 0.0 2.5 2.0 1.5 4.0 2.0 3.0 4.0 2.5 2.5 4.0 3.5 0.0 3.0 2.5 1.0 0.0 3.5 0.5 2.0 0.0 1.0 0.5 0.0 3.0 0.0 1.5 3.5 0.5 4.0 1.5 1.0 1.0 0.5 2.0 1.5 0.0 2.0 3.5 3.5 1.5 1.5 0.5 3.5 4.0 4.0 2.0 1.5 3.0 4.0 3.5 1.5 3.5 3.0 1.0 3.0 4.0 1.0 4.0 0.0 0.0 0.0 0.0 3.0 1.0 0.0 0.5 2.0 2.5 3.5 0.0 0.5 0.0 0.0 0.0 0.0 0.0 3.0 1.0 0.0 2.5 0.0 0.5 2.0 2.5 0.0 0.0 0.0 4.0
1785427868.19,85,1,15.00,40.793,25.12,250.07,0.1422,0.2141,0.0459,0.1061,0.0816,0.1667,0.1466,0.0484,0.1491,0.2116,0.1114,0.0660,0.2028,0.1139,0.5 4.0 0.5 1.5 3.5 0.5 3.0 1.5 0.5 3.0 1.5 2.5 0.0 3.5 4.0 2.5 2.5 3.5 4.0 1.0 3.0 1.5 0.0 2.0 0.5 0.5 2.0 3.0 1.5 3.0 4.0 1.0 2.5 2.0 3.5 4.0 3.0 3.0 3.5 0.0 2.5 2.0 1.5 4.0 2.0 3.0 4.0 2.5 2.5 4.0 3.5 0.0 3.0 2.5 1.0 0.0 3.5 0.5 2.0 0.0 1.0 0.5 0.0 3.0 0.0 1.5 3.5 0.5 4.0 1.5 1.0 1.0 0.5 2.0 1.5 0.0 2.0 3.5 3.5 1.5 1.5 0.5 3.5 4.0 4.0 2.0 1.5 3.0 4.0 3.5 1.5 3.5 3.0 1.0 3.0 4.0 1.0 4.0 0.0 0.0 0.0 0.0 3.0 1.0 0.0 0.5 2.0 2.5 3.5 0.0 0.5 0.0 0.0 0.0 0.0 0.0 3.0 1.0 0.0 2.5 0.0 0.5 2.0 2.5 0.0 0.0 0.0 4.0
1785427868.28,85,2,15.00,40.793,25.12,250.07,0.1398,0.2116,0.0455,0.1046,0.0841,0.1735,0.1510,0.0435,0.1544,0.2087,0.1046,0.0630,0.2043,0.1085,0.5 4.0 0.5 1.5 3.5 0.5 3.0 1.5 0.5 3.0 1.5 2.5 0.0 3.5 4.0 2.5 2.5 3.5 4.0 1.0 3.0 1.5 0.0 2.0 0.5 0.5 2.0 3.0 1.5 3.0 4.0 1.0 2.5 2.0 3.5 4.0 3.0 3.0 3.5 0.0 2.5 2.0 1.5 4.0 2.0 3.0 4.0 2.5 2.5 4.0 3.5 0.0 3.0 2.5 1.0 0.0 3.5 0.5 2.0 0.0 1.0 0.5 0.0 3.0 0.0 1.5 3.5 0.5 4.0 1.5 1.0 1.0 0.5 2.0 1.5 0.0 2.0 3.5 3.5 1.5 1.5 0.5 3.5 4.0 4.0 2.0 1.5 3.0 4.0 3.5 1.5 3.5 3.0 1.0 3.0 4.0 1.0 4.0 0.0 0.0 0.0 0.0 3.0 1.0 0.0 0.5 2.0 2.5 3.5 0.0 0.5 0.0 0.0 0.0 0.0 0.0 3.0 1.0 0.0 2.5 0.0 0.5 2.0 2.5 0.0 0.0 0.0 4.0
1785427868.96,86,0,15.00,40.793,25.12,250.07,0.1491,0.2571,0.0440,0.0953,0.1329,0.2546,0.0513,0.1241,0.1197,0.1808,0.2302,0.0489,0.2674,0.1237,1.5 3.5 3.5 0.0 3.5 0.0 2.5 2.5 3.5 3.0 4.0 3.0 0.5 0.5 3.5 3.0 3.0 3.5 1.5 2.5 1.0 3.0 1.0 1.5 4.0 0.5 1.5 3.0 2.5 0.0 4.0 0.5 3.5 3.0 3.0 0.0 2.5 0.5 2.5 0.0 2.5 3.5 2.0 3.5 3.0 2.5 1.0 3.5 3.5 4.0 3.0 0.0 2.5 2.0 2.5 0.5 4.0 1.5 3.0 0.5 0.5 2.5 0.0 1.5 3.5 1.5 1.0 1.5 4.0 0.0 2.5 2.5 3.5 0.0 2.5 0.5 1.0 2.5 4.0 2.5 4.0 1.5 1.5 4.0 3.0 2.0 3.5 3.0 2.5 2.0 2.0 3.5 1.5 1.5 2.0 4.0 1.0 2.5 0.0 0.0 0.0 0.5 2.0 2.5 2.5 0.0 0.5 2.0 2.5 3.5 1.5 0.0 0.0 0.0 0.0 0.0 0.0 2.5 0.0 3.5 0.0 1.5 4.0 0.5 0.0 0.0 0.0 0.0
1785427869.06,86,1,15.00,40.793,25.12,250.07,0.1588,0.2571,0.0450,0.1002,0.1285,0.2605,0.0489,0.1266,0.1178,0.1706,0.2297,0.0455,0.2737,0.1251,1.5 3.5 3.5 0.0 3.5 0.0 2.5 2.5 3.5 3.0 4.0 3.0 0.5 0.5 3.5 3.0 3.0 3.5 1.5 2.5 1.0 3.0 1.0 1.5 4.0 0.5 1.5 3.0 2.5 0.0 4.0 0.5 3.5 3.0 3.0 0.0 2.5 0.5 2.5 0.0 2.5 3.5 2.0 3.5 3.0 2.5 1.0 3.5 3.5 4.0 3.0 0.0 2.5 2.0 2.5 0.5 4.0 1.5 3.0 0.5 0.5 2.5 0.0 1.5 3.5 1.5 1.0 1.5 4.0 0.0 2.5 2.5 3.5 0.0 2.5 0.5 1.0 2.5 4.0 2.5 4.0 1.5 1.5 4.0 3.0 2.0 3.5 3.0 2.5 2.0 2.0 3.5 1.5 1.5 2.0 4.0 1.0 2.5 0.0 0.0 0.0 0.5 2.0 2.5 2.5 0.0 0.5 2.0 2.5 3.5 1.5 0.0 0.0 0.0 0.0 0.0 0.0 2.5 0.0 3.5 0.0 1.5 4.0 0.5 0.0 0.0 0.0 0.0
1785427869.16,86,2,15.00,40.793,25.12,250.07,0.1535,0.2551,0.0450,0.0992,0.1217,0.2595,0.0435,0.1329,0.1227,0.1804,0.2317,0.0484,0.2737,0.1232,1.5 3.5 3.5 0.0 3.5 0.0 2.5 2.5 3.5 3.0 4.0 3.0 0.5 0.5 3.5 3.0 3.0 3.5 1.5 2.5 1.0 3.0 1.0 1.5 4.0 0.5 1.5 3.0 2.5 0.0 4.0 0.5 3.5 3.0 3.0 0.0 2.5 0.5 2.5 0.0 2.5 3.5 2.0 3.5 3.0 2.5 1.0 3.5 3.5 4.0 3.0 0.0 2.5 2.0 2.5 0.5 4.0 1.5 3.0 0.5 0.5 2.5 0.0 1.5 3.5 1.5 1.0 1.5 4.0 0.0 2.5 2.5 3.5 0.0 2.5 0.5 1.0 2.5 4.0 2.5 4.0 1.5 1.5 4.0 3.0 2.0 3.5 3.0 2.5 2.0 2.0 3.5 1.5 1.5 2.0 4.0 1.0 2.5 0.0 0.0 0.0 0.5 2.0 2.5 2.5 0.0 0.5 2.0 2.5 3.5 1.5 0.0 0.0 0.0 0.0 0.0 0.0 2.5 0.0 3.5 0.0 1.5 4.0 0.5 0.0 0.0 0.0 0.0
1785427869.84,87,0,15.00,40.833,25.12,250.07,0.1461,0.2493,0.0425,0.2126,0.0474,0.2512,0.0787,0.0543,0.2424,0.0694,0.2630,0.0415,0.2292,0.0978,1.5 0.0 0.5 0.0 1.5 2.5 0.5 1.5 4.0 3.0 0.0 0.5 2.0 3.0 1.0 1.5 2.0 4.0 3.5 3.0 3.0 2.5 4.0 2.0 3.5 1.5 0.0 0.0 2.5 3.5 0.5 2.5 0.5 0.5 0.5 0.0 0.5 0.0 2.5 0.0 0.0 3.5 4.0 2.5 2.5 0.5 1.5 2.0 1.5 3.0 3.5 0.0 0.5 2.0 0.5 4.0 1.5 2.5 2.0 0.5 3.5 3.5 0.0 2.5 3.0 2.0 0.5 2.0 2.5 4.0 2.0 0.0 0.5 2.0 2.0 2.0 4.0 2.5 3.5 0.5 3.5 0.5 4.0 2.5 4.0 2.5 3.0 4.0 4.0 1.0 0.5 1.5 2.0 1.0 0.5 1.5 1.5 0.5 0.0 0.0 0.0 0.0 2.5 0.0 4.0 2.0 0.5 1.5 3.5 3.5 3.0 0.0 0.0 0.0 0.0 0.0 0.5 1.0 0.0 0.5 0.0 3.0 0.5 1.5 0.0 0.0 0.0 2.5
1785427869.94,87,1,15.00,40.833,25.12,250.07,0.1442,0.2517,0.0381,0.2087,0.0430,0.2458,0.0767,0.0499,0.2454,0.0738,0.2649,0.0411,0.2297,0.0978,1.5 0.0 0.5 0.0 1.5 2.5 0.5 1.5 4.0 3.0 0.0 0.5 2.0 3.0 1.0 1.5 2.0 4.0 3.5 3.0 3.0 2.5 4.0 2.0 3.5 1.5 0.0 0.0 2.5 3.5 0.5 2.5 0.5 0.5 0.5 0.0 0.5 0.0 2.5 0.0 0.0 3.5 4.0 2.5 2.5 0.5 1.5 2.0 1.5 3.0 3.5 0.0 0.5 2.0 0.5 4.0 1.5 2.5 2.0 0.5 3.5 3.5 0.0 2.5 3.0 2.0 0.5 2.0 2.5 4.0 2.0 0.0 0.5 2.0 2.0 2.0 4.0 2.5 3.5 0.5 3.5 0.5 4.0 2.5 4.0 2.5 3.0 4.0 4.0 1.0 0.5 1.5 2.0 1.0 0.5 1.5 1.5 0.5 0.0 0.0 0.0 0.0 2.5 0.0 4.0 2.0 0.5 1.5 3.5 3.5 3.0 0.0 0.0 0.0 0.0 0.0 0.5 1.0 0.0 0.5 0.0 3.0 0.5 1.5 0.0 0.0 0.0 2.5
1785427870.04,87,2,15.00,40.833,25.12,250.07,0.1417,0.2571,0.0391,0.2151,0.0513,0.2512,0.0777,0.0499,0.2434,0.0635,0.2630,0.0401,0.2317,0.0938,1.5 0.0 0.5 0.0 1.5 2.5 0.5 1.5 4.0 3.0 0.0 0.5 2.0 3.0 1.0 1.5 2.0 4.0 3.5 3.0 3.0 2.5 4.0 2.0 3.5 1.5 0.0 0.0 2.5 3.5 0.5 2.5 0.5 0.5 0.5 0.0 0.5 0.0 2.5 0.0 0.0 3.5 4.0 2.5 2.5 0.5 1.5 2.0 1.5 3.0 3.5 0.0 0.5 2.0 0.5 4.0 1.5 2.5 2.0 0.5 3.5 3.5 0.0 2.5 3.0 2.0 0.5 2.0 2.5 4.0 2.0 0.0 0.5 2.0 2.0 2.0 4.0 2.5 3.5 0.5 3.5 0.5 4.0 2.5 4.0 2.5 3.0 4.0 4.0 1.0 0.5 1.5 2.0 1.0 0.5 1.5 1.5 0.5 0.0 0.0 0.0 0.0 2.5 0.0 4.0 2.0 0.5 1.5 3.5 3.5 3.0 0.0 0.0 0.0 0.0 0.0 0.5 1.0 0.0 0.5 0.0 3.0 0.5 1.5 0.0 0.0 0.0 2.5
1785427870.72,88,0,15.00,40.913,25.12,250.07,0.1579,0.2600,0.0508,0.2507,0.0865,0.1989,0.0846,0.0802,0.1681,0.0567,0.0875,0.0533,0.1564,0.1325,2.0 0.5 1.0 1.0 1.0 3.0 2.0 2.0 2.0 1.0 0.5 2.0 1.0 0.5 0.5 1.0 4.0 3.5 0.5 3.5 3.0 4.0 1.5 1.5 2.0 1.0 3.5 0.0 2.0 2.5 0.5 1.0 1.0 0.0 3.5 2.0 0.0 0.5 2.0 0.0 0.5 2.0 0.0 0.5 4.0 3.5 2.0 0.5 0.5 0.0 0.5 0.0 0.5 4.0 3.0 0.0 1.5 2.5 2.5 0.0 0.0 1.5 0.0 1.5 4.0 3.0 1.5 3.0 2.0 4.0 0.0 3.0 0.0 2.5 2.5 2.5 4.0 0.0 3.5 2.5 2.5 2.0 4.0 2.5 1.5 2.5 4.0 0.5 2.0 4.0 0.0 0.5 2.0 2.0 4.0 1.5 1.5 2.0 0.0 0.0 0.0 4.0 0.5 1.5 0.5 0.5 0.5 1.0 2.5 1.0 4.0 0.0 0.0 0.0 0.0 0.0 2.5 4.0 0.0 0.5 0.0 3.0 1.5 0.5 0.0 0.0 0.0 4.0
1785427870.81,88,1,15.00,40.913,25.12,250.07,0.1515,0.2590,0.0494,0.2517,0.0924,0.2009,0.0929,0.0714,0.1662,0.0523,0.0938,0.0572,0.1540,0.1261,2.0 0.5 1.0 1.0 1.0 3.0 2.0 2.0 2.0 1.0 0.5 2.0 1.0 0.5 0.5 1.0 4.0 3.5 0.5 3.5 3.0 4.0 1.5 1.5 2.0 1.0 3.5 0.0 2.0 2.5 0.5 1.0 1.0 0.0 3.5 2.0 0.0 0.5 2.0 0.0 0.5 2.0 0.0 0.5 4.0 3.5 2.0 0.5 0.5 0.0 0.5 0.0 0.5 4.0 3.0 0.0 1.5 2.5 2.5 0.0 0.0 1.5 0.0 1.5 4.0 3.0 1.5 3.0 2.0 4.0 0.0 3.0 0.0 2.5 2.5 2.5 4.0 0.0 3.5 2.5 2.5 2.0 4.0 2.5 1.5 2.5 4.0 0.5 2.0 4.0 0.0 0.5 2.0 2.0 4.0 1.5 1.5 2.0 0.0 0.0 0.0 4.0 0.5 1.5 0.5 0.5 0.5 1.0 2.5 1.0 4.0 0.0 0.0 0.0 0.0 0.0 2.5 4.0 0.0 0.5 0.0 3.0 1.5 0.5 0.0 0.0 0.0 4.0
1785427870.91,88,2,15.00,40.913,25.12,250.07,0.1520,0.2649,0.0455,0.2581,0.0914,0.2058,0.0855,0.0718,0.1716,0.0562,0.0870,0.0503,0.1559,0.1276,2.0 0.5 1.0 1.0 1.0 3.0 2.0 2.0 2.0 1.0 0.5 2.0 1.0 0.5 0.5 1.0 4.0 3.5 0.5 3.5 3.0 4.0 1.5 1.5 2.0 1.0 3.5 0.0 2.0 2.5 0.5 1.0 1.0 0.0 3.5 2.0 0.0 0.5 2.0 0.0 0.5 2.0 0.0 0.5 4.0 3.5 2.0 0.5 0.5 0.0 0.5 0.0 0.5 4.0 3.0 0.0 1.5 2.5 2.5 0.0 0.0 1.5 0.0 1.5 4.0 3.0 1.5 3.0 2.0 4.0 0.0 3.0 0.0 2.5 2.5 2.5 4.0 0.0 3.5 2.5 2.5 2.0 4.0 2.5 1.5 2.5 4.0 0.5 2.0 4.0 0.0 0.5 2.0 2.0 4.0 1.5 1.5 2.0 0.0 0.0 0.0 4.0 0.5 1.5 0.5 0.5 0.5 1.0 2.5 1.0 4.0 0.0 0.0 0.0 0.0 0.0 2.5 4.0 0.0 0.5 0.0 3.0 1.5 0.5 0.0 0.0 0.0 4.0
1785427871.59,89,0,15.00,40.813,25.12,250.07,0.1354,0.2209,0.0430,0.2375,0.0899,0.1843,0.0464,0.1095,0.3431,0.0714,0.3382,0.0459,0.3392,0.1227,4.0 0.5 3.5 2.5 4.0 1.0 2.5 1.5 0.5 0.0 1.5 3.0 2.0 3.5 0.5 3.0 1.5 1.0 1.0 2.0 4.0 1.0 2.5 4.0 0.0 1.5 3.0 3.5 4.0 0.0 4.0 4.0 3.0 3.5 2.0 3.0 3.0 2.0 0.0 0.0 3.0 1.0 3.5 3.0 0.5 0.0 3.0 1.5 2.0 2.0 2.5 0.0 4.0 1.0 3.5 4.0 2.0 2.0 2.0 2.5 0.0 2.5 0.0 0.5 0.5 3.5 0.5 4.0 2.5 3.5 0.5 3.0 0.5 1.5 2.5 2.0 4.0 3.0 3.5 1.0 2.0 1.0 3.0 2.0 1.0 2.5 1.0 3.0 2.5 0.5 3.5 3.0 4.0 1.5 3.5 1.5 0.5 1.0 0.0 0.0 0.0 4.0 3.0 0.5 0.5 2.5 2.0 3.5 0.0 1.0 3.5 0.0 0.0 0.0 0.0 0.0 3.0 2.5 0.0 2.0 0.0 0.5 2.5 1.0 0.0 0.0 0.0 3.0
1785427871.69,89,1,15.00,40.813,25.12,250.07,0.1432,0.2180,0.0440,0.2312,0.0894,0.1843,0.0469,0.1051,0.3426,0.0748,0.3372,0.0489,0.3421,0.1202,4.0 0.5 3.5 2.5 4.0 1.0 2.5 1.5 0.5 0.0 1.5 3.0 2.0 3.5 0.5 3.0 1.5 1.0 1.0 2.0 4.0 1.0 2.5 4.0 0.0 1.5 3.0 3.5 4.0 0.0 4.0 4.0 3.0 3.5 2.0 3.0 3.0 2.0 0.0 0.0 3.0 1.0 3.5 3.0 0.5 0.0 3.0 1.5 2.0 2.0 2.5 0.0 4.0 1.0 3.5 4.0 2.0 2.0 2.0 2.5 0.0 2.5 0.0 0.5 0.5 3.5 0.5 4.0 2.5 3.5 0.5 3.0 0.5 1.5 2.5 2.0 4.0 3.0 3.5 1.0 2.0 1.0 3.0 2.0 1.0 2.5 1.0 3.0 2.5 0.5 3.5 3.0 4.0 1.5 3.5 1.5 0.5 1.0 0.0 0.0 0.0 4.0 3.0 0.5 0.5 2.5 2.0 3.5 0.0 1.0 3.5 0.0 0.0 0.0 0.0 0.0 3.0 2.5 0.0 2.0 0.0 0.5 2.5 1.0 0.0 0.0 0.0 3.0
1785427871.79,89,2,15.00,40.813,25.12,250.07,0.1369,0.2224,0.0440,0.2297,0.0894,0.1916,0.0479,0.1085,0.3372,0.0723,0.3343,0.0455,0.3397,0.1266,4.0 0.5 3.5 2.5 4.0 1.0 2.5 1.5 0.5 0.0 1.5 3.0 2.0 3.5 0.5 3.0 1.5 1.0 1.0 2.0 4.0 1.0 2.5 4.0 0.0 1.5 3.0 3.5 4.0 0.0 4.0 4.0 3.0 3.5 2.0 3.0 3.0 2.0 0.0 0.0 3.0 1.0 3.5 3.0 0.5 0.0 3.0 1.5 2.0 2.0 2.5 0.0 4.0 1.0 3.5 4.0 2.0 2.0 2.0 2.5 0.0 2.5 0.0 0.5 0.5 3.5 0.5 4.0 2.5 3.5 0.5 3.0 0.5 1.5 2.5 2.0 4.0 3.0 3.5 1.0 2.0 1.0 3.0 2.0 1.0 2.5 1.0 3.0 2.5 0.5 3.5 3.0 4.0 1.5 3.5 1.5 0.5 1.0 0.0 0.0 0.0 4.0 3.0 0.5 0.5 2.5 2.0 3.5 0.0 1.0 3.5 0.0 0.0 0.0 0.0 0.0 3.0 2.5 0.0 2.0 0.0 0.5 2.5 1.0 0.0 0.0 0.0 3.0
1785427872.46,90,0,15.00,40.753,25.12,250.07,0.1486,0.2366,0.0411,0.0777,0.1862,0.2747,0.0762,0.2571,0.3671,0.0430,0.3245,0.0714,0.3309,0.1163,0.5 1.5 1.5 2.5 3.5 2.5 1.5 0.5 3.5 1.5 2.0 0.0 2.0 3.0 2.5 2.5 3.0 1.5 2.5 0.0 4.0 2.0 2.0 2.0 2.5 2.0 3.0 3.5 1.0 0.0 2.0 4.0 4.0 4.0 3.0 0.5 4.0 3.5 0.0 0.0 2.5 3.5 4.0 4.0 3.0 2.0 2.5 0.0 3.5 2.0 1.0 0.0 1.5 2.0 3.5 2.0 3.5 0.5 4.0 1.0 3.0 0.0 0.0 0.5 3.5 4.0 0.0 3.5 0.0 1.0 3.0 2.0 3.5 1.5 3.0 1.5 3.0 3.5 1.5 1.5 3.5 0.5 3.0 2.0 1.5 3.5 4.0 0.0 2.0 4.0 3.0 3.0 1.5 2.0 2.5 2.5 0.0 3.0 0.0 0.0 0.0 1.5 0.5 3.0 2.0 3.5 0.0 1.5 0.5 0.0 2.0 0.0 0.0 0.0 0.0 0.0 0.5 1.5 0.0 1.0 0.0 2.0 2.0 1.0 0.0 0.0 0.0 1.0
1785427872.56,90,1,15.00,40.753,25.12,250.07,0.1481,0.2370,0.0479,0.0806,0.1896,0.2776,0.0767,0.2615,0.3695,0.0455,0.3289,0.0709,0.3328,0.1065,0.5 1.5 1.5 2.5 3.5 2.5 1.5 0.5 3.5 1.5 2.0 0.0 2.0 3.0 2.5 2.5 3.0 1.5 2.5 0.0 4.0 2.0 2.0 2.0 2.5 2.0 3.0 3.5 1.0 0.0 2.0 4.0 4.0 4.0 3.0 0.5 4.0 3.5 0.0 0.0 2.5 3.5 4.0 4.0 3.0 2.0 2.5 0.0 3.5 2.0 1.0 0.0 1.5 2.0 3.5 2.0 3.5 0.5 4.0 1.0 3.0 0.0 0.0 0.5 3.5 4.0 0.0 3.5 0.0 1.0 3.0 2.0 3.5 1.5 3.0 1.5 3.0 3.5 1.5 1.5 3.5 0.5 3.0 2.0 1.5 3.5 4.0 0.0 2.0 4.0 3.0 3.0 1.5 2.0 2.5 2.5 0.0 3.0 0.0 0.0 0.0 1.5 0.5 3.0 2.0 3.5 0.0 1.5 0.5 0.0 2.0 0.0 0.0 0.0 0.0 0.0 0.5 1.5 0.0 1.0 0.0 2.0 2.0 1.0 0.0 0.0 0.0 1.0
1785427872.66,90,2,15.00,40.753,25.12,250.07,0.1481,0.2336,0.0445,0.0753,0.1862,0.2737,0.0831,0.2625,0.3695,0.0499,0.3299,0.0777,0.3280,0.1075,0.5 1.5 1.5 2.5 3.5 2.5 1.5 0.5 3.5 1.5 2.0 0.0 2.0 3.0 2.5 2.5 3.0 1.5 2.5 0.0 4.0 2.0 2.0 2.0 2.5 2.0 3.0 3.5 1.0 0.0 2.0 4.0 4.0 4.0 3.0 0.5 4.0 3.5 0.0 0.0 2.5 3.5 4.0 4.0 3.0 2.0 2.5 0.0 3.5 2.0 1.0 0.0 1.5 2.0 3.5 2.0 3.5 0.5 4.0 1.0 3.0 0.0 0.0 0.5 3.5 4.0 0.0 3.5 0.0 1.0 3.0 2.0 3.5 1.5 3.0 1.5 3.0 3.5 1.5 1.5 3.5 0.5 3.0 2.0 1.5 3.5 4.0 0.0 2.0 4.0 3.0 3.0 1.5 2.0 2.5 2.5 0.0 3.0 0.0 0.0 0.0 1.5 0.5 3.0 2.0 3.5 0.0 1.5 0.5 0.0 2.0 0.0 0.0 0.0 0.0 0.0 0.5 1.5 0.0 1.0 0.0 2.0 2.0 1.0 0.0 0.0 0.0 1.0
1785427873.35,91,0,15.00,40.813,25.12,250.07,0.1393,0.2454,0.0430,0.1212,0.0533,0.2326,0.0733,0.3040,0.3646,0.2669,0.2468,0.0499,0.3372,0.1061,0.0 1.5 3.0 0.0 1.0 1.5 3.5 3.0 1.5 2.0 0.5 0.5 2.5 4.0 2.5 0.5 3.5 3.5 4.0 0.5 3.0 0.5 3.0 2.0 4.0 2.5 3.5 2.0 4.0 2.0 2.5 2.5 1.5 2.0 3.0 4.0 0.5 0.5 2.0 0.0 1.5 0.0 0.5 0.5 0.5 1.5 2.5 4.0 3.5 1.5 1.5 0.0 1.0 3.5 0.0 1.5 1.5 3.0 2.0 0.0 1.0 2.0 0.0 3.0 0.0 1.5 0.5 4.0 1.0 0.0 0.0 0.5 3.5 3.0 3.5 2.5 4.0 2.5 1.0 0.0 2.0 1.5 3.5 3.0 1.0 2.5 2.5 2.0 1.5 2.0 1.5 0.0 3.0 3.5 4.0 4.0 3.5 4.0 0.0 0.0 0.0 1.5 1.5 0.0 2.0 4.0 3.5 1.5 0.5 3.0 0.5 0.0 0.0 0.0 0.0 0.0 0.0 0.5 0.0 0.0 0.0 3.5 2.5 2.0 0.0 0.0 0.0 3.5
1785427873.44,91,1,15.00,40.813,25.12,250.07,0.1447,0.2434,0.0513,0.1246,0.0596,0.2326,0.0762,0.3045,0.3573,0.2620,0.2385,0.0411,0.3377,0.0982,0.0 1.5 3.0 0.0 1.0 1.5 3.5 3.0 1.5 2.0 0.5 0.5 2.5 4.0 2.5 0.5 3.5 3.5 4.0 0.5 3.0 0.5 3.0 2.0 4.0 2.5 3.5 2.0 4.0 2.0 2.5 2.5 1.5 2.0 3.0 4.0 0.5 0.5 2.0 0.0 1.5 0.0 0.5 0.5 0.5 1.5 2.5 4.0 3.5 1.5 1.5 0.0 1.0 3.5 0.0 1.5 1.5 3.0 2.0 0.0 1.0 2.0 0.0 3.0 0.0 1.5 0.5 4.0 1.0 0.0 0.0 0.5 3.5 3.0 3.5 2.5 4.0 2.5 1.0 0.0 2.0 1.5 3.5 3.0 1.0 2.5 2.5 2.0 1.5 2.0 1.5 0.0 3.0 3.5 4.0 4.0 3.5 4.0 0.0 0.0 0.0 1.5 1.5 0.0 2.0 4.0 3.5 1.5 0.5 3.0 0.5 0.0 0.0 0.0 0.0 0.0 0.0 0.5 0.0 0.0 0.0 3.5 2.5 2.0 0.0 0.0 0.0 3.5
1785427873.54,91,2,15.00,40.813,25.12,250.07,0.1491,0.2458,0.0459,0.1163,0.0552,0.2287,0.0738,0.3060,0.3583,0.2659,0.2429,0.0474,0.3324,0.0963,0.0 1.5 3.0 0.0 1.0 1.5 3.5 3.0 1.5 2.0 0.5 0.5 2.5 4.0 2.5 0.5 3.5 3.5 4.0 0.5 3.0 0.5 3.0 2.0 4.0 2.5 3.5 2.0 4.0 2.0 2.5 2.5 1.5 2.0 3.0 4.0 0.5 0.5 2.0 0.0 1.5 0.0 0.5 0.5 0.5 1.5 2.5 4.0 3.5 1.5 1.5 0.0 1.0 3.5 0.0 1.5 1.5 3.0 2.0 0.0 1.0 2.0 0.0 3.0 0.0 1.5 0.5 4.0 1.0 0.0 0.0 0.5 3.5 3.0 3.5 2.5 4.0 2.5 1.0 0.0 2.0 1.5 3.5 3.0 1.0 2.5 2.5 2.0 1.5 2.0 1.5 0.0 3.0 3.5 4.0 4.0 3.5 4.0 0.0 0.0 0.0 1.5 1.5 0.0 2.0 4.0 3.5 1.5 0.5 3.0 0.5 0.0 0.0 0.0 0.0 0.0 0.0 0.5 0.0 0.0 0.0 3.5 2.5 2.0 0.0 0.0 0.0 3.5
1785427874.22,92,0,15.00,40.793,25.12,250.07,0.1403,0.2522,0.0406,0.2766,0.1945,0.2146,0.0503,0.0459,0.2986,0.0533,0.2771,0.0406,0.3011,0.0914,1.5 1.5 3.0 2.5 2.0 3.0 0.5 3.5 2.5 0.0 0.0 2.0 3.5 1.5 3.0 1.5 1.5 1.5 0.0 1.5 4.0 0.5 3.5 3.5 0.5 1.0 0.0 1.5 2.0 2.5 0.5 3.0 2.5 2.0 2.5 1.5 0.5 1.5 3.0 0.0 2.0 2.0 1.0 3.0 0.0 0.0 4.0 2.0 0.5 2.5 1.5 0.0 3.0 2.0 1.0 1.5 4.0 1.5 1.0 1.5 3.5 2.0 0.0 0.5 3.0 2.5 2.0 2.0 3.5 0.5 3.0 3.0 2.0 3.0 1.0 1.5 0.0 1.0 1.0 2.0 2.5 4.0 2.0 1.5 0.5 1.0 2.5 0.5 1.0 2.0 1.0 1.0 1.0 1.0 3.0 3.0 2.5 0.0 0.0 0.0 0.0 0.0 2.5 0.5 3.0 2.5 4.0 0.0 4.0 3.0 2.0 0.0 0.0 0.0 0.0 0.0 3.0 0.0 0.0 0.5 0.0 2.0 4.0 1.5 0.0 0.0 0.0 3.5
1785427874.32,92,1,15.00,40.793,25.12,250.07,0.1471,0.2454,0.0396,0.2747,0.1994,0.2175,0.0508,0.0508,0.2845,0.0552,0.2713,0.0362,0.3011,0.0846,1.5 1.5 3.0 2.5 2.0 3.0 0.5 3.5 2.5 0.0 0.0 2.0 3.5 1.5 3.0 1.5 1.5 1.5 0.0 1.5 4.0 0.5 3.5 3.5 0.5 1.0 0.0 1.5 2.0 2.5 0.5 3.0 2.5 2.0 2.5 1.5 0.5 1.5 3.0 0.0 2.0 2.0 1.0 3.0 0.0 0.0 4.0 2.0 0.5 2.5 1.5 0.0 3.0 2.0 1.0 1.5 4.0 1.5 1.0 1.5 3.5 2.0 0.0 0.5 3.0 2.5 2.0 2.0 3.5 0.5 3.0 3.0 2.0 3.0 1.0 1.5 0.0 1.0 1.0 2.0 2.5 4.0 2.0 1.5 0.5 1.0 2.5 0.5 1.0 2.0 1.0 1.0 1.0 1.0 3.0 3.0 2.5 0.0 0.0 0.0 0.0 0.0 2.5 0.5 3.0 2.5 4.0 0.0 4.0 3.0 2.0 0.0 0.0 0.0 0.0 0.0 3.0 0.0 0.0 0.5 0.0 2.0 4.0 1.5 0.0 0.0 0.0 3.5
1785427874.42,92,2,15.00,40.793,25.12,250.07,0.1505,0.2561,0.0411,0.2766,0.1945,0.2165,0.0420,0.0440,0.2845,0.0557,0.2649,0.0450,0.3006,0.0860,1.5 1.5 3.0 2.5 2.0 3.0 0.5 3.5 2.5 0.0 0.0 2.0 3.5 1.5 3.0 1.5 1.5 1.5 0.0 1.5 4.0 0.5 3.5 3.5 0.5 1.0 0.0 1.5 2.0 2.5 0.5 3.0 2.5 2.0 2.5 1.5 0.5 1.5 3.0 0.0 2.0 2.0 1.0 3.0 0.0 0.0 4.0 2.0 0.5 2.5 1.5 0.0 3.0 2.0 1.0 1.5 4.0 1.5 1.0 1.5 3.5 2.0 0.0 0.5 3.0 2.5 2.0 2.0 3.5 0.5 3.0 3.0 2.0 3.0 1.0 1.5 0.0 1.0 1.0 2.0 2.5 4.0 2.0 1.5 0.5 1.0 2.5 0.5 1.0 2.0 1.0 1.0 1.0 1.0 3.0 3.0 2.5 0.0 0.0 0.0 0.0 0.0 2.5 0.5 3.0 2.5 4.0 0.0 4.0 3.0 2.0 0.0 0.0 0.0 0.0 0.0 3.0 0.0 0.0 0.5 0.0 2.0 4.0 1.5 0.0 0.0 0.0 3.5
1785427875.09,93,0,15.00,40.833,25.12,250.06,0.1491,0.2532,0.0489,0.3192,0.3265,0.2248,0.0885,0.2180,0.1442,0.0792,0.0503,0.0518,0.0474,0.1241,2.5 0.5 3.0 4.0 4.0 1.0 3.5 2.0 2.5 0.5 2.0 2.0 2.0 3.5 0.5 2.5 3.0 0.0 2.5 1.0 1.0 2.0 0.0 2.0 1.5 2.0 3.5 4.0 2.0 2.0 0.5 4.0 3.5 0.0 2.5 3.5 1.5 1.5 0.5 0.0 3.5 3.0 4.0 0.5 2.0 4.0 0.0 0.0 1.5 2.0 0.0 0.0 2.0 3.5 1.5 4.0 0.5 3.0 1.0 1.5 4.0 3.0 0.0 4.0 4.0 1.5 2.0 0.0 0.0 3.0 2.5 3.0 3.5 0.0 3.0 1.0 3.5 1.0 2.0 0.0 3.0 3.5 2.5 1.0 0.5 0.5 3.5 4.0 1.5 1.5 3.0 3.0 1.5 3.5 4.0 3.5 1.5 3.0 0.0 0.0 0.0 0.5 1.5 1.5 3.5 0.5 4.0 3.5 0.5 1.5 1.0 0.0 0.0 0.0 0.0 0.0 2.0 2.5 0.0 3.5 0.0 0.0 4.0 3.5 0.0 0.0 0.0 3.0
1785427875.19,93,1,15.00,40.833,25.12,250.06,0.1496,0.2463,0.0479,0.3221,0.3284,0.2239,0.0894,0.2239,0.1408,0.0806,0.0508,0.0455,0.0415,0.1178,2.5 0.5 3.0 4.0 4.0 1.0 3.5 2.0 2.5 0.5 2.0 2.0 2.0 3.5 0.5 2.5 3.0 0.0 2.5 1.0 1.0 2.0 0.0 2.0 1.5 2.0 3.5 4.0 2.0 2.0 0.5 4.0 3.5 0.0 2.5 3.5 1.5 1.5 0.5 0.0 3.5 3.0 4.0 0.5 2.0 4.0 0.0 0.0 1.5 2.0 0.0 0.0 2.0 3.5 1.5 4.0 0.5 3.0 1.0 1.5 4.0 3.0 0.0 4.0 4.0 1.5 2.0 0.0 0.0 3.0 2.5 3.0 3.5 0.0 3.0 1.0 3.5 1.0 2.0 0.0 3.0 3.5 2.5 1.0 0.5 0.5 3.5 4.0 1.5 1.5 3.0 3.0 1.5 3.5 4.0 3.5 1.5 3.0 0.0 0.0 0.0 0.5 1.5 1.5 3.5 0.5 4.0 3.5 0.5 1.5 1.0 0.0 0.0 0.0 0.0 0.0 2.0 2.5 0.0 3.5 0.0 0.0 4.0 3.5 0.0 0.0 0.0 3.0
1785427875.29,93,2,15.00,40.833,25.12,250.06,0.1510,0.2493,0.0406,0.3221,0.3240,0.2224,0.0909,0.2204,0.1447,0.0792,0.0538,0.0425,0.0523,0.1222,2.5 0.5 3.0 4.0 4.0 1.0 3.5 2.0 2.5 0.5 2.0 2.0 2.0 3.5 0.5 2.5 3.0 0.0 2.5 1.0 1.0 2.0 0.0 2.0 1.5 2.0 3.5 4.0 2.0 2.0 0.5 4.0 3.5 0.0 2.5 3.5 1.5 1.5 0.5 0.0 3.5 3.0 4.0 0.5 2.0 4.0 0.0 0.0 1.5 2.0 0.0 0.0 2.0 3.5 1.5 4.0 0.5 3.0 1.0 1.5 4.0 3.0 0.0 4.0 4.0 1.5 2.0 0.0 0.0 3.0 2.5 3.0 3.5 0.0 3.0 1.0 3.5 1.0 2.0 0.0 3.0 3.5 2.5 1.0 0.5 0.5 3.5 4.0 1.5 1.5 3.0 3.0 1.5 3.5 4.0 3.5 1.5 3.0 0.0 0.0 0.0 0.5 1.5 1.5 3.5 0.5 4.0 3.5 0.5 1.5 1.0 0.0 0.0 0.0 0.0 0.0 2.0 2.5 0.0 3.5 0.0 0.0 4.0 3.5 0.0 0.0 0.0 3.0
1785427875.98,94,0,15.00,40.793,25.12,250.06,0.1544,0.2556,0.0386,0.2615,0.0841,0.2370,0.0459,0.1241,0.0538,0.0709,0.0479,0.0450,0.0684,0.1246,3.5 2.5 3.5 2.5 1.0 3.5 3.0 1.5 3.5 3.5 3.5 4.0 1.5 1.5 0.0 3.5 0.5 3.5 3.5 2.0 1.5 3.5 4.0 0.0 3.5 0.0 0.5 0.0 2.5 3.5 0.0 1.5 2.0 3.0 3.5 1.0 4.0 3.5 3.5 0.0 1.0 3.5 3.0 2.5 4.0 2.0 1.5 1.5 3.5 2.5 3.0 0.0 2.0 0.0 3.5 1.5 0.0 3.5 2.0 4.0 4.0 1.0 0.0 2.5 1.0 1.0 0.0 2.0 3.0 4.0 2.5 4.0 3.0 2.5 0.0 0.5 2.5 0.5 3.0 0.0 4.0 3.0 0.0 1.5 2.5 0.5 4.0 1.5 2.5 2.0 1.0 1.0 1.5 1.5 3.0 3.5 3.5 0.5 0.0 0.0 0.0 2.0 4.0 2.5 2.5 4.0 0.5 2.5 3.0 2.0 0.0 0.0 0.0 0.0 0.0 0.0 0.0 2.0 0.0 3.0 0.0 2.5 4.0 2.5 0.0 0.0 0.0 1.5
1785427876.08,94,1,15.00,40.793,25.12,250.06,0.1549,0.2590,0.0464,0.2546,0.0792,0.2317,0.0489,0.1232,0.0538,0.0674,0.0469,0.0440,0.0684,0.1193,3.5 2.5 3.5 2.5 1.0 3.5 3.0 1.5 3.5 3.5 3.5 4.0 1.5 1.5 0.0 3.5 0.5 3.5 3.5 2.0 1.5 3.5 4.0 0.0 3.5 0.0 0.5 0.0 2.5 3.5 0.0 1.5 2.0 3.0 3.5 1.0 4.0 3.5 3.5 0.0 1.0 3.5 3.0 2.5 4.0 2.0 1.5 1.5 3.5 2.5 3.0 0.0 2.0 0.0 3.5 1.5 0.0 3.5 2.0 4.0 4.0 1.0 0.0 2.5 1.0 1.0 0.0 2.0 3.0 4.0 2.5 4.0 3.0 2.5 0.0 0.5 2.5 0.5 3.0 0.0 4.0 3.0 0.0 1.5 2.5 0.5 4.0 1.5 2.5 2.0 1.0 1.0 1.5 1.5 3.0 3.5 3.5 0.5 0.0 0.0 0.0 2.0 4.0 2.5 2.5 4.0 0.5 2.5 3.0 2.0 0.0 0.0 0.0 0.0 0.0 0.0 0.0 2.0 0.0 3.0 0.0 2.5 4.0 2.5 0.0 0.0 0.0 1.5
1785427876.17,94,2,15.00,40.793,25.12,250.06,0.1500,0.2507,0.0445,0.2605,0.0797,0.2292,0.0474,0.1183,0.0547,0.0689,0.0430,0.0489,0.0665,0.1227,3.5 2.5 3.5 2.5 1.0 3.5 3.0 1.5 3.5 3.5 3.5 4.0 1.5 1.5 0.0 3.5 0.5 3.5 3.5 2.0 1.5 3.5 4.0 0.0 3.5 0.0 0.5 0.0 2.5 3.5 0.0 1.5 2.0 3.0 3.5 1.0 4.0 3.5 3.5 0.0 1.0 3.5 3.0 2.5 4.0 2.0 1.5 1.5 3.5 2.5 3.0 0.0 2.0 0.0 3.5 1.5 0.0 3.5 2.0 4.0 4.0 1.0 0.0 2.5 1.0 1.0 0.0 2.0 3.0 4.0 2.5 4.0 3.0 2.5 0.0 0.5 2.5 0.5 3.0 0.0 4.0 3.0 0.0 1.5 2.5 0.5 4.0 1.5 2.5 2.0 1.0 1.0 1.5 1.5 3.0 3.5 3.5 0.5 0.0 0.0 0.0 2.0 4.0 2.5 2.5 4.0 0.5 2.5 3.0 2.0 0.0 0.0 0.0 0.0 0.0 0.0 0.0 2.0 0.0 3.0 0.0 2.5 4.0 2.5 0.0 0.0 0.0 1.5
1785427876.85,95,0,15.00,40.873,25.12,250.06,0.1417,0.2449,0.0420,0.2810,0.1623,0.2155,0.0533,0.0762,0.3446,0.1940,0.3671,0.0450,0.3377,0.1207,4.0 1.0 3.0 0.5 2.0 1.5 1.0 4.0 4.0 2.5 2.5 1.5 3.0 0.0 4.0 2.0 3.5 1.0 1.0 0.5 2.5 1.5 0.5 3.5 3.5 2.5 3.5 1.0 0.0 3.5 0.0 2.0 0.5 2.5 3.0 1.5 2.5 3.5 1.5 0.0 2.0 2.5 1.5 2.5 1.5 1.0 3.0 1.5 4.0 0.0 4.0 0.0 2.5 1.0 0.0 2.5 0.5 0.5 3.5 4.0 1.5 4.0 0.0 0.5 2.5 0.0 3.5 0.5 0.0 1.0 3.0 2.5 3.0 1.0 4.0 1.0 3.5 3.0 2.5 1.0 0.5 0.5 3.5 1.0 1.0 1.0 2.5 3.0 0.0 1.0 1.0 3.0 2.0 3.5 3.5 0.5 0.0 0.0 0.0 0.0 0.0 0.5 1.5 3.5 1.5 0.5 2.5 0.5 1.0 3.5 0.0 0.0 0.0 0.0 0.0 0.0 0.5 2.5 0.0 2.5 0.0 0.5 1.5 1.5 0.0 0.0 0.0 0.0
1785427876.95,95,1,15.00,40.873,25.12,250.06,0.1452,0.2498,0.0420,0.2786,0.1623,0.2136,0.0484,0.0699,0.3441,0.1965,0.3656,0.0450,0.3456,0.1241,4.0 1.0 3.0 0.5 2.0 1.5 1.0 4.0 4.0 2.5 2.5 1.5 3.0 0.0 4.0 2.0 3.5 1.0 1.0 0.5 2.5 1.5 0.5 3.5 3.5 2.5 3.5 1.0 0.0 3.5 0.0 2.0 0.5 2.5 3.0 1.5 2.5 3.5 1.5 0.0 2.0 2.5 1.5 2.5 1.5 1.0 3.0 1.5 4.0 0.0 4.0 0.0 2.5 1.0 0.0 2.5 0.5 0.5 3.5 4.0 1.5 4.0 0.0 0.5 2.5 0.0 3.5 0.5 0.0 1.0 3.0 2.5 3.0 1.0 4.0 1.0 3.5 3.0 2.5 1.0 0.5 0.5 3.5 1.0 1.0 1.0 2.5 3.0 0.0 1.0 1.0 3.0 2.0 3.5 3.5 0.5 0.0 0.0 0.0 0.0 0.0 0.5 1.5 3.5 1.5 0.5 2.5 0.5 1.0 3.5 0.0 0.0 0.0 0.0 0.0 0.0 0.5 2.5 0.0 2.5 0.0 0.5 1.5 1.5 0.0 0.0 0.0 0.0
1785427877.05,95,2,15.00,40.873,25.12,250.06,0.1496,0.2434,0.0474,0.2766,0.1632,0.2107,0.0499,0.0733,0.3382,0.1975,0.3646,0.0484,0.3431,0.1188,4.0 1.0 3.0 0.5 2.0 1.5 1.0 4.0 4.0 2.5 2.5 1.5 3.0 0.0 4.0 2.0 3.5 1.0 1.0 0.5 2.5 1.5 0.5 3.5 3.5 2.5 3.5 1.0 0.0 3.5 0.0 2.0 0.5 2.5 3.0 1.5 2.5 3.5 1.5 0.0 2.0 2.5 1.5 2.5 1.5 1.0 3.0 1.5 4.0 0.0 4.0 0.0 2.5 1.0 0.0 2.5 0.5 0.5 3.5 4.0 1.5 4.0 0.0 0.5 2.5 0.0 3.5 0.5 0.0 1.0 3.0 2.5 3.0 1.0 4.0 1.0 3.5 3.0 2.5 1.0 0.5 0.5 3.5 1.0 1.0 1.0 2.5 3.0 0.0 1.0 1.0 3.0 2.0 3.5 3.5 0.5 0.0 0.0 0.0 0.0 0.0 0.5 1.5 3.5 1.5 0.5 2.5 0.5 1.0 3.5 0.0 0.0 0.0 0.0 0.0 0.0 0.5 2.5 0.0 2.5 0.0 0.5 1.5 1.5 0.0 0.0 0.0 0.0
1785427877.73,96,0,15.00,40.813,25.12,250.06,0.1525,0.2488,0.0459,0.0552,0.2043,0.2830,0.0777,0.0987,0.0714,0.1007,0.0518,0.1769,0.0987,0.1285,1.0 3.5 0.0 1.0 2.5 1.5 1.5 3.0 2.0 3.5 1.5 0.5 3.5 1.0 0.0 3.5 4.0 2.5 3.0 0.5 3.0 3.5 0.5 2.0 4.0 2.5 0.5 2.5 1.0 0.5 4.0 0.0 1.5 1.5 1.5 1.0 1.5 4.0 2.0 0.0 3.5 1.5 4.0 1.5 1.0 0.0 1.5 1.5 3.0 2.0 1.5 0.0 0.5 2.5 3.5 4.0 3.0 4.0 2.5 1.0 3.0 0.0 0.0 0.0 3.0 4.0 3.0 3.0 0.5 0.0 1.5 2.0 2.0 2.5 2.5 0.0 3.5 4.0 3.5 2.0 0.5 3.0 3.0 4.0 2.0 0.0 3.0 0.5 0.0 0.0 1.0 2.5 1.0 0.0 1.0 4.0 2.5 2.0 0.0 0.0 0.0 2.5 0.0 2.0 1.0 0.5 4.0 4.0 3.5 1.5 2.0 0.0 0.0 0.0 0.0 0.0 3.5 4.0 0.0 0.5 0.0 1.5 2.5 0.5 0.0 0.0 0.0 1.0
1785427877.83,96,1,15.00,40.813,25.12,250.06,0.1584,0.2439,0.0455,0.0606,0.2043,0.2849,0.0792,0.0997,0.0733,0.1007,0.0518,0.1716,0.1080,0.1276,1.0 3.5 0.0 1.0 2.5 1.5 1.5 3.0 2.0 3.5 1.5 0.5 3.5 1.0 0.0 3.5 4.0 2.5 3.0 0.5 3.0 3.5 0.5 2.0 4.0 2.5 0.5 2.5 1.0 0.5 4.0 0.0 1.5 1.5 1.5 1.0 1.5 4.0 2.0 0.0 3.5 1.5 4.0 1.5 1.0 0.0 1.5 1.5 3.0 2.0 1.5 0.0 0.5 2.5 3.5 4.0 3.0 4.0 2.5 1.0 3.0 0.0 0.0 0.0 3.0 4.0 3.0 3.0 0.5 0.0 1.5 2.0 2.0 2.5 2.5 0.0 3.5 4.0 3.5 2.0 0.5 3.0 3.0 4.0 2.0 0.0 3.0 0.5 0.0 0.0 1.0 2.5 1.0 0.0 1.0 4.0 2.5 2.0 0.0 0.0 0.0 2.5 0.0 2.0 1.0 0.5 4.0 4.0 3.5 1.5 2.0 0.0 0.0 0.0 0.0 0.0 3.5 4.0 0.0 0.5 0.0 1.5 2.5 0.5 0.0 0.0 0.0 1.0
1785427877.93,96,2,15.00,40.813,25.12,250.06,0.1491,0.2483,0.0430,0.0630,0.2072,0.2757,0.0762,0.0894,0.0767,0.0978,0.0513,0.1804,0.1065,0.1369,1.0 3.5 0.0 1.0 2.5 1.5 1.5 3.0 2.0 3.5 1.5 0.5 3.5 1.0 0.0 3.5 4.0 2.5 3.0 0.5 3.0 3.5 0.5 2.0 4.0 2.5 0.5 2.5 1.0 0.5 4.0 0.0 1.5 1.5 1.5 1.0 1.5 4.0 2.0 0.0 3.5 1.5 4.0 1.5 1.0 0.0 1.5 1.5 3.0 2.0 1.5 0.0 0.5 2.5 3.5 4.0 3.0 4.0 2.5 1.0 3.0 0.0 0.0 0.0 3.0 4.0 3.0 3.0 0.5 0.0 1.5 2.0 2.0 2.5 2.5 0.0 3.5 4.0 3.5 2.0 0.5 3.0 3.0 4.0 2.0 0.0 3.0 0.5 0.0 0.0 1.0 2.5 1.0 0.0 1.0 4.0 2.5 2.0 0.0 0.0 0.0 2.5 0.0 2.0 1.0 0.5 4.0 4.0 3.5 1.5 2.0 0.0 0.0 0.0 0.0 0.0 3.5 4.0 0.0 0.5 0.0 1.5 2.5 0.5 0.0 0.0 0.0 1.0
1785427878.61,97,0,15.00,40.813,25.12,250.06,0.1437,0.2395,0.0459,0.2370,0.0704,0.2595,0.0767,0.1960,0.2400,0.0606,0.3255,0.0543,0.3333,0.0982,3.0 3.0 2.5 3.0 2.5 0.0 2.5 4.0 1.0 2.5 2.0 4.0 4.0 4.0 0.5 3.0 2.5 3.0 0.0 3.5 4.0 0.5 3.5 1.0 0.0 3.0 3.5 2.5 3.0 0.0 1.0 4.0 3.5 4.0 2.5 0.5 0.0 2.0 0.0 0.0 0.5 3.5 1.5 3.0 3.0 0.5 0.5 4.0 4.0 3.5 0.5 0.0 3.5 3.0 0.5 3.5 1.0 2.0 0.0 3.5 1.5 4.0 0.0 0.5 1.0 0.0 3.0 4.0 2.5 1.5 1.0 1.5 0.5 2.5 4.0 0.0 0.0 2.5 1.5 4.0 3.5 0.0 3.5 2.0 2.0 3.0 4.0 0.5 2.0 1.0 1.0 0.5 4.0 3.5 2.0 2.0 1.0 1.5 0.0 0.0 0.0 2.5 2.5 0.5 4.0 1.5 1.0 0.5 2.5 2.0 3.5 0.0 0.0 0.0 0.0 0.0 1.5 0.0 0.0 1.0 0.0 0.5 0.0 0.5 0.0 0.0 0.0 0.5
1785427878.71,97,1,15.00,40.813,25.12,250.06,0.1466,0.2424,0.0459,0.2385,0.0753,0.2649,0.0753,0.1926,0.2375,0.0591,0.3304,0.0518,0.3284,0.1017,3.0 3.0 2.5 3.0 2.5 0.0 2.5 4.0 1.0 2.5 2.0 4.0 4.0 4.0 0.5 3.0 2.5 3.0 0.0 3.5 4.0 0.5 3.5 1.0 0.0 3.0 3.5 2.5 3.0 0.0 1.0 4.0 3.5 4.0 2.5 0.5 0.0 2.0 0.0 0.0 0.5 3.5 1.5 3.0 3.0 0.5 0.5 4.0 4.0 3.5 0.5 0.0 3.5 3.0 0.5 3.5 1.0 2.0 0.0 3.5 1.5 4.0 0.0 0.5 1.0 0.0 3.0 4.0 2.5 1.5 1.0 1.5 0.5 2.5 4.0 0.0 0.0 2.5 1.5 4.0 3.5 0.0 3.5 2.0 2.0 3.0 4.0 0.5 2.0 1.0 1.0 0.5 4.0 3.5 2.0 2.0 1.0 1.5 0.0 0.0 0.0 2.5 2.5 0.5 4.0 1.5 1.0 0.5 2.5 2.0 3.5 0.0 0.0 0.0 0.0 0.0 1.5 0.0 0.0 1.0 0.0 0.5 0.0 0.5 0.0 0.0 0.0 0.5
1785427878.80,97,2,15.00,40.813,25.12,250.06,0.1496,0.2419,0.0445,0.2405,0.0689,0.2566,0.0743,0.1916,0.2473,0.0572,0.3275,0.0528,0.3304,0.0973,3.0 3.0 2.5 3.0 2.5 0.0 2.5 4.0 1.0 2.5 2.0 4.0 4.0 4.0 0.5 3.0 2.5 3.0 0.0 3.5 4.0 0.5 3.5 1.0 0.0 3.0 3.5 2.5 3.0 0.0 1.0 4.0 3.5 4.0 2.5 0.5 0.0 2.0 0.0 0.0 0.5 3.5 1.5 3.0 3.0 0.5 0.5 4.0 4.0 3.5 0.5 0.0 3.5 3.0 0.5 3.5 1.0 2.0 0.0 3.5 1.5 4.0 0.0 0.5 1.0 0.0 3.0 4.0 2.5 1.5 1.0 1.5 0.5 2.5 4.0 0.0 0.0 2.5 1.5 4.0 3.5 0.0 3.5 2.0 2.0 3.0 4.0 0.5 2.0 1.0 1.0 0.5 4.0 3.5 2.0 2.0 1.0 1.5 0.0 0.0 0.0 2.5 2.5 0.5 4.0 1.5 1.0 0.5 2.5 2.0 3.5 0.0 0.0 0.0 0.0 0.0 1.5 0.0 0.0 1.0 0.0 0.5 0.0 0.5 0.0 0.0 0.0 0.5
1785427879.48,98,0,15.00,40.813,25.12,250.06,0.1525,0.2434,0.0499,0.2341,0.0601,0.2336,0.0601,0.0816,0.3201,0.0621,0.2933,0.0728,0.3338,0.1256,1.0 1.0 0.0 2.0 3.0 3.0 4.0 4.0 0.0 2.0 4.0 1.5 2.5 1.0 0.0 0.0 2.0 3.0 0.0 2.0 0.5 0.0 3.0 2.0 1.5 4.0 0.0 0.5 3.5 2.0 2.5 2.5 0.0 0.5 2.0 0.0 2.0 1.0 3.0 0.0 1.0 0.5 0.0 0.0 1.5 2.0 1.0 4.0 0.0 2.5 0.5 0.0 3.5 2.0 2.0 4.0 3.0 1.0 4.0 4.0 2.0 3.5 0.0 0.5 3.5 1.5 3.0 0.0 3.5 2.5 0.0 3.0 1.5 1.5 3.5 1.5 4.0 3.0 3.5 2.0 2.0 2.0 1.0 3.5 1.0 1.5 0.0 1.5 2.0 1.5 0.5 1.5 3.0 3.0 4.0 3.0 4.0 3.0 0.0 0.0 0.0 2.5 3.0 0.5 4.0 3.0 1.5 3.5 0.5 1.0 1.0 0.0 0.0 0.0 0.0 0.0 1.0 3.5 0.0 3.0 0.0 1.0 3.0 1.0 0.0 0.0 0.0 0.5
1785427879.58,98,1,15.00,40.813,25.12,250.06,0.1466,0.2454,0.0455,0.2400,0.0699,0.2331,0.0630,0.0772,0.3177,0.0601,0.2889,0.0767,0.3377,0.1285,1.0 1.0 0.0 2.0 3.0 3.0 4.0 4.0 0.0 2.0 4.0 1.5 2.5 1.0 0.0 0.0 2.0 3.0 0.0 2.0 0.5 0.0 3.0 2.0 1.5 4.0 0.0 0.5 3.5 2.0 2.5 2.5 0.0 0.5 2.0 0.0 2.0 1.0 3.0 0.0 1.0 0.5 0.0 0.0 1.5 2.0 1.0 4.0 0.0 2.5 0.5 0.0 3.5 2.0 2.0 4.0 3.0 1.0 4.0 4.0 2.0 3.5 0.0 0.5 3.5 1.5 3.0 0.0 3.5 2.5 0.0 3.0 1.5 1.5 3.5 1.5 4.0 3.0 3.5 2.0 2.0 2.0 1.0 3.5 1.0 1.5 0.0 1.5 2.0 1.5 0.5 1.5 3.0 3.0 4.0 3.0 4.0 3.0 0.0 0.0 0.0 2.5 3.0 0.5 4.0 3.0 1.5 3.5 0.5 1.0 1.0 0.0 0.0 0.0 0.0 0.0 1.0 3.5 0.0 3.0 0.0 1.0 3.0 1.0 0.0 0.0 0.0 0.5
1785427879.68,98,2,15.00,40.813,25.12,250.06,0.1496,0.2512,0.0494,0.2380,0.0606,0.2287,0.0601,0.0787,0.3172,0.0601,0.3011,0.0733,0.3392,0.1285,1.0 1.0 0.0 2.0 3.0 3.0 4.0 4.0 0.0 2.0 4.0 1.5 2.5 1.0 0.0 0.0 2.0 3.0 0.0 2.0 0.5 0.0 3.0 2.0 1.5 4.0 0.0 0.5 3.5 2.0 2.5 2.5 0.0 0.5 2.0 0.0 2.0 1.0 3.0 0.0 1.0 0.5 0.0 0.0 1.5 2.0 1.0 4.0 0.0 2.5 0.5 0.0 3.5 2.0 2.0 4.0 3.0 1.0 4.0 4.0 2.0 3.5 0.0 0.5 3.5 1.5 3.0 0.0 3.5 2.5 0.0 3.0 1.5 1.5 3.5 1.5 4.0 3.0 3.5 2.0 2.0 2.0 1.0 3.5 1.0 1.5 0.0 1.5 2.0 1.5 0.5 1.5 3.0 3.0 4.0 3.0 4.0 3.0 0.0 0.0 0.0 2.5 3.0 0.5 4.0 3.0 1.5 3.5 0.5 1.0 1.0 0.0 0.0 0.0 0.0 0.0 1.0 3.5 0.0 3.0 0.0 1.0 3.0 1.0 0.0 0.0 0.0 0.5
1785427880.36,99,0,15.00,40.893,25.12,250.06,0.1447,0.2507,0.0425,0.1852,0.2038,0.2654,0.0660,0.1007,0.3030,0.0503,0.3123,0.0630,0.3309,0.1305,0.5 0.0 2.5 3.0 0.0 1.0 1.0 3.5 4.0 0.0 0.0 1.0 0.0 3.0 1.0 0.0 3.5 0.5 3.5 1.5 1.5 0.5 2.5 2.0 1.5 2.0 3.0 0.0 2.0 0.5 0.5 1.5 0.5 0.5 0.5 0.0 0.5 2.5 3.5 0.0 2.5 3.0 0.0 1.5 3.0 3.0 0.0 0.0 0.0 3.0 2.5 0.0 1.0 4.0 2.5 3.0 0.0 0.0 2.5 2.0 4.0 1.0 0.0 3.5 1.0 3.0 3.0 0.0 2.0 0.5 3.0 0.5 2.0 3.0 0.5 2.0 2.5 0.0 3.5 2.0 0.0 2.0 3.0 2.5 3.5 3.5 3.0 0.0 2.5 1.0 2.0 3.0 2.5 0.5 1.5 1.0 4.0 3.0 0.0 0.0 0.0 3.0 2.0 2.0 2.0 3.5 1.0 0.0 0.5 4.0 0.0 0.0 0.0 0.0 0.0 0.0 0.5 3.0 0.0 2.5 0.0 1.5 0.5 0.5 0.0 0.0 0.0 1.0
1785427880.46,99,1,15.00,40.893,25.12,250.06,0.1510,0.2473,0.0474,0.1852,0.2043,0.2556,0.0533,0.0982,0.3118,0.0577,0.3138,0.0723,0.3368,0.1276,0.5 0.0 2.5 3.0 0.0 1.0 1.0 3.5 4.0 0.0 0.0 1.0 0.0 3.0 1.0 0.0 3.5 0.5 3.5 1.5 1.5 0.5 2.5 2.0 1.5 2.0 3.0 0.0 2.0 0.5 0.5 1.5 0.5 0.5 0.5 0.0 0.5 2.5 3.5 0.0 2.5 3.0 0.0 1.5 3.0 3.0 0.0 0.0 0.0 3.0 2.5 0.0 1.0 4.0 2.5 3.0 0.0 0.0 2.5 2.0 4.0 1.0 0.0 3.5 1.0 3.0 3.0 0.0 2.0 0.5 3.0 0.5 2.0 3.0 0.5 2.0 2.5 0.0 3.5 2.0 0.0 2.0 3.0 2.5 3.5 3.5 3.0 0.0 2.5 1.0 2.0 3.0 2.5 0.5 1.5 1.0 4.0 3.0 0.0 0.0 0.0 3.0 2.0 2.0 2.0 3.5 1.0 0.0 0.5 4.0 0.0 0.0 0.0 0.0 0.0 0.0 0.5 3.0 0.0 2.5 0.0 1.5 0.5 0.5 0.0 0.0 0.0 1.0
1785427880.56,99,2,15.00,40.893,25.12,250.06,0.1510,0.2561,0.0445,0.1828,0.2048,0.2512,0.0577,0.0953,0.3152,0.0425,0.3104,0.0738,0.3353,0.1276,0.5 0.0 2.5 3.0 0.0 1.0 1.0 3.5 4.0 0.0 0.0 1.0 0.0 3.0 1.0 0.0 3.5 0.5 3.5 1.5 1.5 0.5 2.5 2.0 1.5 2.0 3.0 0.0 2.0 0.5 0.5 1.5 0.5 0.5 0.5 0.0 0.5 2.5 3.5 0.0 2.5 3.0 0.0 1.5 3.0 3.0 0.0 0.0 0.0 3.0 2.5 0.0 1.0 4.0 2.5 3.0 0.0 0.0 2.5 2.0 4.0 1.0 0.0 3.5 1.0 3.0 3.0 0.0 2.0 0.5 3.0 0.5 2.0 3.0 0.5 2.0 2.5 0.0 3.5 2.0 0.0 2.0 3.0 2.5 3.5 3.5 3.0 0.0 2.5 1.0 2.0 3.0 2.5 0.5 1.5 1.0 4.0 3.0 0.0 0.0 0.0 3.0 2.0 2.0 2.0 3.5 1.0 0.0 0.5 4.0 0.0 0.0 0.0 0.0 0.0 0.0 0.5 3.0 0.0 2.5 0.0 1.5 0.5 0.5 0.0 0.0 0.0 1.0
1785427881.23,100,0,15.00,40.793,25.12,250.06,0.1408,0.2400,0.0474,0.1696,0.0728,0.2400,0.0577,0.1046,0.2595,0.1105,0.2874,0.0621,0.3465,0.1193,1.0 2.5 0.0 0.5 4.0 2.5 1.5 1.0 1.0 4.0 4.0 0.0 2.5 3.5 3.0 1.5 3.5 0.0 0.0 3.5 0.5 0.0 2.5 0.0 1.5 2.5 3.5 3.0 0.0 3.5 3.0 1.0 4.0 1.5 1.0 2.5 0.0 1.5 2.5 0.0 4.0 1.5 2.5 2.5 1.0 0.0 3.0 3.5 3.0 2.0 4.0 0.0 1.0 1.5 1.5 3.5 1.0 2.5 4.0 2.0 1.5 2.5 0.0 2.0 4.0 2.0 3.0 0.5 4.0 3.0 2.5 0.5 4.0 1.5 0.0 3.5 0.0 3.0 2.0 1.0 1.0 4.0 1.5 4.0 1.5 2.5 0.5 4.0 3.5 0.5 2.0 2.0 1.5 2.0 2.0 2.0 0.0 2.5 0.0 0.0 0.0 0.5 1.5 4.0 2.0 1.0 3.0 0.0 1.5 3.0 2.5 0.0 0.0 0.0 0.0 0.0 3.5 2.0 0.0 1.5 0.0 3.5 3.0 3.5 0.0 0.0 0.0 3.0
1785427881.33,100,1,15.00,40.793,25.12,250.06,0.1476,0.2097,0.0464,0.1657,0.0841,0.2366,0.0567,0.1124,0.2610,0.1202,0.2854,0.0626,0.3509,0.1256,1.0 2.5 0.0 0.5 4.0 2.5 1.5 1.0 1.0 4.0 4.0 0.0 2.5 3.5 3.0 1.5 3.5 0.0 0.0 3.5 0.5 0.0 2.5 0.0 1.5 2.5 3.5 3.0 0.0 3.5 3.0 1.0 4.0 1.5 1.0 2.5 0.0 1.5 2.5 0.0 4.0 1.5 2.5 2.5 1.0 0.0 3.0 3.5 3.0 2.0 4.0 0.0 1.0 1.5 1.5 3.5 1.0 2.5 4.0 2.0 1.5 2.5 0.0 2.0 4.0 2.0 3.0 0.5 4.0 3.0 2.5 0.5 4.0 1.5 0.0 3.5 0.0 3.0 2.0 1.0 1.0 4.0 1.5 4.0 1.5 2.5 0.5 4.0 3.5 0.5 2.0 2.0 1.5 2.0 2.0 2.0 0.0 2.5 0.0 0.0 0.0 0.5 1.5 4.0 2.0 1.0 3.0 0.0 1.5 3.0 2.5 0.0 0.0 0.0 0.0 0.0 3.5 2.0 0.0 1.5 0.0 3.5 3.0 3.5 0.0 0.0 0.0 3.0
1785427881.43,100,2,15.00,40.793,25.12,250.06,0.1466,0.2292,0.0430,0.1559,0.0753,0.2317,0.0543,0.1061,0.2625,0.1325,0.2889,0.0684,0.3509,0.1256,1.0 2.5 0.0 0.5 4.0 2.5 1.5 1.0 1.0 4.0 4.0 0.0 2.5 3.5 3.0 1.5 3.5 0.0 0.0 3.5 0.5 0.0 2.5 0.0 1.5 2.5 3.5 3.0 0.0 3.5 3.0 1.0 4.0 1.5 1.0 2.5 0.0 1.5 2.5 0.0 4.0 1.5 2.5 2.5 1.0 0.0 3.0 3.5 3.0 2.0 4.0 0.0 1.0 1.5 1.5 3.5 1.0 2.5 4.0 2.0 1.5 2.5 0.0 2.0 4.0 2.0 3.0 0.5 4.0 3.0 2.5 0.5 4.0 1.5 0.0 3.5 0.0 3.0 2.0 1.0 1.0 4.0 1.5 4.0 1.5 2.5 0.5 4.0 3.5 0.5 2.0 2.0 1.5 2.0 2.0 2.0 0.0 2.5 0.0 0.0 0.0 0.5 1.5 4.0 2.0 1.0 3.0 0.0 1.5 3.0 2.5 0.0 0.0 0.0 0.0 0.0 3.5 2.0 0.0 1.5 0.0 3.5 3.0 3.5 0.0 0.0 0.0 3.0
1785427882.11,101,0,15.00,40.853,25.12,250.06,0.1515,0.2546,0.0445,0.1774,0.1388,0.2717,0.0748,0.1217,0.3338,0.1202,0.3133,0.0582,0.3358,0.1285,4.0 1.0 3.0 3.0 2.0 0.0 4.0 3.5 3.0 2.5 0.0 0.5 0.5 1.0 0.0 0.0 3.5 0.0 4.0 1.5 4.0 4.0 1.0 1.5 1.0 2.0 4.0 2.5 2.0 2.5 1.0 0.0 0.5 2.5 2.5 1.0 1.5 0.0 0.0 0.0 0.0 2.0 1.5 4.0 3.5 1.5 0.0 0.5 4.0 3.0 1.0 0.0 1.0 1.0 1.5 2.0 2.0 0.0 0.5 0.5 2.5 3.0 0.0 0.0 2.5 0.0 1.5 0.0 2.5 4.0 1.0 0.5 2.5 2.5 2.5 1.5 2.5 4.0 0.0 1.0 3.0 3.0 2.0 4.0 4.0 3.0 3.5 4.0 2.0 1.0 2.5 0.5 2.0 0.5 2.5 2.5 1.0 3.5 0.0 0.0 0.0 2.0 0.0 0.0 1.5 2.5 4.0 2.0 2.5 1.0 0.0 0.0 0.0 0.0 0.0 0.0 3.5 3.5 0.0 3.5 0.0 1.0 2.0 1.5 0.0 0.0 0.0 4.0
1785427882.21,101,1,15.00,40.853,25.12,250.06,0.1505,0.2537,0.0435,0.1799,0.1373,0.2703,0.0733,0.1158,0.3333,0.1193,0.3167,0.0587,0.3328,0.1320,4.0 1.0 3.0 3.0 2.0 0.0 4.0 3.5 3.0 2.5 0.0 0.5 0.5 1.0 0.0 0.0 3.5 0.0 4.0 1.5 4.0 4.0 1.0 1.5 1.0 2.0 4.0 2.5 2.0 2.5 1.0 0.0 0.5 2.5 2.5 1.0 1.5 0.0 0.0 0.0 0.0 2.0 1.5 4.0 3.5 1.5 0.0 0.5 4.0 3.0 1.0 0.0 1.0 1.0 1.5 2.0 2.0 0.0 0.5 0.5 2.5 3.0 0.0 0.0 2.5 0.0 1.5 0.0 2.5 4.0 1.0 0.5 2.5 2.5 2.5 1.5 2.5 4.0 0.0 1.0 3.0 3.0 2.0 4.0 4.0 3.0 3.5 4.0 2.0 1.0 2.5 0.5 2.0 0.5 2.5 2.5 1.0 3.5 0.0 0.0 0.0 2.0 0.0 0.0 1.5 2.5 4.0 2.0 2.5 1.0 0.0 0.0 0.0 0.0 0.0 0.0 3.5 3.5 0.0 3.5 0.0 1.0 2.0 1.5 0.0 0.0 0.0 4.0
1785427882.31,101,2,15.00,40.853,25.12,250.06,0.1447,0.2561,0.0469,0.1774,0.1373,0.2717,0.0689,0.1188,0.3280,0.1217,0.3172,0.0596,0.3319,0.1271,4.0 1.0 3.0 3.0 2.0 0.0 4.0 3.5 3.0 2.5 0.0 0.5 0.5 1.0 0.0 0.0 3.5 0.0 4.0 1.5 4.0 4.0 1.0 1.5 1.0 2.0 4.0 2.5 2.0 2.5 1.0 0.0 0.5 2.5 2.5 1.0 1.5 0.0 0.0 0.0 0.0 2.0 1.5 4.0 3.5 1.5 0.0 0.5 4.0 3.0 1.0 0.0 1.0 1.0 1.5 2.0 2.0 0.0 0.5 0.5 2.5 3.0 0.0 0.0 2.5 0.0 1.5 0.0 2.5 4.0 1.0 0.5 2.5 2.5 2.5 1.5 2.5 4.0 0.0 1.0 3.0 3.0 2.0 4.0 4.0 3.0 3.5 4.0 2.0 1.0 2.5 0.5 2.0 0.5 2.5 2.5 1.0 3.5 0.0 0.0 0.0 2.0 0.0 0.0 1.5 2.5 4.0 2.0 2.5 1.0 0.0 0.0 0.0 0.0 0.0 0.0 3.5 3.5 0.0 3.5 0.0 1.0 2.0 1.5 0.0 0.0 0.0 4.0
1785427882.98,102,0,15.00,40.853,25.12,250.06,0.1457,0.2292,0.0459,0.2234,0.0635,0.2454,0.0611,0.1598,0.1149,0.2336,0.0997,0.0518,0.0547,0.1207,3.0 2.0 1.0 2.0 0.0 3.0 1.5 2.5 1.0 1.0 2.0 4.0 0.0 4.0 3.0 0.0 0.0 0.5 2.5 3.0 2.5 2.0 1.0 0.5 2.0 1.5 2.0 1.5 1.5 2.5 0.0 3.0 2.5 1.5 0.5 3.0 1.5 2.5 0.5 0.0 2.0 4.0 2.5 2.5 0.5 1.0 2.0 2.5 1.5 4.0 2.5 0.0 0.0 2.0 0.5 0.0 1.5 2.0 3.5 2.0 0.0 1.0 0.0 4.0 1.5 0.5 0.0 3.0 3.5 3.0 3.5 1.5 4.0 0.5 3.5 3.5 3.5 1.0 2.5 0.5 3.0 0.0 2.0 4.0 2.5 4.0 0.0 3.5 2.5 1.5 1.5 1.5 0.0 4.0 1.5 0.0 3.5 3.0 0.0 0.0 0.0 3.5 3.5 0.5 0.0 0.0 2.0 1.5 3.5 1.5 3.0 0.0 0.0 0.0 0.0 0.0 3.5 2.5 0.0 2.5 0.0 1.0 3.5 3.5 0.0 0.0 0.0 0.5
1785427883.08,102,1,15.00,40.853,25.12,250.06,0.1442,0.2307,0.0411,0.2268,0.0699,0.2444,0.0587,0.1613,0.1149,0.2317,0.1007,0.0547,0.0528,0.1193,3.0 2.0 1.0 2.0 0.0 3.0 1.5 2.5 1.0 1.0 2.0 4.0 0.0 4.0 3.0 0.0 0.0 0.5 2.5 3.0 2.5 2.0 1.0 0.5 2.0 1.5 2.0 1.5 1.5 2.5 0.0 3.0 2.5 1.5 0.5 3.0 1.5 2.5 0.5 0.0 2.0 4.0 2.5 2.5 0.5 1.0 2.0 2.5 1.5 4.0 2.5 0.0 0.0 2.0 0.5 0.0 1.5 2.0 3.5 2.0 0.0 1.0 0.0 4.0 1.5 0.5 0.0 3.0 3.5 3.0 3.5 1.5 4.0 0.5 3.5 3.5 3.5 1.0 2.5 0.5 3.0 0.0 2.0 4.0 2.5 4.0 0.0 3.5 2.5 1.5 1.5 1.5 0.0 4.0 1.5 0.0 3.5 3.0 0.0 0.0 0.0 3.5 3.5 0.5 0.0 0.0 2.0 1.5 3.5 1.5 3.0 0.0 0.0 0.0 0.0 0.0 3.5 2.5 0.0 2.5 0.0 1.0 3.5 3.5 0.0 0.0 0.0 0.5
1785427883.18,102,2,15.00,40.853,25.12,250.06,0.1393,0.2341,0.0440,0.2239,0.0689,0.2405,0.0567,0.1603,0.1149,0.2307,0.0997,0.0552,0.0508,0.1241,3.0 2.0 1.0 2.0 0.0 3.0 1.5 2.5 1.0 1.0 2.0 4.0 0.0 4.0 3.0 0.0 0.0 0.5 2.5 3.0 2.5 2.0 1.0 0.5 2.0 1.5 2.0 1.5 1.5 2.5 0.0 3.0 2.5 1.5 0.5 3.0 1.5 2.5 0.5 0.0 2.0 4.0 2.5 2.5 0.5 1.0 2.0 2.5 1.5 4.0 2.5 0.0 0.0 2.0 0.5 0.0 1.5 2.0 3.5 2.0 0.0 1.0 0.0 4.0 1.5 0.5 0.0 3.0 3.5 3.0 3.5 1.5 4.0 0.5 3.5 3.5 3.5 1.0 2.5 0.5 3.0 0.0 2.0 4.0 2.5 4.0 0.0 3.5 2.5 1.5 1.5 1.5 0.0 4.0 1.5 0.0 3.5 3.0 0.0 0.0 0.0 3.5 3.5 0.5 0.0 0.0 2.0 1.5 3.5 1.5 3.0 0.0 0.0 0.0 0.0 0.0 3.5 2.5 0.0 2.5 0.0 1.0 3.5 3.5 0.0 0.0 0.0 0.5
1785427883.87,103,0,15.00,40.773,25.12,250.06,0.1496,0.2297,0.0484,0.2581,0.1022,0.1769,0.0753,0.1588,0.3416,0.0596,0.3353,0.0489,0.3299,0.1310,0.5 0.0 3.0 4.0 0.5 0.0 1.5 3.0 4.0 1.5 0.0 1.5 2.5 4.0 0.5 3.0 1.5 3.5 0.5 1.0 4.0 0.0 4.0 1.0 2.0 3.5 2.5 1.0 0.5 0.5 2.0 1.5 4.0 1.5 2.5 3.5 1.0 0.5 4.0 0.0 2.0 1.0 2.5 3.0 1.0 3.0 1.5 0.5 0.5 2.5 1.0 0.0 2.5 2.5 1.5 1.5 1.5 1.5 0.0 3.5 3.5 0.0 0.0 4.0 2.5 1.0 2.0 1.5 0.5 1.0 1.5 1.5 0.5 4.0 1.0 1.0 2.5 0.0 3.0 0.5 3.0 3.0 1.5 4.0 3.5 0.5 3.0 1.5 0.5 4.0 2.0 0.0 2.0 2.0 2.5 3.5 1.0 2.5 0.0 0.0 0.0 1.5 3.0 1.0 2.5 4.0 1.0 0.0 4.0 2.5 2.5 0.0 0.0 0.0 0.0 0.0 2.5 4.0 0.0 1.0 0.0 3.0 2.0 4.0 0.0 0.0 0.0 3.5
1785427883.97,103,1,15.00,40.773,25.12,250.06,0.1471,0.2312,0.0459,0.2556,0.1022,0.1789,0.0762,0.1593,0.3402,0.0626,0.3358,0.0513,0.3289,0.1295,0.5 0.0 3.0 4.0 0.5 0.0 1.5 3.0 4.0 1.5 0.0 1.5 2.5 4.0 0.5 3.0 1.5 3.5 0.5 1.0 4.0 0.0 4.0 1.0 2.0 3.5 2.5 1.0 0.5 0.5 2.0 1.5 4.0 1.5 2.5 3.5 1.0 0.5 4.0 0.0 2.0 1.0 2.5 3.0 1.0 3.0 1.5 0.5 0.5 2.5 1.0 0.0 2.5 2.5 1.5 1.5 1.5 1.5 0.0 3.5 3.5 0.0 0.0 4.0 2.5 1.0 2.0 1.5 0.5 1.0 1.5 1.5 0.5 4.0 1.0 1.0 2.5 0.0 3.0 0.5 3.0 3.0 1.5 4.0 3.5 0.5 3.0 1.5 0.5 4.0 2.0 0.0 2.0 2.0 2.5 3.5 1.0 2.5 0.0 0.0 0.0 1.5 3.0 1.0 2.5 4.0 1.0 0.0 4.0 2.5 2.5 0.0 0.0 0.0 0.0 0.0 2.5 4.0 0.0 1.0 0.0 3.0 2.0 4.0 0.0 0.0 0.0 3.5
1785427884.07,103,2,15.00,40.773,25.12,250.06,0.1505,0.2307,0.0499,0.2542,0.0997,0.1784,0.0758,0.1584,0.3392,0.0587,0.3377,0.0503,0.3304,0.1315,0.5 0.0 3.0 4.0 0.5 0.0 1.5 3.0 4.0 1.5 0.0 1.5 2.5 4.0 0.5 3.0 1.5 3.5 0.5 1.0 4.0 0.0 4.0 1.0 2.0 3.5 2.5 1.0 0.5 0.5 2.0 1.5 4.0 1.5 2.5 3.5 1.0 0.5 4.0 0.0 2.0 1.0 2.5 3.0 1.0 3.0 1.5 0.5 0.5 2.5 1.0 0.0 2.5 2.5 1.5 1.5 1.5 1.5 0.0 3.5 3.5 0.0 0.0 4.0 2.5 1.0 2.0 1.5 0.5 1.0 1.5 1.5 0.5 4.0 1.0 1.0 2.5 0.0 3.0 0.5 3.0 3.0 1.5 4.0 3.5 0.5 3.0 1.5 0.5 4.0 2.0 0.0 2.0 2.0 2.5 3.5 1.0 2.5 0.0 0.0 0.0 1.5 3.0 1.0 2.5 4.0 1.0 0.0 4.0 2.5 2.5 0.0 0.0 0.0 0.0 0.0 2.5 4.0 0.0 1.0 0.0 3.0 2.0 4.0 0.0 0.0 0.0 3.5
1785427884.74,104,0,15.00,40.813,25.12,250.06,0.1471,0.2483,0.0415,0.1608,0.0523,0.2136,0.0587,0.0503,0.1413,0.1188,0.1926,0.0572,0.1862,0.1051,3.0 1.0 3.5 2.0 2.0 0.5 1.0 3.0 0.0 0.0 4.0 0.5 3.5 1.5 4.0 2.0 2.5 2.5 2.0 0.0 2.5 3.5 4.0 3.0 0.0 1.5 0.5 2.0 3.0 1.0 1.5 4.0 0.5 1.5 4.0 0.0 3.0 3.0 1.5 0.0 1.0 3.5 1.5 1.5 4.0 3.5 0.0 2.0 2.0 0.5 3.5 0.0 2.0 2.0 0.0 1.5 2.5 2.5 4.0 3.5 0.0 1.0 0.0 2.5 4.0 1.0 3.5 0.0 0.0 3.0 1.5 3.0 2.0 4.0 1.0 1.0 4.0 3.0 2.5 2.5 3.5 0.0 0.5 4.0 2.0 2.5 2.0 1.5 3.0 2.0 1.5 1.5 4.0 2.5 3.5 2.0 0.5 0.0 0.0 0.0 0.0 1.5 2.5 1.0 3.5 1.5 1.5 3.0 3.0 0.5 3.0 0.0 0.0 0.0 0.0 0.0 0.0 1.0 0.0 2.0 0.0 1.5 3.5 2.5 0.0 0.0 0.0 0.0
1785427884.84,104,1,15.00,40.813,25.12,250.06,0.1525,0.2454,0.0415,0.1613,0.0528,0.2151,0.0538,0.0479,0.1408,0.1188,0.1921,0.0582,0.1862,0.1070,3.0 1.0 3.5 2.0 2.0 0.5 1.0 3.0 0.0 0.0 4.0 0.5 3.5 1.5 4.0 2.0 2.5 2.5 2.0 0.0 2.5 3.5 4.0 3.0 0.0 1.5 0.5 2.0 3.0 1.0 1.5 4.0 0.5 1.5 4.0 0.0 3.0 3.0 1.5 0.0 1.0 3.5 1.5 1.5 4.0 3.5 0.0 2.0 2.0 0.5 3.5 0.0 2.0 2.0 0.0 1.5 2.5 2.5 4.0 3.5 0.0 1.0 0.0 2.5 4.0 1.0 3.5 0.0 0.0 3.0 1.5 3.0 2.0 4.0 1.0 1.0 4.0 3.0 2.5 2.5 3.5 0.0 0.5 4.0 2.0 2.5 2.0 1.5 3.0 2.0 1.5 1.5 4.0 2.5 3.5 2.0 0.5 0.0 0.0 0.0 0.0 1.5 2.5 1.0 3.5 1.5 1.5 3.0 3.0 0.5 3.0 0.0 0.0 0.0 0.0 0.0 0.0 1.0 0.0 2.0 0.0 1.5 3.5 2.5 0.0 0.0 0.0 0.0
1785427884.94,104,2,15.00,40.813,25.12,250.06,0.1491,0.2488,0.0455,0.1603,0.0523,0.2111,0.0557,0.0523,0.1427,0.1144,0.1935,0.0621,0.1891,0.1031,3.0 1.0 3.5 2.0 2.0 0.5 1.0 3.0 0.0 0.0 4.0 0.5 3.5 1.5 4.0 2.0 2.5 2.5 2.0 0.0 2.5 3.5 4.0 3.0 0.0 1.5 0.5 2.0 3.0 1.0 1.5 4.0 0.5 1.5 4.0 0.0 3.0 3.0 1.5 0.0 1.0 3.5 1.5 1.5 4.0 3.5 0.0 2.0 2.0 0.5 3.5 0.0 2.0 2.0 0.0 1.5 2.5 2.5 4.0 3.5 0.0 1.0 0.0 2.5 4.0 1.0 3.5 0.0 0.0 3.0 1.5 3.0 2.0 4.0 1.0 1.0 4.0 3.0 2.5 2.5 3.5 0.0 0.5 4.0 2.0 2.5 2.0 1.5 3.0 2.0 1.5 1.5 4.0 2.5 3.5 2.0 0.5 0.0 0.0 0.0 0.0 1.5 2.5 1.0 3.5 1.5 1.5 3.0 3.0 0.5 3.0 0.0 0.0 0.0 0.0 0.0 0.0 1.0 0.0 2.0 0.0 1.5 3.5 2.5 0.0 0.0 0.0 0.0
1785427885.62,105,0,15.00,40.773,25.12,250.06,0.1466,0.2458,0.0430,0.0777,0.2546,0.2595,0.0508,0.2463,0.2996,0.2336,0.3548,0.0816,0.3294,0.1100,3.0 3.5 2.5 0.5 3.0 0.0 1.0 2.5 2.0 3.0 2.0 0.0 2.0 1.0 0.5 0.5 1.5 2.0 0.0 3.0 0.0 2.5 2.0 1.0 4.0 1.0 3.5 2.5 1.5 3.5 4.0 2.5 1.0 2.5 1.5 2.0 2.5 2.5 3.0 0.0 4.0 1.5 3.5 2.5 0.0 2.5 2.0 4.0 2.0 1.5 0.0 0.0 2.0 3.5 3.5 1.5 1.0 3.0 3.5 1.0 2.0 4.0 0.0 0.5 1.5 3.5 3.0 4.0 1.5 2.0 0.5 0.0 0.0 0.5 3.5 3.5 2.5 2.0 2.5 4.0 0.5 3.5 1.0 1.0 3.0 2.5 1.5 2.0 2.0 1.0 0.5 3.0 0.0 0.5 2.0 0.5 3.5 0.5 0.0 0.0 0.0 0.0 0.5 0.5 4.0 4.0 2.0 3.0 4.0 3.5 4.0 0.0 0.0 0.0 0.0 0.0 4.0 1.0 0.0 3.5 0.0 3.5 1.0 0.5 0.0 0.0 0.0 2.5
1785427885.72,105,1,15.00,40.773,25.12,250.06,0.1481,0.2454,0.0484,0.0772,0.2537,0.2590,0.0513,0.2449,0.2977,0.2326,0.3568,0.0846,0.3324,0.1061,3.0 3.5 2.5 0.5 3.0 0.0 1.0 2.5 2.0 3.0 2.0 0.0 2.0 1.0 0.5 0.5 1.5 2.0 0.0 3.0 0.0 2.5 2.0 1.0 4.0 1.0 3.5 2.5 1.5 3.5 4.0 2.5 1.0 2.5 1.5 2.0 2.5 2.5 3.0 0.0 4.0 1.5 3.5 2.5 0.0 2.5 2.0 4.0 2.0 1.5 0.0 0.0 2.0 3.5 3.5 1.5 1.0 3.0 3.5 1.0 2.0 4.0 0.0 0.5 1.5 3.5 3.0 4.0 1.5 2.0 0.5 0.0 0.0 0.5 3.5 3.5 2.5 2.0 2.5 4.0 0.5 3.5 1.0 1.0 3.0 2.5 1.5 2.0 2.0 1.0 0.5 3.0 0.0 0.5 2.0 0.5 3.5 0.5 0.0 0.0 0.0 0.0 0.5 0.5 4.0 4.0 2.0 3.0 4.0 3.5 4.0 0.0 0.0 0.0 0.0 0.0 4.0 1.0 0.0 3.5 0.0 3.5 1.0 0.5 0.0 0.0 0.0 2.5
1785427885.82,105,2,15.00,40.773,25.12,250.06,0.1486,0.2468,0.0445,0.0777,0.2546,0.2566,0.0528,0.2449,0.2967,0.2346,0.3539,0.0816,0.3309,0.1031,3.0 3.5 2.5 0.5 3.0 0.0 1.0 2.5 2.0 3.0 2.0 0.0 2.0 1.0 0.5 0.5 1.5 2.0 0.0 3.0 0.0 2.5 2.0 1.0 4.0 1.0 3.5 2.5 1.5 3.5 4.0 2.5 1.0 2.5 1.5 2.0 2.5 2.5 3.0 0.0 4.0 1.5 3.5 2.5 0.0 2.5 2.0 4.0 2.0 1.5 0.0 0.0 2.0 3.5 3.5 1.5 1.0 3.0 3.5 1.0 2.0 4.0 0.0 0.5 1.5 3.5 3.0 4.0 1.5 2.0 0.5 0.0 0.0 0.5 3.5 3.5 2.5 2.0 2.5 4.0 0.5 3.5 1.0 1.0 3.0 2.5 1.5 2.0 2.0 1.0 0.5 3.0 0.0 0.5 2.0 0.5 3.5 0.5 0.0 0.0 0.0 0.0 0.5 0.5 4.0 4.0 2.0 3.0 4.0 3.5 4.0 0.0 0.0 0.0 0.0 0.0 4.0 1.0 0.0 3.5 0.0 3.5 1.0 0.5 0.0 0.0 0.0 2.5
1785427886.50,106,0,15.00,40.833,25.12,250.06,0.1452,0.2395,0.0425,0.0968,0.0850,0.2566,0.0479,0.1065,0.0802,0.2405,0.0670,0.0728,0.1188,0.1158,1.0 4.0 1.5 1.0 3.5 2.5 0.0 3.0 4.0 2.5 0.5 2.5 3.0 1.5 0.0 2.5 3.0 0.5 1.5 1.0 2.5 0.0 3.5 2.5 2.5 1.5 4.0 4.0 2.5 0.5 1.0 0.0 3.0 1.0 1.5 1.5 2.0 3.0 3.5 0.0 1.0 3.0 4.0 1.5 3.0 1.5 4.0 2.0 4.0 0.0 3.5 0.0 2.5 3.5 1.5 1.5 3.0 1.5 3.0 3.5 0.5 2.0 0.0 2.5 1.5 0.5 0.0 4.0 1.0 3.5 1.0 1.5 1.5 4.0 3.0 4.0 3.0 3.0 2.0 1.0 0.5 2.5 0.5 2.5 0.5 2.5 0.0 2.5 3.5 4.0 1.0 2.0 2.0 1.5 0.5 3.5 3.5 3.5 0.0 0.0 0.0 0.0 1.5 0.5 4.0 1.0 2.5 3.5 4.0 1.0 0.5 0.0 0.0 0.0 0.0 0.0 1.0 2.0 0.0 0.0 0.0 1.5 1.5 1.5 0.0 0.0 0.0 3.0
1785427886.60,106,1,15.00,40.833,25.12,250.06,0.1427,0.2419,0.0411,0.0963,0.0826,0.2586,0.0503,0.1090,0.0806,0.2410,0.0670,0.0704,0.1168,0.1173,1.0 4.0 1.5 1.0 3.5 2.5 0.0 3.0 4.0 2.5 0.5 2.5 3.0 1.5 0.0 2.5 3.0 0.5 1.5 1.0 2.5 0.0 3.5 2.5 2.5 1.5 4.0 4.0 2.5 0.5 1.0 0.0 3.0 1.0 1.5 1.5 2.0 3.0 3.5 0.0 1.0 3.0 4.0 1.5 3.0 1.5 4.0 2.0 4.0 0.0 3.5 0.0 2.5 3.5 1.5 1.5 3.0 1.5 3.0 3.5 0.5 2.0 0.0 2.5 1.5 0.5 0.0 4.0 1.0 3.5 1.0 1.5 1.5 4.0 3.0 4.0 3.0 3.0 2.0 1.0 0.5 2.5 0.5 2.5 0.5 2.5 0.0 2.5 3.5 4.0 1.0 2.0 2.0 1.5 0.5 3.5 3.5 3.5 0.0 0.0 0.0 0.0 1.5 0.5 4.0 1.0 2.5 3.5 4.0 1.0 0.5 0.0 0.0 0.0 0.0 0.0 1.0 2.0 0.0 0.0 0.0 1.5 1.5 1.5 0.0 0.0 0.0 3.0
1785427886.70,106,2,15.00,40.833,25.12,250.06,0.1452,0.2458,0.0435,0.0963,0.0855,0.2556,0.0499,0.1065,0.0767,0.2424,0.0665,0.0728,0.1163,0.1163,1.0 4.0 1.5 1.0 3.5 2.5 0.0 3.0 4.0 2.5 0.5 2.5 3.0 1.5 0.0 2.5 3.0 0.5 1.5 1.0 2.5 0.0 3.5 2.5 2.5 1.5 4.0 4.0 2.5 0.5 1.0 0.0 3.0 1.0 1.5 1.5 2.0 3.0 3.5 0.0 1.0 3.0 4.0 1.5 3.0 1.5 4.0 2.0 4.0 0.0 3.5 0.0 2.5 3.5 1.5 1.5 3.0 1.5 3.0 3.5 0.5 2.0 0.0 2.5 1.5 0.5 0.0 4.0 1.0 3.5 1.0 1.5 1.5 4.0 3.0 4.0 3.0 3.0 2.0 1.0 0.5 2.5 0.5 2.5 0.5 2.5 0.0 2.5 3.5 4.0 1.0 2.0 2.0 1.5 0.5 3.5 3.5 3.5 0.0 0.0 0.0 0.0 1.5 0.5 4.0 1.0 2.5 3.5 4.0 1.0 0.5 0.0 0.0 0.0 0.0 0.0 1.0 2.0 0.0 0.0 0.0 1.5 1.5 1.5 0.0 0.0 0.0 3.0
1785427887.37,107,0,15.00,40.833,25.12,250.05,0.1442,0.2454,0.0430,0.2815,0.1227,0.2307,0.0435,0.1769,0.1329,0.1471,0.0552,0.0587,0.1183,0.1153,1.5 3.5 3.5 3.5 4.0 3.0 0.5 0.0 4.0 3.0 0.0 1.5 4.0 1.0 1.5 4.0 1.0 2.5 4.0 3.5 2.0 0.0 4.0 0.5 0.5 4.0 3.5 4.0 3.0 1.5 4.0 2.5 3.5 0.0 0.0 2.5 3.0 0.5 3.0 0.0 2.0 0.5 0.0 4.0 3.0 1.5 1.5 2.5 4.0 1.5 0.0 0.0 4.0 4.0 0.5 0.0 4.0 4.0 2.5 2.5 3.5 2.5 0.0 2.5 0.5 2.0 4.0 1.0 0.0 1.5 3.5 1.0 4.0 3.0 1.5 0.5 3.0 1.5 3.5 3.5 2.0 3.0 0.0 2.5 1.0 0.0 2.5 2.0 0.5 3.0 0.0 3.0 4.0 3.0 0.0 3.5 0.0 2.0 0.0 0.0 0.0 0.0 2.0 3.0 1.5 0.0 1.0 2.5 2.0 3.5 0.0 0.0 0.0 0.0 0.0 0.0 4.0 2.5 0.0 0.0 0.0 3.5 1.0 1.5 0.0 0.0 0.0 0.5
1785427887.47,107,1,15.00,40.833,25.12,250.05,0.1452,0.2429,0.0430,0.2801,0.1227,0.2302,0.0445,0.1764,0.1310,0.1525,0.0547,0.0557,0.1168,0.1163,1.5 3.5 3.5 3.5 4.0 3.0 0.5 0.0 4.0 3.0 0.0 1.5 4.0 1.0 1.5 4.0 1.0 2.5 4.0 3.5 2.0 0.0 4.0 0.5 0.5 4.0 3.5 4.0 3.0 1.5 4.0 2.5 3.5 0.0 0.0 2.5 3.0 0.5 3.0 0.0 2.0 0.5 0.0 4.0 3.0 1.5 1.5 2.5 4.0 1.5 0.0 0.0 4.0 4.0 0.5 0.0 4.0 4.0 2.5 2.5 3.5 2.5 0.0 2.5 0.5 2.0 4.0 1.0 0.0 1.5 3.5 1.0 4.0 3.0 1.5 0.5 3.0 1.5 3.5 3.5 2.0 3.0 0.0 2.5 1.0 0.0 2.5 2.0 0.5 3.0 0.0 3.0 4.0 3.0 0.0 3.5 0.0 2.0 0.0 0.0 0.0 0.0 2.0 3.0 1.5 0.0 1.0 2.5 2.0 3.5 0.0 0.0 0.0 0.0 0.0 0.0 4.0 2.5 0.0 0.0 0.0 3.5 1.0 1.5 0.0 0.0 0.0 0.5
1785427887.57,107,2,15.00,40.833,25.12,250.05,0.1447,0.2468,0.0440,0.2766,0.1241,0.2341,0.0420,0.1760,0.1334,0.1515,0.0543,0.0547,0.1188,0.1183,1.5 3.5 3.5 3.5 4.0 3.0 0.5 0.0 4.0 3.0 0.0 1.5 4.0 1.0 1.5 4.0 1.0 2.5 4.0 3.5 2.0 0.0 4.0 0.5 0.5 4.0 3.5 4.0 3.0 1.5 4.0 2.5 3.5 0.0 0.0 2.5 3.0 0.5 3.0 0.0 2.0 0.5 0.0 4.0 3.0 1.5 1.5 2.5 4.0 1.5 0.0 0.0 4.0 4.0 0.5 0.0 4.0 4.0 2.5 2.5 3.5 2.5 0.0 2.5 0.5 2.0 4.0 1.0 0.0 1.5 3.5 1.0 4.0 3.0 1.5 0.5 3.0 1.5 3.5 3.5 2.0 3.0 0.0 2.5 1.0 0.0 2.5 2.0 0.5 3.0 0.0 3.0 4.0 3.0 0.0 3.5 0.0 2.0 0.0 0.0 0.0 0.0 2.0 3.0 1.5 0.0 1.0 2.5 2.0 3.5 0.0 0.0 0.0 0.0 0.0 0.0 4.0 2.5 0.0 0.0 0.0 3.5 1.0 1.5 0.0 0.0 0.0 0.5
1785427888.25,108,0,15.00,40.793,25.12,250.05,0.1457,0.2507,0.0386,0.1794,0.0415,0.2595,0.0538,0.0943,0.0670,0.0748,0.0401,0.0567,0.0538,0.1056,3.5 2.5 1.0 3.5 1.5 0.5 3.0 1.5 0.5 1.5 1.5 2.5 0.0 2.5 0.0 2.5 1.0 2.0 4.0 2.5 2.5 0.0 0.5 0.5 0.0 2.5 2.0 0.5 0.0 2.5 1.5 3.0 2.5 3.5 0.5 0.5 2.0 0.0 3.0 0.0 0.0 2.5 2.0 1.0 0.5 2.0 3.5 4.0 1.0 3.5 2.0 0.0 0.5 1.0 2.0 0.5 2.5 4.0 3.5 0.0 0.5 3.0 0.0 0.0 1.0 3.5 0.0 3.0 0.5 0.5 1.5 1.5 2.5 1.5 3.0 4.0 0.5 2.0 1.5 2.5 0.5 1.0 0.5 0.5 1.0 0.5 4.0 1.5 1.0 2.0 0.5 1.0 4.0 1.0 3.0 4.0 1.5 2.0 0.0 0.0 0.0 4.0 2.0 3.5 0.0 4.0 3.5 2.5 3.5 1.0 1.5 0.0 0.0 0.0 0.0 0.0 3.5 2.5 0.0 3.5 0.0 3.0 2.5 3.5 0.0 0.0 0.0 4.0
1785427888.35,108,1,15.00,40.793,25.12,250.05,0.1452,0.2478,0.0391,0.1828,0.0381,0.2615,0.0547,0.0973,0.0655,0.0777,0.0430,0.0547,0.0499,0.1100,3.5 2.5 1.0 3.5 1.5 0.5 3.0 1.5 0.5 1.5 1.5 2.5 0.0 2.5 0.0 2.5 1.0 2.0 4.0 2.5 2.5 0.0 0.5 0.5 0.0 2.5 2.0 0.5 0.0 2.5 1.5 3.0 2.5 3.5 0.5 0.5 2.0 0.0 3.0 0.0 0.0 2.5 2.0 1.0 0.5 2.0 3.5 4.0 1.0 3.5 2.0 0.0 0.5 1.0 2.0 0.5 2.5 4.0 3.5 0.0 0.5 3.0 0.0 0.0 1.0 3.5 0.0 3.0 0.5 0.5 1.5 1.5 2.5 1.5 3.0 4.0 0.5 2.0 1.5 2.5 0.5 1.0 0.5 0.5 1.0 0.5 4.0 1.5 1.0 2.0 0.5 1.0 4.0 1.0 3.0 4.0 1.5 2.0 0.0 0.0 0.0 4.0 2.0 3.5 0.0 4.0 3.5 2.5 3.5 1.0 1.5 0.0 0.0 0.0 0.0 0.0 3.5 2.5 0.0 3.5 0.0 3.0 2.5 3.5 0.0 0.0 0.0 4.0
1785427888.45,108,2,15.00,40.793,25.12,250.05,0.1486,0.2502,0.0381,0.1843,0.0352,0.2634,0.0533,0.0943,0.0655,0.0772,0.0435,0.0528,0.0538,0.1090,3.5 2.5 1.0 3.5 1.5 0.5 3.0 1.5 0.5 1.5 1.5 2.5 0.0 2.5 0.0 2.5 1.0 2.0 4.0 2.5 2.5 0.0 0.5 0.5 0.0 2.5 2.0 0.5 0.0 2.5 1.5 3.0 2.5 3.5 0.5 0.5 2.0 0.0 3.0 0.0 0.0 2.5 2.0 1.0 0.5 2.0 3.5 4.0 1.0 3.5 2.0 0.0 0.5 1.0 2.0 0.5 2.5 4.0 3.5 0.0 0.5 3.0 0.0 0.0 1.0 3.5 0.0 3.0 0.5 0.5 1.5 1.5 2.5 1.5 3.0 4.0 0.5 2.0 1.5 2.5 0.5 1.0 0.5 0.5 1.0 0.5 4.0 1.5 1.0 2.0 0.5 1.0 4.0 1.0 3.0 4.0 1.5 2.0 0.0 0.0 0.0 4.0 2.0 3.5 0.0 4.0 3.5 2.5 3.5 1.0 1.5 0.0 0.0 0.0 0.0 0.0 3.5 2.5 0.0 3.5 0.0 3.0 2.5 3.5 0.0 0.0 0.0 4.0
1785427889.13,109,0,15.00,40.833,25.12,250.05,0.1486,0.2434,0.0445,0.1818,0.0469,0.2180,0.0464,0.2023,0.3451,0.0626,0.3255,0.0484,0.3299,0.1290,0.5 1.5 2.0 1.5 2.0 3.5 0.0 1.5 2.5 4.0 3.5 4.0 0.5 3.0 3.0 4.0 3.0 0.5 1.5 3.0 3.5 3.0 2.5 1.0 3.0 0.5 0.0 0.0 0.0 1.5 3.5 2.5 1.0 2.5 1.5 0.5 3.5 3.0 0.0 0.0 1.0 1.5 3.5 0.0 2.5 3.5 4.0 2.5 1.5 3.5 0.5 0.0 1.0 3.0 2.0 3.0 3.5 2.5 3.5 1.0 3.5 0.5 0.0 1.5 3.0 2.0 0.0 3.5 1.5 3.5 1.5 0.5 4.0 3.0 1.0 2.5 3.5 0.5 2.5 3.0 2.0 3.5 2.0 3.5 3.0 3.0 3.5 4.0 2.5 2.0 1.5 2.0 0.0 0.0 0.0 3.5 1.0 0.5 0.0 0.0 0.0 3.5 1.5 3.0 1.0 0.0 1.5 3.0 4.0 0.5 1.0 0.0 0.0 0.0 0.0 0.0 3.0 4.0 0.0 0.5 0.0 0.0 2.0 1.0 0.0 0.0 0.0 2.5
1785427889.23,109,1,15.00,40.833,25.12,250.05,0.1457,0.2424,0.0445,0.1735,0.0435,0.2175,0.0494,0.2023,0.3485,0.0562,0.3265,0.0469,0.3319,0.1261,0.5 1.5 2.0 1.5 2.0 3.5 0.0 1.5 2.5 4.0 3.5 4.0 0.5 3.0 3.0 4.0 3.0 0.5 1.5 3.0 3.5 3.0 2.5 1.0 3.0 0.5 0.0 0.0 0.0 1.5 3.5 2.5 1.0 2.5 1.5 0.5 3.5 3.0 0.0 0.0 1.0 1.5 3.5 0.0 2.5 3.5 4.0 2.5 1.5 3.5 0.5 0.0 1.0 3.0 2.0 3.0 3.5 2.5 3.5 1.0 3.5 0.5 0.0 1.5 3.0 2.0 0.0 3.5 1.5 3.5 1.5 0.5 4.0 3.0 1.0 2.5 3.5 0.5 2.5 3.0 2.0 3.5 2.0 3.5 3.0 3.0 3.5 4.0 2.5 2.0 1.5 2.0 0.0 0.0 0.0 3.5 1.0 0.5 0.0 0.0 0.0 3.5 1.5 3.0 1.0 0.0 1.5 3.0 4.0 0.5 1.0 0.0 0.0 0.0 0.0 0.0 3.0 4.0 0.0 0.5 0.0 0.0 2.0 1.0 0.0 0.0 0.0 2.5
1785427889.33,109,2,15.00,40.833,25.12,250.05,0.1452,0.2390,0.0435,0.1740,0.0474,0.2180,0.0518,0.2009,0.3490,0.0611,0.3289,0.0484,0.3338,0.1266,0.5 1.5 2.0 1.5 2.0 3.5 0.0 1.5 2.5 4.0 3.5 4.0 0.5 3.0 3.0 4.0 3.0 0.5 1.5 3.0 3.5 3.0 2.5 1.0 3.0 0.5 0.0 0.0 0.0 1.5 3.5 2.5 1.0 2.5 1.5 0.5 3.5 3.0 0.0 0.0 1.0 1.5 3.5 0.0 2.5 3.5 4.0 2.5 1.5 3.5 0.5 0.0 1.0 3.0 2.0 3.0 3.5 2.5 3.5 1.0 3.5 0.5 0.0 1.5 3.0 2.0 0.0 3.5 1.5 3.5 1.5 0.5 4.0 3.0 1.0 2.5 3.5 0.5 2.5 3.0 2.0 3.5 2.0 3.5 3.0 3.0 3.5 4.0 2.5 2.0 1.5 2.0 0.0 0.0 0.0 3.5 1.0 0.5 0.0 0.0 0.0 3.5 1.5 3.0 1.0 0.0 1.5 3.0 4.0 0.5 1.0 0.0 0.0 0.0 0.0 0.0 3.0 4.0 0.0 0.5 0.0 0.0 2.0 1.0 0.0 0.0 0.0 2.5
1785427890.01,110,0,15.00,40.793,25.12,250.05,0.1554,0.2532,0.0464,0.1984,0.0640,0.2698,0.0587,0.1261,0.2835,0.0562,0.3060,0.0616,0.3333,0.1168,2.5 3.5 3.0 2.5 4.0 1.5 1.5 4.0 0.5 2.0 2.5 1.5 3.0 1.0 1.0 2.5 2.5 1.0 2.5 4.0 1.0 3.0 0.5 3.0 1.0 1.0 0.0 0.5 3.5 0.0 2.0 4.0 1.0 2.5 4.0 2.5 4.0 3.0 4.0 0.0 1.5 2.0 2.0 0.5 1.0 3.5 0.5 4.0 3.0 2.5 4.0 0.0 0.0 1.0 0.0 0.5 0.0 2.0 0.0 1.0 0.0 0.5 0.0 3.5 1.0 3.0 3.5 1.5 4.0 2.5 1.0 3.0 1.5 3.5 3.5 3.0 0.0 4.0 1.5 2.5 3.0 1.5 3.0 3.0 2.5 2.5 0.0 1.0 1.5 2.5 3.0 3.5 4.0 2.0 2.0 3.0 2.5 1.5 0.0 0.0 0.0 3.5 0.5 0.5 3.0 2.5 2.0 1.0 1.0 1.5 2.0 0.0 0.0 0.0 0.0 0.0 2.5 1.5 0.0 1.0 0.0 0.0 2.5 2.0 0.0 0.0 0.0 1.0
1785427890.11,110,1,15.00,40.793,25.12,250.05,0.1530,0.2522,0.0450,0.1989,0.0621,0.2688,0.0587,0.1246,0.2835,0.0582,0.3055,0.0567,0.3304,0.1188,2.5 3.5 3.0 2.5 4.0 1.5 1.5 4.0 0.5 2.0 2.5 1.5 3.0 1.0 1.0 2.5 2.5 1.0 2.5 4.0 1.0 3.0 0.5 3.0 1.0 1.0 0.0 0.5 3.5 0.0 2.0 4.0 1.0 2.5 4.0 2.5 4.0 3.0 4.0 0.0 1.5 2.0 2.0 0.5 1.0 3.5 0.5 4.0 3.0 2.5 4.0 0.0 0.0 1.0 0.0 0.5 0.0 2.0 0.0 1.0 0.0 0.5 0.0 3.5 1.0 3.0 3.5 1.5 4.0 2.5 1.0 3.0 1.5 3.5 3.5 3.0 0.0 4.0 1.5 2.5 3.0 1.5 3.0 3.0 2.5 2.5 0.0 1.0 1.5 2.5 3.0 3.5 4.0 2.0 2.0 3.0 2.5 1.5 0.0 0.0 0.0 3.5 0.5 0.5 3.0 2.5 2.0 1.0 1.0 1.5 2.0 0.0 0.0 0.0 0.0 0.0 2.5 1.5 0.0 1.0 0.0 0.0 2.5 2.0 0.0 0.0 0.0 1.0
1785427890.20,110,2,15.00,40.793,25.12,250.05,0.1535,0.2498,0.0474,0.2004,0.0606,0.2674,0.0572,0.1276,0.2854,0.0572,0.3055,0.0587,0.3377,0.1158,2.5 3.5 3.0 2.5 4.0 1.5 1.5 4.0 0.5 2.0 2.5 1.5 3.0 1.0 1.0 2.5 2.5 1.0 2.5 4.0 1.0 3.0 0.5 3.0 1.0 1.0 0.0 0.5 3.5 0.0 2.0 4.0 1.0 2.5 4.0 2.5 4.0 3.0 4.0 0.0 1.5 2.0 2.0 0.5 1.0 3.5 0.5 4.0 3.0 2.5 4.0 0.0 0.0 1.0 0.0 0.5 0.0 2.0 0.0 1.0 0.0 0.5 0.0 3.5 1.0 3.0 3.5 1.5 4.0 2.5 1.0 3.0 1.5 3.5 3.5 3.0 0.0 4.0 1.5 2.5 3.0 1.5 3.0 3.0 2.5 2.5 0.0 1.0 1.5 2.5 3.0 3.5 4.0 2.0 2.0 3.0 2.5 1.5 0.0 0.0 0.0 3.5 0.5 0.5 3.0 2.5 2.0 1.0 1.0 1.5 2.0 0.0 0.0 0.0 0.0 0.0 2.5 1.5 0.0 1.0 0.0 0.0 2.5 2.0 0.0 0.0 0.0 1.0
1785427890.88,111,0,15.00,40.813,25.12,250.05,0.1476,0.2273,0.0499,0.2209,0.0733,0.2879,0.1237,0.3099,0.0694,0.0836,0.2224,0.1290,0.1310,0.1261,4.0 1.0 2.5 3.0 3.0 4.0 1.0 2.0 2.5 0.5 4.0 2.0 4.0 3.5 1.0 0.5 3.5 0.5 3.0 3.5 2.0 3.0 3.5 3.0 3.5 4.0 2.5 3.0 0.5 0.5 2.0 4.0 3.5 4.0 4.0 0.5 0.5 2.5 3.5 0.0 1.0 0.5 1.0 3.5 3.0 2.0 0.0 1.5 2.5 4.0 4.0 0.0 2.5 2.5 0.0 1.0 3.0 4.0 0.5 1.0 2.5 1.0 0.0 1.5 1.0 3.0 1.5 1.0 0.5 1.5 0.0 2.0 3.0 2.5 0.0 3.5 2.0 0.5 0.5 3.5 3.5 2.0 2.0 3.5 2.5 0.5 3.0 3.5 3.5 2.5 4.0 1.0 0.5 1.0 1.5 3.5 1.5 3.5 0.0 0.0 0.0 1.5 2.0 3.0 1.0 2.5 0.0 3.5 3.0 3.5 2.0 0.0 0.0 0.0 0.0 0.0 4.0 2.0 0.0 3.5 0.0 3.5 3.5 0.0 0.0 0.0 0.0 0.5
1785427890.98,111,1,15.00,40.813,25.12,250.05,0.1476,0.2268,0.0469,0.2209,0.0728,0.2889,0.1256,0.3094,0.0714,0.0836,0.2199,0.1271,0.1325,0.1227,4.0 1.0 2.5 3.0 3.0 4.0 1.0 2.0 2.5 0.5 4.0 2.0 4.0 3.5 1.0 0.5 3.5 0.5 3.0 3.5 2.0 3.0 3.5 3.0 3.5 4.0 2.5 3.0 0.5 0.5 2.0 4.0 3.5 4.0 4.0 0.5 0.5 2.5 3.5 0.0 1.0 0.5 1.0 3.5 3.0 2.0 0.0 1.5 2.5 4.0 4.0 0.0 2.5 2.5 0.0 1.0 3.0 4.0 0.5 1.0 2.5 1.0 0.0 1.5 1.0 3.0 1.5 1.0 0.5 1.5 0.0 2.0 3.0 2.5 0.0 3.5 2.0 0.5 0.5 3.5 3.5 2.0 2.0 3.5 2.5 0.5 3.0 3.5 3.5 2.5 4.0 1.0 0.5 1.0 1.5 3.5 1.5 3.5 0.0 0.0 0.0 1.5 2.0 3.0 1.0 2.5 0.0 3.5 3.0 3.5 2.0 0.0 0.0 0.0 0.0 0.0 4.0 2.0 0.0 3.5 0.0 3.5 3.5 0.0 0.0 0.0 0.0 0.5
1785427891.08,111,2,15.00,40.813,25.12,250.05,0.1466,0.2287,0.0474,0.2248,0.0753,0.2869,0.1241,0.3084,0.0714,0.0850,0.2199,0.1237,0.1329,0.1256,4.0 1.0 2.5 3.0 3.0 4.0 1.0 2.0 2.5 0.5 4.0 2.0 4.0 3.5 1.0 0.5 3.5 0.5 3.0 3.5 2.0 3.0 3.5 3.0 3.5 4.0 2.5 3.0 0.5 0.5 2.0 4.0 3.5 4.0 4.0 0.5 0.5 2.5 3.5 0.0 1.0 0.5 1.0 3.5 3.0 2.0 0.0 1.5 2.5 4.0 4.0 0.0 2.5 2.5 0.0 1.0 3.0 4.0 0.5 1.0 2.5 1.0 0.0 1.5 1.0 3.0 1.5 1.0 0.5 1.5 0.0 2.0 3.0 2.5 0.0 3.5 2.0 0.5 0.5 3.5 3.5 2.0 2.0 3.5 2.5 0.5 3.0 3.5 3.5 2.5 4.0 1.0 0.5 1.0 1.5 3.5 1.5 3.5 0.0 0.0 0.0 1.5 2.0 3.0 1.0 2.5 0.0 3.5 3.0 3.5 2.0 0.0 0.0 0.0 0.0 0.0 4.0 2.0 0.0 3.5 0.0 3.5 3.5 0.0 0.0 0.0 0.0 0.5
1785427891.76,112,0,15.00,40.813,25.12,250.05,0.1388,0.2346,0.0396,0.1676,0.0909,0.2302,0.0582,0.1070,0.2243,0.2395,0.3231,0.0797,0.3265,0.0909,1.0 1.0 0.5 1.5 2.0 0.0 3.0 3.5 3.5 0.5 0.5 2.5 3.5 1.0 0.5 0.0 1.0 3.5 0.5 2.5 3.0 0.5 1.5 4.0 0.0 2.5 3.0 2.5 0.0 0.0 1.5 0.0 1.0 0.0 4.0 1.5 2.5 2.0 1.0 0.0 2.0 3.0 3.5 0.5 0.5 2.0 2.0 0.5 3.5 3.0 0.0 0.0 3.0 2.0 2.0 1.0 3.5 4.0 1.0 0.0 2.0 1.5 0.0 1.0 0.5 4.0 1.5 1.0 3.0 2.5 0.0 0.0 1.5 3.5 3.5 1.5 0.5 3.5 3.5 2.5 0.0 4.0 0.5 2.5 3.0 4.0 0.5 0.0 0.0 0.5 2.0 3.0 1.5 0.5 1.0 4.0 0.0 2.0 0.0 0.0 0.0 0.0 2.0 1.5 3.0 1.5 2.5 0.0 1.0 1.5 2.0 0.0 0.0 0.0 0.0 0.0 4.0 0.5 0.0 2.0 0.0 4.0 1.5 4.0 0.0 0.0 0.0 3.0
1785427891.86,112,1,15.00,40.813,25.12,250.05,0.1378,0.2366,0.0391,0.1706,0.0909,0.2336,0.0606,0.1041,0.2243,0.2395,0.3265,0.0792,0.3245,0.0875,1.0 1.0 0.5 1.5 2.0 0.0 3.0 3.5 3.5 0.5 0.5 2.5 3.5 1.0 0.5 0.0 1.0 3.5 0.5 2.5 3.0 0.5 1.5 4.0 0.0 2.5 3.0 2.5 0.0 0.0 1.5 0.0 1.0 0.0 4.0 1.5 2.5 2.0 1.0 0.0 2.0 3.0 3.5 0.5 0.5 2.0 2.0 0.5 3.5 3.0 0.0 0.0 3.0 2.0 2.0 1.0 3.5 4.0 1.0 0.0 2.0 1.5 0.0 1.0 0.5 4.0 1.5 1.0 3.0 2.5 0.0 0.0 1.5 3.5 3.5 1.5 0.5 3.5 3.5 2.5 0.0 4.0 0.5 2.5 3.0 4.0 0.5 0.0 0.0 0.5 2.0 3.0 1.5 0.5 1.0 4.0 0.0 2.0 0.0 0.0 0.0 0.0 2.0 1.5 3.0 1.5 2.5 0.0 1.0 1.5 2.0 0.0 0.0 0.0 0.0 0.0 4.0 0.5 0.0 2.0 0.0 4.0 1.5 4.0 0.0 0.0 0.0 3.0
1785427891.95,112,2,15.00,40.813,25.12,250.05,0.1373,0.2366,0.0415,0.1720,0.0890,0.2317,0.0572,0.1075,0.2278,0.2410,0.3250,0.0811,0.3260,0.0924,1.0 1.0 0.5 1.5 2.0 0.0 3.0 3.5 3.5 0.5 0.5 2.5 3.5 1.0 0.5 0.0 1.0 3.5 0.5 2.5 3.0 0.5 1.5 4.0 0.0 2.5 3.0 2.5 0.0 0.0 1.5 0.0 1.0 0.0 4.0 1.5 2.5 2.0 1.0 0.0 2.0 3.0 3.5 0.5 0.5 2.0 2.0 0.5 3.5 3.0 0.0 0.0 3.0 2.0 2.0 1.0 3.5 4.0 1.0 0.0 2.0 1.5 0.0 1.0 0.5 4.0 1.5 1.0 3.0 2.5 0.0 0.0 1.5 3.5 3.5 1.5 0.5 3.5 3.5 2.5 0.0 4.0 0.5 2.5 3.0 4.0 0.5 0.0 0.0 0.5 2.0 3.0 1.5 0.5 1.0 4.0 0.0 2.0 0.0 0.0 0.0 0.0 2.0 1.5 3.0 1.5 2.5 0.0 1.0 1.5 2.0 0.0 0.0 0.0 0.0 0.0 4.0 0.5 0.0 2.0 0.0 4.0 1.5 4.0 0.0 0.0 0.0 3.0
1785427892.64,113,0,15.00,40.773,25.12,250.05,0.1315,0.2268,0.0406,0.1080,0.0841,0.2209,0.0508,0.0679,0.3152,0.2351,0.2439,0.1046,0.2781,0.0929,3.0 3.0 2.5 3.0 0.5 2.5 2.5 0.0 3.5 0.0 1.0 3.5 3.5 3.5 2.0 1.5 1.0 4.0 1.0 2.5 3.5 3.0 3.5 2.0 1.0 1.5 2.0 1.5 3.5 1.0 0.0 1.0 3.5 4.0 2.5 0.5 3.0 1.5 2.5 0.0 2.0 1.5 2.0 3.5 0.5 4.0 1.5 4.0 2.0 2.0 1.5 0.0 0.5 0.0 1.5 0.0 1.0 3.5 2.5 0.5 0.0 1.5 0.0 0.5 4.0 1.5 1.5 3.0 1.0 0.5 0.5 1.0 2.0 3.0 2.5 0.0 2.5 2.5 2.0 3.5 0.0 3.0 2.0 3.5 0.5 3.5 3.0 0.0 4.0 0.0 3.5 3.5 0.0 3.0 1.5 1.0 1.0 0.5 0.0 0.0 0.0 0.0 3.5 4.0 2.0 1.0 2.5 0.5 3.0 2.5 3.0 0.0 0.0 0.0 0.0 0.0 0.5 0.5 0.0 1.0 0.0 4.0 0.0 2.5 0.0 0.0 0.0 2.5
1785427892.74,113,1,15.00,40.773,25.12,250.05,0.1325,0.2253,0.0406,0.1109,0.0831,0.2185,0.0523,0.0640,0.3167,0.2331,0.2419,0.1022,0.2786,0.0919,3.0 3.0 2.5 3.0 0.5 2.5 2.5 0.0 3.5 0.0 1.0 3.5 3.5 3.5 2.0 1.5 1.0 4.0 1.0 2.5 3.5 3.0 3.5 2.0 1.0 1.5 2.0 1.5 3.5 1.0 0.0 1.0 3.5 4.0 2.5 0.5 3.0 1.5 2.5 0.0 2.0 1.5 2.0 3.5 0.5 4.0 1.5 4.0 2.0 2.0 1.5 0.0 0.5 0.0 1.5 0.0 1.0 3.5 2.5 0.5 0.0 1.5 0.0 0.5 4.0 1.5 1.5 3.0 1.0 0.5 0.5 1.0 2.0 3.0 2.5 0.0 2.5 2.5 2.0 3.5 0.0 3.0 2.0 3.5 0.5 3.5 3.0 0.0 4.0 0.0 3.5 3.5 0.0 3.0 1.5 1.0 1.0 0.5 0.0 0.0 0.0 0.0 3.5 4.0 2.0 1.0 2.5 0.5 3.0 2.5 3.0 0.0 0.0 0.0 0.0 0.0 0.5 0.5 0.0 1.0 0.0 4.0 0.0 2.5 0.0 0.0 0.0 2.5
1785427892.83,113,2,15.00,40.773,25.12,250.05,0.1334,0.2273,0.0381,0.1129,0.0860,0.2195,0.0518,0.0635,0.3123,0.2326,0.2375,0.1061,0.2747,0.0943,3.0 3.0 2.5 3.0 0.5 2.5 2.5 0.0 3.5 0.0 1.0 3.5 3.5 3.5 2.0 1.5 1.0 4.0 1.0 2.5 3.5 3.0 3.5 2.0 1.0 1.5 2.0 1.5 3.5 1.0 0.0 1.0 3.5 4.0 2.5 0.5 3.0 1.5 2.5 0.0 2.0 1.5 2.0 3.5 0.5 4.0 1.5 4.0 2.0 2.0 1.5 0.0 0.5 0.0 1.5 0.0 1.0 3.5 2.5 0.5 0.0 1.5 0.0 0.5 4.0 1.5 1.5 3.0 1.0 0.5 0.5 1.0 2.0 3.0 2.5 0.0 2.5 2.5 2.0 3.5 0.0 3.0 2.0 3.5 0.5 3.5 3.0 0.0 4.0 0.0 3.5 3.5 0.0 3.0 1.5 1.0 1.0 0.5 0.0 0.0 0.0 0.0 3.5 4.0 2.0 1.0 2.5 0.5 3.0 2.5 3.0 0.0 0.0 0.0 0.0 0.0 0.5 0.5 0.0 1.0 0.0 4.0 0.0 2.5 0.0 0.0 0.0 2.5
1785427893.51,114,0,15.00,40.813,25.11,250.05,0.1476,0.2498,0.0455,0.1593,0.0489,0.2317,0.0445,0.0445,0.2023,0.0523,0.1813,0.0464,0.2424,0.1266,0.5 3.0 0.5 3.0 0.0 1.0 0.5 2.5 2.5 4.0 0.5 1.0 4.0 0.5 2.0 3.5 4.0 1.0 3.0 4.0 1.0 3.5 0.5 0.5 3.0 0.0 2.5 3.5 3.0 2.0 1.0 0.0 0.5 3.5 2.0 0.0 3.5 3.0 4.0 0.0 2.0 2.0 2.0 3.0 3.5 1.0 2.5 2.5 2.5 3.5 3.5 0.0 2.5 4.0 3.0 2.5 4.0 4.0 2.0 2.0 0.0 0.0 0.0 1.0 0.0 1.5 0.0 0.0 4.0 2.5 0.5 1.5 0.0 3.5 4.0 1.5 1.5 2.5 4.0 3.0 2.5 2.5 1.0 0.0 2.0 1.0 1.5 3.0 4.0 1.5 1.5 2.5 2.0 2.0 0.0 4.0 0.0 1.5 0.0 0.0 0.0 2.0 2.5 1.0 3.5 1.5 1.5 1.5 0.5 3.0 0.5 0.0 0.0 0.0 0.0 0.0 0.5 3.0 0.0 4.0 0.0 1.0 0.0 0.5 0.0 0.0 0.0 1.0
1785427893.61,114,1,15.00,40.813,25.11,250.05,0.1417,0.2473,0.0401,0.1603,0.0430,0.2297,0.0450,0.0489,0.2004,0.0513,0.1774,0.0489,0.2424,0.1227,0.5 3.0 0.5 3.0 0.0 1.0 0.5 2.5 2.5 4.0 0.5 1.0 4.0 0.5 2.0 3.5 4.0 1.0 3.0 4.0 1.0 3.5 0.5 0.5 3.0 0.0 2.5 3.5 3.0 2.0 1.0 0.0 0.5 3.5 2.0 0.0 3.5 3.0 4.0 0.0 2.0 2.0 2.0 3.0 3.5 1.0 2.5 2.5 2.5 3.5 3.5 0.0 2.5 4.0 3.0 2.5 4.0 4.0 2.0 2.0 0.0 0.0 0.0 1.0 0.0 1.5 0.0 0.0 4.0 2.5 0.5 1.5 0.0 3.5 4.0 1.5 1.5 2.5 4.0 3.0 2.5 2.5 1.0 0.0 2.0 1.0 1.5 3.0 4.0 1.5 1.5 2.5 2.0 2.0 0.0 4.0 0.0 1.5 0.0 0.0 0.0 2.0 2.5 1.0 3.5 1.5 1.5 1.5 0.5 3.0 0.5 0.0 0.0 0.0 0.0 0.0 0.5 3.0 0.0 4.0 0.0 1.0 0.0 0.5 0.0 0.0 0.0 1.0
1785427893.71,114,2,15.00,40.813,25.11,250.05,0.1457,0.2449,0.0425,0.1613,0.0440,0.2283,0.0415,0.0508,0.2014,0.0538,0.1764,0.0484,0.2414,0.1261,0.5 3.0 0.5 3.0 0.0 1.0 0.5 2.5 2.5 4.0 0.5 1.0 4.0 0.5 2.0 3.5 4.0 1.0 3.0 4.0 1.0 3.5 0.5 0.5 3.0 0.0 2.5 3.5 3.0 2.0 1.0 0.0 0.5 3.5 2.0 0.0 3.5 3.0 4.0 0.0 2.0 2.0 2.0 3.0 3.5 1.0 2.5 2.5 2.5 3.5 3.5 0.0 2.5 4.0 3.0 2.5 4.0 4.0 2.0 2.0 0.0 0.0 0.0 1.0 0.0 1.5 0.0 0.0 4.0 2.5 0.5 1.5 0.0 3.5 4.0 1.5 1.5 2.5 4.0 3.0 2.5 2.5 1.0 0.0 2.0 1.0 1.5 3.0 4.0 1.5 1.5 2.5 2.0 2.0 0.0 4.0 0.0 1.5 0.0 0.0 0.0 2.0 2.5 1.0 3.5 1.5 1.5 1.5 0.5 3.0 0.5 0.0 0.0 0.0 0.0 0.0 0.5 3.0 0.0 4.0 0.0 1.0 0.0 0.5 0.0 0.0 0.0 1.0
1785427894.39,115,0,15.00,40.873,25.11,250.05,0.1427,0.2370,0.0420,0.1662,0.0445,0.2351,0.0430,0.0440,0.3016,0.0963,0.2717,0.0415,0.3152,0.1012,0.0 0.5 2.0 1.5 0.5 0.0 3.0 0.5 4.0 1.5 0.5 0.0 4.0 4.0 0.0 0.5 1.0 1.0 3.0 4.0 2.5 1.5 1.0 2.0 2.0 3.5 0.0 2.0 1.5 1.0 0.5 3.0 2.5 0.5 0.5 3.5 0.5 1.5 0.5 0.0 2.0 2.0 3.0 2.5 0.5 2.5 3.5 3.0 0.5 2.0 1.0 0.0 1.0 1.5 3.5 0.0 0.5 1.5 2.5 0.0 2.5 0.0 0.0 0.5 2.0 1.0 4.0 3.0 2.0 4.0 3.5 4.0 1.5 3.5 2.0 0.5 0.0 1.0 2.5 3.0 0.0 1.0 3.0 0.0 3.0 4.0 3.0 3.5 0.0 2.5 1.5 3.0 1.0 3.5 3.5 2.0 3.0 1.0 0.0 0.0 0.0 1.0 2.0 2.5 1.5 0.5 2.5 1.0 2.5 0.5 4.0 0.0 0.0 0.0 0.0 0.0 0.0 0.0 0.0 3.0 0.0 4.0 2.5 3.5 0.0 0.0 0.0 2.0
1785427894.49,115,1,15.00,40.873,25.11,250.05,0.1408,0.2336,0.0420,0.1676,0.0430,0.2336,0.0440,0.0494,0.3006,0.0987,0.2688,0.0445,0.3172,0.0982,0.0 0.5 2.0 1.5 0.5 0.0 3.0 0.5 4.0 1.5 0.5 0.0 4.0 4.0 0.0 0.5 1.0 1.0 3.0 4.0 2.5 1.5 1.0 2.0 2.0 3.5 0.0 2.0 1.5 1.0 0.5 3.0 2.5 0.5 0.5 3.5 0.5 1.5 0.5 0.0 2.0 2.0 3.0 2.5 0.5 2.5 3.5 3.0 0.5 2.0 1.0 0.0 1.0 1.5 3.5 0.0 0.5 1.5 2.5 0.0 2.5 0.0 0.0 0.5 2.0 1.0 4.0 3.0 2.0 4.0 3.5 4.0 1.5 3.5 2.0 0.5 0.0 1.0 2.5 3.0 0.0 1.0 3.0 0.0 3.0 4.0 3.0 3.5 0.0 2.5 1.5 3.0 1.0 3.5 3.5 2.0 3.0 1.0 0.0 0.0 0.0 1.0 2.0 2.5 1.5 0.5 2.5 1.0 2.5 0.5 4.0 0.0 0.0 0.0 0.0 0.0 0.0 0.0 0.0 3.0 0.0 4.0 2.5 3.5 0.0 0.0 0.0 2.0
1785427894.59,115,2,15.00,40.873,25.11,250.05,0.1417,0.2326,0.0415,0.1676,0.0445,0.2366,0.0445,0.0479,0.3069,0.0982,0.2674,0.0430,0.3216,0.0953,0.0 0.5 2.0 1.5 0.5 0.0 3.0 0.5 4.0 1.5 0.5 0.0 4.0 4.0 0.0 0.5 1.0 1.0 3.0 4.0 2.5 1.5 1.0 2.0 2.0 3.5 0.0 2.0 1.5 1.0 0.5 3.0 2.5 0.5 0.5 3.5 0.5 1.5 0.5 0.0 2.0 2.0 3.0 2.5 0.5 2.5 3.5 3.0 0.5 2.0 1.0 0.0 1.0 1.5 3.5 0.0 0.5 1.5 2.5 0.0 2.5 0.0 0.0 0.5 2.0 1.0 4.0 3.0 2.0 4.0 3.5 4.0 1.5 3.5 2.0 0.5 0.0 1.0 2.5 3.0 0.0 1.0 3.0 0.0 3.0 4.0 3.0 3.5 0.0 2.5 1.5 3.0 1.0 3.5 3.5 2.0 3.0 1.0 0.0 0.0 0.0 1.0 2.0 2.5 1.5 0.5 2.5 1.0 2.5 0.5 4.0 0.0 0.0 0.0 0.0 0.0 0.0 0.0 0.0 3.0 0.0 4.0 2.5 3.5 0.0 0.0 0.0 2.0
1785427895.27,116,0,15.00,40.753,25.11,250.05,0.1486,0.2356,0.0464,0.1427,0.0489,0.2610,0.1745,0.0528,0.2454,0.2424,0.2639,0.0743,0.3152,0.1017,1.0 3.0 2.0 2.0 1.5 3.5 4.0 3.5 1.0 1.0 3.0 0.0 3.0 2.5 1.0 0.0 3.5 1.0 3.0 3.5 2.0 0.0 3.0 0.5 0.0 2.0 0.5 3.5 4.0 2.5 1.5 2.5 1.0 1.5 3.5 2.0 4.0 1.5 1.5 0.0 3.5 0.0 1.0 2.5 0.5 0.5 2.5 2.0 3.0 2.0 0.0 0.0 4.0 3.0 0.0 3.5 2.0 0.0 0.5 2.0 1.0 0.5 0.0 3.5 1.0 3.0 1.5 1.5 4.0 2.0 2.0 2.0 0.0 3.0 3.0 2.5 2.0 2.0 0.0 1.0 3.5 2.0 2.0 2.0 1.5 1.5 2.0 3.5 1.5 1.5 3.5 0.0 2.0 1.0 3.0 0.5 2.5 2.0 0.0 0.0 0.0 4.0 4.0 0.0 3.0 0.5 0.5 2.5 0.5 0.0 0.0 0.0 0.0 0.0 0.0 0.0 4.0 0.0 0.0 1.0 0.0 4.0 1.0 3.0 0.0 0.0 0.0 4.0
1785427895.36,116,1,15.00,40.753,25.11,250.05,0.1471,0.2366,0.0450,0.1378,0.0508,0.2634,0.1701,0.0523,0.2434,0.2444,0.2654,0.0718,0.3118,0.1017,1.0 3.0 2.0 2.0 1.5 3.5 4.0 3.5 1.0 1.0 3.0 0.0 3.0 2.5 1.0 0.0 3.5 1.0 3.0 3.5 2.0 0.0 3.0 0.5 0.0 2.0 0.5 3.5 4.0 2.5 1.5 2.5 1.0 1.5 3.5 2.0 4.0 1.5 1.5 0.0 3.5 0.0 1.0 2.5 0.5 0.5 2.5 2.0 3.0 2.0 0.0 0.0 4.0 3.0 0.0 3.5 2.0 0.0 0.5 2.0 1.0 0.5 0.0 3.5 1.0 3.0 1.5 1.5 4.0 2.0 2.0 2.0 0.0 3.0 3.0 2.5 2.0 2.0 0.0 1.0 3.5 2.0 2.0 2.0 1.5 1.5 2.0 3.5 1.5 1.5 3.5 0.0 2.0 1.0 3.0 0.5 2.5 2.0 0.0 0.0 0.0 4.0 4.0 0.0 3.0 0.5 0.5 2.5 0.5 0.0 0.0 0.0 0.0 0.0 0.0 0.0 4.0 0.0 0.0 1.0 0.0 4.0 1.0 3.0 0.0 0.0 0.0 4.0
1785427895.46,116,2,15.00,40.753,25.11,250.05,0.1466,0.2351,0.0499,0.1398,0.0484,0.2649,0.1735,0.0508,0.2405,0.2444,0.2664,0.0767,0.3133,0.1017,1.0 3.0 2.0 2.0 1.5 3.5 4.0 3.5 1.0 1.0 3.0 0.0 3.0 2.5 1.0 0.0 3.5 1.0 3.0 3.5 2.0 0.0 3.0 0.5 0.0 2.0 0.5 3.5 4.0 2.5 1.5 2.5 1.0 1.5 3.5 2.0 4.0 1.5 1.5 0.0 3.5 0.0 1.0 2.5 0.5 0.5 2.5 2.0 3.0 2.0 0.0 0.0 4.0 3.0 0.0 3.5 2.0 0.0 0.5 2.0 1.0 0.5 0.0 3.5 1.0 3.0 1.5 1.5 4.0 2.0 2.0 2.0 0.0 3.0 3.0 2.5 2.0 2.0 0.0 1.0 3.5 2.0 2.0 2.0 1.5 1.5 2.0 3.5 1.5 1.5 3.5 0.0 2.0 1.0 3.0 0.5 2.5 2.0 0.0 0.0 0.0 4.0 4.0 0.0 3.0 0.5 0.5 2.5 0.5 0.0 0.0 0.0 0.0 0.0 0.0 0.0 4.0 0.0 0.0 1.0 0.0 4.0 1.0 3.0 0.0 0.0 0.0 4.0
1785427896.14,117,0,15.00,40.773,25.11,250.05,0.1510,0.2586,0.0435,0.1740,0.0645,0.2581,0.0420,0.0577,0.1882,0.0934,0.1588,0.0396,0.2385,0.1285,0.5 3.0 4.0 0.0 1.0 2.0 0.0 1.5 0.5 1.0 0.5 0.0 0.5 2.0 2.5 0.5 1.5 3.5 3.5 3.5 2.0 2.5 1.0 0.5 3.0 1.5 2.0 1.0 4.0 2.5 1.5 1.5 3.5 1.0 0.5 2.5 1.5 1.0 3.5 0.0 1.0 2.0 2.5 4.0 1.5 1.5 1.0 0.5 0.0 2.0 0.0 0.0 1.0 3.5 2.0 0.0 4.0 1.5 1.0 1.5 4.0 3.0 0.0 2.5 1.5 0.5 1.5 3.0 1.5 2.5 0.0 3.0 3.0 3.0 0.5 3.5 4.0 0.0 3.0 1.5 3.5 0.5 1.0 0.5 2.0 1.5 2.5 2.0 3.5 2.0 1.0 4.0 0.0 3.5 2.0 0.0 1.5 0.5 0.0 0.0 0.0 2.0 1.0 3.5 0.5 0.0 3.0 2.5 3.0 1.5 4.0 0.0 0.0 0.0 0.0 0.0 2.5 4.0 0.0 3.5 0.0 2.0 1.0 1.0 0.0 0.0 0.0 0.0
1785427896.24,117,1,15.00,40.773,25.11,250.05,0.1515,0.2566,0.0411,0.1735,0.0645,0.2590,0.0450,0.0616,0.1935,0.0890,0.1657,0.0425,0.2410,0.1241,0.5 3.0 4.0 0.0 1.0 2.0 0.0 1.5 0.5 1.0 0.5 0.0 0.5 2.0 2.5 0.5 1.5 3.5 3.5 3.5 2.0 2.5 1.0 0.5 3.0 1.5 2.0 1.0 4.0 2.5 1.5 1.5 3.5 1.0 0.5 2.5 1.5 1.0 3.5 0.0 1.0 2.0 2.5 4.0 1.5 1.5 1.0 0.5 0.0 2.0 0.0 0.0 1.0 3.5 2.0 0.0 4.0 1.5 1.0 1.5 4.0 3.0 0.0 2.5 1.5 0.5 1.5 3.0 1.5 2.5 0.0 3.0 3.0 3.0 0.5 3.5 4.0 0.0 3.0 1.5 3.5 0.5 1.0 0.5 2.0 1.5 2.5 2.0 3.5 2.0 1.0 4.0 0.0 3.5 2.0 0.0 1.5 0.5 0.0 0.0 0.0 2.0 1.0 3.5 0.5 0.0 3.0 2.5 3.0 1.5 4.0 0.0 0.0 0.0 0.0 0.0 2.5 4.0 0.0 3.5 0.0 2.0 1.0 1.0 0.0 0.0 0.0 0.0
1785427896.34,117,2,15.00,40.773,25.11,250.05,0.1481,0.2576,0.0396,0.1701,0.0616,0.2586,0.0450,0.0601,0.1926,0.0948,0.1686,0.0411,0.2424,0.1266,0.5 3.0 4.0 0.0 1.0 2.0 0.0 1.5 0.5 1.0 0.5 0.0 0.5 2.0 2.5 0.5 1.5 3.5 3.5 3.5 2.0 2.5 1.0 0.5 3.0 1.5 2.0 1.0 4.0 2.5 1.5 1.5 3.5 1.0 0.5 2.5 1.5 1.0 3.5 0.0 1.0 2.0 2.5 4.0 1.5 1.5 1.0 0.5 0.0 2.0 0.0 0.0 1.0 3.5 2.0 0.0 4.0 1.5 1.0 1.5 4.0 3.0 0.0 2.5 1.5 0.5 1.5 3.0 1.5 2.5 0.0 3.0 3.0 3.0 0.5 3.5 4.0 0.0 3.0 1.5 3.5 0.5 1.0 0.5 2.0 1.5 2.5 2.0 3.5 2.0 1.0 4.0 0.0 3.5 2.0 0.0 1.5 0.5 0.0 0.0 0.0 2.0 1.0 3.5 0.5 0.0 3.0 2.5 3.0 1.5 4.0 0.0 0.0 0.0 0.0 0.0 2.5 4.0 0.0 3.5 0.0 2.0 1.0 1.0 0.0 0.0 0.0 0.0
1785427897.02,118,0,15.00,40.773,25.11,250.05,0.1525,0.2507,0.0459,0.1232,0.1193,0.2634,0.0596,0.0655,0.2458,0.2576,0.3548,0.1085,0.3016,0.1251,1.5 1.5 3.0 2.0 2.0 3.0 4.0 3.5 2.5 0.5 3.5 0.0 4.0 4.0 1.5 4.0 3.0 1.0 1.0 0.0 1.0 2.5 2.0 3.0 2.0 2.0 2.5 1.0 3.5 0.5 1.0 3.0 1.5 1.5 4.0 0.5 4.0 0.5 0.0 0.0 4.0 1.0 2.0 0.5 3.5 2.0 3.5 2.5 1.0 2.0 3.0 0.0 3.0 3.5 2.5 3.0 0.0 1.5 2.0 4.0 0.5 2.5 0.0 2.5 3.5 3.5 2.0 3.5 1.0 0.0 1.5 3.0 1.0 1.5 3.0 1.0 4.0 1.5 0.0 2.0 1.0 2.5 1.0 4.0 0.5 2.0 3.0 2.0 0.0 0.5 0.5 2.5 2.5 3.5 4.0 2.5 2.5 3.5 0.0 0.0 0.0 3.5 1.0 3.0 0.5 4.0 1.0 3.5 3.0 3.0 1.5 0.0 0.0 0.0 0.0 0.0 0.5 4.0 0.0 2.5 0.0 0.0 3.0 1.5 0.0 0.0 0.0 3.5
1785427897.12,118,1,15.00,40.773,25.11,250.05,0.1535,0.2458,0.0494,0.1261,0.1212,0.2674,0.0606,0.0635,0.2488,0.2576,0.3548,0.1114,0.3011,0.1173,1.5 1.5 3.0 2.0 2.0 3.0 4.0 3.5 2.5 0.5 3.5 0.0 4.0 4.0 1.5 4.0 3.0 1.0 1.0 0.0 1.0 2.5 2.0 3.0 2.0 2.0 2.5 1.0 3.5 0.5 1.0 3.0 1.5 1.5 4.0 0.5 4.0 0.5 0.0 0.0 4.0 1.0 2.0 0.5 3.5 2.0 3.5 2.5 1.0 2.0 3.0 0.0 3.0 3.5 2.5 3.0 0.0 1.5 2.0 4.0 0.5 2.5 0.0 2.5 3.5 3.5 2.0 3.5 1.0 0.0 1.5 3.0 1.0 1.5 3.0 1.0 4.0 1.5 0.0 2.0 1.0 2.5 1.0 4.0 0.5 2.0 3.0 2.0 0.0 0.5 0.5 2.5 2.5 3.5 4.0 2.5 2.5 3.5 0.0 0.0 0.0 3.5 1.0 3.0 0.5 4.0 1.0 3.5 3.0 3.0 1.5 0.0 0.0 0.0 0.0 0.0 0.5 4.0 0.0 2.5 0.0 0.0 3.0 1.5 0.0 0.0 0.0 3.5
1785427897.22,118,2,15.00,40.773,25.11,250.05,0.1398,0.2571,0.0552,0.1334,0.1237,0.2512,0.0753,0.0728,0.2454,0.2444,0.3514,0.1173,0.2991,0.1310,1.5 1.5 3.0 2.0 2.0 3.0 4.0 3.5 2.5 0.5 3.5 0.0 4.0 4.0 1.5 4.0 3.0 1.0 1.0 0.0 1.0 2.5 2.0 3.0 2.0 2.0 2.5 1.0 3.5 0.5 1.0 3.0 1.5 1.5 4.0 0.5 4.0 0.5 0.0 0.0 4.0 1.0 2.0 0.5 3.5 2.0 3.5 2.5 1.0 2.0 3.0 0.0 3.0 3.5 2.5 3.0 0.0 1.5 2.0 4.0 0.5 2.5 0.0 2.5 3.5 3.5 2.0 3.5 1.0 0.0 1.5 3.0 1.0 1.5 3.0 1.0 4.0 1.5 0.0 2.0 1.0 2.5 1.0 4.0 0.5 2.0 3.0 2.0 0.0 0.5 0.5 2.5 2.5 3.5 4.0 2.5 2.5 3.5 0.0 0.0 0.0 3.5 1.0 3.0 0.5 4.0 1.0 3.5 3.0 3.0 1.5 0.0 0.0 0.0 0.0 0.0 0.5 4.0 0.0 2.5 0.0 0.0 3.0 1.5 0.0 0.0 0.0 3.5
1785427897.89,119,0,15.00,40.813,25.11,250.05,0.1281,0.2175,0.0479,0.2493,0.1061,0.2752,0.1701,0.1427,0.0694,0.0704,0.0489,0.0626,0.0386,0.1070,0.0 3.5 3.5 2.0 0.5 1.0 2.0 1.5 3.5 2.5 4.0 2.0 0.0 2.5 3.0 4.0 3.0 4.0 3.5 3.5 2.0 3.0 1.5 1.5 2.0 3.5 4.0 1.5 0.0 2.5 3.0 4.0 1.0 2.5 2.0 1.5 2.0 0.5 0.0 0.0 3.0 3.5 1.5 2.0 0.5 3.0 1.5 0.0 3.5 3.0 4.0 0.0 0.0 4.0 1.0 0.0 4.0 1.5 3.5 1.0 2.5 3.0 0.0 3.0 0.5 3.0 0.5 2.5 3.5 2.0 2.0 2.0 3.5 2.0 3.0 4.0 1.5 1.5 3.5 2.0 4.0 0.5 4.0 0.0 1.5 1.5 4.0 0.5 2.0 2.5 0.0 1.5 1.5 3.5 3.5 0.5 2.0 1.0 0.0 0.0 0.0 0.0 3.5 2.5 0.0 1.5 1.0 3.5 0.0 1.5 1.0 0.0 0.0 0.0 0.0 0.0 2.5 2.0 0.0 1.0 0.0 2.5 1.0 0.5 0.0 0.0 0.0 0.0
1785427897.99,119,1,15.00,40.813,25.11,250.05,0.1329,0.2043,0.0508,0.2478,0.1046,0.2674,0.1716,0.1422,0.0694,0.0626,0.0474,0.0518,0.0381,0.1075,0.0 3.5 3.5 2.0 0.5 1.0 2.0 1.5 3.5 2.5 4.0 2.0 0.0 2.5 3.0 4.0 3.0 4.0 3.5 3.5 2.0 3.0 1.5 1.5 2.0 3.5 4.0 1.5 0.0 2.5 3.0 4.0 1.0 2.5 2.0 1.5 2.0 0.5 0.0 0.0 3.0 3.5 1.5 2.0 0.5 3.0 1.5 0.0 3.5 3.0 4.0 0.0 0.0 4.0 1.0 0.0 4.0 1.5 3.5 1.0 2.5 3.0 0.0 3.0 0.5 3.0 0.5 2.5 3.5 2.0 2.0 2.0 3.5 2.0 3.0 4.0 1.5 1.5 3.5 2.0 4.0 0.5 4.0 0.0 1.5 1.5 4.0 0.5 2.0 2.5 0.0 1.5 1.5 3.5 3.5 0.5 2.0 1.0 0.0 0.0 0.0 0.0 3.5 2.5 0.0 1.5 1.0 3.5 0.0 1.5 1.0 0.0 0.0 0.0 0.0 0.0 2.5 2.0 0.0 1.0 0.0 2.5 1.0 0.5 0.0 0.0 0.0 0.0
1785427898.09,119,2,15.00,40.813,25.11,250.05,0.1271,0.2136,0.0420,0.2517,0.1056,0.2761,0.1642,0.1403,0.0748,0.0665,0.0543,0.0503,0.0499,0.1051,0.0 3.5 3.5 2.0 0.5 1.0 2.0 1.5 3.5 2.5 4.0 2.0 0.0 2.5 3.0 4.0 3.0 4.0 3.5 3.5 2.0 3.0 1.5 1.5 2.0 3.5 4.0 1.5 0.0 2.5 3.0 4.0 1.0 2.5 2.0 1.5 2.0 0.5 0.0 0.0 3.0 3.5 1.5 2.0 0.5 3.0 1.5 0.0 3.5 3.0 4.0 0.0 0.0 4.0 1.0 0.0 4.0 1.5 3.5 1.0 2.5 3.0 0.0 3.0 0.5 3.0 0.5 2.5 3.5 2.0 2.0 2.0 3.5 2.0 3.0 4.0 1.5 1.5 3.5 2.0 4.0 0.5 4.0 0.0 1.5 1.5 4.0 0.5 2.0 2.5 0.0 1.5 1.5 3.5 3.5 0.5 2.0 1.0 0.0 0.0 0.0 0.0 3.5 2.5 0.0 1.5 1.0 3.5 0.0 1.5 1.0 0.0 0.0 0.0 0.0 0.0 2.5 2.0 0.0 1.0 0.0 2.5 1.0 0.5 0.0 0.0 0.0 0.0
1785427898.77,120,0,15.00,40.813,25.11,250.05,0.1432,0.2273,0.0401,0.2009,0.0567,0.1970,0.0523,0.0753,0.2845,0.0787,0.3343,0.0430,0.3270,0.1007,4.0 0.0 1.5 0.5 3.5 0.0 3.0 1.5 2.0 3.0 2.5 0.5 1.5 3.5 2.0 0.5 0.5 2.0 4.0 0.5 4.0 1.5 3.5 0.0 2.0 0.5 0.0 4.0 0.0 2.5 1.5 4.0 2.0 1.5 4.0 1.5 0.5 1.0 0.0 0.0 0.0 4.0 2.0 4.0 3.0 3.0 2.5 3.0 1.5 2.5 0.5 0.0 1.5 3.0 3.5 3.0 4.0 1.5 3.0 0.5 2.5 3.5 0.0 3.0 4.0 1.0 2.5 1.0 2.0 0.0 4.0 1.5 1.0 3.5 2.0 1.5 4.0 3.5 0.5 0.0 3.0 2.5 2.0 1.5 3.0 0.5 4.0 3.5 2.5 2.0 3.0 2.5 1.5 0.0 1.0 0.0 2.5 4.0 0.0 0.0 0.0 0.5 0.0 3.0 2.0 2.0 1.5 0.0 4.0 1.0 1.0 0.0 0.0 0.0 0.0 0.0 4.0 1.0 0.0 4.0 0.0 3.5 2.5 0.5 0.0 0.0 0.0 1.5
1785427898.87,120,1,15.00,40.813,25.11,250.05,0.1403,0.2268,0.0420,0.2023,0.0494,0.1970,0.0523,0.0777,0.2840,0.0733,0.3314,0.0425,0.3358,0.0992,4.0 0.0 1.5 0.5 3.5 0.0 3.0 1.5 2.0 3.0 2.5 0.5 1.5 3.5 2.0 0.5 0.5 2.0 4.0 0.5 4.0 1.5 3.5 0.0 2.0 0.5 0.0 4.0 0.0 2.5 1.5 4.0 2.0 1.5 4.0 1.5 0.5 1.0 0.0 0.0 0.0 4.0 2.0 4.0 3.0 3.0 2.5 3.0 1.5 2.5 0.5 0.0 1.5 3.0 3.5 3.0 4.0 1.5 3.0 0.5 2.5 3.5 0.0 3.0 4.0 1.0 2.5 1.0 2.0 0.0 4.0 1.5 1.0 3.5 2.0 1.5 4.0 3.5 0.5 0.0 3.0 2.5 2.0 1.5 3.0 0.5 4.0 3.5 2.5 2.0 3.0 2.5 1.5 0.0 1.0 0.0 2.5 4.0 0.0 0.0 0.0 0.5 0.0 3.0 2.0 2.0 1.5 0.0 4.0 1.0 1.0 0.0 0.0 0.0 0.0 0.0 4.0 1.0 0.0 4.0 0.0 3.5 2.5 0.5 0.0 0.0 0.0 1.5
1785427898.97,120,2,15.00,40.813,25.11,250.05,0.1403,0.2234,0.0474,0.1970,0.0557,0.1940,0.0533,0.0743,0.2820,0.0748,0.3280,0.0445,0.3304,0.1031,4.0 0.0 1.5 0.5 3.5 0.0 3.0 1.5 2.0 3.0 2.5 0.5 1.5 3.5 2.0 0.5 0.5 2.0 4.0 0.5 4.0 1.5 3.5 0.0 2.0 0.5 0.0 4.0 0.0 2.5 1.5 4.0 2.0 1.5 4.0 1.5 0.5 1.0 0.0 0.0 0.0 4.0 2.0 4.0 3.0 3.0 2.5 3.0 1.5 2.5 0.5 0.0 1.5 3.0 3.5 3.0 4.0 1.5 3.0 0.5 2.5 3.5 0.0 3.0 4.0 1.0 2.5 1.0 2.0 0.0 4.0 1.5 1.0 3.5 2.0 1.5 4.0 3.5 0.5 0.0 3.0 2.5 2.0 1.5 3.0 0.5 4.0 3.5 2.5 2.0 3.0 2.5 1.5 0.0 1.0 0.0 2.5 4.0 0.0 0.0 0.0 0.5 0.0 3.0 2.0 2.0 1.5 0.0 4.0 1.0 1.0 0.0 0.0 0.0 0.0 0.0 4.0 1.0 0.0 4.0 0.0 3.5 2.5 0.5 0.0 0.0 0.0 1.5
1785427899.65,121,0,15.00,40.773,25.11,250.05,0.1325,0.2395,0.0362,0.2864,0.2405,0.2092,0.0728,0.1544,0.2835,0.2214,0.0841,0.0411,0.1838,0.1139,0.0 3.0 0.0 0.0 0.0 3.0 0.5 2.0 1.0 3.0 2.0 4.0 3.0 3.0 0.5 4.0 0.5 1.5 0.0 4.0 3.0 4.0 3.0 4.0 3.0 0.0 2.5 0.0 1.5 3.5 0.0 3.5 4.0 0.0 2.0 0.0 0.5 3.5 2.5 0.0 1.0 3.5 1.5 3.0 1.5 1.5 0.0 3.0 2.0 2.5 0.5 0.0 4.0 2.5 2.0 0.0 0.5 4.0 2.5 3.5 0.5 3.0 0.0 2.0 0.0 3.0 2.0 3.0 1.0 1.5 1.5 1.5 2.5 4.0 3.0 2.5 2.5 2.0 0.5 3.0 0.5 1.5 2.5 1.0 1.0 0.0 2.5 3.0 0.5 0.0 3.5 1.0 2.0 1.0 2.0 3.0 3.0 0.0 0.0 0.0 0.0 2.5 2.0 3.5 1.5 0.5 0.5 3.5 0.0 3.5 3.0 0.0 0.0 0.0 0.0 0.0 0.5 1.5 0.0 0.0 0.0 1.5 0.5 0.0 0.0 0.0 0.0 2.0
1785427899.75,121,1,15.00,40.773,25.11,250.05,0.1413,0.2483,0.0469,0.2879,0.2258,0.2160,0.0723,0.1667,0.2805,0.2214,0.0992,0.0391,0.1862,0.0929,0.0 3.0 0.0 0.0 0.0 3.0 0.5 2.0 1.0 3.0 2.0 4.0 3.0 3.0 0.5 4.0 0.5 1.5 0.0 4.0 3.0 4.0 3.0 4.0 3.0 0.0 2.5 0.0 1.5 3.5 0.0 3.5 4.0 0.0 2.0 0.0 0.5 3.5 2.5 0.0 1.0 3.5 1.5 3.0 1.5 1.5 0.0 3.0 2.0 2.5 0.5 0.0 4.0 2.5 2.0 0.0 0.5 4.0 2.5 3.5 0.5 3.0 0.0 2.0 0.0 3.0 2.0 3.0 1.0 1.5 1.5 1.5 2.5 4.0 3.0 2.5 2.5 2.0 0.5 3.0 0.5 1.5 2.5 1.0 1.0 0.0 2.5 3.0 0.5 0.0 3.5 1.0 2.0 1.0 2.0 3.0 3.0 0.0 0.0 0.0 0.0 2.5 2.0 3.5 1.5 0.5 0.5 3.5 0.0 3.5 3.0 0.0 0.0 0.0 0.0 0.0 0.5 1.5 0.0 0.0 0.0 1.5 0.5 0.0 0.0 0.0 0.0 2.0
1785427899.85,121,2,15.00,40.773,25.11,250.05,0.1476,0.2336,0.0415,0.2918,0.2326,0.2141,0.0523,0.1711,0.2747,0.2263,0.0880,0.0440,0.1896,0.1051,0.0 3.0 0.0 0.0 0.0 3.0 0.5 2.0 1.0 3.0 2.0 4.0 3.0 3.0 0.5 4.0 0.5 1.5 0.0 4.0 3.0 4.0 3.0 4.0 3.0 0.0 2.5 0.0 1.5 3.5 0.0 3.5 4.0 0.0 2.0 0.0 0.5 3.5 2.5 0.0 1.0 3.5 1.5 3.0 1.5 1.5 0.0 3.0 2.0 2.5 0.5 0.0 4.0 2.5 2.0 0.0 0.5 4.0 2.5 3.5 0.5 3.0 0.0 2.0 0.0 3.0 2.0 3.0 1.0 1.5 1.5 1.5 2.5 4.0 3.0 2.5 2.5 2.0 0.5 3.0 0.5 1.5 2.5 1.0 1.0 0.0 2.5 3.0 0.5 0.0 3.5 1.0 2.0 1.0 2.0 3.0 3.0 0.0 0.0 0.0 0.0 2.5 2.0 3.5 1.5 0.5 0.5 3.5 0.0 3.5 3.0 0.0 0.0 0.0 0.0 0.0 0.5 1.5 0.0 0.0 0.0 1.5 0.5 0.0 0.0 0.0 0.0 2.0
1785427900.52,122,0,15.00,40.793,25.11,250.05,0.1466,0.2395,0.0489,0.1769,0.0606,0.2698,0.0606,0.0982,0.1061,0.0582,0.2214,0.0533,0.2458,0.1129,2.5 2.0 1.0 1.0 4.0 2.0 4.0 1.5 2.0 2.5 0.5 3.5 1.5 0.5 1.5 4.0 4.0 1.0 3.5 0.0 3.5 2.0 0.0 0.5 4.0 3.0 4.0 0.5 2.5 1.0 1.0 3.0 4.0 4.0 1.0 1.5 1.5 3.5 2.5 0.0 3.0 4.0 2.5 1.5 2.0 4.0 0.0 2.0 3.0 2.5 4.0 0.0 2.0 0.5 2.0 1.5 1.0 1.0 4.0 1.0 1.5 2.5 0.0 3.0 1.0 1.5 2.0 0.5 4.0 0.0 0.5 1.0 3.0 1.0 0.5 1.0 1.0 0.0 0.0 1.0 3.5 1.5 0.0 4.0 1.5 2.0 2.5 1.0 3.0 4.0 1.5 2.0 3.5 1.0 0.5 4.0 1.0 2.0 0.0 0.0 0.0 0.0 1.0 0.0 2.5 2.0 3.0 1.0 1.0 2.0 3.0 0.0 0.0 0.0 0.0 0.0 2.5 2.5 0.0 0.0 0.0 4.0 1.0 1.0 0.0 0.0 0.0 4.0
1785427900.62,122,1,15.00,40.793,25.11,250.05,0.1447,0.2346,0.0430,0.1799,0.0572,0.2703,0.0635,0.1090,0.1046,0.0494,0.2058,0.0474,0.2527,0.1227,2.5 2.0 1.0 1.0 4.0 2.0 4.0 1.5 2.0 2.5 0.5 3.5 1.5 0.5 1.5 4.0 4.0 1.0 3.5 0.0 3.5 2.0 0.0 0.5 4.0 3.0 4.0 0.5 2.5 1.0 1.0 3.0 4.0 4.0 1.0 1.5 1.5 3.5 2.5 0.0 3.0 4.0 2.5 1.5 2.0 4.0 0.0 2.0 3.0 2.5 4.0 0.0 2.0 0.5 2.0 1.5 1.0 1.0 4.0 1.0 1.5 2.5 0.0 3.0 1.0 1.5 2.0 0.5 4.0 0.0 0.5 1.0 3.0 1.0 0.5 1.0 1.0 0.0 0.0 1.0 3.5 1.5 0.0 4.0 1.5 2.0 2.5 1.0 3.0 4.0 1.5 2.0 3.5 1.0 0.5 4.0 1.0 2.0 0.0 0.0 0.0 0.0 1.0 0.0 2.5 2.0 3.0 1.0 1.0 2.0 3.0 0.0 0.0 0.0 0.0 0.0 2.5 2.5 0.0 0.0 0.0 4.0 1.0 1.0 0.0 0.0 0.0 4.0
1785427900.72,122,2,15.00,40.793,25.11,250.05,0.1520,0.2405,0.0406,0.1794,0.0582,0.2703,0.0582,0.0997,0.1012,0.0582,0.2195,0.0528,0.2483,0.1178,2.5 2.0 1.0 1.0 4.0 2.0 4.0 1.5 2.0 2.5 0.5 3.5 1.5 0.5 1.5 4.0 4.0 1.0 3.5 0.0 3.5 2.0 0.0 0.5 4.0 3.0 4.0 0.5 2.5 1.0 1.0 3.0 4.0 4.0 1.0 1.5 1.5 3.5 2.5 0.0 3.0 4.0 2.5 1.5 2.0 4.0 0.0 2.0 3.0 2.5 4.0 0.0 2.0 0.5 2.0 1.5 1.0 1.0 4.0 1.0 1.5 2.5 0.0 3.0 1.0 1.5 2.0 0.5 4.0 0.0 0.5 1.0 3.0 1.0 0.5 1.0 1.0 0.0 0.0 1.0 3.5 1.5 0.0 4.0 1.5 2.0 2.5 1.0 3.0 4.0 1.5 2.0 3.5 1.0 0.5 4.0 1.0 2.0 0.0 0.0 0.0 0.0 1.0 0.0 2.5 2.0 3.0 1.0 1.0 2.0 3.0 0.0 0.0 0.0 0.0 0.0 2.5 2.5 0.0 0.0 0.0 4.0 1.0 1.0 0.0 0.0 0.0 4.0
1785427901.41,123,0,15.00,40.793,25.11,250.05,0.1471,0.2654,0.0411,0.1632,0.0508,0.2351,0.0474,0.0469,0.2703,0.1022,0.2546,0.0420,0.2972,0.1100,1.0 0.5 2.0 2.5 3.5 1.5 1.0 1.0 1.0 1.5 3.0 4.0 3.0 3.0 0.5 3.5 1.0 1.5 1.5 0.0 0.5 1.0 3.5 3.0 0.5 2.0 4.0 3.5 1.5 0.5 4.0 3.0 4.0 0.5 0.0 3.0 1.5 2.5 0.0 0.0 0.0 1.5 4.0 1.0 4.0 2.0 1.5 3.5 0.5 2.0 1.5 0.0 0.5 1.5 0.0 1.0 2.5 1.5 2.0 3.5 0.0 2.5 0.0 3.0 2.0 1.5 1.0 1.5 3.0 4.0 0.5 3.5 0.5 1.5 2.0 3.0 1.5 2.5 3.0 1.5 3.5 2.5 2.0 1.5 0.0 4.0 0.0 1.0 4.0 2.0 2.0 2.5 0.5 1.5 1.0 2.0 1.0 3.0 0.0 0.0 0.0 2.0 3.5 1.0 1.5 3.0 1.0 4.0 2.5 3.0 0.0 0.0 0.0 0.0 0.0 0.0 3.5 1.5 0.0 3.0 0.0 3.0 0.5 0.5 0.0 0.0 0.0 4.0
1785427901.50,123,1,15.00,40.793,25.11,250.05,0.1481,0.2669,0.0376,0.1637,0.0420,0.2297,0.0455,0.0430,0.2713,0.0973,0.2537,0.0420,0.3001,0.1026,1.0 0.5 2.0 2.5 3.5 1.5 1.0 1.0 1.0 1.5 3.0 4.0 3.0 3.0 0.5 3.5 1.0 1.5 1.5 0.0 0.5 1.0 3.5 3.0 0.5 2.0 4.0 3.5 1.5 0.5 4.0 3.0 4.0 0.5 0.0 3.0 1.5 2.5 0.0 0.0 0.0 1.5 4.0 1.0 4.0 2.0 1.5 3.5 0.5 2.0 1.5 0.0 0.5 1.5 0.0 1.0 2.5 1.5 2.0 3.5 0.0 2.5 0.0 3.0 2.0 1.5 1.0 1.5 3.0 4.0 0.5 3.5 0.5 1.5 2.0 3.0 1.5 2.5 3.0 1.5 3.5 2.5 2.0 1.5 0.0 4.0 0.0 1.0 4.0 2.0 2.0 2.5 0.5 1.5 1.0 2.0 1.0 3.0 0.0 0.0 0.0 2.0 3.5 1.0 1.5 3.0 1.0 4.0 2.5 3.0 0.0 0.0 0.0 0.0 0.0 0.0 3.5 1.5 0.0 3.0 0.0 3.0 0.5 0.5 0.0 0.0 0.0 4.0
1785427901.60,123,2,15.00,40.793,25.11,250.05,0.1535,0.2630,0.0371,0.1701,0.0352,0.2248,0.0420,0.0469,0.2722,0.0987,0.2532,0.0411,0.2947,0.1022,1.0 0.5 2.0 2.5 3.5 1.5 1.0 1.0 1.0 1.5 3.0 4.0 3.0 3.0 0.5 3.5 1.0 1.5 1.5 0.0 0.5 1.0 3.5 3.0 0.5 2.0 4.0 3.5 1.5 0.5 4.0 3.0 4.0 0.5 0.0 3.0 1.5 2.5 0.0 0.0 0.0 1.5 4.0 1.0 4.0 2.0 1.5 3.5 0.5 2.0 1.5 0.0 0.5 1.5 0.0 1.0 2.5 1.5 2.0 3.5 0.0 2.5 0.0 3.0 2.0 1.5 1.0 1.5 3.0 4.0 0.5 3.5 0.5 1.5 2.0 3.0 1.5 2.5 3.0 1.5 3.5 2.5 2.0 1.5 0.0 4.0 0.0 1.0 4.0 2.0 2.0 2.5 0.5 1.5 1.0 2.0 1.0 3.0 0.0 0.0 0.0 2.0 3.5 1.0 1.5 3.0 1.0 4.0 2.5 3.0 0.0 0.0 0.0 0.0 0.0 0.0 3.5 1.5 0.0 3.0 0.0 3.0 0.5 0.5 0.0 0.0 0.0 4.0
1785427902.28,124,0,15.00,40.853,25.11,250.04,0.1437,0.2478,0.0518,0.2243,0.0616,0.2312,0.0469,0.1212,0.2810,0.1046,0.3319,0.0523,0.3363,0.1100,3.0 3.5 1.0 4.0 0.5 4.0 2.0 1.0 1.0 3.0 4.0 3.5 3.0 3.0 0.5 4.0 3.0 0.5 1.0 1.0 0.5 0.0 0.5 1.0 1.0 2.5 1.5 1.5 0.5 2.5 2.5 1.5 0.0 0.5 4.0 3.0 3.0 1.0 2.0 0.0 1.0 4.0 2.0 2.0 3.0 4.0 3.0 1.5 2.0 3.5 0.5 0.0 1.5 4.0 2.0 3.5 0.5 1.5 0.5 0.5 0.0 3.5 0.0 0.5 3.0 3.0 3.5 2.5 2.0 3.0 3.5 1.0 0.0 1.0 3.5 4.0 0.5 4.0 4.0 0.5 1.0 1.5 4.0 1.5 0.0 1.0 1.5 0.5 3.0 1.5 3.0 1.5 1.5 3.0 1.5 2.0 2.5 4.0 0.0 0.0 0.0 4.0 1.5 1.5 1.5 2.0 3.5 3.0 4.0 3.0 3.0 0.0 0.0 0.0 0.0 0.0 4.0 0.5 0.0 0.0 0.0 1.0 0.5 2.0 0.0 0.0 0.0 2.5
1785427902.38,124,1,15.00,40.853,25.11,250.04,0.1310,0.2468,0.0411,0.2048,0.0562,0.2395,0.0587,0.1149,0.2805,0.1070,0.3480,0.0538,0.3446,0.1105,3.0 3.5 1.0 4.0 0.5 4.0 2.0 1.0 1.0 3.0 4.0 3.5 3.0 3.0 0.5 4.0 3.0 0.5 1.0 1.0 0.5 0.0 0.5 1.0 1.0 2.5 1.5 1.5 0.5 2.5 2.5 1.5 0.0 0.5 4.0 3.0 3.0 1.0 2.0 0.0 1.0 4.0 2.0 2.0 3.0 4.0 3.0 1.5 2.0 3.5 0.5 0.0 1.5 4.0 2.0 3.5 0.5 1.5 0.5 0.5 0.0 3.5 0.0 0.5 3.0 3.0 3.5 2.5 2.0 3.0 3.5 1.0 0.0 1.0 3.5 4.0 0.5 4.0 4.0 0.5 1.0 1.5 4.0 1.5 0.0 1.0 1.5 0.5 3.0 1.5 3.0 1.5 1.5 3.0 1.5 2.0 2.5 4.0 0.0 0.0 0.0 4.0 1.5 1.5 1.5 2.0 3.5 3.0 4.0 3.0 3.0 0.0 0.0 0.0 0.0 0.0 4.0 0.5 0.0 0.0 0.0 1.0 0.5 2.0 0.0 0.0 0.0 2.5
1785427902.47,124,2,15.00,40.853,25.11,250.04,0.1476,0.2380,0.0533,0.2077,0.0630,0.2361,0.0582,0.1139,0.2766,0.1100,0.3358,0.0543,0.3353,0.1075,3.0 3.5 1.0 4.0 0.5 4.0 2.0 1.0 1.0 3.0 4.0 3.5 3.0 3.0 0.5 4.0 3.0 0.5 1.0 1.0 0.5 0.0 0.5 1.0 1.0 2.5 1.5 1.5 0.5 2.5 2.5 1.5 0.0 0.5 4.0 3.0 3.0 1.0 2.0 0.0 1.0 4.0 2.0 2.0 3.0 4.0 3.0 1.5 2.0 3.5 0.5 0.0 1.5 4.0 2.0 3.5 0.5 1.5 0.5 0.5 0.0 3.5 0.0 0.5 3.0 3.0 3.5 2.5 2.0 3.0 3.5 1.0 0.0 1.0 3.5 4.0 0.5 4.0 4.0 0.5 1.0 1.5 4.0 1.5 0.0 1.0 1.5 0.5 3.0 1.5 3.0 1.5 1.5 3.0 1.5 2.0 2.5 4.0 0.0 0.0 0.0 4.0 1.5 1.5 1.5 2.0 3.5 3.0 4.0 3.0 3.0 0.0 0.0 0.0 0.0 0.0 4.0 0.5 0.0 0.0 0.0 1.0 0.5 2.0 0.0 0.0 0.0 2.5
1785427903.16,125,0,15.00,40.793,25.11,250.04,0.1476,0.2283,0.0332,0.0968,0.1100,0.2292,0.0474,0.0562,0.3118,0.1760,0.2805,0.0753,0.2879,0.1354,0.0 1.0 3.5 4.0 3.0 3.5 1.0 3.5 3.5 0.5 3.0 0.5 1.5 2.5 1.0 0.5 4.0 2.5 3.0 0.5 0.5 4.0 1.0 2.5 3.5 3.5 3.5 1.0 1.0 3.0 4.0 2.5 4.0 1.0 2.0 2.0 0.5 1.5 1.5 0.0 0.0 0.5 3.5 0.5 3.0 1.5 2.0 0.5 3.0 2.0 1.0 0.0 0.5 2.0 1.5 0.0 1.0 0.5 0.5 2.5 2.0 4.0 0.0 0.5 1.5 1.5 0.0 0.0 0.0 0.0 1.0 0.5 3.5 4.0 2.5 3.0 3.0 4.0 2.5 4.0 1.0 4.0 1.0 3.5 1.0 0.0 0.0 3.5 0.5 1.5 1.0 0.0 3.0 0.0 1.0 1.0 2.0 2.5 0.0 0.0 0.0 0.5 1.0 2.0 0.5 4.0 2.5 1.0 1.5 0.5 2.0 0.0 0.0 0.0 0.0 0.0 3.5 3.5 0.0 1.5 0.0 3.0 3.5 2.0 0.0 0.0 0.0 3.0
1785427903.26,125,1,15.00,40.793,25.11,250.04,0.1471,0.2414,0.0430,0.0948,0.1012,0.2195,0.0464,0.0533,0.3109,0.1799,0.2840,0.0865,0.2928,0.1271,0.0 1.0 3.5 4.0 3.0 3.5 1.0 3.5 3.5 0.5 3.0 0.5 1.5 2.5 1.0 0.5 4.0 2.5 3.0 0.5 0.5 4.0 1.0 2.5 3.5 3.5 3.5 1.0 1.0 3.0 4.0 2.5 4.0 1.0 2.0 2.0 0.5 1.5 1.5 0.0 0.0 0.5 3.5 0.5 3.0 1.5 2.0 0.5 3.0 2.0 1.0 0.0 0.5 2.0 1.5 0.0 1.0 0.5 0.5 2.5 2.0 4.0 0.0 0.5 1.5 1.5 0.0 0.0 0.0 0.0 1.0 0.5 3.5 4.0 2.5 3.0 3.0 4.0 2.5 4.0 1.0 4.0 1.0 3.5 1.0 0.0 0.0 3.5 0.5 1.5 1.0 0.0 3.0 0.0 1.0 1.0 2.0 2.5 0.0 0.0 0.0 0.5 1.0 2.0 0.5 4.0 2.5 1.0 1.5 0.5 2.0 0.0 0.0 0.0 0.0 0.0 3.5 3.5 0.0 1.5 0.0 3.0 3.5 2.0 0.0 0.0 0.0 3.0
1785427903.36,125,2,15.00,40.793,25.11,250.04,0.1403,0.2400,0.0440,0.1036,0.1061,0.2234,0.0577,0.0489,0.3050,0.1823,0.2854,0.0728,0.2820,0.1290,0.0 1.0 3.5 4.0 3.0 3.5 1.0 3.5 3.5 0.5 3.0 0.5 1.5 2.5 1.0 0.5 4.0 2.5 3.0 0.5 0.5 4.0 1.0 2.5 3.5 3.5 3.5 1.0 1.0 3.0 4.0 2.5 4.0 1.0 2.0 2.0 0.5 1.5 1.5 0.0 0.0 0.5 3.5 0.5 3.0 1.5 2.0 0.5 3.0 2.0 1.0 0.0 0.5 2.0 1.5 0.0 1.0 0.5 0.5 2.5 2.0 4.0 0.0 0.5 1.5 1.5 0.0 0.0 0.0 0.0 1.0 0.5 3.5 4.0 2.5 3.0 3.0 4.0 2.5 4.0 1.0 4.0 1.0 3.5 1.0 0.0 0.0 3.5 0.5 1.5 1.0 0.0 3.0 0.0 1.0 1.0 2.0 2.5 0.0 0.0 0.0 0.5 1.0 2.0 0.5 4.0 2.5 1.0 1.5 0.5 2.0 0.0 0.0 0.0 0.0 0.0 3.5 3.5 0.0 1.5 0.0 3.0 3.5 2.0 0.0 0.0 0.0 3.0
1785427904.03,126,0,15.00,40.853,25.11,250.04,0.1515,0.2507,0.0386,0.0816,0.1422,0.2717,0.0606,0.0689,0.1119,0.0953,0.1755,0.0513,0.1070,0.1178,2.5 1.5 3.0 1.0 0.0 3.0 4.0 3.0 0.5 3.5 4.0 1.5 4.0 1.5 3.0 3.5 2.5 2.5 4.0 3.5 3.5 1.5 1.0 4.0 1.0 0.0 1.5 3.5 1.5 1.5 2.0 0.0 4.0 4.0 1.0 3.0 2.5 4.0 3.0 0.0 3.0 0.0 2.5 1.0 2.5 0.5 1.5 4.0 3.0 3.5 3.0 0.0 0.5 3.5 3.5 4.0 1.5 3.5 0.5 2.5 1.0 1.5 0.0 1.0 0.5 0.0 0.0 0.5 3.0 1.5 3.0 0.0 0.5 3.5 3.0 1.0 3.5 3.0 1.5 0.5 2.5 2.5 3.0 4.0 4.0 2.5 3.0 2.0 1.0 0.5 4.0 0.0 4.0 0.0 0.5 3.0 1.5 0.0 0.0 0.0 0.0 2.5 2.0 0.0 1.0 2.5 0.5 3.5 3.0 3.0 2.0 0.0 0.0 0.0 0.0 0.0 0.5 1.5 0.0 0.5 0.0 0.0 3.0 3.0 0.0 0.0 0.0 0.5
1785427904.13,126,1,15.00,40.853,25.11,250.04,0.1466,0.2375,0.0469,0.0875,0.1383,0.2669,0.0665,0.0748,0.1070,0.1026,0.1720,0.0552,0.1051,0.1144,2.5 1.5 3.0 1.0 0.0 3.0 4.0 3.0 0.5 3.5 4.0 1.5 4.0 1.5 3.0 3.5 2.5 2.5 4.0 3.5 3.5 1.5 1.0 4.0 1.0 0.0 1.5 3.5 1.5 1.5 2.0 0.0 4.0 4.0 1.0 3.0 2.5 4.0 3.0 0.0 3.0 0.0 2.5 1.0 2.5 0.5 1.5 4.0 3.0 3.5 3.0 0.0 0.5 3.5 3.5 4.0 1.5 3.5 0.5 2.5 1.0 1.5 0.0 1.0 0.5 0.0 0.0 0.5 3.0 1.5 3.0 0.0 0.5 3.5 3.0 1.0 3.5 3.0 1.5 0.5 2.5 2.5 3.0 4.0 4.0 2.5 3.0 2.0 1.0 0.5 4.0 0.0 4.0 0.0 0.5 3.0 1.5 0.0 0.0 0.0 0.0 2.5 2.0 0.0 1.0 2.5 0.5 3.5 3.0 3.0 2.0 0.0 0.0 0.0 0.0 0.0 0.5 1.5 0.0 0.5 0.0 0.0 3.0 3.0 0.0 0.0 0.0 0.5
1785427904.23,126,2,15.00,40.853,25.11,250.04,0.1447,0.2483,0.0508,0.0875,0.1403,0.2708,0.0596,0.0782,0.1207,0.1007,0.1652,0.0587,0.1085,0.1056,2.5 1.5 3.0 1.0 0.0 3.0 4.0 3.0 0.5 3.5 4.0 1.5 4.0 1.5 3.0 3.5 2.5 2.5 4.0 3.5 3.5 1.5 1.0 4.0 1.0 0.0 1.5 3.5 1.5 1.5 2.0 0.0 4.0 4.0 1.0 3.0 2.5 4.0 3.0 0.0 3.0 0.0 2.5 1.0 2.5 0.5 1.5 4.0 3.0 3.5 3.0 0.0 0.5 3.5 3.5 4.0 1.5 3.5 0.5 2.5 1.0 1.5 0.0 1.0 0.5 0.0 0.0 0.5 3.0 1.5 3.0 0.0 0.5 3.5 3.0 1.0 3.5 3.0 1.5 0.5 2.5 2.5 3.0 4.0 4.0 2.5 3.0 2.0 1.0 0.5 4.0 0.0 4.0 0.0 0.5 3.0 1.5 0.0 0.0 0.0 0.0 2.5 2.0 0.0 1.0 2.5 0.5 3.5 3.0 3.0 2.0 0.0 0.0 0.0 0.0 0.0 0.5 1.5 0.0 0.5 0.0 0.0 3.0 3.0 0.0 0.0 0.0 0.5
1785427904.91,127,0,15.00,40.813,25.11,250.04,0.1378,0.2395,0.0371,0.0733,0.2268,0.2683,0.0547,0.0635,0.2703,0.1315,0.1735,0.0523,0.2473,0.1241,3.5 1.5 0.5 3.5 0.5 0.0 3.5 3.5 0.5 2.5 2.0 0.0 0.0 0.5 3.0 1.0 2.0 1.5 0.0 0.5 0.0 4.0 3.5 0.5 1.5 4.0 2.0 0.5 3.0 3.5 2.5 1.0 3.0 0.5 4.0 0.5 3.0 2.5 2.0 0.0 1.5 0.5 2.5 3.5 1.0 2.5 4.0 3.5 3.5 2.5 3.0 0.0 1.5 2.5 0.5 3.0 1.0 1.0 3.5 1.0 3.0 2.0 0.0 1.0 2.5 2.0 0.5 3.5 4.0 3.0 2.0 0.5 3.5 3.5 2.5 3.5 0.0 2.5 2.0 1.0 0.5 1.5 1.0 1.0 3.5 2.0 3.5 0.0 2.5 2.5 3.0 0.0 0.5 0.0 3.0 1.5 2.5 4.0 0.0 0.0 0.0 3.0 1.0 1.0 1.0 0.0 1.0 3.0 0.0 1.0 1.5 0.0 0.0 0.0 0.0 0.0 4.0 4.0 0.0 2.0 0.0 3.5 4.0 3.5 0.0 0.0 0.0 3.0
1785427905.01,127,1,15.00,40.813,25.11,250.04,0.1466,0.2410,0.0459,0.0674,0.2273,0.2600,0.0503,0.0596,0.2742,0.1207,0.1764,0.0528,0.2498,0.1261,3.5 1.5 0.5 3.5 0.5 0.0 3.5 3.5 0.5 2.5 2.0 0.0 0.0 0.5 3.0 1.0 2.0 1.5 0.0 0.5 0.0 4.0 3.5 0.5 1.5 4.0 2.0 0.5 3.0 3.5 2.5 1.0 3.0 0.5 4.0 0.5 3.0 2.5 2.0 0.0 1.5 0.5 2.5 3.5 1.0 2.5 4.0 3.5 3.5 2.5 3.0 0.0 1.5 2.5 0.5 3.0 1.0 1.0 3.5 1.0 3.0 2.0 0.0 1.0 2.5 2.0 0.5 3.5 4.0 3.0 2.0 0.5 3.5 3.5 2.5 3.5 0.0 2.5 2.0 1.0 0.5 1.5 1.0 1.0 3.5 2.0 3.5 0.0 2.5 2.5 3.0 0.0 0.5 0.0 3.0 1.5 2.5 4.0 0.0 0.0 0.0 3.0 1.0 1.0 1.0 0.0 1.0 3.0 0.0 1.0 1.5 0.0 0.0 0.0 0.0 0.0 4.0 4.0 0.0 2.0 0.0 3.5 4.0 3.5 0.0 0.0 0.0 3.0
1785427905.11,127,2,15.00,40.813,25.11,250.04,0.1457,0.2385,0.0459,0.0772,0.2219,0.2615,0.0596,0.0577,0.2678,0.1310,0.1750,0.0450,0.2419,0.1344,3.5 1.5 0.5 3.5 0.5 0.0 3.5 3.5 0.5 2.5 2.0 0.0 0.0 0.5 3.0 1.0 2.0 1.5 0.0 0.5 0.0 4.0 3.5 0.5 1.5 4.0 2.0 0.5 3.0 3.5 2.5 1.0 3.0 0.5 4.0 0.5 3.0 2.5 2.0 0.0 1.5 0.5 2.5 3.5 1.0 2.5 4.0 3.5 3.5 2.5 3.0 0.0 1.5 2.5 0.5 3.0 1.0 1.0 3.5 1.0 3.0 2.0 0.0 1.0 2.5 2.0 0.5 3.5 4.0 3.0 2.0 0.5 3.5 3.5 2.5 3.5 0.0 2.5 2.0 1.0 0.5 1.5 1.0 1.0 3.5 2.0 3.5 0.0 2.5 2.5 3.0 0.0 0.5 0.0 3.0 1.5 2.5 4.0 0.0 0.0 0.0 3.0 1.0 1.0 1.0 0.0 1.0 3.0 0.0 1.0 1.5 0.0 0.0 0.0 0.0 0.0 4.0 4.0 0.0 2.0 0.0 3.5 4.0 3.5 0.0 0.0 0.0 3.0
1785427905.78,128,0,15.00,40.853,25.11,250.05,0.1344,0.2214,0.0420,0.1891,0.0616,0.2341,0.0591,0.2307,0.1955,0.0538,0.2351,0.0464,0.2845,0.1085,1.5 0.0 1.0 4.0 2.0 4.0 0.0 1.5 0.5 0.0 2.0 3.5 3.0 3.0 2.0 2.5 1.0 2.5 1.5 3.0 3.5 2.0 4.0 0.0 4.0 3.0 0.0 2.0 0.0 3.0 3.5 4.0 0.5 2.0 0.5 0.0 3.0 2.0 1.5 0.0 1.0 4.0 2.0 0.0 4.0 2.5 3.0 3.0 0.5 3.0 3.0 0.0 3.0 3.5 0.5 0.0 1.5 2.5 2.5 0.0 2.5 2.5 0.0 2.5 1.0 3.0 3.5 3.5 1.5 0.0 2.0 1.0 1.0 1.5 2.5 0.0 1.0 1.5 0.5 0.5 1.5 4.0 0.5 3.5 1.0 0.0 0.5 0.5 2.0 0.0 1.0 1.0 1.0 1.5 0.5 2.5 0.5 1.5 0.0 0.0 0.0 1.0 0.5 4.0 0.5 2.5 3.0 0.0 1.0 2.0 1.0 0.0 0.0 0.0 0.0 0.0 3.5 0.5 0.0 3.0 0.0 0.0 0.0 2.5 0.0 0.0 0.0 3.5
1785427905.88,128,1,15.00,40.853,25.11,250.05,0.1417,0.2322,0.0401,0.1867,0.0543,0.2375,0.0489,0.2326,0.1955,0.0508,0.2366,0.0523,0.2771,0.0968,1.5 0.0 1.0 4.0 2.0 4.0 0.0 1.5 0.5 0.0 2.0 3.5 3.0 3.0 2.0 2.5 1.0 2.5 1.5 3.0 3.5 2.0 4.0 0.0 4.0 3.0 0.0 2.0 0.0 3.0 3.5 4.0 0.5 2.0 0.5 0.0 3.0 2.0 1.5 0.0 1.0 4.0 2.0 0.0 4.0 2.5 3.0 3.0 0.5 3.0 3.0 0.0 3.0 3.5 0.5 0.0 1.5 2.5 2.5 0.0 2.5 2.5 0.0 2.5 1.0 3.0 3.5 3.5 1.5 0.0 2.0 1.0 1.0 1.5 2.5 0.0 1.0 1.5 0.5 0.5 1.5 4.0 0.5 3.5 1.0 0.0 0.5 0.5 2.0 0.0 1.0 1.0 1.0 1.5 0.5 2.5 0.5 1.5 0.0 0.0 0.0 1.0 0.5 4.0 0.5 2.5 3.0 0.0 1.0 2.0 1.0 0.0 0.0 0.0 0.0 0.0 3.5 0.5 0.0 3.0 0.0 0.0 0.0 2.5 0.0 0.0 0.0 3.5
1785427905.98,128,2,15.00,40.853,25.11,250.05,0.1427,0.2219,0.0415,0.1843,0.0621,0.2341,0.0650,0.2326,0.1896,0.0538,0.2302,0.0445,0.2864,0.1080,1.5 0.0 1.0 4.0 2.0 4.0 0.0 1.5 0.5 0.0 2.0 3.5 3.0 3.0 2.0 2.5 1.0 2.5 1.5 3.0 3.5 2.0 4.0 0.0 4.0 3.0 0.0 2.0 0.0 3.0 3.5 4.0 0.5 2.0 0.5 0.0 3.0 2.0 1.5 0.0 1.0 4.0 2.0 0.0 4.0 2.5 3.0 3.0 0.5 3.0 3.0 0.0 3.0 3.5 0.5 0.0 1.5 2.5 2.5 0.0 2.5 2.5 0.0 2.5 1.0 3.0 3.5 3.5 1.5 0.0 2.0 1.0 1.0 1.5 2.5 0.0 1.0 1.5 0.5 0.5 1.5 4.0 0.5 3.5 1.0 0.0 0.5 0.5 2.0 0.0 1.0 1.0 1.0 1.5 0.5 2.5 0.5 1.5 0.0 0.0 0.0 1.0 0.5 4.0 0.5 2.5 3.0 0.0 1.0 2.0 1.0 0.0 0.0 0.0 0.0 0.0 3.5 0.5 0.0 3.0 0.0 0.0 0.0 2.5 0.0 0.0 0.0 3.5
1785427906.67,129,0,15.00,40.813,25.11,250.05,0.1403,0.2400,0.0489,0.2077,0.1070,0.2473,0.0543,0.2771,0.3060,0.1281,0.3245,0.0499,0.3382,0.1290,3.0 3.5 3.0 1.0 4.0 3.5 0.0 1.5 1.0 0.5 3.0 2.0 2.5 2.0 4.0 2.0 3.0 1.5 0.5 0.5 1.0 1.0 2.0 4.0 1.0 3.5 1.5 1.5 2.0 0.5 1.0 0.5 3.0 1.5 4.0 0.0 1.5 3.0 1.0 0.0 3.5 4.0 1.0 3.5 3.5 0.0 3.0 0.0 2.0 2.0 4.0 0.0 1.0 2.0 0.5 2.0 1.0 2.0 0.0 4.0 3.0 0.5 0.0 1.0 2.5 1.5 0.0 3.0 2.0 2.5 0.5 3.0 0.5 1.0 0.5 0.5 0.5 1.0 1.5 0.0 2.5 2.5 1.0 3.0 0.0 3.0 0.5 2.0 2.0 1.0 3.0 1.5 4.0 4.0 2.5 4.0 2.5 1.5 0.0 0.0 0.0 1.0 3.5 2.0 1.5 1.5 4.0 2.5 2.5 0.0 0.5 0.0 0.0 0.0 0.0 0.0 2.5 2.5 0.0 1.5 0.0 1.5 4.0 3.5 0.0 0.0 0.0 3.5
1785427906.77,129,1,15.00,40.813,25.11,250.05,0.1486,0.2478,0.0547,0.2072,0.1061,0.2424,0.0562,0.2830,0.2991,0.1237,0.3221,0.0709,0.3309,0.1246,3.0 3.5 3.0 1.0 4.0 3.5 0.0 1.5 1.0 0.5 3.0 2.0 2.5 2.0 4.0 2.0 3.0 1.5 0.5 0.5 1.0 1.0 2.0 4.0 1.0 3.5 1.5 1.5 2.0 0.5 1.0 0.5 3.0 1.5 4.0 0.0 1.5 3.0 1.0 0.0 3.5 4.0 1.0 3.5 3.5 0.0 3.0 0.0 2.0 2.0 4.0 0.0 1.0 2.0 0.5 2.0 1.0 2.0 0.0 4.0 3.0 0.5 0.0 1.0 2.5 1.5 0.0 3.0 2.0 2.5 0.5 3.0 0.5 1.0 0.5 0.5 0.5 1.0 1.5 0.0 2.5 2.5 1.0 3.0 0.0 3.0 0.5 2.0 2.0 1.0 3.0 1.5 4.0 4.0 2.5 4.0 2.5 1.5 0.0 0.0 0.0 1.0 3.5 2.0 1.5 1.5 4.0 2.5 2.5 0.0 0.5 0.0 0.0 0.0 0.0 0.0 2.5 2.5 0.0 1.5 0.0 1.5 4.0 3.5 0.0 0.0 0.0 3.5
1785427906.86,129,2,15.00,40.813,25.11,250.05,0.1398,0.2444,0.0474,0.1950,0.0997,0.2498,0.0616,0.2893,0.3065,0.1285,0.3143,0.0572,0.3353,0.1183,3.0 3.5 3.0 1.0 4.0 3.5 0.0 1.5 1.0 0.5 3.0 2.0 2.5 2.0 4.0 2.0 3.0 1.5 0.5 0.5 1.0 1.0 2.0 4.0 1.0 3.5 1.5 1.5 2.0 0.5 1.0 0.5 3.0 1.5 4.0 0.0 1.5 3.0 1.0 0.0 3.5 4.0 1.0 3.5 3.5 0.0 3.0 0.0 2.0 2.0 4.0 0.0 1.0 2.0 0.5 2.0 1.0 2.0 0.0 4.0 3.0 0.5 0.0 1.0 2.5 1.5 0.0 3.0 2.0 2.5 0.5 3.0 0.5 1.0 0.5 0.5 0.5 1.0 1.5 0.0 2.5 2.5 1.0 3.0 0.0 3.0 0.5 2.0 2.0 1.0 3.0 1.5 4.0 4.0 2.5 4.0 2.5 1.5 0.0 0.0 0.0 1.0 3.5 2.0 1.5 1.5 4.0 2.5 2.5 0.0 0.5 0.0 0.0 0.0 0.0 0.0 2.5 2.5 0.0 1.5 0.0 1.5 4.0 3.5 0.0 0.0 0.0 3.5
1785427907.54,130,0,15.00,40.833,25.11,250.05,0.1378,0.2468,0.0489,0.2473,0.0743,0.2151,0.0591,0.0503,0.1544,0.1432,0.0709,0.0484,0.1735,0.0978,3.5 2.0 1.0 1.0 0.0 4.0 1.5 4.0 3.5 4.0 0.0 4.0 0.0 0.0 1.0 3.5 3.5 2.0 0.0 1.5 0.0 3.0 4.0 1.0 0.5 1.0 2.0 0.5 0.0 1.5 0.0 4.0 3.5 3.5 0.5 1.5 3.5 3.0 1.5 0.0 3.0 1.0 0.0 3.5 3.0 2.5 1.0 4.0 2.5 1.0 1.0 0.0 1.0 2.5 0.5 4.0 1.5 1.0 2.5 2.0 0.5 3.0 0.0 3.5 1.5 2.0 3.0 0.5 4.0 2.0 2.0 1.5 3.5 0.5 3.5 2.5 2.5 4.0 3.5 2.0 0.5 0.0 1.0 0.5 3.5 0.5 1.5 0.0 3.0 0.0 2.0 1.5 2.5 3.5 2.5 2.0 0.0 3.0 0.0 0.0 0.0 1.0 3.0 0.5 0.5 2.5 3.5 2.0 1.0 2.0 2.5 0.0 0.0 0.0 0.0 0.0 0.0 0.0 0.0 2.5 0.0 2.5 0.5 3.5 0.0 0.0 0.0 4.0
1785427907.64,130,1,15.00,40.833,25.11,250.05,0.1647,0.2473,0.0450,0.2449,0.0787,0.2229,0.0381,0.0445,0.1466,0.1403,0.0684,0.0503,0.1701,0.0919,3.5 2.0 1.0 1.0 0.0 4.0 1.5 4.0 3.5 4.0 0.0 4.0 0.0 0.0 1.0 3.5 3.5 2.0 0.0 1.5 0.0 3.0 4.0 1.0 0.5 1.0 2.0 0.5 0.0 1.5 0.0 4.0 3.5 3.5 0.5 1.5 3.5 3.0 1.5 0.0 3.0 1.0 0.0 3.5 3.0 2.5 1.0 4.0 2.5 1.0 1.0 0.0 1.0 2.5 0.5 4.0 1.5 1.0 2.5 2.0 0.5 3.0 0.0 3.5 1.5 2.0 3.0 0.5 4.0 2.0 2.0 1.5 3.5 0.5 3.5 2.5 2.5 4.0 3.5 2.0 0.5 0.0 1.0 0.5 3.5 0.5 1.5 0.0 3.0 0.0 2.0 1.5 2.5 3.5 2.5 2.0 0.0 3.0 0.0 0.0 0.0 1.0 3.0 0.5 0.5 2.5 3.5 2.0 1.0 2.0 2.5 0.0 0.0 0.0 0.0 0.0 0.0 0.0 0.0 2.5 0.0 2.5 0.5 3.5 0.0 0.0 0.0 4.0
1785427907.73,130,2,15.00,40.833,25.11,250.05,0.1476,0.2507,0.0455,0.2488,0.0767,0.2224,0.0528,0.0503,0.1476,0.1422,0.0758,0.0494,0.1740,0.0846,3.5 2.0 1.0 1.0 0.0 4.0 1.5 4.0 3.5 4.0 0.0 4.0 0.0 0.0 1.0 3.5 3.5 2.0 0.0 1.5 0.0 3.0 4.0 1.0 0.5 1.0 2.0 0.5 0.0 1.5 0.0 4.0 3.5 3.5 0.5 1.5 3.5 3.0 1.5 0.0 3.0 1.0 0.0 3.5 3.0 2.5 1.0 4.0 2.5 1.0 1.0 0.0 1.0 2.5 0.5 4.0 1.5 1.0 2.5 2.0 0.5 3.0 0.0 3.5 1.5 2.0 3.0 0.5 4.0 2.0 2.0 1.5 3.5 0.5 3.5 2.5 2.5 4.0 3.5 2.0 0.5 0.0 1.0 0.5 3.5 0.5 1.5 0.0 3.0 0.0 2.0 1.5 2.5 3.5 2.5 2.0 0.0 3.0 0.0 0.0 0.0 1.0 3.0 0.5 0.5 2.5 3.5 2.0 1.0 2.0 2.5 0.0 0.0 0.0 0.0 0.0 0.0 0.0 0.0 2.5 0.0 2.5 0.5 3.5 0.0 0.0 0.0 4.0
1785427908.42,131,0,15.00,40.753,25.11,250.05,0.1496,0.2380,0.0430,0.0850,0.0968,0.2439,0.0508,0.0670,0.2370,0.1632,0.2278,0.0611,0.2986,0.1065,2.5 3.5 1.5 3.0 0.0 0.5 2.0 0.0 3.0 2.0 0.0 0.0 3.5 2.5 4.0 4.0 0.5 3.5 2.5 3.5 3.0 2.0 1.0 1.0 3.5 0.0 0.0 1.0 0.5 4.0 1.0 0.5 2.0 4.0 2.5 4.0 0.0 2.0 1.5 0.0 1.0 1.0 3.0 2.0 2.0 1.5 1.0 1.5 3.5 0.0 2.0 0.0 4.0 3.0 4.0 4.0 3.5 0.0 1.0 2.5 1.5 0.0 0.0 0.5 2.0 0.0 0.5 4.0 4.0 3.5 1.0 4.0 1.0 0.5 3.5 4.0 4.0 4.0 3.0 0.0 3.5 3.0 4.0 0.5 0.0 1.0 1.0 1.0 1.0 3.0 3.0 0.5 3.0 3.5 0.5 2.5 4.0 2.0 0.0 0.0 0.0 0.5 0.5 0.0 2.5 2.0 2.5 2.5 0.5 0.0 2.0 0.0 0.0 0.0 0.0 0.0 0.0 1.5 0.0 0.5 0.0 2.0 3.0 1.5 0.0 0.0 0.0 2.5
1785427908.52,131,1,15.00,40.753,25.11,250.05,0.1476,0.2424,0.0435,0.0806,0.0992,0.2434,0.0601,0.0650,0.2385,0.1623,0.2317,0.0640,0.2947,0.1036,2.5 3.5 1.5 3.0 0.0 0.5 2.0 0.0 3.0 2.0 0.0 0.0 3.5 2.5 4.0 4.0 0.5 3.5 2.5 3.5 3.0 2.0 1.0 1.0 3.5 0.0 0.0 1.0 0.5 4.0 1.0 0.5 2.0 4.0 2.5 4.0 0.0 2.0 1.5 0.0 1.0 1.0 3.0 2.0 2.0 1.5 1.0 1.5 3.5 0.0 2.0 0.0 4.0 3.0 4.0 4.0 3.5 0.0 1.0 2.5 1.5 0.0 0.0 0.5 2.0 0.0 0.5 4.0 4.0 3.5 1.0 4.0 1.0 0.5 3.5 4.0 4.0 4.0 3.0 0.0 3.5 3.0 4.0 0.5 0.0 1.0 1.0 1.0 1.0 3.0 3.0 0.5 3.0 3.5 0.5 2.5 4.0 2.0 0.0 0.0 0.0 0.5 0.5 0.0 2.5 2.0 2.5 2.5 0.5 0.0 2.0 0.0 0.0 0.0 0.0 0.0 0.0 1.5 0.0 0.5 0.0 2.0 3.0 1.5 0.0 0.0 0.0 2.5
1785427908.62,131,2,15.00,40.753,25.11,250.05,0.1447,0.2278,0.0411,0.0816,0.1007,0.2405,0.0655,0.0728,0.2454,0.1657,0.2346,0.0513,0.2942,0.1080,2.5 3.5 1.5 3.0 0.0 0.5 2.0 0.0 3.0 2.0 0.0 0.0 3.5 2.5 4.0 4.0 0.5 3.5 2.5 3.5 3.0 2.0 1.0 1.0 3.5 0.0 0.0 1.0 0.5 4.0 1.0 0.5 2.0 4.0 2.5 4.0 0.0 2.0 1.5 0.0 1.0 1.0 3.0 2.0 2.0 1.5 1.0 1.5 3.5 0.0 2.0 0.0 4.0 3.0 4.0 4.0 3.5 0.0 1.0 2.5 1.5 0.0 0.0 0.5 2.0 0.0 0.5 4.0 4.0 3.5 1.0 4.0 1.0 0.5 3.5 4.0 4.0 4.0 3.0 0.0 3.5 3.0 4.0 0.5 0.0 1.0 1.0 1.0 1.0 3.0 3.0 0.5 3.0 3.5 0.5 2.5 4.0 2.0 0.0 0.0 0.0 0.5 0.5 0.0 2.5 2.0 2.5 2.5 0.5 0.0 2.0 0.0 0.0 0.0 0.0 0.0 0.0 1.5 0.0 0.5 0.0 2.0 3.0 1.5 0.0 0.0 0.0 2.5
1785427909.30,132,0,15.00,40.833,25.11,250.05,0.1461,0.2336,0.0503,0.1026,0.0831,0.2933,0.1476,0.1193,0.1921,0.2351,0.2835,0.0616,0.2825,0.1310,3.5 3.5 0.5 1.0 1.0 0.0 1.0 0.5 2.0 2.0 0.0 0.5 2.0 3.0 2.5 3.5 4.0 4.0 1.0 2.5 4.0 1.0 3.0 0.0 0.5 4.0 1.5 1.0 0.0 0.5 1.5 0.0 4.0 2.0 0.5 0.5 1.5 0.0 1.5 0.0 1.5 1.5 1.5 4.0 4.0 1.0 0.0 4.0 1.5 2.0 2.5 0.0 4.0 2.5 2.0 2.5 2.0 3.0 0.0 4.0 4.0 0.5 0.0 4.0 0.0 3.0 1.0 3.0 3.5 0.5 0.5 4.0 2.0 2.0 1.0 3.5 2.5 3.5 3.0 3.5 2.0 0.5 3.0 2.5 3.5 3.0 1.0 4.0 1.5 4.0 2.5 3.5 1.0 1.0 2.5 1.5 2.5 3.5 0.0 0.0 0.0 4.0 1.5 3.0 4.0 1.5 2.0 0.0 2.5 0.5 1.5 0.0 0.0 0.0 0.0 0.0 3.5 3.0 0.0 4.0 0.0 3.0 4.0 2.5 0.0 0.0 0.0 0.5
1785427909.40,132,1,15.00,40.833,25.11,250.05,0.1422,0.2370,0.0503,0.0909,0.0885,0.2952,0.1491,0.1246,0.1887,0.2287,0.2820,0.0611,0.2952,0.1241,3.5 3.5 0.5 1.0 1.0 0.0 1.0 0.5 2.0 2.0 0.0 0.5 2.0 3.0 2.5 3.5 4.0 4.0 1.0 2.5 4.0 1.0 3.0 0.0 0.5 4.0 1.5 1.0 0.0 0.5 1.5 0.0 4.0 2.0 0.5 0.5 1.5 0.0 1.5 0.0 1.5 1.5 1.5 4.0 4.0 1.0 0.0 4.0 1.5 2.0 2.5 0.0 4.0 2.5 2.0 2.5 2.0 3.0 0.0 4.0 4.0 0.5 0.0 4.0 0.0 3.0 1.0 3.0 3.5 0.5 0.5 4.0 2.0 2.0 1.0 3.5 2.5 3.5 3.0 3.5 2.0 0.5 3.0 2.5 3.5 3.0 1.0 4.0 1.5 4.0 2.5 3.5 1.0 1.0 2.5 1.5 2.5 3.5 0.0 0.0 0.0 4.0 1.5 3.0 4.0 1.5 2.0 0.0 2.5 0.5 1.5 0.0 0.0 0.0 0.0 0.0 3.5 3.0 0.0 4.0 0.0 3.0 4.0 2.5 0.0 0.0 0.0 0.5
1785427909.49,132,2,15.00,40.833,25.11,250.05,0.1466,0.2385,0.0479,0.0914,0.0772,0.3045,0.1417,0.1261,0.1852,0.2346,0.2771,0.0587,0.2849,0.1237,3.5 3.5 0.5 1.0 1.0 0.0 1.0 0.5 2.0 2.0 0.0 0.5 2.0 3.0 2.5 3.5 4.0 4.0 1.0 2.5 4.0 1.0 3.0 0.0 0.5 4.0 1.5 1.0 0.0 0.5 1.5 0.0 4.0 2.0 0.5 0.5 1.5 0.0 1.5 0.0 1.5 1.5 1.5 4.0 4.0 1.0 0.0 4.0 1.5 2.0 2.5 0.0 4.0 2.5 2.0 2.5 2.0 3.0 0.0 4.0 4.0 0.5 0.0 4.0 0.0 3.0 1.0 3.0 3.5 0.5 0.5 4.0 2.0 2.0 1.0 3.5 2.5 3.5 3.0 3.5 2.0 0.5 3.0 2.5 3.5 3.0 1.0 4.0 1.5 4.0 2.5 3.5 1.0 1.0 2.5 1.5 2.5 3.5 0.0 0.0 0.0 4.0 1.5 3.0 4.0 1.5 2.0 0.0 2.5 0.5 1.5 0.0 0.0 0.0 0.0 0.0 3.5 3.0 0.0 4.0 0.0 3.0 4.0 2.5 0.0 0.0 0.0 0.5
1785427910.17,133,0,15.00,40.793,25.11,250.05,0.1422,0.2126,0.0503,0.2776,0.2341,0.1984,0.0596,0.1168,0.2972,0.1329,0.3314,0.0660,0.3363,0.1276,2.0 2.0 2.5 1.5 2.0 2.5 1.0 1.5 0.5 4.0 0.0 1.5 3.0 3.5 2.5 1.0 3.0 0.0 2.0 2.5 2.5 2.5 2.5 1.0 4.0 0.0 3.0 0.5 0.0 1.0 0.5 2.5 2.0 1.5 1.0 3.0 2.0 2.5 2.5 0.0 1.5 2.0 3.0 2.5 4.0 0.0 2.0 2.0 3.5 1.0 3.0 0.0 2.0 4.0 4.0 0.5 1.0 1.5 3.0 4.0 3.0 1.5 0.0 3.5 2.5 0.5 1.0 1.5 1.0 3.0 2.5 3.0 1.0 4.0 0.0 2.5 2.5 3.0 1.5 0.5 1.5 2.0 1.0 2.0 0.0 1.5 1.5 0.0 0.5 2.0 2.5 1.5 1.0 1.0 3.5 2.5 2.0 3.5 0.0 0.0 0.0 3.5 0.0 0.5 2.0 3.5 4.0 0.5 3.0 0.0 0.5 0.0 0.0 0.0 0.0 0.0 2.0 1.5 0.0 1.5 0.0 3.0 0.5 1.5 0.0 0.0 0.0 4.0
1785427910.27,133,1,15.00,40.793,25.11,250.05,0.1422,0.2204,0.0406,0.2810,0.2395,0.1877,0.0406,0.1227,0.3069,0.1281,0.3289,0.0728,0.3368,0.1163,2.0 2.0 2.5 1.5 2.0 2.5 1.0 1.5 0.5 4.0 0.0 1.5 3.0 3.5 2.5 1.0 3.0 0.0 2.0 2.5 2.5 2.5 2.5 1.0 4.0 0.0 3.0 0.5 0.0 1.0 0.5 2.5 2.0 1.5 1.0 3.0 2.0 2.5 2.5 0.0 1.5 2.0 3.0 2.5 4.0 0.0 2.0 2.0 3.5 1.0 3.0 0.0 2.0 4.0 4.0 0.5 1.0 1.5 3.0 4.0 3.0 1.5 0.0 3.5 2.5 0.5 1.0 1.5 1.0 3.0 2.5 3.0 1.0 4.0 0.0 2.5 2.5 3.0 1.5 0.5 1.5 2.0 1.0 2.0 0.0 1.5 1.5 0.0 0.5 2.0 2.5 1.5 1.0 1.0 3.5 2.5 2.0 3.5 0.0 0.0 0.0 3.5 0.0 0.5 2.0 3.5 4.0 0.5 3.0 0.0 0.5 0.0 0.0 0.0 0.0 0.0 2.0 1.5 0.0 1.5 0.0 3.0 0.5 1.5 0.0 0.0 0.0 4.0
1785427910.37,133,2,15.00,40.793,25.11,250.05,0.1500,0.2155,0.0455,0.2688,0.2380,0.1975,0.0494,0.1256,0.2986,0.1398,0.3319,0.0694,0.3299,0.1237,2.0 2.0 2.5 1.5 2.0 2.5 1.0 1.5 0.5 4.0 0.0 1.5 3.0 3.5 2.5 1.0 3.0 0.0 2.0 2.5 2.5 2.5 2.5 1.0 4.0 0.0 3.0 0.5 0.0 1.0 0.5 2.5 2.0 1.5 1.0 3.0 2.0 2.5 2.5 0.0 1.5 2.0 3.0 2.5 4.0 0.0 2.0 2.0 3.5 1.0 3.0 0.0 2.0 4.0 4.0 0.5 1.0 1.5 3.0 4.0 3.0 1.5 0.0 3.5 2.5 0.5 1.0 1.5 1.0 3.0 2.5 3.0 1.0 4.0 0.0 2.5 2.5 3.0 1.5 0.5 1.5 2.0 1.0 2.0 0.0 1.5 1.5 0.0 0.5 2.0 2.5 1.5 1.0 1.0 3.5 2.5 2.0 3.5 0.0 0.0 0.0 3.5 0.0 0.5 2.0 3.5 4.0 0.5 3.0 0.0 0.5 0.0 0.0 0.0 0.0 0.0 2.0 1.5 0.0 1.5 0.0 3.0 0.5 1.5 0.0 0.0 0.0 4.0
1785427911.05,134,0,15.00,40.793,25.11,250.04,0.1491,0.2297,0.0557,0.1447,0.0611,0.2400,0.0503,0.2072,0.3460,0.1158,0.3196,0.0543,0.3133,0.1339,2.5 2.5 3.0 3.5 4.0 0.0 1.0 0.5 4.0 1.0 2.0 0.0 3.0 4.0 4.0 1.5 0.0 0.0 2.0 2.0 3.0 4.0 2.0 2.5 3.0 4.0 1.5 0.5 3.0 3.0 1.5 3.0 3.0 2.0 2.5 1.0 2.0 1.5 0.5 0.0 2.0 0.0 3.5 4.0 2.0 1.5 3.5 3.0 1.0 4.0 1.0 0.0 1.0 2.5 0.5 4.0 0.5 0.0 2.5 3.5 0.5 0.0 0.0 0.5 4.0 1.0 1.5 2.0 1.5 1.0 1.5 2.0 1.5 3.0 1.5 4.0 3.5 0.0 2.5 2.5 0.0 2.5 1.5 0.5 4.0 2.5 3.0 0.5 3.5 1.0 4.0 2.5 4.0 1.0 2.0 0.0 3.0 0.5 0.0 0.0 0.0 0.5 2.5 2.0 1.5 3.0 3.0 0.5 2.5 2.5 1.0 0.0 0.0 0.0 0.0 0.0 3.0 3.5 0.0 0.0 0.0 1.0 0.5 3.0 0.0 0.0 0.0 0.5
1785427911.15,134,1,15.00,40.793,25.11,250.04,0.1491,0.2322,0.0406,0.1496,0.0591,0.2429,0.0518,0.2092,0.3309,0.1183,0.3284,0.0523,0.3030,0.1315,2.5 2.5 3.0 3.5 4.0 0.0 1.0 0.5 4.0 1.0 2.0 0.0 3.0 4.0 4.0 1.5 0.0 0.0 2.0 2.0 3.0 4.0 2.0 2.5 3.0 4.0 1.5 0.5 3.0 3.0 1.5 3.0 3.0 2.0 2.5 1.0 2.0 1.5 0.5 0.0 2.0 0.0 3.5 4.0 2.0 1.5 3.5 3.0 1.0 4.0 1.0 0.0 1.0 2.5 0.5 4.0 0.5 0.0 2.5 3.5 0.5 0.0 0.0 0.5 4.0 1.0 1.5 2.0 1.5 1.0 1.5 2.0 1.5 3.0 1.5 4.0 3.5 0.0 2.5 2.5 0.0 2.5 1.5 0.5 4.0 2.5 3.0 0.5 3.5 1.0 4.0 2.5 4.0 1.0 2.0 0.0 3.0 0.5 0.0 0.0 0.0 0.5 2.5 2.0 1.5 3.0 3.0 0.5 2.5 2.5 1.0 0.0 0.0 0.0 0.0 0.0 3.0 3.5 0.0 0.0 0.0 1.0 0.5 3.0 0.0 0.0 0.0 0.5
1785427911.24,134,2,15.00,40.793,25.11,250.04,0.1457,0.2336,0.0445,0.1334,0.0640,0.2434,0.0464,0.2111,0.3451,0.1212,0.3152,0.0474,0.3167,0.1271,2.5 2.5 3.0 3.5 4.0 0.0 1.0 0.5 4.0 1.0 2.0 0.0 3.0 4.0 4.0 1.5 0.0 0.0 2.0 2.0 3.0 4.0 2.0 2.5 3.0 4.0 1.5 0.5 3.0 3.0 1.5 3.0 3.0 2.0 2.5 1.0 2.0 1.5 0.5 0.0 2.0 0.0 3.5 4.0 2.0 1.5 3.5 3.0 1.0 4.0 1.0 0.0 1.0 2.5 0.5 4.0 0.5 0.0 2.5 3.5 0.5 0.0 0.0 0.5 4.0 1.0 1.5 2.0 1.5 1.0 1.5 2.0 1.5 3.0 1.5 4.0 3.5 0.0 2.5 2.5 0.0 2.5 1.5 0.5 4.0 2.5 3.0 0.5 3.5 1.0 4.0 2.5 4.0 1.0 2.0 0.0 3.0 0.5 0.0 0.0 0.0 0.5 2.5 2.0 1.5 3.0 3.0 0.5 2.5 2.5 1.0 0.0 0.0 0.0 0.0 0.0 3.0 3.5 0.0 0.0 0.0 1.0 0.5 3.0 0.0 0.0 0.0 0.5
1785427911.93,135,0,15.00,40.793,25.11,250.04,0.1486,0.2385,0.0420,0.1373,0.0503,0.2312,0.0430,0.2151,0.2014,0.1051,0.2947,0.0415,0.3324,0.1261,1.5 2.0 0.5 1.5 0.0 2.0 0.0 4.0 4.0 2.0 4.0 4.0 0.5 0.0 4.0 0.5 4.0 0.5 2.0 0.0 3.0 4.0 1.0 3.0 3.5 3.0 3.5 2.5 3.0 0.0 0.0 3.5 4.0 0.0 1.0 0.5 1.0 2.0 2.0 0.0 2.0 2.5 4.0 0.0 1.5 2.0 3.0 2.5 0.0 3.5 0.0 0.0 0.5 4.0 2.5 3.5 2.0 4.0 3.5 0.5 3.0 1.5 0.0 3.0 2.5 1.0 2.5 3.0 2.0 1.0 3.0 1.0 0.5 1.5 2.0 3.5 0.0 1.5 2.5 1.0 2.0 0.0 4.0 2.0 0.0 0.0 4.0 1.5 4.0 3.5 3.5 0.5 3.5 0.5 0.5 0.0 4.0 1.0 0.0 0.0 0.0 2.0 0.5 2.5 0.5 1.0 1.5 2.5 0.5 0.5 4.0 0.0 0.0 0.0 0.0 0.0 1.5 4.0 0.0 3.0 0.0 3.0 3.0 0.0 0.0 0.0 0.0 4.0
1785427912.03,135,1,15.00,40.793,25.11,250.04,0.1520,0.2356,0.0430,0.1344,0.0479,0.2336,0.0445,0.2048,0.1926,0.1119,0.2957,0.0440,0.3289,0.1315,1.5 2.0 0.5 1.5 0.0 2.0 0.0 4.0 4.0 2.0 4.0 4.0 0.5 0.0 4.0 0.5 4.0 0.5 2.0 0.0 3.0 4.0 1.0 3.0 3.5 3.0 3.5 2.5 3.0 0.0 0.0 3.5 4.0 0.0 1.0 0.5 1.0 2.0 2.0 0.0 2.0 2.5 4.0 0.0 1.5 2.0 3.0 2.5 0.0 3.5 0.0 0.0 0.5 4.0 2.5 3.5 2.0 4.0 3.5 0.5 3.0 1.5 0.0 3.0 2.5 1.0 2.5 3.0 2.0 1.0 3.0 1.0 0.5 1.5 2.0 3.5 0.0 1.5 2.5 1.0 2.0 0.0 4.0 2.0 0.0 0.0 4.0 1.5 4.0 3.5 3.5 0.5 3.5 0.5 0.5 0.0 4.0 1.0 0.0 0.0 0.0 2.0 0.5 2.5 0.5 1.0 1.5 2.5 0.5 0.5 4.0 0.0 0.0 0.0 0.0 0.0 1.5 4.0 0.0 3.0 0.0 3.0 3.0 0.0 0.0 0.0 0.0 4.0
1785427912.12,135,2,15.00,40.793,25.11,250.04,0.1491,0.2287,0.0411,0.1383,0.0508,0.2312,0.0396,0.2165,0.2028,0.1041,0.2933,0.0445,0.3275,0.1295,1.5 2.0 0.5 1.5 0.0 2.0 0.0 4.0 4.0 2.0 4.0 4.0 0.5 0.0 4.0 0.5 4.0 0.5 2.0 0.0 3.0 4.0 1.0 3.0 3.5 3.0 3.5 2.5 3.0 0.0 0.0 3.5 4.0 0.0 1.0 0.5 1.0 2.0 2.0 0.0 2.0 2.5 4.0 0.0 1.5 2.0 3.0 2.5 0.0 3.5 0.0 0.0 0.5 4.0 2.5 3.5 2.0 4.0 3.5 0.5 3.0 1.5 0.0 3.0 2.5 1.0 2.5 3.0 2.0 1.0 3.0 1.0 0.5 1.5 2.0 3.5 0.0 1.5 2.5 1.0 2.0 0.0 4.0 2.0 0.0 0.0 4.0 1.5 4.0 3.5 3.5 0.5 3.5 0.5 0.5 0.0 4.0 1.0 0.0 0.0 0.0 2.0 0.5 2.5 0.5 1.0 1.5 2.5 0.5 0.5 4.0 0.0 0.0 0.0 0.0 0.0 1.5 4.0 0.0 3.0 0.0 3.0 3.0 0.0 0.0 0.0 0.0 4.0
1785427912.80,136,0,15.00,40.853,25.11,250.04,0.1457,0.2600,0.0406,0.0982,0.2449,0.3055,0.1227,0.1095,0.0728,0.3069,0.1843,0.0479,0.0503,0.1193,2.5 0.5 1.5 1.0 0.0 3.5 1.0 1.0 0.0 2.5 3.5 4.0 2.0 1.0 4.0 1.5 0.5 1.0 2.5 0.0 4.0 2.5 1.0 2.5 1.5 2.5 4.0 2.0 2.5 1.5 1.5 0.5 3.5 2.5 0.5 0.0 1.5 2.5 2.5 0.0 2.0 1.5 0.0 1.5 0.5 3.0 3.5 1.0 0.5 3.0 0.0 0.0 2.0 0.5 1.0 1.0 3.0 4.0 3.0 1.5 1.0 1.0 0.0 2.5 3.0 4.0 2.0 2.5 2.5 3.5 2.5 1.5 0.0 2.0 3.5 0.0 4.0 3.5 0.5 2.5 3.0 4.0 4.0 1.5 2.5 2.0 2.0 4.0 1.0 3.5 4.0 4.0 3.5 0.5 3.5 2.5 0.0 3.0 0.0 0.0 0.0 0.5 2.5 2.0 1.0 0.5 0.5 2.5 2.0 0.5 3.0 0.0 0.0 0.0 0.0 0.0 2.5 2.0 0.0 1.0 0.0 4.0 0.0 3.5 0.0 0.0 0.0 2.0
1785427912.90,136,1,15.00,40.853,25.11,250.04,0.1500,0.2517,0.0464,0.1007,0.2488,0.3006,0.1285,0.1163,0.0679,0.3148,0.1940,0.0484,0.0430,0.1183,2.5 0.5 1.5 1.0 0.0 3.5 1.0 1.0 0.0 2.5 3.5 4.0 2.0 1.0 4.0 1.5 0.5 1.0 2.5 0.0 4.0 2.5 1.0 2.5 1.5 2.5 4.0 2.0 2.5 1.5 1.5 0.5 3.5 2.5 0.5 0.0 1.5 2.5 2.5 0.0 2.0 1.5 0.0 1.5 0.5 3.0 3.5 1.0 0.5 3.0 0.0 0.0 2.0 0.5 1.0 1.0 3.0 4.0 3.0 1.5 1.0 1.0 0.0 2.5 3.0 4.0 2.0 2.5 2.5 3.5 2.5 1.5 0.0 2.0 3.5 0.0 4.0 3.5 0.5 2.5 3.0 4.0 4.0 1.5 2.5 2.0 2.0 4.0 1.0 3.5 4.0 4.0 3.5 0.5 3.5 2.5 0.0 3.0 0.0 0.0 0.0 0.5 2.5 2.0 1.0 0.5 0.5 2.5 2.0 0.5 3.0 0.0 0.0 0.0 0.0 0.0 2.5 2.0 0.0 1.0 0.0 4.0 0.0 3.5 0.0 0.0 0.0 2.0
1785427913.00,136,2,15.00,40.853,25.11,250.04,0.1544,0.2527,0.0459,0.1085,0.2532,0.2977,0.1251,0.1188,0.0684,0.3094,0.1906,0.0523,0.0411,0.1173,2.5 0.5 1.5 1.0 0.0 3.5 1.0 1.0 0.0 2.5 3.5 4.0 2.0 1.0 4.0 1.5 0.5 1.0 2.5 0.0 4.0 2.5 1.0 2.5 1.5 2.5 4.0 2.0 2.5 1.5 1.5 0.5 3.5 2.5 0.5 0.0 1.5 2.5 2.5 0.0 2.0 1.5 0.0 1.5 0.5 3.0 3.5 1.0 0.5 3.0 0.0 0.0 2.0 0.5 1.0 1.0 3.0 4.0 3.0 1.5 1.0 1.0 0.0 2.5 3.0 4.0 2.0 2.5 2.5 3.5 2.5 1.5 0.0 2.0 3.5 0.0 4.0 3.5 0.5 2.5 3.0 4.0 4.0 1.5 2.5 2.0 2.0 4.0 1.0 3.5 4.0 4.0 3.5 0.5 3.5 2.5 0.0 3.0 0.0 0.0 0.0 0.5 2.5 2.0 1.0 0.5 0.5 2.5 2.0 0.5 3.0 0.0 0.0 0.0 0.0 0.0 2.5 2.0 0.0 1.0 0.0 4.0 0.0 3.5 0.0 0.0 0.0 2.0
1785427913.68,137,0,15.00,40.753,25.11,250.04,0.1491,0.2185,0.0435,0.1403,0.0494,0.2224,0.0479,0.0557,0.0591,0.0601,0.0503,0.0459,0.0577,0.1290,0.0 3.5 0.5 3.0 0.0 3.0 3.5 0.5 1.0 3.0 0.5 0.0 1.0 4.0 1.5 4.0 2.0 0.5 4.0 4.0 2.0 0.5 2.0 2.0 3.5 0.5 3.0 3.0 3.0 3.0 2.0 3.0 1.0 0.5 4.0 1.5 0.5 3.0 3.5 0.0 1.5 4.0 0.5 2.0 2.0 1.0 2.5 0.5 4.0 4.0 0.5 0.0 0.0 4.0 3.0 0.0 0.0 2.5 2.5 2.5 0.0 1.5 0.0 1.0 3.0 2.5 1.0 2.5 4.0 1.5 0.0 4.0 1.5 2.5 0.5 1.5 1.5 3.5 4.0 3.0 4.0 0.5 1.0 3.5 0.5 0.5 1.0 3.0 1.0 0.0 0.0 4.0 0.5 4.0 1.0 2.5 4.0 0.5 0.0 0.0 0.0 2.0 4.0 3.0 1.0 0.5 0.5 3.0 0.5 0.0 3.0 0.0 0.0 0.0 0.0 0.0 1.5 4.0 0.0 1.5 0.0 3.0 4.0 3.0 0.0 0.0 0.0 3.5
1785427913.78,137,1,15.00,40.753,25.11,250.04,0.1476,0.2258,0.0435,0.1373,0.0464,0.2248,0.0479,0.0606,0.0655,0.0533,0.0528,0.0464,0.0518,0.1261,0.0 3.5 0.5 3.0 0.0 3.0 3.5 0.5 1.0 3.0 0.5 0.0 1.0 4.0 1.5 4.0 2.0 0.5 4.0 4.0 2.0 0.5 2.0 2.0 3.5 0.5 3.0 3.0 3.0 3.0 2.0 3.0 1.0 0.5 4.0 1.5 0.5 3.0 3.5 0.0 1.5 4.0 0.5 2.0 2.0 1.0 2.5 0.5 4.0 4.0 0.5 0.0 0.0 4.0 3.0 0.0 0.0 2.5 2.5 2.5 0.0 1.5 0.0 1.0 3.0 2.5 1.0 2.5 4.0 1.5 0.0 4.0 1.5 2.5 0.5 1.5 1.5 3.5 4.0 3.0 4.0 0.5 1.0 3.5 0.5 0.5 1.0 3.0 1.0 0.0 0.0 4.0 0.5 4.0 1.0 2.5 4.0 0.5 0.0 0.0 0.0 2.0 4.0 3.0 1.0 0.5 0.5 3.0 0.5 0.0 3.0 0.0 0.0 0.0 0.0 0.0 1.5 4.0 0.0 1.5 0.0 3.0 4.0 3.0 0.0 0.0 0.0 3.5
1785427913.88,137,2,15.00,40.753,25.11,250.04,0.1413,0.2248,0.0479,0.1461,0.0474,0.2253,0.0489,0.0577,0.0621,0.0567,0.0518,0.0508,0.0543,0.1310,0.0 3.5 0.5 3.0 0.0 3.0 3.5 0.5 1.0 3.0 0.5 0.0 1.0 4.0 1.5 4.0 2.0 0.5 4.0 4.0 2.0 0.5 2.0 2.0 3.5 0.5 3.0 3.0 3.0 3.0 2.0 3.0 1.0 0.5 4.0 1.5 0.5 3.0 3.5 0.0 1.5 4.0 0.5 2.0 2.0 1.0 2.5 0.5 4.0 4.0 0.5 0.0 0.0 4.0 3.0 0.0 0.0 2.5 2.5 2.5 0.0 1.5 0.0 1.0 3.0 2.5 1.0 2.5 4.0 1.5 0.0 4.0 1.5 2.5 0.5 1.5 1.5 3.5 4.0 3.0 4.0 0.5 1.0 3.5 0.5 0.5 1.0 3.0 1.0 0.0 0.0 4.0 0.5 4.0 1.0 2.5 4.0 0.5 0.0 0.0 0.0 2.0 4.0 3.0 1.0 0.5 0.5 3.0 0.5 0.0 3.0 0.0 0.0 0.0 0.0 0.0 1.5 4.0 0.0 1.5 0.0 3.0 4.0 3.0 0.0 0.0 0.0 3.5
1785427914.55,138,0,15.00,40.773,25.11,250.04,0.1496,0.2248,0.0425,0.2532,0.1632,0.2058,0.0474,0.0660,0.0499,0.0753,0.0503,0.0533,0.0572,0.1227,3.0 2.0 4.0 2.5 2.5 0.5 4.0 4.0 1.0 1.0 2.0 2.0 0.0 3.0 4.0 0.5 4.0 0.5 3.5 1.5 3.5 2.0 2.5 3.5 0.0 3.0 0.5 1.5 0.5 1.0 2.0 2.5 3.0 0.0 4.0 2.0 0.0 2.5 1.5 0.0 1.0 0.0 0.0 4.0 1.0 2.5 0.0 0.0 3.0 3.5 3.5 0.0 2.5 2.5 2.5 0.5 1.0 3.0 0.0 1.5 4.0 2.5 0.0 0.5 2.0 1.5 1.0 2.0 1.5 3.5 2.0 4.0 2.5 4.0 2.0 4.0 3.0 3.5 3.5 3.5 3.5 2.0 0.0 2.0 3.5 2.0 1.0 2.5 1.0 1.5 4.0 4.0 3.5 0.0 2.5 3.5 4.0 2.0 0.0 0.0 0.0 3.0 0.5 4.0 1.0 0.0 0.0 1.5 1.0 1.0 1.0 0.0 0.0 0.0 0.0 0.0 3.5 2.0 0.0 4.0 0.0 3.5 1.5 4.0 0.0 0.0 0.0 3.0
1785427914.65,138,1,15.00,40.773,25.11,250.04,0.1447,0.2351,0.0430,0.2625,0.1623,0.2058,0.0479,0.0660,0.0518,0.0772,0.0572,0.0518,0.0513,0.1212,3.0 2.0 4.0 2.5 2.5 0.5 4.0 4.0 1.0 1.0 2.0 2.0 0.0 3.0 4.0 0.5 4.0 0.5 3.5 1.5 3.5 2.0 2.5 3.5 0.0 3.0 0.5 1.5 0.5 1.0 2.0 2.5 3.0 0.0 4.0 2.0 0.0 2.5 1.5 0.0 1.0 0.0 0.0 4.0 1.0 2.5 0.0 0.0 3.0 3.5 3.5 0.0 2.5 2.5 2.5 0.5 1.0 3.0 0.0 1.5 4.0 2.5 0.0 0.5 2.0 1.5 1.0 2.0 1.5 3.5 2.0 4.0 2.5 4.0 2.0 4.0 3.0 3.5 3.5 3.5 3.5 2.0 0.0 2.0 3.5 2.0 1.0 2.5 1.0 1.5 4.0 4.0 3.5 0.0 2.5 3.5 4.0 2.0 0.0 0.0 0.0 3.0 0.5 4.0 1.0 0.0 0.0 1.5 1.0 1.0 1.0 0.0 0.0 0.0 0.0 0.0 3.5 2.0 0.0 4.0 0.0 3.5 1.5 4.0 0.0 0.0 0.0 3.0
1785427914.75,138,2,15.00,40.773,25.11,250.04,0.1520,0.2273,0.0494,0.2502,0.1672,0.2121,0.0518,0.0679,0.0455,0.0841,0.0513,0.0396,0.0562,0.1212,3.0 2.0 4.0 2.5 2.5 0.5 4.0 4.0 1.0 1.0 2.0 2.0 0.0 3.0 4.0 0.5 4.0 0.5 3.5 1.5 3.5 2.0 2.5 3.5 0.0 3.0 0.5 1.5 0.5 1.0 2.0 2.5 3.0 0.0 4.0 2.0 0.0 2.5 1.5 0.0 1.0 0.0 0.0 4.0 1.0 2.5 0.0 0.0 3.0 3.5 3.5 0.0 2.5 2.5 2.5 0.5 1.0 3.0 0.0 1.5 4.0 2.5 0.0 0.5 2.0 1.5 1.0 2.0 1.5 3.5 2.0 4.0 2.5 4.0 2.0 4.0 3.0 3.5 3.5 3.5 3.5 2.0 0.0 2.0 3.5 2.0 1.0 2.5 1.0 1.5 4.0 4.0 3.5 0.0 2.5 3.5 4.0 2.0 0.0 0.0 0.0 3.0 0.5 4.0 1.0 0.0 0.0 1.5 1.0 1.0 1.0 0.0 0.0 0.0 0.0 0.0 3.5 2.0 0.0 4.0 0.0 3.5 1.5 4.0 0.0 0.0 0.0 3.0
1785427915.43,139,0,15.00,40.853,25.11,250.04,0.1378,0.2625,0.0435,0.1628,0.0538,0.2717,0.0948,0.1002,0.0718,0.2077,0.1061,0.0469,0.0391,0.1163,0.0 3.5 4.0 1.0 0.0 1.0 3.0 3.5 0.0 3.0 1.5 0.0 1.5 0.0 1.5 0.5 0.5 3.5 2.0 1.5 0.0 2.0 1.0 3.0 2.0 2.0 2.0 3.5 4.0 3.0 0.5 1.5 2.5 1.0 1.0 1.0 3.0 1.5 2.5 0.0 2.0 2.0 1.0 2.5 0.0 2.0 3.0 1.5 1.0 0.0 3.5 0.0 0.5 1.0 1.5 1.5 0.0 1.0 3.5 3.0 1.5 3.5 0.0 1.5 0.5 2.5 2.5 0.5 3.0 2.5 0.5 3.0 2.5 0.5 3.0 2.5 4.0 0.0 4.0 2.0 3.0 1.0 2.5 0.0 0.5 0.5 1.0 2.0 4.0 2.0 3.0 1.5 4.0 2.5 2.5 1.0 4.0 4.0 0.0 0.0 0.0 0.5 1.0 4.0 2.5 3.5 1.0 2.5 4.0 2.0 0.0 0.0 0.0 0.0 0.0 0.0 3.0 1.5 0.0 1.0 0.0 1.5 0.0 1.5 0.0 0.0 0.0 2.5
1785427915.53,139,1,15.00,40.853,25.11,250.04,0.1447,0.2659,0.0440,0.1540,0.0479,0.2791,0.0973,0.1124,0.0655,0.2116,0.1149,0.0538,0.0332,0.1007,0.0 3.5 4.0 1.0 0.0 1.0 3.0 3.5 0.0 3.0 1.5 0.0 1.5 0.0 1.5 0.5 0.5 3.5 2.0 1.5 0.0 2.0 1.0 3.0 2.0 2.0 2.0 3.5 4.0 3.0 0.5 1.5 2.5 1.0 1.0 1.0 3.0 1.5 2.5 0.0 2.0 2.0 1.0 2.5 0.0 2.0 3.0 1.5 1.0 0.0 3.5 0.0 0.5 1.0 1.5 1.5 0.0 1.0 3.5 3.0 1.5 3.5 0.0 1.5 0.5 2.5 2.5 0.5 3.0 2.5 0.5 3.0 2.5 0.5 3.0 2.5 4.0 0.0 4.0 2.0 3.0 1.0 2.5 0.0 0.5 0.5 1.0 2.0 4.0 2.0 3.0 1.5 4.0 2.5 2.5 1.0 4.0 4.0 0.0 0.0 0.0 0.5 1.0 4.0 2.5 3.5 1.0 2.5 4.0 2.0 0.0 0.0 0.0 0.0 0.0 0.0 3.0 1.5 0.0 1.0 0.0 1.5 0.0 1.5 0.0 0.0 0.0 2.5
1785427915.63,139,2,15.00,40.853,25.11,250.04,0.1510,0.2581,0.0415,0.1623,0.0479,0.2786,0.0963,0.1119,0.0704,0.2121,0.1153,0.0401,0.0391,0.1036,0.0 3.5 4.0 1.0 0.0 1.0 3.0 3.5 0.0 3.0 1.5 0.0 1.5 0.0 1.5 0.5 0.5 3.5 2.0 1.5 0.0 2.0 1.0 3.0 2.0 2.0 2.0 3.5 4.0 3.0 0.5 1.5 2.5 1.0 1.0 1.0 3.0 1.5 2.5 0.0 2.0 2.0 1.0 2.5 0.0 2.0 3.0 1.5 1.0 0.0 3.5 0.0 0.5 1.0 1.5 1.5 0.0 1.0 3.5 3.0 1.5 3.5 0.0 1.5 0.5 2.5 2.5 0.5 3.0 2.5 0.5 3.0 2.5 0.5 3.0 2.5 4.0 0.0 4.0 2.0 3.0 1.0 2.5 0.0 0.5 0.5 1.0 2.0 4.0 2.0 3.0 1.5 4.0 2.5 2.5 1.0 4.0 4.0 0.0 0.0 0.0 0.5 1.0 4.0 2.5 3.5 1.0 2.5 4.0 2.0 0.0 0.0 0.0 0.0 0.0 0.0 3.0 1.5 0.0 1.0 0.0 1.5 0.0 1.5 0.0 0.0 0.0 2.5
1785427916.31,140,0,15.00,40.853,25.11,250.04,0.1530,0.2366,0.0415,0.2063,0.0474,0.2234,0.1075,0.1359,0.2977,0.0459,0.2336,0.0420,0.2498,0.1095,0.0 3.0 2.5 2.0 3.5 4.0 2.5 1.5 2.0 3.0 1.5 0.0 3.5 3.0 1.0 1.5 1.0 2.0 2.5 2.5 0.5 2.5 2.5 0.5 4.0 1.0 2.0 4.0 2.5 1.0 3.5 4.0 2.0 4.0 0.5 1.0 0.0 1.5 3.5 0.0 3.5 2.0 0.0 4.0 2.5 3.0 1.0 3.0 2.0 1.0 2.0 0.0 0.5 3.0 3.0 3.5 2.0 3.5 1.0 1.0 0.5 2.0 0.0 1.0 3.0 2.0 0.5 3.0 4.0 1.0 1.0 1.5 0.5 1.5 3.5 2.5 1.0 2.5 1.0 2.5 3.5 1.5 3.5 2.5 0.0 1.0 0.5 1.0 1.5 1.5 1.5 4.0 3.5 2.0 3.5 2.5 4.0 0.0 0.0 0.0 0.0 0.5 4.0 0.0 2.5 2.0 1.5 0.5 1.5 2.0 0.0 0.0 0.0 0.0 0.0 0.0 1.0 1.5 0.0 3.5 0.0 3.0 0.0 3.5 0.0 0.0 0.0 1.5
1785427916.41,140,1,15.00,40.853,25.11,250.04,0.1510,0.2375,0.0484,0.2048,0.0543,0.2229,0.1046,0.1334,0.2898,0.0503,0.2297,0.0469,0.2473,0.1100,0.0 3.0 2.5 2.0 3.5 4.0 2.5 1.5 2.0 3.0 1.5 0.0 3.5 3.0 1.0 1.5 1.0 2.0 2.5 2.5 0.5 2.5 2.5 0.5 4.0 1.0 2.0 4.0 2.5 1.0 3.5 4.0 2.0 4.0 0.5 1.0 0.0 1.5 3.5 0.0 3.5 2.0 0.0 4.0 2.5 3.0 1.0 3.0 2.0 1.0 2.0 0.0 0.5 3.0 3.0 3.5 2.0 3.5 1.0 1.0 0.5 2.0 0.0 1.0 3.0 2.0 0.5 3.0 4.0 1.0 1.0 1.5 0.5 1.5 3.5 2.5 1.0 2.5 1.0 2.5 3.5 1.5 3.5 2.5 0.0 1.0 0.5 1.0 1.5 1.5 1.5 4.0 3.5 2.0 3.5 2.5 4.0 0.0 0.0 0.0 0.0 0.5 4.0 0.0 2.5 2.0 1.5 0.5 1.5 2.0 0.0 0.0 0.0 0.0 0.0 0.0 1.0 1.5 0.0 3.5 0.0 3.0 0.0 3.5 0.0 0.0 0.0 1.5
1785427916.51,140,2,15.00,40.853,25.11,250.04,0.1461,0.2429,0.0391,0.2067,0.0582,0.2195,0.1149,0.1320,0.2898,0.0420,0.2248,0.0445,0.2488,0.1114,0.0 3.0 2.5 2.0 3.5 4.0 2.5 1.5 2.0 3.0 1.5 0.0 3.5 3.0 1.0 1.5 1.0 2.0 2.5 2.5 0.5 2.5 2.5 0.5 4.0 1.0 2.0 4.0 2.5 1.0 3.5 4.0 2.0 4.0 0.5 1.0 0.0 1.5 3.5 0.0 3.5 2.0 0.0 4.0 2.5 3.0 1.0 3.0 2.0 1.0 2.0 0.0 0.5 3.0 3.0 3.5 2.0 3.5 1.0 1.0 0.5 2.0 0.0 1.0 3.0 2.0 0.5 3.0 4.0 1.0 1.0 1.5 0.5 1.5 3.5 2.5 1.0 2.5 1.0 2.5 3.5 1.5 3.5 2.5 0.0 1.0 0.5 1.0 1.5 1.5 1.5 4.0 3.5 2.0 3.5 2.5 4.0 0.0 0.0 0.0 0.0 0.5 4.0 0.0 2.5 2.0 1.5 0.5 1.5 2.0 0.0 0.0 0.0 0.0 0.0 0.0 1.0 1.5 0.0 3.5 0.0 3.0 0.0 3.5 0.0 0.0 0.0 1.5
1785427917.19,141,0,15.00,40.753,25.11,250.04,0.1359,0.2370,0.0411,0.2195,0.0499,0.2786,0.0836,0.0420,0.3113,0.0577,0.3426,0.0455,0.3240,0.0997,2.0 2.5 4.0 3.0 0.5 1.5 1.5 4.0 0.0 3.5 0.0 4.0 2.5 0.5 3.0 0.0 0.5 2.0 3.0 1.5 0.5 3.0 0.0 1.5 1.5 0.5 2.5 3.0 3.5 2.5 3.0 2.0 4.0 2.5 4.0 0.5 3.0 4.0 0.5 0.0 2.0 3.0 2.5 0.0 1.0 3.5 2.0 4.0 3.0 3.0 3.5 0.0 2.5 2.0 1.0 2.0 0.0 3.0 3.0 1.5 1.5 2.5 0.0 3.0 4.0 0.5 1.5 3.0 1.5 3.0 4.0 0.0 1.0 2.0 2.5 1.5 2.0 2.5 2.5 2.0 1.0 2.0 2.5 0.0 3.5 3.5 0.0 2.5 4.0 4.0 1.5 0.5 1.5 1.5 1.0 1.5 4.0 2.0 0.0 0.0 0.0 0.0 1.5 0.0 0.5 2.0 1.5 0.5 4.0 4.0 1.0 0.0 0.0 0.0 0.0 0.0 4.0 0.5 0.0 3.0 0.0 2.5 0.5 3.0 0.0 0.0 0.0 1.0
1785427917.29,141,1,15.00,40.753,25.11,250.04,0.1359,0.2439,0.0406,0.2234,0.0489,0.2859,0.0806,0.0425,0.3162,0.0567,0.3412,0.0474,0.3270,0.0924,2.0 2.5 4.0 3.0 0.5 1.5 1.5 4.0 0.0 3.5 0.0 4.0 2.5 0.5 3.0 0.0 0.5 2.0 3.0 1.5 0.5 3.0 0.0 1.5 1.5 0.5 2.5 3.0 3.5 2.5 3.0 2.0 4.0 2.5 4.0 0.5 3.0 4.0 0.5 0.0 2.0 3.0 2.5 0.0 1.0 3.5 2.0 4.0 3.0 3.0 3.5 0.0 2.5 2.0 1.0 2.0 0.0 3.0 3.0 1.5 1.5 2.5 0.0 3.0 4.0 0.5 1.5 3.0 1.5 3.0 4.0 0.0 1.0 2.0 2.5 1.5 2.0 2.5 2.5 2.0 1.0 2.0 2.5 0.0 3.5 3.5 0.0 2.5 4.0 4.0 1.5 0.5 1.5 1.5 1.0 1.5 4.0 2.0 0.0 0.0 0.0 0.0 1.5 0.0 0.5 2.0 1.5 0.5 4.0 4.0 1.0 0.0 0.0 0.0 0.0 0.0 4.0 0.5 0.0 3.0 0.0 2.5 0.5 3.0 0.0 0.0 0.0 1.0
1785427917.39,141,2,15.00,40.753,25.11,250.04,0.1452,0.2454,0.0420,0.2253,0.0616,0.2752,0.0782,0.0411,0.3099,0.0591,0.3392,0.0455,0.3240,0.1012,2.0 2.5 4.0 3.0 0.5 1.5 1.5 4.0 0.0 3.5 0.0 4.0 2.5 0.5 3.0 0.0 0.5 2.0 3.0 1.5 0.5 3.0 0.0 1.5 1.5 0.5 2.5 3.0 3.5 2.5 3.0 2.0 4.0 2.5 4.0 0.5 3.0 4.0 0.5 0.0 2.0 3.0 2.5 0.0 1.0 3.5 2.0 4.0 3.0 3.0 3.5 0.0 2.5 2.0 1.0 2.0 0.0 3.0 3.0 1.5 1.5 2.5 0.0 3.0 4.0 0.5 1.5 3.0 1.5 3.0 4.0 0.0 1.0 2.0 2.5 1.5 2.0 2.5 2.5 2.0 1.0 2.0 2.5 0.0 3.5 3.5 0.0 2.5 4.0 4.0 1.5 0.5 1.5 1.5 1.0 1.5 4.0 2.0 0.0 0.0 0.0 0.0 1.5 0.0 0.5 2.0 1.5 0.5 4.0 4.0 1.0 0.0 0.0 0.0 0.0 0.0 4.0 0.5 0.0 3.0 0.0 2.5 0.5 3.0 0.0 0.0 0.0 1.0
1785427918.06,142,0,15.00,40.773,25.11,250.04,0.1525,0.2405,0.0440,0.2561,0.1764,0.2488,0.0572,0.1994,0.1926,0.1955,0.1134,0.1080,0.0489,0.1119,3.5 2.0 2.5 4.0 2.0 0.0 1.5 0.0 1.5 4.0 3.5 1.5 3.5 2.0 0.5 3.5 2.0 0.5 0.5 3.5 2.5 3.0 4.0 3.5 2.5 3.5 1.5 0.5 1.0 1.0 2.5 3.0 4.0 2.5 3.0 2.5 1.5 0.0 2.5 0.0 2.5 0.0 1.5 0.0 0.5 3.5 3.5 2.0 0.5 2.5 4.0 0.0 1.5 3.5 1.0 3.0 3.5 3.5 3.5 1.5 0.5 3.0 0.0 0.0 3.0 3.5 2.0 2.5 2.5 1.5 2.5 2.0 2.0 3.5 0.0 2.0 3.0 2.0 0.5 2.0 2.0 2.5 2.0 3.5 1.0 3.5 0.0 3.5 4.0 0.0 3.0 1.5 3.0 0.5 1.0 3.5 0.5 2.5 0.0 0.0 0.0 2.5 2.5 2.5 3.0 3.0 1.5 3.0 2.0 1.0 0.0 0.0 0.0 0.0 0.0 0.0 4.0 1.0 0.0 2.0 0.0 1.5 3.0 1.0 0.0 0.0 0.0 3.0
1785427918.16,142,1,15.00,40.773,25.11,250.04,0.1535,0.2478,0.0469,0.2532,0.1789,0.2463,0.0567,0.1979,0.1931,0.1882,0.1124,0.1085,0.0518,0.1119,3.5 2.0 2.5 4.0 2.0 0.0 1.5 0.0 1.5 4.0 3.5 1.5 3.5 2.0 0.5 3.5 2.0 0.5 0.5 3.5 2.5 3.0 4.0 3.5 2.5 3.5 1.5 0.5 1.0 1.0 2.5 3.0 4.0 2.5 3.0 2.5 1.5 0.0 2.5 0.0 2.5 0.0 1.5 0.0 0.5 3.5 3.5 2.0 0.5 2.5 4.0 0.0 1.5 3.5 1.0 3.0 3.5 3.5 3.5 1.5 0.5 3.0 0.0 0.0 3.0 3.5 2.0 2.5 2.5 1.5 2.5 2.0 2.0 3.5 0.0 2.0 3.0 2.0 0.5 2.0 2.0 2.5 2.0 3.5 1.0 3.5 0.0 3.5 4.0 0.0 3.0 1.5 3.0 0.5 1.0 3.5 0.5 2.5 0.0 0.0 0.0 2.5 2.5 2.5 3.0 3.0 1.5 3.0 2.0 1.0 0.0 0.0 0.0 0.0 0.0 0.0 4.0 1.0 0.0 2.0 0.0 1.5 3.0 1.0 0.0 0.0 0.0 3.0
1785427918.26,142,2,15.00,40.773,25.11,250.04,0.1496,0.2458,0.0435,0.2678,0.1799,0.2483,0.0572,0.2019,0.1882,0.1779,0.1100,0.1051,0.0425,0.1090,3.5 2.0 2.5 4.0 2.0 0.0 1.5 0.0 1.5 4.0 3.5 1.5 3.5 2.0 0.5 3.5 2.0 0.5 0.5 3.5 2.5 3.0 4.0 3.5 2.5 3.5 1.5 0.5 1.0 1.0 2.5 3.0 4.0 2.5 3.0 2.5 1.5 0.0 2.5 0.0 2.5 0.0 1.5 0.0 0.5 3.5 3.5 2.0 0.5 2.5 4.0 0.0 1.5 3.5 1.0 3.0 3.5 3.5 3.5 1.5 0.5 3.0 0.0 0.0 3.0 3.5 2.0 2.5 2.5 1.5 2.5 2.0 2.0 3.5 0.0 2.0 3.0 2.0 0.5 2.0 2.0 2.5 2.0 3.5 1.0 3.5 0.0 3.5 4.0 0.0 3.0 1.5 3.0 0.5 1.0 3.5 0.5 2.5 0.0 0.0 0.0 2.5 2.5 2.5 3.0 3.0 1.5 3.0 2.0 1.0 0.0 0.0 0.0 0.0 0.0 0.0 4.0 1.0 0.0 2.0 0.0 1.5 3.0 1.0 0.0 0.0 0.0 3.0
1785427918.94,143,0,15.00,40.833,25.11,250.04,0.1364,0.2361,0.0367,0.2116,0.0611,0.2077,0.0508,0.0538,0.2830,0.0660,0.2957,0.0450,0.2889,0.1022,3.0 4.0 0.5 2.5 3.0 3.0 1.5 0.5 0.5 1.5 2.0 3.0 3.0 1.0 0.0 1.0 2.5 3.0 0.0 0.0 0.5 3.5 0.0 0.0 0.5 0.0 1.0 2.5 1.0 3.5 2.0 0.0 0.5 0.5 0.0 3.5 0.0 1.0 0.0 0.0 4.0 3.0 2.0 2.0 1.5 4.0 1.5 0.5 1.0 3.0 0.5 0.0 1.5 4.0 4.0 1.5 0.0 2.5 2.0 0.5 1.5 3.5 0.0 0.5 2.5 2.5 0.5 1.5 2.5 3.0 3.5 2.0 3.5 1.5 0.5 1.5 3.5 1.0 2.0 0.5 2.5 3.0 0.0 2.0 2.0 4.0 1.0 0.5 1.5 0.0 1.5 3.5 0.0 3.5 0.5 0.0 2.5 0.5 0.0 0.0 0.0 2.5 0.5 2.5 4.0 0.0 4.0 4.0 0.0 3.0 3.0 0.0 0.0 0.0 0.0 0.0 3.0 2.0 0.0 0.5 0.0 2.5 2.0 1.5 0.0 0.0 0.0 3.5
1785427919.04,143,1,15.00,40.833,25.11,250.04,0.1378,0.2361,0.0401,0.2067,0.0616,0.2053,0.0513,0.0557,0.2859,0.0674,0.2972,0.0420,0.2845,0.1026,3.0 4.0 0.5 2.5 3.0 3.0 1.5 0.5 0.5 1.5 2.0 3.0 3.0 1.0 0.0 1.0 2.5 3.0 0.0 0.0 0.5 3.5 0.0 0.0 0.5 0.0 1.0 2.5 1.0 3.5 2.0 0.0 0.5 0.5 0.0 3.5 0.0 1.0 0.0 0.0 4.0 3.0 2.0 2.0 1.5 4.0 1.5 0.5 1.0 3.0 0.5 0.0 1.5 4.0 4.0 1.5 0.0 2.5 2.0 0.5 1.5 3.5 0.0 0.5 2.5 2.5 0.5 1.5 2.5 3.0 3.5 2.0 3.5 1.5 0.5 1.5 3.5 1.0 2.0 0.5 2.5 3.0 0.0 2.0 2.0 4.0 1.0 0.5 1.5 0.0 1.5 3.5 0.0 3.5 0.5 0.0 2.5 0.5 0.0 0.0 0.0 2.5 0.5 2.5 4.0 0.0 4.0 4.0 0.0 3.0 3.0 0.0 0.0 0.0 0.0 0.0 3.0 2.0 0.0 0.5 0.0 2.5 2.0 1.5 0.0 0.0 0.0 3.5
1785427919.14,143,2,15.00,40.833,25.11,250.04,0.1364,0.2366,0.0391,0.2097,0.0621,0.2067,0.0484,0.0572,0.2849,0.0655,0.2977,0.0430,0.2864,0.1051,3.0 4.0 0.5 2.5 3.0 3.0 1.5 0.5 0.5 1.5 2.0 3.0 3.0 1.0 0.0 1.0 2.5 3.0 0.0 0.0 0.5 3.5 0.0 0.0 0.5 0.0 1.0 2.5 1.0 3.5 2.0 0.0 0.5 0.5 0.0 3.5 0.0 1.0 0.0 0.0 4.0 3.0 2.0 2.0 1.5 4.0 1.5 0.5 1.0 3.0 0.5 0.0 1.5 4.0 4.0 1.5 0.0 2.5 2.0 0.5 1.5 3.5 0.0 0.5 2.5 2.5 0.5 1.5 2.5 3.0 3.5 2.0 3.5 1.5 0.5 1.5 3.5 1.0 2.0 0.5 2.5 3.0 0.0 2.0 2.0 4.0 1.0 0.5 1.5 0.0 1.5 3.5 0.0 3.5 0.5 0.0 2.5 0.5 0.0 0.0 0.0 2.5 0.5 2.5 4.0 0.0 4.0 4.0 0.0 3.0 3.0 0.0 0.0 0.0 0.0 0.0 3.0 2.0 0.0 0.5 0.0 2.5 2.0 1.5 0.0 0.0 0.0 3.5
1785427919.82,144,0,15.00,40.813,25.11,250.04,0.1496,0.2537,0.0430,0.2019,0.0508,0.2625,0.0538,0.1901,0.3148,0.1530,0.2649,0.0836,0.1935,0.1173,2.0 1.5 0.5 1.0 3.0 1.5 0.5 0.0 0.0 1.0 3.0 3.0 1.5 0.0 0.5 2.5 0.5 0.0 1.0 1.5 4.0 1.0 1.0 0.5 3.0 1.0 2.0 0.5 3.5 1.5 4.0 2.0 3.5 2.5 4.0 3.5 0.0 0.0 2.5 0.0 1.5 3.0 3.5 1.5 3.5 1.0 2.0 0.5 3.0 1.5 2.5 0.0 3.5 4.0 4.0 2.5 0.5 3.5 4.0 0.5 4.0 2.5 0.0 1.0 2.0 4.0 3.0 0.0 1.0 4.0 1.5 1.5 2.0 2.0 2.0 3.0 1.0 1.5 2.5 2.0 1.0 1.5 2.0 0.0 0.0 4.0 1.0 3.0 4.0 3.0 0.5 3.5 0.5 2.0 1.5 0.0 0.5 1.5 0.0 0.0 0.0 2.5 3.0 0.5 2.0 2.0 3.0 2.0 2.0 0.5 3.0 0.0 0.0 0.0 0.0 0.0 3.0 2.5 0.0 4.0 0.0 1.5 0.5 0.5 0.0 0.0 0.0 3.0
1785427919.92,144,1,15.00,40.813,25.11,250.04,0.1525,0.2532,0.0420,0.2019,0.0557,0.2639,0.0567,0.1808,0.3162,0.1496,0.2595,0.0806,0.1926,0.1193,2.0 1.5 0.5 1.0 3.0 1.5 0.5 0.0 0.0 1.0 3.0 3.0 1.5 0.0 0.5 2.5 0.5 0.0 1.0 1.5 4.0 1.0 1.0 0.5 3.0 1.0 2.0 0.5 3.5 1.5 4.0 2.0 3.5 2.5 4.0 3.5 0.0 0.0 2.5 0.0 1.5 3.0 3.5 1.5 3.5 1.0 2.0 0.5 3.0 1.5 2.5 0.0 3.5 4.0 4.0 2.5 0.5 3.5 4.0 0.5 4.0 2.5 0.0 1.0 2.0 4.0 3.0 0.0 1.0 4.0 1.5 1.5 2.0 2.0 2.0 3.0 1.0 1.5 2.5 2.0 1.0 1.5 2.0 0.0 0.0 4.0 1.0 3.0 4.0 3.0 0.5 3.5 0.5 2.0 1.5 0.0 0.5 1.5 0.0 0.0 0.0 2.5 3.0 0.5 2.0 2.0 3.0 2.0 2.0 0.5 3.0 0.0 0.0 0.0 0.0 0.0 3.0 2.5 0.0 4.0 0.0 1.5 0.5 0.5 0.0 0.0 0.0 3.0
1785427920.02,144,2,15.00,40.813,25.11,250.04,0.1481,0.2478,0.0420,0.2033,0.0533,0.2625,0.0557,0.1760,0.3128,0.1452,0.2605,0.0885,0.1926,0.1168,2.0 1.5 0.5 1.0 3.0 1.5 0.5 0.0 0.0 1.0 3.0 3.0 1.5 0.0 0.5 2.5 0.5 0.0 1.0 1.5 4.0 1.0 1.0 0.5 3.0 1.0 2.0 0.5 3.5 1.5 4.0 2.0 3.5 2.5 4.0 3.5 0.0 0.0 2.5 0.0 1.5 3.0 3.5 1.5 3.5 1.0 2.0 0.5 3.0 1.5 2.5 0.0 3.5 4.0 4.0 2.5 0.5 3.5 4.0 0.5 4.0 2.5 0.0 1.0 2.0 4.0 3.0 0.0 1.0 4.0 1.5 1.5 2.0 2.0 2.0 3.0 1.0 1.5 2.5 2.0 1.0 1.5 2.0 0.0 0.0 4.0 1.0 3.0 4.0 3.0 0.5 3.5 0.5 2.0 1.5 0.0 0.5 1.5 0.0 0.0 0.0 2.5 3.0 0.5 2.0 2.0 3.0 2.0 2.0 0.5 3.0 0.0 0.0 0.0 0.0 0.0 3.0 2.5 0.0 4.0 0.0 1.5 0.5 0.5 0.0 0.0 0.0 3.0
1785427920.69,145,0,15.00,40.893,25.11,250.04,0.1505,0.2380,0.0479,0.1999,0.0753,0.2219,0.0572,0.0479,0.3245,0.1437,0.3661,0.0503,0.3402,0.1100,0.0 2.0 2.5 4.0 0.5 2.5 1.5 2.0 1.0 3.5 1.5 1.5 1.0 1.0 2.5 1.0 1.5 0.0 0.5 3.5 1.5 0.0 0.0 2.0 4.0 1.0 3.5 1.0 3.5 1.5 2.5 0.5 1.0 1.5 4.0 1.0 3.0 4.0 3.0 0.0 2.0 1.0 2.5 2.5 0.0 0.5 0.5 1.5 0.5 1.5 3.0 0.0 3.0 4.0 1.5 1.0 2.5 3.5 2.0 0.0 1.5 2.0 0.0 1.0 2.5 3.0 3.5 2.0 3.0 1.5 0.0 0.5 3.5 2.5 2.0 3.0 3.0 2.0 3.5 1.0 2.5 1.5 4.0 0.5 4.0 2.5 0.0 0.5 1.0 0.5 0.0 0.0 2.0 1.0 3.5 4.0 4.0 4.0 0.0 0.0 0.0 0.5 1.0 0.5 0.5 1.0 1.0 0.5 3.5 3.0 3.0 0.0 0.0 0.0 0.0 0.0 1.5 0.5 0.0 3.0 0.0 3.5 2.0 1.0 0.0 0.0 0.0 4.0
1785427920.79,145,1,15.00,40.893,25.11,250.04,0.1530,0.2414,0.0455,0.1994,0.0733,0.2219,0.0538,0.0508,0.3250,0.1427,0.3685,0.0484,0.3397,0.1100,0.0 2.0 2.5 4.0 0.5 2.5 1.5 2.0 1.0 3.5 1.5 1.5 1.0 1.0 2.5 1.0 1.5 0.0 0.5 3.5 1.5 0.0 0.0 2.0 4.0 1.0 3.5 1.0 3.5 1.5 2.5 0.5 1.0 1.5 4.0 1.0 3.0 4.0 3.0 0.0 2.0 1.0 2.5 2.5 0.0 0.5 0.5 1.5 0.5 1.5 3.0 0.0 3.0 4.0 1.5 1.0 2.5 3.5 2.0 0.0 1.5 2.0 0.0 1.0 2.5 3.0 3.5 2.0 3.0 1.5 0.0 0.5 3.5 2.5 2.0 3.0 3.0 2.0 3.5 1.0 2.5 1.5 4.0 0.5 4.0 2.5 0.0 0.5 1.0 0.5 0.0 0.0 2.0 1.0 3.5 4.0 4.0 4.0 0.0 0.0 0.0 0.5 1.0 0.5 0.5 1.0 1.0 0.5 3.5 3.0 3.0 0.0 0.0 0.0 0.0 0.0 1.5 0.5 0.0 3.0 0.0 3.5 2.0 1.0 0.0 0.0 0.0 4.0
1785427920.88,145,2,15.00,40.893,25.11,250.04,0.1549,0.2395,0.0455,0.1989,0.0762,0.2209,0.0587,0.0469,0.3250,0.1422,0.3646,0.0494,0.3387,0.1090,0.0 2.0 2.5 4.0 0.5 2.5 1.5 2.0 1.0 3.5 1.5 1.5 1.0 1.0 2.5 1.0 1.5 0.0 0.5 3.5 1.5 0.0 0.0 2.0 4.0 1.0 3.5 1.0 3.5 1.5 2.5 0.5 1.0 1.5 4.0 1.0 3.0 4.0 3.0 0.0 2.0 1.0 2.5 2.5 0.0 0.5 0.5 1.5 0.5 1.5 3.0 0.0 3.0 4.0 1.5 1.0 2.5 3.5 2.0 0.0 1.5 2.0 0.0 1.0 2.5 3.0 3.5 2.0 3.0 1.5 0.0 0.5 3.5 2.5 2.0 3.0 3.0 2.0 3.5 1.0 2.5 1.5 4.0 0.5 4.0 2.5 0.0 0.5 1.0 0.5 0.0 0.0 2.0 1.0 3.5 4.0 4.0 4.0 0.0 0.0 0.0 0.5 1.0 0.5 0.5 1.0 1.0 0.5 3.5 3.0 3.0 0.0 0.0 0.0 0.0 0.0 1.5 0.5 0.0 3.0 0.0 3.5 2.0 1.0 0.0 0.0 0.0 4.0
1785427921.57,146,0,15.00,40.773,25.11,250.04,0.1500,0.2458,0.0450,0.1813,0.0963,0.2786,0.0621,0.0630,0.1447,0.0596,0.1144,0.0508,0.1271,0.1281,3.0 1.0 0.5 3.5 0.0 4.0 2.5 0.0 2.0 4.0 0.5 0.0 2.5 0.0 2.5 1.5 3.5 1.0 3.0 3.0 2.5 0.5 3.5 1.5 2.0 0.5 3.0 2.5 0.0 3.0 3.0 2.5 3.5 1.5 1.0 3.0 1.5 1.5 1.0 0.0 1.5 1.0 2.0 2.5 3.5 4.0 3.5 2.5 3.5 2.0 3.5 0.0 3.5 4.0 0.0 3.0 3.5 2.0 0.5 0.0 0.5 2.5 0.0 1.5 3.5 0.5 2.0 0.5 2.0 3.0 1.5 3.5 0.0 3.5 2.5 0.0 2.5 0.0 2.5 4.0 2.5 4.0 3.0 3.5 4.0 3.0 0.0 3.0 3.5 2.0 3.0 4.0 0.5 0.5 0.0 0.5 0.0 3.0 0.0 0.0 0.0 1.5 2.0 1.5 3.0 0.0 0.5 3.0 0.5 2.5 1.5 0.0 0.0 0.0 0.0 0.0 1.5 3.5 0.0 4.0 0.0 3.5 2.0 2.5 0.0 0.0 0.0 0.5
1785427921.66,146,1,15.00,40.773,25.11,250.04,0.1476,0.2468,0.0455,0.1838,0.1002,0.2757,0.0635,0.0655,0.1461,0.0626,0.1105,0.0528,0.1290,0.1261,3.0 1.0 0.5 3.5 0.0 4.0 2.5 0.0 2.0 4.0 0.5 0.0 2.5 0.0 2.5 1.5 3.5 1.0 3.0 3.0 2.5 0.5 3.5 1.5 2.0 0.5 3.0 2.5 0.0 3.0 3.0 2.5 3.5 1.5 1.0 3.0 1.5 1.5 1.0 0.0 1.5 1.0 2.0 2.5 3.5 4.0 3.5 2.5 3.5 2.0 3.5 0.0 3.5 4.0 0.0 3.0 3.5 2.0 0.5 0.0 0.5 2.5 0.0 1.5 3.5 0.5 2.0 0.5 2.0 3.0 1.5 3.5 0.0 3.5 2.5 0.0 2.5 0.0 2.5 4.0 2.5 4.0 3.0 3.5 4.0 3.0 0.0 3.0 3.5 2.0 3.0 4.0 0.5 0.5 0.0 0.5 0.0 3.0 0.0 0.0 0.0 1.5 2.0 1.5 3.0 0.0 0.5 3.0 0.5 2.5 1.5 0.0 0.0 0.0 0.0 0.0 1.5 3.5 0.0 4.0 0.0 3.5 2.0 2.5 0.0 0.0 0.0 0.5
1785427921.76,146,2,15.00,40.773,25.11,250.04,0.1515,0.2444,0.0459,0.1799,0.0968,0.2776,0.0630,0.0626,0.1452,0.0640,0.1129,0.0528,0.1271,0.1276,3.0 1.0 0.5 3.5 0.0 4.0 2.5 0.0 2.0 4.0 0.5 0.0 2.5 0.0 2.5 1.5 3.5 1.0 3.0 3.0 2.5 0.5 3.5 1.5 2.0 0.5 3.0 2.5 0.0 3.0 3.0 2.5 3.5 1.5 1.0 3.0 1.5 1.5 1.0 0.0 1.5 1.0 2.0 2.5 3.5 4.0 3.5 2.5 3.5 2.0 3.5 0.0 3.5 4.0 0.0 3.0 3.5 2.0 0.5 0.0 0.5 2.5 0.0 1.5 3.5 0.5 2.0 0.5 2.0 3.0 1.5 3.5 0.0 3.5 2.5 0.0 2.5 0.0 2.5 4.0 2.5 4.0 3.0 3.5 4.0 3.0 0.0 3.0 3.5 2.0 3.0 4.0 0.5 0.5 0.0 0.5 0.0 3.0 0.0 0.0 0.0 1.5 2.0 1.5 3.0 0.0 0.5 3.0 0.5 2.5 1.5 0.0 0.0 0.0 0.0 0.0 1.5 3.5 0.0 4.0 0.0 3.5 2.0 2.5 0.0 0.0 0.0 0.5
1785427922.45,147,0,15.00,40.833,25.11,250.04,0.1496,0.2458,0.0425,0.1452,0.0489,0.2341,0.0484,0.1652,0.0880,0.1070,0.0826,0.0587,0.0596,0.1285,3.5 2.5 0.0 1.5 3.5 1.5 3.5 2.0 0.0 3.0 2.0 1.0 2.0 1.0 1.5 2.5 4.0 2.5 2.0 1.0 1.5 1.5 1.5 3.0 0.5 2.0 1.0 3.0 0.5 0.5 4.0 1.5 4.0 2.5 1.0 2.0 1.0 2.0 4.0 0.0 4.0 3.5 4.0 1.0 2.0 2.5 1.5 3.5 1.5 1.5 3.0 0.0 1.0 3.0 2.5 4.0 3.5 4.0 4.0 0.0 0.5 3.5 0.0 2.5 4.0 0.5 0.0 2.5 4.0 0.0 1.0 3.5 1.0 0.5 0.0 2.0 4.0 3.0 0.0 1.0 1.0 2.5 3.0 1.5 4.0 0.5 3.5 0.0 4.0 3.0 0.5 4.0 2.5 0.0 0.5 0.5 1.0 1.0 0.0 0.0 0.0 0.5 2.5 3.5 1.5 2.0 4.0 3.0 0.0 2.0 0.5 0.0 0.0 0.0 0.0 0.0 1.0 3.5 0.0 2.5 0.0 3.0 0.0 1.0 0.0 0.0 0.0 3.5
1785427922.55,147,1,15.00,40.833,25.11,250.04,0.1486,0.2478,0.0415,0.1447,0.0508,0.2331,0.0503,0.1676,0.0865,0.1109,0.0836,0.0582,0.0596,0.1237,3.5 2.5 0.0 1.5 3.5 1.5 3.5 2.0 0.0 3.0 2.0 1.0 2.0 1.0 1.5 2.5 4.0 2.5 2.0 1.0 1.5 1.5 1.5 3.0 0.5 2.0 1.0 3.0 0.5 0.5 4.0 1.5 4.0 2.5 1.0 2.0 1.0 2.0 4.0 0.0 4.0 3.5 4.0 1.0 2.0 2.5 1.5 3.5 1.5 1.5 3.0 0.0 1.0 3.0 2.5 4.0 3.5 4.0 4.0 0.0 0.5 3.5 0.0 2.5 4.0 0.5 0.0 2.5 4.0 0.0 1.0 3.5 1.0 0.5 0.0 2.0 4.0 3.0 0.0 1.0 1.0 2.5 3.0 1.5 4.0 0.5 3.5 0.0 4.0 3.0 0.5 4.0 2.5 0.0 0.5 0.5 1.0 1.0 0.0 0.0 0.0 0.5 2.5 3.5 1.5 2.0 4.0 3.0 0.0 2.0 0.5 0.0 0.0 0.0 0.0 0.0 1.0 3.5 0.0 2.5 0.0 3.0 0.0 1.0 0.0 0.0 0.0 3.5
1785427922.65,147,2,15.00,40.833,25.11,250.04,0.1486,0.2483,0.0450,0.1413,0.0494,0.2346,0.0489,0.1657,0.0885,0.1070,0.0831,0.0582,0.0557,0.1276,3.5 2.5 0.0 1.5 3.5 1.5 3.5 2.0 0.0 3.0 2.0 1.0 2.0 1.0 1.5 2.5 4.0 2.5 2.0 1.0 1.5 1.5 1.5 3.0 0.5 2.0 1.0 3.0 0.5 0.5 4.0 1.5 4.0 2.5 1.0 2.0 1.0 2.0 4.0 0.0 4.0 3.5 4.0 1.0 2.0 2.5 1.5 3.5 1.5 1.5 3.0 0.0 1.0 3.0 2.5 4.0 3.5 4.0 4.0 0.0 0.5 3.5 0.0 2.5 4.0 0.5 0.0 2.5 4.0 0.0 1.0 3.5 1.0 0.5 0.0 2.0 4.0 3.0 0.0 1.0 1.0 2.5 3.0 1.5 4.0 0.5 3.5 0.0 4.0 3.0 0.5 4.0 2.5 0.0 0.5 0.5 1.0 1.0 0.0 0.0 0.0 0.5 2.5 3.5 1.5 2.0 4.0 3.0 0.0 2.0 0.5 0.0 0.0 0.0 0.0 0.0 1.0 3.5 0.0 2.5 0.0 3.0 0.0 1.0 0.0 0.0 0.0 3.5
1785427923.33,148,0,15.00,40.833,25.11,250.04,0.1491,0.2400,0.0435,0.1906,0.0973,0.2713,0.0635,0.0503,0.3016,0.1799,0.2600,0.0440,0.3177,0.1173,3.5 0.5 2.5 4.0 3.0 2.0 0.5 4.0 2.0 1.0 4.0 0.5 1.0 0.5 4.0 3.0 3.5 1.5 0.5 2.0 2.5 1.5 0.5 3.0 0.5 1.0 0.5 3.0 2.0 2.0 2.5 3.0 1.0 3.0 1.5 0.5 1.5 2.5 0.0 0.0 0.0 4.0 4.0 3.0 2.5 0.0 1.0 3.0 3.5 2.5 2.5 0.0 2.0 0.0 4.0 4.0 0.0 0.5 1.0 2.5 1.0 2.0 0.0 3.5 0.5 1.5 0.5 3.0 0.0 2.0 0.5 0.5 3.5 3.5 2.5 3.0 3.5 1.5 3.0 2.0 4.0 1.5 2.5 4.0 4.0 4.0 1.5 0.5 4.0 2.5 3.5 2.0 2.0 0.0 2.5 0.5 1.5 1.5 0.0 0.0 0.0 4.0 0.0 0.0 4.0 1.0 3.0 4.0 2.5 4.0 1.0 0.0 0.0 0.0 0.0 0.0 2.5 2.5 0.0 3.0 0.0 3.5 1.0 0.0 0.0 0.0 0.0 2.0
1785427923.43,148,1,15.00,40.833,25.11,250.04,0.1486,0.2400,0.0430,0.1891,0.0978,0.2722,0.0626,0.0503,0.3006,0.1789,0.2527,0.0430,0.3187,0.1222,3.5 0.5 2.5 4.0 3.0 2.0 0.5 4.0 2.0 1.0 4.0 0.5 1.0 0.5 4.0 3.0 3.5 1.5 0.5 2.0 2.5 1.5 0.5 3.0 0.5 1.0 0.5 3.0 2.0 2.0 2.5 3.0 1.0 3.0 1.5 0.5 1.5 2.5 0.0 0.0 0.0 4.0 4.0 3.0 2.5 0.0 1.0 3.0 3.5 2.5 2.5 0.0 2.0 0.0 4.0 4.0 0.0 0.5 1.0 2.5 1.0 2.0 0.0 3.5 0.5 1.5 0.5 3.0 0.0 2.0 0.5 0.5 3.5 3.5 2.5 3.0 3.5 1.5 3.0 2.0 4.0 1.5 2.5 4.0 4.0 4.0 1.5 0.5 4.0 2.5 3.5 2.0 2.0 0.0 2.5 0.5 1.5 1.5 0.0 0.0 0.0 4.0 0.0 0.0 4.0 1.0 3.0 4.0 2.5 4.0 1.0 0.0 0.0 0.0 0.0 0.0 2.5 2.5 0.0 3.0 0.0 3.5 1.0 0.0 0.0 0.0 0.0 2.0
1785427923.52,148,2,15.00,40.833,25.11,250.04,0.1471,0.2410,0.0425,0.1901,0.1002,0.2737,0.0640,0.0469,0.2991,0.1804,0.2571,0.0455,0.3192,0.1222,3.5 0.5 2.5 4.0 3.0 2.0 0.5 4.0 2.0 1.0 4.0 0.5 1.0 0.5 4.0 3.0 3.5 1.5 0.5 2.0 2.5 1.5 0.5 3.0 0.5 1.0 0.5 3.0 2.0 2.0 2.5 3.0 1.0 3.0 1.5 0.5 1.5 2.5 0.0 0.0 0.0 4.0 4.0 3.0 2.5 0.0 1.0 3.0 3.5 2.5 2.5 0.0 2.0 0.0 4.0 4.0 0.0 0.5 1.0 2.5 1.0 2.0 0.0 3.5 0.5 1.5 0.5 3.0 0.0 2.0 0.5 0.5 3.5 3.5 2.5 3.0 3.5 1.5 3.0 2.0 4.0 1.5 2.5 4.0 4.0 4.0 1.5 0.5 4.0 2.5 3.5 2.0 2.0 0.0 2.5 0.5 1.5 1.5 0.0 0.0 0.0 4.0 0.0 0.0 4.0 1.0 3.0 4.0 2.5 4.0 1.0 0.0 0.0 0.0 0.0 0.0 2.5 2.5 0.0 3.0 0.0 3.5 1.0 0.0 0.0 0.0 0.0 2.0
1785427924.20,149,0,15.00,40.793,25.11,250.04,0.1476,0.2468,0.0459,0.2097,0.0543,0.2493,0.0587,0.0474,0.3128,0.2263,0.2395,0.0533,0.3162,0.1051,0.0 1.5 4.0 3.0 2.5 1.0 2.5 2.5 0.0 2.5 2.5 2.5 0.0 4.0 0.0 3.5 0.5 4.0 2.0 1.0 3.0 0.5 3.5 3.0 1.0 3.5 4.0 0.0 1.0 3.5 1.0 1.5 1.0 0.0 2.0 0.5 3.5 2.0 2.0 0.0 2.0 0.0 1.5 2.0 0.5 1.5 0.0 0.5 2.5 3.0 2.0 0.0 0.5 0.0 3.5 3.0 0.0 1.0 1.5 0.5 3.0 3.0 0.0 0.5 0.5 4.0 3.0 3.5 3.0 1.0 1.0 3.0 1.0 2.5 1.0 4.0 3.5 1.0 0.5 4.0 3.5 1.0 1.5 1.0 0.0 0.0 4.0 3.0 2.0 2.5 0.5 0.5 3.5 3.0 3.5 2.5 2.0 3.5 0.0 0.0 0.0 3.0 1.0 0.5 2.0 2.5 1.0 0.0 1.5 1.0 0.0 0.0 0.0 0.0 0.0 0.0 1.5 0.5 0.0 2.0 0.0 3.0 1.0 2.0 0.0 0.0 0.0 1.5
1785427924.30,149,1,15.00,40.793,25.11,250.04,0.1491,0.2512,0.0435,0.2082,0.0503,0.2527,0.0582,0.0489,0.3133,0.2283,0.2361,0.0518,0.3148,0.1031,0.0 1.5 4.0 3.0 2.5 1.0 2.5 2.5 0.0 2.5 2.5 2.5 0.0 4.0 0.0 3.5 0.5 4.0 2.0 1.0 3.0 0.5 3.5 3.0 1.0 3.5 4.0 0.0 1.0 3.5 1.0 1.5 1.0 0.0 2.0 0.5 3.5 2.0 2.0 0.0 2.0 0.0 1.5 2.0 0.5 1.5 0.0 0.5 2.5 3.0 2.0 0.0 0.5 0.0 3.5 3.0 0.0 1.0 1.5 0.5 3.0 3.0 0.0 0.5 0.5 4.0 3.0 3.5 3.0 1.0 1.0 3.0 1.0 2.5 1.0 4.0 3.5 1.0 0.5 4.0 3.5 1.0 1.5 1.0 0.0 0.0 4.0 3.0 2.0 2.5 0.5 0.5 3.5 3.0 3.5 2.5 2.0 3.5 0.0 0.0 0.0 3.0 1.0 0.5 2.0 2.5 1.0 0.0 1.5 1.0 0.0 0.0 0.0 0.0 0.0 0.0 1.5 0.5 0.0 2.0 0.0 3.0 1.0 2.0 0.0 0.0 0.0 1.5
1785427924.40,149,2,15.00,40.793,25.11,250.04,0.1510,0.2502,0.0450,0.2077,0.0518,0.2498,0.0596,0.0474,0.3138,0.2283,0.2380,0.0513,0.3167,0.1036,0.0 1.5 4.0 3.0 2.5 1.0 2.5 2.5 0.0 2.5 2.5 2.5 0.0 4.0 0.0 3.5 0.5 4.0 2.0 1.0 3.0 0.5 3.5 3.0 1.0 3.5 4.0 0.0 1.0 3.5 1.0 1.5 1.0 0.0 2.0 0.5 3.5 2.0 2.0 0.0 2.0 0.0 1.5 2.0 0.5 1.5 0.0 0.5 2.5 3.0 2.0 0.0 0.5 0.0 3.5 3.0 0.0 1.0 1.5 0.5 3.0 3.0 0.0 0.5 0.5 4.0 3.0 3.5 3.0 1.0 1.0 3.0 1.0 2.5 1.0 4.0 3.5 1.0 0.5 4.0 3.5 1.0 1.5 1.0 0.0 0.0 4.0 3.0 2.0 2.5 0.5 0.5 3.5 3.0 3.5 2.5 2.0 3.5 0.0 0.0 0.0 3.0 1.0 0.5 2.0 2.5 1.0 0.0 1.5 1.0 0.0 0.0 0.0 0.0 0.0 0.0 1.5 0.5 0.0 2.0 0.0 3.0 1.0 2.0 0.0 0.0 0.0 1.5
