t,ch,phase,rep,drive_v,dbm,bfm,temp_c,mA,pd0,pd1,pd2,pd3,pd4,pd5,pd6,pd7,pd8,pd9,pd10,pd11,pd12,pd13
1785438974.28,8,base,0,0.0,15.0,25.723,25.11,162.46,0.1711,0.2243,0.0626,0.1681,0.0689,0.2336,0.0665,0.0904,0.1652,0.0938,0.1241,0.0665,0.2151,0.1652
1785438974.38,8,base,1,0.0,15.0,25.723,25.11,162.46,0.1701,0.2239,0.0611,0.1608,0.0699,0.2366,0.0650,0.0953,0.1691,0.0929,0.1241,0.0704,0.2204,0.1681
1785438974.48,8,base,2,0.0,15.0,25.723,25.11,162.46,0.1696,0.2268,0.0640,0.1672,0.0679,0.2414,0.0689,0.0919,0.1740,0.0870,0.1281,0.0665,0.2204,0.1628
1785438974.57,8,base,3,0.0,15.0,25.723,25.11,162.46,0.1750,0.2331,0.0630,0.1760,0.0718,0.2356,0.0645,0.0924,0.1696,0.0934,0.1276,0.0684,0.2185,0.1652
1785438975.27,8,drive,0,0.5,15.0,25.723,25.11,162.46,0.1750,0.2390,0.0616,0.1926,0.0718,0.2463,0.0640,0.0885,0.1735,0.0987,0.1256,0.0733,0.2195,0.1667
1785438975.37,8,drive,1,0.5,15.0,25.723,25.11,162.46,0.1755,0.2414,0.0596,0.1975,0.0694,0.2454,0.0660,0.0894,0.1764,0.0973,0.1271,0.0733,0.2209,0.1652
1785438975.47,8,drive,2,0.5,15.0,25.723,25.11,162.46,0.1794,0.2405,0.0606,0.1999,0.0709,0.2405,0.0611,0.0943,0.1725,0.0953,0.1281,0.0733,0.2248,0.1637
1785438975.57,8,drive,3,0.5,15.0,25.723,25.11,162.46,0.1779,0.2361,0.0626,0.1935,0.0714,0.2478,0.0626,0.0914,0.1740,0.0992,0.1266,0.0694,0.2258,0.1662
1785438976.27,8,drive,0,1.0,15.0,25.723,25.11,162.46,0.1774,0.2429,0.0577,0.1896,0.0738,0.2537,0.0640,0.0934,0.1764,0.1017,0.1246,0.0714,0.2209,0.1647
1785438976.37,8,drive,1,1.0,15.0,25.723,25.11,162.46,0.1794,0.2454,0.0635,0.1872,0.0679,0.2522,0.0635,0.0929,0.1711,0.0987,0.1261,0.0728,0.2219,0.1662
1785438976.46,8,drive,2,1.0,15.0,25.723,25.11,162.46,0.1794,0.2439,0.0616,0.1862,0.0723,0.2551,0.0650,0.0953,0.1755,0.1007,0.1202,0.0718,0.2219,0.1657
1785438976.56,8,drive,3,1.0,15.0,25.723,25.11,162.46,0.1804,0.2449,0.0572,0.1857,0.0738,0.2551,0.0645,0.0934,0.1750,0.1007,0.1251,0.0728,0.2248,0.1672
1785438977.26,8,drive,0,1.5,15.0,25.723,25.11,162.46,0.1769,0.2395,0.0606,0.1813,0.0709,0.2532,0.0650,0.0943,0.1745,0.0987,0.1300,0.0704,0.2322,0.1676
1785438977.36,8,drive,1,1.5,15.0,25.723,25.11,162.46,0.1779,0.2429,0.0626,0.1769,0.0733,0.2527,0.0670,0.0963,0.1769,0.1012,0.1320,0.0709,0.2312,0.1662
1785438977.46,8,drive,2,1.5,15.0,25.723,25.11,162.46,0.1740,0.2380,0.0626,0.1784,0.0723,0.2522,0.0699,0.0958,0.1769,0.0978,0.1329,0.0709,0.2351,0.1652
1785438977.56,8,drive,3,1.5,15.0,25.723,25.11,162.46,0.1764,0.2410,0.0660,0.1789,0.0728,0.2522,0.0665,0.0958,0.1750,0.1002,0.1373,0.0718,0.2336,0.1672
1785438978.25,8,drive,0,2.0,15.0,25.723,25.11,162.46,0.1779,0.2405,0.0596,0.1720,0.0699,0.2537,0.0645,0.0958,0.1716,0.0943,0.1329,0.0679,0.2312,0.1667
1785438978.35,8,drive,1,2.0,15.0,25.723,25.11,162.46,0.1774,0.2366,0.0616,0.1701,0.0718,0.2527,0.0670,0.0973,0.1681,0.0978,0.1320,0.0704,0.2297,0.1686
1785438978.45,8,drive,2,2.0,15.0,25.723,25.11,162.46,0.1755,0.2405,0.0626,0.1667,0.0714,0.2512,0.0660,0.0958,0.1652,0.0938,0.1354,0.0723,0.2287,0.1672
1785438978.55,8,drive,3,2.0,15.0,25.723,25.11,162.46,0.1745,0.2361,0.0611,0.1681,0.0738,0.2527,0.0670,0.0953,0.1652,0.0973,0.1281,0.0694,0.2253,0.1657
1785438979.25,8,drive,0,2.5,15.0,25.723,25.11,162.46,0.1755,0.2351,0.0606,0.1623,0.0704,0.2522,0.0684,0.0943,0.1525,0.0924,0.1217,0.0704,0.2131,0.1588
1785438979.35,8,drive,1,2.5,15.0,25.723,25.11,162.46,0.1760,0.2385,0.0645,0.1652,0.0718,0.2551,0.0670,0.0953,0.1530,0.0958,0.1188,0.0714,0.2102,0.1662
1785438979.45,8,drive,2,2.5,15.0,25.723,25.11,162.46,0.1716,0.2356,0.0587,0.1642,0.0723,0.2537,0.0674,0.0929,0.1500,0.0953,0.1227,0.0694,0.2092,0.1681
1785438979.55,8,drive,3,2.5,15.0,25.723,25.11,162.46,0.1740,0.2356,0.0626,0.1632,0.0689,0.2527,0.0665,0.0938,0.1496,0.0973,0.1217,0.0738,0.2102,0.1623
1785438980.25,8,drive,0,3.0,15.0,25.723,25.11,162.46,0.1730,0.2366,0.0596,0.1613,0.0689,0.2522,0.0645,0.0948,0.1530,0.0987,0.1232,0.0723,0.2160,0.1691
1785438980.35,8,drive,1,3.0,15.0,25.723,25.11,162.46,0.1735,0.2366,0.0626,0.1608,0.0689,0.2507,0.0679,0.0958,0.1540,0.0968,0.1237,0.0738,0.2195,0.1676
1785438980.45,8,drive,2,3.0,15.0,25.723,25.11,162.46,0.1720,0.2366,0.0630,0.1642,0.0704,0.2517,0.0670,0.0963,0.1535,0.0997,0.1276,0.0723,0.2195,0.1662
1785438980.54,8,drive,3,3.0,15.0,25.723,25.11,162.46,0.1720,0.2361,0.0596,0.1637,0.0709,0.2517,0.0674,0.0953,0.1554,0.0982,0.1281,0.0709,0.2224,0.1657
1785438981.24,8,drive,0,3.5,15.0,25.723,25.11,162.46,0.1745,0.2351,0.0596,0.1618,0.0674,0.2546,0.0665,0.0938,0.1608,0.1051,0.1344,0.0699,0.2302,0.1667
1785438981.34,8,drive,1,3.5,15.0,25.723,25.11,162.46,0.1760,0.2361,0.0616,0.1593,0.0655,0.2542,0.0679,0.0924,0.1618,0.1065,0.1329,0.0670,0.2356,0.1681
1785438981.44,8,drive,2,3.5,15.0,25.723,25.11,162.46,0.1750,0.2390,0.0616,0.1628,0.0684,0.2532,0.0665,0.0958,0.1662,0.1041,0.1320,0.0723,0.2322,0.1672
1785438981.54,8,drive,3,3.5,15.0,25.723,25.11,162.46,0.1711,0.2414,0.0626,0.1579,0.0679,0.2522,0.0674,0.0963,0.1637,0.1036,0.1315,0.0723,0.2341,0.1657
1785438982.24,8,drive,0,4.0,15.0,25.723,25.11,162.46,0.1706,0.2356,0.0601,0.1598,0.0694,0.2507,0.0699,0.0973,0.1598,0.1070,0.1320,0.0728,0.2317,0.1642
1785438982.34,8,drive,1,4.0,15.0,25.723,25.11,162.46,0.1720,0.2366,0.0621,0.1613,0.0728,0.2537,0.0635,0.0904,0.1652,0.1075,0.1300,0.0709,0.2312,0.1686
1785438982.43,8,drive,2,4.0,15.0,25.723,25.11,162.46,0.1711,0.2356,0.0626,0.1632,0.0660,0.2546,0.0665,0.0943,0.1579,0.1080,0.1285,0.0684,0.2317,0.1681
1785438982.53,8,drive,3,4.0,15.0,25.723,25.11,162.46,0.1711,0.2356,0.0630,0.1603,0.0723,0.2537,0.0699,0.0958,0.1593,0.1095,0.1295,0.0699,0.2268,0.1667
1785438983.23,8,drive,0,4.5,15.0,25.723,25.11,162.46,0.1691,0.2375,0.0587,0.1452,0.0904,0.2463,0.0601,0.0924,0.1750,0.1007,0.1222,0.0860,0.2302,0.1535
1785438983.33,8,drive,1,4.5,15.0,25.723,25.11,162.46,0.1647,0.2224,0.0616,0.1701,0.0723,0.2434,0.0753,0.0953,0.1530,0.1080,0.1378,0.0689,0.2214,0.1681
1785438983.43,8,drive,2,4.5,15.0,25.723,25.11,162.46,0.1662,0.2424,0.0635,0.1544,0.0630,0.2610,0.0679,0.0850,0.1696,0.1022,0.1271,0.0699,0.2522,0.1696
1785438983.52,8,drive,3,4.5,15.0,25.723,25.11,162.46,0.1852,0.2434,0.0543,0.1652,0.0777,0.2517,0.0572,0.1026,0.1667,0.0978,0.1290,0.0806,0.2278,0.1667
1785438984.22,8,drive,0,5.0,15.0,25.723,25.11,162.46,0.1711,0.2219,0.0582,0.1686,0.0748,0.2478,0.0704,0.0958,0.1667,0.0973,0.1393,0.0679,0.2468,0.1652
1785438984.32,8,drive,1,5.0,15.0,25.723,25.11,162.46,0.1852,0.2307,0.0626,0.1628,0.0714,0.2444,0.0640,0.0934,0.1623,0.1026,0.1359,0.0806,0.2405,0.1652
1785438984.42,8,drive,2,5.0,15.0,25.723,25.11,162.46,0.1686,0.2248,0.0611,0.1647,0.0670,0.2502,0.0689,0.0953,0.1618,0.1114,0.1427,0.0689,0.2424,0.1657
1785438984.52,8,drive,3,5.0,15.0,25.723,25.11,162.46,0.1784,0.2253,0.0635,0.1755,0.0728,0.2424,0.0655,0.0924,0.1613,0.1012,0.1378,0.0782,0.2449,0.1618
1785438985.50,9,base,0,0.0,15.0,40.833,25.11,249.82,0.1716,0.2258,0.0606,0.1574,0.0723,0.2512,0.0665,0.0899,0.1804,0.1012,0.1432,0.0733,0.2571,0.1657
1785438985.60,9,base,1,0.0,15.0,40.833,25.11,249.82,0.1696,0.2185,0.0630,0.1598,0.0704,0.2507,0.0655,0.1065,0.1799,0.1017,0.1461,0.0714,0.2581,0.1588
1785438985.70,9,base,2,0.0,15.0,40.833,25.11,249.82,0.1667,0.2351,0.0587,0.1549,0.0689,0.2522,0.0665,0.0914,0.1818,0.1075,0.1442,0.0723,0.2537,0.1686
1785438985.81,9,base,3,0.0,15.0,40.833,25.11,249.82,0.1701,0.2219,0.0635,0.1549,0.0772,0.2537,0.0694,0.0992,0.1764,0.1100,0.1369,0.0709,0.2527,0.1681
1785438986.52,9,drive,0,0.5,15.0,40.833,25.11,249.82,0.1760,0.2258,0.0626,0.1549,0.0694,0.2566,0.0650,0.0938,0.1696,0.1173,0.1457,0.0679,0.2483,0.1691
1785438986.61,9,drive,1,0.5,15.0,40.833,25.11,249.82,0.1701,0.2331,0.0616,0.1574,0.0684,0.2595,0.0684,0.0880,0.1808,0.1065,0.1427,0.0718,0.2473,0.1701
1785438986.71,9,drive,2,0.5,15.0,40.833,25.11,249.82,0.1696,0.2253,0.0655,0.1510,0.0714,0.2483,0.0626,0.0938,0.1740,0.1109,0.1403,0.0802,0.2507,0.1686
1785438986.81,9,drive,3,0.5,15.0,40.833,25.11,249.82,0.1720,0.2263,0.0577,0.1584,0.0679,0.2561,0.0670,0.0943,0.1760,0.1070,0.1500,0.0718,0.2532,0.1564
1785438987.51,9,drive,0,1.0,15.0,40.833,25.11,249.82,0.1716,0.2312,0.0640,0.1471,0.0714,0.2590,0.0704,0.0992,0.1823,0.1080,0.1510,0.0709,0.2581,0.1691
1785438987.61,9,drive,1,1.0,15.0,40.833,25.11,249.82,0.1676,0.2292,0.0606,0.1588,0.0718,0.2576,0.0665,0.0982,0.1808,0.1090,0.1505,0.0767,0.2566,0.1637
1785438987.71,9,drive,2,1.0,15.0,40.833,25.11,249.82,0.1691,0.2243,0.0601,0.1564,0.0762,0.2542,0.0630,0.0880,0.1843,0.1100,0.1496,0.0758,0.2566,0.1720
1785438987.81,9,drive,3,1.0,15.0,40.833,25.11,249.82,0.1652,0.2307,0.0626,0.1623,0.0709,0.2566,0.0621,0.0953,0.1848,0.1026,0.1520,0.0660,0.2527,0.1652
1785438988.52,9,drive,0,1.5,15.0,40.833,25.11,249.82,0.1740,0.2312,0.0630,0.1632,0.0699,0.2576,0.0684,0.0963,0.1867,0.1100,0.1569,0.0714,0.2620,0.1584
1785438988.62,9,drive,1,1.5,15.0,40.833,25.11,249.82,0.1750,0.2326,0.0650,0.1613,0.0733,0.2605,0.0621,0.0938,0.1872,0.1100,0.1642,0.0645,0.2605,0.1637
1785438988.71,9,drive,2,1.5,15.0,40.833,25.11,249.82,0.1637,0.2278,0.0596,0.1598,0.0709,0.2551,0.0689,0.0973,0.1911,0.1105,0.1588,0.0723,0.2634,0.1657
1785438988.81,9,drive,3,1.5,15.0,40.833,25.11,249.82,0.1657,0.2297,0.0635,0.1598,0.0704,0.2610,0.0689,0.0943,0.1872,0.1031,0.1579,0.0723,0.2625,0.1672
1785438989.56,9,drive,0,2.0,15.0,40.833,25.11,249.82,0.1701,0.2234,0.0582,0.1628,0.0753,0.2586,0.0640,0.0973,0.1877,0.1158,0.1628,0.0709,0.2664,0.1637
1785438989.66,9,drive,1,2.0,15.0,40.833,25.11,249.82,0.1711,0.2307,0.0606,0.1667,0.0723,0.2546,0.0670,0.0909,0.1843,0.1051,0.1618,0.0674,0.2674,0.1667
1785438989.76,9,drive,2,2.0,15.0,40.833,25.11,249.82,0.1745,0.2331,0.0538,0.1667,0.0704,0.2625,0.0616,0.0899,0.1935,0.1095,0.1608,0.0670,0.2639,0.1681
1785438989.86,9,drive,3,2.0,15.0,40.833,25.11,249.82,0.1711,0.2322,0.0606,0.1628,0.0689,0.2546,0.0684,0.0890,0.1896,0.1041,0.1628,0.0718,0.2620,0.1667
1785438990.61,9,drive,0,2.5,15.0,40.833,25.11,249.82,0.1662,0.2209,0.0650,0.1623,0.0704,0.2517,0.0679,0.0982,0.1862,0.1090,0.1540,0.0748,0.2605,0.1662
1785438990.71,9,drive,1,2.5,15.0,40.833,25.11,249.82,0.1701,0.2302,0.0591,0.1579,0.0694,0.2522,0.0679,0.0987,0.1862,0.1041,0.1549,0.0694,0.2590,0.1701
1785438990.81,9,drive,2,2.5,15.0,40.833,25.11,249.82,0.1735,0.2326,0.0606,0.1623,0.0684,0.2517,0.0650,0.0904,0.1833,0.1100,0.1593,0.0728,0.2542,0.1662
1785438990.91,9,drive,3,2.5,15.0,40.833,25.11,249.82,0.1628,0.2209,0.0577,0.1628,0.0743,0.2517,0.0640,0.0992,0.1916,0.1129,0.1500,0.0709,0.2620,0.1706
1785438991.61,9,drive,0,3.0,15.0,40.833,25.11,249.82,0.1701,0.2204,0.0596,0.1632,0.0709,0.2473,0.0626,0.0978,0.1857,0.1129,0.1574,0.0733,0.2605,0.1696
1785438991.71,9,drive,1,3.0,15.0,40.833,25.11,249.82,0.1808,0.2322,0.0606,0.1554,0.0674,0.2659,0.0748,0.0934,0.1887,0.0973,0.1515,0.0650,0.2551,0.1769
1785438991.81,9,drive,2,3.0,15.0,40.833,25.11,249.82,0.1559,0.2326,0.0699,0.1598,0.0674,0.2590,0.0611,0.0850,0.1994,0.1144,0.1466,0.0728,0.2713,0.1540
1785438991.91,9,drive,3,3.0,15.0,40.833,25.11,249.82,0.1701,0.2102,0.0743,0.1613,0.0762,0.2375,0.0743,0.0953,0.1838,0.1051,0.1652,0.0733,0.2615,0.1799
1785438992.61,9,drive,0,3.5,15.0,40.833,25.11,249.82,0.1784,0.2424,0.0645,0.1750,0.0718,0.2625,0.0616,0.1017,0.1833,0.0924,0.1457,0.0748,0.2849,0.1877
1785438992.71,9,drive,1,3.5,15.0,40.833,25.11,249.82,0.1760,0.2151,0.0587,0.1593,0.0733,0.2561,0.0582,0.1031,0.1862,0.1109,0.1564,0.0665,0.2713,0.1672
1785438992.80,9,drive,2,3.5,15.0,40.833,25.11,249.82,0.1774,0.2170,0.0640,0.1544,0.0797,0.2400,0.0587,0.0997,0.1877,0.1144,0.1544,0.0826,0.2625,0.1686
1785438992.90,9,drive,3,3.5,15.0,40.833,25.11,249.82,0.1681,0.2111,0.0665,0.1647,0.0806,0.2449,0.0601,0.0929,0.1901,0.1134,0.1564,0.0811,0.2669,0.1691
1785438993.60,9,drive,0,4.0,15.0,40.833,25.11,249.82,0.1725,0.2121,0.0694,0.1574,0.0704,0.2483,0.0660,0.1061,0.1862,0.1095,0.1491,0.0699,0.2664,0.1691
1785438993.70,9,drive,1,4.0,15.0,40.833,25.11,249.82,0.1657,0.2160,0.0611,0.1691,0.0777,0.2473,0.0689,0.0875,0.1940,0.1031,0.1598,0.0714,0.2620,0.1735
1785438993.80,9,drive,2,4.0,15.0,40.833,25.11,249.82,0.1760,0.2151,0.0723,0.1623,0.0762,0.2561,0.0655,0.1036,0.1828,0.1095,0.1535,0.0806,0.2590,0.1515
1785438993.93,9,drive,3,4.0,15.0,40.833,25.11,249.82,0.1676,0.2204,0.0655,0.1559,0.0699,0.2512,0.0679,0.1114,0.1979,0.1139,0.1535,0.0753,0.2625,0.1603
1785438994.64,9,drive,0,4.5,15.0,40.833,25.11,249.82,0.1676,0.2400,0.0630,0.1769,0.0743,0.2590,0.0704,0.0846,0.1906,0.1061,0.1632,0.0762,0.2561,0.1672
1785438994.73,9,drive,1,4.5,15.0,40.833,25.11,249.82,0.1901,0.2146,0.0606,0.1647,0.0743,0.2786,0.0665,0.1070,0.1760,0.1188,0.1559,0.0630,0.2546,0.1637
1785438994.83,9,drive,2,4.5,15.0,40.833,25.11,249.82,0.1706,0.2180,0.0621,0.1662,0.0723,0.2590,0.0699,0.0909,0.1926,0.1168,0.1657,0.0748,0.2488,0.1769
1785438994.93,9,drive,3,4.5,15.0,40.833,25.11,249.82,0.1750,0.2297,0.0684,0.1799,0.0699,0.2630,0.0621,0.1012,0.1921,0.0987,0.1593,0.0850,0.2664,0.1579
1785438995.63,9,drive,0,5.0,15.0,40.833,25.11,249.82,0.1662,0.2126,0.0591,0.1745,0.0738,0.2581,0.0767,0.1031,0.1916,0.1070,0.1584,0.0772,0.2590,0.1652
1785438995.73,9,drive,1,5.0,15.0,40.833,25.11,249.82,0.1681,0.2253,0.0582,0.1808,0.0802,0.2664,0.0704,0.0973,0.1916,0.0982,0.1642,0.0758,0.2586,0.1637
1785438995.83,9,drive,2,5.0,15.0,40.833,25.11,249.82,0.1642,0.2165,0.0674,0.1769,0.0836,0.2512,0.0767,0.0978,0.1867,0.0929,0.1520,0.0782,0.2551,0.1769
1785438995.93,9,drive,3,5.0,15.0,40.833,25.11,249.82,0.1647,0.2239,0.0508,0.1647,0.0655,0.2644,0.0689,0.1026,0.2038,0.1065,0.1657,0.0679,0.2576,0.1652
1785438996.71,78,base,0,0.0,15.0,40.813,25.11,249.82,0.1637,0.2160,0.0601,0.1730,0.0836,0.2561,0.0674,0.0953,0.1921,0.0938,0.1672,0.0777,0.2717,0.1735
1785438996.81,78,base,1,0.0,15.0,40.813,25.11,249.82,0.1681,0.2160,0.0587,0.1808,0.0670,0.2586,0.0611,0.1163,0.1950,0.1114,0.1686,0.0670,0.2595,0.1681
1785438996.91,78,base,2,0.0,15.0,40.813,25.11,249.82,0.1593,0.2146,0.0513,0.1779,0.0787,0.2605,0.0772,0.1129,0.2033,0.1002,0.1632,0.0758,0.2556,0.1584
1785438997.01,78,base,3,0.0,15.0,40.813,25.11,249.82,0.1779,0.2126,0.0640,0.1711,0.0728,0.2654,0.0626,0.1056,0.1921,0.1070,0.1696,0.0733,0.2595,0.1632
1785438997.70,78,drive,0,0.5,15.0,40.813,25.11,249.82,0.1750,0.2180,0.0704,0.1603,0.0762,0.2576,0.0674,0.1124,0.2023,0.1051,0.1618,0.0787,0.2527,0.1618
1785438997.80,78,drive,1,0.5,15.0,40.813,25.11,249.82,0.1652,0.2185,0.0655,0.1632,0.0709,0.2717,0.0694,0.1095,0.1848,0.1261,0.1598,0.0762,0.2571,0.1672
1785438997.90,78,drive,2,0.5,15.0,40.813,25.11,249.82,0.1760,0.2204,0.0596,0.1720,0.0699,0.2625,0.0645,0.1026,0.1984,0.1124,0.1647,0.0733,0.2644,0.1608
1785438998.01,78,drive,3,0.5,15.0,40.813,25.11,249.82,0.1740,0.2214,0.0562,0.1716,0.0777,0.2620,0.0587,0.1090,0.1965,0.1090,0.1642,0.0772,0.2586,0.1676
1785438998.72,78,drive,0,1.0,15.0,40.813,25.11,249.82,0.1593,0.2160,0.0679,0.1755,0.0767,0.2644,0.0621,0.1022,0.2058,0.1114,0.1530,0.0772,0.2600,0.1701
1785438998.81,78,drive,1,1.0,15.0,40.813,25.11,249.82,0.1813,0.2151,0.0616,0.1720,0.0714,0.2678,0.0630,0.1051,0.1945,0.1119,0.1632,0.0772,0.2561,0.1637
1785438998.91,78,drive,2,1.0,15.0,40.813,25.11,249.82,0.1618,0.2185,0.0665,0.1808,0.0806,0.2630,0.0635,0.1070,0.1960,0.1129,0.1525,0.0777,0.2556,0.1632
1785438999.01,78,drive,3,1.0,15.0,40.813,25.11,249.82,0.1730,0.2180,0.0591,0.1637,0.0806,0.2615,0.0674,0.1119,0.1940,0.1095,0.1530,0.0850,0.2566,0.1637
1785438999.71,78,drive,0,1.5,15.0,40.813,25.11,249.82,0.1779,0.2155,0.0616,0.1730,0.0802,0.2605,0.0587,0.1061,0.1931,0.1105,0.1564,0.0728,0.2468,0.1652
1785438999.81,78,drive,1,1.5,15.0,40.813,25.11,249.82,0.1720,0.2219,0.0547,0.1642,0.0811,0.2605,0.0665,0.1002,0.1989,0.1075,0.1544,0.0772,0.2561,0.1691
1785438999.91,78,drive,2,1.5,15.0,40.813,25.11,249.82,0.1672,0.2214,0.0616,0.1769,0.0806,0.2576,0.0557,0.1085,0.1994,0.1070,0.1510,0.0762,0.2625,0.1613
1785439000.01,78,drive,3,1.5,15.0,40.813,25.11,249.82,0.1750,0.2234,0.0670,0.1672,0.0694,0.2717,0.0665,0.0938,0.1891,0.1046,0.1613,0.0674,0.2463,0.1696
1785439000.70,78,drive,0,2.0,15.0,40.813,25.11,249.82,0.1657,0.2092,0.0626,0.1588,0.0728,0.2654,0.0767,0.1036,0.1891,0.1065,0.1554,0.0777,0.2542,0.1657
1785439000.80,78,drive,1,2.0,15.0,40.813,25.11,249.82,0.1716,0.1979,0.0626,0.1618,0.0753,0.2625,0.0650,0.1061,0.1877,0.1153,0.1579,0.0704,0.2537,0.1696
1785439000.90,78,drive,2,2.0,15.0,40.813,25.11,249.82,0.1804,0.2121,0.0640,0.1667,0.0821,0.2669,0.0621,0.1085,0.1921,0.1056,0.1525,0.0689,0.2454,0.1706
1785439001.00,78,drive,3,2.0,15.0,40.813,25.11,249.82,0.1725,0.2072,0.0645,0.1672,0.0728,0.2620,0.0743,0.1119,0.1950,0.1031,0.1579,0.0836,0.2458,0.1642
1785439001.72,78,drive,0,2.5,15.0,40.813,25.11,249.82,0.1662,0.2111,0.0645,0.1696,0.0787,0.2561,0.0782,0.1105,0.1833,0.0987,0.1598,0.0758,0.2429,0.1676
1785439001.82,78,drive,1,2.5,15.0,40.813,25.11,249.82,0.1676,0.2058,0.0582,0.1681,0.0767,0.2644,0.0689,0.1026,0.1940,0.1026,0.1637,0.0718,0.2434,0.1691
1785439001.92,78,drive,2,2.5,15.0,40.813,25.11,249.82,0.1716,0.1989,0.0650,0.1613,0.0748,0.2615,0.0665,0.1017,0.1935,0.1183,0.1554,0.0743,0.2468,0.1755
1785439002.02,78,drive,3,2.5,15.0,40.813,25.11,249.82,0.1745,0.2014,0.0557,0.1720,0.0753,0.2507,0.0699,0.1022,0.2004,0.0978,0.1681,0.0694,0.2463,0.1672
1785439002.71,78,drive,0,3.0,15.0,40.813,25.11,249.82,0.1706,0.2063,0.0547,0.1750,0.0787,0.2595,0.0655,0.1041,0.1979,0.1022,0.1667,0.0718,0.2380,0.1657
1785439002.81,78,drive,1,3.0,15.0,40.813,25.11,249.82,0.1760,0.2092,0.0533,0.1642,0.0841,0.2605,0.0596,0.1012,0.1955,0.1012,0.1574,0.0777,0.2370,0.1672
1785439002.91,78,drive,2,3.0,15.0,40.813,25.11,249.82,0.1681,0.2107,0.0538,0.1720,0.0787,0.2517,0.0650,0.1036,0.1975,0.1022,0.1535,0.0831,0.2356,0.1711
1785439003.01,78,drive,3,3.0,15.0,40.813,25.11,249.82,0.1681,0.1984,0.0572,0.1652,0.0802,0.2595,0.0655,0.1065,0.1906,0.1022,0.1574,0.0792,0.2454,0.1657
1785439003.71,78,drive,0,3.5,15.0,40.813,25.11,249.82,0.1676,0.2053,0.0655,0.1672,0.0694,0.2556,0.0714,0.0997,0.1794,0.1080,0.1642,0.0782,0.2336,0.1667
1785439003.80,78,drive,1,3.5,15.0,40.813,25.11,249.82,0.1745,0.1999,0.0601,0.1686,0.0909,0.2522,0.0640,0.0943,0.1833,0.1085,0.1535,0.0850,0.2283,0.1740
1785439003.90,78,drive,2,3.5,15.0,40.813,25.11,249.82,0.1672,0.2097,0.0630,0.1774,0.0753,0.2625,0.0689,0.1022,0.1848,0.0968,0.1623,0.0674,0.2385,0.1676
1785439004.00,78,drive,3,3.5,15.0,40.813,25.11,249.82,0.1750,0.2102,0.0596,0.1672,0.0733,0.2659,0.0635,0.1075,0.1799,0.1012,0.1564,0.0684,0.2341,0.1642
1785439004.70,78,drive,0,4.0,15.0,40.813,25.11,249.82,0.1755,0.2082,0.0572,0.1725,0.0797,0.2586,0.0674,0.1041,0.1960,0.1012,0.1608,0.0718,0.2253,0.1598
1785439004.80,78,drive,1,4.0,15.0,40.813,25.11,249.82,0.1716,0.2033,0.0674,0.1794,0.0748,0.2639,0.0645,0.1012,0.1794,0.1051,0.1574,0.0684,0.2370,0.1667
1785439004.89,78,drive,2,4.0,15.0,40.813,25.11,249.82,0.1725,0.1984,0.0635,0.1804,0.0723,0.2600,0.0606,0.1041,0.1799,0.1144,0.1588,0.0674,0.2263,0.1681
1785439004.99,78,drive,3,4.0,15.0,40.813,25.11,249.82,0.1711,0.2058,0.0606,0.1774,0.0699,0.2664,0.0630,0.1007,0.1877,0.1046,0.1544,0.0748,0.2312,0.1598
1785439005.69,78,drive,0,4.5,15.0,40.813,25.11,249.82,0.1735,0.2072,0.0630,0.1794,0.0753,0.2664,0.0630,0.0953,0.1833,0.1026,0.1549,0.0704,0.2312,0.1667
1785439005.79,78,drive,1,4.5,15.0,40.813,25.11,249.82,0.1716,0.2121,0.0630,0.1769,0.0802,0.2527,0.0684,0.1031,0.1887,0.0968,0.1564,0.0738,0.2214,0.1613
1785439005.89,78,drive,2,4.5,15.0,40.813,25.11,249.82,0.1740,0.1979,0.0645,0.1696,0.0738,0.2502,0.0758,0.1056,0.1828,0.0992,0.1584,0.0821,0.2287,0.1681
1785439005.98,78,drive,3,4.5,15.0,40.813,25.11,249.82,0.1813,0.2107,0.0679,0.1774,0.0748,0.2478,0.0630,0.1022,0.1882,0.0997,0.1535,0.0802,0.2253,0.1662
1785439006.68,78,drive,0,5.0,15.0,40.813,25.11,249.82,0.1706,0.1970,0.0606,0.1711,0.0694,0.2576,0.0670,0.1041,0.1926,0.1056,0.1579,0.0704,0.2297,0.1696
1785439006.78,78,drive,1,5.0,15.0,40.813,25.11,249.82,0.1720,0.1989,0.0626,0.1857,0.0738,0.2522,0.0670,0.1056,0.1896,0.0978,0.1569,0.0635,0.2375,0.1686
1785439006.88,78,drive,2,5.0,15.0,40.813,25.11,249.82,0.1838,0.2082,0.0577,0.1784,0.0846,0.2507,0.0596,0.1056,0.1911,0.1080,0.1540,0.0699,0.2278,0.1603
1785439006.98,78,drive,3,5.0,15.0,40.813,25.11,249.82,0.1696,0.1916,0.0626,0.1818,0.0792,0.2478,0.0655,0.1056,0.1911,0.0982,0.1588,0.0640,0.2390,0.1691
1785439007.76,15,base,0,0.0,15.0,40.933,25.11,249.82,0.1662,0.1975,0.0562,0.1882,0.0865,0.2561,0.0606,0.1065,0.1901,0.1114,0.1515,0.0723,0.2287,0.1681
1785439007.86,15,base,1,0.0,15.0,40.933,25.11,249.82,0.1735,0.2019,0.0635,0.1774,0.0679,0.2419,0.0621,0.1129,0.1984,0.1080,0.1510,0.0772,0.2351,0.1838
1785439007.96,15,base,2,0.0,15.0,40.933,25.11,249.82,0.1725,0.2023,0.0533,0.1857,0.0802,0.2488,0.0562,0.1017,0.1901,0.1017,0.1637,0.0753,0.2429,0.1696
1785439008.06,15,base,3,0.0,15.0,40.933,25.11,249.82,0.1667,0.1970,0.0674,0.1774,0.0811,0.2444,0.0616,0.1022,0.2014,0.1061,0.1618,0.0782,0.2351,0.1701
1785439008.75,15,drive,0,0.5,15.0,40.933,25.11,249.82,0.1843,0.1989,0.0543,0.1872,0.0875,0.2366,0.0635,0.1100,0.1984,0.1007,0.1720,0.0762,0.2253,0.1750
1785439008.85,15,drive,1,0.5,15.0,40.933,25.11,249.82,0.1701,0.2121,0.0587,0.1691,0.0733,0.2571,0.0587,0.1002,0.2014,0.1022,0.1515,0.0787,0.2424,0.1554
1785439008.95,15,drive,2,0.5,15.0,40.933,25.11,249.82,0.1608,0.1911,0.0782,0.1794,0.0890,0.2561,0.0718,0.0973,0.1935,0.1036,0.1510,0.0665,0.2405,0.1632
1785439009.05,15,drive,3,0.5,15.0,40.933,25.11,249.82,0.1725,0.2053,0.0679,0.1760,0.0992,0.2424,0.0714,0.0929,0.2053,0.0997,0.1500,0.0777,0.2341,0.1623
1785439009.75,15,drive,0,1.0,15.0,40.933,25.11,249.82,0.1652,0.1975,0.0596,0.1867,0.0762,0.2375,0.0660,0.1012,0.2243,0.1007,0.1540,0.0596,0.2356,0.1706
1785439009.85,15,drive,1,1.0,15.0,40.933,25.11,249.82,0.1696,0.1901,0.0694,0.1740,0.0875,0.2478,0.0684,0.1085,0.1901,0.1012,0.1569,0.0797,0.2317,0.1613
1785439009.94,15,drive,2,1.0,15.0,40.933,25.11,249.82,0.1808,0.1989,0.0596,0.1887,0.0846,0.2463,0.0543,0.1026,0.1965,0.0953,0.1618,0.0650,0.2380,0.1657
1785439010.04,15,drive,3,1.0,15.0,40.933,25.11,249.82,0.1735,0.1979,0.0621,0.1740,0.0904,0.2434,0.0733,0.1022,0.1935,0.1036,0.1535,0.0826,0.2214,0.1701
1785439010.74,15,drive,0,1.5,15.0,40.933,25.11,249.82,0.1769,0.1857,0.0650,0.1730,0.0767,0.2366,0.0640,0.1144,0.1896,0.1017,0.1593,0.0802,0.2361,0.1554
1785439010.84,15,drive,1,1.5,15.0,40.933,25.11,249.82,0.1804,0.2004,0.0626,0.1706,0.0772,0.2483,0.0660,0.1022,0.1975,0.1070,0.1598,0.0689,0.2224,0.1618
1785439010.94,15,drive,2,1.5,15.0,40.933,25.11,249.82,0.1701,0.1975,0.0606,0.1911,0.0904,0.2463,0.0616,0.0982,0.2028,0.0963,0.1481,0.0611,0.2370,0.1667
1785439011.04,15,drive,3,1.5,15.0,40.933,25.11,249.82,0.1711,0.1916,0.0587,0.1911,0.0758,0.2444,0.0596,0.0997,0.2048,0.0899,0.1588,0.0587,0.2488,0.1642
1785439011.74,15,drive,0,2.0,15.0,40.933,25.11,249.82,0.1755,0.1916,0.0655,0.1691,0.0758,0.2478,0.0699,0.1056,0.1887,0.1026,0.1540,0.0772,0.2278,0.1681
1785439011.83,15,drive,1,2.0,15.0,40.933,25.11,249.82,0.1652,0.2019,0.0601,0.1848,0.0831,0.2322,0.0665,0.1031,0.1979,0.0938,0.1584,0.0816,0.2326,0.1735
1785439011.93,15,drive,2,2.0,15.0,40.933,25.11,249.82,0.1755,0.1984,0.0718,0.1681,0.0855,0.2410,0.0626,0.0963,0.1940,0.1100,0.1461,0.0709,0.2297,0.1716
1785439012.03,15,drive,3,2.0,15.0,40.933,25.11,249.82,0.1657,0.1921,0.0684,0.1808,0.0860,0.2468,0.0733,0.1090,0.1960,0.0850,0.1510,0.0689,0.2302,0.1657
1785439012.73,15,drive,0,2.5,15.0,40.933,25.11,249.82,0.1676,0.1789,0.0557,0.1686,0.0943,0.2454,0.0674,0.1065,0.2063,0.1017,0.1481,0.0762,0.2248,0.1706
1785439012.83,15,drive,1,2.5,15.0,40.933,25.11,249.82,0.1711,0.1931,0.0591,0.1681,0.0762,0.2390,0.0572,0.1080,0.2009,0.1041,0.1574,0.0811,0.2370,0.1642
1785439012.93,15,drive,2,2.5,15.0,40.933,25.11,249.82,0.1652,0.1896,0.0543,0.1647,0.0816,0.2429,0.0591,0.1017,0.2053,0.1061,0.1564,0.0728,0.2307,0.1637
1785439013.03,15,drive,3,2.5,15.0,40.933,25.11,249.82,0.1730,0.1926,0.0709,0.1691,0.0909,0.2429,0.0733,0.1036,0.2028,0.1036,0.1535,0.0723,0.2302,0.1667
1785439013.72,15,drive,0,3.0,15.0,40.933,25.11,249.82,0.1628,0.2019,0.0567,0.1828,0.0894,0.2468,0.0611,0.0987,0.2014,0.0973,0.1515,0.0792,0.2263,0.1755
1785439013.82,15,drive,1,3.0,15.0,40.933,25.11,249.82,0.1755,0.1921,0.0655,0.1769,0.0821,0.2356,0.0587,0.1065,0.2038,0.1100,0.1559,0.0758,0.2331,0.1764
1785439013.92,15,drive,2,3.0,15.0,40.933,25.11,249.82,0.1642,0.1916,0.0665,0.1760,0.0934,0.2390,0.0665,0.0938,0.2136,0.0890,0.1598,0.0792,0.2366,0.1701
1785439014.02,15,drive,3,3.0,15.0,40.933,25.11,249.82,0.1725,0.1813,0.0718,0.1647,0.0909,0.2317,0.0694,0.1056,0.2136,0.1026,0.1554,0.0738,0.2273,0.1593
1785439014.72,15,drive,0,3.5,15.0,40.933,25.11,249.82,0.1686,0.1799,0.0601,0.1696,0.0860,0.2478,0.0758,0.1080,0.2097,0.0982,0.1623,0.0718,0.2366,0.1642
1785439014.82,15,drive,1,3.5,15.0,40.933,25.11,249.82,0.1647,0.1906,0.0552,0.1779,0.0855,0.2458,0.0762,0.1061,0.2102,0.0938,0.1642,0.0743,0.2287,0.1686
1785439014.92,15,drive,2,3.5,15.0,40.933,25.11,249.82,0.1730,0.1911,0.0674,0.1696,0.0850,0.2375,0.0787,0.0968,0.2175,0.0953,0.1686,0.0665,0.2414,0.1584
1785439015.01,15,drive,3,3.5,15.0,40.933,25.11,249.82,0.1789,0.1867,0.0679,0.1559,0.0904,0.2380,0.0709,0.0953,0.2102,0.1100,0.1647,0.0679,0.2278,0.1701
1785439015.71,15,drive,0,4.0,15.0,40.933,25.11,249.82,0.1774,0.1872,0.0626,0.1813,0.0963,0.2454,0.0655,0.1051,0.2121,0.0958,0.1593,0.0650,0.2385,0.1608
1785439015.81,15,drive,1,4.0,15.0,40.933,25.11,249.82,0.1740,0.1891,0.0723,0.1637,0.0909,0.2346,0.0758,0.0997,0.2258,0.0997,0.1584,0.0689,0.2292,0.1569
1785439015.91,15,drive,2,4.0,15.0,40.933,25.11,249.82,0.1681,0.1950,0.0645,0.1760,0.0802,0.2414,0.0728,0.1051,0.2141,0.0875,0.1628,0.0738,0.2346,0.1657
1785439016.01,15,drive,3,4.0,15.0,40.933,25.11,249.82,0.1735,0.1955,0.0616,0.1579,0.0875,0.2395,0.0733,0.1031,0.2229,0.0997,0.1510,0.0743,0.2258,0.1696
1785439016.71,15,drive,0,4.5,15.0,40.933,25.11,249.82,0.1720,0.1979,0.0665,0.1730,0.0831,0.2390,0.0660,0.0973,0.2185,0.0894,0.1691,0.0831,0.2336,0.1647
1785439016.81,15,drive,1,4.5,15.0,40.933,25.11,249.82,0.1735,0.1911,0.0645,0.1730,0.0953,0.2439,0.0772,0.1085,0.2160,0.0938,0.1540,0.0674,0.2326,0.1667
1785439016.90,15,drive,2,4.5,15.0,40.933,25.11,249.82,0.1662,0.1950,0.0606,0.1828,0.0797,0.2439,0.0621,0.1036,0.2180,0.1041,0.1579,0.0718,0.2336,0.1745
1785439017.00,15,drive,3,4.5,15.0,40.933,25.11,249.82,0.1774,0.2038,0.0679,0.1769,0.0767,0.2463,0.0616,0.1114,0.2121,0.1002,0.1574,0.0767,0.2253,0.1676
1785439017.70,15,drive,0,5.0,15.0,40.933,25.11,249.82,0.1843,0.1989,0.0577,0.1755,0.0855,0.2488,0.0660,0.1036,0.2082,0.1051,0.1637,0.0674,0.2239,0.1652
1785439017.80,15,drive,1,5.0,15.0,40.933,25.11,249.82,0.1794,0.2038,0.0630,0.1828,0.0831,0.2502,0.0679,0.1031,0.2102,0.1065,0.1584,0.0738,0.2248,0.1681
1785439017.90,15,drive,2,5.0,15.0,40.933,25.11,249.82,0.1740,0.2004,0.0645,0.1755,0.0816,0.2483,0.0728,0.1065,0.2072,0.0978,0.1618,0.0728,0.2317,0.1725
1785439018.00,15,drive,3,5.0,15.0,40.933,25.11,249.82,0.1764,0.1984,0.0655,0.1843,0.0850,0.2419,0.0679,0.1090,0.2136,0.0982,0.1564,0.0728,0.2234,0.1676
1785439018.78,17,base,0,0.0,15.0,40.853,25.11,249.82,0.1779,0.1960,0.0660,0.1813,0.0885,0.2429,0.0626,0.1046,0.2126,0.1100,0.1652,0.0767,0.2234,0.1657
1785439018.88,17,base,1,0.0,15.0,40.853,25.11,249.82,0.1764,0.2136,0.0616,0.1857,0.0665,0.2488,0.0679,0.1158,0.2126,0.0924,0.1716,0.0689,0.2356,0.1559
1785439018.98,17,base,2,0.0,15.0,40.853,25.11,249.82,0.1720,0.2023,0.0684,0.1818,0.0846,0.2449,0.0689,0.1080,0.2048,0.0982,0.1584,0.0787,0.2331,0.1637
1785439019.08,17,base,3,0.0,15.0,40.853,25.11,249.82,0.1755,0.2043,0.0606,0.1857,0.0924,0.2512,0.0684,0.0992,0.2121,0.1026,0.1642,0.0723,0.2283,0.1686
1785439019.77,17,drive,0,0.5,15.0,40.853,25.11,249.82,0.1716,0.2014,0.0577,0.1872,0.0924,0.2468,0.0728,0.1046,0.2219,0.0904,0.1696,0.0704,0.2297,0.1667
1785439019.87,17,drive,1,0.5,15.0,40.853,25.11,249.82,0.1818,0.2063,0.0630,0.1833,0.0841,0.2498,0.0802,0.1017,0.2155,0.0860,0.1686,0.0723,0.2297,0.1642
1785439019.97,17,drive,2,0.5,15.0,40.853,25.11,249.82,0.1823,0.2053,0.0650,0.1808,0.0816,0.2473,0.0762,0.1046,0.2214,0.0914,0.1628,0.0679,0.2400,0.1667
1785439020.07,17,drive,3,0.5,15.0,40.853,25.11,249.82,0.1642,0.2023,0.0635,0.1975,0.0831,0.2517,0.0733,0.1046,0.2199,0.0934,0.1725,0.0782,0.2331,0.1681
1785439020.77,17,drive,0,1.0,15.0,40.853,25.11,249.82,0.1808,0.2033,0.0704,0.1921,0.0821,0.2463,0.0728,0.1022,0.2239,0.0968,0.1779,0.0753,0.2410,0.1608
1785439020.86,17,drive,1,1.0,15.0,40.853,25.11,249.82,0.1804,0.2058,0.0645,0.1945,0.0802,0.2405,0.0704,0.0987,0.2214,0.0963,0.1760,0.0743,0.2414,0.1735
1785439020.96,17,drive,2,1.0,15.0,40.853,25.11,249.82,0.1720,0.2043,0.0645,0.1999,0.0860,0.2473,0.0704,0.1007,0.2224,0.0880,0.1725,0.0748,0.2366,0.1676
1785439021.06,17,drive,3,1.0,15.0,40.853,25.11,249.82,0.1672,0.2023,0.0606,0.1940,0.0850,0.2512,0.0772,0.1065,0.2258,0.0875,0.1750,0.0645,0.2312,0.1637
1785439021.76,17,drive,0,1.5,15.0,40.853,25.11,249.82,0.1750,0.2131,0.0640,0.1882,0.0826,0.2473,0.0797,0.1046,0.2214,0.0968,0.1750,0.0748,0.2307,0.1618
1785439021.86,17,drive,1,1.5,15.0,40.853,25.11,249.82,0.1745,0.2063,0.0606,0.2014,0.0855,0.2493,0.0753,0.1036,0.2287,0.0855,0.1794,0.0689,0.2444,0.1667
1785439021.96,17,drive,2,1.5,15.0,40.853,25.11,249.82,0.1760,0.2043,0.0567,0.1877,0.0880,0.2512,0.0689,0.0978,0.2239,0.0958,0.1725,0.0753,0.2395,0.1716
1785439022.05,17,drive,3,1.5,15.0,40.853,25.11,249.82,0.1789,0.1901,0.0621,0.1857,0.0997,0.2468,0.0733,0.1065,0.2292,0.1012,0.1760,0.0748,0.2317,0.1632
1785439022.75,17,drive,0,2.0,15.0,40.853,25.11,249.82,0.1779,0.2038,0.0616,0.1916,0.0855,0.2454,0.0640,0.1022,0.2283,0.0987,0.1740,0.0714,0.2390,0.1686
1785439022.85,17,drive,1,2.0,15.0,40.853,25.11,249.82,0.1769,0.2063,0.0611,0.1896,0.0855,0.2478,0.0699,0.1046,0.2283,0.0982,0.1740,0.0699,0.2370,0.1681
1785439022.95,17,drive,2,2.0,15.0,40.853,25.11,249.82,0.1784,0.2033,0.0611,0.1877,0.0846,0.2473,0.0694,0.1017,0.2283,0.0978,0.1735,0.0728,0.2356,0.1676
1785439023.05,17,drive,3,2.0,15.0,40.853,25.11,249.82,0.1794,0.2023,0.0626,0.1931,0.0850,0.2463,0.0689,0.1012,0.2283,0.0948,0.1730,0.0733,0.2405,0.1613
1785439023.75,17,drive,0,2.5,15.0,40.853,25.11,249.82,0.1764,0.2038,0.0596,0.1906,0.0894,0.2424,0.0704,0.1022,0.2268,0.0987,0.1691,0.0714,0.2341,0.1672
1785439023.84,17,drive,1,2.5,15.0,40.853,25.11,249.82,0.1779,0.2038,0.0630,0.1877,0.0865,0.2493,0.0699,0.0997,0.2268,0.0973,0.1701,0.0723,0.2366,0.1662
1785439023.94,17,drive,2,2.5,15.0,40.853,25.11,249.82,0.1784,0.2043,0.0635,0.1931,0.0860,0.2439,0.0689,0.1012,0.2248,0.1002,0.1691,0.0699,0.2375,0.1647
1785439024.04,17,drive,3,2.5,15.0,40.853,25.11,249.82,0.1760,0.2043,0.0635,0.1901,0.0865,0.2463,0.0723,0.1012,0.2263,0.1007,0.1701,0.0733,0.2331,0.1672
1785439024.74,17,drive,0,3.0,15.0,40.853,25.11,249.82,0.1750,0.2019,0.0606,0.1906,0.0870,0.2463,0.0709,0.1026,0.2263,0.0997,0.1662,0.0718,0.2322,0.1681
1785439024.83,17,drive,1,3.0,15.0,40.853,25.11,249.82,0.1735,0.1979,0.0635,0.1896,0.0841,0.2454,0.0704,0.1012,0.2248,0.1026,0.1628,0.0714,0.2317,0.1667
1785439024.93,17,drive,2,3.0,15.0,40.853,25.11,249.82,0.1740,0.2038,0.0640,0.1877,0.0850,0.2424,0.0679,0.1026,0.2263,0.0987,0.1632,0.0743,0.2322,0.1647
1785439025.03,17,drive,3,3.0,15.0,40.853,25.11,249.82,0.1784,0.2043,0.0611,0.1916,0.0850,0.2468,0.0689,0.1056,0.2224,0.1012,0.1628,0.0728,0.2278,0.1681
1785439025.73,17,drive,0,3.5,15.0,40.853,25.11,249.82,0.1769,0.2009,0.0635,0.1921,0.0860,0.2488,0.0704,0.1026,0.2239,0.1041,0.1618,0.0718,0.2287,0.1691
1785439025.83,17,drive,1,3.5,15.0,40.853,25.11,249.82,0.1794,0.2053,0.0640,0.1901,0.0846,0.2463,0.0723,0.1051,0.2224,0.0978,0.1608,0.0709,0.2273,0.1701
1785439025.93,17,drive,2,3.5,15.0,40.853,25.11,249.82,0.1760,0.2058,0.0621,0.1921,0.0875,0.2458,0.0699,0.1022,0.2204,0.1026,0.1588,0.0709,0.2278,0.1667
1785439026.02,17,drive,3,3.5,15.0,40.853,25.11,249.82,0.1774,0.2058,0.0626,0.1926,0.0860,0.2473,0.0704,0.1002,0.2239,0.1046,0.1593,0.0728,0.2273,0.1647
1785439026.72,17,drive,0,4.0,15.0,40.853,25.11,249.82,0.1769,0.2033,0.0645,0.1935,0.0870,0.2458,0.0694,0.1012,0.2248,0.1022,0.1579,0.0699,0.2283,0.1667
1785439026.82,17,drive,1,4.0,15.0,40.853,25.11,249.82,0.1774,0.2067,0.0645,0.1955,0.0875,0.2463,0.0684,0.1056,0.2258,0.1017,0.1544,0.0723,0.2283,0.1676
1785439026.92,17,drive,2,4.0,15.0,40.853,25.11,249.82,0.1769,0.2107,0.0635,0.1945,0.0885,0.2444,0.0674,0.1036,0.2243,0.1007,0.1559,0.0762,0.2278,0.1657
1785439027.02,17,drive,3,4.0,15.0,40.853,25.11,249.82,0.1774,0.2087,0.0611,0.1940,0.0846,0.2449,0.0704,0.1065,0.2243,0.1046,0.1520,0.0728,0.2268,0.1657
1785439027.71,17,drive,0,4.5,15.0,40.853,25.11,249.82,0.1799,0.2102,0.0596,0.1970,0.0855,0.2463,0.0674,0.1031,0.2273,0.1022,0.1540,0.0714,0.2283,0.1691
1785439027.81,17,drive,1,4.5,15.0,40.853,25.11,249.82,0.1784,0.2097,0.0660,0.1979,0.0860,0.2454,0.0699,0.1046,0.2258,0.1007,0.1549,0.0743,0.2283,0.1647
1785439027.91,17,drive,2,4.5,15.0,40.853,25.11,249.82,0.1794,0.2131,0.0621,0.1975,0.0855,0.2454,0.0704,0.1051,0.2239,0.1022,0.1540,0.0718,0.2258,0.1657
1785439028.01,17,drive,3,4.5,15.0,40.853,25.11,249.82,0.1794,0.2111,0.0626,0.1965,0.0865,0.2493,0.0679,0.1036,0.2209,0.1022,0.1540,0.0733,0.2287,0.1662
1785439028.71,17,drive,0,5.0,15.0,40.853,25.11,249.82,0.1764,0.2116,0.0626,0.2023,0.0865,0.2512,0.0723,0.1041,0.2268,0.0987,0.1574,0.0714,0.2283,0.1647
1785439028.81,17,drive,1,5.0,15.0,40.853,25.11,249.82,0.1779,0.2121,0.0626,0.1989,0.0860,0.2507,0.0694,0.1051,0.2278,0.1007,0.1544,0.0718,0.2322,0.1662
1785439028.90,17,drive,2,5.0,15.0,40.853,25.11,249.82,0.1789,0.2092,0.0645,0.1979,0.0885,0.2468,0.0689,0.1056,0.2263,0.1007,0.1535,0.0738,0.2312,0.1667
1785439029.00,17,drive,3,5.0,15.0,40.853,25.11,249.82,0.1760,0.2121,0.0621,0.2004,0.0865,0.2488,0.0728,0.1061,0.2307,0.1002,0.1520,0.0733,0.2302,0.1657
1785439029.78,27,base,0,0.0,15.0,40.833,25.11,249.82,0.1804,0.2165,0.0655,0.2028,0.0855,0.2463,0.0723,0.1061,0.2326,0.0982,0.1574,0.0753,0.2336,0.1696
1785439029.88,27,base,1,0.0,15.0,40.833,25.11,249.82,0.1818,0.2126,0.0621,0.2043,0.0870,0.2463,0.0684,0.1041,0.2322,0.0963,0.1584,0.0728,0.2336,0.1667
1785439029.98,27,base,2,0.0,15.0,40.833,25.11,249.82,0.1818,0.2131,0.0640,0.2028,0.0850,0.2517,0.0738,0.1046,0.2317,0.0958,0.1569,0.0723,0.2307,0.1642
1785439030.08,27,base,3,0.0,15.0,40.833,25.11,249.82,0.1828,0.2136,0.0640,0.2048,0.0846,0.2502,0.0699,0.1041,0.2317,0.0953,0.1574,0.0733,0.2317,0.1657
1785439030.77,27,drive,0,0.5,15.0,40.833,25.11,249.82,0.1828,0.2151,0.0650,0.2063,0.0865,0.2517,0.0728,0.1041,0.2322,0.0953,0.1544,0.0733,0.2322,0.1686
1785439030.87,27,drive,1,0.5,15.0,40.833,25.11,249.82,0.1784,0.2146,0.0630,0.2077,0.0860,0.2507,0.0709,0.1056,0.2361,0.0973,0.1544,0.0718,0.2341,0.1706
1785439030.97,27,drive,2,0.5,15.0,40.833,25.11,249.82,0.1813,0.2195,0.0611,0.2092,0.0846,0.2488,0.0704,0.1075,0.2346,0.0958,0.1554,0.0733,0.2370,0.1672
1785439031.07,27,drive,3,0.5,15.0,40.833,25.11,249.82,0.1843,0.2185,0.0626,0.2058,0.0846,0.2502,0.0728,0.1061,0.2317,0.0934,0.1584,0.0728,0.2302,0.1667
1785439031.77,27,drive,0,1.0,15.0,40.833,25.11,249.82,0.1848,0.2160,0.0645,0.2067,0.0850,0.2517,0.0723,0.1026,0.2297,0.0963,0.1603,0.0733,0.2322,0.1701
1785439031.86,27,drive,1,1.0,15.0,40.833,25.11,249.82,0.1813,0.2165,0.0635,0.2087,0.0836,0.2502,0.0728,0.1065,0.2336,0.0948,0.1569,0.0704,0.2322,0.1676
1785439031.96,27,drive,2,1.0,15.0,40.833,25.11,249.82,0.1857,0.2146,0.0591,0.2102,0.0880,0.2498,0.0718,0.1051,0.2317,0.0924,0.1588,0.0723,0.2302,0.1657
1785439032.06,27,drive,3,1.0,15.0,40.833,25.11,249.82,0.1828,0.2151,0.0630,0.2102,0.0875,0.2502,0.0723,0.1065,0.2297,0.0948,0.1554,0.0748,0.2312,0.1672
1785439032.76,27,drive,0,1.5,15.0,40.833,25.11,249.82,0.1818,0.2180,0.0640,0.2067,0.0885,0.2522,0.0704,0.1031,0.2322,0.0909,0.1564,0.0733,0.2302,0.1657
1785439032.86,27,drive,1,1.5,15.0,40.833,25.11,249.82,0.1808,0.2170,0.0626,0.2082,0.0890,0.2512,0.0699,0.1041,0.2312,0.0934,0.1559,0.0689,0.2292,0.1716
1785439032.96,27,drive,2,1.5,15.0,40.833,25.11,249.82,0.1804,0.2165,0.0626,0.2072,0.0885,0.2517,0.0723,0.1051,0.2297,0.0938,0.1535,0.0723,0.2287,0.1657
1785439033.05,27,drive,3,1.5,15.0,40.833,25.11,249.82,0.1813,0.2175,0.0630,0.2102,0.0870,0.2517,0.0699,0.1056,0.2283,0.0943,0.1554,0.0723,0.2263,0.1696
1785439033.75,27,drive,0,2.0,15.0,40.833,25.11,249.82,0.1838,0.2180,0.0616,0.2077,0.0880,0.2507,0.0704,0.1046,0.2283,0.0909,0.1579,0.0733,0.2258,0.1662
1785439033.85,27,drive,1,2.0,15.0,40.833,25.11,249.82,0.1813,0.2175,0.0630,0.2092,0.0870,0.2517,0.0704,0.1046,0.2283,0.0885,0.1540,0.0728,0.2253,0.1686
1785439033.95,27,drive,2,2.0,15.0,40.833,25.11,249.82,0.1833,0.2180,0.0640,0.2087,0.0860,0.2522,0.0699,0.1031,0.2292,0.0924,0.1535,0.0748,0.2258,0.1676
1785439034.05,27,drive,3,2.0,15.0,40.833,25.11,249.82,0.1838,0.2209,0.0630,0.2067,0.0865,0.2527,0.0718,0.1022,0.2258,0.0914,0.1530,0.0704,0.2253,0.1681
1785439034.74,27,drive,0,2.5,15.0,40.833,25.11,249.82,0.1843,0.2219,0.0606,0.2048,0.0899,0.2488,0.0723,0.1031,0.2268,0.0929,0.1569,0.0758,0.2248,0.1637
1785439034.84,27,drive,1,2.5,15.0,40.833,25.11,249.82,0.1789,0.2229,0.0601,0.2058,0.0880,0.2527,0.0704,0.1056,0.2258,0.0938,0.1559,0.0748,0.2219,0.1676
1785439034.94,27,drive,2,2.5,15.0,40.833,25.11,249.82,0.1813,0.2160,0.0640,0.2087,0.0846,0.2502,0.0743,0.1061,0.2239,0.0880,0.1554,0.0738,0.2234,0.1672
1785439035.04,27,drive,3,2.5,15.0,40.833,25.11,249.82,0.1813,0.2204,0.0621,0.2067,0.0865,0.2522,0.0699,0.1080,0.2273,0.0934,0.1500,0.0738,0.2229,0.1647
1785439035.74,27,drive,0,3.0,15.0,40.833,25.11,249.82,0.1848,0.2214,0.0626,0.2087,0.0870,0.2498,0.0704,0.1031,0.2253,0.0929,0.1554,0.0699,0.2239,0.1691
1785439035.84,27,drive,1,3.0,15.0,40.833,25.11,249.82,0.1838,0.2190,0.0611,0.2077,0.0890,0.2502,0.0714,0.1070,0.2243,0.0924,0.1540,0.0709,0.2239,0.1662
1785439035.94,27,drive,2,3.0,15.0,40.833,25.11,249.82,0.1799,0.2170,0.0616,0.2082,0.0865,0.2488,0.0709,0.1080,0.2253,0.0909,0.1515,0.0748,0.2224,0.1672
1785439036.03,27,drive,3,3.0,15.0,40.833,25.11,249.82,0.1823,0.2151,0.0635,0.2107,0.0885,0.2522,0.0709,0.1051,0.2273,0.0943,0.1554,0.0728,0.2248,0.1672
1785439036.73,27,drive,0,3.5,15.0,40.833,25.11,249.82,0.1838,0.2195,0.0640,0.2097,0.0860,0.2493,0.0714,0.1061,0.2224,0.0938,0.1544,0.0748,0.2204,0.1647
1785439036.83,27,drive,1,3.5,15.0,40.833,25.11,249.82,0.1804,0.2185,0.0626,0.2097,0.0880,0.2483,0.0709,0.1031,0.2248,0.0953,0.1520,0.0704,0.2253,0.1681
1785439036.93,27,drive,2,3.5,15.0,40.833,25.11,249.82,0.1823,0.2199,0.0645,0.2087,0.0890,0.2478,0.0728,0.1022,0.2243,0.0943,0.1510,0.0723,0.2248,0.1691
1785439037.03,27,drive,3,3.5,15.0,40.833,25.11,249.82,0.1833,0.2190,0.0626,0.2097,0.0899,0.2498,0.0718,0.1085,0.2268,0.0948,0.1505,0.0718,0.2263,0.1691
1785439037.72,27,drive,0,4.0,15.0,40.833,25.11,249.82,0.1838,0.2195,0.0606,0.2087,0.0894,0.2488,0.0733,0.1065,0.2273,0.0938,0.1520,0.0767,0.2243,0.1676
1785439037.82,27,drive,1,4.0,15.0,40.833,25.11,249.82,0.1813,0.2155,0.0606,0.2092,0.0870,0.2498,0.0709,0.1046,0.2273,0.0948,0.1520,0.0714,0.2243,0.1667
1785439037.92,27,drive,2,4.0,15.0,40.833,25.11,249.82,0.1799,0.2170,0.0626,0.2087,0.0904,0.2454,0.0728,0.1041,0.2258,0.0958,0.1510,0.0748,0.2248,0.1672
1785439038.02,27,drive,3,4.0,15.0,40.833,25.11,249.82,0.1813,0.2146,0.0626,0.2082,0.0894,0.2478,0.0709,0.1065,0.2258,0.0958,0.1530,0.0723,0.2248,0.1686
1785439038.72,27,drive,0,4.5,15.0,40.833,25.11,249.82,0.1823,0.2180,0.0630,0.2053,0.0929,0.2473,0.0684,0.1026,0.2322,0.0958,0.1510,0.0709,0.2263,0.1686
1785439038.81,27,drive,1,4.5,15.0,40.833,25.11,249.82,0.1828,0.2170,0.0630,0.2023,0.0904,0.2517,0.0699,0.1051,0.2297,0.0958,0.1574,0.0758,0.2248,0.1667
1785439038.91,27,drive,2,4.5,15.0,40.833,25.11,249.82,0.1813,0.2155,0.0616,0.2077,0.0880,0.2478,0.0738,0.1080,0.2268,0.0968,0.1540,0.0743,0.2248,0.1652
1785439039.01,27,drive,3,4.5,15.0,40.833,25.11,249.82,0.1833,0.2199,0.0635,0.2067,0.0899,0.2473,0.0718,0.1041,0.2297,0.0919,0.1549,0.0748,0.2258,0.1696
1785439039.71,27,drive,0,5.0,15.0,40.833,25.11,249.82,0.1804,0.2170,0.0577,0.2063,0.0899,0.2434,0.0728,0.1075,0.2253,0.0963,0.1544,0.0748,0.2278,0.1652
1785439039.81,27,drive,1,5.0,15.0,40.833,25.11,249.82,0.1799,0.2151,0.0640,0.2053,0.0919,0.2493,0.0714,0.1036,0.2302,0.0982,0.1544,0.0709,0.2273,0.1672
1785439039.90,27,drive,2,5.0,15.0,40.833,25.11,249.82,0.1799,0.2165,0.0596,0.2063,0.0919,0.2483,0.0714,0.1056,0.2283,0.0982,0.1549,0.0777,0.2273,0.1667
1785439040.00,27,drive,3,5.0,15.0,40.833,25.11,249.82,0.1779,0.2151,0.0621,0.2048,0.0899,0.2483,0.0728,0.1065,0.2292,0.1026,0.1515,0.0743,0.2283,0.1701
1785439040.79,28,base,0,0.0,15.0,40.793,25.10,249.82,0.1799,0.2165,0.0645,0.2067,0.0919,0.2473,0.0709,0.1007,0.2312,0.0978,0.1554,0.0743,0.2302,0.1667
1785439040.88,28,base,1,0.0,15.0,40.793,25.10,249.82,0.1818,0.2160,0.0621,0.2033,0.0899,0.2478,0.0733,0.1026,0.2287,0.1002,0.1579,0.0699,0.2283,0.1676
1785439040.98,28,base,2,0.0,15.0,40.793,25.10,249.82,0.1789,0.2180,0.0621,0.2043,0.0909,0.2468,0.0704,0.1046,0.2317,0.0963,0.1554,0.0728,0.2283,0.1662
1785439041.08,28,base,3,0.0,15.0,40.793,25.10,249.82,0.1852,0.2160,0.0640,0.2063,0.0934,0.2444,0.0709,0.1022,0.2297,0.0938,0.1554,0.0738,0.2307,0.1676
1785439041.78,28,drive,0,0.5,15.0,40.793,25.10,249.82,0.1799,0.2180,0.0606,0.2048,0.0899,0.2473,0.0723,0.1036,0.2322,0.0982,0.1515,0.0758,0.2287,0.1676
1785439041.88,28,drive,1,0.5,15.0,40.793,25.10,249.82,0.1813,0.2165,0.0591,0.2053,0.0934,0.2483,0.0694,0.1022,0.2307,0.0997,0.1564,0.0748,0.2258,0.1691
1785439041.98,28,drive,2,0.5,15.0,40.793,25.10,249.82,0.1833,0.2185,0.0616,0.2053,0.0894,0.2444,0.0679,0.1017,0.2307,0.0987,0.1544,0.0738,0.2283,0.1652
1785439042.08,28,drive,3,0.5,15.0,40.793,25.10,249.82,0.1804,0.2195,0.0665,0.2048,0.0899,0.2449,0.0704,0.1046,0.2297,0.0987,0.1530,0.0704,0.2312,0.1701
1785439042.77,28,drive,0,1.0,15.0,40.793,25.10,249.82,0.1828,0.2199,0.0626,0.2048,0.0929,0.2483,0.0689,0.1036,0.2312,0.1012,0.1520,0.0733,0.2273,0.1681
1785439042.87,28,drive,1,1.0,15.0,40.793,25.10,249.82,0.1813,0.2116,0.0665,0.2028,0.0894,0.2458,0.0723,0.1017,0.2278,0.0978,0.1457,0.0709,0.2283,0.1681
1785439042.97,28,drive,2,1.0,15.0,40.793,25.10,249.82,0.1735,0.2170,0.0626,0.2063,0.0919,0.2478,0.0723,0.1031,0.2307,0.0997,0.1481,0.0762,0.2278,0.1672
1785439043.07,28,drive,3,1.0,15.0,40.793,25.10,249.82,0.1799,0.2195,0.0616,0.2058,0.0899,0.2439,0.0709,0.1056,0.2278,0.0973,0.1500,0.0728,0.2283,0.1681
1785439043.77,28,drive,0,1.5,15.0,40.793,25.10,249.82,0.1823,0.2185,0.0606,0.2067,0.0953,0.2444,0.0694,0.0987,0.2302,0.0982,0.1505,0.0728,0.2258,0.1681
1785439043.86,28,drive,1,1.5,15.0,40.793,25.10,249.82,0.1804,0.2146,0.0611,0.2058,0.0904,0.2463,0.0704,0.0997,0.2287,0.0953,0.1486,0.0723,0.2258,0.1637
1785439043.96,28,drive,2,1.5,15.0,40.793,25.10,249.82,0.1760,0.2160,0.0635,0.2053,0.0904,0.2444,0.0684,0.1026,0.2287,0.0987,0.1452,0.0718,0.2268,0.1642
1785439044.06,28,drive,3,1.5,15.0,40.793,25.10,249.82,0.1789,0.2175,0.0621,0.2053,0.0899,0.2458,0.0709,0.1012,0.2312,0.1002,0.1466,0.0733,0.2263,0.1652
1785439044.76,28,drive,0,2.0,15.0,40.793,25.10,249.82,0.1833,0.2190,0.0621,0.2082,0.0929,0.2468,0.0679,0.1026,0.2248,0.0982,0.1476,0.0728,0.2258,0.1667
1785439044.86,28,drive,1,2.0,15.0,40.793,25.10,249.82,0.1852,0.2195,0.0626,0.2077,0.0890,0.2444,0.0714,0.1002,0.2253,0.0938,0.1481,0.0762,0.2253,0.1647
1785439044.96,28,drive,2,2.0,15.0,40.793,25.10,249.82,0.1823,0.2199,0.0655,0.2072,0.0899,0.2468,0.0709,0.0997,0.2273,0.0953,0.1452,0.0733,0.2234,0.1647
1785439045.05,28,drive,3,2.0,15.0,40.793,25.10,249.82,0.1808,0.2170,0.0630,0.2107,0.0909,0.2449,0.0670,0.1002,0.2234,0.0963,0.1442,0.0748,0.2224,0.1686
1785439045.75,28,drive,0,2.5,15.0,40.793,25.10,249.82,0.1833,0.2224,0.0665,0.2087,0.0880,0.2439,0.0689,0.1012,0.2243,0.0958,0.1447,0.0748,0.2224,0.1701
1785439045.85,28,drive,1,2.5,15.0,40.793,25.10,249.82,0.1833,0.2258,0.0596,0.2048,0.0924,0.2405,0.0684,0.1012,0.2258,0.0958,0.1457,0.0758,0.2234,0.1647
1785439045.95,28,drive,2,2.5,15.0,40.793,25.10,249.82,0.1838,0.2268,0.0611,0.2097,0.0909,0.2454,0.0694,0.0987,0.2258,0.0934,0.1447,0.0723,0.2199,0.1667
1785439046.05,28,drive,3,2.5,15.0,40.793,25.10,249.82,0.1813,0.2190,0.0611,0.2111,0.0894,0.2483,0.0699,0.0992,0.2258,0.0958,0.1461,0.0714,0.2234,0.1642
1785439046.96,28,drive,0,3.0,15.0,40.793,25.10,249.82,0.1848,0.2239,0.0616,0.2131,0.0885,0.2458,0.0704,0.0968,0.2239,0.0978,0.1432,0.0723,0.2195,0.1696
1785439047.06,28,drive,1,3.0,15.0,40.793,25.10,249.82,0.1828,0.2224,0.0606,0.2102,0.0899,0.2483,0.0699,0.0997,0.2243,0.0938,0.1427,0.0738,0.2204,0.1667
1785439047.16,28,drive,2,3.0,15.0,40.793,25.10,249.82,0.1818,0.2248,0.0630,0.2092,0.0914,0.2468,0.0660,0.1012,0.2253,0.0978,0.1398,0.0753,0.2234,0.1681
1785439047.26,28,drive,3,3.0,15.0,40.793,25.10,249.82,0.1828,0.2248,0.0626,0.2111,0.0914,0.2483,0.0718,0.0992,0.2243,0.0978,0.1422,0.0762,0.2219,0.1657
1785439047.96,28,drive,0,3.5,15.0,40.793,25.10,249.82,0.1862,0.2243,0.0616,0.2131,0.0899,0.2463,0.0694,0.0938,0.2268,0.0943,0.1461,0.0738,0.2243,0.1681
1785439048.06,28,drive,1,3.5,15.0,40.793,25.10,249.82,0.1838,0.2283,0.0616,0.2136,0.0880,0.2434,0.0709,0.0978,0.2239,0.0968,0.1471,0.0714,0.2234,0.1628
1785439048.16,28,drive,2,3.5,15.0,40.793,25.10,249.82,0.1843,0.2283,0.0606,0.2111,0.0919,0.2488,0.0684,0.0987,0.2292,0.0953,0.1442,0.0699,0.2229,0.1667
1785439048.26,28,drive,3,3.5,15.0,40.793,25.10,249.82,0.1823,0.2297,0.0621,0.2155,0.0885,0.2444,0.0709,0.0948,0.2253,0.0934,0.1442,0.0723,0.2243,0.1652
1785439048.96,28,drive,0,4.0,15.0,40.793,25.10,249.82,0.1848,0.2253,0.0635,0.2160,0.0909,0.2483,0.0694,0.0953,0.2268,0.0948,0.1427,0.0733,0.2229,0.1672
1785439049.05,28,drive,1,4.0,15.0,40.793,25.10,249.82,0.1857,0.2273,0.0606,0.2146,0.0909,0.2488,0.0689,0.0978,0.2278,0.0899,0.1442,0.0699,0.2248,0.1647
1785439049.15,28,drive,2,4.0,15.0,40.793,25.10,249.82,0.1833,0.2287,0.0650,0.2160,0.0914,0.2478,0.0674,0.0992,0.2283,0.0924,0.1447,0.0718,0.2224,0.1696
1785439049.25,28,drive,3,4.0,15.0,40.793,25.10,249.82,0.1852,0.2287,0.0582,0.2136,0.0890,0.2468,0.0665,0.0963,0.2287,0.0929,0.1437,0.0738,0.2239,0.1657
1785439049.95,28,drive,0,4.5,15.0,40.793,25.10,249.82,0.1882,0.2322,0.0606,0.2155,0.0890,0.2488,0.0679,0.0963,0.2287,0.0894,0.1457,0.0699,0.2273,0.1623
1785439050.05,28,drive,1,4.5,15.0,40.793,25.10,249.82,0.1838,0.2268,0.0616,0.2175,0.0919,0.2478,0.0660,0.0973,0.2322,0.0943,0.1461,0.0738,0.2268,0.1681
1785439050.15,28,drive,2,4.5,15.0,40.793,25.10,249.82,0.1872,0.2312,0.0645,0.2170,0.0890,0.2507,0.0665,0.0968,0.2297,0.0929,0.1457,0.0714,0.2292,0.1657
1785439050.24,28,drive,3,4.5,15.0,40.793,25.10,249.82,0.1877,0.2258,0.0616,0.2170,0.0909,0.2458,0.0670,0.0958,0.2302,0.0934,0.1466,0.0723,0.2243,0.1696
1785439050.94,28,drive,0,5.0,15.0,40.793,25.10,249.82,0.1843,0.2307,0.0635,0.2190,0.0899,0.2463,0.0704,0.0943,0.2336,0.0929,0.1457,0.0699,0.2253,0.1686
1785439051.04,28,drive,1,5.0,15.0,40.793,25.10,249.82,0.1862,0.2302,0.0601,0.2146,0.0919,0.2488,0.0684,0.0968,0.2292,0.0948,0.1466,0.0694,0.2253,0.1672
1785439051.14,28,drive,2,5.0,15.0,40.793,25.10,249.82,0.1843,0.2317,0.0611,0.2170,0.0904,0.2478,0.0694,0.0948,0.2346,0.0924,0.1442,0.0709,0.2283,0.1672
1785439051.24,28,drive,3,5.0,15.0,40.793,25.10,249.82,0.1867,0.2283,0.0611,0.2155,0.0904,0.2434,0.0670,0.0958,0.2331,0.0929,0.1442,0.0748,0.2278,0.1676
1785439052.01,29,base,0,0.0,15.0,40.833,25.10,249.82,0.1852,0.2346,0.0626,0.2190,0.0904,0.2493,0.0689,0.0958,0.2346,0.0929,0.1491,0.0748,0.2292,0.1667
1785439052.11,29,base,1,0.0,15.0,40.833,25.10,249.82,0.1838,0.2278,0.0626,0.2199,0.0890,0.2473,0.0679,0.0968,0.2351,0.0890,0.1447,0.0733,0.2283,0.1662
1785439052.21,29,base,2,0.0,15.0,40.833,25.10,249.82,0.1857,0.2297,0.0606,0.2170,0.0894,0.2478,0.0679,0.0958,0.2351,0.0899,0.1515,0.0753,0.2283,0.1647
1785439052.30,29,base,3,0.0,15.0,40.833,25.10,249.82,0.1882,0.2322,0.0616,0.2170,0.0904,0.2483,0.0689,0.0973,0.2336,0.0919,0.1481,0.0728,0.2268,0.1686
1785439053.01,29,drive,0,0.5,15.0,40.833,25.10,249.82,0.1867,0.2302,0.0601,0.2195,0.0865,0.2473,0.0684,0.0943,0.2326,0.0919,0.1481,0.0723,0.2283,0.1686
1785439053.11,29,drive,1,0.5,15.0,40.833,25.10,249.82,0.1857,0.2336,0.0630,0.2160,0.0899,0.2493,0.0699,0.0963,0.2336,0.0919,0.1461,0.0748,0.2263,0.1686
1785439053.21,29,drive,2,0.5,15.0,40.833,25.10,249.82,0.1867,0.2312,0.0616,0.2185,0.0850,0.2498,0.0689,0.0987,0.2356,0.0899,0.1481,0.0743,0.2297,0.1647
1785439053.31,29,drive,3,0.5,15.0,40.833,25.10,249.82,0.1877,0.2356,0.0626,0.2190,0.0885,0.2478,0.0709,0.0948,0.2366,0.0924,0.1496,0.0723,0.2278,0.1681
1785439054.00,29,drive,0,1.0,15.0,40.833,25.10,249.82,0.1843,0.2322,0.0601,0.2199,0.0890,0.2449,0.0679,0.0963,0.2366,0.0914,0.1471,0.0753,0.2268,0.1667
1785439054.10,29,drive,1,1.0,15.0,40.833,25.10,249.82,0.1867,0.2322,0.0572,0.2209,0.0894,0.2449,0.0684,0.0958,0.2361,0.0909,0.1510,0.0704,0.2273,0.1676
1785439054.20,29,drive,2,1.0,15.0,40.833,25.10,249.82,0.1848,0.2317,0.0621,0.2204,0.0885,0.2468,0.0694,0.0982,0.2370,0.0958,0.1442,0.0709,0.2268,0.1681
1785439054.30,29,drive,3,1.0,15.0,40.833,25.10,249.82,0.1838,0.2283,0.0630,0.2180,0.0899,0.2444,0.0699,0.0958,0.2380,0.0963,0.1505,0.0723,0.2268,0.1667
1785439055.00,29,drive,0,1.5,15.0,40.833,25.10,249.82,0.1877,0.2356,0.0601,0.2180,0.0899,0.2454,0.0689,0.0973,0.2370,0.0943,0.1500,0.0723,0.2263,0.1657
1785439055.10,29,drive,1,1.5,15.0,40.833,25.10,249.82,0.1852,0.2346,0.0616,0.2195,0.0890,0.2458,0.0723,0.0992,0.2370,0.0904,0.1525,0.0758,0.2273,0.1667
1785439055.20,29,drive,2,1.5,15.0,40.833,25.10,249.82,0.1804,0.2341,0.0650,0.2185,0.0850,0.2434,0.0684,0.0929,0.2351,0.0924,0.1466,0.0714,0.2268,0.1667
1785439055.30,29,drive,3,1.5,15.0,40.833,25.10,249.82,0.1867,0.2312,0.0645,0.2234,0.0885,0.2444,0.0670,0.0982,0.2351,0.0914,0.1466,0.0743,0.2278,0.1662
1785439056.00,29,drive,0,2.0,15.0,40.833,25.10,249.82,0.1857,0.2326,0.0591,0.2204,0.0880,0.2429,0.0684,0.0958,0.2434,0.0938,0.1471,0.0733,0.2268,0.1681
1785439056.10,29,drive,1,2.0,15.0,40.833,25.10,249.82,0.1823,0.2361,0.0601,0.2190,0.0890,0.2468,0.0679,0.0978,0.2366,0.0943,0.1500,0.0743,0.2248,0.1637
1785439056.20,29,drive,2,2.0,15.0,40.833,25.10,249.82,0.1862,0.2331,0.0611,0.2199,0.0880,0.2449,0.0679,0.0973,0.2400,0.0929,0.1471,0.0714,0.2258,0.1628
1785439056.29,29,drive,3,2.0,15.0,40.833,25.10,249.82,0.1808,0.2312,0.0645,0.2141,0.0899,0.2439,0.0704,0.0968,0.2380,0.0899,0.1496,0.0718,0.2287,0.1657
1785439057.00,29,drive,0,2.5,15.0,40.833,25.10,249.82,0.1833,0.2312,0.0630,0.2190,0.0880,0.2439,0.0699,0.0953,0.2341,0.0943,0.1486,0.0753,0.2278,0.1672
1785439057.10,29,drive,1,2.5,15.0,40.833,25.10,249.82,0.1838,0.2346,0.0630,0.2195,0.0870,0.2419,0.0689,0.0968,0.2385,0.0929,0.1515,0.0733,0.2253,0.1681
1785439057.20,29,drive,2,2.5,15.0,40.833,25.10,249.82,0.1843,0.2317,0.0611,0.2195,0.0860,0.2419,0.0679,0.0982,0.2419,0.0948,0.1471,0.0728,0.2292,0.1662
1785439057.29,29,drive,3,2.5,15.0,40.833,25.10,249.82,0.1843,0.2317,0.0616,0.2199,0.0855,0.2424,0.0704,0.0963,0.2351,0.0934,0.1525,0.0743,0.2273,0.1662
1785439057.99,29,drive,0,3.0,15.0,40.833,25.10,249.82,0.1877,0.2292,0.0606,0.2180,0.0880,0.2410,0.0679,0.0992,0.2370,0.0953,0.1466,0.0723,0.2263,0.1691
1785439058.09,29,drive,1,3.0,15.0,40.833,25.10,249.82,0.1848,0.2278,0.0645,0.2199,0.0870,0.2429,0.0704,0.1012,0.2366,0.0934,0.1466,0.0748,0.2268,0.1662
1785439058.19,29,drive,2,3.0,15.0,40.833,25.10,249.82,0.1828,0.2331,0.0621,0.2160,0.0855,0.2444,0.0709,0.0978,0.2361,0.0924,0.1447,0.0753,0.2248,0.1676
1785439058.29,29,drive,3,3.0,15.0,40.833,25.10,249.82,0.1838,0.2273,0.0655,0.2199,0.0850,0.2434,0.0694,0.0982,0.2370,0.0948,0.1457,0.0733,0.2263,0.1642
1785439058.99,29,drive,0,3.5,15.0,40.833,25.10,249.82,0.1833,0.2307,0.0616,0.2209,0.0875,0.2424,0.0709,0.0997,0.2375,0.0958,0.1461,0.0733,0.2258,0.1647
1785439059.09,29,drive,1,3.5,15.0,40.833,25.10,249.82,0.1852,0.2283,0.0645,0.2214,0.0860,0.2434,0.0694,0.0958,0.2351,0.0948,0.1457,0.0704,0.2243,0.1701
1785439059.19,29,drive,2,3.5,15.0,40.833,25.10,249.82,0.1833,0.2307,0.0577,0.2204,0.0860,0.2405,0.0679,0.1002,0.2336,0.0924,0.1447,0.0758,0.2273,0.1667
1785439059.29,29,drive,3,3.5,15.0,40.833,25.10,249.82,0.1833,0.2302,0.0616,0.2219,0.0811,0.2419,0.0718,0.0992,0.2356,0.0963,0.1461,0.0743,0.2283,0.1681
1785439059.99,29,drive,0,4.0,15.0,40.833,25.10,249.82,0.1818,0.2287,0.0616,0.2195,0.0850,0.2434,0.0723,0.0973,0.2356,0.0963,0.1466,0.0738,0.2229,0.1711
1785439060.09,29,drive,1,4.0,15.0,40.833,25.10,249.82,0.1833,0.2341,0.0591,0.2175,0.0841,0.2405,0.0704,0.0978,0.2356,0.0963,0.1422,0.0767,0.2268,0.1672
1785439060.19,29,drive,2,4.0,15.0,40.833,25.10,249.82,0.1799,0.2322,0.0630,0.2190,0.0850,0.2429,0.0694,0.0982,0.2361,0.0973,0.1447,0.0767,0.2263,0.1657
1785439060.29,29,drive,3,4.0,15.0,40.833,25.10,249.82,0.1857,0.2312,0.0645,0.2190,0.0846,0.2429,0.0718,0.0992,0.2336,0.0948,0.1437,0.0753,0.2243,0.1667
1785439060.99,29,drive,0,4.5,15.0,40.833,25.10,249.82,0.1838,0.2336,0.0621,0.2224,0.0860,0.2439,0.0679,0.1002,0.2370,0.0982,0.1466,0.0723,0.2253,0.1676
1785439061.09,29,drive,1,4.5,15.0,40.833,25.10,249.82,0.1848,0.2307,0.0621,0.2160,0.0850,0.2439,0.0704,0.0973,0.2375,0.0968,0.1452,0.0743,0.2273,0.1662
1785439061.19,29,drive,2,4.5,15.0,40.833,25.10,249.82,0.1813,0.2297,0.0606,0.2195,0.0850,0.2434,0.0670,0.1017,0.2375,0.0963,0.1413,0.0743,0.2263,0.1667
1785439061.29,29,drive,3,4.5,15.0,40.833,25.10,249.82,0.1838,0.2331,0.0621,0.2209,0.0850,0.2439,0.0684,0.1012,0.2361,0.0968,0.1432,0.0748,0.2253,0.1652
1785439061.99,29,drive,0,5.0,15.0,40.833,25.10,249.82,0.1857,0.2297,0.0650,0.2160,0.0850,0.2463,0.0728,0.1007,0.2380,0.0982,0.1432,0.0758,0.2268,0.1647
1785439062.09,29,drive,1,5.0,15.0,40.833,25.10,249.82,0.1852,0.2312,0.0606,0.2180,0.0880,0.2454,0.0728,0.1007,0.2395,0.0958,0.1427,0.0738,0.2273,0.1652
1785439062.19,29,drive,2,5.0,15.0,40.833,25.10,249.82,0.1843,0.2292,0.0601,0.2224,0.0894,0.2434,0.0699,0.1022,0.2366,0.0968,0.1417,0.0762,0.2273,0.1686
1785439062.29,29,drive,3,5.0,15.0,40.833,25.10,249.82,0.1848,0.2283,0.0611,0.2175,0.0865,0.2434,0.0694,0.1002,0.2400,0.0973,0.1481,0.0753,0.2273,0.1662
1785439063.08,30,base,0,0.0,15.0,40.813,25.11,249.82,0.1774,0.2283,0.0635,0.2175,0.0855,0.2429,0.0714,0.1026,0.2341,0.0982,0.1413,0.0758,0.2268,0.1672
1785439063.18,30,base,1,0.0,15.0,40.813,25.11,249.82,0.1852,0.2283,0.0611,0.2199,0.0875,0.2473,0.0665,0.1017,0.2400,0.0987,0.1427,0.0704,0.2297,0.1667
1785439063.28,30,base,2,0.0,15.0,40.813,25.11,249.82,0.1838,0.2302,0.0606,0.2195,0.0855,0.2434,0.0699,0.1041,0.2356,0.0958,0.1427,0.0767,0.2302,0.1681
1785439063.38,30,base,3,0.0,15.0,40.813,25.11,249.82,0.1843,0.2317,0.0601,0.2209,0.0880,0.2449,0.0709,0.1007,0.2351,0.0963,0.1403,0.0738,0.2263,0.1652
1785439064.08,30,drive,0,0.5,15.0,40.813,25.11,249.82,0.1833,0.2292,0.0621,0.2219,0.0850,0.2429,0.0694,0.1007,0.2375,0.0978,0.1427,0.0743,0.2287,0.1667
1785439064.18,30,drive,1,0.5,15.0,40.813,25.11,249.82,0.1843,0.2278,0.0611,0.2190,0.0870,0.2400,0.0714,0.1007,0.2410,0.0963,0.1413,0.0753,0.2312,0.1676
1785439064.28,30,drive,2,0.5,15.0,40.813,25.11,249.82,0.1843,0.2317,0.0626,0.2175,0.0880,0.2410,0.0704,0.1017,0.2380,0.0963,0.1437,0.0743,0.2283,0.1637
1785439064.38,30,drive,3,0.5,15.0,40.813,25.11,249.82,0.1838,0.2302,0.0630,0.2204,0.0899,0.2424,0.0699,0.1002,0.2356,0.0982,0.1403,0.0733,0.2297,0.1672
1785439065.08,30,drive,0,1.0,15.0,40.813,25.11,249.82,0.1804,0.2273,0.0640,0.2195,0.0836,0.2429,0.0714,0.1031,0.2395,0.0948,0.1408,0.0758,0.2351,0.1676
1785439065.18,30,drive,1,1.0,15.0,40.813,25.11,249.82,0.1857,0.2322,0.0596,0.2199,0.0865,0.2429,0.0709,0.1007,0.2351,0.0968,0.1432,0.0767,0.2292,0.1681
1785439065.28,30,drive,2,1.0,15.0,40.813,25.11,249.82,0.1838,0.2322,0.0621,0.2209,0.0850,0.2414,0.0694,0.0997,0.2370,0.1002,0.1417,0.0767,0.2312,0.1657
1785439065.38,30,drive,3,1.0,15.0,40.813,25.11,249.82,0.1838,0.2283,0.0572,0.2243,0.0836,0.2429,0.0728,0.1036,0.2361,0.0958,0.1408,0.0743,0.2283,0.1662
1785439066.09,30,drive,0,1.5,15.0,40.813,25.11,249.82,0.1828,0.2307,0.0626,0.2195,0.0855,0.2463,0.0748,0.1007,0.2346,0.0978,0.1422,0.0743,0.2263,0.1691
1785439066.18,30,drive,1,1.5,15.0,40.813,25.11,249.82,0.1848,0.2268,0.0601,0.2219,0.0865,0.2424,0.0728,0.1017,0.2366,0.0992,0.1408,0.0743,0.2312,0.1686
1785439066.28,30,drive,2,1.5,15.0,40.813,25.11,249.82,0.1823,0.2287,0.0645,0.2224,0.0865,0.2444,0.0704,0.1022,0.2375,0.0963,0.1393,0.0772,0.2302,0.1681
1785439066.38,30,drive,3,1.5,15.0,40.813,25.11,249.82,0.1838,0.2263,0.0650,0.2209,0.0850,0.2434,0.0694,0.1031,0.2375,0.0963,0.1408,0.0758,0.2292,0.1676
1785439067.08,30,drive,0,2.0,15.0,40.813,25.11,249.82,0.1852,0.2302,0.0626,0.2209,0.0865,0.2439,0.0684,0.1026,0.2370,0.0982,0.1383,0.0787,0.2307,0.1667
1785439067.18,30,drive,1,2.0,15.0,40.813,25.11,249.82,0.1848,0.2292,0.0611,0.2214,0.0885,0.2439,0.0714,0.1012,0.2370,0.0958,0.1422,0.0748,0.2258,0.1637
1785439067.28,30,drive,2,2.0,15.0,40.813,25.11,249.82,0.1823,0.2268,0.0601,0.2219,0.0875,0.2419,0.0714,0.0992,0.2346,0.0982,0.1393,0.0767,0.2292,0.1686
1785439067.38,30,drive,3,2.0,15.0,40.813,25.11,249.82,0.1813,0.2268,0.0645,0.2209,0.0855,0.2454,0.0718,0.1046,0.2361,0.0978,0.1398,0.0762,0.2307,0.1681
1785439068.08,30,drive,0,2.5,15.0,40.813,25.11,249.82,0.1828,0.2302,0.0601,0.2224,0.0865,0.2444,0.0733,0.0997,0.2346,0.0992,0.1427,0.0777,0.2302,0.1662
1785439068.18,30,drive,1,2.5,15.0,40.813,25.11,249.82,0.1843,0.2268,0.0621,0.2219,0.0875,0.2419,0.0689,0.0992,0.2341,0.0992,0.1369,0.0762,0.2283,0.1676
1785439068.28,30,drive,2,2.5,15.0,40.813,25.11,249.82,0.1828,0.2278,0.0601,0.2243,0.0894,0.2458,0.0718,0.1017,0.2356,0.0982,0.1373,0.0758,0.2287,0.1676
1785439068.38,30,drive,3,2.5,15.0,40.813,25.11,249.82,0.1818,0.2307,0.0616,0.2239,0.0890,0.2444,0.0704,0.1022,0.2356,0.0958,0.1413,0.0782,0.2287,0.1691
1785439069.09,30,drive,0,3.0,15.0,40.813,25.11,249.82,0.1838,0.2297,0.0621,0.2224,0.0870,0.2419,0.0733,0.1017,0.2341,0.0987,0.1378,0.0787,0.2263,0.1662
1785439069.18,30,drive,1,3.0,15.0,40.813,25.11,249.82,0.1828,0.2302,0.0572,0.2199,0.0880,0.2419,0.0714,0.0982,0.2375,0.0958,0.1359,0.0738,0.2297,0.1667
1785439069.28,30,drive,2,3.0,15.0,40.813,25.11,249.82,0.1872,0.2302,0.0606,0.2248,0.0899,0.2395,0.0748,0.0997,0.2326,0.0997,0.1398,0.0777,0.2263,0.1667
1785439069.38,30,drive,3,3.0,15.0,40.813,25.11,249.82,0.1843,0.2302,0.0616,0.2214,0.0836,0.2395,0.0723,0.1022,0.2331,0.1002,0.1398,0.0772,0.2268,0.1686
1785439070.08,30,drive,0,3.5,15.0,40.813,25.11,249.82,0.1843,0.2312,0.0596,0.2229,0.0880,0.2439,0.0718,0.0987,0.2322,0.0943,0.1359,0.0772,0.2248,0.1637
1785439070.18,30,drive,1,3.5,15.0,40.813,25.11,249.82,0.1818,0.2283,0.0626,0.2248,0.0880,0.2439,0.0723,0.1002,0.2317,0.0987,0.1369,0.0762,0.2253,0.1657
1785439070.28,30,drive,2,3.5,15.0,40.813,25.11,249.82,0.1818,0.2312,0.0626,0.2214,0.0890,0.2449,0.0709,0.0987,0.2331,0.0973,0.1349,0.0762,0.2273,0.1681
1785439070.38,30,drive,3,3.5,15.0,40.813,25.11,249.82,0.1804,0.2302,0.0626,0.2253,0.0855,0.2454,0.0714,0.1002,0.2322,0.0953,0.1369,0.0767,0.2292,0.1681
1785439071.08,30,drive,0,4.0,15.0,40.813,25.11,249.82,0.1862,0.2312,0.0606,0.2258,0.0875,0.2434,0.0704,0.0992,0.2317,0.0973,0.1349,0.0738,0.2263,0.1672
1785439071.18,30,drive,1,4.0,15.0,40.813,25.11,249.82,0.1813,0.2322,0.0616,0.2239,0.0860,0.2454,0.0704,0.1022,0.2283,0.0948,0.1344,0.0792,0.2185,0.1637
1785439071.28,30,drive,2,4.0,15.0,40.813,25.11,249.82,0.1818,0.2283,0.0616,0.2248,0.0880,0.2429,0.0728,0.0992,0.2307,0.0978,0.1334,0.0723,0.2239,0.1662
1785439071.38,30,drive,3,4.0,15.0,40.813,25.11,249.82,0.1818,0.2326,0.0655,0.2229,0.0875,0.2449,0.0728,0.0987,0.2278,0.0973,0.1334,0.0777,0.2219,0.1637
1785439072.09,30,drive,0,4.5,15.0,40.813,25.11,249.82,0.1838,0.2283,0.0616,0.2234,0.0899,0.2434,0.0670,0.1002,0.2297,0.0958,0.1315,0.0772,0.2209,0.1676
1785439072.18,30,drive,1,4.5,15.0,40.813,25.11,249.82,0.1852,0.2312,0.0630,0.2253,0.0904,0.2444,0.0733,0.0987,0.2302,0.0953,0.1349,0.0767,0.2199,0.1652
1785439072.28,30,drive,2,4.5,15.0,40.813,25.11,249.82,0.1862,0.2287,0.0606,0.2268,0.0870,0.2405,0.0694,0.1007,0.2273,0.0968,0.1329,0.0748,0.2219,0.1657
1785439072.38,30,drive,3,4.5,15.0,40.813,25.11,249.82,0.1828,0.2287,0.0601,0.2278,0.0894,0.2419,0.0684,0.1022,0.2283,0.0943,0.1320,0.0758,0.2199,0.1662
1785439073.09,30,drive,0,5.0,15.0,40.813,25.11,249.82,0.1877,0.2287,0.0606,0.2268,0.0870,0.2463,0.0704,0.1007,0.2243,0.0938,0.1276,0.0718,0.2185,0.1681
1785439073.18,30,drive,1,5.0,15.0,40.813,25.11,249.82,0.1818,0.2336,0.0621,0.2268,0.0909,0.2454,0.0718,0.1002,0.2243,0.0973,0.1300,0.0772,0.2185,0.1681
1785439073.28,30,drive,2,5.0,15.0,40.813,25.11,249.82,0.1852,0.2273,0.0660,0.2283,0.0904,0.2439,0.0699,0.1007,0.2229,0.0978,0.1300,0.0762,0.2204,0.1686
1785439073.38,30,drive,3,5.0,15.0,40.813,25.11,249.82,0.1848,0.2292,0.0611,0.2258,0.0914,0.2449,0.0704,0.1007,0.2287,0.0948,0.1295,0.0728,0.2180,0.1720
1785439074.17,102,base,0,0.0,15.0,40.813,25.11,249.82,0.1843,0.2292,0.0645,0.2273,0.0870,0.2444,0.0723,0.0992,0.2219,0.0943,0.1241,0.0753,0.2209,0.1672
1785439074.26,102,base,1,0.0,15.0,40.813,25.11,249.82,0.1852,0.2312,0.0626,0.2258,0.0880,0.2444,0.0679,0.1026,0.2214,0.0948,0.1276,0.0753,0.2160,0.1667
1785439074.36,102,base,2,0.0,15.0,40.813,25.11,249.82,0.1843,0.2312,0.0626,0.2253,0.0875,0.2454,0.0709,0.0987,0.2214,0.0973,0.1295,0.0753,0.2190,0.1667
1785439074.46,102,base,3,0.0,15.0,40.813,25.11,249.82,0.1852,0.2317,0.0640,0.2253,0.0909,0.2463,0.0709,0.1002,0.2234,0.0958,0.1266,0.0753,0.2151,0.1672
1785439075.17,102,drive,0,0.5,15.0,40.813,25.11,249.82,0.1838,0.2361,0.0630,0.2234,0.0894,0.2458,0.0709,0.0968,0.2195,0.0997,0.1261,0.0748,0.2160,0.1672
1785439075.27,102,drive,1,0.5,15.0,40.813,25.11,249.82,0.1852,0.2273,0.0601,0.2268,0.0894,0.2449,0.0699,0.0997,0.2185,0.0982,0.1256,0.0748,0.2155,0.1686
1785439075.36,102,drive,2,0.5,15.0,40.813,25.11,249.82,0.1823,0.2326,0.0621,0.2268,0.0904,0.2478,0.0694,0.1012,0.2243,0.0904,0.1251,0.0733,0.2146,0.1662
1785439075.46,102,drive,3,0.5,15.0,40.813,25.11,249.82,0.1818,0.2312,0.0626,0.2278,0.0894,0.2458,0.0699,0.0982,0.2190,0.0978,0.1261,0.0777,0.2107,0.1701
1785439076.17,102,drive,0,1.0,15.0,40.813,25.11,249.82,0.1852,0.2331,0.0611,0.2248,0.0890,0.2449,0.0694,0.0987,0.2199,0.0953,0.1256,0.0772,0.2121,0.1672
1785439076.27,102,drive,1,1.0,15.0,40.813,25.11,249.82,0.1857,0.2326,0.0606,0.2297,0.0875,0.2454,0.0679,0.0992,0.2195,0.0963,0.1222,0.0743,0.2136,0.1667
1785439076.36,102,drive,2,1.0,15.0,40.813,25.11,249.82,0.1813,0.2312,0.0616,0.2283,0.0880,0.2449,0.0699,0.1017,0.2175,0.0919,0.1246,0.0748,0.2160,0.1667
1785439076.46,102,drive,3,1.0,15.0,40.813,25.11,249.82,0.1867,0.2341,0.0596,0.2253,0.0899,0.2493,0.0723,0.0997,0.2180,0.0968,0.1232,0.0767,0.2121,0.1667
1785439077.17,102,drive,0,1.5,15.0,40.813,25.11,249.82,0.1848,0.2370,0.0626,0.2292,0.0870,0.2498,0.0694,0.0992,0.2155,0.0973,0.1232,0.0728,0.2116,0.1657
1785439077.27,102,drive,1,1.5,15.0,40.813,25.11,249.82,0.1877,0.2336,0.0596,0.2283,0.0904,0.2493,0.0704,0.0968,0.2175,0.0963,0.1227,0.0723,0.2116,0.1696
1785439077.37,102,drive,2,1.5,15.0,40.813,25.11,249.82,0.1877,0.2361,0.0621,0.2283,0.0894,0.2463,0.0709,0.0948,0.2160,0.0953,0.1232,0.0743,0.2126,0.1667
1785439077.46,102,drive,3,1.5,15.0,40.813,25.11,249.82,0.1843,0.2370,0.0645,0.2287,0.0860,0.2483,0.0689,0.0978,0.2170,0.0943,0.1207,0.0743,0.2121,0.1676
1785439078.17,102,drive,0,2.0,15.0,40.813,25.11,249.82,0.1872,0.2366,0.0630,0.2287,0.0870,0.2493,0.0689,0.0992,0.2155,0.0953,0.1232,0.0743,0.2107,0.1667
1785439078.27,102,drive,1,2.0,15.0,40.813,25.11,249.82,0.1857,0.2361,0.0596,0.2287,0.0890,0.2498,0.0694,0.0978,0.2131,0.0982,0.1222,0.0723,0.2116,0.1667
1785439078.37,102,drive,2,2.0,15.0,40.813,25.11,249.82,0.1848,0.2346,0.0635,0.2302,0.0885,0.2498,0.0684,0.0992,0.2175,0.0958,0.1207,0.0758,0.2087,0.1662
1785439078.46,102,drive,3,2.0,15.0,40.813,25.11,249.82,0.1872,0.2361,0.0611,0.2283,0.0846,0.2483,0.0714,0.1002,0.2170,0.0973,0.1246,0.0767,0.2087,0.1672
1785439079.17,102,drive,0,2.5,15.0,40.813,25.11,249.82,0.1862,0.2336,0.0626,0.2292,0.0904,0.2468,0.0679,0.1007,0.2155,0.0953,0.1217,0.0748,0.2126,0.1686
1785439079.27,102,drive,1,2.5,15.0,40.813,25.11,249.82,0.1877,0.2370,0.0621,0.2302,0.0914,0.2488,0.0679,0.1007,0.2175,0.0968,0.1178,0.0758,0.2097,0.1618
1785439079.37,102,drive,2,2.5,15.0,40.813,25.11,249.82,0.1867,0.2385,0.0621,0.2283,0.0890,0.2488,0.0684,0.0953,0.2155,0.0934,0.1197,0.0748,0.2097,0.1681
1785439079.47,102,drive,3,2.5,15.0,40.813,25.11,249.82,0.1877,0.2351,0.0606,0.2307,0.0880,0.2458,0.0684,0.0978,0.2136,0.0938,0.1173,0.0728,0.2097,0.1676
1785439080.16,102,drive,0,3.0,15.0,40.813,25.11,249.82,0.1848,0.2370,0.0626,0.2292,0.0894,0.2419,0.0728,0.1007,0.2175,0.0948,0.1173,0.0753,0.2102,0.1691
1785439080.26,102,drive,1,3.0,15.0,40.813,25.11,249.82,0.1872,0.2361,0.0616,0.2263,0.0894,0.2488,0.0679,0.0987,0.2170,0.0963,0.1193,0.0738,0.2063,0.1691
1785439080.36,102,drive,2,3.0,15.0,40.813,25.11,249.82,0.1867,0.2380,0.0601,0.2287,0.0919,0.2458,0.0709,0.0992,0.2185,0.0973,0.1178,0.0748,0.2063,0.1652
1785439080.46,102,drive,3,3.0,15.0,40.813,25.11,249.82,0.1867,0.2356,0.0635,0.2297,0.0909,0.2502,0.0660,0.1007,0.2160,0.0978,0.1193,0.0728,0.2131,0.1672
1785439081.17,102,drive,0,3.5,15.0,40.813,25.11,249.82,0.1857,0.2370,0.0587,0.2361,0.0890,0.2483,0.0689,0.0978,0.2170,0.0963,0.1188,0.0728,0.2131,0.1662
1785439081.26,102,drive,1,3.5,15.0,40.813,25.11,249.82,0.1823,0.2390,0.0616,0.2287,0.0855,0.2478,0.0699,0.0987,0.2214,0.0963,0.1168,0.0758,0.2126,0.1676
1785439081.36,102,drive,2,3.5,15.0,40.813,25.11,249.82,0.1862,0.2351,0.0626,0.2297,0.0865,0.2463,0.0679,0.0982,0.2190,0.0973,0.1168,0.0767,0.2121,0.1686
1785439081.46,102,drive,3,3.5,15.0,40.813,25.11,249.82,0.1852,0.2385,0.0606,0.2322,0.0860,0.2478,0.0738,0.1002,0.2170,0.0914,0.1149,0.0743,0.2107,0.1686
1785439082.17,102,drive,0,4.0,15.0,40.813,25.11,249.82,0.1833,0.2395,0.0640,0.2287,0.0865,0.2473,0.0704,0.1007,0.2165,0.0929,0.1163,0.0762,0.2107,0.1657
1785439082.27,102,drive,1,4.0,15.0,40.813,25.11,249.82,0.1843,0.2380,0.0601,0.2302,0.0865,0.2488,0.0674,0.0958,0.2170,0.0943,0.1188,0.0748,0.2121,0.1672
1785439082.36,102,drive,2,4.0,15.0,40.813,25.11,249.82,0.1877,0.2385,0.0621,0.2292,0.0850,0.2483,0.0674,0.1002,0.2116,0.0943,0.1217,0.0748,0.2097,0.1686
1785439082.46,102,drive,3,4.0,15.0,40.813,25.11,249.82,0.1877,0.2366,0.0645,0.2297,0.0865,0.2488,0.0704,0.0992,0.2170,0.0929,0.1202,0.0753,0.2111,0.1686
1785439083.17,102,drive,0,4.5,15.0,40.813,25.11,249.82,0.1877,0.2395,0.0601,0.2258,0.0850,0.2483,0.0714,0.1002,0.2175,0.0958,0.1197,0.0738,0.2107,0.1672
1785439083.27,102,drive,1,4.5,15.0,40.813,25.11,249.82,0.1852,0.2385,0.0650,0.2326,0.0841,0.2493,0.0704,0.1012,0.2180,0.0943,0.1193,0.0743,0.2111,0.1657
1785439083.37,102,drive,2,4.5,15.0,40.813,25.11,249.82,0.1838,0.2405,0.0616,0.2322,0.0870,0.2493,0.0679,0.0973,0.2185,0.0953,0.1168,0.0762,0.2111,0.1657
1785439083.46,102,drive,3,4.5,15.0,40.813,25.11,249.82,0.1843,0.2390,0.0635,0.2297,0.0899,0.2507,0.0699,0.0992,0.2175,0.0919,0.1178,0.0728,0.2111,0.1647
1785439084.17,102,drive,0,5.0,15.0,40.813,25.11,249.82,0.1882,0.2356,0.0621,0.2283,0.0875,0.2454,0.0694,0.0987,0.2151,0.0943,0.1207,0.0738,0.2121,0.1711
1785439084.27,102,drive,1,5.0,15.0,40.813,25.11,249.82,0.1857,0.2370,0.0630,0.2307,0.0865,0.2493,0.0733,0.0982,0.2175,0.0934,0.1207,0.0733,0.2116,0.1652
1785439084.37,102,drive,2,5.0,15.0,40.813,25.11,249.82,0.1877,0.2380,0.0635,0.2312,0.0850,0.2473,0.0709,0.0997,0.2165,0.0953,0.1173,0.0733,0.2116,0.1652
1785439084.46,102,drive,3,5.0,15.0,40.813,25.11,249.82,0.1887,0.2361,0.0611,0.2297,0.0890,0.2458,0.0699,0.0958,0.2175,0.0943,0.1188,0.0738,0.2121,0.1672
1785439085.25,33,base,0,0.0,15.0,40.773,25.10,249.82,0.1833,0.2370,0.0611,0.2302,0.0860,0.2473,0.0709,0.0973,0.2180,0.0948,0.1173,0.0767,0.2141,0.1681
1785439085.35,33,base,1,0.0,15.0,40.773,25.10,249.82,0.1872,0.2341,0.0611,0.2297,0.0850,0.2488,0.0709,0.0978,0.2165,0.0958,0.1153,0.0748,0.2170,0.1672
1785439085.44,33,base,2,0.0,15.0,40.773,25.10,249.82,0.1887,0.2346,0.0601,0.2307,0.0855,0.2483,0.0728,0.0992,0.2185,0.0929,0.1197,0.0758,0.2097,0.1691
1785439085.54,33,base,3,0.0,15.0,40.773,25.10,249.82,0.1867,0.2331,0.0582,0.2312,0.0841,0.2488,0.0704,0.0987,0.2160,0.0958,0.1173,0.0728,0.2151,0.1691
1785439086.25,33,drive,0,0.5,15.0,40.773,25.10,249.82,0.1823,0.2361,0.0626,0.2287,0.0914,0.2488,0.0689,0.0992,0.2214,0.0948,0.1183,0.0743,0.2155,0.1676
1785439086.35,33,drive,1,0.5,15.0,40.773,25.10,249.82,0.1843,0.2351,0.0606,0.2322,0.0855,0.2429,0.0728,0.1036,0.2185,0.0929,0.1183,0.0753,0.2141,0.1691
1785439086.45,33,drive,2,0.5,15.0,40.773,25.10,249.82,0.1896,0.2366,0.0621,0.2258,0.0846,0.2463,0.0709,0.0982,0.2160,0.0938,0.1217,0.0797,0.2146,0.1672
1785439086.54,33,drive,3,0.5,15.0,40.773,25.10,249.82,0.1838,0.2361,0.0601,0.2317,0.0855,0.2473,0.0689,0.1002,0.2204,0.0914,0.1183,0.0758,0.2141,0.1686
1785439087.25,33,drive,0,1.0,15.0,40.773,25.10,249.82,0.1852,0.2346,0.0596,0.2287,0.0850,0.2468,0.0709,0.0997,0.2190,0.0943,0.1193,0.0733,0.2146,0.1701
1785439087.35,33,drive,1,1.0,15.0,40.773,25.10,249.82,0.1882,0.2370,0.0601,0.2307,0.0885,0.2493,0.0665,0.0978,0.2165,0.0929,0.1158,0.0723,0.2136,0.1657
1785439087.45,33,drive,2,1.0,15.0,40.773,25.10,249.82,0.1862,0.2380,0.0606,0.2263,0.0855,0.2478,0.0704,0.0982,0.2209,0.0914,0.1183,0.0753,0.2126,0.1647
1785439087.54,33,drive,3,1.0,15.0,40.773,25.10,249.82,0.1823,0.2361,0.0601,0.2278,0.0880,0.2478,0.0723,0.0987,0.2214,0.0948,0.1178,0.0753,0.2155,0.1672
1785439088.25,33,drive,0,1.5,15.0,40.773,25.10,249.82,0.1852,0.2341,0.0640,0.2283,0.0821,0.2493,0.0694,0.0982,0.2175,0.0938,0.1183,0.0782,0.2185,0.1672
1785439088.35,33,drive,1,1.5,15.0,40.773,25.10,249.82,0.1857,0.2322,0.0616,0.2302,0.0885,0.2449,0.0694,0.0987,0.2204,0.0919,0.1217,0.0748,0.2151,0.1691
1785439088.45,33,drive,2,1.5,15.0,40.773,25.10,249.82,0.1838,0.2331,0.0635,0.2273,0.0846,0.2454,0.0694,0.1007,0.2170,0.0924,0.1168,0.0782,0.2136,0.1662
1785439088.55,33,drive,3,1.5,15.0,40.773,25.10,249.82,0.1872,0.2375,0.0626,0.2278,0.0836,0.2468,0.0723,0.0992,0.2180,0.0929,0.1207,0.0758,0.2097,0.1662
1785439089.25,33,drive,0,2.0,15.0,40.773,25.10,249.82,0.1843,0.2336,0.0591,0.2297,0.0850,0.2463,0.0714,0.0978,0.2190,0.0929,0.1173,0.0748,0.2146,0.1667
1785439089.35,33,drive,1,2.0,15.0,40.773,25.10,249.82,0.1833,0.2322,0.0650,0.2239,0.0826,0.2473,0.0714,0.0997,0.2160,0.0934,0.1197,0.0753,0.2151,0.1681
1785439089.45,33,drive,2,2.0,15.0,40.773,25.10,249.82,0.1848,0.2346,0.0587,0.2268,0.0826,0.2483,0.0718,0.0987,0.2190,0.0909,0.1197,0.0743,0.2151,0.1691
1785439089.55,33,drive,3,2.0,15.0,40.773,25.10,249.82,0.1843,0.2361,0.0616,0.2243,0.0850,0.2454,0.0709,0.1002,0.2170,0.0934,0.1168,0.0748,0.2131,0.1657
1785439090.25,33,drive,0,2.5,15.0,40.773,25.10,249.82,0.1867,0.2346,0.0611,0.2297,0.0831,0.2454,0.0694,0.0997,0.2151,0.0919,0.1207,0.0753,0.2131,0.1681
1785439090.35,33,drive,1,2.5,15.0,40.773,25.10,249.82,0.1857,0.2341,0.0591,0.2248,0.0826,0.2468,0.0694,0.0973,0.2199,0.0934,0.1183,0.0758,0.2146,0.1676
1785439090.45,33,drive,2,2.5,15.0,40.773,25.10,249.82,0.1872,0.2331,0.0626,0.2283,0.0816,0.2454,0.0684,0.1007,0.2175,0.0919,0.1207,0.0753,0.2131,0.1706
1785439090.55,33,drive,3,2.5,15.0,40.773,25.10,249.82,0.1843,0.2361,0.0611,0.2234,0.0831,0.2444,0.0728,0.0992,0.2155,0.0938,0.1212,0.0772,0.2126,0.1647
1785439091.25,33,drive,0,3.0,15.0,40.773,25.10,249.82,0.1838,0.2366,0.0635,0.2273,0.0821,0.2468,0.0694,0.1017,0.2175,0.0899,0.1168,0.0758,0.2151,0.1696
1785439091.35,33,drive,1,3.0,15.0,40.773,25.10,249.82,0.1808,0.2322,0.0645,0.2263,0.0826,0.2454,0.0718,0.1026,0.2136,0.0919,0.1168,0.0753,0.2155,0.1672
1785439091.45,33,drive,2,3.0,15.0,40.773,25.10,249.82,0.1833,0.2326,0.0606,0.2268,0.0826,0.2458,0.0684,0.1002,0.2136,0.0894,0.1193,0.0753,0.2116,0.1662
1785439091.55,33,drive,3,3.0,15.0,40.773,25.10,249.82,0.1848,0.2287,0.0630,0.2263,0.0821,0.2444,0.0709,0.1007,0.2175,0.0899,0.1188,0.0753,0.2155,0.1706
1785439092.25,33,drive,0,3.5,15.0,40.773,25.10,249.82,0.1852,0.2322,0.0611,0.2243,0.0806,0.2454,0.0709,0.0997,0.2165,0.0929,0.1183,0.0743,0.2102,0.1662
1785439092.35,33,drive,1,3.5,15.0,40.773,25.10,249.82,0.1828,0.2326,0.0611,0.2248,0.0836,0.2507,0.0689,0.1012,0.2160,0.0914,0.1158,0.0748,0.2111,0.1642
1785439092.45,33,drive,2,3.5,15.0,40.773,25.10,249.82,0.1857,0.2341,0.0582,0.2234,0.0850,0.2454,0.0674,0.0973,0.2170,0.0934,0.1149,0.0733,0.2126,0.1672
1785439092.55,33,drive,3,3.5,15.0,40.773,25.10,249.82,0.1887,0.2346,0.0616,0.2258,0.0802,0.2424,0.0689,0.0992,0.2136,0.0909,0.1202,0.0758,0.2107,0.1657
1785439093.25,33,drive,0,4.0,15.0,40.773,25.10,249.82,0.1848,0.2341,0.0635,0.2239,0.0806,0.2463,0.0723,0.1007,0.2160,0.0904,0.1173,0.0772,0.2107,0.1632
1785439093.35,33,drive,1,4.0,15.0,40.773,25.10,249.82,0.1828,0.2326,0.0655,0.2234,0.0816,0.2429,0.0743,0.1002,0.2102,0.0909,0.1173,0.0777,0.2102,0.1647
1785439093.45,33,drive,2,4.0,15.0,40.773,25.10,249.82,0.1823,0.2326,0.0645,0.2224,0.0806,0.2454,0.0714,0.1007,0.2121,0.0924,0.1153,0.0743,0.2092,0.1662
1785439093.55,33,drive,3,4.0,15.0,40.773,25.10,249.82,0.1838,0.2297,0.0630,0.2253,0.0806,0.2488,0.0723,0.0992,0.2121,0.0894,0.1168,0.0748,0.2092,0.1681
1785439094.25,33,drive,0,4.5,15.0,40.773,25.10,249.82,0.1848,0.2307,0.0606,0.2258,0.0841,0.2444,0.0679,0.1017,0.2146,0.0919,0.1173,0.0758,0.2082,0.1657
1785439094.35,33,drive,1,4.5,15.0,40.773,25.10,249.82,0.1848,0.2351,0.0616,0.2253,0.0811,0.2468,0.0714,0.1012,0.2136,0.0899,0.1188,0.0767,0.2072,0.1628
1785439094.45,33,drive,2,4.5,15.0,40.773,25.10,249.82,0.1818,0.2331,0.0582,0.2243,0.0841,0.2458,0.0684,0.0997,0.2146,0.0929,0.1158,0.0767,0.2067,0.1711
1785439094.55,33,drive,3,4.5,15.0,40.773,25.10,249.82,0.1862,0.2292,0.0611,0.2224,0.0777,0.2454,0.0718,0.0992,0.2141,0.0919,0.1149,0.0772,0.2111,0.1667
1785439095.25,33,drive,0,5.0,15.0,40.773,25.10,249.82,0.1804,0.2302,0.0606,0.2243,0.0802,0.2473,0.0728,0.1012,0.2107,0.0904,0.1178,0.0753,0.2087,0.1696
1785439095.35,33,drive,1,5.0,15.0,40.773,25.10,249.82,0.1828,0.2317,0.0621,0.2224,0.0826,0.2429,0.0689,0.0997,0.2111,0.0919,0.1124,0.0762,0.2072,0.1657
1785439095.45,33,drive,2,5.0,15.0,40.773,25.10,249.82,0.1823,0.2336,0.0596,0.2258,0.0802,0.2463,0.0728,0.0963,0.2067,0.0948,0.1163,0.0762,0.2067,0.1681
1785439095.55,33,drive,3,5.0,15.0,40.773,25.10,249.82,0.1813,0.2331,0.0645,0.2234,0.0802,0.2478,0.0694,0.0982,0.2107,0.0914,0.1173,0.0802,0.2077,0.1676
1785439096.35,105,base,0,0.0,15.0,40.793,25.10,249.82,0.1838,0.2297,0.0626,0.2263,0.0806,0.2419,0.0684,0.1007,0.2072,0.0914,0.1134,0.0797,0.2067,0.1676
1785439096.44,105,base,1,0.0,15.0,40.793,25.10,249.82,0.1857,0.2317,0.0606,0.2253,0.0802,0.2434,0.0709,0.1007,0.2092,0.0890,0.1153,0.0753,0.2072,0.1676
1785439096.54,105,base,2,0.0,15.0,40.793,25.10,249.82,0.1848,0.2302,0.0635,0.2219,0.0811,0.2458,0.0689,0.0987,0.2067,0.0914,0.1163,0.0767,0.2072,0.1701
1785439096.64,105,base,3,0.0,15.0,40.793,25.10,249.82,0.1862,0.2317,0.0591,0.2253,0.0806,0.2444,0.0694,0.1007,0.2063,0.0899,0.1114,0.0748,0.2067,0.1652
1785439097.35,105,drive,0,0.5,15.0,40.793,25.10,249.82,0.1823,0.2331,0.0601,0.2243,0.0806,0.2439,0.0699,0.0973,0.2067,0.0924,0.1158,0.0753,0.2048,0.1672
1785439097.44,105,drive,1,0.5,15.0,40.793,25.10,249.82,0.1818,0.2297,0.0606,0.2283,0.0811,0.2424,0.0674,0.1002,0.2072,0.0894,0.1105,0.0758,0.2058,0.1676
1785439097.54,105,drive,2,0.5,15.0,40.793,25.10,249.82,0.1862,0.2326,0.0601,0.2243,0.0850,0.2439,0.0699,0.0992,0.2063,0.0924,0.1139,0.0753,0.2028,0.1686
1785439097.64,105,drive,3,0.5,15.0,40.793,25.10,249.82,0.1833,0.2312,0.0626,0.2224,0.0797,0.2439,0.0665,0.0982,0.2067,0.0938,0.1139,0.0748,0.2038,0.1691
1785439098.35,105,drive,0,1.0,15.0,40.793,25.10,249.82,0.1833,0.2302,0.0601,0.2258,0.0806,0.2449,0.0718,0.1017,0.2009,0.0904,0.1119,0.0743,0.2063,0.1652
1785439098.44,105,drive,1,1.0,15.0,40.793,25.10,249.82,0.1833,0.2312,0.0635,0.2253,0.0792,0.2449,0.0728,0.0987,0.2043,0.0919,0.1153,0.0758,0.2053,0.1672
1785439098.54,105,drive,2,1.0,15.0,40.793,25.10,249.82,0.1813,0.2326,0.0606,0.2253,0.0792,0.2454,0.0694,0.0997,0.2058,0.0909,0.1114,0.0762,0.2043,0.1652
1785439098.64,105,drive,3,1.0,15.0,40.793,25.10,249.82,0.1852,0.2287,0.0611,0.2263,0.0816,0.2454,0.0694,0.0968,0.2063,0.0929,0.1149,0.0792,0.2033,0.1672
1785439099.35,105,drive,0,1.5,15.0,40.793,25.10,249.82,0.1843,0.2317,0.0650,0.2292,0.0767,0.2468,0.0689,0.0973,0.2048,0.0924,0.1114,0.0762,0.2023,0.1681
1785439099.45,105,drive,1,1.5,15.0,40.793,25.10,249.82,0.1857,0.2287,0.0601,0.2278,0.0797,0.2444,0.0684,0.1017,0.2023,0.0899,0.1149,0.0797,0.2072,0.1642
1785439099.54,105,drive,2,1.5,15.0,40.793,25.10,249.82,0.1867,0.2302,0.0591,0.2263,0.0797,0.2444,0.0714,0.0987,0.1994,0.0919,0.1124,0.0743,0.2053,0.1706
1785439099.64,105,drive,3,1.5,15.0,40.793,25.10,249.82,0.1857,0.2312,0.0606,0.2263,0.0816,0.2449,0.0689,0.0982,0.2043,0.0909,0.1124,0.0762,0.2038,0.1706
1785439100.35,105,drive,0,2.0,15.0,40.793,25.10,249.82,0.1857,0.2302,0.0606,0.2292,0.0831,0.2449,0.0689,0.1007,0.2038,0.0909,0.1129,0.0758,0.1984,0.1696
1785439100.45,105,drive,1,2.0,15.0,40.793,25.10,249.82,0.1843,0.2302,0.0630,0.2253,0.0787,0.2483,0.0714,0.0963,0.2048,0.0929,0.1134,0.0748,0.2043,0.1657
1785439100.54,105,drive,2,2.0,15.0,40.793,25.10,249.82,0.1818,0.2297,0.0591,0.2258,0.0821,0.2463,0.0738,0.0987,0.2043,0.0914,0.1109,0.0748,0.2014,0.1642
1785439100.64,105,drive,3,2.0,15.0,40.793,25.10,249.82,0.1823,0.2312,0.0621,0.2190,0.0816,0.2463,0.0699,0.0978,0.2028,0.0948,0.1124,0.0758,0.2019,0.1657
1785439101.35,105,drive,0,2.5,15.0,40.793,25.10,249.82,0.1828,0.2297,0.0606,0.2248,0.0792,0.2449,0.0704,0.0992,0.2019,0.0909,0.1149,0.0787,0.2019,0.1647
1785439101.45,105,drive,1,2.5,15.0,40.793,25.10,249.82,0.1852,0.2312,0.0621,0.2253,0.0792,0.2429,0.0699,0.0987,0.2019,0.0934,0.1114,0.0748,0.2033,0.1701
1785439101.55,105,drive,2,2.5,15.0,40.793,25.10,249.82,0.1823,0.2287,0.0616,0.2283,0.0767,0.2449,0.0689,0.1017,0.2004,0.0880,0.1109,0.0772,0.2028,0.1686
1785439101.64,105,drive,3,2.5,15.0,40.793,25.10,249.82,0.1848,0.2336,0.0626,0.2287,0.0802,0.2439,0.0694,0.1026,0.1999,0.0890,0.1085,0.0777,0.2043,0.1676
1785439102.35,105,drive,0,3.0,15.0,40.793,25.10,249.82,0.1857,0.2307,0.0621,0.2302,0.0811,0.2454,0.0689,0.1007,0.2014,0.0924,0.1075,0.0758,0.2019,0.1691
1785439102.45,105,drive,1,3.0,15.0,40.793,25.10,249.82,0.1804,0.2302,0.0616,0.2287,0.0792,0.2444,0.0694,0.0973,0.2004,0.0924,0.1109,0.0758,0.2033,0.1720
1785439102.55,105,drive,2,3.0,15.0,40.793,25.10,249.82,0.1843,0.2292,0.0591,0.2258,0.0816,0.2468,0.0709,0.0973,0.2028,0.0948,0.1119,0.0733,0.2038,0.1686
1785439102.64,105,drive,3,3.0,15.0,40.793,25.10,249.82,0.1843,0.2326,0.0635,0.2283,0.0797,0.2454,0.0699,0.1002,0.1999,0.0899,0.1105,0.0802,0.2014,0.1637
1785439103.35,105,drive,0,3.5,15.0,40.793,25.10,249.82,0.1857,0.2317,0.0611,0.2292,0.0797,0.2473,0.0699,0.0987,0.2019,0.0914,0.1090,0.0767,0.2019,0.1691
1785439103.45,105,drive,1,3.5,15.0,40.793,25.10,249.82,0.1867,0.2297,0.0626,0.2243,0.0792,0.2478,0.0714,0.0929,0.2004,0.0919,0.1095,0.0787,0.2033,0.1647
1785439103.55,105,drive,2,3.5,15.0,40.793,25.10,249.82,0.1833,0.2317,0.0655,0.2312,0.0797,0.2458,0.0714,0.0968,0.2004,0.0919,0.1065,0.0772,0.2038,0.1716
1785439103.65,105,drive,3,3.5,15.0,40.793,25.10,249.82,0.1828,0.2322,0.0601,0.2297,0.0811,0.2458,0.0684,0.0982,0.2009,0.0924,0.1109,0.0782,0.2028,0.1676
1785439104.35,105,drive,0,4.0,15.0,40.793,25.10,249.82,0.1833,0.2317,0.0611,0.2292,0.0802,0.2454,0.0704,0.0963,0.1979,0.0899,0.1109,0.0767,0.2063,0.1691
1785439104.45,105,drive,1,4.0,15.0,40.793,25.10,249.82,0.1843,0.2346,0.0616,0.2307,0.0806,0.2444,0.0684,0.1002,0.2038,0.0904,0.1041,0.0748,0.2028,0.1672
1785439104.55,105,drive,2,4.0,15.0,40.793,25.10,249.82,0.1852,0.2356,0.0630,0.2322,0.0782,0.2454,0.0674,0.0973,0.1984,0.0929,0.1124,0.0758,0.2019,0.1696
1785439104.65,105,drive,3,4.0,15.0,40.793,25.10,249.82,0.1818,0.2322,0.0630,0.2258,0.0782,0.2468,0.0694,0.1007,0.1984,0.0899,0.1100,0.0758,0.2038,0.1652
1785439105.35,105,drive,0,4.5,15.0,40.793,25.10,249.82,0.1838,0.2268,0.0621,0.2297,0.0777,0.2410,0.0689,0.0982,0.2009,0.0890,0.1080,0.0753,0.2004,0.1686
1785439105.45,105,drive,1,4.5,15.0,40.793,25.10,249.82,0.1857,0.2302,0.0626,0.2312,0.0797,0.2458,0.0709,0.0978,0.1979,0.0904,0.1095,0.0743,0.2028,0.1701
1785439105.55,105,drive,2,4.5,15.0,40.793,25.10,249.82,0.1828,0.2326,0.0635,0.2268,0.0826,0.2454,0.0670,0.0968,0.1975,0.0938,0.1114,0.0777,0.2043,0.1676
1785439105.65,105,drive,3,4.5,15.0,40.793,25.10,249.82,0.1818,0.2336,0.0640,0.2268,0.0782,0.2498,0.0689,0.0987,0.1989,0.0894,0.1090,0.0758,0.2043,0.1667
1785439106.35,105,drive,0,5.0,15.0,40.793,25.10,249.82,0.1852,0.2346,0.0611,0.2307,0.0792,0.2478,0.0679,0.0997,0.1994,0.0914,0.1105,0.0743,0.2038,0.1725
1785439106.45,105,drive,1,5.0,15.0,40.793,25.10,249.82,0.1857,0.2341,0.0606,0.2287,0.0811,0.2493,0.0699,0.0978,0.1989,0.0894,0.1105,0.0748,0.2033,0.1681
1785439106.55,105,drive,2,5.0,15.0,40.793,25.10,249.82,0.1828,0.2351,0.0611,0.2312,0.0787,0.2468,0.0714,0.0963,0.1994,0.0909,0.1080,0.0758,0.2058,0.1681
1785439106.64,105,drive,3,5.0,15.0,40.793,25.10,249.82,0.1843,0.2326,0.0606,0.2351,0.0792,0.2483,0.0714,0.1007,0.1989,0.0899,0.1105,0.0743,0.2009,0.1667
1785439107.43,104,base,0,0.0,15.0,40.793,25.10,249.83,0.1823,0.2331,0.0630,0.2317,0.0777,0.2473,0.0684,0.0973,0.1994,0.0894,0.1134,0.0762,0.2048,0.1676
1785439107.53,104,base,1,0.0,15.0,40.793,25.10,249.83,0.1833,0.2346,0.0640,0.2326,0.0826,0.2458,0.0704,0.0992,0.2019,0.0904,0.1139,0.0787,0.2048,0.1681
1785439107.62,104,base,2,0.0,15.0,40.793,25.10,249.83,0.1828,0.2326,0.0616,0.2322,0.0782,0.2468,0.0689,0.0992,0.2004,0.0914,0.1109,0.0792,0.2063,0.1676
1785439107.72,104,base,3,0.0,15.0,40.793,25.10,249.83,0.1867,0.2341,0.0577,0.2331,0.0782,0.2488,0.0694,0.0968,0.1999,0.0929,0.1163,0.0748,0.2009,0.1686
1785439108.43,104,drive,0,0.5,15.0,40.793,25.10,249.83,0.1828,0.2326,0.0606,0.2322,0.0792,0.2454,0.0699,0.0973,0.1994,0.0919,0.1109,0.0782,0.2038,0.1667
1785439108.53,104,drive,1,0.5,15.0,40.793,25.10,249.83,0.1843,0.2297,0.0621,0.2317,0.0772,0.2473,0.0694,0.0973,0.1994,0.0948,0.1129,0.0762,0.2038,0.1691
1785439108.62,104,drive,2,0.5,15.0,40.793,25.10,249.83,0.1867,0.2336,0.0587,0.2331,0.0782,0.2483,0.0699,0.0963,0.2014,0.0909,0.1134,0.0748,0.2038,0.1701
1785439108.72,104,drive,3,0.5,15.0,40.793,25.10,249.83,0.1862,0.2326,0.0645,0.2322,0.0816,0.2468,0.0679,0.0973,0.2014,0.0919,0.1153,0.0787,0.2043,0.1691
1785439109.43,104,drive,0,1.0,15.0,40.793,25.10,249.83,0.1877,0.2336,0.0587,0.2302,0.0797,0.2473,0.0694,0.0978,0.2014,0.0938,0.1139,0.0777,0.2053,0.1696
1785439109.53,104,drive,1,1.0,15.0,40.793,25.10,249.83,0.1852,0.2331,0.0626,0.2336,0.0787,0.2458,0.0694,0.0963,0.2023,0.0904,0.1105,0.0762,0.2077,0.1667
1785439109.63,104,drive,2,1.0,15.0,40.793,25.10,249.83,0.1867,0.2351,0.0635,0.2312,0.0806,0.2473,0.0699,0.0953,0.2004,0.0919,0.1158,0.0758,0.2038,0.1676
1785439109.72,104,drive,3,1.0,15.0,40.793,25.10,249.83,0.1808,0.2322,0.0591,0.2317,0.0806,0.2463,0.0704,0.0992,0.2009,0.0919,0.1129,0.0767,0.2087,0.1652
1785439110.43,104,drive,0,1.5,15.0,40.793,25.10,249.83,0.1813,0.2356,0.0621,0.2317,0.0806,0.2478,0.0704,0.0973,0.2033,0.0880,0.1114,0.0772,0.2058,0.1652
1785439110.53,104,drive,1,1.5,15.0,40.793,25.10,249.83,0.1843,0.2322,0.0630,0.2312,0.0806,0.2483,0.0670,0.0953,0.2019,0.0919,0.1149,0.0748,0.2087,0.1676
1785439110.63,104,drive,2,1.5,15.0,40.793,25.10,249.83,0.1843,0.2317,0.0596,0.2346,0.0802,0.2512,0.0674,0.0982,0.2028,0.0899,0.1144,0.0782,0.2102,0.1701
1785439110.72,104,drive,3,1.5,15.0,40.793,25.10,249.83,0.1843,0.2287,0.0635,0.2336,0.0787,0.2493,0.0714,0.0982,0.2053,0.0899,0.1144,0.0792,0.2072,0.1686
1785439111.43,104,drive,0,2.0,15.0,40.793,25.10,249.83,0.1848,0.2361,0.0611,0.2326,0.0792,0.2468,0.0714,0.0997,0.2038,0.0934,0.1139,0.0777,0.2121,0.1667
1785439111.53,104,drive,1,2.0,15.0,40.793,25.10,249.83,0.1867,0.2336,0.0596,0.2331,0.0792,0.2493,0.0674,0.0963,0.2019,0.0934,0.1134,0.0758,0.2116,0.1667
1785439111.63,104,drive,2,2.0,15.0,40.793,25.10,249.83,0.1857,0.2312,0.0630,0.2361,0.0797,0.2502,0.0660,0.0958,0.2033,0.0929,0.1173,0.0762,0.2102,0.1672
1785439111.73,104,drive,3,2.0,15.0,40.793,25.10,249.83,0.1828,0.2312,0.0601,0.2390,0.0787,0.2478,0.0718,0.0968,0.2028,0.0938,0.1129,0.0777,0.2102,0.1706
1785439112.43,104,drive,0,2.5,15.0,40.793,25.10,249.83,0.1848,0.2341,0.0606,0.2351,0.0762,0.2478,0.0694,0.0987,0.2004,0.0924,0.1129,0.0772,0.2097,0.1667
1785439112.53,104,drive,1,2.5,15.0,40.793,25.10,249.83,0.1838,0.2336,0.0621,0.2346,0.0792,0.2483,0.0709,0.0929,0.2033,0.0943,0.1149,0.0748,0.2097,0.1662
1785439112.63,104,drive,2,2.5,15.0,40.793,25.10,249.83,0.1857,0.2326,0.0640,0.2356,0.0831,0.2449,0.0694,0.0963,0.2048,0.0919,0.1119,0.0767,0.2087,0.1672
1785439112.73,104,drive,3,2.5,15.0,40.793,25.10,249.83,0.1843,0.2351,0.0635,0.2351,0.0772,0.2478,0.0714,0.0973,0.2028,0.0924,0.1134,0.0787,0.2131,0.1681
1785439113.43,104,drive,0,3.0,15.0,40.793,25.10,249.83,0.1823,0.2346,0.0587,0.2346,0.0806,0.2493,0.0660,0.0938,0.2038,0.0914,0.1173,0.0782,0.2126,0.1672
1785439113.53,104,drive,1,3.0,15.0,40.793,25.10,249.83,0.1872,0.2361,0.0606,0.2351,0.0821,0.2454,0.0684,0.0924,0.2033,0.0909,0.1163,0.0792,0.2126,0.1647
1785439113.63,104,drive,2,3.0,15.0,40.793,25.10,249.83,0.1867,0.2346,0.0616,0.2331,0.0806,0.2498,0.0665,0.0948,0.2048,0.0919,0.1149,0.0782,0.2116,0.1711
1785439113.73,104,drive,3,3.0,15.0,40.793,25.10,249.83,0.1823,0.2341,0.0621,0.2356,0.0816,0.2478,0.0694,0.0963,0.1994,0.0938,0.1124,0.0806,0.2151,0.1686
1785439114.43,104,drive,0,3.5,15.0,40.793,25.10,249.83,0.1882,0.2361,0.0630,0.2341,0.0767,0.2498,0.0670,0.0890,0.2033,0.0948,0.1139,0.0792,0.2121,0.1637
1785439114.53,104,drive,1,3.5,15.0,40.793,25.10,249.83,0.1852,0.2361,0.0606,0.2366,0.0797,0.2478,0.0684,0.0968,0.2043,0.0919,0.1144,0.0767,0.2097,0.1676
1785439114.63,104,drive,2,3.5,15.0,40.793,25.10,249.83,0.1852,0.2346,0.0621,0.2346,0.0797,0.2468,0.0689,0.0982,0.2053,0.0934,0.1134,0.0762,0.2146,0.1706
1785439114.73,104,drive,3,3.5,15.0,40.793,25.10,249.83,0.1833,0.2366,0.0611,0.2356,0.0806,0.2473,0.0718,0.0973,0.2063,0.0943,0.1163,0.0787,0.2116,0.1686
1785439115.43,104,drive,0,4.0,15.0,40.793,25.10,249.83,0.1848,0.2356,0.0616,0.2370,0.0802,0.2449,0.0689,0.0968,0.2077,0.0904,0.1158,0.0762,0.2126,0.1662
1785439115.53,104,drive,1,4.0,15.0,40.793,25.10,249.83,0.1867,0.2326,0.0621,0.2336,0.0821,0.2458,0.0718,0.0948,0.2048,0.0909,0.1129,0.0758,0.2126,0.1667
1785439115.62,104,drive,2,4.0,15.0,40.793,25.10,249.83,0.1828,0.2370,0.0645,0.2380,0.0806,0.2507,0.0704,0.0963,0.2014,0.0929,0.1144,0.0782,0.2136,0.1681
1785439115.72,104,drive,3,4.0,15.0,40.793,25.10,249.83,0.1843,0.2380,0.0606,0.2366,0.0797,0.2488,0.0699,0.0929,0.2028,0.0924,0.1149,0.0792,0.2146,0.1657
1785439116.43,104,drive,0,4.5,15.0,40.793,25.10,249.83,0.1852,0.2370,0.0621,0.2385,0.0806,0.2478,0.0699,0.0958,0.2048,0.0929,0.1178,0.0748,0.2146,0.1672
1785439116.53,104,drive,1,4.5,15.0,40.793,25.10,249.83,0.1823,0.2380,0.0650,0.2366,0.0811,0.2483,0.0655,0.0953,0.2058,0.0904,0.1163,0.0797,0.2121,0.1672
1785439116.62,104,drive,2,4.5,15.0,40.793,25.10,249.83,0.1857,0.2366,0.0621,0.2351,0.0802,0.2493,0.0684,0.0982,0.2092,0.0899,0.1149,0.0767,0.2141,0.1628
1785439116.72,104,drive,3,4.5,15.0,40.793,25.10,249.83,0.1848,0.2370,0.0626,0.2361,0.0826,0.2454,0.0674,0.0938,0.2067,0.0938,0.1149,0.0767,0.2107,0.1691
1785439117.43,104,drive,0,5.0,15.0,40.793,25.10,249.83,0.1857,0.2351,0.0601,0.2405,0.0821,0.2468,0.0679,0.0963,0.2092,0.0914,0.1158,0.0753,0.2141,0.1667
1785439117.53,104,drive,1,5.0,15.0,40.793,25.10,249.83,0.1852,0.2346,0.0635,0.2370,0.0787,0.2473,0.0704,0.0978,0.2087,0.0924,0.1153,0.0792,0.2151,0.1667
1785439117.62,104,drive,2,5.0,15.0,40.793,25.10,249.83,0.1843,0.2356,0.0611,0.2375,0.0802,0.2478,0.0689,0.0958,0.2092,0.0938,0.1173,0.0753,0.2141,0.1672
1785439117.72,104,drive,3,5.0,15.0,40.793,25.10,249.83,0.1901,0.2405,0.0601,0.2385,0.0806,0.2488,0.0670,0.0909,0.2082,0.0934,0.1178,0.0762,0.2116,0.1652
1785439118.51,103,base,0,0.0,15.0,40.773,25.10,249.83,0.1882,0.2380,0.0635,0.2390,0.0836,0.2502,0.0684,0.0953,0.2092,0.0924,0.1193,0.0792,0.2155,0.1691
1785439118.61,103,base,1,0.0,15.0,40.773,25.10,249.83,0.1852,0.2366,0.0645,0.2390,0.0806,0.2473,0.0660,0.0973,0.2072,0.0909,0.1158,0.0758,0.2136,0.1667
1785439118.71,103,base,2,0.0,15.0,40.773,25.10,249.83,0.1857,0.2356,0.0611,0.2361,0.0802,0.2522,0.0679,0.0929,0.2087,0.0924,0.1158,0.0792,0.2155,0.1662
1785439118.80,103,base,3,0.0,15.0,40.773,25.10,249.83,0.1857,0.2356,0.0621,0.2361,0.0831,0.2468,0.0679,0.0929,0.2077,0.0919,0.1153,0.0797,0.2155,0.1662
1785439119.52,103,drive,0,0.5,15.0,40.773,25.10,249.83,0.1877,0.2366,0.0611,0.2410,0.0792,0.2507,0.0704,0.0963,0.2107,0.0953,0.1168,0.0753,0.2160,0.1676
1785439119.62,103,drive,1,0.5,15.0,40.773,25.10,249.83,0.1848,0.2375,0.0606,0.2385,0.0792,0.2498,0.0694,0.0948,0.2067,0.0919,0.1153,0.0767,0.2160,0.1691
1785439119.72,103,drive,2,0.5,15.0,40.773,25.10,249.83,0.1843,0.2380,0.0596,0.2390,0.0806,0.2473,0.0704,0.0948,0.2111,0.0899,0.1149,0.0782,0.2151,0.1686
1785439119.81,103,drive,3,0.5,15.0,40.773,25.10,249.83,0.1843,0.2370,0.0611,0.2366,0.0792,0.2522,0.0684,0.0978,0.2111,0.0934,0.1158,0.0767,0.2136,0.1667
1785439120.52,103,drive,0,1.0,15.0,40.773,25.10,249.83,0.1852,0.2395,0.0611,0.2390,0.0821,0.2512,0.0723,0.0934,0.2082,0.0978,0.1207,0.0767,0.2136,0.1686
1785439120.61,103,drive,1,1.0,15.0,40.773,25.10,249.83,0.1818,0.2370,0.0591,0.2424,0.0841,0.2483,0.0689,0.0978,0.2082,0.0938,0.1173,0.0753,0.2165,0.1657
1785439120.71,103,drive,2,1.0,15.0,40.773,25.10,249.83,0.1848,0.2405,0.0616,0.2405,0.0792,0.2493,0.0709,0.0953,0.2097,0.0948,0.1168,0.0753,0.2170,0.1647
1785439120.81,103,drive,3,1.0,15.0,40.773,25.10,249.83,0.1848,0.2375,0.0611,0.2400,0.0797,0.2522,0.0704,0.0953,0.2097,0.0963,0.1149,0.0767,0.2155,0.1642
1785439121.51,103,drive,0,1.5,15.0,40.773,25.10,249.83,0.1887,0.2375,0.0630,0.2380,0.0831,0.2527,0.0699,0.0924,0.2126,0.0929,0.1149,0.0767,0.2175,0.1716
1785439121.61,103,drive,1,1.5,15.0,40.773,25.10,249.83,0.1896,0.2400,0.0601,0.2356,0.0826,0.2488,0.0670,0.0973,0.2111,0.0953,0.1183,0.0738,0.2141,0.1657
1785439121.71,103,drive,2,1.5,15.0,40.773,25.10,249.83,0.1852,0.2385,0.0596,0.2405,0.0802,0.2498,0.0704,0.0982,0.2111,0.0943,0.1149,0.0753,0.2146,0.1672
1785439121.81,103,drive,3,1.5,15.0,40.773,25.10,249.83,0.1843,0.2375,0.0616,0.2424,0.0836,0.2473,0.0665,0.0929,0.2121,0.0953,0.1168,0.0777,0.2155,0.1681
1785439122.51,103,drive,0,2.0,15.0,40.773,25.10,249.83,0.1848,0.2385,0.0626,0.2414,0.0811,0.2522,0.0689,0.0934,0.2126,0.0943,0.1158,0.0753,0.2160,0.1652
1785439122.61,103,drive,1,2.0,15.0,40.773,25.10,249.83,0.1877,0.2390,0.0626,0.2434,0.0811,0.2507,0.0660,0.0958,0.2102,0.0938,0.1193,0.0767,0.2155,0.1676
1785439122.70,103,drive,2,2.0,15.0,40.773,25.10,249.83,0.1867,0.2375,0.0640,0.2395,0.0787,0.2493,0.0704,0.0924,0.2077,0.0938,0.1168,0.0772,0.2136,0.1652
1785439122.80,103,drive,3,2.0,15.0,40.773,25.10,249.83,0.1867,0.2385,0.0582,0.2405,0.0821,0.2532,0.0684,0.0958,0.2107,0.0929,0.1153,0.0762,0.2141,0.1652
1785439123.50,103,drive,0,2.5,15.0,40.773,25.10,249.83,0.1862,0.2385,0.0601,0.2390,0.0806,0.2527,0.0699,0.0948,0.2121,0.0948,0.1173,0.0762,0.2126,0.1676
1785439123.60,103,drive,1,2.5,15.0,40.773,25.10,249.83,0.1852,0.2385,0.0596,0.2410,0.0802,0.2522,0.0674,0.0948,0.2126,0.0929,0.1183,0.0787,0.2155,0.1652
1785439123.70,103,drive,2,2.5,15.0,40.773,25.10,249.83,0.1818,0.2375,0.0645,0.2405,0.0797,0.2522,0.0674,0.0953,0.2107,0.0953,0.1173,0.0787,0.2165,0.1686
1785439123.80,103,drive,3,2.5,15.0,40.773,25.10,249.83,0.1857,0.2395,0.0616,0.2405,0.0797,0.2502,0.0709,0.0978,0.2082,0.0938,0.1193,0.0767,0.2155,0.1686
1785439124.50,103,drive,0,3.0,15.0,40.773,25.10,249.83,0.1862,0.2375,0.0611,0.2366,0.0816,0.2507,0.0665,0.0938,0.2111,0.0953,0.1202,0.0762,0.2151,0.1672
1785439124.60,103,drive,1,3.0,15.0,40.773,25.10,249.83,0.1887,0.2356,0.0596,0.2419,0.0841,0.2483,0.0665,0.0929,0.2126,0.0938,0.1163,0.0762,0.2146,0.1686
1785439124.70,103,drive,2,3.0,15.0,40.773,25.10,249.83,0.1882,0.2380,0.0630,0.2410,0.0826,0.2522,0.0679,0.0963,0.2121,0.0938,0.1183,0.0767,0.2151,0.1672
1785439124.79,103,drive,3,3.0,15.0,40.773,25.10,249.83,0.1891,0.2375,0.0606,0.2385,0.0802,0.2517,0.0689,0.0963,0.2121,0.0943,0.1153,0.0797,0.2136,0.1681
1785439125.49,103,drive,0,3.5,15.0,40.773,25.10,249.83,0.1823,0.2390,0.0630,0.2405,0.0797,0.2493,0.0684,0.0948,0.2107,0.0943,0.1163,0.0811,0.2146,0.1657
1785439125.59,103,drive,1,3.5,15.0,40.773,25.10,249.83,0.1843,0.2390,0.0630,0.2405,0.0821,0.2507,0.0689,0.0948,0.2107,0.0914,0.1178,0.0753,0.2165,0.1711
1785439125.69,103,drive,2,3.5,15.0,40.773,25.10,249.83,0.1862,0.2356,0.0616,0.2390,0.0846,0.2522,0.0694,0.0934,0.2102,0.0968,0.1173,0.0772,0.2155,0.1686
1785439125.79,103,drive,3,3.5,15.0,40.773,25.10,249.83,0.1857,0.2370,0.0606,0.2410,0.0826,0.2502,0.0679,0.0958,0.2126,0.0894,0.1168,0.0797,0.2151,0.1662
1785439126.49,103,drive,0,4.0,15.0,40.773,25.10,249.83,0.1867,0.2380,0.0626,0.2414,0.0792,0.2517,0.0689,0.0953,0.2087,0.0953,0.1168,0.0767,0.2170,0.1676
1785439126.59,103,drive,1,4.0,15.0,40.773,25.10,249.83,0.1872,0.2385,0.0655,0.2429,0.0792,0.2498,0.0723,0.0953,0.2102,0.0958,0.1178,0.0782,0.2146,0.1676
1785439126.69,103,drive,2,4.0,15.0,40.773,25.10,249.83,0.1877,0.2356,0.0621,0.2414,0.0850,0.2537,0.0694,0.0914,0.2121,0.0963,0.1153,0.0762,0.2165,0.1696
1785439126.79,103,drive,3,4.0,15.0,40.773,25.10,249.83,0.1852,0.2370,0.0626,0.2410,0.0826,0.2498,0.0684,0.0973,0.2141,0.0938,0.1193,0.0772,0.2151,0.1676
1785439127.49,103,drive,0,4.5,15.0,40.773,25.10,249.83,0.1833,0.2370,0.0674,0.2429,0.0802,0.2502,0.0699,0.0943,0.2121,0.0968,0.1149,0.0762,0.2155,0.1686
1785439127.58,103,drive,1,4.5,15.0,40.773,25.10,249.83,0.1857,0.2380,0.0616,0.2395,0.0831,0.2542,0.0684,0.0934,0.2087,0.0934,0.1168,0.0767,0.2151,0.1662
1785439127.68,103,drive,2,4.5,15.0,40.773,25.10,249.83,0.1872,0.2390,0.0587,0.2400,0.0821,0.2527,0.0723,0.0948,0.2121,0.0958,0.1183,0.0743,0.2131,0.1672
1785439127.78,103,drive,3,4.5,15.0,40.773,25.10,249.83,0.1838,0.2370,0.0606,0.2429,0.0806,0.2502,0.0689,0.0968,0.2111,0.0938,0.1168,0.0787,0.2146,0.1686
1785439128.48,103,drive,0,5.0,15.0,40.773,25.10,249.83,0.1896,0.2385,0.0601,0.2385,0.0816,0.2532,0.0709,0.0943,0.2107,0.0934,0.1178,0.0792,0.2141,0.1662
1785439128.58,103,drive,1,5.0,15.0,40.773,25.10,249.83,0.1852,0.2366,0.0606,0.2380,0.0846,0.2522,0.0694,0.0943,0.2092,0.0948,0.1188,0.0762,0.2155,0.1637
1785439128.68,103,drive,2,5.0,15.0,40.773,25.10,249.83,0.1862,0.2375,0.0616,0.2429,0.0816,0.2527,0.0709,0.0963,0.2092,0.0953,0.1153,0.0748,0.2116,0.1691
1785439128.78,103,drive,3,5.0,15.0,40.773,25.10,249.83,0.1852,0.2380,0.0611,0.2439,0.0831,0.2532,0.0679,0.0958,0.2087,0.0934,0.1158,0.0743,0.2146,0.1681
1785439129.56,41,base,0,0.0,15.0,40.833,25.10,249.83,0.1848,0.2380,0.0611,0.2434,0.0821,0.2532,0.0670,0.0943,0.2058,0.0963,0.1173,0.0777,0.2155,0.1686
1785439129.65,41,base,1,0.0,15.0,40.833,25.10,249.83,0.1916,0.2395,0.0606,0.2419,0.0841,0.2546,0.0714,0.0958,0.2067,0.0953,0.1153,0.0753,0.2107,0.1686
1785439129.75,41,base,2,0.0,15.0,40.833,25.10,249.83,0.1872,0.2361,0.0640,0.2454,0.0826,0.2532,0.0709,0.1002,0.2092,0.0924,0.1153,0.0733,0.2155,0.1686
1785439129.85,41,base,3,0.0,15.0,40.833,25.10,249.83,0.1843,0.2390,0.0601,0.2390,0.0816,0.2581,0.0674,0.0943,0.2067,0.0963,0.1129,0.0753,0.2170,0.1618
1785439130.55,41,drive,0,0.5,15.0,40.833,25.10,249.83,0.1852,0.2370,0.0621,0.2449,0.0826,0.2527,0.0670,0.0953,0.2107,0.0929,0.1168,0.0762,0.2180,0.1701
1785439130.65,41,drive,1,0.5,15.0,40.833,25.10,249.83,0.1867,0.2375,0.0611,0.2434,0.0821,0.2551,0.0699,0.0953,0.2092,0.0958,0.1158,0.0733,0.2116,0.1676
1785439130.75,41,drive,2,0.5,15.0,40.833,25.10,249.83,0.1867,0.2370,0.0626,0.2419,0.0831,0.2532,0.0699,0.0919,0.2082,0.0963,0.1144,0.0758,0.2151,0.1667
1785439130.85,41,drive,3,0.5,15.0,40.833,25.10,249.83,0.1843,0.2375,0.0621,0.2444,0.0821,0.2532,0.0689,0.0987,0.2072,0.0953,0.1144,0.0762,0.2151,0.1701
1785439131.55,41,drive,0,1.0,15.0,40.833,25.10,249.83,0.1877,0.2375,0.0611,0.2434,0.0831,0.2517,0.0704,0.0948,0.2107,0.0953,0.1188,0.0758,0.2151,0.1706
1785439131.65,41,drive,1,1.0,15.0,40.833,25.10,249.83,0.1852,0.2380,0.0626,0.2410,0.0806,0.2493,0.0704,0.0943,0.2111,0.0943,0.1153,0.0811,0.2107,0.1647
1785439131.74,41,drive,2,1.0,15.0,40.833,25.10,249.83,0.1852,0.2380,0.0630,0.2463,0.0826,0.2561,0.0684,0.0938,0.2111,0.0929,0.1163,0.0767,0.2146,0.1672
1785439131.84,41,drive,3,1.0,15.0,40.833,25.10,249.83,0.1872,0.2375,0.0621,0.2429,0.0802,0.2542,0.0718,0.0958,0.2063,0.0963,0.1168,0.0777,0.2131,0.1662
1785439132.54,41,drive,0,1.5,15.0,40.833,25.10,249.83,0.1852,0.2429,0.0640,0.2444,0.0841,0.2532,0.0714,0.0943,0.2092,0.0943,0.1153,0.0787,0.2131,0.1686
1785439132.64,41,drive,1,1.5,15.0,40.833,25.10,249.83,0.1862,0.2380,0.0616,0.2449,0.0831,0.2546,0.0679,0.0958,0.2087,0.0938,0.1119,0.0767,0.2131,0.1676
1785439132.74,41,drive,2,1.5,15.0,40.833,25.10,249.83,0.1887,0.2385,0.0587,0.2439,0.0875,0.2537,0.0694,0.0934,0.2111,0.0953,0.1163,0.0767,0.2131,0.1686
1785439132.84,41,drive,3,1.5,15.0,40.833,25.10,249.83,0.1891,0.2366,0.0611,0.2458,0.0831,0.2532,0.0704,0.0924,0.2107,0.0953,0.1119,0.0748,0.2131,0.1672
1785439133.54,41,drive,0,2.0,15.0,40.833,25.10,249.83,0.1867,0.2370,0.0621,0.2434,0.0806,0.2551,0.0694,0.0953,0.2126,0.0943,0.1119,0.0762,0.2151,0.1686
1785439133.64,41,drive,1,2.0,15.0,40.833,25.10,249.83,0.1887,0.2429,0.0606,0.2439,0.0855,0.2517,0.0689,0.0929,0.2102,0.0929,0.1183,0.0792,0.2170,0.1681
1785439133.74,41,drive,2,2.0,15.0,40.833,25.10,249.83,0.1867,0.2419,0.0626,0.2400,0.0846,0.2566,0.0689,0.0914,0.2111,0.0973,0.1149,0.0772,0.2111,0.1696
1785439133.83,41,drive,3,2.0,15.0,40.833,25.10,249.83,0.1891,0.2385,0.0596,0.2434,0.0855,0.2546,0.0679,0.0929,0.2097,0.0968,0.1139,0.0762,0.2141,0.1706
1785439134.53,41,drive,0,2.5,15.0,40.833,25.10,249.83,0.1867,0.2424,0.0635,0.2410,0.0836,0.2566,0.0689,0.0929,0.2111,0.0948,0.1168,0.0782,0.2136,0.1657
1785439134.63,41,drive,1,2.5,15.0,40.833,25.10,249.83,0.1867,0.2375,0.0635,0.2419,0.0821,0.2566,0.0699,0.0943,0.2087,0.0934,0.1153,0.0738,0.2160,0.1696
1785439134.73,41,drive,2,2.5,15.0,40.833,25.10,249.83,0.1901,0.2385,0.0626,0.2429,0.0816,0.2551,0.0699,0.0934,0.2097,0.0934,0.1124,0.0762,0.2141,0.1662
1785439134.83,41,drive,3,2.5,15.0,40.833,25.10,249.83,0.1872,0.2405,0.0640,0.2414,0.0831,0.2576,0.0689,0.0924,0.2087,0.0929,0.1183,0.0777,0.2155,0.1691
1785439135.53,41,drive,0,3.0,15.0,40.833,25.10,249.83,0.1872,0.2395,0.0601,0.2410,0.0831,0.2546,0.0699,0.0919,0.2092,0.0973,0.1144,0.0762,0.2170,0.1667
1785439135.63,41,drive,1,3.0,15.0,40.833,25.10,249.83,0.1843,0.2361,0.0611,0.2405,0.0802,0.2566,0.0699,0.0929,0.2087,0.0968,0.1158,0.0762,0.2155,0.1701
1785439135.73,41,drive,2,3.0,15.0,40.833,25.10,249.83,0.1838,0.2424,0.0621,0.2419,0.0811,0.2590,0.0679,0.0953,0.2097,0.0934,0.1090,0.0797,0.2170,0.1642
1785439135.82,41,drive,3,3.0,15.0,40.833,25.10,249.83,0.1872,0.2390,0.0616,0.2439,0.0841,0.2561,0.0689,0.0914,0.2116,0.0963,0.1134,0.0738,0.2175,0.1667
1785439136.52,41,drive,0,3.5,15.0,40.833,25.10,249.83,0.1906,0.2385,0.0611,0.2414,0.0831,0.2556,0.0743,0.0919,0.2107,0.0968,0.1149,0.0767,0.2126,0.1662
1785439136.62,41,drive,1,3.5,15.0,40.833,25.10,249.83,0.1838,0.2375,0.0635,0.2449,0.0826,0.2537,0.0704,0.0948,0.2102,0.0934,0.1163,0.0772,0.2170,0.1603
1785439136.72,41,drive,2,3.5,15.0,40.833,25.10,249.83,0.1838,0.2385,0.0611,0.2429,0.0841,0.2537,0.0689,0.0934,0.2107,0.0938,0.1153,0.0748,0.2141,0.1691
1785439136.82,41,drive,3,3.5,15.0,40.833,25.10,249.83,0.1896,0.2385,0.0611,0.2454,0.0816,0.2556,0.0709,0.0938,0.2107,0.0953,0.1124,0.0738,0.2131,0.1691
1785439137.52,41,drive,0,4.0,15.0,40.833,25.10,249.83,0.1906,0.2429,0.0616,0.2434,0.0836,0.2576,0.0704,0.0929,0.2141,0.0934,0.1173,0.0743,0.2175,0.1662
1785439137.61,41,drive,1,4.0,15.0,40.833,25.10,249.83,0.1848,0.2419,0.0630,0.2429,0.0811,0.2566,0.0714,0.0934,0.2077,0.0943,0.1149,0.0777,0.2170,0.1667
1785439137.71,41,drive,2,4.0,15.0,40.833,25.10,249.83,0.1862,0.2414,0.0611,0.2429,0.0816,0.2556,0.0699,0.0929,0.2116,0.0914,0.1173,0.0782,0.2190,0.1676
1785439137.81,41,drive,3,4.0,15.0,40.833,25.10,249.83,0.1891,0.2380,0.0621,0.2410,0.0841,0.2561,0.0718,0.0929,0.2126,0.0953,0.1173,0.0758,0.2160,0.1681
1785439138.51,41,drive,0,4.5,15.0,40.833,25.10,249.83,0.1852,0.2351,0.0640,0.2424,0.0816,0.2561,0.0714,0.0943,0.2102,0.0929,0.1183,0.0762,0.2180,0.1672
1785439138.61,41,drive,1,4.5,15.0,40.833,25.10,249.83,0.1906,0.2400,0.0621,0.2414,0.0826,0.2566,0.0738,0.0948,0.2097,0.0948,0.1168,0.0782,0.2180,0.1647
1785439138.71,41,drive,2,4.5,15.0,40.833,25.10,249.83,0.1867,0.2400,0.0606,0.2424,0.0875,0.2542,0.0714,0.0943,0.2121,0.0938,0.1163,0.0758,0.2180,0.1662
1785439138.80,41,drive,3,4.5,15.0,40.833,25.10,249.83,0.1872,0.2385,0.0626,0.2424,0.0816,0.2566,0.0718,0.0919,0.2116,0.0958,0.1188,0.0748,0.2160,0.1676
1785439139.50,41,drive,0,5.0,15.0,40.833,25.10,249.83,0.1862,0.2400,0.0616,0.2424,0.0836,0.2546,0.0718,0.0953,0.2107,0.0938,0.1168,0.0816,0.2141,0.1672
1785439139.60,41,drive,1,5.0,15.0,40.833,25.10,249.83,0.1852,0.2419,0.0621,0.2366,0.0831,0.2551,0.0704,0.0934,0.2107,0.0929,0.1134,0.0777,0.2180,0.1657
1785439139.70,41,drive,2,5.0,15.0,40.833,25.10,249.83,0.1852,0.2395,0.0611,0.2439,0.0846,0.2576,0.0709,0.0943,0.2126,0.0948,0.1168,0.0767,0.2165,0.1696
1785439139.80,41,drive,3,5.0,15.0,40.833,25.10,249.83,0.1848,0.2414,0.0630,0.2429,0.0841,0.2546,0.0684,0.0953,0.2087,0.0904,0.1158,0.0758,0.2180,0.1642
1785439140.59,108,base,0,0.0,15.0,40.793,25.10,249.83,0.1872,0.2380,0.0630,0.2434,0.0811,0.2581,0.0699,0.0934,0.2131,0.0963,0.1139,0.0772,0.2190,0.1686
1785439140.69,108,base,1,0.0,15.0,40.793,25.10,249.83,0.1882,0.2405,0.0596,0.2454,0.0841,0.2571,0.0670,0.0909,0.2141,0.0938,0.1178,0.0767,0.2199,0.1672
1785439140.78,108,base,2,0.0,15.0,40.793,25.10,249.83,0.1877,0.2390,0.0601,0.2454,0.0846,0.2561,0.0689,0.0934,0.2126,0.0948,0.1163,0.0743,0.2180,0.1686
1785439140.88,108,base,3,0.0,15.0,40.793,25.10,249.83,0.1867,0.2375,0.0640,0.2454,0.0831,0.2566,0.0679,0.0919,0.2131,0.0919,0.1158,0.0792,0.2165,0.1711
1785439141.58,108,drive,0,0.5,15.0,40.793,25.10,249.83,0.1872,0.2380,0.0606,0.2444,0.0816,0.2571,0.0718,0.0914,0.2146,0.0958,0.1168,0.0772,0.2175,0.1706
1785439141.68,108,drive,1,0.5,15.0,40.793,25.10,249.83,0.1862,0.2395,0.0630,0.2424,0.0802,0.2561,0.0738,0.0934,0.2155,0.0948,0.1188,0.0777,0.2219,0.1686
1785439141.78,108,drive,2,0.5,15.0,40.793,25.10,249.83,0.1862,0.2366,0.0645,0.2449,0.0836,0.2546,0.0709,0.0948,0.2126,0.0934,0.1178,0.0767,0.2204,0.1681
1785439141.88,108,drive,3,0.5,15.0,40.793,25.10,249.83,0.1862,0.2385,0.0640,0.2444,0.0831,0.2571,0.0709,0.0929,0.2165,0.0938,0.1153,0.0777,0.2190,0.1667
1785439142.57,108,drive,0,1.0,15.0,40.793,25.10,249.83,0.1887,0.2410,0.0621,0.2419,0.0826,0.2590,0.0743,0.0909,0.2111,0.0958,0.1193,0.0748,0.2185,0.1676
1785439142.67,108,drive,1,1.0,15.0,40.793,25.10,249.83,0.1872,0.2434,0.0621,0.2419,0.0850,0.2561,0.0714,0.0904,0.2146,0.0909,0.1178,0.0748,0.2195,0.1662
1785439142.77,108,drive,2,1.0,15.0,40.793,25.10,249.83,0.1862,0.2380,0.0606,0.2434,0.0841,0.2537,0.0718,0.0938,0.2165,0.0934,0.1183,0.0758,0.2234,0.1667
1785439142.87,108,drive,3,1.0,15.0,40.793,25.10,249.83,0.1857,0.2385,0.0591,0.2419,0.0846,0.2551,0.0660,0.0904,0.2160,0.0948,0.1153,0.0767,0.2190,0.1686
1785439143.57,108,drive,0,1.5,15.0,40.793,25.10,249.83,0.1872,0.2390,0.0626,0.2390,0.0846,0.2576,0.0699,0.0938,0.2151,0.0934,0.1188,0.0802,0.2234,0.1652
1785439143.67,108,drive,1,1.5,15.0,40.793,25.10,249.83,0.1833,0.2405,0.0621,0.2458,0.0841,0.2556,0.0709,0.0929,0.2170,0.0943,0.1193,0.0753,0.2199,0.1706
1785439143.76,108,drive,2,1.5,15.0,40.793,25.10,249.83,0.1867,0.2429,0.0587,0.2405,0.0821,0.2576,0.0689,0.0924,0.2170,0.0958,0.1188,0.0767,0.2219,0.1696
1785439143.86,108,drive,3,1.5,15.0,40.793,25.10,249.83,0.1857,0.2400,0.0626,0.2444,0.0816,0.2571,0.0723,0.0924,0.2126,0.0953,0.1188,0.0787,0.2195,0.1662
1785439144.56,108,drive,0,2.0,15.0,40.793,25.10,249.83,0.1872,0.2366,0.0640,0.2375,0.0811,0.2581,0.0704,0.0899,0.2165,0.0934,0.1202,0.0772,0.2234,0.1672
1785439144.66,108,drive,1,2.0,15.0,40.793,25.10,249.83,0.1862,0.2366,0.0630,0.2410,0.0846,0.2600,0.0704,0.0894,0.2180,0.0953,0.1202,0.0772,0.2239,0.1696
1785439144.76,108,drive,2,2.0,15.0,40.793,25.10,249.83,0.1848,0.2410,0.0616,0.2405,0.0860,0.2576,0.0718,0.0899,0.2151,0.0924,0.1188,0.0772,0.2219,0.1657
1785439144.86,108,drive,3,2.0,15.0,40.793,25.10,249.83,0.1867,0.2410,0.0562,0.2414,0.0850,0.2586,0.0704,0.0890,0.2170,0.0953,0.1202,0.0772,0.2209,0.1667
1785439145.56,108,drive,0,2.5,15.0,40.793,25.10,249.83,0.1872,0.2405,0.0611,0.2410,0.0836,0.2586,0.0679,0.0904,0.2175,0.0919,0.1197,0.0767,0.2229,0.1662
1785439145.65,108,drive,1,2.5,15.0,40.793,25.10,249.83,0.1848,0.2400,0.0611,0.2410,0.0806,0.2571,0.0723,0.0924,0.2175,0.0938,0.1197,0.0792,0.2239,0.1686
1785439145.75,108,drive,2,2.5,15.0,40.793,25.10,249.83,0.1872,0.2405,0.0621,0.2400,0.0806,0.2561,0.0753,0.0934,0.2155,0.0914,0.1193,0.0792,0.2243,0.1686
1785439145.85,108,drive,3,2.5,15.0,40.793,25.10,249.83,0.1872,0.2385,0.0616,0.2414,0.0846,0.2571,0.0694,0.0938,0.2170,0.0929,0.1193,0.0782,0.2243,0.1720
1785439146.55,108,drive,0,3.0,15.0,40.793,25.10,249.83,0.1877,0.2385,0.0640,0.2419,0.0836,0.2546,0.0714,0.0934,0.2170,0.0943,0.1217,0.0767,0.2229,0.1681
1785439146.65,108,drive,1,3.0,15.0,40.793,25.10,249.83,0.1828,0.2395,0.0611,0.2429,0.0841,0.2566,0.0714,0.0914,0.2190,0.0948,0.1197,0.0797,0.2292,0.1711
1785439146.75,108,drive,2,3.0,15.0,40.793,25.10,249.83,0.1799,0.2419,0.0655,0.2410,0.0831,0.2595,0.0704,0.0909,0.2160,0.0904,0.1183,0.0777,0.2224,0.1657
1785439146.84,108,drive,3,3.0,15.0,40.793,25.10,249.83,0.1857,0.2405,0.0616,0.2429,0.0836,0.2595,0.0694,0.0904,0.2190,0.0929,0.1232,0.0748,0.2258,0.1667
1785439147.54,108,drive,0,3.5,15.0,40.793,25.10,249.83,0.1852,0.2380,0.0621,0.2380,0.0846,0.2571,0.0699,0.0953,0.2185,0.0948,0.1197,0.0772,0.2283,0.1691
1785439147.64,108,drive,1,3.5,15.0,40.793,25.10,249.83,0.1848,0.2375,0.0616,0.2410,0.0816,0.2586,0.0694,0.0924,0.2175,0.0948,0.1222,0.0787,0.2239,0.1667
1785439147.74,108,drive,2,3.5,15.0,40.793,25.10,249.83,0.1852,0.2385,0.0626,0.2380,0.0846,0.2576,0.0684,0.0899,0.2175,0.0934,0.1207,0.0762,0.2253,0.1676
1785439147.84,108,drive,3,3.5,15.0,40.793,25.10,249.83,0.1838,0.2370,0.0606,0.2429,0.0836,0.2605,0.0709,0.0890,0.2180,0.0948,0.1222,0.0767,0.2253,0.1672
1785439148.53,108,drive,0,4.0,15.0,40.793,25.10,249.83,0.1877,0.2414,0.0611,0.2414,0.0841,0.2595,0.0718,0.0904,0.2175,0.0938,0.1227,0.0777,0.2283,0.1662
1785439148.63,108,drive,1,4.0,15.0,40.793,25.10,249.83,0.1857,0.2395,0.0596,0.2370,0.0826,0.2590,0.0743,0.0914,0.2180,0.0963,0.1232,0.0758,0.2268,0.1667
1785439148.73,108,drive,2,4.0,15.0,40.793,25.10,249.83,0.1872,0.2380,0.0611,0.2395,0.0841,0.2586,0.0728,0.0934,0.2199,0.0904,0.1217,0.0743,0.2278,0.1662
1785439148.83,108,drive,3,4.0,15.0,40.793,25.10,249.83,0.1848,0.2361,0.0606,0.2444,0.0860,0.2590,0.0699,0.0904,0.2224,0.0943,0.1232,0.0762,0.2297,0.1667
1785439149.53,108,drive,0,4.5,15.0,40.793,25.10,249.83,0.1823,0.2370,0.0596,0.2414,0.0831,0.2566,0.0704,0.0909,0.2214,0.0934,0.1232,0.0767,0.2302,0.1681
1785439149.63,108,drive,1,4.5,15.0,40.793,25.10,249.83,0.1838,0.2361,0.0611,0.2410,0.0841,0.2576,0.0704,0.0929,0.2234,0.0929,0.1212,0.0777,0.2312,0.1691
1785439149.72,108,drive,2,4.5,15.0,40.793,25.10,249.83,0.1848,0.2361,0.0621,0.2400,0.0836,0.2590,0.0714,0.0929,0.2209,0.0938,0.1246,0.0748,0.2268,0.1681
1785439149.82,108,drive,3,4.5,15.0,40.793,25.10,249.83,0.1862,0.2390,0.0630,0.2395,0.0811,0.2586,0.0723,0.0929,0.2209,0.0958,0.1212,0.0792,0.2297,0.1667
1785439150.52,108,drive,0,5.0,15.0,40.793,25.10,249.83,0.1877,0.2366,0.0587,0.2419,0.0846,0.2576,0.0709,0.0899,0.2239,0.0938,0.1237,0.0718,0.2322,0.1652
1785439150.62,108,drive,1,5.0,15.0,40.793,25.10,249.83,0.1872,0.2375,0.0626,0.2439,0.0831,0.2576,0.0689,0.0909,0.2190,0.0929,0.1261,0.0758,0.2307,0.1706
1785439150.72,108,drive,2,5.0,15.0,40.793,25.10,249.83,0.1882,0.2395,0.0587,0.2400,0.0860,0.2586,0.0728,0.0919,0.2224,0.0963,0.1207,0.0767,0.2268,0.1662
1785439150.81,108,drive,3,5.0,15.0,40.793,25.10,249.83,0.1857,0.2370,0.0596,0.2424,0.0855,0.2566,0.0699,0.0860,0.2258,0.0934,0.1237,0.0787,0.2283,0.1691
1785439151.60,107,base,0,0.0,15.0,40.753,25.10,249.83,0.1857,0.2366,0.0616,0.2390,0.0836,0.2546,0.0714,0.0919,0.2209,0.0929,0.1256,0.0782,0.2312,0.1628
1785439151.70,107,base,1,0.0,15.0,40.753,25.10,249.83,0.1896,0.2405,0.0626,0.2390,0.0841,0.2595,0.0709,0.0909,0.2229,0.0924,0.1251,0.0777,0.2331,0.1716
1785439151.80,107,base,2,0.0,15.0,40.753,25.10,249.83,0.1891,0.2351,0.0626,0.2405,0.0880,0.2576,0.0689,0.0894,0.2214,0.0919,0.1232,0.0738,0.2292,0.1686
1785439151.90,107,base,3,0.0,15.0,40.753,25.10,249.83,0.1838,0.2400,0.0640,0.2400,0.0841,0.2551,0.0704,0.0894,0.2214,0.0938,0.1256,0.0782,0.2317,0.1672
1785439152.60,107,drive,0,0.5,15.0,40.753,25.10,249.83,0.1857,0.2380,0.0640,0.2380,0.0850,0.2571,0.0718,0.0890,0.2248,0.0924,0.1261,0.0782,0.2273,0.1667
1785439152.70,107,drive,1,0.5,15.0,40.753,25.10,249.83,0.1833,0.2370,0.0591,0.2424,0.0831,0.2600,0.0694,0.0909,0.2248,0.0938,0.1237,0.0772,0.2278,0.1681
1785439152.79,107,drive,2,0.5,15.0,40.753,25.10,249.83,0.1823,0.2375,0.0640,0.2405,0.0831,0.2576,0.0699,0.0880,0.2273,0.0929,0.1217,0.0777,0.2312,0.1672
1785439152.89,107,drive,3,0.5,15.0,40.753,25.10,249.83,0.1857,0.2395,0.0635,0.2400,0.0841,0.2551,0.0738,0.0919,0.2229,0.0929,0.1281,0.0777,0.2331,0.1667
1785439153.59,107,drive,0,1.0,15.0,40.753,25.10,249.83,0.1857,0.2366,0.0626,0.2375,0.0841,0.2586,0.0704,0.0904,0.2268,0.0924,0.1266,0.0767,0.2312,0.1676
1785439153.69,107,drive,1,1.0,15.0,40.753,25.10,249.83,0.1848,0.2375,0.0611,0.2419,0.0860,0.2556,0.0689,0.0924,0.2258,0.0914,0.1271,0.0806,0.2312,0.1657
1785439153.79,107,drive,2,1.0,15.0,40.753,25.10,249.83,0.1872,0.2370,0.0616,0.2395,0.0821,0.2571,0.0704,0.0919,0.2283,0.0938,0.1295,0.0767,0.2331,0.1672
1785439153.89,107,drive,3,1.0,15.0,40.753,25.10,249.83,0.1823,0.2366,0.0655,0.2429,0.0806,0.2581,0.0694,0.0904,0.2278,0.0919,0.1266,0.0787,0.2341,0.1686
1785439154.59,107,drive,0,1.5,15.0,40.753,25.10,249.83,0.1857,0.2351,0.0635,0.2380,0.0846,0.2571,0.0714,0.0904,0.2292,0.0929,0.1281,0.0753,0.2336,0.1686
1785439154.69,107,drive,1,1.5,15.0,40.753,25.10,249.83,0.1867,0.2356,0.0655,0.2419,0.0826,0.2532,0.0714,0.0909,0.2243,0.0929,0.1256,0.0792,0.2336,0.1696
1785439154.79,107,drive,2,1.5,15.0,40.753,25.10,249.83,0.1857,0.2390,0.0616,0.2395,0.0841,0.2586,0.0714,0.0909,0.2258,0.0914,0.1256,0.0792,0.2326,0.1681
1785439154.88,107,drive,3,1.5,15.0,40.753,25.10,249.83,0.1867,0.2385,0.0611,0.2410,0.0846,0.2556,0.0709,0.0938,0.2278,0.0934,0.1271,0.0772,0.2346,0.1667
1785439155.59,107,drive,0,2.0,15.0,40.753,25.10,249.83,0.1843,0.2346,0.0621,0.2370,0.0846,0.2571,0.0723,0.0919,0.2258,0.0934,0.1300,0.0777,0.2351,0.1657
1785439155.68,107,drive,1,2.0,15.0,40.753,25.10,249.83,0.1872,0.2375,0.0626,0.2380,0.0836,0.2576,0.0694,0.0890,0.2258,0.0929,0.1295,0.0787,0.2326,0.1672
1785439155.78,107,drive,2,2.0,15.0,40.753,25.10,249.83,0.1862,0.2341,0.0596,0.2366,0.0850,0.2571,0.0684,0.0899,0.2258,0.0919,0.1271,0.0762,0.2331,0.1676
1785439155.88,107,drive,3,2.0,15.0,40.753,25.10,249.83,0.1848,0.2375,0.0626,0.2370,0.0850,0.2566,0.0714,0.0904,0.2258,0.0948,0.1305,0.0772,0.2331,0.1686
1785439156.58,107,drive,0,2.5,15.0,40.753,25.10,249.83,0.1862,0.2380,0.0621,0.2375,0.0841,0.2561,0.0699,0.0914,0.2287,0.0899,0.1290,0.0743,0.2346,0.1691
1785439156.68,107,drive,1,2.5,15.0,40.753,25.10,249.83,0.1857,0.2336,0.0616,0.2395,0.0831,0.2571,0.0674,0.0904,0.2297,0.0948,0.1276,0.0782,0.2370,0.1711
1785439156.78,107,drive,2,2.5,15.0,40.753,25.10,249.83,0.1848,0.2361,0.0635,0.2366,0.0846,0.2561,0.0679,0.0899,0.2248,0.0914,0.1290,0.0787,0.2346,0.1681
1785439156.88,107,drive,3,2.5,15.0,40.753,25.10,249.83,0.1882,0.2341,0.0635,0.2361,0.0841,0.2590,0.0714,0.0934,0.2258,0.0914,0.1261,0.0758,0.2336,0.1642
1785439157.57,107,drive,0,3.0,15.0,40.753,25.10,249.83,0.1838,0.2336,0.0611,0.2370,0.0841,0.2551,0.0670,0.0914,0.2283,0.0894,0.1295,0.0772,0.2346,0.1672
1785439157.67,107,drive,1,3.0,15.0,40.753,25.10,249.83,0.1823,0.2336,0.0616,0.2385,0.0846,0.2542,0.0704,0.0904,0.2278,0.0943,0.1285,0.0762,0.2346,0.1686
1785439157.77,107,drive,2,3.0,15.0,40.753,25.10,249.83,0.1877,0.2356,0.0606,0.2380,0.0811,0.2566,0.0748,0.0885,0.2268,0.0924,0.1285,0.0782,0.2346,0.1652
1785439157.87,107,drive,3,3.0,15.0,40.753,25.10,249.83,0.1838,0.2346,0.0601,0.2366,0.0821,0.2571,0.0714,0.0914,0.2278,0.0919,0.1315,0.0772,0.2302,0.1676
1785439158.57,107,drive,0,3.5,15.0,40.753,25.10,249.83,0.1857,0.2375,0.0587,0.2380,0.0855,0.2571,0.0699,0.0904,0.2297,0.0938,0.1315,0.0758,0.2346,0.1696
1785439158.66,107,drive,1,3.5,15.0,40.753,25.10,249.83,0.1848,0.2336,0.0621,0.2366,0.0855,0.2561,0.0679,0.0914,0.2317,0.0929,0.1300,0.0787,0.2390,0.1672
1785439158.76,107,drive,2,3.5,15.0,40.753,25.10,249.83,0.1872,0.2366,0.0626,0.2370,0.0826,0.2590,0.0704,0.0934,0.2287,0.0924,0.1310,0.0787,0.2361,0.1642
1785439158.86,107,drive,3,3.5,15.0,40.753,25.10,249.83,0.1813,0.2351,0.0650,0.2366,0.0816,0.2581,0.0714,0.0894,0.2278,0.0924,0.1266,0.0772,0.2370,0.1667
1785439159.56,107,drive,0,4.0,15.0,40.753,25.10,249.83,0.1862,0.2361,0.0616,0.2370,0.0826,0.2576,0.0714,0.0904,0.2302,0.0914,0.1305,0.0806,0.2370,0.1662
1785439159.66,107,drive,1,4.0,15.0,40.753,25.10,249.83,0.1818,0.2307,0.0626,0.2356,0.0806,0.2556,0.0709,0.0929,0.2268,0.0948,0.1295,0.0758,0.2366,0.1672
1785439159.76,107,drive,2,4.0,15.0,40.753,25.10,249.83,0.1862,0.2346,0.0611,0.2361,0.0880,0.2546,0.0699,0.0880,0.2297,0.0938,0.1281,0.0762,0.2346,0.1662
1785439159.85,107,drive,3,4.0,15.0,40.753,25.10,249.83,0.1833,0.2312,0.0621,0.2346,0.0831,0.2595,0.0714,0.0938,0.2287,0.0943,0.1305,0.0816,0.2336,0.1662
1785439160.55,107,drive,0,4.5,15.0,40.753,25.10,249.83,0.1872,0.2380,0.0582,0.2356,0.0885,0.2556,0.0699,0.0894,0.2307,0.0924,0.1295,0.0797,0.2380,0.1676
1785439160.65,107,drive,1,4.5,15.0,40.753,25.10,249.83,0.1857,0.2341,0.0601,0.2351,0.0855,0.2586,0.0694,0.0890,0.2312,0.0919,0.1315,0.0806,0.2370,0.1662
1785439160.75,107,drive,2,4.5,15.0,40.753,25.10,249.83,0.1867,0.2336,0.0626,0.2366,0.0831,0.2576,0.0723,0.0919,0.2312,0.0934,0.1305,0.0777,0.2356,0.1667
1785439160.85,107,drive,3,4.5,15.0,40.753,25.10,249.83,0.1813,0.2400,0.0630,0.2356,0.0831,0.2556,0.0674,0.0934,0.2283,0.0919,0.1285,0.0831,0.2356,0.1667
1785439161.54,107,drive,0,5.0,15.0,40.753,25.10,249.83,0.1857,0.2351,0.0621,0.2356,0.0826,0.2561,0.0674,0.0938,0.2297,0.0919,0.1310,0.0802,0.2351,0.1672
1785439161.64,107,drive,1,5.0,15.0,40.753,25.10,249.83,0.1843,0.2307,0.0601,0.2385,0.0836,0.2551,0.0699,0.0934,0.2312,0.0943,0.1325,0.0743,0.2375,0.1676
1785439161.74,107,drive,2,5.0,15.0,40.753,25.10,249.83,0.1838,0.2312,0.0635,0.2356,0.0846,0.2551,0.0694,0.0919,0.2283,0.0938,0.1300,0.0772,0.2370,0.1672
1785439161.84,107,drive,3,5.0,15.0,40.753,25.10,249.83,0.1848,0.2346,0.0611,0.2361,0.0821,0.2561,0.0704,0.0909,0.2307,0.0938,0.1329,0.0777,0.2385,0.1676
1785439162.62,106,base,0,0.0,15.0,40.773,25.10,249.83,0.1833,0.2307,0.0635,0.2366,0.0826,0.2522,0.0704,0.0929,0.2287,0.0934,0.1320,0.0802,0.2356,0.1657
1785439162.72,106,base,1,0.0,15.0,40.773,25.10,249.83,0.1872,0.2341,0.0621,0.2346,0.0826,0.2542,0.0699,0.0914,0.2292,0.0929,0.1344,0.0762,0.2356,0.1676
1785439162.82,106,base,2,0.0,15.0,40.773,25.10,249.83,0.1848,0.2331,0.0621,0.2341,0.0831,0.2537,0.0694,0.0909,0.2287,0.0938,0.1315,0.0787,0.2351,0.1667
1785439162.92,106,base,3,0.0,15.0,40.773,25.10,249.83,0.1852,0.2336,0.0562,0.2370,0.0850,0.2586,0.0694,0.0870,0.2283,0.0934,0.1310,0.0787,0.2370,0.1676
1785439163.62,106,drive,0,0.5,15.0,40.773,25.10,249.83,0.1799,0.2361,0.0640,0.2302,0.0821,0.2556,0.0714,0.0904,0.2297,0.0904,0.1300,0.0831,0.2380,0.1686
1785439163.71,106,drive,1,0.5,15.0,40.773,25.10,249.83,0.1843,0.2341,0.0596,0.2356,0.0836,0.2551,0.0699,0.0929,0.2307,0.0924,0.1334,0.0782,0.2361,0.1681
1785439163.81,106,drive,2,0.5,15.0,40.773,25.10,249.83,0.1862,0.2326,0.0640,0.2346,0.0802,0.2522,0.0699,0.0929,0.2302,0.0938,0.1305,0.0816,0.2356,0.1681
1785439163.91,106,drive,3,0.5,15.0,40.773,25.10,249.83,0.1828,0.2351,0.0616,0.2346,0.0831,0.2551,0.0723,0.0909,0.2292,0.0924,0.1315,0.0772,0.2366,0.1691
1785439164.61,106,drive,0,1.0,15.0,40.773,25.10,249.83,0.1843,0.2341,0.0616,0.2356,0.0836,0.2546,0.0694,0.0929,0.2331,0.0934,0.1320,0.0782,0.2356,0.1686
1785439164.71,106,drive,1,1.0,15.0,40.773,25.10,249.83,0.1848,0.2346,0.0616,0.2322,0.0802,0.2546,0.0709,0.0894,0.2307,0.0934,0.1315,0.0767,0.2375,0.1667
1785439164.81,106,drive,2,1.0,15.0,40.773,25.10,249.83,0.1818,0.2346,0.0640,0.2356,0.0821,0.2556,0.0704,0.0914,0.2326,0.0934,0.1329,0.0816,0.2370,0.1662
1785439164.90,106,drive,3,1.0,15.0,40.773,25.10,249.83,0.1862,0.2302,0.0621,0.2356,0.0846,0.2542,0.0694,0.0919,0.2307,0.0953,0.1310,0.0802,0.2351,0.1676
1785439165.60,106,drive,0,1.5,15.0,40.773,25.10,249.83,0.1823,0.2326,0.0596,0.2331,0.0816,0.2590,0.0718,0.0885,0.2283,0.0938,0.1329,0.0787,0.2356,0.1686
1785439165.70,106,drive,1,1.5,15.0,40.773,25.10,249.83,0.1818,0.2307,0.0660,0.2322,0.0816,0.2556,0.0674,0.0899,0.2297,0.0929,0.1310,0.0753,0.2370,0.1681
1785439165.80,106,drive,2,1.5,15.0,40.773,25.10,249.83,0.1848,0.2326,0.0626,0.2336,0.0811,0.2571,0.0733,0.0885,0.2302,0.0929,0.1334,0.0762,0.2385,0.1706
1785439165.90,106,drive,3,1.5,15.0,40.773,25.10,249.83,0.1872,0.2336,0.0635,0.2351,0.0855,0.2586,0.0714,0.0899,0.2307,0.0943,0.1334,0.0802,0.2361,0.1662
1785439166.60,106,drive,0,2.0,15.0,40.773,25.10,249.83,0.1823,0.2312,0.0606,0.2346,0.0831,0.2556,0.0704,0.0938,0.2322,0.0929,0.1320,0.0802,0.2380,0.1672
1785439166.70,106,drive,1,2.0,15.0,40.773,25.10,249.83,0.1833,0.2341,0.0635,0.2341,0.0802,0.2551,0.0714,0.0929,0.2292,0.0919,0.1320,0.0777,0.2380,0.1632
1785439166.80,106,drive,2,2.0,15.0,40.773,25.10,249.83,0.1828,0.2336,0.0635,0.2312,0.0841,0.2566,0.0714,0.0875,0.2322,0.0953,0.1305,0.0753,0.2356,0.1662
1785439166.90,106,drive,3,2.0,15.0,40.773,25.10,249.83,0.1823,0.2356,0.0616,0.2322,0.0821,0.2537,0.0679,0.0914,0.2297,0.0929,0.1315,0.0797,0.2380,0.1681
1785439167.59,106,drive,0,2.5,15.0,40.773,25.10,249.83,0.1852,0.2322,0.0626,0.2317,0.0850,0.2556,0.0714,0.0929,0.2302,0.0929,0.1310,0.0772,0.2370,0.1667
1785439167.69,106,drive,1,2.5,15.0,40.773,25.10,249.83,0.1813,0.2346,0.0626,0.2312,0.0821,0.2546,0.0718,0.0880,0.2331,0.0914,0.1359,0.0787,0.2346,0.1676
1785439167.79,106,drive,2,2.5,15.0,40.773,25.10,249.83,0.1823,0.2317,0.0611,0.2331,0.0821,0.2542,0.0679,0.0904,0.2326,0.0958,0.1325,0.0748,0.2375,0.1662
1785439167.89,106,drive,3,2.5,15.0,40.773,25.10,249.83,0.1882,0.2341,0.0611,0.2336,0.0846,0.2532,0.0704,0.0924,0.2326,0.0929,0.1329,0.0772,0.2385,0.1652
1785439168.59,106,drive,0,3.0,15.0,40.773,25.10,249.83,0.1823,0.2297,0.0606,0.2302,0.0841,0.2561,0.0694,0.0909,0.2331,0.0963,0.1310,0.0767,0.2375,0.1652
1785439168.68,106,drive,1,3.0,15.0,40.773,25.10,249.83,0.1828,0.2317,0.0645,0.2336,0.0826,0.2537,0.0704,0.0934,0.2312,0.0914,0.1325,0.0792,0.2351,0.1652
1785439168.78,106,drive,2,3.0,15.0,40.773,25.10,249.83,0.1843,0.2331,0.0616,0.2312,0.0846,0.2556,0.0704,0.0899,0.2317,0.0943,0.1325,0.0806,0.2346,0.1652
1785439168.88,106,drive,3,3.0,15.0,40.773,25.10,249.83,0.1843,0.2336,0.0621,0.2292,0.0821,0.2556,0.0699,0.0914,0.2302,0.0938,0.1315,0.0802,0.2375,0.1662
1785439169.58,106,drive,0,3.5,15.0,40.773,25.10,249.83,0.1833,0.2307,0.0611,0.2302,0.0811,0.2522,0.0689,0.0943,0.2317,0.0973,0.1325,0.0782,0.2375,0.1667
1785439169.68,106,drive,1,3.5,15.0,40.773,25.10,249.83,0.1789,0.2336,0.0630,0.2331,0.0826,0.2532,0.0714,0.0899,0.2302,0.0958,0.1344,0.0806,0.2370,0.1706
1785439169.77,106,drive,2,3.5,15.0,40.773,25.10,249.83,0.1848,0.2317,0.0621,0.2287,0.0821,0.2522,0.0723,0.0914,0.2292,0.0968,0.1339,0.0777,0.2370,0.1681
1785439169.87,106,drive,3,3.5,15.0,40.773,25.10,249.83,0.1843,0.2356,0.0640,0.2326,0.0836,0.2546,0.0718,0.0914,0.2302,0.0938,0.1310,0.0792,0.2341,0.1686
1785439170.57,106,drive,0,4.0,15.0,40.773,25.10,249.83,0.1789,0.2312,0.0660,0.2317,0.0811,0.2546,0.0714,0.0938,0.2317,0.0943,0.1300,0.0782,0.2366,0.1696
1785439170.67,106,drive,1,4.0,15.0,40.773,25.10,249.83,0.1838,0.2322,0.0630,0.2273,0.0826,0.2546,0.0753,0.0968,0.2322,0.0919,0.1305,0.0802,0.2370,0.1662
1785439170.77,106,drive,2,4.0,15.0,40.773,25.10,249.83,0.1818,0.2297,0.0601,0.2268,0.0831,0.2551,0.0704,0.0909,0.2283,0.0953,0.1320,0.0797,0.2351,0.1667
1785439170.87,106,drive,3,4.0,15.0,40.773,25.10,249.83,0.1857,0.2292,0.0601,0.2326,0.0855,0.2537,0.0679,0.0909,0.2307,0.0958,0.1334,0.0777,0.2361,0.1686
1785439171.56,106,drive,0,4.5,15.0,40.773,25.10,249.83,0.1828,0.2346,0.0601,0.2317,0.0802,0.2527,0.0704,0.0914,0.2336,0.0958,0.1305,0.0806,0.2380,0.1706
1785439171.66,106,drive,1,4.5,15.0,40.773,25.10,249.83,0.1833,0.2341,0.0621,0.2302,0.0831,0.2546,0.0704,0.0914,0.2317,0.0968,0.1305,0.0787,0.2351,0.1686
1785439171.76,106,drive,2,4.5,15.0,40.773,25.10,249.83,0.1852,0.2307,0.0596,0.2278,0.0846,0.2532,0.0704,0.0948,0.2322,0.0919,0.1295,0.0787,0.2370,0.1676
1785439171.86,106,drive,3,4.5,15.0,40.773,25.10,249.83,0.1804,0.2287,0.0582,0.2336,0.0787,0.2537,0.0674,0.0924,0.2312,0.0973,0.1285,0.0782,0.2361,0.1686
1785439172.56,106,drive,0,5.0,15.0,40.773,25.10,249.83,0.1813,0.2317,0.0611,0.2278,0.0831,0.2542,0.0689,0.0924,0.2351,0.0948,0.1285,0.0762,0.2361,0.1652
1785439172.65,106,drive,1,5.0,15.0,40.773,25.10,249.83,0.1813,0.2302,0.0616,0.2317,0.0811,0.2532,0.0704,0.0924,0.2312,0.0934,0.1325,0.0787,0.2336,0.1686
1785439172.75,106,drive,2,5.0,15.0,40.773,25.10,249.83,0.1813,0.2307,0.0640,0.2322,0.0821,0.2551,0.0709,0.0943,0.2346,0.0919,0.1305,0.0767,0.2366,0.1662
1785439172.85,106,drive,3,5.0,15.0,40.773,25.10,249.83,0.1857,0.2336,0.0630,0.2302,0.0826,0.2493,0.0689,0.0938,0.2317,0.0943,0.1315,0.0772,0.2370,0.1686
1785439173.64,42,base,0,0.0,15.0,40.773,25.10,249.83,0.1813,0.2326,0.0645,0.2287,0.0797,0.2542,0.0733,0.0934,0.2292,0.0958,0.1300,0.0806,0.2370,0.1662
1785439173.74,42,base,1,0.0,15.0,40.773,25.10,249.83,0.1843,0.2297,0.0582,0.2292,0.0811,0.2522,0.0704,0.0924,0.2302,0.0924,0.1315,0.0782,0.2336,0.1691
1785439173.84,42,base,2,0.0,15.0,40.773,25.10,249.83,0.1838,0.2302,0.0645,0.2292,0.0821,0.2522,0.0699,0.0919,0.2292,0.0934,0.1349,0.0802,0.2356,0.1672
1785439173.94,42,base,3,0.0,15.0,40.773,25.10,249.83,0.1838,0.2297,0.0630,0.2307,0.0831,0.2532,0.0694,0.0924,0.2302,0.0948,0.1305,0.0826,0.2356,0.1676
1785439174.63,42,drive,0,0.5,15.0,40.773,25.10,249.83,0.1828,0.2317,0.0640,0.2278,0.0831,0.2566,0.0704,0.0904,0.2292,0.0948,0.1325,0.0802,0.2341,0.1657
1785439174.73,42,drive,1,0.5,15.0,40.773,25.10,249.83,0.1872,0.2287,0.0621,0.2312,0.0841,0.2532,0.0699,0.0909,0.2278,0.0938,0.1315,0.0767,0.2322,0.1662
1785439174.83,42,drive,2,0.5,15.0,40.773,25.10,249.83,0.1808,0.2307,0.0640,0.2307,0.0806,0.2542,0.0709,0.0904,0.2307,0.0938,0.1320,0.0772,0.2346,0.1613
1785439174.93,42,drive,3,0.5,15.0,40.773,25.10,249.83,0.1843,0.2322,0.0626,0.2278,0.0836,0.2546,0.0718,0.0919,0.2297,0.0943,0.1310,0.0797,0.2322,0.1686
1785439175.63,42,drive,0,1.0,15.0,40.773,25.10,249.83,0.1843,0.2258,0.0587,0.2283,0.0860,0.2542,0.0709,0.0929,0.2273,0.0929,0.1329,0.0782,0.2366,0.1662
1785439175.72,42,drive,1,1.0,15.0,40.773,25.10,249.83,0.1833,0.2302,0.0606,0.2297,0.0821,0.2542,0.0665,0.0919,0.2317,0.0953,0.1305,0.0811,0.2346,0.1701
1785439175.82,42,drive,2,1.0,15.0,40.773,25.10,249.83,0.1804,0.2283,0.0611,0.2278,0.0811,0.2532,0.0738,0.0919,0.2297,0.0948,0.1305,0.0816,0.2351,0.1657
1785439175.92,42,drive,3,1.0,15.0,40.773,25.10,249.83,0.1808,0.2312,0.0635,0.2297,0.0806,0.2537,0.0670,0.0929,0.2283,0.0948,0.1266,0.0792,0.2366,0.1662
1785439176.62,42,drive,0,1.5,15.0,40.773,25.10,249.83,0.1833,0.2297,0.0626,0.2268,0.0792,0.2512,0.0723,0.0904,0.2283,0.0958,0.1295,0.0821,0.2326,0.1686
1785439176.72,42,drive,1,1.5,15.0,40.773,25.10,249.83,0.1808,0.2297,0.0606,0.2312,0.0797,0.2532,0.0709,0.0924,0.2283,0.0948,0.1310,0.0802,0.2336,0.1686
1785439176.82,42,drive,2,1.5,15.0,40.773,25.10,249.83,0.1799,0.2312,0.0601,0.2307,0.0821,0.2517,0.0709,0.0934,0.2312,0.0958,0.1310,0.0787,0.2331,0.1681
1785439176.91,42,drive,3,1.5,15.0,40.773,25.10,249.83,0.1799,0.2312,0.0616,0.2346,0.0762,0.2542,0.0718,0.0904,0.2292,0.0958,0.1290,0.0802,0.2326,0.1686
1785439177.61,42,drive,0,2.0,15.0,40.773,25.10,249.83,0.1852,0.2283,0.0596,0.2273,0.0821,0.2542,0.0689,0.0929,0.2307,0.0934,0.1295,0.0782,0.2331,0.1681
1785439177.71,42,drive,1,2.0,15.0,40.773,25.10,249.83,0.1818,0.2312,0.0660,0.2297,0.0797,0.2507,0.0699,0.0899,0.2297,0.0953,0.1320,0.0816,0.2341,0.1691
1785439177.81,42,drive,2,2.0,15.0,40.773,25.10,249.83,0.1804,0.2283,0.0591,0.2297,0.0806,0.2532,0.0684,0.0943,0.2312,0.0963,0.1315,0.0787,0.2366,0.1672
1785439177.91,42,drive,3,2.0,15.0,40.773,25.10,249.83,0.1804,0.2292,0.0640,0.2302,0.0797,0.2537,0.0718,0.0914,0.2268,0.0929,0.1310,0.0777,0.2346,0.1676
1785439178.60,42,drive,0,2.5,15.0,40.773,25.10,249.83,0.1808,0.2287,0.0591,0.2307,0.0826,0.2551,0.0684,0.0948,0.2312,0.0953,0.1295,0.0802,0.2326,0.1667
1785439178.70,42,drive,1,2.5,15.0,40.773,25.10,249.83,0.1808,0.2317,0.0616,0.2312,0.0797,0.2507,0.0689,0.0938,0.2317,0.0919,0.1310,0.0802,0.2361,0.1681
1785439178.80,42,drive,2,2.5,15.0,40.773,25.10,249.83,0.1823,0.2297,0.0606,0.2307,0.0816,0.2488,0.0689,0.0924,0.2287,0.0978,0.1305,0.0772,0.2336,0.1667
1785439178.90,42,drive,3,2.5,15.0,40.773,25.10,249.83,0.1838,0.2326,0.0645,0.2302,0.0792,0.2522,0.0718,0.0904,0.2273,0.0963,0.1320,0.0821,0.2326,0.1662
1785439179.60,42,drive,0,3.0,15.0,40.773,25.10,249.83,0.1828,0.2292,0.0601,0.2297,0.0816,0.2502,0.0714,0.0914,0.2312,0.0968,0.1320,0.0762,0.2331,0.1686
1785439179.70,42,drive,1,3.0,15.0,40.773,25.10,249.83,0.1789,0.2263,0.0616,0.2302,0.0797,0.2512,0.0709,0.0978,0.2292,0.0924,0.1305,0.0811,0.2317,0.1696
1785439179.79,42,drive,2,3.0,15.0,40.773,25.10,249.83,0.1818,0.2312,0.0630,0.2307,0.0806,0.2512,0.0689,0.0938,0.2292,0.0973,0.1300,0.0753,0.2351,0.1681
1785439179.89,42,drive,3,3.0,15.0,40.773,25.10,249.83,0.1833,0.2312,0.0630,0.2292,0.0826,0.2532,0.0723,0.0934,0.2307,0.0938,0.1290,0.0787,0.2307,0.1676
1785439180.59,42,drive,0,3.5,15.0,40.773,25.10,249.83,0.1823,0.2278,0.0640,0.2287,0.0816,0.2532,0.0699,0.0978,0.2283,0.0934,0.1285,0.0792,0.2346,0.1662
1785439180.69,42,drive,1,3.5,15.0,40.773,25.10,249.83,0.1808,0.2292,0.0655,0.2268,0.0821,0.2542,0.0660,0.0899,0.2297,0.0953,0.1315,0.0762,0.2356,0.1716
1785439180.79,42,drive,2,3.5,15.0,40.773,25.10,249.83,0.1769,0.2307,0.0640,0.2278,0.0816,0.2542,0.0684,0.0919,0.2302,0.0948,0.1261,0.0826,0.2331,0.1662
1785439180.89,42,drive,3,3.5,15.0,40.773,25.10,249.83,0.1818,0.2326,0.0626,0.2283,0.0802,0.2546,0.0694,0.0943,0.2302,0.0929,0.1295,0.0816,0.2307,0.1696
1785439181.59,42,drive,0,4.0,15.0,40.773,25.10,249.83,0.1828,0.2317,0.0645,0.2292,0.0806,0.2522,0.0689,0.0934,0.2278,0.0924,0.1256,0.0792,0.2331,0.1676
1785439181.68,42,drive,1,4.0,15.0,40.773,25.10,249.83,0.1838,0.2317,0.0630,0.2307,0.0787,0.2551,0.0704,0.0948,0.2336,0.0973,0.1315,0.0797,0.2326,0.1662
1785439181.78,42,drive,2,4.0,15.0,40.773,25.10,249.83,0.1818,0.2307,0.0596,0.2278,0.0821,0.2537,0.0709,0.0958,0.2302,0.0958,0.1285,0.0782,0.2366,0.1676
1785439181.88,42,drive,3,4.0,15.0,40.773,25.10,249.83,0.1804,0.2331,0.0621,0.2268,0.0836,0.2517,0.0694,0.0943,0.2292,0.0953,0.1285,0.0802,0.2326,0.1657
1785439182.58,42,drive,0,4.5,15.0,40.773,25.10,249.83,0.1789,0.2283,0.0635,0.2273,0.0802,0.2527,0.0704,0.0919,0.2283,0.0938,0.1276,0.0797,0.2341,0.1667
1785439182.68,42,drive,1,4.5,15.0,40.773,25.10,249.83,0.1838,0.2287,0.0626,0.2287,0.0797,0.2566,0.0689,0.0914,0.2278,0.0943,0.1315,0.0772,0.2326,0.1613
1785439182.78,42,drive,2,4.5,15.0,40.773,25.10,249.83,0.1828,0.2302,0.0611,0.2287,0.0811,0.2522,0.0689,0.0880,0.2312,0.0934,0.1310,0.0792,0.2307,0.1696
1785439182.88,42,drive,3,4.5,15.0,40.773,25.10,249.83,0.1808,0.2341,0.0611,0.2302,0.0821,0.2517,0.0694,0.0904,0.2297,0.0948,0.1285,0.0787,0.2351,0.1662
1785439183.57,42,drive,0,5.0,15.0,40.773,25.10,249.83,0.1799,0.2287,0.0611,0.2283,0.0777,0.2576,0.0694,0.0929,0.2292,0.0963,0.1281,0.0792,0.2322,0.1696
1785439183.67,42,drive,1,5.0,15.0,40.773,25.10,249.83,0.1823,0.2263,0.0674,0.2297,0.0826,0.2571,0.0709,0.0929,0.2307,0.0968,0.1305,0.0777,0.2331,0.1681
1785439183.77,42,drive,2,5.0,15.0,40.773,25.10,249.83,0.1799,0.2273,0.0621,0.2273,0.0806,0.2532,0.0689,0.0919,0.2312,0.0992,0.1271,0.0767,0.2322,0.1662
1785439183.87,42,drive,3,5.0,15.0,40.773,25.10,249.83,0.1769,0.2307,0.0630,0.2283,0.0797,0.2522,0.0660,0.0894,0.2292,0.0948,0.1290,0.0797,0.2326,0.1672
1785439184.64,47,base,0,0.0,15.0,40.753,25.10,249.84,0.1843,0.2292,0.0621,0.2302,0.0821,0.2542,0.0699,0.0929,0.2297,0.0963,0.1290,0.0772,0.2322,0.1657
1785439184.74,47,base,1,0.0,15.0,40.753,25.10,249.84,0.1833,0.2287,0.0630,0.2263,0.0792,0.2551,0.0689,0.0904,0.2287,0.0968,0.1295,0.0792,0.2302,0.1681
1785439184.84,47,base,2,0.0,15.0,40.753,25.10,249.84,0.1799,0.2287,0.0626,0.2292,0.0821,0.2502,0.0699,0.0934,0.2302,0.0968,0.1300,0.0797,0.2336,0.1647
1785439184.94,47,base,3,0.0,15.0,40.753,25.10,249.84,0.1838,0.2307,0.0606,0.2278,0.0787,0.2546,0.0665,0.0953,0.2297,0.0968,0.1315,0.0787,0.2307,0.1691
1785439185.63,47,drive,0,0.5,15.0,40.753,25.10,249.84,0.1838,0.2287,0.0606,0.2258,0.0797,0.2527,0.0714,0.0919,0.2302,0.0968,0.1285,0.0802,0.2297,0.1696
1785439185.73,47,drive,1,0.5,15.0,40.753,25.10,249.84,0.1828,0.2297,0.0577,0.2287,0.0811,0.2561,0.0709,0.0934,0.2287,0.0968,0.1315,0.0787,0.2312,0.1686
1785439185.83,47,drive,2,0.5,15.0,40.753,25.10,249.84,0.1818,0.2297,0.0601,0.2258,0.0797,0.2542,0.0704,0.0919,0.2307,0.0953,0.1276,0.0772,0.2307,0.1618
1785439185.93,47,drive,3,0.5,15.0,40.753,25.10,249.84,0.1818,0.2312,0.0606,0.2307,0.0787,0.2507,0.0723,0.0909,0.2268,0.0978,0.1305,0.0772,0.2326,0.1681
1785439186.63,47,drive,0,1.0,15.0,40.753,25.10,249.84,0.1862,0.2307,0.0626,0.2273,0.0787,0.2551,0.0714,0.0934,0.2278,0.0938,0.1290,0.0806,0.2322,0.1652
1785439186.73,47,drive,1,1.0,15.0,40.753,25.10,249.84,0.1808,0.2297,0.0611,0.2278,0.0806,0.2517,0.0684,0.0958,0.2292,0.0953,0.1281,0.0831,0.2326,0.1637
1785439186.82,47,drive,2,1.0,15.0,40.753,25.10,249.84,0.1838,0.2283,0.0626,0.2287,0.0806,0.2493,0.0728,0.0943,0.2263,0.0968,0.1320,0.0797,0.2273,0.1691
1785439186.92,47,drive,3,1.0,15.0,40.753,25.10,249.84,0.1818,0.2302,0.0616,0.2287,0.0797,0.2522,0.0674,0.0914,0.2273,0.0934,0.1251,0.0787,0.2317,0.1686
1785439187.62,47,drive,0,1.5,15.0,40.753,25.10,249.84,0.1838,0.2263,0.0611,0.2273,0.0782,0.2522,0.0689,0.0929,0.2287,0.0953,0.1281,0.0797,0.2312,0.1696
1785439187.72,47,drive,1,1.5,15.0,40.753,25.10,249.84,0.1843,0.2307,0.0626,0.2248,0.0787,0.2532,0.0704,0.0934,0.2258,0.0948,0.1295,0.0806,0.2312,0.1681
1785439187.82,47,drive,2,1.5,15.0,40.753,25.10,249.84,0.1794,0.2297,0.0621,0.2258,0.0772,0.2498,0.0714,0.0934,0.2278,0.0934,0.1300,0.0797,0.2331,0.1681
1785439187.91,47,drive,3,1.5,15.0,40.753,25.10,249.84,0.1828,0.2326,0.0606,0.2263,0.0821,0.2532,0.0650,0.0948,0.2278,0.0919,0.1281,0.0821,0.2283,0.1681
1785439188.61,47,drive,0,2.0,15.0,40.753,25.10,249.84,0.1828,0.2283,0.0621,0.2287,0.0787,0.2512,0.0704,0.0938,0.2287,0.0943,0.1276,0.0797,0.2302,0.1691
1785439188.71,47,drive,1,2.0,15.0,40.753,25.10,249.84,0.1794,0.2302,0.0635,0.2263,0.0806,0.2512,0.0704,0.0953,0.2287,0.0953,0.1271,0.0826,0.2307,0.1672
1785439188.81,47,drive,2,2.0,15.0,40.753,25.10,249.84,0.1804,0.2287,0.0596,0.2268,0.0797,0.2498,0.0694,0.0943,0.2263,0.0948,0.1305,0.0821,0.2317,0.1667
1785439188.91,47,drive,3,2.0,15.0,40.753,25.10,249.84,0.1838,0.2287,0.0611,0.2292,0.0806,0.2522,0.0684,0.0929,0.2258,0.0997,0.1251,0.0777,0.2302,0.1647
1785439189.61,47,drive,0,2.5,15.0,40.753,25.10,249.84,0.1804,0.2292,0.0591,0.2273,0.0787,0.2522,0.0718,0.0914,0.2292,0.1002,0.1251,0.0816,0.2283,0.1681
1785439189.70,47,drive,1,2.5,15.0,40.753,25.10,249.84,0.1808,0.2278,0.0606,0.2312,0.0797,0.2527,0.0699,0.0973,0.2287,0.0948,0.1281,0.0797,0.2292,0.1672
1785439189.80,47,drive,2,2.5,15.0,40.753,25.10,249.84,0.1843,0.2283,0.0582,0.2263,0.0811,0.2527,0.0674,0.0948,0.2302,0.0948,0.1281,0.0787,0.2302,0.1701
1785439189.90,47,drive,3,2.5,15.0,40.753,25.10,249.84,0.1813,0.2297,0.0606,0.2297,0.0797,0.2527,0.0670,0.0958,0.2292,0.0958,0.1285,0.0792,0.2322,0.1662
1785439190.60,47,drive,0,3.0,15.0,40.753,25.10,249.84,0.1828,0.2307,0.0626,0.2258,0.0802,0.2532,0.0704,0.0953,0.2248,0.0978,0.1290,0.0797,0.2297,0.1652
1785439190.70,47,drive,1,3.0,15.0,40.753,25.10,249.84,0.1818,0.2297,0.0611,0.2273,0.0777,0.2517,0.0714,0.0963,0.2273,0.0982,0.1285,0.0806,0.2331,0.1711
1785439190.79,47,drive,2,3.0,15.0,40.753,25.10,249.84,0.1813,0.2268,0.0587,0.2253,0.0821,0.2537,0.0709,0.0929,0.2278,0.0943,0.1320,0.0802,0.2273,0.1676
1785439190.89,47,drive,3,3.0,15.0,40.753,25.10,249.84,0.1843,0.2273,0.0577,0.2234,0.0802,0.2473,0.0689,0.0963,0.2287,0.0938,0.1281,0.0792,0.2307,0.1613
1785439191.59,47,drive,0,3.5,15.0,40.753,25.10,249.84,0.1760,0.2297,0.0606,0.2248,0.0821,0.2532,0.0709,0.0929,0.2287,0.0973,0.1290,0.0792,0.2317,0.1672
1785439191.69,47,drive,1,3.5,15.0,40.753,25.10,249.84,0.1838,0.2278,0.0596,0.2273,0.0821,0.2512,0.0723,0.0929,0.2283,0.0958,0.1290,0.0787,0.2302,0.1691
1785439191.79,47,drive,2,3.5,15.0,40.753,25.10,249.84,0.1813,0.2322,0.0616,0.2283,0.0772,0.2502,0.0694,0.0953,0.2253,0.0938,0.1290,0.0792,0.2312,0.1701
1785439191.89,47,drive,3,3.5,15.0,40.753,25.10,249.84,0.1799,0.2263,0.0645,0.2253,0.0806,0.2527,0.0699,0.0958,0.2331,0.0953,0.1266,0.0772,0.2326,0.1691
1785439192.58,47,drive,0,4.0,15.0,40.753,25.10,249.84,0.1813,0.2292,0.0635,0.2248,0.0787,0.2532,0.0709,0.0958,0.2278,0.0968,0.1251,0.0782,0.2302,0.1672
1785439192.68,47,drive,1,4.0,15.0,40.753,25.10,249.84,0.1833,0.2307,0.0611,0.2258,0.0816,0.2512,0.0704,0.0958,0.2292,0.0997,0.1266,0.0797,0.2331,0.1681
1785439192.78,47,drive,2,4.0,15.0,40.753,25.10,249.84,0.1818,0.2287,0.0626,0.2248,0.0802,0.2537,0.0694,0.0948,0.2258,0.0943,0.1281,0.0821,0.2307,0.1696
1785439192.88,47,drive,3,4.0,15.0,40.753,25.10,249.84,0.1838,0.2273,0.0606,0.2268,0.0782,0.2512,0.0733,0.0958,0.2248,0.0963,0.1290,0.0797,0.2297,0.1672
1785439193.58,47,drive,0,4.5,15.0,40.753,25.10,249.84,0.1823,0.2268,0.0611,0.2287,0.0767,0.2537,0.0704,0.0943,0.2283,0.0963,0.1237,0.0777,0.2292,0.1672
1785439193.67,47,drive,1,4.5,15.0,40.753,25.10,249.84,0.1813,0.2287,0.0616,0.2248,0.0821,0.2512,0.0684,0.0938,0.2248,0.0958,0.1276,0.0782,0.2297,0.1667
1785439193.77,47,drive,2,4.5,15.0,40.753,25.10,249.84,0.1823,0.2273,0.0626,0.2224,0.0787,0.2542,0.0684,0.0953,0.2253,0.0958,0.1290,0.0787,0.2317,0.1681
1785439193.87,47,drive,3,4.5,15.0,40.753,25.10,249.84,0.1838,0.2278,0.0626,0.2268,0.0802,0.2551,0.0679,0.0909,0.2273,0.0958,0.1266,0.0762,0.2292,0.1672
1785439194.57,47,drive,0,5.0,15.0,40.753,25.10,249.84,0.1833,0.2263,0.0591,0.2248,0.0797,0.2502,0.0699,0.0914,0.2307,0.0973,0.1276,0.0806,0.2287,0.1662
1785439194.67,47,drive,1,5.0,15.0,40.753,25.10,249.84,0.1838,0.2278,0.0621,0.2243,0.0792,0.2507,0.0709,0.0958,0.2283,0.0973,0.1305,0.0787,0.2297,0.1691
1785439194.77,47,drive,2,5.0,15.0,40.753,25.10,249.84,0.1843,0.2297,0.0626,0.2278,0.0826,0.2488,0.0709,0.0953,0.2268,0.0953,0.1271,0.0777,0.2302,0.1662
1785439194.87,47,drive,3,5.0,15.0,40.753,25.10,249.84,0.1813,0.2278,0.0626,0.2278,0.0821,0.2522,0.0714,0.0953,0.2258,0.0968,0.1246,0.0797,0.2312,0.1652
1785439195.64,116,base,0,0.0,15.0,40.793,25.10,249.84,0.1784,0.2283,0.0621,0.2253,0.0777,0.2512,0.0674,0.0943,0.2263,0.0948,0.1256,0.0816,0.2302,0.1672
1785439195.74,116,base,1,0.0,15.0,40.793,25.10,249.84,0.1833,0.2297,0.0611,0.2268,0.0772,0.2546,0.0728,0.0948,0.2273,0.0968,0.1276,0.0767,0.2278,0.1686
1785439195.84,116,base,2,0.0,15.0,40.793,25.10,249.84,0.1852,0.2307,0.0640,0.2283,0.0816,0.2537,0.0694,0.0938,0.2248,0.0968,0.1271,0.0802,0.2312,0.1657
1785439195.94,116,base,3,0.0,15.0,40.793,25.10,249.84,0.1857,0.2273,0.0626,0.2234,0.0777,0.2517,0.0723,0.0938,0.2273,0.0973,0.1290,0.0816,0.2263,0.1676
1785439196.63,116,drive,0,0.5,15.0,40.793,25.10,249.84,0.1794,0.2292,0.0635,0.2253,0.0787,0.2502,0.0699,0.0958,0.2224,0.0958,0.1285,0.0772,0.2307,0.1672
1785439196.73,116,drive,1,0.5,15.0,40.793,25.10,249.84,0.1823,0.2297,0.0596,0.2258,0.0806,0.2512,0.0699,0.0919,0.2292,0.0968,0.1290,0.0806,0.2302,0.1725
1785439196.83,116,drive,2,0.5,15.0,40.793,25.10,249.84,0.1813,0.2287,0.0621,0.2292,0.0787,0.2517,0.0714,0.0963,0.2263,0.0963,0.1310,0.0802,0.2322,0.1657
1785439196.93,116,drive,3,0.5,15.0,40.793,25.10,249.84,0.1848,0.2273,0.0621,0.2273,0.0787,0.2507,0.0670,0.0938,0.2287,0.0987,0.1266,0.0787,0.2322,0.1701
1785439197.63,116,drive,0,1.0,15.0,40.793,25.10,249.84,0.1804,0.2302,0.0640,0.2278,0.0787,0.2498,0.0714,0.0924,0.2263,0.0968,0.1256,0.0782,0.2302,0.1672
1785439197.73,116,drive,1,1.0,15.0,40.793,25.10,249.84,0.1818,0.2292,0.0626,0.2263,0.0772,0.2532,0.0679,0.0924,0.2263,0.0953,0.1256,0.0811,0.2317,0.1676
1785439197.82,116,drive,2,1.0,15.0,40.793,25.10,249.84,0.1823,0.2263,0.0601,0.2239,0.0811,0.2522,0.0718,0.0919,0.2283,0.0963,0.1295,0.0772,0.2283,0.1652
1785439197.92,116,drive,3,1.0,15.0,40.793,25.10,249.84,0.1784,0.2302,0.0596,0.2268,0.0762,0.2537,0.0679,0.0958,0.2287,0.0953,0.1266,0.0777,0.2322,0.1691
1785439198.62,116,drive,0,1.5,15.0,40.793,25.10,249.84,0.1823,0.2307,0.0645,0.2263,0.0797,0.2502,0.0699,0.0978,0.2258,0.0987,0.1271,0.0816,0.2336,0.1701
1785439198.72,116,drive,1,1.5,15.0,40.793,25.10,249.84,0.1828,0.2268,0.0640,0.2258,0.0821,0.2527,0.0718,0.0953,0.2273,0.0948,0.1227,0.0816,0.2302,0.1667
1785439198.82,116,drive,2,1.5,15.0,40.793,25.10,249.84,0.1828,0.2239,0.0611,0.2248,0.0802,0.2507,0.0699,0.0958,0.2287,0.0968,0.1241,0.0777,0.2292,0.1696
1785439198.92,116,drive,3,1.5,15.0,40.793,25.10,249.84,0.1848,0.2268,0.0621,0.2258,0.0821,0.2488,0.0670,0.0992,0.2278,0.0968,0.1271,0.0782,0.2341,0.1681
1785439199.61,116,drive,0,2.0,15.0,40.793,25.10,249.84,0.1804,0.2283,0.0635,0.2273,0.0782,0.2498,0.0689,0.0958,0.2287,0.0924,0.1290,0.0826,0.2312,0.1716
1785439199.71,116,drive,1,2.0,15.0,40.793,25.10,249.84,0.1823,0.2302,0.0630,0.2219,0.0802,0.2527,0.0699,0.0899,0.2258,0.0978,0.1276,0.0797,0.2312,0.1706
1785439199.81,116,drive,2,2.0,15.0,40.793,25.10,249.84,0.1794,0.2268,0.0591,0.2283,0.0792,0.2507,0.0694,0.0948,0.2283,0.0963,0.1222,0.0777,0.2356,0.1696
1785439199.91,116,drive,3,2.0,15.0,40.793,25.10,249.84,0.1784,0.2292,0.0621,0.2263,0.0787,0.2507,0.0709,0.0958,0.2278,0.0963,0.1276,0.0802,0.2322,0.1667
1785439200.61,116,drive,0,2.5,15.0,40.793,25.10,249.84,0.1823,0.2302,0.0611,0.2263,0.0797,0.2532,0.0709,0.0958,0.2214,0.0978,0.1281,0.0806,0.2297,0.1647
1785439200.70,116,drive,1,2.5,15.0,40.793,25.10,249.84,0.1828,0.2253,0.0616,0.2283,0.0787,0.2507,0.0714,0.0934,0.2243,0.0968,0.1266,0.0767,0.2336,0.1681
1785439200.80,116,drive,2,2.5,15.0,40.793,25.10,249.84,0.1813,0.2287,0.0606,0.2253,0.0782,0.2498,0.0699,0.0948,0.2273,0.0978,0.1256,0.0787,0.2326,0.1701
1785439200.90,116,drive,3,2.5,15.0,40.793,25.10,249.84,0.1823,0.2302,0.0635,0.2243,0.0802,0.2502,0.0684,0.0938,0.2253,0.0968,0.1266,0.0767,0.2322,0.1672
1785439201.60,116,drive,0,3.0,15.0,40.793,25.10,249.84,0.1794,0.2287,0.0596,0.2248,0.0782,0.2507,0.0714,0.0978,0.2273,0.0987,0.1281,0.0806,0.2312,0.1637
1785439201.70,116,drive,1,3.0,15.0,40.793,25.10,249.84,0.1818,0.2302,0.0601,0.2234,0.0782,0.2537,0.0699,0.0929,0.2287,0.0982,0.1241,0.0762,0.2346,0.1711
1785439201.80,116,drive,2,3.0,15.0,40.793,25.10,249.84,0.1804,0.2278,0.0616,0.2224,0.0816,0.2507,0.0684,0.0924,0.2278,0.0982,0.1271,0.0758,0.2322,0.1725
1785439201.89,116,drive,3,3.0,15.0,40.793,25.10,249.84,0.1813,0.2287,0.0601,0.2248,0.0797,0.2522,0.0684,0.0943,0.2273,0.0973,0.1285,0.0792,0.2317,0.1681
1785439202.59,116,drive,0,3.5,15.0,40.793,25.10,249.84,0.1828,0.2283,0.0635,0.2243,0.0792,0.2512,0.0709,0.0934,0.2263,0.0963,0.1290,0.0787,0.2322,0.1691
1785439202.69,116,drive,1,3.5,15.0,40.793,25.10,249.84,0.1804,0.2258,0.0616,0.2248,0.0792,0.2507,0.0699,0.0943,0.2268,0.0978,0.1285,0.0816,0.2312,0.1662
1785439202.79,116,drive,2,3.5,15.0,40.793,25.10,249.84,0.1823,0.2263,0.0626,0.2258,0.0782,0.2527,0.0694,0.0924,0.2243,0.0987,0.1285,0.0792,0.2331,0.1701
1785439202.89,116,drive,3,3.5,15.0,40.793,25.10,249.84,0.1828,0.2253,0.0635,0.2243,0.0772,0.2507,0.0718,0.0948,0.2258,0.0987,0.1261,0.0767,0.2297,0.1667
1785439203.58,116,drive,0,4.0,15.0,40.793,25.10,249.84,0.1828,0.2273,0.0611,0.2243,0.0787,0.2483,0.0665,0.0943,0.2263,0.0978,0.1246,0.0782,0.2336,0.1676
1785439203.68,116,drive,1,4.0,15.0,40.793,25.10,249.84,0.1823,0.2273,0.0630,0.2239,0.0816,0.2527,0.0699,0.0973,0.2273,0.0973,0.1271,0.0787,0.2302,0.1701
1785439203.78,116,drive,2,4.0,15.0,40.793,25.10,249.84,0.1818,0.2297,0.0606,0.2248,0.0792,0.2551,0.0670,0.0938,0.2292,0.0992,0.1256,0.0792,0.2312,0.1676
1785439203.88,116,drive,3,4.0,15.0,40.793,25.10,249.84,0.1808,0.2287,0.0621,0.2243,0.0797,0.2507,0.0699,0.0948,0.2263,0.0953,0.1271,0.0802,0.2307,0.1701
1785439204.58,116,drive,0,4.5,15.0,40.793,25.10,249.84,0.1789,0.2292,0.0611,0.2273,0.0797,0.2532,0.0689,0.0963,0.2273,0.0958,0.1251,0.0787,0.2322,0.1657
1785439204.67,116,drive,1,4.5,15.0,40.793,25.10,249.84,0.1813,0.2287,0.0630,0.2234,0.0787,0.2507,0.0709,0.0958,0.2263,0.0953,0.1256,0.0816,0.2322,0.1711
1785439204.77,116,drive,2,4.5,15.0,40.793,25.10,249.84,0.1833,0.2283,0.0621,0.2224,0.0787,0.2532,0.0709,0.0929,0.2287,0.1007,0.1251,0.0758,0.2317,0.1672
1785439204.87,116,drive,3,4.5,15.0,40.793,25.10,249.84,0.1823,0.2278,0.0611,0.2268,0.0787,0.2498,0.0718,0.0924,0.2287,0.0953,0.1261,0.0792,0.2302,0.1676
1785439205.57,116,drive,0,5.0,15.0,40.793,25.10,249.84,0.1813,0.2278,0.0601,0.2248,0.0782,0.2522,0.0689,0.0953,0.2268,0.0978,0.1281,0.0806,0.2331,0.1672
1785439205.67,116,drive,1,5.0,15.0,40.793,25.10,249.84,0.1764,0.2307,0.0645,0.2229,0.0792,0.2507,0.0699,0.0968,0.2287,0.0953,0.1266,0.0821,0.2351,0.1672
1785439205.77,116,drive,2,5.0,15.0,40.793,25.10,249.84,0.1838,0.2278,0.0606,0.2239,0.0797,0.2522,0.0684,0.0982,0.2263,0.0987,0.1290,0.0816,0.2307,0.1701
1785439205.87,116,drive,3,5.0,15.0,40.793,25.10,249.84,0.1813,0.2268,0.0596,0.2229,0.0806,0.2498,0.0694,0.0929,0.2283,0.0992,0.1276,0.0787,0.2346,0.1662
1785439206.65,119,base,0,0.0,15.0,40.773,25.10,249.84,0.1818,0.2278,0.0596,0.2234,0.0811,0.2522,0.0699,0.0968,0.2263,0.0992,0.1266,0.0802,0.2341,0.1696
1785439206.75,119,base,1,0.0,15.0,40.773,25.10,249.84,0.1818,0.2258,0.0621,0.2234,0.0762,0.2502,0.0694,0.0982,0.2263,0.0958,0.1251,0.0787,0.2331,0.1647
1785439206.85,119,base,2,0.0,15.0,40.773,25.10,249.84,0.1794,0.2263,0.0601,0.2253,0.0782,0.2473,0.0714,0.0963,0.2278,0.0987,0.1271,0.0777,0.2341,0.1686
1785439206.94,119,base,3,0.0,15.0,40.773,25.10,249.84,0.1789,0.2268,0.0630,0.2219,0.0777,0.2522,0.0723,0.0968,0.2263,0.0997,0.1290,0.0787,0.2312,0.1657
1785439207.64,119,drive,0,0.5,15.0,40.773,25.10,249.84,0.1823,0.2273,0.0611,0.2268,0.0811,0.2522,0.0689,0.0973,0.2278,0.0992,0.1305,0.0782,0.2341,0.1652
1785439207.74,119,drive,1,0.5,15.0,40.773,25.10,249.84,0.1818,0.2317,0.0626,0.2243,0.0787,0.2546,0.0704,0.0963,0.2273,0.0987,0.1266,0.0802,0.2307,0.1672
1785439207.84,119,drive,2,0.5,15.0,40.773,25.10,249.84,0.1789,0.2268,0.0621,0.2243,0.0806,0.2512,0.0714,0.0948,0.2263,0.0968,0.1266,0.0787,0.2312,0.1662
1785439207.94,119,drive,3,0.5,15.0,40.773,25.10,249.84,0.1813,0.2287,0.0606,0.2278,0.0792,0.2498,0.0689,0.0987,0.2302,0.0948,0.1266,0.0772,0.2361,0.1691
1785439208.63,119,drive,0,1.0,15.0,40.773,25.10,249.84,0.1828,0.2258,0.0596,0.2253,0.0777,0.2527,0.0679,0.0992,0.2297,0.0978,0.1290,0.0758,0.2346,0.1667
1785439208.73,119,drive,1,1.0,15.0,40.773,25.10,249.84,0.1808,0.2297,0.0596,0.2268,0.0806,0.2532,0.0674,0.0958,0.2292,0.0973,0.1217,0.0792,0.2336,0.1686
1785439208.83,119,drive,2,1.0,15.0,40.773,25.10,249.84,0.1818,0.2283,0.0601,0.2258,0.0797,0.2502,0.0684,0.0948,0.2278,0.0982,0.1256,0.0797,0.2307,0.1686
1785439208.93,119,drive,3,1.0,15.0,40.773,25.10,249.84,0.1813,0.2307,0.0621,0.2248,0.0797,0.2493,0.0714,0.0968,0.2302,0.0978,0.1295,0.0787,0.2307,0.1696
1785439209.63,119,drive,0,1.5,15.0,40.773,25.10,249.84,0.1808,0.2268,0.0630,0.2258,0.0777,0.2502,0.0723,0.0968,0.2273,0.1007,0.1290,0.0787,0.2302,0.1691
1785439209.73,119,drive,1,1.5,15.0,40.773,25.10,249.84,0.1769,0.2297,0.0635,0.2258,0.0782,0.2512,0.0689,0.0943,0.2258,0.0973,0.1300,0.0811,0.2317,0.1667
1785439209.82,119,drive,2,1.5,15.0,40.773,25.10,249.84,0.1789,0.2302,0.0640,0.2243,0.0782,0.2517,0.0689,0.0958,0.2263,0.1002,0.1271,0.0767,0.2341,0.1667
1785439209.92,119,drive,3,1.5,15.0,40.773,25.10,249.84,0.1808,0.2307,0.0670,0.2273,0.0753,0.2502,0.0699,0.0953,0.2287,0.0968,0.1266,0.0802,0.2326,0.1647
1785439210.62,119,drive,0,2.0,15.0,40.773,25.10,249.84,0.1813,0.2283,0.0621,0.2253,0.0782,0.2488,0.0679,0.0958,0.2302,0.0982,0.1266,0.0767,0.2317,0.1672
1785439210.72,119,drive,1,2.0,15.0,40.773,25.10,249.84,0.1794,0.2243,0.0621,0.2224,0.0787,0.2522,0.0665,0.0958,0.2326,0.0968,0.1261,0.0797,0.2356,0.1676
1785439210.82,119,drive,2,2.0,15.0,40.773,25.10,249.84,0.1799,0.2278,0.0611,0.2248,0.0787,0.2522,0.0689,0.0982,0.2287,0.0958,0.1266,0.0767,0.2331,0.1657
1785439210.91,119,drive,3,2.0,15.0,40.773,25.10,249.84,0.1779,0.2263,0.0630,0.2263,0.0777,0.2517,0.0645,0.0963,0.2302,0.1007,0.1276,0.0802,0.2351,0.1681
1785439211.61,119,drive,0,2.5,15.0,40.773,25.10,249.84,0.1818,0.2263,0.0606,0.2278,0.0792,0.2502,0.0723,0.0963,0.2278,0.0978,0.1290,0.0811,0.2326,0.1716
1785439211.71,119,drive,1,2.5,15.0,40.773,25.10,249.84,0.1804,0.2253,0.0626,0.2263,0.0767,0.2546,0.0718,0.0943,0.2283,0.0973,0.1281,0.0792,0.2341,0.1652
1785439211.81,119,drive,2,2.5,15.0,40.773,25.10,249.84,0.1813,0.2287,0.0635,0.2268,0.0777,0.2527,0.0694,0.0982,0.2273,0.0958,0.1266,0.0767,0.2336,0.1696
1785439211.91,119,drive,3,2.5,15.0,40.773,25.10,249.84,0.1789,0.2243,0.0616,0.2287,0.0802,0.2493,0.0709,0.0943,0.2278,0.0978,0.1290,0.0792,0.2326,0.1701
1785439212.60,119,drive,0,3.0,15.0,40.773,25.10,249.84,0.1813,0.2278,0.0635,0.2287,0.0787,0.2502,0.0704,0.0948,0.2248,0.0968,0.1251,0.0758,0.2331,0.1681
1785439212.70,119,drive,1,3.0,15.0,40.773,25.10,249.84,0.1823,0.2253,0.0621,0.2229,0.0787,0.2517,0.0694,0.0943,0.2292,0.0968,0.1281,0.0816,0.2336,0.1647
1785439212.80,119,drive,2,3.0,15.0,40.773,25.10,249.84,0.1813,0.2273,0.0601,0.2234,0.0782,0.2522,0.0709,0.0938,0.2287,0.0973,0.1295,0.0797,0.2312,0.1681
1785439212.90,119,drive,3,3.0,15.0,40.773,25.10,249.84,0.1823,0.2268,0.0621,0.2234,0.0802,0.2522,0.0699,0.0948,0.2312,0.1007,0.1315,0.0826,0.2317,0.1672
1785439213.60,119,drive,0,3.5,15.0,40.773,25.10,249.84,0.1794,0.2253,0.0587,0.2248,0.0753,0.2502,0.0699,0.0973,0.2263,0.0978,0.1285,0.0792,0.2322,0.1672
1785439213.70,119,drive,1,3.5,15.0,40.773,25.10,249.84,0.1799,0.2263,0.0630,0.2224,0.0777,0.2537,0.0704,0.0953,0.2292,0.0953,0.1256,0.0806,0.2346,0.1652
1785439213.79,119,drive,2,3.5,15.0,40.773,25.10,249.84,0.1804,0.2297,0.0601,0.2234,0.0772,0.2522,0.0694,0.0943,0.2283,0.0963,0.1281,0.0797,0.2322,0.1686
1785439213.89,119,drive,3,3.5,15.0,40.773,25.10,249.84,0.1804,0.2234,0.0630,0.2263,0.0797,0.2517,0.0709,0.0982,0.2292,0.0987,0.1256,0.0787,0.2336,0.1696
1785439214.59,119,drive,0,4.0,15.0,40.773,25.10,249.84,0.1833,0.2253,0.0635,0.2258,0.0792,0.2512,0.0718,0.0968,0.2307,0.0992,0.1295,0.0782,0.2341,0.1691
1785439214.69,119,drive,1,4.0,15.0,40.773,25.10,249.84,0.1818,0.2278,0.0591,0.2234,0.0816,0.2551,0.0704,0.0938,0.2297,0.0968,0.1295,0.0811,0.2361,0.1667
1785439214.79,119,drive,2,4.0,15.0,40.773,25.10,249.84,0.1833,0.2287,0.0626,0.2253,0.0767,0.2502,0.0694,0.0992,0.2287,0.0953,0.1290,0.0802,0.2317,0.1676
1785439214.89,119,drive,3,4.0,15.0,40.773,25.10,249.84,0.1828,0.2268,0.0626,0.2278,0.0758,0.2498,0.0689,0.0958,0.2302,0.0963,0.1310,0.0782,0.2361,0.1696
1785439215.58,119,drive,0,4.5,15.0,40.773,25.10,249.84,0.1818,0.2273,0.0621,0.2239,0.0777,0.2512,0.0723,0.0938,0.2283,0.0987,0.1285,0.0811,0.2322,0.1711
1785439215.68,119,drive,1,4.5,15.0,40.773,25.10,249.84,0.1813,0.2263,0.0660,0.2278,0.0777,0.2532,0.0718,0.0958,0.2331,0.0968,0.1315,0.0782,0.2356,0.1637
1785439215.78,119,drive,2,4.5,15.0,40.773,25.10,249.84,0.1808,0.2268,0.0650,0.2263,0.0772,0.2517,0.0704,0.0987,0.2292,0.0958,0.1281,0.0772,0.2341,0.1691
1785439215.88,119,drive,3,4.5,15.0,40.773,25.10,249.84,0.1804,0.2278,0.0640,0.2248,0.0772,0.2512,0.0709,0.0953,0.2297,0.0973,0.1271,0.0802,0.2366,0.1652
1785439216.58,119,drive,0,5.0,15.0,40.773,25.10,249.84,0.1843,0.2283,0.0616,0.2273,0.0762,0.2502,0.0684,0.0963,0.2317,0.0958,0.1310,0.0792,0.2356,0.1711
1785439216.67,119,drive,1,5.0,15.0,40.773,25.10,249.84,0.1789,0.2243,0.0616,0.2243,0.0753,0.2507,0.0699,0.0958,0.2307,0.0978,0.1295,0.0782,0.2366,0.1711
1785439216.77,119,drive,2,5.0,15.0,40.773,25.10,249.84,0.1833,0.2273,0.0591,0.2243,0.0787,0.2527,0.0684,0.0978,0.2292,0.0953,0.1300,0.0792,0.2331,0.1681
1785439216.87,119,drive,3,5.0,15.0,40.773,25.10,249.84,0.1833,0.2307,0.0611,0.2258,0.0787,0.2537,0.0699,0.0934,0.2326,0.0987,0.1300,0.0758,0.2341,0.1652
1785439217.65,55,base,0,0.0,15.0,40.853,25.10,249.84,0.1813,0.2278,0.0562,0.2258,0.0797,0.2507,0.0679,0.0963,0.2317,0.0987,0.1290,0.0782,0.2395,0.1691
1785439217.75,55,base,1,0.0,15.0,40.853,25.10,249.84,0.1818,0.2287,0.0621,0.2204,0.0758,0.2527,0.0679,0.0978,0.2283,0.0943,0.1271,0.0821,0.2341,0.1672
1785439217.85,55,base,2,0.0,15.0,40.853,25.10,249.84,0.1794,0.2283,0.0601,0.2263,0.0787,0.2522,0.0709,0.0968,0.2336,0.0982,0.1261,0.0777,0.2361,0.1672
1785439217.94,55,base,3,0.0,15.0,40.853,25.10,249.84,0.1818,0.2268,0.0616,0.2263,0.0797,0.2522,0.0684,0.0948,0.2317,0.0958,0.1290,0.0782,0.2366,0.1676
1785439218.64,55,drive,0,0.5,15.0,40.853,25.10,249.84,0.1804,0.2283,0.0621,0.2253,0.0767,0.2458,0.0709,0.0963,0.2317,0.0963,0.1281,0.0777,0.2370,0.1686
1785439218.74,55,drive,1,0.5,15.0,40.853,25.10,249.84,0.1813,0.2248,0.0596,0.2253,0.0787,0.2527,0.0704,0.0953,0.2307,0.0958,0.1281,0.0797,0.2361,0.1667
1785439218.84,55,drive,2,0.5,15.0,40.853,25.10,249.84,0.1823,0.2268,0.0606,0.2224,0.0772,0.2537,0.0689,0.0968,0.2297,0.0938,0.1300,0.0792,0.2380,0.1657
1785439218.94,55,drive,3,0.5,15.0,40.853,25.10,249.84,0.1799,0.2292,0.0630,0.2234,0.0777,0.2522,0.0684,0.0943,0.2307,0.0982,0.1305,0.0782,0.2385,0.1657
1785439219.63,55,drive,0,1.0,15.0,40.853,25.10,249.84,0.1799,0.2278,0.0635,0.2219,0.0767,0.2507,0.0733,0.0982,0.2283,0.0968,0.1290,0.0821,0.2356,0.1691
1785439219.73,55,drive,1,1.0,15.0,40.853,25.10,249.84,0.1813,0.2258,0.0611,0.2248,0.0782,0.2522,0.0714,0.0963,0.2297,0.1007,0.1251,0.0777,0.2370,0.1686
1785439219.83,55,drive,2,1.0,15.0,40.853,25.10,249.84,0.1808,0.2224,0.0626,0.2239,0.0787,0.2483,0.0714,0.0973,0.2317,0.0968,0.1305,0.0792,0.2361,0.1681
1785439219.93,55,drive,3,1.0,15.0,40.853,25.10,249.84,0.1804,0.2292,0.0630,0.2219,0.0762,0.2493,0.0709,0.0958,0.2278,0.0958,0.1290,0.0792,0.2326,0.1676
1785439220.63,55,drive,0,1.5,15.0,40.853,25.10,249.84,0.1818,0.2268,0.0606,0.2268,0.0777,0.2498,0.0723,0.0973,0.2273,0.0958,0.1276,0.0792,0.2361,0.1681
1785439220.73,55,drive,1,1.5,15.0,40.853,25.10,249.84,0.1813,0.2268,0.0621,0.2258,0.0777,0.2527,0.0714,0.0938,0.2283,0.0987,0.1251,0.0792,0.2326,0.1706
1785439220.82,55,drive,2,1.5,15.0,40.853,25.10,249.84,0.1833,0.2287,0.0596,0.2263,0.0762,0.2498,0.0699,0.0938,0.2248,0.0982,0.1285,0.0792,0.2356,0.1686
1785439220.92,55,drive,3,1.5,15.0,40.853,25.10,249.84,0.1691,0.1911,0.0611,0.1891,0.0748,0.2155,0.0674,0.0914,0.1950,0.0850,0.1100,0.0728,0.1984,0.1662
1785439221.62,55,drive,0,2.0,15.0,40.853,25.10,249.84,0.1872,0.2449,0.0635,0.2424,0.0802,0.2698,0.0714,0.0987,0.2444,0.1017,0.1344,0.0802,0.2532,0.1681
1785439221.72,55,drive,1,2.0,15.0,40.853,25.10,249.84,0.1877,0.2410,0.0601,0.2458,0.0787,0.2649,0.0723,0.0978,0.2454,0.0987,0.1383,0.0797,0.2542,0.1667
1785439221.82,55,drive,2,2.0,15.0,40.853,25.10,249.84,0.1916,0.2537,0.0640,0.2542,0.0811,0.2732,0.0748,0.1026,0.2556,0.1031,0.1417,0.0792,0.2654,0.1686
1785439221.92,55,drive,3,2.0,15.0,40.853,25.10,249.84,0.1916,0.2414,0.0601,0.2395,0.0811,0.2654,0.0709,0.0987,0.2439,0.1046,0.1354,0.0782,0.2493,0.1672
1785439222.61,55,drive,0,2.5,15.0,40.853,25.10,249.84,0.1843,0.2400,0.0582,0.2439,0.0802,0.2605,0.0738,0.1007,0.2434,0.1017,0.1349,0.0806,0.2517,0.1672
1785439222.71,55,drive,1,2.5,15.0,40.853,25.10,249.84,0.1896,0.2390,0.0621,0.2434,0.0831,0.2620,0.0738,0.1002,0.2458,0.1017,0.1359,0.0777,0.2507,0.1691
1785439222.81,55,drive,2,2.5,15.0,40.853,25.10,249.84,0.1867,0.2410,0.0596,0.2410,0.0792,0.2639,0.0718,0.1002,0.2414,0.0992,0.1329,0.0816,0.2507,0.1691
1785439222.91,55,drive,3,2.5,15.0,40.853,25.10,249.84,0.1867,0.2414,0.0645,0.2419,0.0782,0.2620,0.0728,0.0992,0.2419,0.0997,0.1369,0.0826,0.2522,0.1681
1785439223.61,55,drive,0,3.0,15.0,40.853,25.10,249.84,0.1891,0.2419,0.0606,0.2390,0.0797,0.2610,0.0718,0.0978,0.2444,0.1007,0.1334,0.0792,0.2512,0.1676
1785439223.70,55,drive,1,3.0,15.0,40.853,25.10,249.84,0.1862,0.2390,0.0621,0.2405,0.0802,0.2649,0.0723,0.1002,0.2478,0.1031,0.1334,0.0797,0.2502,0.1642
1785439223.80,55,drive,2,3.0,15.0,40.853,25.10,249.84,0.1882,0.2439,0.0567,0.2410,0.0782,0.2659,0.0723,0.0973,0.2419,0.0992,0.1359,0.0811,0.2522,0.1657
1785439223.90,55,drive,3,3.0,15.0,40.853,25.10,249.84,0.1867,0.2419,0.0621,0.2390,0.0782,0.2630,0.0699,0.0968,0.2429,0.1002,0.1373,0.0811,0.2507,0.1701
1785439224.60,55,drive,0,3.5,15.0,40.853,25.10,249.84,0.1901,0.2419,0.0621,0.2390,0.0792,0.2644,0.0718,0.0978,0.2463,0.1002,0.1349,0.0806,0.2502,0.1676
1785439224.70,55,drive,1,3.5,15.0,40.853,25.10,249.84,0.1877,0.2380,0.0606,0.2385,0.0802,0.2703,0.0714,0.0992,0.2429,0.1017,0.1339,0.0802,0.2522,0.1706
1785439224.79,55,drive,2,3.5,15.0,40.853,25.10,249.84,0.1862,0.2390,0.0635,0.2405,0.0797,0.2649,0.0723,0.1002,0.2439,0.0992,0.1334,0.0821,0.2498,0.1681
1785439224.89,55,drive,3,3.5,15.0,40.853,25.10,249.84,0.1843,0.2410,0.0606,0.2380,0.0777,0.2654,0.0709,0.0963,0.2444,0.1017,0.1364,0.0802,0.2507,0.1711
1785439225.59,55,drive,0,4.0,15.0,40.853,25.10,249.84,0.1833,0.2395,0.0626,0.2400,0.0782,0.2610,0.0674,0.1026,0.2458,0.1022,0.1349,0.0811,0.2527,0.1672
1785439225.69,55,drive,1,4.0,15.0,40.853,25.10,249.84,0.1887,0.2444,0.0621,0.2419,0.0806,0.2644,0.0723,0.1002,0.2424,0.0992,0.1359,0.0811,0.2507,0.1657
1785439225.79,55,drive,2,4.0,15.0,40.853,25.10,249.84,0.1872,0.2380,0.0616,0.2395,0.0792,0.2678,0.0718,0.0973,0.2439,0.1026,0.1354,0.0821,0.2546,0.1672
1785439225.89,55,drive,3,4.0,15.0,40.853,25.10,249.84,0.1862,0.2414,0.0635,0.2405,0.0792,0.2639,0.0704,0.0973,0.2419,0.1051,0.1349,0.0787,0.2537,0.1662
1785439226.58,55,drive,0,4.5,15.0,40.853,25.10,249.84,0.1848,0.2414,0.0630,0.2400,0.0811,0.2644,0.0714,0.0987,0.2419,0.1056,0.1373,0.0821,0.2522,0.1691
1785439226.68,55,drive,1,4.5,15.0,40.853,25.10,249.84,0.1857,0.2410,0.0626,0.2439,0.0797,0.2625,0.0728,0.0982,0.2458,0.1012,0.1359,0.0802,0.2522,0.1681
1785439226.78,55,drive,2,4.5,15.0,40.853,25.10,249.84,0.1891,0.2410,0.0606,0.2385,0.0802,0.2659,0.0674,0.1022,0.2444,0.1007,0.1369,0.0811,0.2478,0.1686
1785439226.88,55,drive,3,4.5,15.0,40.853,25.10,249.84,0.1843,0.2414,0.0630,0.2405,0.0802,0.2654,0.0714,0.1026,0.2434,0.1022,0.1364,0.0816,0.2537,0.1696
1785439227.58,55,drive,0,5.0,15.0,40.853,25.10,249.84,0.1877,0.2405,0.0606,0.2395,0.0806,0.2654,0.0709,0.0987,0.2468,0.1026,0.1364,0.0855,0.2498,0.1676
1785439227.67,55,drive,1,5.0,15.0,40.853,25.10,249.84,0.1818,0.2385,0.0611,0.2405,0.0816,0.2674,0.0728,0.1026,0.2458,0.1017,0.1373,0.0797,0.2498,0.1691
1785439227.77,55,drive,2,5.0,15.0,40.853,25.10,249.84,0.1843,0.2405,0.0621,0.2434,0.0782,0.2630,0.0733,0.1002,0.2463,0.1012,0.1373,0.0802,0.2532,0.1696
1785439227.87,55,drive,3,5.0,15.0,40.853,25.10,249.84,0.1872,0.2414,0.0621,0.2444,0.0802,0.2610,0.0704,0.0992,0.2449,0.1002,0.1349,0.0806,0.2546,0.1662
1785439228.65,56,base,0,0.0,15.0,40.793,25.10,249.84,0.1872,0.2405,0.0660,0.2361,0.0797,0.2674,0.0718,0.0963,0.2463,0.0973,0.1383,0.0811,0.2542,0.1691
1785439228.75,56,base,1,0.0,15.0,40.793,25.10,249.84,0.1857,0.2390,0.0645,0.2434,0.0806,0.2659,0.0733,0.0992,0.2454,0.1026,0.1383,0.0767,0.2542,0.1711
1785439228.85,56,base,2,0.0,15.0,40.793,25.10,249.84,0.1838,0.2424,0.0650,0.2410,0.0772,0.2644,0.0704,0.1012,0.2463,0.1022,0.1373,0.0777,0.2566,0.1667
1785439228.95,56,base,3,0.0,15.0,40.793,25.10,249.84,0.1862,0.2434,0.0606,0.2395,0.0802,0.2625,0.0714,0.0997,0.2493,0.1026,0.1369,0.0806,0.2537,0.1672
1785439229.64,56,drive,0,0.5,15.0,40.793,25.10,249.84,0.1896,0.2410,0.0626,0.2410,0.0782,0.2649,0.0694,0.0997,0.2468,0.1026,0.1388,0.0806,0.2542,0.1676
1785439229.74,56,drive,1,0.5,15.0,40.793,25.10,249.84,0.1838,0.2429,0.0640,0.2395,0.0777,0.2639,0.0704,0.0992,0.2478,0.1007,0.1398,0.0797,0.2532,0.1662
1785439229.84,56,drive,2,0.5,15.0,40.793,25.10,249.84,0.1857,0.2429,0.0635,0.2439,0.0787,0.2634,0.0723,0.0992,0.2454,0.1012,0.1413,0.0811,0.2527,0.1652
1785439229.94,56,drive,3,0.5,15.0,40.793,25.10,249.84,0.1867,0.2419,0.0606,0.2424,0.0806,0.2639,0.0714,0.0997,0.2488,0.1036,0.1378,0.0821,0.2556,0.1696
1785439230.64,56,drive,0,1.0,15.0,40.793,25.10,249.84,0.1872,0.2410,0.0621,0.2429,0.0792,0.2639,0.0660,0.1007,0.2449,0.0987,0.1369,0.0821,0.2542,0.1662
1785439230.73,56,drive,1,1.0,15.0,40.793,25.10,249.84,0.1877,0.2395,0.0621,0.2410,0.0806,0.2669,0.0738,0.0973,0.2473,0.1026,0.1354,0.0782,0.2542,0.1647
1785439230.83,56,drive,2,1.0,15.0,40.793,25.10,249.84,0.1882,0.2429,0.0616,0.2405,0.0816,0.2654,0.0709,0.1022,0.2463,0.0997,0.1393,0.0806,0.2546,0.1672
1785439230.93,56,drive,3,1.0,15.0,40.793,25.10,249.84,0.1862,0.2414,0.0606,0.2449,0.0767,0.2634,0.0733,0.0948,0.2468,0.1022,0.1373,0.0816,0.2532,0.1667
1785439231.63,56,drive,0,1.5,15.0,40.793,25.10,249.84,0.1862,0.2483,0.0621,0.2405,0.0758,0.2654,0.0733,0.0978,0.2468,0.0978,0.1403,0.0826,0.2556,0.1672
1785439231.73,56,drive,1,1.5,15.0,40.793,25.10,249.84,0.1843,0.2434,0.0621,0.2419,0.0802,0.2659,0.0718,0.0992,0.2512,0.1036,0.1388,0.0811,0.2537,0.1706
1785439231.82,56,drive,2,1.5,15.0,40.793,25.10,249.84,0.1872,0.2424,0.0616,0.2429,0.0792,0.2669,0.0718,0.0987,0.2488,0.1022,0.1364,0.0806,0.2542,0.1676
1785439231.92,56,drive,3,1.5,15.0,40.793,25.10,249.84,0.1906,0.2410,0.0630,0.2449,0.0792,0.2674,0.0718,0.0978,0.2478,0.1012,0.1413,0.0826,0.2527,0.1706
1785439232.62,56,drive,0,2.0,15.0,40.793,25.10,249.84,0.1887,0.2429,0.0621,0.2424,0.0758,0.2654,0.0694,0.0973,0.2483,0.1026,0.1403,0.0792,0.2546,0.1618
1785439232.72,56,drive,1,2.0,15.0,40.793,25.10,249.84,0.1891,0.2390,0.0591,0.2400,0.0797,0.2669,0.0709,0.1007,0.2483,0.1036,0.1369,0.0806,0.2546,0.1681
1785439232.82,56,drive,2,2.0,15.0,40.793,25.10,249.84,0.1852,0.2414,0.0616,0.2410,0.0782,0.2630,0.0694,0.1022,0.2463,0.1041,0.1369,0.0792,0.2542,0.1691
1785439232.92,56,drive,3,2.0,15.0,40.793,25.10,249.84,0.1877,0.2434,0.0630,0.2414,0.0777,0.2654,0.0728,0.0978,0.2458,0.1041,0.1383,0.0806,0.2537,0.1672
1785439233.61,56,drive,0,2.5,15.0,40.793,25.10,249.84,0.1867,0.2419,0.0640,0.2429,0.0777,0.2620,0.0694,0.0973,0.2468,0.1017,0.1388,0.0802,0.2527,0.1696
1785439233.71,56,drive,1,2.5,15.0,40.793,25.10,249.84,0.1887,0.2405,0.0640,0.2419,0.0826,0.2654,0.0733,0.0958,0.2483,0.1017,0.1413,0.0797,0.2551,0.1681
1785439233.81,56,drive,2,2.5,15.0,40.793,25.10,249.84,0.1857,0.2419,0.0630,0.2414,0.0806,0.2693,0.0733,0.0982,0.2458,0.1017,0.1398,0.0797,0.2517,0.1681
1785439233.91,56,drive,3,2.5,15.0,40.793,25.10,249.84,0.1867,0.2395,0.0596,0.2444,0.0758,0.2669,0.0704,0.1007,0.2493,0.1036,0.1383,0.0787,0.2566,0.1691
1785439234.61,56,drive,0,3.0,15.0,40.793,25.10,249.84,0.1872,0.2478,0.0523,0.2527,0.0826,0.2542,0.0738,0.1105,0.2463,0.0904,0.1505,0.0806,0.2434,0.1672
1785439234.70,56,drive,1,3.0,15.0,40.793,25.10,249.84,0.1911,0.2483,0.0572,0.2551,0.0836,0.2674,0.0670,0.1070,0.2434,0.1002,0.1305,0.0953,0.2507,0.1642
1785439234.80,56,drive,2,3.0,15.0,40.793,25.10,249.84,0.1828,0.2283,0.0821,0.2483,0.0655,0.2703,0.0782,0.0934,0.2322,0.1124,0.1320,0.0694,0.2546,0.1706
1785439234.90,56,drive,3,3.0,15.0,40.793,25.10,249.84,0.1818,0.2346,0.0684,0.2414,0.0787,0.2551,0.0777,0.0885,0.2385,0.1036,0.1471,0.0850,0.2502,0.1701
1785439235.60,56,drive,0,3.5,15.0,40.793,25.10,249.84,0.1867,0.2380,0.0704,0.2419,0.0821,0.2625,0.0679,0.1002,0.2458,0.1012,0.1398,0.0802,0.2551,0.1720
1785439235.70,56,drive,1,3.5,15.0,40.793,25.10,249.84,0.1843,0.2410,0.0591,0.2454,0.0797,0.2634,0.0816,0.1012,0.2478,0.0973,0.1427,0.0762,0.2532,0.1681
1785439235.80,56,drive,2,3.5,15.0,40.793,25.10,249.84,0.1887,0.2424,0.0601,0.2424,0.0743,0.2620,0.0723,0.0968,0.2488,0.1022,0.1530,0.0806,0.2556,0.1672
1785439235.89,56,drive,3,3.5,15.0,40.793,25.10,249.84,0.1828,0.2439,0.0660,0.2483,0.0743,0.2644,0.0704,0.0973,0.2449,0.1022,0.1476,0.0826,0.2571,0.1647
1785439236.59,56,drive,0,4.0,15.0,40.793,25.10,249.84,0.1838,0.2463,0.0640,0.2410,0.0767,0.2669,0.0714,0.0948,0.2488,0.1036,0.1442,0.0797,0.2527,0.1662
1785439236.69,56,drive,1,4.0,15.0,40.793,25.10,249.84,0.1926,0.2429,0.0645,0.2395,0.0723,0.2634,0.0699,0.1012,0.2468,0.1139,0.1442,0.0836,0.2488,0.1676
1785439236.79,56,drive,2,4.0,15.0,40.793,25.10,249.84,0.1906,0.2454,0.0557,0.2370,0.0797,0.2683,0.0699,0.1017,0.2444,0.1026,0.1413,0.0811,0.2542,0.1667
1785439236.89,56,drive,3,4.0,15.0,40.793,25.10,249.84,0.1891,0.2478,0.0650,0.2395,0.0738,0.2674,0.0674,0.1031,0.2468,0.0978,0.1452,0.0802,0.2625,0.1686
1785439237.58,56,drive,0,4.5,15.0,40.793,25.10,249.84,0.1848,0.2498,0.0611,0.2468,0.0709,0.2669,0.0743,0.0997,0.2502,0.0978,0.1491,0.0782,0.2571,0.1574
1785439237.68,56,drive,1,4.5,15.0,40.793,25.10,249.84,0.1882,0.2527,0.0591,0.2463,0.0767,0.2654,0.0738,0.0885,0.2449,0.0963,0.1442,0.0802,0.2527,0.1711
1785439237.78,56,drive,2,4.5,15.0,40.793,25.10,249.84,0.1882,0.2380,0.0601,0.2356,0.0753,0.2717,0.0670,0.0982,0.2414,0.0992,0.1388,0.0777,0.2581,0.1632
1785439237.88,56,drive,3,4.5,15.0,40.793,25.10,249.84,0.1818,0.2429,0.0543,0.2424,0.0831,0.2605,0.0748,0.0982,0.2468,0.0982,0.1354,0.0836,0.2537,0.1774
1785439238.58,56,drive,0,5.0,15.0,40.793,25.10,249.84,0.1935,0.2395,0.0640,0.2424,0.0772,0.2703,0.0718,0.1012,0.2414,0.1041,0.1413,0.0762,0.2542,0.1618
1785439238.68,56,drive,1,5.0,15.0,40.793,25.10,249.84,0.1901,0.2414,0.0650,0.2370,0.0841,0.2654,0.0748,0.0973,0.2454,0.1041,0.1373,0.0821,0.2571,0.1686
1785439238.77,56,drive,2,5.0,15.0,40.793,25.10,249.84,0.1848,0.2434,0.0572,0.2522,0.0738,0.2630,0.0655,0.0997,0.2522,0.1012,0.1437,0.0821,0.2546,0.1672
1785439238.87,56,drive,3,5.0,15.0,40.793,25.10,249.84,0.1877,0.2424,0.0640,0.2370,0.0787,0.2664,0.0728,0.0992,0.2439,0.1090,0.1398,0.0865,0.2581,0.1657
