t,ch,phase,rep,drive_v,dbm,bfm,temp_c,mA,pd0,pd1,pd2,pd3,pd4,pd5,pd6,pd7,pd8,pd9,pd10,pd11,pd12,pd13
1785434759.87,75,base,0,0.0,15.0,25.723,25.11,163.11,0.1637,0.2141,0.0499,0.1369,0.0606,0.2366,0.0596,0.0528,0.1906,0.1388,0.1461,0.0547,0.2019,0.1540
1785434759.97,75,base,1,0.0,15.0,25.723,25.11,163.11,0.1652,0.2146,0.0533,0.1383,0.0591,0.2385,0.0606,0.0533,0.1945,0.1369,0.1496,0.0572,0.2087,0.1544
1785434760.07,75,base,2,0.0,15.0,25.723,25.11,163.11,0.1637,0.2170,0.0508,0.1398,0.0611,0.2414,0.0596,0.0503,0.1999,0.1393,0.1520,0.0567,0.2146,0.1544
1785434760.16,75,base,3,0.0,15.0,25.723,25.11,163.11,0.1662,0.2180,0.0533,0.1393,0.0606,0.2429,0.0601,0.0513,0.1975,0.1437,0.1491,0.0567,0.2131,0.1564
1785434760.86,75,drive,0,0.5,15.0,25.723,25.11,163.11,0.1716,0.2287,0.0508,0.1491,0.0640,0.2561,0.0601,0.0538,0.2067,0.1505,0.1569,0.0567,0.2180,0.1549
1785434760.96,75,drive,1,0.5,15.0,25.723,25.11,163.11,0.1676,0.2283,0.0523,0.1486,0.0630,0.2581,0.0601,0.0543,0.2102,0.1491,0.1549,0.0567,0.2214,0.1544
1785434761.06,75,drive,2,0.5,15.0,25.723,25.11,163.11,0.1686,0.2312,0.0528,0.1520,0.0635,0.2561,0.0626,0.0547,0.2126,0.1481,0.1569,0.0567,0.2219,0.1535
1785434761.15,75,drive,3,0.5,15.0,25.723,25.11,163.11,0.1711,0.2292,0.0513,0.1535,0.0630,0.2610,0.0616,0.0528,0.2111,0.1505,0.1579,0.0572,0.2199,0.1540
1785434761.85,75,drive,0,1.0,15.0,25.723,25.11,163.11,0.1696,0.2356,0.0494,0.1525,0.0630,0.2595,0.0626,0.0552,0.2141,0.1520,0.1579,0.0543,0.2239,0.1515
1785434761.95,75,drive,1,1.0,15.0,25.723,25.11,163.11,0.1701,0.2336,0.0538,0.1530,0.0635,0.2605,0.0626,0.0533,0.2097,0.1525,0.1574,0.0582,0.2209,0.1540
1785434762.04,75,drive,2,1.0,15.0,25.723,25.11,163.11,0.1711,0.2326,0.0508,0.1505,0.0645,0.2605,0.0601,0.0523,0.2102,0.1525,0.1579,0.0587,0.2209,0.1559
1785434762.14,75,drive,3,1.0,15.0,25.723,25.11,163.11,0.1676,0.2317,0.0538,0.1525,0.0616,0.2595,0.0640,0.0552,0.2116,0.1500,0.1574,0.0596,0.2253,0.1530
1785434762.84,75,drive,0,1.5,15.0,25.723,25.11,163.11,0.1696,0.2341,0.0528,0.1491,0.0606,0.2576,0.0621,0.0528,0.2165,0.1505,0.1579,0.0587,0.2317,0.1559
1785434762.94,75,drive,1,1.5,15.0,25.723,25.11,163.11,0.1711,0.2336,0.0528,0.1500,0.0630,0.2571,0.0596,0.0547,0.2175,0.1520,0.1588,0.0577,0.2326,0.1535
1785434763.03,75,drive,2,1.5,15.0,25.723,25.11,163.11,0.1711,0.2356,0.0528,0.1486,0.0611,0.2561,0.0601,0.0533,0.2180,0.1549,0.1598,0.0567,0.2341,0.1544
1785434763.13,75,drive,3,1.5,15.0,25.723,25.11,163.11,0.1696,0.2312,0.0523,0.1510,0.0596,0.2590,0.0611,0.0533,0.2195,0.1535,0.1603,0.0562,0.2375,0.1544
1785434763.83,75,drive,0,2.0,15.0,25.723,25.11,163.11,0.1686,0.2331,0.0513,0.1500,0.0596,0.2556,0.0582,0.0538,0.2278,0.1510,0.1696,0.0591,0.2449,0.1510
1785434763.93,75,drive,1,2.0,15.0,25.723,25.11,163.11,0.1681,0.2317,0.0523,0.1500,0.0587,0.2561,0.0616,0.0543,0.2243,0.1505,0.1730,0.0562,0.2463,0.1535
1785434764.03,75,drive,2,2.0,15.0,25.723,25.11,163.11,0.1701,0.2326,0.0489,0.1510,0.0611,0.2561,0.0582,0.0533,0.2253,0.1505,0.1725,0.0587,0.2454,0.1564
1785434764.12,75,drive,3,2.0,15.0,25.723,25.11,163.11,0.1676,0.2331,0.0503,0.1510,0.0611,0.2576,0.0596,0.0547,0.2273,0.1525,0.1716,0.0577,0.2449,0.1554
1785434764.82,75,drive,0,2.5,15.0,25.723,25.11,163.11,0.1676,0.2336,0.0543,0.1505,0.0587,0.2556,0.0626,0.0538,0.2151,0.1510,0.1676,0.0587,0.2390,0.1544
1785434764.92,75,drive,1,2.5,15.0,25.723,25.11,163.11,0.1691,0.2341,0.0508,0.1505,0.0621,0.2546,0.0587,0.0528,0.2165,0.1500,0.1652,0.0596,0.2366,0.1530
1785434765.02,75,drive,2,2.5,15.0,25.723,25.11,163.11,0.1681,0.2341,0.0508,0.1496,0.0596,0.2551,0.0606,0.0513,0.2121,0.1525,0.1598,0.0596,0.2346,0.1530
1785434765.11,75,drive,3,2.5,15.0,25.723,25.11,163.11,0.1686,0.2366,0.0499,0.1481,0.0621,0.2586,0.0587,0.0538,0.2126,0.1491,0.1628,0.0606,0.2346,0.1544
1785434765.81,75,drive,0,3.0,15.0,25.723,25.11,163.11,0.1691,0.2346,0.0518,0.1452,0.0650,0.2566,0.0601,0.0533,0.2077,0.1452,0.1593,0.0596,0.2331,0.1535
1785434765.91,75,drive,1,3.0,15.0,25.723,25.11,163.11,0.1696,0.2390,0.0518,0.1457,0.0630,0.2551,0.0596,0.0533,0.2063,0.1447,0.1579,0.0601,0.2307,0.1544
1785434766.01,75,drive,2,3.0,15.0,25.723,25.11,163.11,0.1672,0.2366,0.0518,0.1447,0.0626,0.2576,0.0601,0.0523,0.2087,0.1447,0.1603,0.0587,0.2336,0.1559
1785434766.11,75,drive,3,3.0,15.0,25.723,25.11,163.11,0.1657,0.2366,0.0518,0.1437,0.0635,0.2571,0.0616,0.0557,0.2077,0.1437,0.1588,0.0567,0.2331,0.1574
1785434766.80,75,drive,0,3.5,15.0,25.723,25.11,163.11,0.1662,0.2361,0.0533,0.1378,0.0640,0.2595,0.0601,0.0508,0.2087,0.1398,0.1652,0.0606,0.2390,0.1530
1785434766.90,75,drive,1,3.5,15.0,25.723,25.11,163.11,0.1672,0.2370,0.0503,0.1359,0.0660,0.2590,0.0591,0.0533,0.2097,0.1378,0.1662,0.0587,0.2385,0.1554
1785434767.00,75,drive,2,3.5,15.0,25.723,25.11,163.11,0.1672,0.2375,0.0513,0.1349,0.0640,0.2600,0.0606,0.0533,0.2058,0.1398,0.1691,0.0606,0.2370,0.1549
1785434767.09,75,drive,3,3.5,15.0,25.723,25.11,163.11,0.1647,0.2370,0.0484,0.1383,0.0665,0.2600,0.0601,0.0518,0.2053,0.1373,0.1681,0.0587,0.2370,0.1544
1785434767.79,75,drive,0,4.0,15.0,25.723,25.11,163.11,0.1701,0.2380,0.0543,0.1325,0.0640,0.2576,0.0606,0.0543,0.1979,0.1344,0.1716,0.0601,0.2268,0.1540
1785434767.89,75,drive,1,4.0,15.0,25.723,25.11,163.11,0.1681,0.2375,0.0528,0.1349,0.0626,0.2595,0.0621,0.0513,0.1960,0.1329,0.1686,0.0596,0.2248,0.1544
1785434767.99,75,drive,2,4.0,15.0,25.723,25.11,163.11,0.1642,0.2380,0.0508,0.1300,0.0645,0.2600,0.0635,0.0523,0.1935,0.1349,0.1676,0.0587,0.2243,0.1535
1785434768.08,75,drive,3,4.0,15.0,25.723,25.11,163.11,0.1657,0.2375,0.0503,0.1315,0.0616,0.2605,0.0621,0.0508,0.1916,0.1349,0.1657,0.0582,0.2209,0.1549
1785434769.00,8,base,0,0.0,15.0,40.813,25.11,250.14,0.1667,0.2366,0.0503,0.1276,0.0655,0.2576,0.0616,0.0503,0.1769,0.1354,0.1569,0.0611,0.2072,0.1544
1785434769.09,8,base,1,0.0,15.0,40.813,25.11,250.14,0.1662,0.2375,0.0518,0.1285,0.0630,0.2576,0.0606,0.0508,0.1769,0.1364,0.1574,0.0596,0.2043,0.1544
1785434769.19,8,base,2,0.0,15.0,40.813,25.11,250.14,0.1672,0.2351,0.0469,0.1266,0.0665,0.2586,0.0606,0.0552,0.1769,0.1364,0.1569,0.0562,0.2058,0.1535
1785434769.29,8,base,3,0.0,15.0,40.813,25.11,250.14,0.1657,0.2361,0.0484,0.1300,0.0616,0.2576,0.0616,0.0518,0.1774,0.1383,0.1569,0.0596,0.2038,0.1549
1785434769.99,8,drive,0,0.5,15.0,40.813,25.11,250.14,0.1637,0.2331,0.0523,0.1285,0.0630,0.2517,0.0611,0.0538,0.1774,0.1373,0.1559,0.0562,0.2072,0.1535
1785434770.09,8,drive,1,0.5,15.0,40.813,25.11,250.14,0.1637,0.2326,0.0503,0.1285,0.0640,0.2542,0.0606,0.0528,0.1794,0.1393,0.1569,0.0577,0.2092,0.1569
1785434770.18,8,drive,2,0.5,15.0,40.813,25.11,250.14,0.1647,0.2307,0.0513,0.1285,0.0606,0.2532,0.0616,0.0543,0.1784,0.1393,0.1574,0.0591,0.2092,0.1535
1785434770.28,8,drive,3,0.5,15.0,40.813,25.11,250.14,0.1632,0.2326,0.0503,0.1266,0.0611,0.2522,0.0630,0.0528,0.1794,0.1369,0.1598,0.0606,0.2121,0.1554
1785434770.98,8,drive,0,1.0,15.0,40.813,25.11,250.14,0.1623,0.2302,0.0508,0.1281,0.0601,0.2537,0.0621,0.0543,0.1872,0.1432,0.1701,0.0587,0.2243,0.1530
1785434771.08,8,drive,1,1.0,15.0,40.813,25.11,250.14,0.1632,0.2326,0.0523,0.1256,0.0606,0.2546,0.0611,0.0543,0.1877,0.1417,0.1725,0.0572,0.2204,0.1564
1785434771.17,8,drive,2,1.0,15.0,40.813,25.11,250.14,0.1613,0.2317,0.0508,0.1256,0.0596,0.2522,0.0601,0.0503,0.1882,0.1422,0.1750,0.0577,0.2219,0.1544
1785434771.27,8,drive,3,1.0,15.0,40.813,25.11,250.14,0.1632,0.2326,0.0508,0.1281,0.0572,0.2542,0.0596,0.0528,0.1872,0.1437,0.1745,0.0587,0.2229,0.1544
1785434771.97,8,drive,0,1.5,15.0,40.813,25.11,250.14,0.1593,0.2297,0.0518,0.1325,0.0582,0.2507,0.0621,0.0484,0.1823,0.1422,0.1799,0.0587,0.2180,0.1554
1785434772.07,8,drive,1,1.5,15.0,40.813,25.11,250.14,0.1613,0.2292,0.0528,0.1290,0.0596,0.2522,0.0626,0.0503,0.1818,0.1417,0.1779,0.0577,0.2195,0.1525
1785434772.17,8,drive,2,1.5,15.0,40.813,25.11,250.14,0.1642,0.2283,0.0518,0.1310,0.0601,0.2512,0.0626,0.0508,0.1804,0.1393,0.1769,0.0601,0.2160,0.1559
1785434772.26,8,drive,3,1.5,15.0,40.813,25.11,250.14,0.1623,0.2292,0.0518,0.1290,0.0591,0.2512,0.0626,0.0503,0.1784,0.1373,0.1804,0.0601,0.2160,0.1549
1785434772.96,8,drive,0,2.0,15.0,40.813,25.11,250.14,0.1623,0.2268,0.0503,0.1285,0.0587,0.2527,0.0635,0.0523,0.1720,0.1378,0.1799,0.0596,0.2097,0.1559
1785434773.06,8,drive,1,2.0,15.0,40.813,25.11,250.14,0.1584,0.2278,0.0518,0.1266,0.0577,0.2556,0.0640,0.0528,0.1716,0.1393,0.1784,0.0587,0.2072,0.1564
1785434773.16,8,drive,2,2.0,15.0,40.813,25.11,250.14,0.1593,0.2273,0.0508,0.1290,0.0601,0.2556,0.0621,0.0513,0.1740,0.1388,0.1779,0.0591,0.2092,0.1554
1785434773.25,8,drive,3,2.0,15.0,40.813,25.11,250.14,0.1598,0.2248,0.0518,0.1295,0.0601,0.2527,0.0635,0.0528,0.1750,0.1369,0.1779,0.0606,0.2097,0.1554
1785434773.95,8,drive,0,2.5,15.0,40.813,25.11,250.14,0.1588,0.2248,0.0513,0.1285,0.0626,0.2512,0.0645,0.0538,0.1764,0.1383,0.1843,0.0611,0.2121,0.1554
1785434774.05,8,drive,1,2.5,15.0,40.813,25.11,250.14,0.1613,0.2243,0.0523,0.1261,0.0572,0.2561,0.0621,0.0508,0.1769,0.1393,0.1862,0.0587,0.2126,0.1559
1785434774.15,8,drive,2,2.5,15.0,40.813,25.11,250.14,0.1574,0.2239,0.0518,0.1251,0.0611,0.2542,0.0655,0.0499,0.1774,0.1359,0.1857,0.0601,0.2155,0.1554
1785434774.24,8,drive,3,2.5,15.0,40.813,25.11,250.14,0.1608,0.2248,0.0523,0.1261,0.0630,0.2517,0.0640,0.0523,0.1784,0.1373,0.1877,0.0587,0.2155,0.1530
1785434774.94,8,drive,0,3.0,15.0,40.813,25.11,250.14,0.1598,0.2209,0.0513,0.1212,0.0640,0.2537,0.0635,0.0523,0.1838,0.1383,0.1960,0.0547,0.2204,0.1564
1785434775.04,8,drive,1,3.0,15.0,40.813,25.11,250.14,0.1588,0.2190,0.0552,0.1251,0.0616,0.2507,0.0655,0.0528,0.1857,0.1388,0.1979,0.0587,0.2219,0.1535
1785434775.14,8,drive,2,3.0,15.0,40.813,25.11,250.14,0.1598,0.2234,0.0499,0.1212,0.0626,0.2532,0.0626,0.0513,0.1862,0.1349,0.1984,0.0591,0.2214,0.1540
1785434775.24,8,drive,3,3.0,15.0,40.813,25.11,250.14,0.1608,0.2195,0.0518,0.1237,0.0645,0.2532,0.0635,0.0523,0.1848,0.1383,0.1979,0.0587,0.2190,0.1559
1785434775.93,8,drive,0,3.5,15.0,40.813,25.11,250.14,0.1593,0.2180,0.0518,0.1207,0.0645,0.2512,0.0621,0.0508,0.1891,0.1383,0.2102,0.0552,0.2209,0.1540
1785434776.03,8,drive,1,3.5,15.0,40.813,25.11,250.14,0.1584,0.2185,0.0523,0.1197,0.0670,0.2532,0.0650,0.0513,0.1877,0.1373,0.2111,0.0587,0.2195,0.1535
1785434776.13,8,drive,2,3.5,15.0,40.813,25.11,250.14,0.1598,0.2180,0.0499,0.1212,0.0665,0.2512,0.0626,0.0533,0.1891,0.1388,0.2107,0.0567,0.2185,0.1540
1785434776.23,8,drive,3,3.5,15.0,40.813,25.11,250.14,0.1593,0.2175,0.0503,0.1202,0.0630,0.2527,0.0626,0.0538,0.1882,0.1388,0.2146,0.0562,0.2209,0.1544
1785434776.93,8,drive,0,4.0,15.0,40.813,25.11,250.14,0.1574,0.2185,0.0533,0.1183,0.0650,0.2522,0.0626,0.0464,0.1896,0.1383,0.2131,0.0582,0.2195,0.1554
1785434777.02,8,drive,1,4.0,15.0,40.813,25.11,250.14,0.1574,0.2170,0.0513,0.1188,0.0645,0.2522,0.0635,0.0518,0.1882,0.1393,0.2141,0.0572,0.2175,0.1535
1785434777.12,8,drive,2,4.0,15.0,40.813,25.11,250.14,0.1579,0.2180,0.0499,0.1183,0.0660,0.2502,0.0611,0.0528,0.1901,0.1393,0.2151,0.0572,0.2160,0.1564
1785434777.22,8,drive,3,4.0,15.0,40.813,25.11,250.14,0.1554,0.2175,0.0518,0.1183,0.0640,0.2522,0.0630,0.0523,0.1872,0.1388,0.2151,0.0591,0.2165,0.1554
1785434778.01,9,base,0,0.0,15.0,40.833,25.11,250.14,0.1579,0.2180,0.0489,0.1188,0.0645,0.2546,0.0621,0.0508,0.1906,0.1422,0.2175,0.0601,0.2195,0.1544
1785434778.11,9,base,1,0.0,15.0,40.833,25.11,250.14,0.1584,0.2160,0.0533,0.1227,0.0635,0.2527,0.0645,0.0523,0.1896,0.1413,0.2195,0.0587,0.2214,0.1530
1785434778.21,9,base,2,0.0,15.0,40.833,25.11,250.14,0.1603,0.2160,0.0484,0.1212,0.0621,0.2493,0.0635,0.0494,0.1911,0.1432,0.2248,0.0601,0.2190,0.1540
1785434778.30,9,base,3,0.0,15.0,40.833,25.11,250.14,0.1579,0.2170,0.0518,0.1217,0.0621,0.2512,0.0640,0.0508,0.1896,0.1422,0.2243,0.0562,0.2195,0.1559
1785434779.00,9,drive,0,0.5,15.0,40.833,25.11,250.14,0.1584,0.2190,0.0484,0.1227,0.0630,0.2498,0.0635,0.0508,0.1955,0.1427,0.2317,0.0562,0.2268,0.1540
1785434779.10,9,drive,1,0.5,15.0,40.833,25.11,250.14,0.1598,0.2175,0.0523,0.1227,0.0621,0.2551,0.0635,0.0523,0.1955,0.1422,0.2326,0.0587,0.2278,0.1515
1785434779.20,9,drive,2,0.5,15.0,40.833,25.11,250.14,0.1579,0.2160,0.0518,0.1222,0.0626,0.2522,0.0626,0.0523,0.1950,0.1427,0.2361,0.0587,0.2263,0.1549
1785434779.30,9,drive,3,0.5,15.0,40.833,25.11,250.14,0.1603,0.2204,0.0503,0.1222,0.0630,0.2542,0.0621,0.0528,0.1965,0.1442,0.2361,0.0606,0.2258,0.1535
1785434779.99,9,drive,0,1.0,15.0,40.833,25.11,250.14,0.1608,0.2214,0.0494,0.1237,0.0645,0.2561,0.0596,0.0503,0.1979,0.1442,0.2390,0.0587,0.2273,0.1564
1785434780.09,9,drive,1,1.0,15.0,40.833,25.11,250.14,0.1603,0.2219,0.0494,0.1261,0.0630,0.2546,0.0621,0.0508,0.1975,0.1413,0.2439,0.0572,0.2283,0.1554
1785434780.19,9,drive,2,1.0,15.0,40.833,25.11,250.14,0.1588,0.2180,0.0499,0.1315,0.0674,0.2473,0.0621,0.0518,0.2009,0.1437,0.2424,0.0606,0.2292,0.1549
1785434780.29,9,drive,3,1.0,15.0,40.833,25.11,250.14,0.1608,0.2229,0.0494,0.1285,0.0655,0.2551,0.0630,0.0523,0.1979,0.1442,0.2419,0.0572,0.2287,0.1559
1785434780.99,9,drive,0,1.5,15.0,40.833,25.11,250.14,0.1603,0.2219,0.0508,0.1285,0.0660,0.2561,0.0616,0.0518,0.1979,0.1432,0.2414,0.0552,0.2258,0.1549
1785434781.08,9,drive,1,1.5,15.0,40.833,25.11,250.14,0.1618,0.2239,0.0513,0.1256,0.0655,0.2561,0.0582,0.0499,0.1984,0.1432,0.2424,0.0572,0.2248,0.1559
1785434781.18,9,drive,2,1.5,15.0,40.833,25.11,250.14,0.1637,0.2229,0.0513,0.1285,0.0670,0.2576,0.0616,0.0533,0.1965,0.1437,0.2434,0.0567,0.2234,0.1544
1785434781.28,9,drive,3,1.5,15.0,40.833,25.11,250.14,0.1603,0.2234,0.0513,0.1295,0.0670,0.2551,0.0582,0.0508,0.1979,0.1432,0.2419,0.0577,0.2248,0.1554
1785434781.98,9,drive,0,2.0,15.0,40.833,25.11,250.14,0.1588,0.2219,0.0508,0.1237,0.0655,0.2566,0.0606,0.0499,0.1960,0.1442,0.2434,0.0572,0.2219,0.1559
1785434782.07,9,drive,1,2.0,15.0,40.833,25.11,250.14,0.1593,0.2195,0.0518,0.1232,0.0679,0.2566,0.0616,0.0513,0.1955,0.1403,0.2405,0.0577,0.2224,0.1535
1785434782.17,9,drive,2,2.0,15.0,40.833,25.11,250.14,0.1574,0.2195,0.0508,0.1266,0.0645,0.2546,0.0640,0.0547,0.1979,0.1442,0.2410,0.0596,0.2248,0.1569
1785434782.27,9,drive,3,2.0,15.0,40.833,25.11,250.14,0.1613,0.2195,0.0489,0.1222,0.0679,0.2566,0.0616,0.0508,0.1975,0.1437,0.2429,0.0567,0.2214,0.1559
1785434782.96,9,drive,0,2.5,15.0,40.833,25.11,250.14,0.1598,0.2165,0.0518,0.1217,0.0665,0.2556,0.0601,0.0508,0.1984,0.1457,0.2414,0.0572,0.2234,0.1544
1785434783.06,9,drive,1,2.5,15.0,40.833,25.11,250.14,0.1579,0.2160,0.0508,0.1227,0.0704,0.2532,0.0616,0.0523,0.1999,0.1437,0.2429,0.0572,0.2214,0.1520
1785434783.16,9,drive,2,2.5,15.0,40.833,25.11,250.14,0.1593,0.2170,0.0508,0.1188,0.0665,0.2546,0.0621,0.0513,0.1999,0.1422,0.2454,0.0582,0.2224,0.1574
1785434783.26,9,drive,3,2.5,15.0,40.833,25.11,250.14,0.1608,0.2146,0.0499,0.1193,0.0694,0.2556,0.0655,0.0538,0.1989,0.1413,0.2463,0.0587,0.2195,0.1554
1785434783.95,9,drive,0,3.0,15.0,40.833,25.11,250.14,0.1579,0.2136,0.0494,0.1168,0.0665,0.2566,0.0621,0.0543,0.2058,0.1388,0.2463,0.0587,0.2258,0.1549
1785434784.05,9,drive,1,3.0,15.0,40.833,25.11,250.14,0.1588,0.2111,0.0489,0.1173,0.0684,0.2551,0.0630,0.0528,0.2063,0.1403,0.2488,0.0596,0.2214,0.1569
1785434784.15,9,drive,2,3.0,15.0,40.833,25.11,250.14,0.1593,0.2131,0.0518,0.1178,0.0660,0.2551,0.0630,0.0523,0.2048,0.1398,0.2468,0.0577,0.2234,0.1554
1785434784.25,9,drive,3,3.0,15.0,40.833,25.11,250.14,0.1593,0.2126,0.0508,0.1163,0.0679,0.2566,0.0635,0.0533,0.2023,0.1403,0.2498,0.0547,0.2248,0.1569
1785434784.94,9,drive,0,3.5,15.0,40.833,25.11,250.14,0.1608,0.2131,0.0499,0.1168,0.0665,0.2586,0.0640,0.0552,0.2033,0.1373,0.2537,0.0591,0.2219,0.1559
1785434785.04,9,drive,1,3.5,15.0,40.833,25.11,250.14,0.1584,0.2136,0.0494,0.1188,0.0665,0.2571,0.0655,0.0518,0.2063,0.1398,0.2507,0.0582,0.2224,0.1540
1785434785.14,9,drive,2,3.5,15.0,40.833,25.11,250.14,0.1588,0.2116,0.0479,0.1163,0.0660,0.2556,0.0650,0.0518,0.2063,0.1393,0.2542,0.0596,0.2219,0.1544
1785434785.24,9,drive,3,3.5,15.0,40.833,25.11,250.14,0.1603,0.2136,0.0484,0.1173,0.0650,0.2571,0.0670,0.0528,0.2028,0.1393,0.2556,0.0591,0.2214,0.1549
1785434785.93,9,drive,0,4.0,15.0,40.833,25.11,250.14,0.1593,0.2102,0.0499,0.1222,0.0660,0.2610,0.0645,0.0538,0.2048,0.1393,0.2566,0.0587,0.2175,0.1554
1785434786.03,9,drive,1,4.0,15.0,40.833,25.11,250.14,0.1608,0.2141,0.0513,0.1202,0.0665,0.2610,0.0679,0.0523,0.2067,0.1388,0.2581,0.0587,0.2190,0.1525
1785434786.13,9,drive,2,4.0,15.0,40.833,25.11,250.14,0.1598,0.2136,0.0508,0.1193,0.0650,0.2605,0.0645,0.0523,0.2053,0.1388,0.2586,0.0577,0.2151,0.1579
1785434786.22,9,drive,3,4.0,15.0,40.833,25.11,250.14,0.1584,0.2141,0.0503,0.1232,0.0679,0.2586,0.0640,0.0528,0.2067,0.1373,0.2566,0.0582,0.2160,0.1544
1785434787.01,78,base,0,0.0,15.0,40.813,25.11,250.14,0.1574,0.2126,0.0499,0.1222,0.0655,0.2625,0.0670,0.0538,0.2019,0.1403,0.2571,0.0601,0.2131,0.1554
1785434787.11,78,base,1,0.0,15.0,40.813,25.11,250.14,0.1613,0.2121,0.0489,0.1281,0.0665,0.2605,0.0635,0.0513,0.2019,0.1413,0.2586,0.0567,0.2136,0.1549
1785434787.21,78,base,2,0.0,15.0,40.813,25.11,250.14,0.1593,0.2111,0.0518,0.1251,0.0660,0.2600,0.0699,0.0528,0.2038,0.1417,0.2586,0.0596,0.2146,0.1540
1785434787.30,78,base,3,0.0,15.0,40.813,25.11,250.14,0.1593,0.2146,0.0518,0.1222,0.0670,0.2630,0.0679,0.0518,0.1989,0.1442,0.2605,0.0596,0.2131,0.1569
1785434788.00,78,drive,0,0.5,15.0,40.813,25.11,250.14,0.1584,0.2107,0.0513,0.1227,0.0645,0.2586,0.0684,0.0513,0.2028,0.1466,0.2610,0.0611,0.2121,0.1535
1785434788.10,78,drive,1,0.5,15.0,40.813,25.11,250.14,0.1603,0.2116,0.0528,0.1227,0.0665,0.2571,0.0670,0.0518,0.2033,0.1437,0.2605,0.0591,0.2126,0.1554
1785434788.20,78,drive,2,0.5,15.0,40.813,25.11,250.14,0.1603,0.2097,0.0494,0.1256,0.0674,0.2600,0.0684,0.0513,0.2033,0.1461,0.2634,0.0606,0.2121,0.1569
1785434788.29,78,drive,3,0.5,15.0,40.813,25.11,250.14,0.1584,0.2121,0.0518,0.1256,0.0640,0.2581,0.0655,0.0538,0.2028,0.1437,0.2630,0.0611,0.2121,0.1549
1785434788.99,78,drive,0,1.0,15.0,40.813,25.11,250.14,0.1574,0.2067,0.0528,0.1256,0.0674,0.2620,0.0679,0.0523,0.2023,0.1491,0.2615,0.0577,0.2116,0.1559
1785434789.09,78,drive,1,1.0,15.0,40.813,25.11,250.14,0.1608,0.2072,0.0503,0.1232,0.0660,0.2586,0.0660,0.0523,0.2019,0.1476,0.2644,0.0606,0.2111,0.1564
1785434789.19,78,drive,2,1.0,15.0,40.813,25.11,250.14,0.1628,0.2058,0.0518,0.1256,0.0665,0.2586,0.0645,0.0523,0.2023,0.1486,0.2644,0.0611,0.2121,0.1554
1785434789.29,78,drive,3,1.0,15.0,40.813,25.11,250.14,0.1588,0.2082,0.0523,0.1251,0.0645,0.2571,0.0670,0.0518,0.2019,0.1476,0.2615,0.0596,0.2131,0.1544
1785434789.98,78,drive,0,1.5,15.0,40.813,25.11,250.14,0.1579,0.2063,0.0503,0.1232,0.0665,0.2581,0.0670,0.0523,0.2009,0.1481,0.2620,0.0591,0.2087,0.1549
1785434790.08,78,drive,1,1.5,15.0,40.813,25.11,250.14,0.1598,0.2063,0.0513,0.1251,0.0650,0.2571,0.0674,0.0513,0.2009,0.1520,0.2615,0.0591,0.2087,0.1569
1785434790.18,78,drive,2,1.5,15.0,40.813,25.11,250.14,0.1598,0.2058,0.0533,0.1251,0.0645,0.2571,0.0670,0.0528,0.2019,0.1530,0.2620,0.0582,0.2107,0.1540
1785434790.27,78,drive,3,1.5,15.0,40.813,25.11,250.14,0.1598,0.2067,0.0523,0.1227,0.0635,0.2581,0.0694,0.0503,0.1984,0.1500,0.2649,0.0587,0.2077,0.1564
1785434790.97,78,drive,0,2.0,15.0,40.813,25.11,250.14,0.1613,0.2053,0.0508,0.1241,0.0684,0.2581,0.0679,0.0523,0.1970,0.1525,0.2600,0.0596,0.2082,0.1559
1785434791.07,78,drive,1,2.0,15.0,40.813,25.11,250.14,0.1584,0.2038,0.0513,0.1227,0.0689,0.2610,0.0674,0.0494,0.1970,0.1496,0.2639,0.0591,0.2053,0.1549
1785434791.16,78,drive,2,2.0,15.0,40.813,25.11,250.14,0.1603,0.2043,0.0494,0.1227,0.0679,0.2615,0.0645,0.0538,0.1975,0.1500,0.2634,0.0591,0.2048,0.1564
1785434791.26,78,drive,3,2.0,15.0,40.813,25.11,250.14,0.1608,0.2038,0.0538,0.1237,0.0665,0.2600,0.0689,0.0518,0.1965,0.1496,0.2620,0.0567,0.2072,0.1554
1785434791.96,78,drive,0,2.5,15.0,40.813,25.11,250.14,0.1574,0.2063,0.0508,0.1251,0.0650,0.2605,0.0709,0.0513,0.1945,0.1500,0.2595,0.0557,0.2009,0.1549
1785434792.06,78,drive,1,2.5,15.0,40.813,25.11,250.14,0.1598,0.2063,0.0538,0.1261,0.0699,0.2620,0.0709,0.0543,0.1935,0.1500,0.2571,0.0596,0.1999,0.1544
1785434792.16,78,drive,2,2.5,15.0,40.813,25.11,250.14,0.1628,0.2048,0.0518,0.1246,0.0699,0.2634,0.0684,0.0499,0.1926,0.1505,0.2566,0.0577,0.2019,0.1559
1785434792.25,78,drive,3,2.5,15.0,40.813,25.11,250.14,0.1613,0.2048,0.0533,0.1295,0.0665,0.2639,0.0679,0.0543,0.1926,0.1505,0.2586,0.0552,0.1994,0.1559
1785434792.95,78,drive,0,3.0,15.0,40.813,25.11,250.14,0.1613,0.2077,0.0513,0.1246,0.0694,0.2639,0.0699,0.0543,0.1916,0.1471,0.2556,0.0562,0.1965,0.1544
1785434793.05,78,drive,1,3.0,15.0,40.813,25.11,250.14,0.1584,0.2067,0.0528,0.1290,0.0709,0.2615,0.0689,0.0533,0.1901,0.1496,0.2561,0.0591,0.1984,0.1540
1785434793.15,78,drive,2,3.0,15.0,40.813,25.11,250.14,0.1623,0.2063,0.0523,0.1251,0.0694,0.2664,0.0714,0.0523,0.1896,0.1466,0.2566,0.0562,0.1984,0.1584
1785434793.24,78,drive,3,3.0,15.0,40.813,25.11,250.14,0.1608,0.2058,0.0533,0.1256,0.0689,0.2649,0.0694,0.0538,0.1906,0.1461,0.2556,0.0596,0.1960,0.1535
1785434793.94,78,drive,0,3.5,15.0,40.813,25.11,250.14,0.1608,0.2072,0.0503,0.1271,0.0694,0.2659,0.0684,0.0523,0.1916,0.1457,0.2556,0.0572,0.1945,0.1554
1785434794.04,78,drive,1,3.5,15.0,40.813,25.11,250.14,0.1603,0.2038,0.0513,0.1281,0.0709,0.2644,0.0704,0.0577,0.1887,0.1427,0.2556,0.0601,0.1926,0.1549
1785434794.14,78,drive,2,3.5,15.0,40.813,25.11,250.14,0.1628,0.2058,0.0538,0.1281,0.0694,0.2644,0.0709,0.0533,0.1940,0.1432,0.2576,0.0552,0.1950,0.1554
1785434794.24,78,drive,3,3.5,15.0,40.813,25.11,250.14,0.1628,0.2053,0.0508,0.1271,0.0694,0.2644,0.0689,0.0533,0.1935,0.1427,0.2576,0.0591,0.1935,0.1564
1785434794.93,78,drive,0,4.0,15.0,40.813,25.11,250.14,0.1613,0.2014,0.0523,0.1266,0.0689,0.2649,0.0694,0.0523,0.1940,0.1452,0.2590,0.0577,0.1911,0.1574
1785434795.03,78,drive,1,4.0,15.0,40.813,25.11,250.14,0.1618,0.2023,0.0494,0.1251,0.0704,0.2630,0.0670,0.0508,0.1935,0.1427,0.2586,0.0572,0.1926,0.1549
1785434795.12,78,drive,2,4.0,15.0,40.813,25.11,250.14,0.1637,0.2023,0.0518,0.1266,0.0684,0.2639,0.0689,0.0538,0.1935,0.1413,0.2600,0.0572,0.1921,0.1569
1785434795.22,78,drive,3,4.0,15.0,40.813,25.11,250.14,0.1613,0.2023,0.0523,0.1251,0.0689,0.2644,0.0699,0.0533,0.1921,0.1457,0.2605,0.0577,0.1887,0.1554
1785434795.99,14,base,0,0.0,15.0,40.833,25.11,250.14,0.1608,0.1999,0.0508,0.1256,0.0684,0.2634,0.0704,0.0503,0.1940,0.1422,0.2649,0.0591,0.1891,0.1549
1785434796.09,14,base,1,0.0,15.0,40.833,25.11,250.14,0.1623,0.2009,0.0528,0.1281,0.0689,0.2615,0.0704,0.0547,0.1935,0.1398,0.2630,0.0596,0.1906,0.1535
1785434796.19,14,base,2,0.0,15.0,40.833,25.11,250.14,0.1628,0.2004,0.0523,0.1246,0.0694,0.2630,0.0699,0.0538,0.1950,0.1427,0.2649,0.0577,0.1891,0.1544
1785434796.29,14,base,3,0.0,15.0,40.833,25.11,250.14,0.1613,0.2009,0.0528,0.1266,0.0699,0.2639,0.0679,0.0543,0.1940,0.1413,0.2625,0.0601,0.1896,0.1559
1785434796.99,14,drive,0,0.5,15.0,40.833,25.11,250.14,0.1618,0.2009,0.0528,0.1271,0.0709,0.2625,0.0684,0.0533,0.1926,0.1417,0.2605,0.0587,0.1843,0.1554
1785434797.08,14,drive,1,0.5,15.0,40.833,25.11,250.14,0.1647,0.1989,0.0528,0.1281,0.0689,0.2625,0.0689,0.0552,0.1950,0.1408,0.2639,0.0582,0.1828,0.1540
1785434797.18,14,drive,2,0.5,15.0,40.833,25.11,250.14,0.1628,0.2014,0.0523,0.1276,0.0733,0.2605,0.0674,0.0528,0.1931,0.1427,0.2630,0.0591,0.1848,0.1520
1785434797.28,14,drive,3,0.5,15.0,40.833,25.11,250.14,0.1613,0.2004,0.0513,0.1295,0.0699,0.2620,0.0699,0.0552,0.1916,0.1427,0.2625,0.0587,0.1838,0.1554
1785434797.98,14,drive,0,1.0,15.0,40.833,25.11,250.14,0.1628,0.2028,0.0508,0.1295,0.0699,0.2610,0.0660,0.0538,0.1940,0.1452,0.2600,0.0591,0.1813,0.1544
1785434798.08,14,drive,1,1.0,15.0,40.833,25.11,250.14,0.1628,0.2004,0.0528,0.1300,0.0670,0.2615,0.0694,0.0562,0.1940,0.1442,0.2639,0.0591,0.1808,0.1559
1785434798.18,14,drive,2,1.0,15.0,40.833,25.11,250.14,0.1628,0.1999,0.0513,0.1276,0.0704,0.2634,0.0670,0.0543,0.1926,0.1432,0.2634,0.0596,0.1828,0.1549
1785434798.32,14,drive,3,1.0,15.0,40.833,25.11,250.14,0.1637,0.2019,0.0513,0.1305,0.0699,0.2639,0.0640,0.0523,0.1935,0.1427,0.2644,0.0582,0.1813,0.1554
1785434799.02,14,drive,0,1.5,15.0,40.833,25.11,250.14,0.1628,0.2014,0.0533,0.1300,0.0699,0.2610,0.0665,0.0547,0.1950,0.1417,0.2625,0.0577,0.1794,0.1540
1785434799.12,14,drive,1,1.5,15.0,40.833,25.11,250.14,0.1628,0.1994,0.0508,0.1339,0.0689,0.2615,0.0650,0.0528,0.1950,0.1457,0.2610,0.0587,0.1774,0.1569
1785434799.22,14,drive,2,1.5,15.0,40.833,25.11,250.14,0.1618,0.2004,0.0508,0.1329,0.0689,0.2605,0.0645,0.0533,0.1911,0.1461,0.2625,0.0611,0.1774,0.1559
1785434799.32,14,drive,3,1.5,15.0,40.833,25.11,250.14,0.1637,0.1994,0.0499,0.1320,0.0694,0.2615,0.0665,0.0557,0.1935,0.1452,0.2600,0.0582,0.1769,0.1540
1785434800.02,14,drive,0,2.0,15.0,40.833,25.11,250.14,0.1628,0.2009,0.0523,0.1315,0.0679,0.2605,0.0679,0.0543,0.1916,0.1491,0.2634,0.0596,0.1750,0.1549
1785434800.11,14,drive,1,2.0,15.0,40.833,25.11,250.14,0.1598,0.1979,0.0513,0.1354,0.0684,0.2581,0.0670,0.0533,0.1931,0.1466,0.2639,0.0582,0.1755,0.1554
1785434800.21,14,drive,2,2.0,15.0,40.833,25.11,250.14,0.1618,0.1989,0.0523,0.1339,0.0670,0.2576,0.0674,0.0552,0.1896,0.1486,0.2605,0.0606,0.1750,0.1544
1785434800.31,14,drive,3,2.0,15.0,40.833,25.11,250.14,0.1628,0.1994,0.0528,0.1354,0.0684,0.2610,0.0660,0.0528,0.1926,0.1461,0.2610,0.0596,0.1740,0.1520
1785434801.01,14,drive,0,2.5,15.0,40.833,25.11,250.14,0.1623,0.1979,0.0508,0.1373,0.0660,0.2546,0.0674,0.0538,0.1911,0.1476,0.2610,0.0587,0.1740,0.1564
1785434801.11,14,drive,1,2.5,15.0,40.833,25.11,250.14,0.1623,0.1979,0.0518,0.1354,0.0655,0.2561,0.0655,0.0533,0.1921,0.1481,0.2610,0.0596,0.1760,0.1564
1785434801.20,14,drive,2,2.5,15.0,40.833,25.11,250.14,0.1628,0.1950,0.0508,0.1349,0.0694,0.2561,0.0650,0.0528,0.1931,0.1461,0.2586,0.0606,0.1745,0.1544
1785434801.30,14,drive,3,2.5,15.0,40.833,25.11,250.14,0.1613,0.1965,0.0513,0.1378,0.0660,0.2561,0.0645,0.0528,0.1891,0.1481,0.2595,0.0606,0.1750,0.1569
1785434802.00,14,drive,0,3.0,15.0,40.833,25.11,250.14,0.1608,0.1945,0.0494,0.1369,0.0665,0.2546,0.0655,0.0508,0.1940,0.1471,0.2571,0.0582,0.1789,0.1564
1785434802.10,14,drive,1,3.0,15.0,40.833,25.11,250.14,0.1613,0.1970,0.0513,0.1378,0.0655,0.2537,0.0679,0.0518,0.1906,0.1481,0.2586,0.0591,0.1764,0.1569
1785434802.19,14,drive,2,3.0,15.0,40.833,25.11,250.14,0.1632,0.1940,0.0508,0.1359,0.0694,0.2532,0.0660,0.0523,0.1916,0.1466,0.2566,0.0587,0.1755,0.1564
1785434802.29,14,drive,3,3.0,15.0,40.833,25.11,250.14,0.1618,0.1955,0.0508,0.1369,0.0684,0.2517,0.0640,0.0489,0.1921,0.1481,0.2581,0.0611,0.1755,0.1574
1785434802.99,14,drive,0,3.5,15.0,40.833,25.11,250.14,0.1628,0.1940,0.0533,0.1373,0.0670,0.2517,0.0674,0.0518,0.1877,0.1471,0.2600,0.0587,0.1769,0.1569
1785434803.09,14,drive,1,3.5,15.0,40.833,25.11,250.14,0.1603,0.1940,0.0508,0.1364,0.0689,0.2498,0.0674,0.0528,0.1926,0.1447,0.2615,0.0606,0.1760,0.1549
1785434803.18,14,drive,2,3.5,15.0,40.833,25.11,250.14,0.1613,0.1916,0.0484,0.1378,0.0679,0.2488,0.0660,0.0538,0.1906,0.1442,0.2586,0.0616,0.1745,0.1574
1785434803.28,14,drive,3,3.5,15.0,40.833,25.11,250.14,0.1598,0.1911,0.0508,0.1344,0.0679,0.2507,0.0665,0.0543,0.1891,0.1432,0.2586,0.0611,0.1755,0.1564
1785434803.98,14,drive,0,4.0,15.0,40.833,25.11,250.14,0.1628,0.1906,0.0503,0.1378,0.0684,0.2488,0.0650,0.0513,0.1891,0.1447,0.2595,0.0577,0.1735,0.1564
1785434804.08,14,drive,1,4.0,15.0,40.833,25.11,250.14,0.1593,0.1921,0.0543,0.1383,0.0674,0.2483,0.0689,0.0538,0.1877,0.1413,0.2595,0.0616,0.1760,0.1535
1785434804.18,14,drive,2,4.0,15.0,40.833,25.11,250.14,0.1603,0.1891,0.0503,0.1373,0.0679,0.2478,0.0670,0.0547,0.1887,0.1437,0.2590,0.0601,0.1750,0.1564
1785434804.27,14,drive,3,4.0,15.0,40.833,25.11,250.14,0.1588,0.1911,0.0513,0.1369,0.0679,0.2488,0.0660,0.0533,0.1872,0.1422,0.2600,0.0601,0.1760,0.1549
1785434805.07,80,base,0,0.0,15.0,40.833,25.11,250.13,0.1608,0.1882,0.0518,0.1383,0.0709,0.2488,0.0674,0.0523,0.1848,0.1398,0.2590,0.0596,0.1696,0.1540
1785434805.17,80,base,1,0.0,15.0,40.833,25.11,250.13,0.1588,0.1916,0.0508,0.1354,0.0709,0.2483,0.0674,0.0499,0.1872,0.1413,0.2576,0.0587,0.1716,0.1559
1785434805.27,80,base,2,0.0,15.0,40.833,25.11,250.13,0.1598,0.1882,0.0523,0.1388,0.0699,0.2478,0.0665,0.0513,0.1843,0.1408,0.2566,0.0611,0.1706,0.1564
1785434805.36,80,base,3,0.0,15.0,40.833,25.11,250.13,0.1618,0.1901,0.0499,0.1383,0.0689,0.2493,0.0660,0.0538,0.1862,0.1398,0.2571,0.0616,0.1720,0.1559
1785434806.06,80,drive,0,0.5,15.0,40.833,25.11,250.13,0.1603,0.1882,0.0489,0.1339,0.0718,0.2483,0.0674,0.0528,0.1852,0.1403,0.2551,0.0606,0.1686,0.1569
1785434806.16,80,drive,1,0.5,15.0,40.833,25.11,250.13,0.1623,0.1887,0.0508,0.1373,0.0689,0.2493,0.0670,0.0513,0.1848,0.1383,0.2537,0.0611,0.1691,0.1549
1785434806.25,80,drive,2,0.5,15.0,40.833,25.11,250.13,0.1608,0.1901,0.0528,0.1373,0.0718,0.2488,0.0679,0.0528,0.1813,0.1398,0.2566,0.0596,0.1676,0.1564
1785434806.35,80,drive,3,0.5,15.0,40.833,25.11,250.13,0.1603,0.1887,0.0508,0.1388,0.0684,0.2473,0.0684,0.0523,0.1843,0.1388,0.2551,0.0616,0.1686,0.1559
1785434807.05,80,drive,0,1.0,15.0,40.833,25.11,250.13,0.1642,0.1921,0.0528,0.1364,0.0748,0.2458,0.0689,0.0518,0.1843,0.1359,0.2532,0.0601,0.1686,0.1549
1785434807.15,80,drive,1,1.0,15.0,40.833,25.11,250.13,0.1647,0.1891,0.0503,0.1403,0.0738,0.2498,0.0665,0.0518,0.1833,0.1378,0.2542,0.0601,0.1681,0.1544
1785434807.24,80,drive,2,1.0,15.0,40.833,25.11,250.13,0.1618,0.1896,0.0513,0.1364,0.0733,0.2502,0.0679,0.0523,0.1857,0.1388,0.2522,0.0621,0.1691,0.1554
1785434807.34,80,drive,3,1.0,15.0,40.833,25.11,250.13,0.1637,0.1901,0.0489,0.1344,0.0738,0.2473,0.0670,0.0528,0.1833,0.1383,0.2517,0.0611,0.1701,0.1544
1785434808.04,80,drive,0,1.5,15.0,40.833,25.11,250.13,0.1598,0.1891,0.0523,0.1339,0.0753,0.2488,0.0679,0.0557,0.1862,0.1359,0.2517,0.0611,0.1667,0.1549
1785434808.14,80,drive,1,1.5,15.0,40.833,25.11,250.13,0.1623,0.1887,0.0538,0.1325,0.0723,0.2498,0.0670,0.0547,0.1867,0.1354,0.2527,0.0606,0.1686,0.1569
1785434808.23,80,drive,2,1.5,15.0,40.833,25.11,250.13,0.1593,0.1906,0.0508,0.1344,0.0733,0.2498,0.0679,0.0547,0.1867,0.1359,0.2522,0.0626,0.1691,0.1549
1785434808.33,80,drive,3,1.5,15.0,40.833,25.11,250.13,0.1613,0.1872,0.0533,0.1344,0.0738,0.2488,0.0670,0.0552,0.1887,0.1364,0.2537,0.0630,0.1696,0.1544
1785434809.03,80,drive,0,2.0,15.0,40.833,25.11,250.13,0.1598,0.1857,0.0518,0.1344,0.0733,0.2468,0.0674,0.0523,0.1906,0.1349,0.2546,0.0611,0.1720,0.1559
1785434809.13,80,drive,1,2.0,15.0,40.833,25.11,250.13,0.1623,0.1877,0.0513,0.1334,0.0782,0.2458,0.0650,0.0518,0.1911,0.1369,0.2522,0.0601,0.1691,0.1549
1785434809.23,80,drive,2,2.0,15.0,40.833,25.11,250.13,0.1618,0.1852,0.0523,0.1349,0.0753,0.2463,0.0679,0.0533,0.1911,0.1334,0.2537,0.0616,0.1720,0.1540
1785434809.32,80,drive,3,2.0,15.0,40.833,25.11,250.13,0.1623,0.1906,0.0528,0.1339,0.0753,0.2449,0.0670,0.0523,0.1887,0.1364,0.2532,0.0606,0.1730,0.1544
1785434810.02,80,drive,0,2.5,15.0,40.833,25.11,250.13,0.1613,0.1838,0.0538,0.1329,0.0758,0.2468,0.0655,0.0523,0.1945,0.1339,0.2561,0.0616,0.1740,0.1569
1785434810.12,80,drive,1,2.5,15.0,40.833,25.11,250.13,0.1608,0.1872,0.0523,0.1339,0.0743,0.2458,0.0665,0.0523,0.1935,0.1364,0.2571,0.0630,0.1755,0.1535
1785434810.22,80,drive,2,2.5,15.0,40.833,25.11,250.13,0.1628,0.1852,0.0503,0.1325,0.0753,0.2458,0.0674,0.0543,0.1945,0.1359,0.2551,0.0621,0.1740,0.1564
1785434810.32,80,drive,3,2.5,15.0,40.833,25.11,250.13,0.1632,0.1862,0.0523,0.1305,0.0753,0.2454,0.0665,0.0557,0.1940,0.1334,0.2546,0.0611,0.1740,0.1559
1785434811.02,80,drive,0,3.0,15.0,40.833,25.11,250.13,0.1618,0.1867,0.0503,0.1339,0.0772,0.2434,0.0645,0.0547,0.1965,0.1344,0.2556,0.0611,0.1760,0.1554
1785434811.11,80,drive,1,3.0,15.0,40.833,25.11,250.13,0.1598,0.1877,0.0513,0.1315,0.0733,0.2454,0.0689,0.0533,0.1975,0.1349,0.2605,0.0626,0.1750,0.1574
1785434811.21,80,drive,2,3.0,15.0,40.833,25.11,250.13,0.1618,0.1891,0.0508,0.1344,0.0767,0.2439,0.0655,0.0543,0.1970,0.1349,0.2581,0.0616,0.1760,0.1564
1785434811.31,80,drive,3,3.0,15.0,40.833,25.11,250.13,0.1632,0.1891,0.0528,0.1320,0.0758,0.2454,0.0645,0.0538,0.1955,0.1334,0.2586,0.0611,0.1760,0.1574
1785434812.01,80,drive,0,3.5,15.0,40.833,25.11,250.13,0.1613,0.1877,0.0508,0.1325,0.0772,0.2429,0.0650,0.0552,0.1999,0.1334,0.2600,0.0616,0.1760,0.1554
1785434812.10,80,drive,1,3.5,15.0,40.833,25.11,250.13,0.1623,0.1882,0.0518,0.1300,0.0762,0.2414,0.0689,0.0533,0.1979,0.1339,0.2610,0.0635,0.1774,0.1549
1785434812.20,80,drive,2,3.5,15.0,40.833,25.11,250.13,0.1608,0.1857,0.0528,0.1295,0.0758,0.2439,0.0665,0.0528,0.1994,0.1329,0.2615,0.0630,0.1764,0.1559
1785434812.30,80,drive,3,3.5,15.0,40.833,25.11,250.13,0.1598,0.1823,0.0513,0.1305,0.0738,0.2434,0.0674,0.0528,0.2014,0.1329,0.2610,0.0626,0.1794,0.1559
1785434813.00,80,drive,0,4.0,15.0,40.833,25.11,250.13,0.1608,0.1843,0.0533,0.1315,0.0758,0.2405,0.0674,0.0533,0.2014,0.1349,0.2654,0.0630,0.1774,0.1559
1785434813.10,80,drive,1,4.0,15.0,40.833,25.11,250.13,0.1632,0.1857,0.0533,0.1320,0.0753,0.2439,0.0665,0.0538,0.2004,0.1344,0.2644,0.0626,0.1774,0.1549
1785434813.19,80,drive,2,4.0,15.0,40.833,25.11,250.13,0.1628,0.1848,0.0508,0.1315,0.0728,0.2410,0.0694,0.0523,0.1989,0.1329,0.2674,0.0626,0.1789,0.1559
1785434813.29,80,drive,3,4.0,15.0,40.833,25.11,250.13,0.1618,0.1848,0.0499,0.1315,0.0777,0.2434,0.0684,0.0538,0.2014,0.1325,0.2625,0.0635,0.1769,0.1554
1785434814.07,15,base,0,0.0,15.0,40.853,25.11,250.13,0.1623,0.1882,0.0528,0.1344,0.0767,0.2429,0.0660,0.0528,0.1999,0.1339,0.2615,0.0635,0.1779,0.1564
1785434814.17,15,base,1,0.0,15.0,40.853,25.11,250.13,0.1623,0.1857,0.0513,0.1334,0.0772,0.2424,0.0665,0.0543,0.1989,0.1334,0.2634,0.0645,0.1804,0.1559
1785434814.27,15,base,2,0.0,15.0,40.853,25.11,250.13,0.1608,0.1867,0.0543,0.1354,0.0733,0.2410,0.0704,0.0523,0.2009,0.1354,0.2644,0.0645,0.1769,0.1559
1785434814.37,15,base,3,0.0,15.0,40.853,25.11,250.13,0.1637,0.1872,0.0513,0.1329,0.0743,0.2419,0.0670,0.0543,0.2004,0.1334,0.2644,0.0630,0.1779,0.1540
1785434815.06,15,drive,0,0.5,15.0,40.853,25.11,250.13,0.1603,0.1862,0.0533,0.1378,0.0748,0.2439,0.0679,0.0547,0.1984,0.1344,0.2639,0.0630,0.1745,0.1540
1785434815.16,15,drive,1,0.5,15.0,40.853,25.11,250.13,0.1637,0.1887,0.0533,0.1364,0.0753,0.2439,0.0660,0.0533,0.1999,0.1334,0.2639,0.0630,0.1784,0.1564
1785434815.26,15,drive,2,0.5,15.0,40.853,25.11,250.13,0.1652,0.1887,0.0528,0.1344,0.0762,0.2414,0.0655,0.0543,0.1979,0.1354,0.2615,0.0621,0.1774,0.1549
1785434815.36,15,drive,3,0.5,15.0,40.853,25.11,250.13,0.1637,0.1862,0.0494,0.1344,0.0738,0.2454,0.0655,0.0547,0.1984,0.1369,0.2659,0.0655,0.1764,0.1564
1785434816.06,15,drive,0,1.0,15.0,40.853,25.11,250.13,0.1652,0.1911,0.0513,0.1388,0.0758,0.2429,0.0679,0.0567,0.2004,0.1359,0.2644,0.0650,0.1760,0.1540
1785434816.15,15,drive,1,1.0,15.0,40.853,25.11,250.13,0.1667,0.1931,0.0508,0.1393,0.0753,0.2439,0.0670,0.0508,0.1989,0.1349,0.2605,0.0616,0.1774,0.1574
1785434816.25,15,drive,2,1.0,15.0,40.853,25.11,250.13,0.1637,0.1906,0.0513,0.1417,0.0748,0.2449,0.0684,0.0538,0.1975,0.1344,0.2630,0.0635,0.1774,0.1549
1785434816.35,15,drive,3,1.0,15.0,40.853,25.11,250.13,0.1623,0.1891,0.0543,0.1403,0.0728,0.2424,0.0674,0.0538,0.1965,0.1334,0.2630,0.0655,0.1784,0.1559
1785434817.05,15,drive,0,1.5,15.0,40.853,25.11,250.13,0.1652,0.1945,0.0533,0.1408,0.0733,0.2463,0.0689,0.0538,0.1955,0.1369,0.2630,0.0660,0.1764,0.1569
1785434817.15,15,drive,1,1.5,15.0,40.853,25.11,250.13,0.1652,0.1940,0.0518,0.1427,0.0733,0.2473,0.0684,0.0518,0.1950,0.1369,0.2659,0.0640,0.1764,0.1554
1785434817.24,15,drive,2,1.5,15.0,40.853,25.11,250.13,0.1657,0.1950,0.0518,0.1417,0.0723,0.2468,0.0689,0.0547,0.1960,0.1393,0.2644,0.0640,0.1789,0.1559
1785434817.34,15,drive,3,1.5,15.0,40.853,25.11,250.13,0.1642,0.1945,0.0513,0.1427,0.0758,0.2454,0.0660,0.0543,0.1960,0.1354,0.2649,0.0630,0.1745,0.1544
1785434818.04,15,drive,0,2.0,15.0,40.853,25.11,250.13,0.1672,0.1950,0.0528,0.1452,0.0748,0.2458,0.0694,0.0538,0.1984,0.1364,0.2649,0.0621,0.1764,0.1574
1785434818.14,15,drive,1,2.0,15.0,40.853,25.11,250.13,0.1628,0.1955,0.0513,0.1452,0.0718,0.2449,0.0699,0.0528,0.1960,0.1359,0.2659,0.0645,0.1779,0.1515
1785434818.24,15,drive,2,2.0,15.0,40.853,25.11,250.13,0.1662,0.1955,0.0494,0.1427,0.0728,0.2454,0.0665,0.0528,0.1965,0.1393,0.2683,0.0630,0.1784,0.1549
1785434818.33,15,drive,3,2.0,15.0,40.853,25.11,250.13,0.1652,0.1965,0.0484,0.1461,0.0723,0.2498,0.0699,0.0543,0.1970,0.1373,0.2664,0.0650,0.1764,0.1549
1785434819.03,15,drive,0,2.5,15.0,40.853,25.11,250.13,0.1657,0.1931,0.0513,0.1481,0.0714,0.2473,0.0670,0.0552,0.1999,0.1364,0.2659,0.0640,0.1784,0.1525
1785434819.13,15,drive,1,2.5,15.0,40.853,25.11,250.13,0.1628,0.1955,0.0528,0.1481,0.0689,0.2449,0.0699,0.0543,0.1994,0.1393,0.2649,0.0635,0.1799,0.1540
1785434819.23,15,drive,2,2.5,15.0,40.853,25.11,250.13,0.1642,0.1940,0.0533,0.1476,0.0718,0.2458,0.0679,0.0523,0.1994,0.1378,0.2659,0.0626,0.1779,0.1569
1785434819.33,15,drive,3,2.5,15.0,40.853,25.11,250.13,0.1667,0.1931,0.0513,0.1481,0.0704,0.2463,0.0684,0.0523,0.2014,0.1398,0.2654,0.0630,0.1784,0.1540
1785434820.02,15,drive,0,3.0,15.0,40.853,25.11,250.13,0.1676,0.1950,0.0543,0.1500,0.0709,0.2468,0.0694,0.0523,0.2009,0.1413,0.2669,0.0630,0.1808,0.1559
1785434820.12,15,drive,1,3.0,15.0,40.853,25.11,250.13,0.1628,0.1950,0.0523,0.1481,0.0694,0.2473,0.0684,0.0533,0.2023,0.1408,0.2688,0.0626,0.1808,0.1544
1785434820.22,15,drive,2,3.0,15.0,40.853,25.11,250.13,0.1647,0.1950,0.0503,0.1505,0.0709,0.2463,0.0704,0.0552,0.2019,0.1388,0.2693,0.0630,0.1823,0.1564
1785434820.32,15,drive,3,3.0,15.0,40.853,25.11,250.13,0.1647,0.1965,0.0518,0.1481,0.0718,0.2458,0.0714,0.0528,0.2004,0.1398,0.2698,0.0650,0.1833,0.1540
1785434821.02,15,drive,0,3.5,15.0,40.853,25.11,250.13,0.1662,0.1955,0.0499,0.1535,0.0723,0.2463,0.0679,0.0538,0.2033,0.1417,0.2678,0.0655,0.1804,0.1559
1785434821.11,15,drive,1,3.5,15.0,40.853,25.11,250.13,0.1672,0.1950,0.0533,0.1500,0.0694,0.2444,0.0679,0.0538,0.2048,0.1442,0.2698,0.0626,0.1813,0.1559
1785434821.21,15,drive,2,3.5,15.0,40.853,25.11,250.13,0.1637,0.1970,0.0503,0.1510,0.0694,0.2439,0.0718,0.0567,0.2053,0.1408,0.2722,0.0650,0.1838,0.1540
1785434821.31,15,drive,3,3.5,15.0,40.853,25.11,250.13,0.1652,0.1945,0.0518,0.1535,0.0723,0.2454,0.0699,0.0552,0.2043,0.1422,0.2693,0.0640,0.1813,0.1554
1785434822.01,15,drive,0,4.0,15.0,40.853,25.11,250.13,0.1667,0.1940,0.0508,0.1500,0.0728,0.2439,0.0728,0.0557,0.2053,0.1432,0.2717,0.0635,0.1838,0.1535
1785434822.11,15,drive,1,4.0,15.0,40.853,25.11,250.13,0.1662,0.1931,0.0528,0.1510,0.0718,0.2429,0.0689,0.0552,0.2067,0.1471,0.2713,0.0630,0.1818,0.1554
1785434822.20,15,drive,2,4.0,15.0,40.853,25.11,250.13,0.1642,0.1940,0.0513,0.1481,0.0738,0.2439,0.0694,0.0538,0.2048,0.1461,0.2727,0.0611,0.1843,0.1554
1785434822.30,15,drive,3,4.0,15.0,40.853,25.11,250.13,0.1662,0.1945,0.0533,0.1486,0.0723,0.2449,0.0694,0.0523,0.2053,0.1476,0.2693,0.0616,0.1833,0.1559
1785434823.12,17,base,0,0.0,15.0,40.813,25.11,250.13,0.1667,0.1940,0.0533,0.1515,0.0704,0.2414,0.0714,0.0543,0.2053,0.1452,0.2752,0.0621,0.1818,0.1540
1785434823.22,17,base,1,0.0,15.0,40.813,25.11,250.13,0.1632,0.1960,0.0528,0.1510,0.0718,0.2439,0.0699,0.0547,0.2048,0.1471,0.2732,0.0635,0.1823,0.1559
1785434823.32,17,base,2,0.0,15.0,40.813,25.11,250.13,0.1657,0.1926,0.0518,0.1496,0.0723,0.2444,0.0679,0.0538,0.2067,0.1481,0.2722,0.0635,0.1818,0.1540
1785434823.41,17,base,3,0.0,15.0,40.813,25.11,250.13,0.1647,0.1979,0.0533,0.1520,0.0709,0.2434,0.0709,0.0543,0.2058,0.1466,0.2747,0.0645,0.1833,0.1540
1785434824.11,17,drive,0,0.5,15.0,40.813,25.11,250.13,0.1657,0.1945,0.0533,0.1525,0.0738,0.2424,0.0718,0.0567,0.2053,0.1461,0.2742,0.0630,0.1808,0.1554
1785434824.21,17,drive,1,0.5,15.0,40.813,25.11,250.13,0.1667,0.1965,0.0513,0.1515,0.0723,0.2454,0.0689,0.0543,0.2063,0.1496,0.2713,0.0645,0.1804,0.1549
1785434824.30,17,drive,2,0.5,15.0,40.813,25.11,250.13,0.1667,0.1935,0.0513,0.1549,0.0743,0.2414,0.0709,0.0567,0.2048,0.1476,0.2703,0.0635,0.1808,0.1564
1785434824.40,17,drive,3,0.5,15.0,40.813,25.11,250.13,0.1637,0.1965,0.0513,0.1535,0.0718,0.2424,0.0709,0.0567,0.2048,0.1471,0.2727,0.0650,0.1799,0.1554
1785434825.10,17,drive,0,1.0,15.0,40.813,25.11,250.13,0.1672,0.1955,0.0518,0.1525,0.0714,0.2419,0.0699,0.0562,0.2072,0.1481,0.2688,0.0650,0.1774,0.1554
1785434825.20,17,drive,1,1.0,15.0,40.813,25.11,250.13,0.1667,0.1950,0.0499,0.1540,0.0758,0.2429,0.0714,0.0567,0.2053,0.1496,0.2717,0.0645,0.1784,0.1559
1785434825.30,17,drive,2,1.0,15.0,40.813,25.11,250.13,0.1662,0.1960,0.0508,0.1544,0.0699,0.2434,0.0709,0.0538,0.2048,0.1496,0.2722,0.0630,0.1789,0.1554
1785434825.39,17,drive,3,1.0,15.0,40.813,25.11,250.13,0.1657,0.1931,0.0503,0.1530,0.0714,0.2434,0.0718,0.0557,0.2067,0.1491,0.2717,0.0640,0.1808,0.1579
1785434826.09,17,drive,0,1.5,15.0,40.813,25.11,250.13,0.1662,0.1975,0.0508,0.1530,0.0753,0.2419,0.0689,0.0533,0.2038,0.1486,0.2688,0.0626,0.1769,0.1569
1785434826.19,17,drive,1,1.5,15.0,40.813,25.11,250.13,0.1652,0.1965,0.0508,0.1554,0.0714,0.2414,0.0723,0.0562,0.2028,0.1486,0.2708,0.0611,0.1774,0.1544
1785434826.29,17,drive,2,1.5,15.0,40.813,25.11,250.13,0.1662,0.1950,0.0499,0.1549,0.0748,0.2444,0.0709,0.0547,0.2058,0.1481,0.2664,0.0640,0.1784,0.1544
1785434826.38,17,drive,3,1.5,15.0,40.813,25.11,250.13,0.1676,0.1940,0.0513,0.1544,0.0748,0.2454,0.0733,0.0538,0.2033,0.1471,0.2688,0.0650,0.1774,0.1540
1785434827.08,17,drive,0,2.0,15.0,40.813,25.11,250.13,0.1672,0.1965,0.0513,0.1569,0.0753,0.2444,0.0704,0.0533,0.2048,0.1491,0.2664,0.0635,0.1784,0.1559
1785434827.18,17,drive,1,2.0,15.0,40.813,25.11,250.13,0.1657,0.1950,0.0518,0.1554,0.0772,0.2429,0.0738,0.0557,0.2053,0.1471,0.2634,0.0626,0.1784,0.1564
1785434827.28,17,drive,2,2.0,15.0,40.813,25.11,250.13,0.1667,0.1970,0.0528,0.1540,0.0762,0.2458,0.0704,0.0567,0.2038,0.1491,0.2669,0.0630,0.1774,0.1579
1785434827.37,17,drive,3,2.0,15.0,40.813,25.11,250.13,0.1657,0.2014,0.0528,0.1520,0.0762,0.2488,0.0694,0.0543,0.2048,0.1500,0.2659,0.0640,0.1764,0.1549
1785434828.07,17,drive,0,2.5,15.0,40.813,25.11,250.13,0.1657,0.1965,0.0513,0.1554,0.0767,0.2463,0.0718,0.0562,0.2058,0.1476,0.2639,0.0635,0.1769,0.1574
1785434828.17,17,drive,1,2.5,15.0,40.813,25.11,250.13,0.1667,0.1970,0.0518,0.1559,0.0748,0.2458,0.0723,0.0552,0.2063,0.1481,0.2659,0.0640,0.1774,0.1554
1785434828.26,17,drive,2,2.5,15.0,40.813,25.11,250.13,0.1696,0.1979,0.0518,0.1559,0.0743,0.2473,0.0709,0.0547,0.2063,0.1466,0.2674,0.0645,0.1769,0.1549
1785434828.36,17,drive,3,2.5,15.0,40.813,25.11,250.13,0.1691,0.1989,0.0499,0.1564,0.0758,0.2458,0.0709,0.0572,0.2033,0.1486,0.2634,0.0640,0.1760,0.1554
1785434829.06,17,drive,0,3.0,15.0,40.813,25.11,250.13,0.1681,0.1979,0.0513,0.1569,0.0758,0.2468,0.0718,0.0577,0.2048,0.1476,0.2625,0.0635,0.1750,0.1569
1785434829.16,17,drive,1,3.0,15.0,40.813,25.11,250.13,0.1681,0.2004,0.0503,0.1564,0.0782,0.2468,0.0679,0.0557,0.2072,0.1481,0.2620,0.0635,0.1779,0.1554
1785434829.26,17,drive,2,3.0,15.0,40.813,25.11,250.13,0.1701,0.2004,0.0518,0.1584,0.0772,0.2463,0.0728,0.0538,0.2058,0.1452,0.2625,0.0626,0.1750,0.1549
1785434829.35,17,drive,3,3.0,15.0,40.813,25.11,250.13,0.1672,0.2019,0.0499,0.1559,0.0753,0.2463,0.0743,0.0552,0.2048,0.1452,0.2625,0.0616,0.1774,0.1549
1785434830.05,17,drive,0,3.5,15.0,40.813,25.11,250.13,0.1667,0.2019,0.0523,0.1593,0.0767,0.2473,0.0733,0.0528,0.2072,0.1461,0.2630,0.0635,0.1764,0.1559
1785434830.15,17,drive,1,3.5,15.0,40.813,25.11,250.13,0.1696,0.1999,0.0513,0.1588,0.0772,0.2454,0.0699,0.0547,0.2063,0.1471,0.2586,0.0640,0.1774,0.1549
1785434830.25,17,drive,2,3.5,15.0,40.813,25.11,250.13,0.1681,0.2038,0.0508,0.1588,0.0777,0.2507,0.0689,0.0528,0.2072,0.1452,0.2595,0.0645,0.1760,0.1535
1785434830.35,17,drive,3,3.5,15.0,40.813,25.11,250.13,0.1676,0.2028,0.0523,0.1598,0.0767,0.2478,0.0718,0.0557,0.2063,0.1442,0.2620,0.0635,0.1760,0.1559
1785434831.04,17,drive,0,4.0,15.0,40.813,25.11,250.13,0.1681,0.2009,0.0523,0.1608,0.0762,0.2483,0.0714,0.0538,0.2082,0.1447,0.2595,0.0674,0.1794,0.1564
1785434831.14,17,drive,1,4.0,15.0,40.813,25.11,250.13,0.1686,0.2053,0.0518,0.1574,0.0758,0.2493,0.0709,0.0547,0.2111,0.1432,0.2605,0.0640,0.1764,0.1549
1785434831.24,17,drive,2,4.0,15.0,40.813,25.11,250.13,0.1691,0.2033,0.0523,0.1588,0.0772,0.2483,0.0709,0.0562,0.2092,0.1432,0.2600,0.0660,0.1784,0.1559
1785434831.34,17,drive,3,4.0,15.0,40.813,25.11,250.13,0.1706,0.2028,0.0503,0.1598,0.0748,0.2483,0.0723,0.0543,0.2087,0.1422,0.2605,0.0621,0.1784,0.1569
1785434832.15,88,base,0,0.0,15.0,40.813,25.11,250.13,0.1676,0.2053,0.0494,0.1608,0.0753,0.2502,0.0723,0.0567,0.2087,0.1422,0.2625,0.0645,0.1804,0.1540
1785434832.25,88,base,1,0.0,15.0,40.813,25.11,250.13,0.1676,0.2072,0.0508,0.1598,0.0772,0.2478,0.0743,0.0567,0.2111,0.1408,0.2595,0.0635,0.1823,0.1559
1785434832.35,88,base,2,0.0,15.0,40.813,25.11,250.13,0.1667,0.2043,0.0499,0.1618,0.0743,0.2493,0.0728,0.0567,0.2092,0.1427,0.2610,0.0660,0.1823,0.1520
1785434832.44,88,base,3,0.0,15.0,40.813,25.11,250.13,0.1681,0.2023,0.0518,0.1598,0.0758,0.2493,0.0728,0.0557,0.2082,0.1417,0.2639,0.0674,0.1784,0.1530
1785434833.14,88,drive,0,0.5,15.0,40.813,25.11,250.13,0.1676,0.2028,0.0528,0.1603,0.0738,0.2512,0.0743,0.0533,0.2092,0.1393,0.2639,0.0655,0.1843,0.1564
1785434833.24,88,drive,1,0.5,15.0,40.813,25.11,250.13,0.1691,0.2067,0.0513,0.1613,0.0753,0.2522,0.0714,0.0533,0.2121,0.1408,0.2630,0.0650,0.1813,0.1554
1785434833.34,88,drive,2,0.5,15.0,40.813,25.11,250.13,0.1691,0.2058,0.0499,0.1632,0.0782,0.2517,0.0728,0.0523,0.2087,0.1398,0.2625,0.0650,0.1808,0.1564
1785434833.43,88,drive,3,0.5,15.0,40.813,25.11,250.13,0.1701,0.2067,0.0518,0.1623,0.0762,0.2507,0.0748,0.0557,0.2102,0.1398,0.2595,0.0640,0.1808,0.1564
1785434834.13,88,drive,0,1.0,15.0,40.813,25.11,250.13,0.1711,0.2048,0.0494,0.1628,0.0772,0.2488,0.0738,0.0557,0.2126,0.1388,0.2615,0.0674,0.1818,0.1554
1785434834.23,88,drive,1,1.0,15.0,40.813,25.11,250.13,0.1686,0.2033,0.0528,0.1632,0.0738,0.2493,0.0709,0.0552,0.2097,0.1398,0.2644,0.0650,0.1804,0.1530
1785434834.33,88,drive,2,1.0,15.0,40.813,25.11,250.13,0.1676,0.2077,0.0508,0.1657,0.0753,0.2488,0.0733,0.0543,0.2116,0.1413,0.2600,0.0655,0.1828,0.1569
1785434834.43,88,drive,3,1.0,15.0,40.813,25.11,250.13,0.1706,0.2067,0.0518,0.1632,0.0748,0.2488,0.0714,0.0562,0.2111,0.1383,0.2630,0.0684,0.1843,0.1559
1785434835.12,88,drive,0,1.5,15.0,40.813,25.11,250.13,0.1691,0.2058,0.0538,0.1642,0.0723,0.2493,0.0723,0.0543,0.2097,0.1403,0.2644,0.0650,0.1818,0.1544
1785434835.22,88,drive,1,1.5,15.0,40.813,25.11,250.13,0.1696,0.2072,0.0528,0.1647,0.0748,0.2507,0.0709,0.0552,0.2092,0.1393,0.2644,0.0645,0.1818,0.1569
1785434835.32,88,drive,2,1.5,15.0,40.813,25.11,250.13,0.1676,0.2082,0.0518,0.1647,0.0728,0.2502,0.0723,0.0552,0.2087,0.1398,0.2615,0.0665,0.1828,0.1549
1785434835.42,88,drive,3,1.5,15.0,40.813,25.11,250.13,0.1706,0.2063,0.0503,0.1647,0.0762,0.2502,0.0723,0.0557,0.2087,0.1417,0.2634,0.0684,0.1818,0.1549
1785434836.12,88,drive,0,2.0,15.0,40.813,25.11,250.13,0.1672,0.2077,0.0533,0.1667,0.0738,0.2498,0.0714,0.0543,0.2087,0.1393,0.2605,0.0665,0.1808,0.1554
1785434836.21,88,drive,1,2.0,15.0,40.813,25.11,250.13,0.1706,0.2087,0.0528,0.1662,0.0758,0.2478,0.0728,0.0547,0.2097,0.1393,0.2610,0.0655,0.1804,0.1540
1785434836.31,88,drive,2,2.0,15.0,40.813,25.11,250.13,0.1716,0.2067,0.0513,0.1647,0.0738,0.2483,0.0723,0.0552,0.2102,0.1388,0.2639,0.0670,0.1823,0.1535
1785434836.41,88,drive,3,2.0,15.0,40.813,25.11,250.13,0.1706,0.2058,0.0543,0.1637,0.0753,0.2498,0.0728,0.0523,0.2102,0.1373,0.2625,0.0670,0.1818,0.1535
1785434837.11,88,drive,0,2.5,15.0,40.813,25.11,250.13,0.1696,0.2038,0.0523,0.1672,0.0723,0.2478,0.0738,0.0562,0.2072,0.1408,0.2625,0.0655,0.1804,0.1535
1785434837.21,88,drive,1,2.5,15.0,40.813,25.11,250.13,0.1701,0.2111,0.0528,0.1672,0.0733,0.2522,0.0733,0.0547,0.2043,0.1388,0.2620,0.0665,0.1804,0.1530
1785434837.30,88,drive,2,2.5,15.0,40.813,25.11,250.13,0.1686,0.2058,0.0503,0.1662,0.0738,0.2502,0.0738,0.0557,0.2063,0.1413,0.2630,0.0679,0.1799,0.1564
1785434837.40,88,drive,3,2.5,15.0,40.813,25.11,250.13,0.1706,0.2087,0.0499,0.1657,0.0758,0.2498,0.0728,0.0557,0.2058,0.1398,0.2620,0.0660,0.1804,0.1544
1785434838.10,88,drive,0,3.0,15.0,40.813,25.11,250.13,0.1681,0.2087,0.0499,0.1676,0.0728,0.2498,0.0718,0.0543,0.2072,0.1417,0.2600,0.0684,0.1808,0.1559
1785434838.20,88,drive,1,3.0,15.0,40.813,25.11,250.13,0.1711,0.2067,0.0503,0.1701,0.0758,0.2493,0.0714,0.0562,0.2038,0.1393,0.2625,0.0645,0.1784,0.1554
1785434838.29,88,drive,2,3.0,15.0,40.813,25.11,250.13,0.1725,0.2082,0.0508,0.1686,0.0758,0.2488,0.0699,0.0572,0.2058,0.1378,0.2590,0.0660,0.1764,0.1569
1785434838.39,88,drive,3,3.0,15.0,40.813,25.11,250.13,0.1696,0.2072,0.0508,0.1706,0.0748,0.2488,0.0728,0.0567,0.2038,0.1408,0.2615,0.0655,0.1745,0.1540
1785434839.09,88,drive,0,3.5,15.0,40.813,25.11,250.13,0.1701,0.2111,0.0499,0.1706,0.0743,0.2483,0.0709,0.0557,0.2028,0.1427,0.2625,0.0650,0.1789,0.1559
1785434839.19,88,drive,1,3.5,15.0,40.813,25.11,250.13,0.1720,0.2063,0.0518,0.1667,0.0723,0.2493,0.0753,0.0552,0.2058,0.1422,0.2610,0.0621,0.1764,0.1549
1785434839.29,88,drive,2,3.5,15.0,40.813,25.11,250.13,0.1711,0.2087,0.0518,0.1667,0.0728,0.2507,0.0728,0.0547,0.2023,0.1408,0.2610,0.0640,0.1774,0.1564
1785434839.39,88,drive,3,3.5,15.0,40.813,25.11,250.13,0.1706,0.2092,0.0523,0.1647,0.0733,0.2512,0.0714,0.0523,0.2009,0.1427,0.2576,0.0650,0.1804,0.1559
1785434840.08,88,drive,0,4.0,15.0,40.813,25.11,250.13,0.1725,0.2126,0.0523,0.1676,0.0718,0.2498,0.0718,0.0562,0.2014,0.1432,0.2615,0.0645,0.1769,0.1559
1785434840.18,88,drive,1,4.0,15.0,40.813,25.11,250.13,0.1696,0.2121,0.0523,0.1711,0.0743,0.2483,0.0728,0.0547,0.2009,0.1437,0.2620,0.0655,0.1774,0.1569
1785434840.28,88,drive,2,4.0,15.0,40.813,25.11,250.13,0.1716,0.2111,0.0523,0.1720,0.0714,0.2498,0.0718,0.0572,0.2019,0.1413,0.2615,0.0679,0.1779,0.1544
1785434840.38,88,drive,3,4.0,15.0,40.813,25.11,250.13,0.1716,0.2102,0.0513,0.1706,0.0723,0.2507,0.0709,0.0543,0.2014,0.1417,0.2620,0.0621,0.1769,0.1549
1785434841.15,27,base,0,0.0,15.0,40.793,25.11,250.13,0.1706,0.2131,0.0518,0.1720,0.0723,0.2488,0.0694,0.0543,0.2009,0.1442,0.2595,0.0650,0.1784,0.1535
1785434841.25,27,base,1,0.0,15.0,40.793,25.11,250.13,0.1716,0.2102,0.0499,0.1696,0.0723,0.2493,0.0714,0.0552,0.2023,0.1447,0.2600,0.0650,0.1760,0.1569
1785434841.35,27,base,2,0.0,15.0,40.793,25.11,250.13,0.1711,0.2121,0.0508,0.1720,0.0728,0.2488,0.0704,0.0538,0.2023,0.1442,0.2581,0.0630,0.1769,0.1554
1785434841.44,27,base,3,0.0,15.0,40.793,25.11,250.13,0.1696,0.2126,0.0523,0.1706,0.0704,0.2488,0.0738,0.0567,0.2009,0.1452,0.2615,0.0645,0.1789,0.1544
1785434842.14,27,drive,0,0.5,15.0,40.793,25.11,250.13,0.1701,0.2111,0.0518,0.1730,0.0709,0.2478,0.0709,0.0567,0.1994,0.1437,0.2610,0.0630,0.1760,0.1544
1785434842.24,27,drive,1,0.5,15.0,40.793,25.11,250.13,0.1701,0.2102,0.0528,0.1711,0.0733,0.2488,0.0694,0.0543,0.2014,0.1452,0.2620,0.0655,0.1784,0.1554
1785434842.34,27,drive,2,0.5,15.0,40.793,25.11,250.13,0.1730,0.2116,0.0518,0.1730,0.0733,0.2488,0.0699,0.0557,0.1994,0.1471,0.2590,0.0621,0.1760,0.1564
1785434842.44,27,drive,3,0.5,15.0,40.793,25.11,250.13,0.1696,0.2092,0.0518,0.1716,0.0689,0.2478,0.0714,0.0557,0.1989,0.1471,0.2615,0.0645,0.1750,0.1554
1785434843.13,27,drive,0,1.0,15.0,40.793,25.11,250.13,0.1701,0.2107,0.0513,0.1716,0.0718,0.2478,0.0694,0.0547,0.2009,0.1466,0.2590,0.0645,0.1760,0.1544
1785434843.23,27,drive,1,1.0,15.0,40.793,25.11,250.13,0.1691,0.2092,0.0499,0.1750,0.0743,0.2478,0.0718,0.0547,0.1994,0.1476,0.2620,0.0660,0.1769,0.1564
1785434843.33,27,drive,2,1.0,15.0,40.793,25.11,250.13,0.1701,0.2121,0.0508,0.1745,0.0714,0.2458,0.0714,0.0543,0.1994,0.1471,0.2590,0.0630,0.1764,0.1559
1785434843.43,27,drive,3,1.0,15.0,40.793,25.11,250.13,0.1701,0.2111,0.0528,0.1745,0.0718,0.2498,0.0704,0.0557,0.1994,0.1476,0.2595,0.0674,0.1779,0.1564
1785434844.12,27,drive,0,1.5,15.0,40.793,25.11,250.13,0.1701,0.2126,0.0508,0.1750,0.0694,0.2478,0.0699,0.0562,0.1984,0.1481,0.2595,0.0630,0.1779,0.1544
1785434844.22,27,drive,1,1.5,15.0,40.793,25.11,250.13,0.1730,0.2111,0.0499,0.1745,0.0733,0.2498,0.0699,0.0543,0.2019,0.1486,0.2620,0.0660,0.1764,0.1535
1785434844.32,27,drive,2,1.5,15.0,40.793,25.11,250.13,0.1701,0.2087,0.0523,0.1755,0.0709,0.2488,0.0709,0.0552,0.1994,0.1491,0.2620,0.0640,0.1779,0.1544
1785434844.42,27,drive,3,1.5,15.0,40.793,25.11,250.13,0.1696,0.2116,0.0528,0.1725,0.0728,0.2478,0.0738,0.0528,0.1994,0.1486,0.2620,0.0670,0.1764,0.1559
1785434845.12,27,drive,0,2.0,15.0,40.793,25.11,250.13,0.1725,0.2102,0.0518,0.1720,0.0753,0.2468,0.0709,0.0533,0.2009,0.1515,0.2600,0.0635,0.1774,0.1554
1785434845.21,27,drive,1,2.0,15.0,40.793,25.11,250.13,0.1691,0.2097,0.0523,0.1764,0.0689,0.2473,0.0694,0.0562,0.1994,0.1520,0.2605,0.0650,0.1764,0.1559
1785434845.31,27,drive,2,2.0,15.0,40.793,25.11,250.13,0.1720,0.2131,0.0499,0.1750,0.0709,0.2478,0.0684,0.0528,0.1994,0.1505,0.2615,0.0640,0.1769,0.1554
1785434845.41,27,drive,3,2.0,15.0,40.793,25.11,250.13,0.1716,0.2102,0.0503,0.1750,0.0738,0.2468,0.0718,0.0508,0.1999,0.1510,0.2620,0.0626,0.1745,0.1574
1785434846.11,27,drive,0,2.5,15.0,40.793,25.11,250.13,0.1681,0.2121,0.0543,0.1735,0.0709,0.2463,0.0699,0.0538,0.1999,0.1520,0.2610,0.0626,0.1760,0.1559
1785434846.21,27,drive,1,2.5,15.0,40.793,25.11,250.13,0.1691,0.2121,0.0518,0.1755,0.0699,0.2468,0.0699,0.0533,0.1994,0.1515,0.2610,0.0635,0.1774,0.1549
1785434846.31,27,drive,2,2.5,15.0,40.793,25.11,250.13,0.1711,0.2107,0.0533,0.1740,0.0714,0.2458,0.0709,0.0513,0.1994,0.1491,0.2630,0.0645,0.1774,0.1569
1785434846.40,27,drive,3,2.5,15.0,40.793,25.11,250.13,0.1701,0.2111,0.0513,0.1769,0.0714,0.2444,0.0709,0.0543,0.2004,0.1530,0.2595,0.0611,0.1769,0.1559
1785434847.10,27,drive,0,3.0,15.0,40.793,25.11,250.13,0.1676,0.2111,0.0513,0.1784,0.0728,0.2439,0.0704,0.0513,0.1979,0.1530,0.2605,0.0626,0.1764,0.1559
1785434847.20,27,drive,1,3.0,15.0,40.793,25.11,250.13,0.1735,0.2072,0.0533,0.1745,0.0718,0.2449,0.0718,0.0543,0.1984,0.1530,0.2610,0.0626,0.1769,0.1554
1785434847.30,27,drive,2,3.0,15.0,40.793,25.11,250.13,0.1696,0.2107,0.0513,0.1745,0.0699,0.2434,0.0704,0.0557,0.1979,0.1525,0.2620,0.0626,0.1769,0.1564
1785434847.40,27,drive,3,3.0,15.0,40.793,25.11,250.13,0.1720,0.2111,0.0513,0.1750,0.0718,0.2473,0.0699,0.0543,0.1979,0.1549,0.2600,0.0630,0.1784,0.1559
1785434848.09,27,drive,0,3.5,15.0,40.793,25.11,250.13,0.1686,0.2107,0.0528,0.1764,0.0728,0.2473,0.0684,0.0552,0.1960,0.1530,0.2600,0.0616,0.1769,0.1554
1785434848.19,27,drive,1,3.5,15.0,40.793,25.11,250.13,0.1686,0.2111,0.0528,0.1740,0.0694,0.2454,0.0709,0.0562,0.1989,0.1515,0.2620,0.0650,0.1774,0.1535
1785434848.29,27,drive,2,3.5,15.0,40.793,25.11,250.13,0.1676,0.2126,0.0528,0.1745,0.0709,0.2439,0.0704,0.0538,0.1970,0.1510,0.2625,0.0635,0.1764,0.1544
1785434848.39,27,drive,3,3.5,15.0,40.793,25.11,250.13,0.1696,0.2111,0.0513,0.1755,0.0723,0.2449,0.0694,0.0552,0.1989,0.1510,0.2586,0.0640,0.1769,0.1564
1785434849.09,27,drive,0,4.0,15.0,40.793,25.11,250.13,0.1701,0.2092,0.0508,0.1740,0.0694,0.2439,0.0689,0.0538,0.1960,0.1515,0.2634,0.0650,0.1760,0.1540
1785434849.18,27,drive,1,4.0,15.0,40.793,25.11,250.13,0.1711,0.2116,0.0538,0.1760,0.0733,0.2449,0.0670,0.0552,0.1984,0.1505,0.2566,0.0640,0.1789,0.1544
1785434849.28,27,drive,2,4.0,15.0,40.793,25.11,250.13,0.1681,0.2102,0.0513,0.1750,0.0718,0.2468,0.0714,0.0547,0.1960,0.1510,0.2595,0.0616,0.1764,0.1559
1785434849.38,27,drive,3,4.0,15.0,40.793,25.11,250.13,0.1716,0.2072,0.0508,0.1755,0.0733,0.2439,0.0689,0.0552,0.1970,0.1510,0.2605,0.0621,0.1774,0.1559
1785434850.20,28,base,0,0.0,15.0,40.813,25.11,250.13,0.1716,0.2077,0.0513,0.1760,0.0748,0.2449,0.0704,0.0552,0.1960,0.1510,0.2600,0.0606,0.1774,0.1554
1785434850.29,28,base,1,0.0,15.0,40.813,25.11,250.13,0.1701,0.2102,0.0518,0.1760,0.0718,0.2444,0.0709,0.0538,0.1916,0.1520,0.2586,0.0616,0.1755,0.1544
1785434850.39,28,base,2,0.0,15.0,40.813,25.11,250.13,0.1696,0.2092,0.0508,0.1730,0.0723,0.2454,0.0714,0.0557,0.1950,0.1515,0.2581,0.0616,0.1769,0.1564
1785434850.49,28,base,3,0.0,15.0,40.813,25.11,250.13,0.1720,0.2097,0.0503,0.1774,0.0704,0.2439,0.0704,0.0543,0.1950,0.1515,0.2590,0.0626,0.1760,0.1525
1785434851.19,28,drive,0,0.5,15.0,40.813,25.11,250.13,0.1696,0.2087,0.0513,0.1755,0.0714,0.2439,0.0723,0.0538,0.1940,0.1540,0.2581,0.0630,0.1735,0.1559
1785434851.29,28,drive,1,0.5,15.0,40.813,25.11,250.13,0.1716,0.2107,0.0489,0.1764,0.0738,0.2444,0.0679,0.0562,0.1916,0.1500,0.2595,0.0630,0.1725,0.1549
1785434851.38,28,drive,2,0.5,15.0,40.813,25.11,250.13,0.1691,0.2107,0.0503,0.1760,0.0738,0.2434,0.0670,0.0567,0.1960,0.1500,0.2576,0.0635,0.1769,0.1559
1785434851.48,28,drive,3,0.5,15.0,40.813,25.11,250.13,0.1711,0.2107,0.0508,0.1750,0.0728,0.2439,0.0684,0.0538,0.1955,0.1515,0.2581,0.0635,0.1750,0.1559
1785434852.18,28,drive,0,1.0,15.0,40.813,25.11,250.13,0.1686,0.2116,0.0503,0.1774,0.0733,0.2434,0.0699,0.0572,0.1911,0.1510,0.2581,0.0621,0.1720,0.1579
1785434852.28,28,drive,1,1.0,15.0,40.813,25.11,250.13,0.1706,0.2107,0.0547,0.1764,0.0743,0.2434,0.0748,0.0538,0.1911,0.1505,0.2566,0.0645,0.1735,0.1554
1785434852.38,28,drive,2,1.0,15.0,40.813,25.11,250.13,0.1681,0.2082,0.0513,0.1769,0.0738,0.2429,0.0689,0.0543,0.1926,0.1515,0.2566,0.0621,0.1745,0.1569
1785434852.48,28,drive,3,1.0,15.0,40.813,25.11,250.13,0.1701,0.2131,0.0523,0.1755,0.0728,0.2449,0.0689,0.0528,0.1916,0.1481,0.2576,0.0630,0.1760,0.1559
1785434853.17,28,drive,0,1.5,15.0,40.813,25.11,250.13,0.1696,0.2111,0.0533,0.1760,0.0743,0.2444,0.0689,0.0552,0.1935,0.1481,0.2556,0.0621,0.1730,0.1554
1785434853.27,28,drive,1,1.5,15.0,40.813,25.11,250.13,0.1701,0.2107,0.0513,0.1774,0.0718,0.2424,0.0704,0.0538,0.1935,0.1515,0.2561,0.0640,0.1716,0.1574
1785434853.37,28,drive,2,1.5,15.0,40.813,25.11,250.13,0.1711,0.2126,0.0513,0.1755,0.0758,0.2424,0.0689,0.0523,0.1916,0.1500,0.2556,0.0635,0.1730,0.1559
1785434853.47,28,drive,3,1.5,15.0,40.813,25.11,250.13,0.1716,0.2121,0.0533,0.1750,0.0723,0.2434,0.0694,0.0533,0.1921,0.1515,0.2561,0.0645,0.1711,0.1554
1785434854.17,28,drive,0,2.0,15.0,40.813,25.11,250.13,0.1681,0.2141,0.0484,0.1764,0.0743,0.2434,0.0689,0.0538,0.1896,0.1491,0.2551,0.0616,0.1706,0.1540
1785434854.27,28,drive,1,2.0,15.0,40.813,25.11,250.13,0.1696,0.2121,0.0513,0.1769,0.0748,0.2449,0.0704,0.0538,0.1916,0.1510,0.2532,0.0616,0.1711,0.1564
1785434854.36,28,drive,2,2.0,15.0,40.813,25.11,250.13,0.1716,0.2102,0.0513,0.1794,0.0738,0.2454,0.0714,0.0552,0.1896,0.1496,0.2546,0.0601,0.1720,0.1549
1785434854.46,28,drive,3,2.0,15.0,40.813,25.11,250.13,0.1696,0.2107,0.0523,0.1760,0.0728,0.2458,0.0684,0.0547,0.1887,0.1510,0.2527,0.0621,0.1691,0.1564
1785434855.16,28,drive,0,2.5,15.0,40.813,25.11,250.13,0.1706,0.2111,0.0528,0.1774,0.0748,0.2444,0.0670,0.0557,0.1906,0.1481,0.2527,0.0626,0.1725,0.1554
1785434855.26,28,drive,1,2.5,15.0,40.813,25.11,250.13,0.1701,0.2121,0.0518,0.1769,0.0748,0.2444,0.0689,0.0552,0.1896,0.1481,0.2512,0.0616,0.1691,0.1554
1785434855.36,28,drive,2,2.5,15.0,40.813,25.11,250.13,0.1720,0.2136,0.0513,0.1799,0.0733,0.2434,0.0704,0.0547,0.1882,0.1461,0.2532,0.0635,0.1676,0.1564
1785434855.45,28,drive,3,2.5,15.0,40.813,25.11,250.13,0.1716,0.2107,0.0513,0.1808,0.0748,0.2449,0.0684,0.0557,0.1911,0.1461,0.2522,0.0621,0.1696,0.1540
1785434856.15,28,drive,0,3.0,15.0,40.813,25.11,250.13,0.1720,0.2126,0.0533,0.1823,0.0738,0.2419,0.0694,0.0572,0.1896,0.1471,0.2507,0.0591,0.1701,0.1540
1785434856.25,28,drive,1,3.0,15.0,40.813,25.11,250.13,0.1701,0.2141,0.0528,0.1799,0.0743,0.2444,0.0684,0.0538,0.1891,0.1481,0.2498,0.0626,0.1711,0.1554
1785434856.35,28,drive,2,3.0,15.0,40.813,25.11,250.13,0.1711,0.2131,0.0533,0.1828,0.0743,0.2449,0.0679,0.0557,0.1877,0.1457,0.2502,0.0650,0.1696,0.1535
1785434856.45,28,drive,3,3.0,15.0,40.813,25.11,250.13,0.1711,0.2146,0.0523,0.1789,0.0733,0.2439,0.0699,0.0562,0.1896,0.1452,0.2527,0.0621,0.1676,0.1564
1785434857.14,28,drive,0,3.5,15.0,40.813,25.11,250.13,0.1716,0.2116,0.0508,0.1818,0.0748,0.2478,0.0699,0.0557,0.1916,0.1476,0.2493,0.0621,0.1696,0.1544
1785434857.24,28,drive,1,3.5,15.0,40.813,25.11,250.13,0.1701,0.2131,0.0528,0.1794,0.0743,0.2463,0.0694,0.0533,0.1896,0.1461,0.2498,0.0645,0.1701,0.1559
1785434857.34,28,drive,2,3.5,15.0,40.813,25.11,250.13,0.1725,0.2155,0.0494,0.1789,0.0758,0.2463,0.0689,0.0562,0.1896,0.1457,0.2498,0.0655,0.1681,0.1569
1785434857.44,28,drive,3,3.5,15.0,40.813,25.11,250.13,0.1686,0.2131,0.0543,0.1804,0.0738,0.2434,0.0709,0.0577,0.1887,0.1466,0.2517,0.0635,0.1696,0.1564
1785434858.14,28,drive,0,4.0,15.0,40.813,25.11,250.13,0.1720,0.2170,0.0547,0.1808,0.0733,0.2463,0.0665,0.0567,0.1877,0.1442,0.2488,0.0626,0.1686,0.1554
1785434858.24,28,drive,1,4.0,15.0,40.813,25.11,250.13,0.1691,0.2126,0.0528,0.1804,0.0748,0.2478,0.0704,0.0562,0.1901,0.1452,0.2483,0.0635,0.1716,0.1554
1785434858.33,28,drive,2,4.0,15.0,40.813,25.11,250.13,0.1711,0.2180,0.0528,0.1823,0.0743,0.2458,0.0704,0.0538,0.1891,0.1461,0.2488,0.0626,0.1696,0.1554
1785434858.43,28,drive,3,4.0,15.0,40.813,25.11,250.13,0.1720,0.2165,0.0533,0.1804,0.0738,0.2434,0.0684,0.0552,0.1896,0.1442,0.2468,0.0626,0.1711,0.1540
1785434859.25,29,base,0,0.0,15.0,40.793,25.11,250.13,0.1706,0.2180,0.0503,0.1828,0.0753,0.2439,0.0674,0.0562,0.1896,0.1432,0.2488,0.0635,0.1701,0.1579
1785434859.34,29,base,1,0.0,15.0,40.793,25.11,250.13,0.1730,0.2185,0.0503,0.1823,0.0743,0.2449,0.0689,0.0572,0.1891,0.1447,0.2512,0.0650,0.1701,0.1544
1785434859.44,29,base,2,0.0,15.0,40.793,25.11,250.13,0.1740,0.2190,0.0508,0.1828,0.0758,0.2458,0.0694,0.0567,0.1882,0.1447,0.2488,0.0650,0.1691,0.1588
1785434859.54,29,base,3,0.0,15.0,40.793,25.11,250.13,0.1730,0.2190,0.0528,0.1818,0.0753,0.2434,0.0670,0.0562,0.1896,0.1408,0.2483,0.0650,0.1701,0.1564
1785434860.24,29,drive,0,0.5,15.0,40.793,25.11,250.13,0.1730,0.2185,0.0518,0.1799,0.0743,0.2463,0.0704,0.0572,0.1906,0.1427,0.2488,0.0626,0.1696,0.1549
1785434860.34,29,drive,1,0.5,15.0,40.793,25.11,250.13,0.1701,0.2175,0.0538,0.1843,0.0758,0.2449,0.0704,0.0557,0.1896,0.1427,0.2493,0.0660,0.1716,0.1544
1785434860.43,29,drive,2,0.5,15.0,40.793,25.11,250.13,0.1725,0.2195,0.0513,0.1838,0.0772,0.2454,0.0694,0.0528,0.1901,0.1413,0.2493,0.0626,0.1716,0.1535
1785434860.53,29,drive,3,0.5,15.0,40.793,25.11,250.13,0.1716,0.2160,0.0513,0.1843,0.0762,0.2449,0.0699,0.0557,0.1921,0.1422,0.2488,0.0621,0.1730,0.1569
1785434861.23,29,drive,0,1.0,15.0,40.793,25.11,250.13,0.1720,0.2195,0.0523,0.1857,0.0772,0.2444,0.0674,0.0562,0.1906,0.1413,0.2507,0.0635,0.1706,0.1549
1785434861.33,29,drive,1,1.0,15.0,40.793,25.11,250.13,0.1725,0.2165,0.0503,0.1862,0.0758,0.2439,0.0674,0.0547,0.1921,0.1427,0.2473,0.0630,0.1711,0.1549
1785434861.43,29,drive,2,1.0,15.0,40.793,25.11,250.13,0.1701,0.2180,0.0503,0.1843,0.0748,0.2449,0.0694,0.0567,0.1901,0.1432,0.2507,0.0635,0.1716,0.1544
1785434861.52,29,drive,3,1.0,15.0,40.793,25.11,250.13,0.1725,0.2180,0.0518,0.1848,0.0753,0.2468,0.0684,0.0582,0.1911,0.1422,0.2498,0.0635,0.1711,0.1564
1785434862.22,29,drive,0,1.5,15.0,40.793,25.11,250.13,0.1735,0.2199,0.0499,0.1813,0.0728,0.2454,0.0709,0.0533,0.1906,0.1427,0.2488,0.0645,0.1711,0.1549
1785434862.32,29,drive,1,1.5,15.0,40.793,25.11,250.13,0.1730,0.2219,0.0499,0.1818,0.0753,0.2473,0.0674,0.0562,0.1916,0.1432,0.2488,0.0650,0.1720,0.1559
1785434862.42,29,drive,2,1.5,15.0,40.793,25.11,250.13,0.1706,0.2219,0.0513,0.1823,0.0753,0.2463,0.0689,0.0557,0.1906,0.1417,0.2483,0.0655,0.1725,0.1569
1785434862.52,29,drive,3,1.5,15.0,40.793,25.11,250.13,0.1701,0.2209,0.0513,0.1823,0.0738,0.2468,0.0684,0.0562,0.1931,0.1437,0.2483,0.0630,0.1720,0.1579
1785434863.22,29,drive,0,2.0,15.0,40.793,25.11,250.13,0.1711,0.2199,0.0474,0.1838,0.0762,0.2444,0.0694,0.0543,0.1940,0.1413,0.2483,0.0630,0.1740,0.1559
1785434863.31,29,drive,1,2.0,15.0,40.793,25.11,250.13,0.1725,0.2195,0.0508,0.1848,0.0743,0.2439,0.0689,0.0567,0.1931,0.1437,0.2468,0.0640,0.1740,0.1559
1785434863.41,29,drive,2,2.0,15.0,40.793,25.11,250.13,0.1730,0.2175,0.0518,0.1848,0.0762,0.2434,0.0694,0.0577,0.1926,0.1432,0.2478,0.0621,0.1725,0.1564
1785434863.51,29,drive,3,2.0,15.0,40.793,25.11,250.13,0.1735,0.2175,0.0523,0.1843,0.0738,0.2463,0.0704,0.0552,0.1945,0.1432,0.2507,0.0606,0.1730,0.1544
1785434864.21,29,drive,0,2.5,15.0,40.793,25.11,250.13,0.1730,0.2190,0.0518,0.1838,0.0753,0.2444,0.0689,0.0572,0.1940,0.1427,0.2468,0.0626,0.1764,0.1549
1785434864.30,29,drive,1,2.5,15.0,40.793,25.11,250.13,0.1725,0.2180,0.0489,0.1867,0.0728,0.2444,0.0709,0.0577,0.1935,0.1417,0.2502,0.0606,0.1774,0.1564
1785434864.40,29,drive,2,2.5,15.0,40.793,25.11,250.13,0.1740,0.2199,0.0533,0.1843,0.0733,0.2439,0.0694,0.0547,0.1945,0.1403,0.2502,0.0640,0.1735,0.1549
1785434864.50,29,drive,3,2.5,15.0,40.793,25.11,250.13,0.1730,0.2190,0.0533,0.1843,0.0738,0.2458,0.0694,0.0577,0.1926,0.1432,0.2493,0.0621,0.1769,0.1549
1785434865.20,29,drive,0,3.0,15.0,40.793,25.11,250.13,0.1750,0.2219,0.0533,0.1867,0.0738,0.2419,0.0689,0.0567,0.1945,0.1417,0.2498,0.0621,0.1755,0.1559
1785434865.30,29,drive,1,3.0,15.0,40.793,25.11,250.13,0.1720,0.2190,0.0508,0.1843,0.0758,0.2458,0.0699,0.0552,0.1940,0.1417,0.2458,0.0616,0.1745,0.1569
1785434865.39,29,drive,2,3.0,15.0,40.793,25.11,250.13,0.1716,0.2209,0.0518,0.1838,0.0753,0.2424,0.0689,0.0562,0.1931,0.1417,0.2507,0.0650,0.1755,0.1549
1785434865.49,29,drive,3,3.0,15.0,40.793,25.11,250.13,0.1735,0.2199,0.0494,0.1857,0.0743,0.2458,0.0699,0.0562,0.1965,0.1437,0.2507,0.0640,0.1750,0.1574
1785434866.19,29,drive,0,3.5,15.0,40.793,25.11,250.13,0.1730,0.2175,0.0494,0.1848,0.0762,0.2434,0.0684,0.0582,0.1970,0.1398,0.2488,0.0630,0.1755,0.1574
1785434866.29,29,drive,1,3.5,15.0,40.793,25.11,250.13,0.1740,0.2199,0.0503,0.1857,0.0748,0.2439,0.0704,0.0543,0.1945,0.1437,0.2502,0.0621,0.1755,0.1579
1785434866.39,29,drive,2,3.5,15.0,40.793,25.11,250.13,0.1716,0.2204,0.0538,0.1862,0.0758,0.2410,0.0694,0.0567,0.1940,0.1403,0.2507,0.0616,0.1750,0.1549
1785434866.48,29,drive,3,3.5,15.0,40.793,25.11,250.13,0.1740,0.2195,0.0503,0.1843,0.0762,0.2444,0.0679,0.0557,0.1965,0.1427,0.2493,0.0626,0.1745,0.1559
1785434867.18,29,drive,0,4.0,15.0,40.793,25.11,250.13,0.1716,0.2180,0.0499,0.1872,0.0762,0.2444,0.0689,0.0572,0.1960,0.1437,0.2488,0.0626,0.1735,0.1569
1785434867.28,29,drive,1,4.0,15.0,40.793,25.11,250.13,0.1755,0.2180,0.0518,0.1867,0.0762,0.2454,0.0699,0.0547,0.1945,0.1437,0.2512,0.0606,0.1745,0.1554
1785434867.38,29,drive,2,4.0,15.0,40.793,25.11,250.13,0.1735,0.2204,0.0499,0.1857,0.0767,0.2419,0.0670,0.0567,0.1975,0.1413,0.2473,0.0635,0.1769,0.1564
1785434867.47,29,drive,3,4.0,15.0,40.793,25.11,250.13,0.1711,0.2190,0.0499,0.1872,0.0738,0.2444,0.0689,0.0562,0.1979,0.1408,0.2478,0.0616,0.1745,0.1554
1785434868.28,30,base,0,0.0,15.0,40.793,25.11,250.13,0.1706,0.2224,0.0503,0.1872,0.0748,0.2429,0.0694,0.0562,0.1970,0.1398,0.2527,0.0630,0.1745,0.1564
1785434868.38,30,base,1,0.0,15.0,40.793,25.11,250.13,0.1725,0.2204,0.0499,0.1882,0.0748,0.2444,0.0714,0.0547,0.1965,0.1422,0.2522,0.0616,0.1740,0.1579
1785434868.47,30,base,2,0.0,15.0,40.793,25.11,250.13,0.1711,0.2219,0.0499,0.1877,0.0762,0.2439,0.0689,0.0562,0.1955,0.1413,0.2512,0.0640,0.1769,0.1540
1785434868.57,30,base,3,0.0,15.0,40.793,25.11,250.13,0.1755,0.2209,0.0499,0.1852,0.0758,0.2434,0.0684,0.0562,0.1975,0.1422,0.2517,0.0601,0.1764,0.1549
1785434869.27,30,drive,0,0.5,15.0,40.793,25.11,250.13,0.1686,0.2209,0.0503,0.1887,0.0743,0.2439,0.0699,0.0567,0.1960,0.1427,0.2498,0.0626,0.1755,0.1535
1785434869.37,30,drive,1,0.5,15.0,40.793,25.11,250.13,0.1740,0.2209,0.0533,0.1891,0.0738,0.2410,0.0699,0.0562,0.1955,0.1427,0.2507,0.0640,0.1769,0.1540
1785434869.47,30,drive,2,0.5,15.0,40.793,25.11,250.13,0.1716,0.2209,0.0503,0.1848,0.0758,0.2434,0.0670,0.0543,0.1960,0.1432,0.2493,0.0630,0.1764,0.1564
1785434869.56,30,drive,3,0.5,15.0,40.793,25.11,250.13,0.1730,0.2209,0.0503,0.1872,0.0743,0.2429,0.0674,0.0577,0.1960,0.1408,0.2502,0.0655,0.1774,0.1554
1785434870.26,30,drive,0,1.0,15.0,40.793,25.11,250.13,0.1725,0.2214,0.0499,0.1877,0.0748,0.2454,0.0689,0.0538,0.1940,0.1422,0.2512,0.0611,0.1745,0.1544
1785434870.36,30,drive,1,1.0,15.0,40.793,25.11,250.13,0.1730,0.2204,0.0499,0.1891,0.0748,0.2410,0.0694,0.0582,0.1950,0.1432,0.2517,0.0626,0.1760,0.1554
1785434870.45,30,drive,2,1.0,15.0,40.793,25.11,250.13,0.1711,0.2219,0.0523,0.1867,0.0753,0.2434,0.0679,0.0567,0.1960,0.1413,0.2512,0.0630,0.1760,0.1559
1785434870.55,30,drive,3,1.0,15.0,40.793,25.11,250.13,0.1745,0.2199,0.0513,0.1857,0.0743,0.2444,0.0689,0.0557,0.1931,0.1422,0.2522,0.0655,0.1735,0.1544
1785434871.25,30,drive,0,1.5,15.0,40.793,25.11,250.13,0.1735,0.2209,0.0494,0.1862,0.0753,0.2424,0.0689,0.0552,0.1940,0.1422,0.2507,0.0630,0.1755,0.1535
1785434871.35,30,drive,1,1.5,15.0,40.793,25.11,250.13,0.1755,0.2185,0.0523,0.1867,0.0743,0.2439,0.0679,0.0552,0.1945,0.1417,0.2512,0.0616,0.1740,0.1544
1785434871.45,30,drive,2,1.5,15.0,40.793,25.11,250.13,0.1735,0.2219,0.0518,0.1887,0.0748,0.2434,0.0674,0.0547,0.1984,0.1403,0.2507,0.0630,0.1750,0.1574
1785434871.54,30,drive,3,1.5,15.0,40.793,25.11,250.13,0.1725,0.2199,0.0503,0.1872,0.0762,0.2410,0.0684,0.0533,0.1955,0.1432,0.2527,0.0626,0.1755,0.1579
1785434872.24,30,drive,0,2.0,15.0,40.793,25.11,250.13,0.1720,0.2239,0.0513,0.1862,0.0777,0.2419,0.0674,0.0552,0.1975,0.1422,0.2502,0.0626,0.1750,0.1554
1785434872.34,30,drive,1,2.0,15.0,40.793,25.11,250.13,0.1735,0.2219,0.0494,0.1877,0.0748,0.2444,0.0704,0.0567,0.1935,0.1442,0.2527,0.0616,0.1745,0.1564
1785434872.44,30,drive,2,2.0,15.0,40.793,25.11,250.13,0.1740,0.2229,0.0508,0.1891,0.0733,0.2434,0.0694,0.0557,0.1950,0.1417,0.2512,0.0611,0.1769,0.1574
1785434872.54,30,drive,3,2.0,15.0,40.793,25.11,250.13,0.1711,0.2209,0.0523,0.1896,0.0743,0.2419,0.0694,0.0557,0.1979,0.1398,0.2502,0.0621,0.1764,0.1559
1785434873.24,30,drive,0,2.5,15.0,40.793,25.11,250.13,0.1716,0.2229,0.0543,0.1867,0.0718,0.2424,0.0694,0.0577,0.1935,0.1432,0.2517,0.0640,0.1794,0.1549
1785434873.33,30,drive,1,2.5,15.0,40.793,25.11,250.13,0.1730,0.2224,0.0479,0.1882,0.0738,0.2405,0.0714,0.0572,0.1960,0.1432,0.2527,0.0626,0.1745,0.1549
1785434873.43,30,drive,2,2.5,15.0,40.793,25.11,250.13,0.1725,0.2214,0.0494,0.1867,0.0743,0.2419,0.0660,0.0543,0.1950,0.1408,0.2507,0.0601,0.1760,0.1559
1785434873.53,30,drive,3,2.5,15.0,40.793,25.11,250.13,0.1740,0.2224,0.0474,0.1896,0.0728,0.2449,0.0689,0.0567,0.1975,0.1452,0.2498,0.0626,0.1769,0.1554
1785434874.23,30,drive,0,3.0,15.0,40.793,25.11,250.13,0.1716,0.2224,0.0528,0.1916,0.0718,0.2434,0.0674,0.0577,0.1921,0.1408,0.2493,0.0621,0.1764,0.1544
1785434874.32,30,drive,1,3.0,15.0,40.793,25.11,250.13,0.1725,0.2190,0.0518,0.1887,0.0718,0.2395,0.0709,0.0572,0.1935,0.1427,0.2522,0.0616,0.1755,0.1530
1785434874.42,30,drive,2,3.0,15.0,40.793,25.11,250.13,0.1730,0.2209,0.0513,0.1887,0.0728,0.2419,0.0689,0.0572,0.1955,0.1427,0.2517,0.0606,0.1760,0.1564
1785434874.52,30,drive,3,3.0,15.0,40.793,25.11,250.13,0.1735,0.2243,0.0503,0.1901,0.0733,0.2424,0.0699,0.0572,0.1950,0.1442,0.2512,0.0616,0.1730,0.1564
1785434875.22,30,drive,0,3.5,15.0,40.793,25.11,250.13,0.1716,0.2214,0.0523,0.1891,0.0743,0.2410,0.0694,0.0562,0.1945,0.1447,0.2507,0.0601,0.1760,0.1549
1785434875.32,30,drive,1,3.5,15.0,40.793,25.11,250.13,0.1716,0.2214,0.0503,0.1901,0.0748,0.2395,0.0694,0.0562,0.1965,0.1442,0.2498,0.0621,0.1755,0.1564
1785434875.42,30,drive,2,3.5,15.0,40.793,25.11,250.13,0.1711,0.2229,0.0538,0.1901,0.0743,0.2414,0.0704,0.0547,0.1970,0.1413,0.2478,0.0611,0.1764,0.1559
1785434875.51,30,drive,3,3.5,15.0,40.793,25.11,250.13,0.1716,0.2209,0.0518,0.1935,0.0758,0.2400,0.0689,0.0577,0.1970,0.1432,0.2493,0.0596,0.1755,0.1559
1785434876.21,30,drive,0,4.0,15.0,40.793,25.11,250.13,0.1725,0.2214,0.0523,0.1896,0.0728,0.2414,0.0704,0.0552,0.1950,0.1442,0.2507,0.0621,0.1740,0.1554
1785434876.31,30,drive,1,4.0,15.0,40.793,25.11,250.13,0.1725,0.2234,0.0523,0.1911,0.0723,0.2424,0.0718,0.0557,0.1950,0.1432,0.2502,0.0635,0.1760,0.1540
1785434876.41,30,drive,2,4.0,15.0,40.793,25.11,250.13,0.1735,0.2224,0.0499,0.1911,0.0743,0.2419,0.0718,0.0533,0.1965,0.1452,0.2517,0.0587,0.1740,0.1574
1785434876.50,30,drive,3,4.0,15.0,40.793,25.11,250.13,0.1720,0.2204,0.0508,0.1916,0.0738,0.2410,0.0704,0.0577,0.1940,0.1447,0.2483,0.0601,0.1760,0.1559
1785434877.29,31,base,0,0.0,15.0,40.793,25.11,250.13,0.1725,0.2224,0.0533,0.1882,0.0748,0.2449,0.0694,0.0567,0.1940,0.1432,0.2498,0.0621,0.1755,0.1549
1785434877.39,31,base,1,0.0,15.0,40.793,25.11,250.13,0.1735,0.2209,0.0523,0.1901,0.0758,0.2439,0.0704,0.0547,0.1970,0.1437,0.2483,0.0611,0.1755,0.1544
1785434877.49,31,base,2,0.0,15.0,40.793,25.11,250.13,0.1735,0.2224,0.0513,0.1872,0.0718,0.2444,0.0699,0.0582,0.1935,0.1437,0.2512,0.0616,0.1774,0.1549
1785434877.59,31,base,3,0.0,15.0,40.793,25.11,250.13,0.1711,0.2209,0.0499,0.1877,0.0738,0.2419,0.0699,0.0567,0.1950,0.1437,0.2498,0.0611,0.1745,0.1535
1785434878.28,31,drive,0,0.5,15.0,40.793,25.11,250.13,0.1745,0.2234,0.0503,0.1896,0.0723,0.2439,0.0699,0.0572,0.1935,0.1447,0.2512,0.0596,0.1725,0.1554
1785434878.38,31,drive,1,0.5,15.0,40.793,25.11,250.13,0.1740,0.2239,0.0518,0.1911,0.0728,0.2454,0.0723,0.0562,0.1950,0.1447,0.2537,0.0616,0.1740,0.1540
1785434878.48,31,drive,2,0.5,15.0,40.793,25.11,250.13,0.1720,0.2224,0.0518,0.1882,0.0748,0.2444,0.0709,0.0557,0.1935,0.1461,0.2522,0.0582,0.1755,0.1535
1785434878.58,31,drive,3,0.5,15.0,40.793,25.11,250.13,0.1716,0.2239,0.0518,0.1921,0.0738,0.2439,0.0709,0.0543,0.1960,0.1457,0.2498,0.0596,0.1750,0.1544
1785434879.27,31,drive,0,1.0,15.0,40.793,25.11,250.13,0.1725,0.2243,0.0528,0.1926,0.0709,0.2410,0.0699,0.0552,0.1950,0.1466,0.2527,0.0616,0.1755,0.1554
1785434879.37,31,drive,1,1.0,15.0,40.793,25.11,250.13,0.1745,0.2248,0.0499,0.1891,0.0762,0.2458,0.0699,0.0547,0.1960,0.1461,0.2483,0.0587,0.1745,0.1549
1785434879.47,31,drive,2,1.0,15.0,40.793,25.11,250.13,0.1720,0.2239,0.0533,0.1896,0.0714,0.2434,0.0718,0.0547,0.1965,0.1452,0.2507,0.0606,0.1750,0.1559
1785434879.57,31,drive,3,1.0,15.0,40.793,25.11,250.13,0.1706,0.2263,0.0518,0.1911,0.0714,0.2444,0.0699,0.0572,0.1950,0.1471,0.2522,0.0621,0.1740,0.1554
1785434880.27,31,drive,0,1.5,15.0,40.793,25.11,250.13,0.1750,0.2239,0.0513,0.1916,0.0718,0.2458,0.0699,0.0552,0.1940,0.1427,0.2488,0.0616,0.1740,0.1559
1785434880.37,31,drive,1,1.5,15.0,40.793,25.11,250.13,0.1750,0.2214,0.0518,0.1916,0.0738,0.2424,0.0709,0.0557,0.1960,0.1447,0.2507,0.0616,0.1750,0.1554
1785434880.46,31,drive,2,1.5,15.0,40.793,25.11,250.13,0.1740,0.2204,0.0538,0.1921,0.0738,0.2424,0.0699,0.0572,0.1950,0.1471,0.2512,0.0587,0.1720,0.1549
1785434880.56,31,drive,3,1.5,15.0,40.793,25.11,250.13,0.1735,0.2234,0.0508,0.1940,0.0728,0.2429,0.0723,0.0552,0.1931,0.1452,0.2507,0.0596,0.1730,0.1540
1785434881.26,31,drive,0,2.0,15.0,40.793,25.11,250.13,0.1745,0.2209,0.0518,0.1901,0.0738,0.2444,0.0694,0.0538,0.1960,0.1461,0.2468,0.0587,0.1745,0.1579
1785434881.36,31,drive,1,2.0,15.0,40.793,25.11,250.13,0.1706,0.2239,0.0528,0.1931,0.0714,0.2424,0.0709,0.0547,0.1940,0.1432,0.2498,0.0616,0.1750,0.1549
1785434881.46,31,drive,2,2.0,15.0,40.793,25.11,250.13,0.1730,0.2239,0.0508,0.1955,0.0728,0.2424,0.0704,0.0547,0.1965,0.1452,0.2493,0.0606,0.1760,0.1530
1785434881.55,31,drive,3,2.0,15.0,40.793,25.11,250.13,0.1750,0.2219,0.0528,0.1945,0.0723,0.2419,0.0704,0.0572,0.1979,0.1466,0.2468,0.0611,0.1760,0.1540
1785434882.25,31,drive,0,2.5,15.0,40.793,25.11,250.13,0.1730,0.2234,0.0499,0.1955,0.0733,0.2444,0.0728,0.0552,0.1970,0.1452,0.2512,0.0621,0.1725,0.1554
1785434882.35,31,drive,1,2.5,15.0,40.793,25.11,250.13,0.1740,0.2243,0.0523,0.1940,0.0723,0.2390,0.0718,0.0567,0.1960,0.1432,0.2507,0.0596,0.1740,0.1554
1785434882.45,31,drive,2,2.5,15.0,40.793,25.11,250.13,0.1730,0.2229,0.0513,0.1935,0.0714,0.2410,0.0733,0.0543,0.1970,0.1471,0.2483,0.0591,0.1750,0.1559
1785434882.55,31,drive,3,2.5,15.0,40.793,25.11,250.13,0.1725,0.2243,0.0518,0.1970,0.0718,0.2410,0.0709,0.0562,0.1940,0.1461,0.2463,0.0601,0.1764,0.1559
1785434883.24,31,drive,0,3.0,15.0,40.793,25.11,250.13,0.1740,0.2258,0.0513,0.1926,0.0743,0.2434,0.0699,0.0562,0.1950,0.1461,0.2512,0.0596,0.1735,0.1525
1785434883.34,31,drive,1,3.0,15.0,40.793,25.11,250.13,0.1730,0.2219,0.0484,0.1950,0.0718,0.2444,0.0733,0.0547,0.1970,0.1452,0.2502,0.0596,0.1750,0.1540
1785434883.44,31,drive,2,3.0,15.0,40.793,25.11,250.13,0.1720,0.2248,0.0513,0.1931,0.0738,0.2444,0.0709,0.0567,0.1970,0.1457,0.2454,0.0591,0.1745,0.1540
1785434883.54,31,drive,3,3.0,15.0,40.793,25.11,250.13,0.1735,0.2248,0.0513,0.1965,0.0718,0.2419,0.0684,0.0572,0.1955,0.1437,0.2493,0.0616,0.1740,0.1530
1785434884.23,31,drive,0,3.5,15.0,40.793,25.11,250.13,0.1750,0.2219,0.0508,0.1935,0.0723,0.2410,0.0699,0.0562,0.1975,0.1486,0.2493,0.0582,0.1740,0.1569
1785434884.33,31,drive,1,3.5,15.0,40.793,25.11,250.13,0.1750,0.2248,0.0533,0.1931,0.0767,0.2429,0.0709,0.0543,0.1950,0.1471,0.2498,0.0591,0.1764,0.1544
1785434884.43,31,drive,2,3.5,15.0,40.793,25.11,250.13,0.1735,0.2219,0.0518,0.1950,0.0753,0.2434,0.0718,0.0567,0.1979,0.1466,0.2478,0.0601,0.1755,0.1564
1785434884.53,31,drive,3,3.5,15.0,40.793,25.11,250.13,0.1735,0.2258,0.0508,0.1926,0.0758,0.2405,0.0699,0.0567,0.1960,0.1437,0.2512,0.0582,0.1764,0.1535
1785434885.23,31,drive,0,4.0,15.0,40.793,25.11,250.13,0.1760,0.2209,0.0503,0.1921,0.0733,0.2449,0.0728,0.0533,0.1979,0.1466,0.2517,0.0601,0.1755,0.1520
1785434885.33,31,drive,1,4.0,15.0,40.793,25.11,250.13,0.1706,0.2234,0.0513,0.1926,0.0753,0.2444,0.0704,0.0552,0.1960,0.1481,0.2493,0.0572,0.1760,0.1544
1785434885.42,31,drive,2,4.0,15.0,40.793,25.11,250.13,0.1730,0.2243,0.0513,0.1911,0.0748,0.2444,0.0714,0.0577,0.1965,0.1461,0.2498,0.0587,0.1764,0.1554
1785434885.52,31,drive,3,4.0,15.0,40.793,25.11,250.13,0.1740,0.2234,0.0513,0.1945,0.0733,0.2429,0.0704,0.0552,0.1975,0.1476,0.2473,0.0577,0.1740,0.1540
1785434886.34,32,base,0,0.0,15.0,40.793,25.11,250.13,0.1730,0.2243,0.0508,0.1935,0.0748,0.2429,0.0723,0.0562,0.1950,0.1471,0.2488,0.0611,0.1740,0.1544
1785434886.44,32,base,1,0.0,15.0,40.793,25.11,250.13,0.1730,0.2263,0.0513,0.1950,0.0738,0.2410,0.0718,0.0557,0.1970,0.1466,0.2493,0.0601,0.1750,0.1549
1785434886.53,32,base,2,0.0,15.0,40.793,25.11,250.13,0.1735,0.2214,0.0538,0.1940,0.0748,0.2424,0.0718,0.0572,0.1970,0.1466,0.2488,0.0596,0.1755,0.1569
1785434886.63,32,base,3,0.0,15.0,40.793,25.11,250.13,0.1740,0.2234,0.0518,0.1945,0.0767,0.2444,0.0709,0.0552,0.1950,0.1471,0.2463,0.0582,0.1760,0.1554
1785434887.33,32,drive,0,0.5,15.0,40.793,25.11,250.13,0.1730,0.2258,0.0494,0.1970,0.0728,0.2414,0.0714,0.0567,0.1960,0.1476,0.2478,0.0596,0.1725,0.1554
1785434887.43,32,drive,1,0.5,15.0,40.793,25.11,250.13,0.1740,0.2258,0.0513,0.1960,0.0738,0.2414,0.0718,0.0538,0.1965,0.1452,0.2502,0.0606,0.1735,0.1549
1785434887.53,32,drive,2,0.5,15.0,40.793,25.11,250.13,0.1740,0.2268,0.0508,0.1955,0.0767,0.2419,0.0694,0.0562,0.1945,0.1457,0.2463,0.0596,0.1750,0.1554
1785434887.62,32,drive,3,0.5,15.0,40.793,25.11,250.13,0.1735,0.2248,0.0499,0.1960,0.0738,0.2429,0.0738,0.0557,0.1984,0.1452,0.2473,0.0596,0.1769,0.1544
1785434888.32,32,drive,0,1.0,15.0,40.793,25.11,250.13,0.1735,0.2253,0.0508,0.1975,0.0762,0.2454,0.0733,0.0547,0.1960,0.1466,0.2483,0.0582,0.1745,0.1564
1785434888.42,32,drive,1,1.0,15.0,40.793,25.11,250.13,0.1740,0.2229,0.0523,0.1945,0.0728,0.2419,0.0714,0.0538,0.1965,0.1466,0.2483,0.0601,0.1735,0.1559
1785434888.52,32,drive,2,1.0,15.0,40.793,25.11,250.13,0.1735,0.2214,0.0513,0.1975,0.0733,0.2380,0.0733,0.0543,0.1965,0.1471,0.2493,0.0582,0.1745,0.1564
1785434888.62,32,drive,3,1.0,15.0,40.793,25.11,250.13,0.1730,0.2234,0.0538,0.1945,0.0743,0.2419,0.0728,0.0547,0.1960,0.1466,0.2468,0.0587,0.1760,0.1544
1785434889.32,32,drive,0,1.5,15.0,40.793,25.11,250.13,0.1740,0.2219,0.0513,0.1975,0.0733,0.2434,0.0714,0.0547,0.1979,0.1476,0.2488,0.0591,0.1769,0.1554
1785434889.42,32,drive,1,1.5,15.0,40.793,25.11,250.13,0.1716,0.2239,0.0523,0.1989,0.0738,0.2429,0.0743,0.0552,0.1960,0.1471,0.2463,0.0596,0.1760,0.1520
1785434889.51,32,drive,2,1.5,15.0,40.793,25.11,250.13,0.1745,0.2243,0.0503,0.1994,0.0723,0.2395,0.0733,0.0543,0.1955,0.1461,0.2483,0.0596,0.1755,0.1535
1785434889.61,32,drive,3,1.5,15.0,40.793,25.11,250.13,0.1740,0.2234,0.0489,0.1999,0.0753,0.2375,0.0738,0.0557,0.1965,0.1466,0.2483,0.0591,0.1735,0.1559
1785434890.31,32,drive,0,2.0,15.0,40.793,25.11,250.13,0.1720,0.2219,0.0518,0.1965,0.0728,0.2419,0.0709,0.0582,0.1950,0.1476,0.2473,0.0621,0.1745,0.1540
1785434890.41,32,drive,1,2.0,15.0,40.793,25.11,250.13,0.1750,0.2248,0.0538,0.1965,0.0733,0.2419,0.0728,0.0543,0.1984,0.1457,0.2478,0.0591,0.1760,0.1559
1785434890.51,32,drive,2,2.0,15.0,40.793,25.11,250.13,0.1730,0.2229,0.0518,0.1989,0.0738,0.2400,0.0733,0.0596,0.1975,0.1461,0.2458,0.0587,0.1725,0.1574
1785434890.61,32,drive,3,2.0,15.0,40.793,25.11,250.13,0.1745,0.2209,0.0518,0.1984,0.0743,0.2414,0.0723,0.0567,0.1950,0.1471,0.2483,0.0582,0.1755,0.1559
1785434891.30,32,drive,0,2.5,15.0,40.793,25.11,250.13,0.1730,0.2234,0.0533,0.2033,0.0723,0.2434,0.0743,0.0552,0.1955,0.1457,0.2498,0.0591,0.1745,0.1530
1785434891.40,32,drive,1,2.5,15.0,40.793,25.11,250.13,0.1735,0.2219,0.0518,0.2019,0.0743,0.2414,0.0728,0.0577,0.1960,0.1466,0.2488,0.0596,0.1745,0.1554
1785434891.50,32,drive,2,2.5,15.0,40.793,25.11,250.13,0.1725,0.2219,0.0499,0.2043,0.0748,0.2400,0.0728,0.0557,0.1960,0.1491,0.2463,0.0591,0.1725,0.1559
1785434891.60,32,drive,3,2.5,15.0,40.793,25.11,250.13,0.1711,0.2234,0.0499,0.1960,0.0753,0.2410,0.0699,0.0557,0.1965,0.1452,0.2463,0.0596,0.1750,0.1544
1785434892.29,32,drive,0,3.0,15.0,40.793,25.11,250.13,0.1730,0.2214,0.0518,0.2004,0.0758,0.2390,0.0733,0.0557,0.1950,0.1466,0.2483,0.0582,0.1711,0.1535
1785434892.39,32,drive,1,3.0,15.0,40.793,25.11,250.13,0.1716,0.2229,0.0513,0.2004,0.0743,0.2405,0.0733,0.0572,0.1960,0.1471,0.2478,0.0611,0.1745,0.1544
1785434892.49,32,drive,2,3.0,15.0,40.793,25.11,250.13,0.1716,0.2248,0.0503,0.1960,0.0743,0.2444,0.0733,0.0552,0.1950,0.1452,0.2483,0.0611,0.1750,0.1544
1785434892.59,32,drive,3,3.0,15.0,40.793,25.11,250.13,0.1711,0.2253,0.0513,0.1989,0.0753,0.2410,0.0733,0.0543,0.1945,0.1447,0.2473,0.0596,0.1730,0.1515
1785434893.29,32,drive,0,3.5,15.0,40.793,25.11,250.13,0.1725,0.2224,0.0513,0.1955,0.0743,0.2424,0.0718,0.0562,0.1931,0.1457,0.2483,0.0567,0.1745,0.1559
1785434893.39,32,drive,1,3.5,15.0,40.793,25.11,250.13,0.1725,0.2258,0.0499,0.1975,0.0733,0.2434,0.0748,0.0547,0.1955,0.1422,0.2483,0.0611,0.1720,0.1549
1785434893.48,32,drive,2,3.5,15.0,40.793,25.11,250.13,0.1716,0.2253,0.0523,0.1989,0.0753,0.2463,0.0743,0.0557,0.1931,0.1466,0.2458,0.0596,0.1730,0.1554
1785434893.58,32,drive,3,3.5,15.0,40.793,25.11,250.13,0.1735,0.2253,0.0523,0.1970,0.0743,0.2454,0.0723,0.0533,0.1916,0.1466,0.2483,0.0591,0.1706,0.1544
1785434894.28,32,drive,0,4.0,15.0,40.793,25.11,250.13,0.1745,0.2263,0.0494,0.1955,0.0753,0.2439,0.0728,0.0577,0.1931,0.1457,0.2502,0.0616,0.1711,0.1530
1785434894.38,32,drive,1,4.0,15.0,40.793,25.11,250.13,0.1720,0.2234,0.0513,0.1979,0.0762,0.2434,0.0738,0.0562,0.1955,0.1461,0.2458,0.0601,0.1701,0.1554
1785434894.48,32,drive,2,4.0,15.0,40.793,25.11,250.13,0.1740,0.2234,0.0508,0.1950,0.0777,0.2449,0.0704,0.0567,0.1935,0.1471,0.2483,0.0601,0.1711,0.1544
1785434894.57,32,drive,3,4.0,15.0,40.793,25.11,250.13,0.1764,0.2248,0.0508,0.1984,0.0748,0.2444,0.0718,0.0533,0.1950,0.1461,0.2454,0.0611,0.1716,0.1549
1785434895.35,102,base,0,0.0,15.0,40.753,25.11,250.13,0.1740,0.2243,0.0543,0.1979,0.0758,0.2444,0.0753,0.0543,0.1931,0.1457,0.2458,0.0572,0.1711,0.1549
1785434895.45,102,base,1,0.0,15.0,40.753,25.11,250.13,0.1740,0.2224,0.0518,0.1975,0.0738,0.2454,0.0758,0.0557,0.1935,0.1476,0.2483,0.0582,0.1725,0.1535
1785434895.55,102,base,2,0.0,15.0,40.753,25.11,250.13,0.1725,0.2243,0.0503,0.1984,0.0753,0.2414,0.0743,0.0552,0.1926,0.1476,0.2463,0.0601,0.1696,0.1554
1785434895.65,102,base,3,0.0,15.0,40.753,25.11,250.13,0.1745,0.2253,0.0508,0.1984,0.0733,0.2419,0.0733,0.0572,0.1965,0.1461,0.2439,0.0582,0.1720,0.1544
1785434896.34,102,drive,0,0.5,15.0,40.753,25.11,250.13,0.1750,0.2229,0.0508,0.1975,0.0767,0.2429,0.0718,0.0562,0.1935,0.1491,0.2463,0.0577,0.1730,0.1540
1785434896.44,102,drive,1,0.5,15.0,40.753,25.11,250.13,0.1730,0.2243,0.0503,0.1979,0.0777,0.2429,0.0699,0.0577,0.1935,0.1437,0.2483,0.0606,0.1696,0.1544
1785434896.54,102,drive,2,0.5,15.0,40.753,25.11,250.13,0.1725,0.2273,0.0518,0.1970,0.0748,0.2439,0.0743,0.0552,0.1926,0.1452,0.2502,0.0601,0.1681,0.1535
1785434896.64,102,drive,3,0.5,15.0,40.753,25.11,250.13,0.1706,0.2229,0.0508,0.1999,0.0762,0.2444,0.0704,0.0547,0.1945,0.1481,0.2439,0.0582,0.1730,0.1554
1785434897.33,102,drive,0,1.0,15.0,40.753,25.11,250.13,0.1716,0.2234,0.0518,0.2009,0.0738,0.2424,0.0743,0.0552,0.1955,0.1447,0.2449,0.0567,0.1725,0.1549
1785434897.43,102,drive,1,1.0,15.0,40.753,25.11,250.13,0.1730,0.2224,0.0518,0.1999,0.0709,0.2414,0.0718,0.0572,0.1940,0.1461,0.2439,0.0577,0.1696,0.1549
1785434897.53,102,drive,2,1.0,15.0,40.753,25.11,250.13,0.1740,0.2268,0.0543,0.1989,0.0738,0.2429,0.0743,0.0577,0.1926,0.1442,0.2449,0.0591,0.1711,0.1530
1785434897.63,102,drive,3,1.0,15.0,40.753,25.11,250.13,0.1750,0.2263,0.0499,0.1979,0.0738,0.2424,0.0728,0.0557,0.1955,0.1457,0.2449,0.0601,0.1701,0.1549
1785434898.33,102,drive,0,1.5,15.0,40.753,25.11,250.13,0.1720,0.2253,0.0528,0.1984,0.0748,0.2449,0.0753,0.0557,0.1921,0.1476,0.2454,0.0596,0.1681,0.1564
1785434898.42,102,drive,1,1.5,15.0,40.753,25.11,250.13,0.1740,0.2263,0.0503,0.1970,0.0758,0.2429,0.0728,0.0562,0.1906,0.1461,0.2439,0.0582,0.1672,0.1564
1785434898.52,102,drive,2,1.5,15.0,40.753,25.11,250.13,0.1750,0.2248,0.0489,0.1989,0.0733,0.2434,0.0714,0.0567,0.1935,0.1466,0.2444,0.0596,0.1686,0.1535
1785434898.62,102,drive,3,1.5,15.0,40.753,25.11,250.13,0.1735,0.2253,0.0528,0.1979,0.0753,0.2434,0.0748,0.0533,0.1935,0.1466,0.2434,0.0606,0.1681,0.1525
1785434899.31,102,drive,0,2.0,15.0,40.753,25.11,250.13,0.1706,0.2224,0.0513,0.1999,0.0748,0.2434,0.0733,0.0533,0.1911,0.1466,0.2439,0.0587,0.1701,0.1569
1785434899.41,102,drive,1,2.0,15.0,40.753,25.11,250.13,0.1735,0.2278,0.0513,0.2019,0.0772,0.2405,0.0762,0.0577,0.1911,0.1452,0.2434,0.0611,0.1701,0.1540
1785434899.51,102,drive,2,2.0,15.0,40.753,25.11,250.13,0.1725,0.2263,0.0513,0.1970,0.0782,0.2439,0.0753,0.0567,0.1906,0.1452,0.2444,0.0601,0.1686,0.1544
1785434899.61,102,drive,3,2.0,15.0,40.753,25.11,250.13,0.1720,0.2258,0.0503,0.2019,0.0753,0.2424,0.0723,0.0582,0.1901,0.1466,0.2444,0.0596,0.1686,0.1544
1785434900.31,102,drive,0,2.5,15.0,40.753,25.11,250.13,0.1716,0.2239,0.0508,0.2014,0.0772,0.2414,0.0743,0.0547,0.1911,0.1461,0.2424,0.0582,0.1696,0.1574
1785434900.40,102,drive,1,2.5,15.0,40.753,25.11,250.13,0.1735,0.2239,0.0518,0.2014,0.0718,0.2400,0.0738,0.0562,0.1906,0.1461,0.2439,0.0582,0.1701,0.1544
1785434900.50,102,drive,2,2.5,15.0,40.753,25.11,250.13,0.1745,0.2263,0.0518,0.2004,0.0777,0.2439,0.0743,0.0533,0.1906,0.1481,0.2434,0.0601,0.1706,0.1554
1785434900.60,102,drive,3,2.5,15.0,40.753,25.11,250.13,0.1760,0.2258,0.0513,0.1989,0.0758,0.2454,0.0709,0.0552,0.1921,0.1491,0.2449,0.0591,0.1686,0.1549
1785434901.30,102,drive,0,3.0,15.0,40.753,25.11,250.13,0.1740,0.2263,0.0538,0.1989,0.0762,0.2439,0.0738,0.0572,0.1901,0.1471,0.2424,0.0587,0.1652,0.1564
1785434901.40,102,drive,1,3.0,15.0,40.753,25.11,250.13,0.1716,0.2258,0.0513,0.1989,0.0782,0.2444,0.0733,0.0562,0.1887,0.1437,0.2400,0.0587,0.1672,0.1559
1785434901.49,102,drive,2,3.0,15.0,40.753,25.11,250.13,0.1750,0.2268,0.0489,0.2004,0.0762,0.2449,0.0723,0.0562,0.1891,0.1471,0.2405,0.0596,0.1657,0.1554
1785434901.59,102,drive,3,3.0,15.0,40.753,25.11,250.13,0.1735,0.2234,0.0533,0.2004,0.0762,0.2468,0.0723,0.0572,0.1901,0.1457,0.2395,0.0582,0.1681,0.1554
1785434902.29,102,drive,0,3.5,15.0,40.753,25.11,250.13,0.1725,0.2253,0.0538,0.1994,0.0787,0.2439,0.0738,0.0543,0.1891,0.1447,0.2356,0.0601,0.1662,0.1564
1785434902.39,102,drive,1,3.5,15.0,40.753,25.11,250.13,0.1735,0.2287,0.0513,0.1984,0.0777,0.2439,0.0723,0.0567,0.1887,0.1471,0.2429,0.0596,0.1652,0.1574
1785434902.48,102,drive,2,3.5,15.0,40.753,25.11,250.13,0.1745,0.2263,0.0523,0.2033,0.0777,0.2424,0.0743,0.0567,0.1872,0.1452,0.2390,0.0601,0.1667,0.1564
1785434902.58,102,drive,3,3.5,15.0,40.753,25.11,250.13,0.1740,0.2214,0.0503,0.1999,0.0777,0.2449,0.0733,0.0552,0.1887,0.1442,0.2405,0.0611,0.1642,0.1554
1785434903.28,102,drive,0,4.0,15.0,40.753,25.11,250.13,0.1730,0.2253,0.0508,0.2043,0.0772,0.2434,0.0738,0.0547,0.1867,0.1452,0.2385,0.0616,0.1652,0.1554
1785434903.38,102,drive,1,4.0,15.0,40.753,25.11,250.13,0.1711,0.2258,0.0513,0.2023,0.0772,0.2449,0.0738,0.0572,0.1882,0.1447,0.2385,0.0596,0.1676,0.1544
1785434903.47,102,drive,2,4.0,15.0,40.753,25.11,250.13,0.1730,0.2268,0.0518,0.2019,0.0767,0.2444,0.0733,0.0552,0.1891,0.1442,0.2390,0.0606,0.1657,0.1544
1785434903.57,102,drive,3,4.0,15.0,40.753,25.11,250.13,0.1735,0.2239,0.0518,0.2077,0.0762,0.2405,0.0738,0.0557,0.1872,0.1481,0.2370,0.0591,0.1667,0.1549
1785434904.36,33,base,0,0.0,15.0,40.833,25.11,250.13,0.1740,0.2268,0.0508,0.2019,0.0767,0.2488,0.0718,0.0582,0.1823,0.1442,0.2395,0.0591,0.1647,0.1564
1785434904.45,33,base,1,0.0,15.0,40.833,25.11,250.13,0.1764,0.2258,0.0499,0.2004,0.0777,0.2483,0.0743,0.0547,0.1872,0.1447,0.2375,0.0577,0.1652,0.1554
1785434904.55,33,base,2,0.0,15.0,40.833,25.11,250.13,0.1745,0.2263,0.0494,0.1999,0.0792,0.2468,0.0733,0.0543,0.1877,0.1437,0.2395,0.0596,0.1647,0.1525
1785434904.65,33,base,3,0.0,15.0,40.833,25.11,250.13,0.1755,0.2253,0.0503,0.1999,0.0782,0.2463,0.0728,0.0562,0.1877,0.1452,0.2405,0.0582,0.1642,0.1564
1785434905.35,33,drive,0,0.5,15.0,40.833,25.11,250.13,0.1750,0.2283,0.0523,0.2009,0.0797,0.2478,0.0714,0.0543,0.1872,0.1457,0.2375,0.0606,0.1642,0.1554
1785434905.45,33,drive,1,0.5,15.0,40.833,25.11,250.13,0.1735,0.2239,0.0508,0.2038,0.0758,0.2478,0.0733,0.0552,0.1872,0.1457,0.2351,0.0601,0.1652,0.1544
1785434905.54,33,drive,2,0.5,15.0,40.833,25.11,250.13,0.1740,0.2283,0.0513,0.2048,0.0787,0.2463,0.0738,0.0577,0.1872,0.1466,0.2356,0.0577,0.1613,0.1544
1785434905.64,33,drive,3,0.5,15.0,40.833,25.11,250.13,0.1750,0.2287,0.0494,0.2028,0.0772,0.2473,0.0743,0.0572,0.1857,0.1452,0.2356,0.0587,0.1642,0.1559
1785434906.34,33,drive,0,1.0,15.0,40.833,25.11,250.13,0.1735,0.2278,0.0513,0.2092,0.0777,0.2449,0.0723,0.0567,0.1862,0.1447,0.2356,0.0596,0.1647,0.1544
1785434906.43,33,drive,1,1.0,15.0,40.833,25.11,250.13,0.1755,0.2258,0.0513,0.2043,0.0767,0.2473,0.0728,0.0567,0.1872,0.1461,0.2346,0.0601,0.1613,0.1559
1785434906.53,33,drive,2,1.0,15.0,40.833,25.11,250.13,0.1750,0.2273,0.0518,0.2009,0.0787,0.2478,0.0738,0.0572,0.1862,0.1432,0.2370,0.0606,0.1608,0.1569
1785434906.63,33,drive,3,1.0,15.0,40.833,25.11,250.13,0.1769,0.2297,0.0503,0.2019,0.0777,0.2493,0.0748,0.0552,0.1857,0.1447,0.2366,0.0582,0.1598,0.1569
1785434907.33,33,drive,0,1.5,15.0,40.833,25.11,250.13,0.1735,0.2278,0.0503,0.2023,0.0782,0.2498,0.0704,0.0557,0.1848,0.1432,0.2336,0.0587,0.1613,0.1549
1785434907.43,33,drive,1,1.5,15.0,40.833,25.11,250.13,0.1730,0.2268,0.0518,0.2028,0.0777,0.2483,0.0738,0.0552,0.1877,0.1437,0.2331,0.0591,0.1623,0.1559
1785434907.53,33,drive,2,1.5,15.0,40.833,25.11,250.13,0.1779,0.2283,0.0518,0.2028,0.0787,0.2502,0.0723,0.0547,0.1843,0.1427,0.2331,0.0601,0.1613,0.1530
1785434907.62,33,drive,3,1.5,15.0,40.833,25.11,250.13,0.1764,0.2283,0.0503,0.1994,0.0797,0.2488,0.0748,0.0557,0.1838,0.1417,0.2346,0.0591,0.1608,0.1559
1785434908.32,33,drive,0,2.0,15.0,40.833,25.11,250.13,0.1774,0.2302,0.0508,0.2019,0.0802,0.2493,0.0714,0.0557,0.1843,0.1442,0.2331,0.0587,0.1632,0.1579
1785434908.42,33,drive,1,2.0,15.0,40.833,25.11,250.13,0.1735,0.2307,0.0508,0.2014,0.0767,0.2488,0.0748,0.0538,0.1843,0.1422,0.2356,0.0601,0.1603,0.1540
1785434908.52,33,drive,2,2.0,15.0,40.833,25.11,250.13,0.1750,0.2307,0.0528,0.2014,0.0767,0.2507,0.0733,0.0562,0.1848,0.1417,0.2307,0.0577,0.1618,0.1540
1785434908.62,33,drive,3,2.0,15.0,40.833,25.11,250.13,0.1730,0.2292,0.0523,0.2033,0.0772,0.2493,0.0753,0.0552,0.1867,0.1422,0.2326,0.0601,0.1608,0.1554
1785434909.31,33,drive,0,2.5,15.0,40.833,25.11,250.13,0.1745,0.2297,0.0513,0.2028,0.0792,0.2488,0.0733,0.0557,0.1848,0.1422,0.2317,0.0591,0.1628,0.1535
1785434909.41,33,drive,1,2.5,15.0,40.833,25.11,250.13,0.1755,0.2287,0.0508,0.2009,0.0782,0.2488,0.0738,0.0543,0.1838,0.1427,0.2312,0.0596,0.1603,0.1544
1785434909.51,33,drive,2,2.5,15.0,40.833,25.11,250.13,0.1745,0.2268,0.0494,0.2023,0.0782,0.2488,0.0728,0.0557,0.1848,0.1427,0.2336,0.0577,0.1623,0.1554
1785434909.61,33,drive,3,2.5,15.0,40.833,25.11,250.13,0.1760,0.2273,0.0538,0.2028,0.0777,0.2478,0.0723,0.0582,0.1848,0.1471,0.2322,0.0577,0.1628,0.1579
1785434910.30,33,drive,0,3.0,15.0,40.833,25.11,250.13,0.1725,0.2292,0.0518,0.2004,0.0806,0.2517,0.0714,0.0567,0.1828,0.1427,0.2312,0.0616,0.1603,0.1540
1785434910.40,33,drive,1,3.0,15.0,40.833,25.11,250.13,0.1750,0.2292,0.0523,0.2009,0.0777,0.2507,0.0718,0.0577,0.1833,0.1432,0.2326,0.0601,0.1593,0.1535
1785434910.50,33,drive,2,3.0,15.0,40.833,25.11,250.13,0.1740,0.2297,0.0523,0.2014,0.0797,0.2522,0.0714,0.0562,0.1857,0.1432,0.2302,0.0596,0.1598,0.1535
1785434910.60,33,drive,3,3.0,15.0,40.833,25.11,250.13,0.1745,0.2287,0.0513,0.2028,0.0787,0.2502,0.0723,0.0572,0.1833,0.1452,0.2317,0.0606,0.1608,0.1559
1785434911.29,33,drive,0,3.5,15.0,40.833,25.11,250.13,0.1735,0.2292,0.0523,0.1999,0.0787,0.2473,0.0718,0.0562,0.1862,0.1432,0.2312,0.0552,0.1608,0.1574
1785434911.39,33,drive,1,3.5,15.0,40.833,25.11,250.13,0.1750,0.2302,0.0499,0.2023,0.0802,0.2498,0.0723,0.0557,0.1857,0.1427,0.2302,0.0582,0.1608,0.1549
1785434911.49,33,drive,2,3.5,15.0,40.833,25.11,250.13,0.1764,0.2287,0.0513,0.1999,0.0797,0.2522,0.0738,0.0552,0.1818,0.1417,0.2312,0.0611,0.1593,0.1549
1785434911.59,33,drive,3,3.5,15.0,40.833,25.11,250.13,0.1760,0.2307,0.0489,0.2028,0.0787,0.2512,0.0738,0.0577,0.1848,0.1417,0.2302,0.0582,0.1593,0.1544
1785434912.28,33,drive,0,4.0,15.0,40.833,25.11,250.13,0.1764,0.2307,0.0538,0.2004,0.0782,0.2498,0.0709,0.0567,0.1848,0.1403,0.2292,0.0596,0.1598,0.1569
1785434912.38,33,drive,1,4.0,15.0,40.833,25.11,250.13,0.1740,0.2302,0.0528,0.2004,0.0806,0.2502,0.0718,0.0567,0.1843,0.1413,0.2283,0.0587,0.1618,0.1535
1785434912.48,33,drive,2,4.0,15.0,40.833,25.11,250.13,0.1769,0.2322,0.0513,0.2009,0.0782,0.2493,0.0699,0.0567,0.1862,0.1417,0.2278,0.0606,0.1603,0.1544
1785434912.58,33,drive,3,4.0,15.0,40.833,25.11,250.13,0.1769,0.2302,0.0489,0.2019,0.0787,0.2502,0.0699,0.0552,0.1862,0.1427,0.2292,0.0601,0.1608,0.1554
1785434913.37,105,base,0,0.0,15.0,40.773,25.11,250.13,0.1735,0.2317,0.0518,0.2004,0.0792,0.2537,0.0738,0.0547,0.1852,0.1461,0.2307,0.0606,0.1613,0.1535
1785434913.46,105,base,1,0.0,15.0,40.773,25.11,250.13,0.1730,0.2317,0.0533,0.2038,0.0811,0.2478,0.0738,0.0547,0.1848,0.1393,0.2273,0.0596,0.1593,0.1574
1785434913.56,105,base,2,0.0,15.0,40.773,25.11,250.13,0.1745,0.2312,0.0523,0.2004,0.0767,0.2522,0.0753,0.0567,0.1852,0.1408,0.2297,0.0611,0.1588,0.1559
1785434913.66,105,base,3,0.0,15.0,40.773,25.11,250.13,0.1769,0.2312,0.0518,0.2028,0.0821,0.2512,0.0723,0.0552,0.1843,0.1422,0.2287,0.0572,0.1608,0.1549
1785434914.35,105,drive,0,0.5,15.0,40.773,25.11,250.13,0.1760,0.2278,0.0528,0.1999,0.0792,0.2483,0.0733,0.0577,0.1867,0.1432,0.2268,0.0596,0.1603,0.1540
1785434914.45,105,drive,1,0.5,15.0,40.773,25.11,250.13,0.1764,0.2278,0.0518,0.2023,0.0797,0.2507,0.0748,0.0572,0.1857,0.1427,0.2292,0.0587,0.1608,0.1559
1785434914.55,105,drive,2,0.5,15.0,40.773,25.11,250.13,0.1750,0.2302,0.0533,0.2009,0.0806,0.2517,0.0733,0.0552,0.1857,0.1413,0.2278,0.0611,0.1613,0.1569
1785434914.65,105,drive,3,0.5,15.0,40.773,25.11,250.13,0.1740,0.2312,0.0508,0.2014,0.0787,0.2522,0.0733,0.0533,0.1877,0.1388,0.2278,0.0577,0.1608,0.1554
1785434915.35,105,drive,0,1.0,15.0,40.773,25.11,250.13,0.1760,0.2341,0.0503,0.2004,0.0787,0.2507,0.0723,0.0552,0.1857,0.1422,0.2258,0.0606,0.1603,0.1544
1785434915.44,105,drive,1,1.0,15.0,40.773,25.11,250.13,0.1760,0.2322,0.0513,0.2033,0.0792,0.2512,0.0743,0.0577,0.1857,0.1403,0.2263,0.0587,0.1588,0.1569
1785434915.54,105,drive,2,1.0,15.0,40.773,25.11,250.13,0.1760,0.2307,0.0518,0.2019,0.0797,0.2493,0.0758,0.0552,0.1848,0.1413,0.2268,0.0601,0.1603,0.1549
1785434915.64,105,drive,3,1.0,15.0,40.773,25.11,250.13,0.1750,0.2317,0.0494,0.2038,0.0797,0.2507,0.0743,0.0557,0.1867,0.1408,0.2278,0.0601,0.1603,0.1554
1785434916.34,105,drive,0,1.5,15.0,40.773,25.11,250.13,0.1750,0.2307,0.0508,0.2004,0.0787,0.2488,0.0743,0.0577,0.1857,0.1408,0.2258,0.0591,0.1588,0.1584
1785434916.44,105,drive,1,1.5,15.0,40.773,25.11,250.13,0.1799,0.2302,0.0484,0.2004,0.0792,0.2493,0.0728,0.0547,0.1857,0.1393,0.2258,0.0582,0.1603,0.1549
1785434916.53,105,drive,2,1.5,15.0,40.773,25.11,250.13,0.1769,0.2302,0.0523,0.1994,0.0787,0.2522,0.0743,0.0577,0.1872,0.1398,0.2268,0.0591,0.1603,0.1530
1785434916.63,105,drive,3,1.5,15.0,40.773,25.11,250.13,0.1740,0.2297,0.0538,0.2004,0.0787,0.2507,0.0714,0.0552,0.1882,0.1432,0.2253,0.0596,0.1608,0.1574
1785434917.33,105,drive,0,2.0,15.0,40.773,25.11,250.13,0.1745,0.2302,0.0499,0.1999,0.0806,0.2502,0.0718,0.0562,0.1882,0.1393,0.2239,0.0596,0.1608,0.1559
1785434917.43,105,drive,1,2.0,15.0,40.773,25.11,250.13,0.1735,0.2312,0.0508,0.2019,0.0777,0.2502,0.0718,0.0557,0.1872,0.1378,0.2243,0.0596,0.1593,0.1544
1785434917.52,105,drive,2,2.0,15.0,40.773,25.11,250.13,0.1750,0.2322,0.0513,0.2023,0.0797,0.2483,0.0738,0.0557,0.1852,0.1383,0.2253,0.0606,0.1603,0.1549
1785434917.62,105,drive,3,2.0,15.0,40.773,25.11,250.13,0.1745,0.2331,0.0513,0.2009,0.0787,0.2522,0.0723,0.0567,0.1848,0.1408,0.2258,0.0582,0.1618,0.1554
1785434918.32,105,drive,0,2.5,15.0,40.773,25.11,250.13,0.1755,0.2297,0.0503,0.1989,0.0787,0.2532,0.0748,0.0552,0.1877,0.1393,0.2258,0.0587,0.1593,0.1564
1785434918.42,105,drive,1,2.5,15.0,40.773,25.11,250.13,0.1760,0.2312,0.0479,0.1989,0.0797,0.2527,0.0704,0.0572,0.1862,0.1398,0.2248,0.0596,0.1603,0.1554
1785434918.51,105,drive,2,2.5,15.0,40.773,25.11,250.13,0.1735,0.2312,0.0513,0.1999,0.0792,0.2498,0.0728,0.0543,0.1882,0.1378,0.2243,0.0596,0.1603,0.1549
1785434918.61,105,drive,3,2.5,15.0,40.773,25.11,250.13,0.1745,0.2307,0.0533,0.1975,0.0797,0.2493,0.0743,0.0552,0.1862,0.1388,0.2258,0.0601,0.1613,0.1569
1785434919.31,105,drive,0,3.0,15.0,40.773,25.11,250.13,0.1755,0.2307,0.0528,0.1999,0.0772,0.2498,0.0714,0.0562,0.1867,0.1383,0.2278,0.0596,0.1613,0.1544
1785434919.41,105,drive,1,3.0,15.0,40.773,25.11,250.13,0.1740,0.2312,0.0533,0.1984,0.0797,0.2527,0.0723,0.0562,0.1891,0.1373,0.2229,0.0596,0.1618,0.1554
1785434919.51,105,drive,2,3.0,15.0,40.773,25.11,250.13,0.1760,0.2287,0.0523,0.2014,0.0782,0.2498,0.0733,0.0543,0.1887,0.1388,0.2248,0.0616,0.1623,0.1540
1785434919.61,105,drive,3,3.0,15.0,40.773,25.11,250.13,0.1745,0.2307,0.0494,0.2014,0.0802,0.2512,0.0728,0.0538,0.1862,0.1378,0.2248,0.0596,0.1603,0.1569
1785434920.30,105,drive,0,3.5,15.0,40.773,25.11,250.13,0.1760,0.2331,0.0503,0.1994,0.0787,0.2498,0.0709,0.0562,0.1877,0.1369,0.2258,0.0596,0.1608,0.1549
1785434920.40,105,drive,1,3.5,15.0,40.773,25.11,250.13,0.1740,0.2322,0.0503,0.2038,0.0811,0.2488,0.0714,0.0562,0.1867,0.1383,0.2253,0.0587,0.1613,0.1554
1785434920.50,105,drive,2,3.5,15.0,40.773,25.11,250.13,0.1750,0.2302,0.0489,0.2028,0.0787,0.2468,0.0743,0.0547,0.1867,0.1383,0.2239,0.0616,0.1637,0.1549
1785434920.59,105,drive,3,3.5,15.0,40.773,25.11,250.13,0.1740,0.2312,0.0503,0.2019,0.0767,0.2483,0.0718,0.0547,0.1867,0.1398,0.2263,0.0601,0.1613,0.1554
1785434921.29,105,drive,0,4.0,15.0,40.773,25.11,250.13,0.1774,0.2297,0.0513,0.2028,0.0802,0.2493,0.0709,0.0552,0.1852,0.1373,0.2239,0.0601,0.1623,0.1559
1785434921.39,105,drive,1,4.0,15.0,40.773,25.11,250.13,0.1755,0.2297,0.0494,0.2023,0.0787,0.2498,0.0723,0.0557,0.1867,0.1393,0.2243,0.0567,0.1603,0.1535
1785434921.49,105,drive,2,4.0,15.0,40.773,25.11,250.13,0.1769,0.2312,0.0533,0.2004,0.0777,0.2488,0.0723,0.0547,0.1867,0.1403,0.2219,0.0591,0.1632,0.1540
1785434921.58,105,drive,3,4.0,15.0,40.773,25.11,250.13,0.1760,0.2302,0.0523,0.2023,0.0797,0.2507,0.0723,0.0572,0.1887,0.1393,0.2253,0.0611,0.1618,0.1535
1785434922.37,104,base,0,0.0,15.0,40.893,25.11,250.13,0.1755,0.2263,0.0503,0.2009,0.0802,0.2502,0.0714,0.0547,0.1896,0.1349,0.2239,0.0591,0.1623,0.1535
1785434922.47,104,base,1,0.0,15.0,40.893,25.11,250.13,0.1755,0.2292,0.0518,0.1994,0.0767,0.2493,0.0733,0.0572,0.1887,0.1359,0.2248,0.0596,0.1628,0.1564
1785434922.56,104,base,2,0.0,15.0,40.893,25.11,250.13,0.1740,0.2302,0.0533,0.2009,0.0792,0.2483,0.0694,0.0547,0.1872,0.1373,0.2253,0.0616,0.1623,0.1544
1785434922.66,104,base,3,0.0,15.0,40.893,25.11,250.13,0.1730,0.2302,0.0513,0.1989,0.0782,0.2478,0.0718,0.0562,0.1882,0.1403,0.2229,0.0606,0.1618,0.1549
1785434923.36,104,drive,0,0.5,15.0,40.893,25.11,250.13,0.1779,0.2302,0.0508,0.1999,0.0797,0.2507,0.0733,0.0577,0.1848,0.1359,0.2243,0.0596,0.1623,0.1559
1785434923.46,104,drive,1,0.5,15.0,40.893,25.11,250.13,0.1740,0.2297,0.0503,0.2014,0.0792,0.2488,0.0733,0.0562,0.1882,0.1388,0.2239,0.0596,0.1647,0.1554
1785434923.56,104,drive,2,0.5,15.0,40.893,25.11,250.13,0.1740,0.2297,0.0508,0.2009,0.0806,0.2507,0.0733,0.0557,0.1882,0.1373,0.2258,0.0587,0.1632,0.1544
1785434923.65,104,drive,3,0.5,15.0,40.893,25.11,250.13,0.1735,0.2292,0.0508,0.2038,0.0806,0.2493,0.0743,0.0538,0.1872,0.1373,0.2224,0.0582,0.1618,0.1525
1785434924.35,104,drive,0,1.0,15.0,40.893,25.11,250.13,0.1745,0.2307,0.0513,0.1989,0.0782,0.2502,0.0738,0.0547,0.1872,0.1383,0.2243,0.0611,0.1618,0.1559
1785434924.45,104,drive,1,1.0,15.0,40.893,25.11,250.13,0.1764,0.2307,0.0518,0.1984,0.0811,0.2493,0.0728,0.0562,0.1867,0.1369,0.2243,0.0606,0.1618,0.1535
1785434924.55,104,drive,2,1.0,15.0,40.893,25.11,250.13,0.1750,0.2297,0.0528,0.1984,0.0816,0.2478,0.0699,0.0543,0.1887,0.1369,0.2253,0.0611,0.1628,0.1549
1785434924.65,104,drive,3,1.0,15.0,40.893,25.11,250.13,0.1755,0.2341,0.0513,0.2004,0.0782,0.2478,0.0714,0.0562,0.1882,0.1364,0.2243,0.0596,0.1632,0.1549
1785434925.34,104,drive,0,1.5,15.0,40.893,25.11,250.13,0.1764,0.2297,0.0499,0.2009,0.0777,0.2488,0.0762,0.0533,0.1857,0.1369,0.2239,0.0587,0.1637,0.1584
1785434925.44,104,drive,1,1.5,15.0,40.893,25.11,250.13,0.1760,0.2297,0.0508,0.1994,0.0787,0.2498,0.0723,0.0547,0.1872,0.1393,0.2283,0.0591,0.1603,0.1544
1785434925.54,104,drive,2,1.5,15.0,40.893,25.11,250.13,0.1769,0.2326,0.0503,0.1984,0.0802,0.2502,0.0728,0.0533,0.1867,0.1349,0.2243,0.0601,0.1623,0.1554
1785434925.64,104,drive,3,1.5,15.0,40.893,25.11,250.13,0.1760,0.2292,0.0499,0.1994,0.0802,0.2498,0.0743,0.0572,0.1896,0.1359,0.2224,0.0601,0.1657,0.1554
1785434926.33,104,drive,0,2.0,15.0,40.893,25.11,250.13,0.1774,0.2253,0.0518,0.1989,0.0806,0.2512,0.0743,0.0562,0.1872,0.1378,0.2248,0.0601,0.1632,0.1540
1785434926.43,104,drive,1,2.0,15.0,40.893,25.11,250.13,0.1760,0.2322,0.0508,0.2019,0.0806,0.2478,0.0728,0.0572,0.1882,0.1378,0.2243,0.0567,0.1628,0.1559
1785434926.53,104,drive,2,2.0,15.0,40.893,25.11,250.13,0.1745,0.2283,0.0518,0.1984,0.0782,0.2493,0.0733,0.0552,0.1882,0.1383,0.2253,0.0596,0.1637,0.1535
1785434926.63,104,drive,3,2.0,15.0,40.893,25.11,250.13,0.1750,0.2307,0.0528,0.1989,0.0772,0.2507,0.0728,0.0543,0.1882,0.1364,0.2268,0.0582,0.1628,0.1574
1785434927.33,104,drive,0,2.5,15.0,40.893,25.11,250.13,0.1730,0.2317,0.0518,0.2009,0.0797,0.2498,0.0718,0.0567,0.1872,0.1339,0.2219,0.0596,0.1618,0.1540
1785434927.42,104,drive,1,2.5,15.0,40.893,25.11,250.13,0.1755,0.2317,0.0499,0.2014,0.0772,0.2478,0.0723,0.0562,0.1848,0.1359,0.2263,0.0626,0.1613,0.1554
1785434927.52,104,drive,2,2.5,15.0,40.893,25.11,250.13,0.1735,0.2283,0.0528,0.2004,0.0782,0.2498,0.0748,0.0572,0.1867,0.1359,0.2234,0.0596,0.1623,0.1549
1785434927.62,104,drive,3,2.5,15.0,40.893,25.11,250.13,0.1755,0.2278,0.0489,0.1989,0.0767,0.2478,0.0738,0.0557,0.1857,0.1349,0.2263,0.0606,0.1628,0.1559
1785434928.32,104,drive,0,3.0,15.0,40.893,25.11,250.13,0.1740,0.2283,0.0499,0.1999,0.0777,0.2507,0.0718,0.0557,0.1887,0.1378,0.2258,0.0591,0.1623,0.1549
1785434928.42,104,drive,1,3.0,15.0,40.893,25.11,250.13,0.1750,0.2287,0.0523,0.1994,0.0787,0.2483,0.0748,0.0567,0.1877,0.1349,0.2248,0.0591,0.1647,0.1540
1785434928.51,104,drive,2,3.0,15.0,40.893,25.11,250.13,0.1755,0.2287,0.0503,0.1994,0.0792,0.2498,0.0718,0.0533,0.1877,0.1369,0.2219,0.0572,0.1632,0.1564
1785434928.61,104,drive,3,3.0,15.0,40.893,25.11,250.13,0.1760,0.2273,0.0503,0.1984,0.0797,0.2498,0.0718,0.0538,0.1882,0.1373,0.2248,0.0596,0.1632,0.1549
1785434929.31,104,drive,0,3.5,15.0,40.893,25.11,250.13,0.1740,0.2278,0.0508,0.1989,0.0787,0.2498,0.0718,0.0538,0.1872,0.1369,0.2258,0.0562,0.1632,0.1544
1785434929.41,104,drive,1,3.5,15.0,40.893,25.11,250.13,0.1755,0.2278,0.0503,0.2009,0.0792,0.2488,0.0728,0.0567,0.1872,0.1349,0.2234,0.0611,0.1608,0.1544
1785434929.51,104,drive,2,3.5,15.0,40.893,25.11,250.13,0.1745,0.2292,0.0528,0.1984,0.0787,0.2493,0.0723,0.0533,0.1872,0.1359,0.2229,0.0591,0.1642,0.1535
1785434929.60,104,drive,3,3.5,15.0,40.893,25.11,250.13,0.1750,0.2292,0.0508,0.1975,0.0802,0.2493,0.0728,0.0562,0.1901,0.1354,0.2239,0.0591,0.1647,0.1540
1785434930.30,104,drive,0,4.0,15.0,40.893,25.11,250.13,0.1730,0.2258,0.0518,0.1999,0.0787,0.2502,0.0738,0.0552,0.1882,0.1369,0.2278,0.0606,0.1628,0.1559
1785434930.40,104,drive,1,4.0,15.0,40.893,25.11,250.13,0.1755,0.2273,0.0508,0.2009,0.0767,0.2478,0.0709,0.0533,0.1877,0.1364,0.2263,0.0582,0.1632,0.1564
1785434930.50,104,drive,2,4.0,15.0,40.893,25.11,250.13,0.1740,0.2292,0.0494,0.1994,0.0782,0.2473,0.0714,0.0557,0.1896,0.1369,0.2258,0.0577,0.1632,0.1535
1785434930.60,104,drive,3,4.0,15.0,40.893,25.11,250.13,0.1745,0.2302,0.0518,0.1994,0.0767,0.2478,0.0753,0.0567,0.1862,0.1349,0.2248,0.0591,0.1642,0.1544
1785434931.37,103,base,0,0.0,15.0,40.753,25.11,250.13,0.1740,0.2273,0.0508,0.1970,0.0772,0.2458,0.0699,0.0577,0.1906,0.1344,0.2263,0.0601,0.1628,0.1540
1785434931.47,103,base,1,0.0,15.0,40.753,25.11,250.13,0.1755,0.2273,0.0499,0.1984,0.0777,0.2478,0.0758,0.0552,0.1862,0.1354,0.2297,0.0596,0.1642,0.1549
1785434931.56,103,base,2,0.0,15.0,40.753,25.11,250.13,0.1730,0.2302,0.0518,0.1975,0.0782,0.2517,0.0704,0.0562,0.1887,0.1369,0.2248,0.0611,0.1652,0.1569
1785434931.66,103,base,3,0.0,15.0,40.753,25.11,250.13,0.1750,0.2278,0.0508,0.1965,0.0782,0.2502,0.0694,0.0567,0.1867,0.1354,0.2243,0.0591,0.1613,0.1559
1785434932.36,103,drive,0,0.5,15.0,40.753,25.11,250.13,0.1750,0.2283,0.0513,0.1975,0.0777,0.2488,0.0728,0.0543,0.1882,0.1359,0.2258,0.0582,0.1642,0.1554
1785434932.46,103,drive,1,0.5,15.0,40.753,25.11,250.13,0.1740,0.2278,0.0513,0.1975,0.0782,0.2498,0.0728,0.0528,0.1867,0.1383,0.2283,0.0601,0.1603,0.1559
1785434932.56,103,drive,2,0.5,15.0,40.753,25.11,250.13,0.1730,0.2283,0.0474,0.1970,0.0792,0.2458,0.0753,0.0567,0.1867,0.1369,0.2302,0.0616,0.1632,0.1549
1785434932.65,103,drive,3,0.5,15.0,40.753,25.11,250.13,0.1735,0.2268,0.0503,0.1975,0.0782,0.2488,0.0714,0.0547,0.1848,0.1369,0.2253,0.0596,0.1637,0.1540
1785434933.35,103,drive,0,1.0,15.0,40.753,25.11,250.13,0.1755,0.2297,0.0503,0.1970,0.0782,0.2473,0.0733,0.0543,0.1872,0.1378,0.2283,0.0606,0.1623,0.1564
1785434933.45,103,drive,1,1.0,15.0,40.753,25.11,250.13,0.1760,0.2302,0.0513,0.1999,0.0772,0.2493,0.0714,0.0557,0.1877,0.1369,0.2268,0.0621,0.1623,0.1554
1785434933.55,103,drive,2,1.0,15.0,40.753,25.11,250.13,0.1730,0.2278,0.0528,0.1989,0.0782,0.2493,0.0723,0.0552,0.1857,0.1378,0.2273,0.0587,0.1613,0.1544
1785434933.65,103,drive,3,1.0,15.0,40.753,25.11,250.13,0.1755,0.2278,0.0464,0.1989,0.0777,0.2488,0.0704,0.0572,0.1857,0.1359,0.2263,0.0606,0.1618,0.1540
1785434934.35,103,drive,0,1.5,15.0,40.753,25.11,250.13,0.1735,0.2287,0.0499,0.1989,0.0767,0.2468,0.0699,0.0591,0.1848,0.1364,0.2258,0.0601,0.1623,0.1554
1785434934.44,103,drive,1,1.5,15.0,40.753,25.11,250.13,0.1740,0.2263,0.0533,0.1970,0.0767,0.2478,0.0723,0.0538,0.1862,0.1359,0.2283,0.0582,0.1628,0.1540
1785434934.54,103,drive,2,1.5,15.0,40.753,25.11,250.13,0.1760,0.2287,0.0474,0.1984,0.0782,0.2468,0.0738,0.0587,0.1843,0.1364,0.2268,0.0596,0.1613,0.1569
1785434934.64,103,drive,3,1.5,15.0,40.753,25.11,250.13,0.1725,0.2273,0.0503,0.1984,0.0753,0.2488,0.0733,0.0543,0.1862,0.1344,0.2278,0.0601,0.1628,0.1554
1785434935.34,103,drive,0,2.0,15.0,40.753,25.11,250.13,0.1740,0.2263,0.0538,0.1984,0.0753,0.2473,0.0738,0.0547,0.1857,0.1354,0.2268,0.0611,0.1632,0.1559
1785434935.44,103,drive,1,2.0,15.0,40.753,25.11,250.13,0.1750,0.2278,0.0508,0.1960,0.0772,0.2473,0.0728,0.0543,0.1877,0.1339,0.2268,0.0601,0.1632,0.1549
1785434935.53,103,drive,2,2.0,15.0,40.753,25.11,250.13,0.1760,0.2258,0.0503,0.1970,0.0797,0.2473,0.0714,0.0538,0.1862,0.1373,0.2268,0.0587,0.1632,0.1564
1785434935.63,103,drive,3,2.0,15.0,40.753,25.11,250.13,0.1745,0.2268,0.0518,0.1970,0.0777,0.2478,0.0723,0.0572,0.1852,0.1373,0.2278,0.0591,0.1618,0.1554
1785434936.33,103,drive,0,2.5,15.0,40.753,25.11,250.13,0.1760,0.2268,0.0518,0.1975,0.0767,0.2458,0.0718,0.0567,0.1852,0.1378,0.2283,0.0577,0.1628,0.1549
1785434936.43,103,drive,1,2.5,15.0,40.753,25.11,250.13,0.1730,0.2243,0.0518,0.1984,0.0762,0.2463,0.0728,0.0543,0.1852,0.1339,0.2268,0.0572,0.1628,0.1549
1785434936.53,103,drive,2,2.5,15.0,40.753,25.11,250.13,0.1740,0.2273,0.0547,0.1975,0.0753,0.2478,0.0694,0.0557,0.1857,0.1378,0.2258,0.0596,0.1637,0.1549
1785434936.62,103,drive,3,2.5,15.0,40.753,25.11,250.13,0.1760,0.2273,0.0518,0.1945,0.0777,0.2463,0.0718,0.0562,0.1848,0.1354,0.2268,0.0582,0.1623,0.1549
1785434937.32,103,drive,0,3.0,15.0,40.753,25.11,250.13,0.1755,0.2268,0.0518,0.1965,0.0762,0.2473,0.0723,0.0543,0.1843,0.1373,0.2283,0.0591,0.1623,0.1559
1785434937.42,103,drive,1,3.0,15.0,40.753,25.11,250.13,0.1716,0.2268,0.0533,0.1970,0.0777,0.2468,0.0723,0.0562,0.1862,0.1349,0.2287,0.0587,0.1628,0.1554
1785434937.52,103,drive,2,3.0,15.0,40.753,25.11,250.13,0.1745,0.2263,0.0528,0.1960,0.0762,0.2473,0.0704,0.0552,0.1833,0.1359,0.2278,0.0606,0.1613,0.1559
1785434937.62,103,drive,3,3.0,15.0,40.753,25.11,250.13,0.1760,0.2283,0.0479,0.1975,0.0777,0.2454,0.0714,0.0543,0.1833,0.1364,0.2268,0.0591,0.1623,0.1559
1785434938.31,103,drive,0,3.5,15.0,40.753,25.11,250.13,0.1760,0.2278,0.0499,0.1975,0.0777,0.2468,0.0728,0.0562,0.1877,0.1354,0.2268,0.0596,0.1623,0.1540
1785434938.41,103,drive,1,3.5,15.0,40.753,25.11,250.13,0.1735,0.2248,0.0494,0.1979,0.0787,0.2478,0.0743,0.0543,0.1857,0.1349,0.2263,0.0582,0.1613,0.1554
1785434938.51,103,drive,2,3.5,15.0,40.753,25.11,250.13,0.1750,0.2263,0.0508,0.1970,0.0777,0.2473,0.0709,0.0562,0.1848,0.1359,0.2278,0.0606,0.1618,0.1549
1785434938.61,103,drive,3,3.5,15.0,40.753,25.11,250.13,0.1740,0.2268,0.0518,0.1965,0.0753,0.2463,0.0718,0.0547,0.1852,0.1364,0.2258,0.0601,0.1608,0.1554
1785434939.31,103,drive,0,4.0,15.0,40.753,25.11,250.13,0.1735,0.2278,0.0518,0.1970,0.0772,0.2483,0.0709,0.0538,0.1828,0.1359,0.2253,0.0596,0.1588,0.1540
1785434939.40,103,drive,1,4.0,15.0,40.753,25.11,250.13,0.1745,0.2258,0.0538,0.1984,0.0787,0.2444,0.0714,0.0538,0.1828,0.1334,0.2292,0.0601,0.1618,0.1559
1785434939.50,103,drive,2,4.0,15.0,40.753,25.11,250.13,0.1745,0.2253,0.0494,0.1975,0.0767,0.2468,0.0718,0.0543,0.1843,0.1334,0.2268,0.0582,0.1593,0.1549
1785434939.60,103,drive,3,4.0,15.0,40.753,25.11,250.13,0.1755,0.2268,0.0523,0.1955,0.0733,0.2488,0.0714,0.0538,0.1843,0.1378,0.2258,0.0587,0.1603,0.1574
1785434940.38,41,base,0,0.0,15.0,40.853,25.11,250.13,0.1725,0.2258,0.0518,0.1970,0.0748,0.2463,0.0718,0.0557,0.1833,0.1329,0.2268,0.0601,0.1598,0.1559
1785434940.48,41,base,1,0.0,15.0,40.853,25.11,250.13,0.1730,0.2248,0.0503,0.1960,0.0733,0.2502,0.0728,0.0538,0.1818,0.1369,0.2283,0.0567,0.1588,0.1549
1785434940.58,41,base,2,0.0,15.0,40.853,25.11,250.13,0.1730,0.2263,0.0518,0.1970,0.0782,0.2483,0.0689,0.0557,0.1838,0.1388,0.2268,0.0596,0.1588,0.1549
1785434940.68,41,base,3,0.0,15.0,40.853,25.11,250.13,0.1740,0.2258,0.0513,0.1994,0.0753,0.2488,0.0709,0.0572,0.1823,0.1354,0.2258,0.0572,0.1598,0.1559
1785434941.38,41,drive,0,0.5,15.0,40.853,25.11,250.13,0.1745,0.2258,0.0513,0.1960,0.0767,0.2502,0.0714,0.0567,0.1823,0.1373,0.2268,0.0591,0.1598,0.1564
1785434941.47,41,drive,1,0.5,15.0,40.853,25.11,250.13,0.1735,0.2283,0.0528,0.1965,0.0762,0.2468,0.0743,0.0538,0.1828,0.1369,0.2278,0.0587,0.1603,0.1559
1785434941.57,41,drive,2,0.5,15.0,40.853,25.11,250.13,0.1725,0.2263,0.0523,0.1955,0.0767,0.2473,0.0728,0.0543,0.1808,0.1369,0.2263,0.0582,0.1593,0.1540
1785434941.67,41,drive,3,0.5,15.0,40.853,25.11,250.13,0.1716,0.2263,0.0508,0.1960,0.0758,0.2473,0.0714,0.0552,0.1799,0.1364,0.2243,0.0587,0.1598,0.1559
1785434942.36,41,drive,0,1.0,15.0,40.853,25.11,250.13,0.1730,0.2287,0.0533,0.1979,0.0733,0.2478,0.0699,0.0562,0.1808,0.1369,0.2283,0.0601,0.1574,0.1549
1785434942.46,41,drive,1,1.0,15.0,40.853,25.11,250.13,0.1720,0.2253,0.0528,0.1994,0.0738,0.2498,0.0723,0.0567,0.1804,0.1364,0.2248,0.0577,0.1584,0.1544
1785434942.56,41,drive,2,1.0,15.0,40.853,25.11,250.13,0.1740,0.2263,0.0523,0.1950,0.0748,0.2458,0.0689,0.0577,0.1823,0.1359,0.2278,0.0567,0.1574,0.1574
1785434942.66,41,drive,3,1.0,15.0,40.853,25.11,250.13,0.1730,0.2258,0.0538,0.1965,0.0753,0.2502,0.0714,0.0557,0.1828,0.1369,0.2278,0.0582,0.1584,0.1554
1785434943.36,41,drive,0,1.5,15.0,40.853,25.11,250.13,0.1740,0.2239,0.0499,0.1950,0.0748,0.2483,0.0723,0.0538,0.1823,0.1373,0.2248,0.0582,0.1584,0.1559
1785434943.45,41,drive,1,1.5,15.0,40.853,25.11,250.13,0.1740,0.2273,0.0484,0.1965,0.0748,0.2488,0.0723,0.0538,0.1779,0.1398,0.2273,0.0596,0.1564,0.1544
1785434943.55,41,drive,2,1.5,15.0,40.853,25.11,250.13,0.1755,0.2253,0.0513,0.1970,0.0758,0.2493,0.0709,0.0538,0.1794,0.1359,0.2273,0.0587,0.1584,0.1554
1785434943.65,41,drive,3,1.5,15.0,40.853,25.11,250.13,0.1750,0.2297,0.0513,0.1970,0.0738,0.2473,0.0718,0.0543,0.1804,0.1354,0.2253,0.0567,0.1569,0.1544
1785434944.35,41,drive,0,2.0,15.0,40.853,25.11,250.13,0.1764,0.2273,0.0523,0.1940,0.0767,0.2463,0.0718,0.0547,0.1789,0.1354,0.2283,0.0582,0.1554,0.1549
1785434944.44,41,drive,1,2.0,15.0,40.853,25.11,250.13,0.1740,0.2263,0.0499,0.1975,0.0743,0.2468,0.0733,0.0577,0.1784,0.1354,0.2263,0.0591,0.1540,0.1549
1785434944.54,41,drive,2,2.0,15.0,40.853,25.11,250.13,0.1730,0.2263,0.0523,0.1965,0.0762,0.2493,0.0714,0.0562,0.1784,0.1373,0.2268,0.0591,0.1574,0.1535
1785434944.64,41,drive,3,2.0,15.0,40.853,25.11,250.13,0.1730,0.2258,0.0494,0.1950,0.0733,0.2488,0.0723,0.0552,0.1799,0.1373,0.2258,0.0577,0.1554,0.1554
1785434945.34,41,drive,0,2.5,15.0,40.853,25.11,250.13,0.1716,0.2278,0.0503,0.1970,0.0718,0.2483,0.0704,0.0533,0.1808,0.1354,0.2253,0.0591,0.1574,0.1559
1785434945.44,41,drive,1,2.5,15.0,40.853,25.11,250.13,0.1745,0.2243,0.0543,0.1965,0.0733,0.2483,0.0709,0.0533,0.1764,0.1373,0.2273,0.0606,0.1559,0.1559
1785434945.53,41,drive,2,2.5,15.0,40.853,25.11,250.13,0.1750,0.2302,0.0503,0.1975,0.0748,0.2498,0.0699,0.0552,0.1789,0.1388,0.2268,0.0591,0.1559,0.1549
1785434945.63,41,drive,3,2.5,15.0,40.853,25.11,250.13,0.1725,0.2268,0.0528,0.1940,0.0753,0.2502,0.0718,0.0567,0.1804,0.1364,0.2243,0.0557,0.1569,0.1544
1785434946.33,41,drive,0,3.0,15.0,40.853,25.11,250.13,0.1735,0.2253,0.0513,0.1965,0.0758,0.2493,0.0723,0.0547,0.1769,0.1383,0.2263,0.0572,0.1554,0.1554
1785434946.43,41,drive,1,3.0,15.0,40.853,25.11,250.13,0.1750,0.2278,0.0518,0.1965,0.0733,0.2473,0.0723,0.0572,0.1769,0.1364,0.2268,0.0582,0.1554,0.1559
1785434946.53,41,drive,2,3.0,15.0,40.853,25.11,250.13,0.1740,0.2268,0.0518,0.1960,0.0714,0.2483,0.0718,0.0557,0.1779,0.1364,0.2273,0.0577,0.1554,0.1559
1785434946.62,41,drive,3,3.0,15.0,40.853,25.11,250.13,0.1745,0.2292,0.0513,0.1965,0.0748,0.2473,0.0728,0.0543,0.1784,0.1354,0.2248,0.0591,0.1554,0.1535
1785434947.32,41,drive,0,3.5,15.0,40.853,25.11,250.13,0.1735,0.2273,0.0533,0.1965,0.0728,0.2488,0.0718,0.0547,0.1760,0.1373,0.2258,0.0591,0.1574,0.1544
1785434947.42,41,drive,1,3.5,15.0,40.853,25.11,250.13,0.1750,0.2273,0.0508,0.1965,0.0733,0.2498,0.0718,0.0552,0.1794,0.1388,0.2268,0.0591,0.1544,0.1544
1785434947.52,41,drive,2,3.5,15.0,40.853,25.11,250.13,0.1725,0.2258,0.0518,0.1970,0.0748,0.2483,0.0714,0.0557,0.1789,0.1369,0.2224,0.0582,0.1574,0.1559
1785434947.62,41,drive,3,3.5,15.0,40.853,25.11,250.13,0.1755,0.2268,0.0499,0.1950,0.0753,0.2483,0.0714,0.0547,0.1789,0.1378,0.2258,0.0582,0.1584,0.1540
1785434948.31,41,drive,0,4.0,15.0,40.853,25.11,250.13,0.1735,0.2258,0.0513,0.1970,0.0738,0.2478,0.0723,0.0562,0.1784,0.1378,0.2268,0.0591,0.1535,0.1549
1785434948.41,41,drive,1,4.0,15.0,40.853,25.11,250.13,0.1755,0.2263,0.0528,0.1970,0.0714,0.2473,0.0709,0.0543,0.1769,0.1373,0.2268,0.0572,0.1569,0.1540
1785434948.51,41,drive,2,4.0,15.0,40.853,25.11,250.13,0.1740,0.2268,0.0518,0.1984,0.0723,0.2468,0.0723,0.0557,0.1779,0.1383,0.2253,0.0562,0.1559,0.1569
1785434948.60,41,drive,3,4.0,15.0,40.853,25.11,250.13,0.1750,0.2258,0.0508,0.1975,0.0753,0.2493,0.0723,0.0557,0.1760,0.1398,0.2283,0.0591,0.1520,0.1559
1785434949.40,108,base,0,0.0,15.0,40.753,25.11,250.13,0.1750,0.2263,0.0499,0.1989,0.0743,0.2483,0.0709,0.0577,0.1760,0.1373,0.2248,0.0572,0.1559,0.1525
1785434949.50,108,base,1,0.0,15.0,40.753,25.11,250.13,0.1701,0.2248,0.0499,0.1984,0.0723,0.2502,0.0704,0.0557,0.1760,0.1383,0.2243,0.0587,0.1559,0.1540
1785434949.60,108,base,2,0.0,15.0,40.753,25.11,250.13,0.1730,0.2278,0.0533,0.1984,0.0758,0.2458,0.0718,0.0547,0.1750,0.1369,0.2229,0.0596,0.1540,0.1569
1785434949.69,108,base,3,0.0,15.0,40.753,25.11,250.13,0.1725,0.2268,0.0528,0.1984,0.0748,0.2483,0.0738,0.0543,0.1755,0.1388,0.2243,0.0601,0.1549,0.1544
1785434950.39,108,drive,0,0.5,15.0,40.753,25.11,250.13,0.1730,0.2268,0.0528,0.1979,0.0723,0.2507,0.0709,0.0538,0.1769,0.1383,0.2253,0.0572,0.1549,0.1564
1785434950.49,108,drive,1,0.5,15.0,40.753,25.11,250.13,0.1755,0.2258,0.0533,0.1999,0.0723,0.2502,0.0728,0.0543,0.1750,0.1393,0.2253,0.0591,0.1530,0.1564
1785434950.59,108,drive,2,0.5,15.0,40.753,25.11,250.13,0.1750,0.2258,0.0523,0.2009,0.0738,0.2473,0.0714,0.0557,0.1769,0.1373,0.2243,0.0577,0.1525,0.1549
1785434950.68,108,drive,3,0.5,15.0,40.753,25.11,250.13,0.1740,0.2258,0.0513,0.1989,0.0748,0.2488,0.0699,0.0547,0.1769,0.1383,0.2214,0.0591,0.1540,0.1559
1785434951.38,108,drive,0,1.0,15.0,40.753,25.11,250.13,0.1760,0.2287,0.0528,0.1989,0.0733,0.2483,0.0714,0.0562,0.1745,0.1398,0.2234,0.0606,0.1544,0.1544
1785434951.48,108,drive,1,1.0,15.0,40.753,25.11,250.13,0.1725,0.2273,0.0518,0.1979,0.0723,0.2483,0.0699,0.0543,0.1760,0.1383,0.2234,0.0582,0.1559,0.1535
1785434951.58,108,drive,2,1.0,15.0,40.753,25.11,250.13,0.1750,0.2248,0.0518,0.1994,0.0728,0.2463,0.0704,0.0567,0.1755,0.1388,0.2229,0.0572,0.1525,0.1574
1785434951.68,108,drive,3,1.0,15.0,40.753,25.11,250.13,0.1691,0.2287,0.0508,0.1989,0.0723,0.2468,0.0728,0.0562,0.1750,0.1364,0.2239,0.0582,0.1535,0.1549
1785434952.37,108,drive,0,1.5,15.0,40.753,25.11,250.13,0.1720,0.2268,0.0518,0.1999,0.0709,0.2478,0.0723,0.0538,0.1764,0.1383,0.2243,0.0577,0.1544,0.1569
1785434952.47,108,drive,1,1.5,15.0,40.753,25.11,250.13,0.1720,0.2253,0.0538,0.1994,0.0714,0.2483,0.0728,0.0528,0.1740,0.1393,0.2248,0.0601,0.1549,0.1525
1785434952.57,108,drive,2,1.5,15.0,40.753,25.11,250.13,0.1730,0.2263,0.0508,0.1975,0.0733,0.2498,0.0718,0.0567,0.1760,0.1373,0.2248,0.0577,0.1515,0.1525
1785434952.67,108,drive,3,1.5,15.0,40.753,25.11,250.13,0.1735,0.2258,0.0518,0.1994,0.0723,0.2478,0.0728,0.0557,0.1769,0.1408,0.2248,0.0572,0.1549,0.1564
1785434953.37,108,drive,0,2.0,15.0,40.753,25.11,250.13,0.1735,0.2263,0.0533,0.1984,0.0743,0.2478,0.0704,0.0552,0.1745,0.1398,0.2224,0.0611,0.1515,0.1535
1785434953.47,108,drive,1,2.0,15.0,40.753,25.11,250.13,0.1755,0.2283,0.0513,0.1994,0.0728,0.2483,0.0714,0.0547,0.1725,0.1422,0.2248,0.0582,0.1491,0.1564
1785434953.56,108,drive,2,2.0,15.0,40.753,25.11,250.13,0.1735,0.2263,0.0489,0.1984,0.0733,0.2483,0.0723,0.0543,0.1755,0.1383,0.2234,0.0562,0.1525,0.1564
1785434953.66,108,drive,3,2.0,15.0,40.753,25.11,250.13,0.1720,0.2268,0.0513,0.2009,0.0738,0.2468,0.0689,0.0562,0.1760,0.1413,0.2219,0.0567,0.1564,0.1544
1785434954.36,108,drive,0,2.5,15.0,40.753,25.11,250.13,0.1725,0.2278,0.0533,0.1989,0.0743,0.2483,0.0738,0.0572,0.1760,0.1403,0.2219,0.0577,0.1520,0.1535
1785434954.46,108,drive,1,2.5,15.0,40.753,25.11,250.13,0.1711,0.2297,0.0547,0.1994,0.0738,0.2483,0.0723,0.0543,0.1745,0.1369,0.2243,0.0552,0.1549,0.1535
1785434954.56,108,drive,2,2.5,15.0,40.753,25.11,250.13,0.1735,0.2263,0.0508,0.2019,0.0738,0.2468,0.0718,0.0562,0.1750,0.1393,0.2253,0.0587,0.1525,0.1564
1785434954.65,108,drive,3,2.5,15.0,40.753,25.11,250.13,0.1735,0.2243,0.0552,0.1984,0.0758,0.2458,0.0718,0.0543,0.1750,0.1393,0.2239,0.0572,0.1525,0.1569
1785434955.35,108,drive,0,3.0,15.0,40.753,25.11,250.13,0.1750,0.2283,0.0513,0.1984,0.0728,0.2493,0.0753,0.0523,0.1730,0.1393,0.2229,0.0562,0.1530,0.1549
1785434955.45,108,drive,1,3.0,15.0,40.753,25.11,250.13,0.1760,0.2302,0.0503,0.2004,0.0743,0.2498,0.0704,0.0572,0.1750,0.1398,0.2229,0.0582,0.1481,0.1554
1785434955.55,108,drive,2,3.0,15.0,40.753,25.11,250.13,0.1720,0.2258,0.0518,0.1975,0.0738,0.2473,0.0714,0.0552,0.1730,0.1417,0.2234,0.0557,0.1540,0.1564
1785434955.65,108,drive,3,3.0,15.0,40.753,25.11,250.13,0.1730,0.2292,0.0494,0.1999,0.0723,0.2498,0.0718,0.0538,0.1725,0.1378,0.2268,0.0562,0.1520,0.1540
1785434956.34,108,drive,0,3.5,15.0,40.753,25.11,250.13,0.1730,0.2263,0.0518,0.1989,0.0718,0.2493,0.0704,0.0538,0.1740,0.1432,0.2219,0.0591,0.1530,0.1549
1785434956.44,108,drive,1,3.5,15.0,40.753,25.11,250.13,0.1730,0.2278,0.0518,0.1984,0.0733,0.2483,0.0728,0.0538,0.1730,0.1388,0.2219,0.0582,0.1525,0.1535
1785434956.54,108,drive,2,3.5,15.0,40.753,25.11,250.13,0.1745,0.2297,0.0489,0.2014,0.0733,0.2507,0.0728,0.0552,0.1745,0.1393,0.2214,0.0567,0.1515,0.1525
1785434956.64,108,drive,3,3.5,15.0,40.753,25.11,250.13,0.1725,0.2253,0.0513,0.1999,0.0728,0.2454,0.0709,0.0557,0.1735,0.1403,0.2229,0.0582,0.1530,0.1569
1785434957.34,108,drive,0,4.0,15.0,40.753,25.11,250.13,0.1745,0.2263,0.0513,0.2004,0.0733,0.2493,0.0718,0.0601,0.1720,0.1373,0.2209,0.0601,0.1525,0.1554
1785434957.43,108,drive,1,4.0,15.0,40.753,25.11,250.13,0.1740,0.2268,0.0513,0.2019,0.0733,0.2468,0.0723,0.0547,0.1730,0.1398,0.2224,0.0567,0.1525,0.1559
1785434957.53,108,drive,2,4.0,15.0,40.753,25.11,250.13,0.1750,0.2287,0.0533,0.2004,0.0694,0.2498,0.0723,0.0572,0.1716,0.1413,0.2199,0.0606,0.1476,0.1530
1785434957.63,108,drive,3,4.0,15.0,40.753,25.11,250.13,0.1745,0.2273,0.0518,0.2019,0.0709,0.2468,0.0718,0.0587,0.1725,0.1422,0.2190,0.0567,0.1500,0.1530
1785434958.43,107,base,0,0.0,15.0,40.793,25.11,250.13,0.1720,0.2283,0.0513,0.2004,0.0728,0.2493,0.0718,0.0567,0.1725,0.1422,0.2214,0.0577,0.1496,0.1549
1785434958.53,107,base,1,0.0,15.0,40.793,25.11,250.13,0.1745,0.2263,0.0528,0.1999,0.0704,0.2507,0.0704,0.0567,0.1720,0.1378,0.2224,0.0587,0.1500,0.1559
1785434958.63,107,base,2,0.0,15.0,40.793,25.11,250.13,0.1720,0.2268,0.0513,0.1999,0.0733,0.2483,0.0714,0.0557,0.1735,0.1393,0.2204,0.0577,0.1530,0.1559
1785434958.72,107,base,3,0.0,15.0,40.793,25.11,250.13,0.1755,0.2258,0.0503,0.2009,0.0733,0.2483,0.0694,0.0562,0.1711,0.1432,0.2209,0.0567,0.1491,0.1549
1785434959.42,107,drive,0,0.5,15.0,40.793,25.11,250.13,0.1725,0.2253,0.0513,0.2023,0.0743,0.2498,0.0738,0.0557,0.1716,0.1437,0.2229,0.0572,0.1496,0.1554
1785434959.52,107,drive,1,0.5,15.0,40.793,25.11,250.13,0.1725,0.2278,0.0489,0.2019,0.0748,0.2488,0.0738,0.0552,0.1701,0.1422,0.2209,0.0601,0.1491,0.1554
1785434959.62,107,drive,2,0.5,15.0,40.793,25.11,250.13,0.1755,0.2292,0.0503,0.2033,0.0718,0.2488,0.0718,0.0557,0.1706,0.1417,0.2229,0.0557,0.1510,0.1554
1785434959.72,107,drive,3,0.5,15.0,40.793,25.11,250.13,0.1745,0.2287,0.0533,0.2033,0.0733,0.2493,0.0748,0.0557,0.1701,0.1408,0.2248,0.0572,0.1481,0.1554
1785434960.41,107,drive,0,1.0,15.0,40.793,25.11,250.13,0.1745,0.2263,0.0508,0.2028,0.0728,0.2488,0.0718,0.0557,0.1716,0.1437,0.2219,0.0572,0.1481,0.1549
1785434960.51,107,drive,1,1.0,15.0,40.793,25.11,250.13,0.1735,0.2278,0.0503,0.2038,0.0723,0.2502,0.0718,0.0562,0.1696,0.1437,0.2234,0.0577,0.1481,0.1544
1785434960.61,107,drive,2,1.0,15.0,40.793,25.11,250.13,0.1730,0.2302,0.0538,0.2033,0.0743,0.2483,0.0718,0.0577,0.1706,0.1417,0.2234,0.0587,0.1505,0.1544
1785434960.71,107,drive,3,1.0,15.0,40.793,25.11,250.13,0.1745,0.2258,0.0518,0.2023,0.0694,0.2498,0.0723,0.0562,0.1720,0.1442,0.2234,0.0591,0.1481,0.1549
1785434961.40,107,drive,0,1.5,15.0,40.793,25.11,250.13,0.1769,0.2287,0.0494,0.2033,0.0733,0.2498,0.0723,0.0577,0.1696,0.1417,0.2224,0.0577,0.1500,0.1540
1785434961.50,107,drive,1,1.5,15.0,40.793,25.11,250.13,0.1711,0.2268,0.0528,0.2023,0.0728,0.2498,0.0709,0.0572,0.1696,0.1437,0.2224,0.0591,0.1486,0.1535
1785434961.60,107,drive,2,1.5,15.0,40.793,25.11,250.13,0.1760,0.2292,0.0518,0.2033,0.0709,0.2502,0.0714,0.0552,0.1691,0.1417,0.2248,0.0567,0.1486,0.1525
1785434961.70,107,drive,3,1.5,15.0,40.793,25.11,250.13,0.1725,0.2302,0.0523,0.2028,0.0709,0.2488,0.0723,0.0567,0.1681,0.1457,0.2219,0.0587,0.1496,0.1549
1785434962.40,107,drive,0,2.0,15.0,40.793,25.11,250.13,0.1730,0.2283,0.0543,0.1999,0.0714,0.2512,0.0718,0.0582,0.1706,0.1437,0.2214,0.0577,0.1500,0.1554
1785434962.49,107,drive,1,2.0,15.0,40.793,25.11,250.13,0.1750,0.2307,0.0513,0.2028,0.0714,0.2488,0.0694,0.0538,0.1716,0.1422,0.2229,0.0582,0.1500,0.1540
1785434962.59,107,drive,2,2.0,15.0,40.793,25.11,250.13,0.1755,0.2258,0.0533,0.1999,0.0733,0.2498,0.0718,0.0567,0.1711,0.1422,0.2180,0.0587,0.1466,0.1554
1785434962.69,107,drive,3,2.0,15.0,40.793,25.11,250.13,0.1740,0.2283,0.0503,0.1999,0.0714,0.2512,0.0723,0.0547,0.1706,0.1427,0.2224,0.0552,0.1481,0.1549
1785434963.38,107,drive,0,2.5,15.0,40.793,25.11,250.13,0.1750,0.2292,0.0523,0.2048,0.0714,0.2502,0.0718,0.0557,0.1725,0.1457,0.2229,0.0591,0.1476,0.1544
1785434963.48,107,drive,1,2.5,15.0,40.793,25.11,250.13,0.1740,0.2283,0.0533,0.2043,0.0709,0.2493,0.0714,0.0547,0.1672,0.1447,0.2224,0.0611,0.1486,0.1554
1785434963.58,107,drive,2,2.5,15.0,40.793,25.11,250.13,0.1735,0.2302,0.0503,0.1999,0.0714,0.2502,0.0728,0.0572,0.1701,0.1442,0.2224,0.0572,0.1471,0.1535
1785434963.68,107,drive,3,2.5,15.0,40.793,25.11,250.13,0.1735,0.2292,0.0499,0.2043,0.0699,0.2488,0.0728,0.0528,0.1701,0.1457,0.2199,0.0587,0.1486,0.1564
1785434964.38,107,drive,0,3.0,15.0,40.793,25.11,250.13,0.1740,0.2273,0.0523,0.2043,0.0709,0.2493,0.0728,0.0567,0.1681,0.1442,0.2219,0.0582,0.1471,0.1554
1785434964.47,107,drive,1,3.0,15.0,40.793,25.11,250.13,0.1764,0.2292,0.0552,0.2033,0.0704,0.2488,0.0738,0.0543,0.1711,0.1437,0.2214,0.0562,0.1515,0.1520
1785434964.57,107,drive,2,3.0,15.0,40.793,25.11,250.13,0.1735,0.2297,0.0518,0.2043,0.0728,0.2507,0.0728,0.0533,0.1706,0.1447,0.2219,0.0567,0.1491,0.1540
1785434964.67,107,drive,3,3.0,15.0,40.793,25.11,250.13,0.1745,0.2283,0.0513,0.2067,0.0733,0.2512,0.0709,0.0572,0.1706,0.1432,0.2199,0.0572,0.1481,0.1574
1785434965.37,107,drive,0,3.5,15.0,40.793,25.11,250.13,0.1755,0.2322,0.0533,0.2038,0.0709,0.2512,0.0718,0.0552,0.1691,0.1447,0.2214,0.0572,0.1476,0.1525
1785434965.47,107,drive,1,3.5,15.0,40.793,25.11,250.13,0.1740,0.2297,0.0518,0.2043,0.0699,0.2507,0.0714,0.0582,0.1681,0.1432,0.2224,0.0577,0.1481,0.1549
1785434965.56,107,drive,2,3.5,15.0,40.793,25.11,250.13,0.1750,0.2292,0.0523,0.2028,0.0733,0.2507,0.0733,0.0528,0.1711,0.1432,0.2214,0.0596,0.1505,0.1564
1785434965.66,107,drive,3,3.5,15.0,40.793,25.11,250.13,0.1769,0.2292,0.0494,0.2058,0.0704,0.2493,0.0743,0.0567,0.1716,0.1442,0.2229,0.0601,0.1471,0.1549
1785434966.36,107,drive,0,4.0,15.0,40.793,25.11,250.13,0.1755,0.2297,0.0513,0.2058,0.0709,0.2502,0.0714,0.0562,0.1706,0.1461,0.2214,0.0572,0.1476,0.1559
1785434966.46,107,drive,1,4.0,15.0,40.793,25.11,250.13,0.1735,0.2302,0.0489,0.2058,0.0723,0.2488,0.0694,0.0543,0.1706,0.1447,0.2209,0.0577,0.1491,0.1564
1785434966.55,107,drive,2,4.0,15.0,40.793,25.11,250.13,0.1725,0.2273,0.0518,0.2063,0.0714,0.2478,0.0694,0.0557,0.1696,0.1447,0.2209,0.0577,0.1476,0.1554
1785434966.65,107,drive,3,4.0,15.0,40.793,25.11,250.13,0.1760,0.2297,0.0518,0.2067,0.0718,0.2478,0.0728,0.0572,0.1691,0.1437,0.2224,0.0582,0.1496,0.1554
1785434967.43,106,base,0,0.0,15.0,40.753,25.11,250.13,0.1764,0.2322,0.0513,0.2028,0.0718,0.2517,0.0723,0.0552,0.1716,0.1476,0.2219,0.0562,0.1500,0.1544
1785434967.53,106,base,1,0.0,15.0,40.753,25.11,250.13,0.1755,0.2268,0.0518,0.2053,0.0709,0.2507,0.0694,0.0567,0.1696,0.1476,0.2214,0.0591,0.1442,0.1559
1785434967.63,106,base,2,0.0,15.0,40.753,25.11,250.13,0.1730,0.2312,0.0538,0.2028,0.0714,0.2512,0.0718,0.0528,0.1711,0.1457,0.2214,0.0577,0.1486,0.1549
1785434967.72,106,base,3,0.0,15.0,40.753,25.11,250.13,0.1735,0.2297,0.0547,0.2043,0.0723,0.2527,0.0709,0.0508,0.1701,0.1466,0.2195,0.0552,0.1515,0.1535
1785434968.42,106,drive,0,0.5,15.0,40.753,25.11,250.13,0.1755,0.2273,0.0494,0.2028,0.0704,0.2517,0.0728,0.0562,0.1701,0.1486,0.2209,0.0587,0.1457,0.1549
1785434968.52,106,drive,1,0.5,15.0,40.753,25.11,250.13,0.1730,0.2292,0.0523,0.2077,0.0728,0.2502,0.0733,0.0557,0.1716,0.1457,0.2199,0.0577,0.1486,0.1540
1785434968.62,106,drive,2,0.5,15.0,40.753,25.11,250.13,0.1764,0.2312,0.0503,0.2063,0.0718,0.2498,0.0714,0.0552,0.1706,0.1461,0.2209,0.0582,0.1476,0.1544
1785434968.72,106,drive,3,0.5,15.0,40.753,25.11,250.13,0.1735,0.2297,0.0523,0.2014,0.0709,0.2527,0.0709,0.0572,0.1696,0.1461,0.2199,0.0572,0.1476,0.1544
1785434969.42,106,drive,0,1.0,15.0,40.753,25.11,250.13,0.1716,0.2302,0.0523,0.2048,0.0718,0.2488,0.0728,0.0552,0.1701,0.1447,0.2180,0.0567,0.1461,0.1559
1785434969.51,106,drive,1,1.0,15.0,40.753,25.11,250.13,0.1730,0.2292,0.0508,0.2048,0.0714,0.2532,0.0699,0.0543,0.1701,0.1471,0.2195,0.0567,0.1481,0.1559
1785434969.61,106,drive,2,1.0,15.0,40.753,25.11,250.13,0.1740,0.2297,0.0503,0.2023,0.0718,0.2493,0.0699,0.0562,0.1706,0.1452,0.2185,0.0591,0.1491,0.1535
1785434969.71,106,drive,3,1.0,15.0,40.753,25.11,250.13,0.1735,0.2297,0.0538,0.2043,0.0694,0.2517,0.0714,0.0547,0.1711,0.1476,0.2190,0.0567,0.1496,0.1540
1785434970.41,106,drive,0,1.5,15.0,40.753,25.11,250.13,0.1760,0.2297,0.0499,0.2028,0.0733,0.2522,0.0728,0.0567,0.1711,0.1476,0.2185,0.0582,0.1476,0.1559
1785434970.51,106,drive,1,1.5,15.0,40.753,25.11,250.13,0.1760,0.2292,0.0538,0.2053,0.0704,0.2546,0.0694,0.0557,0.1716,0.1481,0.2204,0.0567,0.1500,0.1544
1785434970.60,106,drive,2,1.5,15.0,40.753,25.11,250.13,0.1755,0.2297,0.0528,0.2043,0.0694,0.2517,0.0709,0.0562,0.1691,0.1461,0.2209,0.0587,0.1461,0.1564
1785434970.70,106,drive,3,1.5,15.0,40.753,25.11,250.13,0.1730,0.2307,0.0518,0.2063,0.0699,0.2537,0.0709,0.0538,0.1701,0.1481,0.2195,0.0572,0.1491,0.1569
1785434971.40,106,drive,0,2.0,15.0,40.753,25.11,250.13,0.1730,0.2278,0.0513,0.2033,0.0714,0.2512,0.0718,0.0547,0.1691,0.1457,0.2209,0.0587,0.1457,0.1559
1785434971.49,106,drive,1,2.0,15.0,40.753,25.11,250.13,0.1750,0.2278,0.0523,0.2028,0.0723,0.2502,0.0738,0.0557,0.1686,0.1481,0.2204,0.0577,0.1461,0.1540
1785434971.59,106,drive,2,2.0,15.0,40.753,25.11,250.13,0.1740,0.2292,0.0503,0.2063,0.0728,0.2542,0.0694,0.0547,0.1706,0.1481,0.2195,0.0582,0.1491,0.1540
1785434971.69,106,drive,3,2.0,15.0,40.753,25.11,250.13,0.1755,0.2297,0.0508,0.2048,0.0718,0.2522,0.0714,0.0547,0.1706,0.1481,0.2209,0.0557,0.1486,0.1559
1785434972.39,106,drive,0,2.5,15.0,40.753,25.11,250.13,0.1760,0.2292,0.0518,0.2043,0.0714,0.2537,0.0738,0.0577,0.1686,0.1481,0.2190,0.0562,0.1471,0.1549
1785434972.49,106,drive,1,2.5,15.0,40.753,25.11,250.13,0.1745,0.2297,0.0503,0.2067,0.0738,0.2507,0.0723,0.0533,0.1706,0.1452,0.2195,0.0587,0.1481,0.1540
1785434972.58,106,drive,2,2.5,15.0,40.753,25.11,250.13,0.1755,0.2292,0.0523,0.2053,0.0694,0.2502,0.0704,0.0538,0.1720,0.1461,0.2180,0.0582,0.1486,0.1540
1785434972.68,106,drive,3,2.5,15.0,40.753,25.11,250.13,0.1764,0.2307,0.0533,0.2053,0.0694,0.2517,0.0728,0.0572,0.1696,0.1452,0.2229,0.0572,0.1500,0.1554
1785434973.38,106,drive,0,3.0,15.0,40.753,25.11,250.13,0.1769,0.2278,0.0523,0.2048,0.0709,0.2498,0.0728,0.0533,0.1716,0.1471,0.2209,0.0591,0.1491,0.1564
1785434973.48,106,drive,1,3.0,15.0,40.753,25.11,250.13,0.1735,0.2307,0.0508,0.2058,0.0733,0.2512,0.0689,0.0538,0.1711,0.1496,0.2204,0.0582,0.1496,0.1554
1785434973.58,106,drive,2,3.0,15.0,40.753,25.11,250.13,0.1735,0.2312,0.0503,0.2048,0.0738,0.2507,0.0684,0.0547,0.1701,0.1500,0.2195,0.0601,0.1491,0.1549
1785434973.68,106,drive,3,3.0,15.0,40.753,25.11,250.13,0.1755,0.2302,0.0533,0.2048,0.0723,0.2463,0.0733,0.0543,0.1691,0.1476,0.2209,0.0587,0.1471,0.1559
1785434974.37,106,drive,0,3.5,15.0,40.753,25.11,250.13,0.1755,0.2292,0.0508,0.2072,0.0738,0.2507,0.0733,0.0562,0.1701,0.1500,0.2229,0.0557,0.1466,0.1564
1785434974.47,106,drive,1,3.5,15.0,40.753,25.11,250.13,0.1750,0.2307,0.0528,0.2053,0.0728,0.2502,0.0723,0.0557,0.1686,0.1486,0.2209,0.0577,0.1466,0.1569
1785434974.57,106,drive,2,3.5,15.0,40.753,25.11,250.13,0.1740,0.2268,0.0513,0.2092,0.0718,0.2498,0.0718,0.0552,0.1696,0.1496,0.2195,0.0577,0.1476,0.1544
1785434974.67,106,drive,3,3.5,15.0,40.753,25.11,250.13,0.1740,0.2287,0.0503,0.2033,0.0723,0.2498,0.0714,0.0552,0.1701,0.1500,0.2214,0.0577,0.1486,0.1549
1785434975.36,106,drive,0,4.0,15.0,40.753,25.11,250.13,0.1745,0.2312,0.0523,0.2082,0.0709,0.2517,0.0728,0.0562,0.1701,0.1491,0.2224,0.0582,0.1476,0.1535
1785434975.46,106,drive,1,4.0,15.0,40.753,25.11,250.13,0.1740,0.2292,0.0518,0.2048,0.0718,0.2532,0.0709,0.0552,0.1706,0.1481,0.2190,0.0582,0.1496,0.1535
1785434975.56,106,drive,2,4.0,15.0,40.753,25.11,250.13,0.1735,0.2312,0.0513,0.2072,0.0709,0.2507,0.0714,0.0547,0.1696,0.1461,0.2195,0.0577,0.1486,0.1549
1785434975.66,106,drive,3,4.0,15.0,40.753,25.11,250.13,0.1745,0.2263,0.0513,0.2092,0.0728,0.2502,0.0714,0.0543,0.1686,0.1491,0.2204,0.0582,0.1496,0.1554
1785434976.44,42,base,0,0.0,15.0,40.753,25.11,250.13,0.1730,0.2273,0.0543,0.2063,0.0709,0.2537,0.0748,0.0557,0.1701,0.1500,0.2219,0.0572,0.1476,0.1554
1785434976.54,42,base,1,0.0,15.0,40.753,25.11,250.13,0.1745,0.2322,0.0503,0.2067,0.0709,0.2498,0.0694,0.0567,0.1711,0.1505,0.2214,0.0572,0.1457,0.1564
1785434976.64,42,base,2,0.0,15.0,40.753,25.11,250.13,0.1725,0.2317,0.0513,0.2077,0.0723,0.2546,0.0709,0.0577,0.1711,0.1481,0.2214,0.0572,0.1496,0.1535
1785434976.74,42,base,3,0.0,15.0,40.753,25.11,250.13,0.1730,0.2297,0.0518,0.2082,0.0723,0.2512,0.0738,0.0557,0.1701,0.1476,0.2209,0.0567,0.1461,0.1554
1785434977.44,42,drive,0,0.5,15.0,40.753,25.11,250.13,0.1725,0.2317,0.0523,0.2058,0.0714,0.2522,0.0738,0.0557,0.1706,0.1510,0.2204,0.0557,0.1486,0.1564
1785434977.53,42,drive,1,0.5,15.0,40.753,25.11,250.13,0.1755,0.2297,0.0518,0.2063,0.0718,0.2542,0.0694,0.0533,0.1696,0.1520,0.2214,0.0572,0.1481,0.1574
1785434977.63,42,drive,2,0.5,15.0,40.753,25.11,250.13,0.1774,0.2302,0.0518,0.2038,0.0733,0.2522,0.0723,0.0523,0.1716,0.1500,0.2214,0.0582,0.1476,0.1544
1785434977.73,42,drive,3,0.5,15.0,40.753,25.11,250.13,0.1740,0.2312,0.0518,0.2063,0.0684,0.2522,0.0748,0.0552,0.1696,0.1515,0.2229,0.0562,0.1466,0.1554
1785434978.43,42,drive,0,1.0,15.0,40.753,25.11,250.13,0.1769,0.2273,0.0528,0.2058,0.0733,0.2498,0.0733,0.0567,0.1701,0.1491,0.2214,0.0601,0.1476,0.1549
1785434978.53,42,drive,1,1.0,15.0,40.753,25.11,250.13,0.1745,0.2292,0.0474,0.2043,0.0714,0.2527,0.0699,0.0572,0.1691,0.1505,0.2219,0.0567,0.1486,0.1544
1785434978.62,42,drive,2,1.0,15.0,40.753,25.11,250.13,0.1740,0.2292,0.0518,0.2072,0.0718,0.2527,0.0718,0.0547,0.1706,0.1510,0.2209,0.0587,0.1491,0.1535
1785434978.72,42,drive,3,1.0,15.0,40.753,25.11,250.13,0.1735,0.2297,0.0533,0.2048,0.0689,0.2532,0.0738,0.0547,0.1720,0.1505,0.2185,0.0582,0.1486,0.1564
1785434979.42,42,drive,0,1.5,15.0,40.753,25.11,250.13,0.1745,0.2297,0.0523,0.2082,0.0704,0.2488,0.0723,0.0557,0.1725,0.1491,0.2214,0.0596,0.1481,0.1535
1785434979.52,42,drive,1,1.5,15.0,40.753,25.11,250.13,0.1740,0.2292,0.0523,0.2072,0.0723,0.2517,0.0733,0.0582,0.1711,0.1510,0.2190,0.0582,0.1491,0.1559
1785434979.62,42,drive,2,1.5,15.0,40.753,25.11,250.13,0.1740,0.2312,0.0484,0.2082,0.0723,0.2522,0.0723,0.0572,0.1720,0.1476,0.2195,0.0567,0.1486,0.1520
1785434979.71,42,drive,3,1.5,15.0,40.753,25.11,250.13,0.1764,0.2302,0.0523,0.2063,0.0709,0.2527,0.0704,0.0562,0.1676,0.1496,0.2214,0.0587,0.1491,0.1574
1785434980.41,42,drive,0,2.0,15.0,40.753,25.11,250.13,0.1735,0.2283,0.0513,0.2063,0.0714,0.2517,0.0689,0.0552,0.1720,0.1486,0.2190,0.0562,0.1496,0.1535
1785434980.51,42,drive,1,2.0,15.0,40.753,25.11,250.13,0.1760,0.2307,0.0494,0.2072,0.0709,0.2527,0.0733,0.0577,0.1716,0.1505,0.2214,0.0587,0.1481,0.1530
1785434980.61,42,drive,2,2.0,15.0,40.753,25.11,250.13,0.1706,0.2287,0.0508,0.2072,0.0728,0.2478,0.0733,0.0562,0.1725,0.1491,0.2170,0.0611,0.1496,0.1540
1785434980.71,42,drive,3,2.0,15.0,40.753,25.11,250.13,0.1764,0.2278,0.0528,0.2087,0.0714,0.2498,0.0718,0.0557,0.1696,0.1496,0.2199,0.0567,0.1496,0.1525
1785434981.40,42,drive,0,2.5,15.0,40.753,25.11,250.13,0.1755,0.2263,0.0508,0.2072,0.0704,0.2517,0.0728,0.0567,0.1716,0.1491,0.2199,0.0582,0.1491,0.1554
1785434981.50,42,drive,1,2.5,15.0,40.753,25.11,250.13,0.1750,0.2297,0.0523,0.2072,0.0718,0.2517,0.0733,0.0543,0.1706,0.1491,0.2195,0.0572,0.1491,0.1544
1785434981.60,42,drive,2,2.5,15.0,40.753,25.11,250.13,0.1755,0.2297,0.0494,0.2058,0.0718,0.2532,0.0723,0.0562,0.1730,0.1505,0.2209,0.0582,0.1481,0.1554
1785434981.70,42,drive,3,2.5,15.0,40.753,25.11,250.13,0.1740,0.2322,0.0499,0.2063,0.0689,0.2507,0.0709,0.0572,0.1716,0.1481,0.2190,0.0582,0.1505,0.1564
1785434982.40,42,drive,0,3.0,15.0,40.753,25.11,250.13,0.1764,0.2273,0.0518,0.2072,0.0723,0.2512,0.0709,0.0572,0.1720,0.1486,0.2214,0.0591,0.1486,0.1559
1785434982.49,42,drive,1,3.0,15.0,40.753,25.11,250.13,0.1745,0.2292,0.0503,0.2053,0.0714,0.2493,0.0718,0.0577,0.1720,0.1476,0.2190,0.0582,0.1496,0.1540
1785434982.59,42,drive,2,3.0,15.0,40.753,25.11,250.13,0.1755,0.2292,0.0528,0.2072,0.0694,0.2517,0.0694,0.0557,0.1720,0.1505,0.2209,0.0562,0.1491,0.1554
1785434982.69,42,drive,3,3.0,15.0,40.753,25.11,250.13,0.1750,0.2278,0.0518,0.2063,0.0699,0.2532,0.0728,0.0562,0.1740,0.1496,0.2209,0.0577,0.1481,0.1544
1785434983.39,42,drive,0,3.5,15.0,40.753,25.11,250.13,0.1750,0.2268,0.0494,0.2087,0.0723,0.2498,0.0723,0.0538,0.1725,0.1505,0.2209,0.0572,0.1510,0.1554
1785434983.49,42,drive,1,3.5,15.0,40.753,25.11,250.13,0.1735,0.2302,0.0523,0.2107,0.0723,0.2507,0.0714,0.0557,0.1711,0.1491,0.2219,0.0567,0.1471,0.1554
1785434983.58,42,drive,2,3.5,15.0,40.753,25.11,250.13,0.1764,0.2297,0.0513,0.2082,0.0709,0.2522,0.0689,0.0562,0.1720,0.1520,0.2204,0.0567,0.1486,0.1559
1785434983.68,42,drive,3,3.5,15.0,40.753,25.11,250.13,0.1745,0.2292,0.0489,0.2067,0.0704,0.2517,0.0704,0.0567,0.1716,0.1525,0.2219,0.0557,0.1476,0.1564
1785434984.38,42,drive,0,4.0,15.0,40.753,25.11,250.13,0.1735,0.2302,0.0503,0.2107,0.0728,0.2522,0.0728,0.0547,0.1750,0.1540,0.2214,0.0572,0.1471,0.1549
1785434984.48,42,drive,1,4.0,15.0,40.753,25.11,250.13,0.1740,0.2278,0.0513,0.2116,0.0723,0.2507,0.0684,0.0552,0.1740,0.1515,0.2219,0.0557,0.1500,0.1569
1785434984.58,42,drive,2,4.0,15.0,40.753,25.11,250.13,0.1750,0.2297,0.0513,0.2102,0.0679,0.2502,0.0718,0.0572,0.1701,0.1515,0.2239,0.0591,0.1481,0.1554
1785434984.68,42,drive,3,4.0,15.0,40.753,25.11,250.13,0.1740,0.2307,0.0518,0.2121,0.0694,0.2478,0.0728,0.0557,0.1730,0.1505,0.2190,0.0582,0.1515,0.1535
1785434985.46,46,base,0,0.0,15.0,40.773,25.11,250.13,0.1750,0.2278,0.0518,0.2097,0.0714,0.2502,0.0714,0.0587,0.1725,0.1496,0.2214,0.0596,0.1500,0.1569
1785434985.56,46,base,1,0.0,15.0,40.773,25.11,250.13,0.1764,0.2297,0.0518,0.2102,0.0704,0.2512,0.0728,0.0552,0.1701,0.1530,0.2229,0.0562,0.1515,0.1515
1785434985.65,46,base,2,0.0,15.0,40.773,25.11,250.13,0.1740,0.2292,0.0518,0.2121,0.0733,0.2493,0.0723,0.0552,0.1735,0.1496,0.2199,0.0572,0.1505,0.1540
1785434985.75,46,base,3,0.0,15.0,40.773,25.11,250.13,0.1735,0.2297,0.0513,0.2102,0.0718,0.2512,0.0723,0.0547,0.1730,0.1505,0.2199,0.0557,0.1486,0.1510
1785434986.45,46,drive,0,0.5,15.0,40.773,25.11,250.13,0.1769,0.2292,0.0508,0.2097,0.0718,0.2522,0.0689,0.0543,0.1740,0.1505,0.2219,0.0587,0.1500,0.1530
1785434986.55,46,drive,1,0.5,15.0,40.773,25.11,250.13,0.1735,0.2278,0.0518,0.2102,0.0704,0.2507,0.0733,0.0552,0.1720,0.1510,0.2239,0.0577,0.1505,0.1535
1785434986.65,46,drive,2,0.5,15.0,40.773,25.11,250.13,0.1745,0.2278,0.0499,0.2077,0.0738,0.2493,0.0694,0.0562,0.1750,0.1535,0.2214,0.0567,0.1496,0.1574
1785434986.75,46,drive,3,0.5,15.0,40.773,25.11,250.13,0.1755,0.2302,0.0518,0.2067,0.0723,0.2502,0.0704,0.0552,0.1716,0.1515,0.2209,0.0577,0.1496,0.1554
1785434987.44,46,drive,0,1.0,15.0,40.773,25.11,250.13,0.1764,0.2297,0.0508,0.2063,0.0709,0.2512,0.0714,0.0547,0.1725,0.1525,0.2224,0.0567,0.1510,0.1535
1785434987.54,46,drive,1,1.0,15.0,40.773,25.11,250.13,0.1725,0.2297,0.0494,0.2058,0.0748,0.2527,0.0699,0.0572,0.1716,0.1530,0.2229,0.0552,0.1500,0.1554
1785434987.64,46,drive,2,1.0,15.0,40.773,25.11,250.13,0.1740,0.2297,0.0513,0.2043,0.0694,0.2512,0.0728,0.0567,0.1745,0.1540,0.2224,0.0577,0.1491,0.1569
1785434987.74,46,drive,3,1.0,15.0,40.773,25.11,250.13,0.1735,0.2292,0.0533,0.2082,0.0704,0.2488,0.0714,0.0577,0.1725,0.1505,0.2229,0.0587,0.1505,0.1559
1785434988.44,46,drive,0,1.5,15.0,40.773,25.11,250.13,0.1735,0.2297,0.0499,0.2077,0.0699,0.2493,0.0718,0.0572,0.1750,0.1500,0.2239,0.0582,0.1515,0.1540
1785434988.53,46,drive,1,1.5,15.0,40.773,25.11,250.13,0.1725,0.2283,0.0503,0.2072,0.0714,0.2483,0.0743,0.0577,0.1740,0.1525,0.2224,0.0587,0.1471,0.1544
1785434988.63,46,drive,2,1.5,15.0,40.773,25.11,250.13,0.1745,0.2307,0.0508,0.2082,0.0718,0.2493,0.0709,0.0567,0.1720,0.1530,0.2214,0.0587,0.1476,0.1544
1785434988.73,46,drive,3,1.5,15.0,40.773,25.11,250.13,0.1750,0.2263,0.0489,0.2077,0.0704,0.2512,0.0718,0.0557,0.1716,0.1544,0.2219,0.0582,0.1500,0.1544
1785434989.43,46,drive,0,2.0,15.0,40.773,25.11,250.13,0.1745,0.2287,0.0503,0.2072,0.0723,0.2517,0.0679,0.0567,0.1725,0.1535,0.2234,0.0572,0.1520,0.1544
1785434989.52,46,drive,1,2.0,15.0,40.773,25.11,250.13,0.1750,0.2278,0.0503,0.2082,0.0718,0.2532,0.0689,0.0552,0.1760,0.1525,0.2204,0.0596,0.1500,0.1579
1785434989.62,46,drive,2,2.0,15.0,40.773,25.11,250.13,0.1750,0.2278,0.0513,0.2087,0.0718,0.2517,0.0714,0.0577,0.1745,0.1525,0.2214,0.0567,0.1505,0.1564
1785434989.72,46,drive,3,2.0,15.0,40.773,25.11,250.13,0.1735,0.2283,0.0508,0.2048,0.0748,0.2502,0.0718,0.0567,0.1735,0.1530,0.2219,0.0552,0.1491,0.1559
1785434990.42,46,drive,0,2.5,15.0,40.773,25.11,250.13,0.1735,0.2297,0.0533,0.2063,0.0718,0.2537,0.0689,0.0543,0.1730,0.1544,0.2234,0.0582,0.1500,0.1540
1785434990.51,46,drive,1,2.5,15.0,40.773,25.11,250.13,0.1764,0.2292,0.0523,0.2082,0.0733,0.2507,0.0704,0.0557,0.1750,0.1540,0.2219,0.0562,0.1510,0.1564
1785434990.61,46,drive,2,2.5,15.0,40.773,25.11,250.13,0.1774,0.2268,0.0518,0.2077,0.0694,0.2507,0.0714,0.0547,0.1735,0.1525,0.2234,0.0572,0.1515,0.1564
1785434990.71,46,drive,3,2.5,15.0,40.773,25.11,250.13,0.1735,0.2292,0.0499,0.2092,0.0689,0.2512,0.0709,0.0543,0.1750,0.1520,0.2239,0.0557,0.1520,0.1535
1785434991.41,46,drive,0,3.0,15.0,40.773,25.11,250.13,0.1735,0.2273,0.0523,0.2102,0.0709,0.2527,0.0738,0.0543,0.1730,0.1540,0.2224,0.0582,0.1505,0.1559
1785434991.50,46,drive,1,3.0,15.0,40.773,25.11,250.13,0.1745,0.2273,0.0513,0.2175,0.0704,0.2473,0.0728,0.0572,0.1730,0.1530,0.2209,0.0567,0.1535,0.1510
1785434991.60,46,drive,2,3.0,15.0,40.773,25.11,250.13,0.1730,0.2273,0.0533,0.2136,0.0709,0.2483,0.0723,0.0582,0.1740,0.1525,0.2214,0.0577,0.1515,0.1540
1785434991.70,46,drive,3,3.0,15.0,40.773,25.11,250.13,0.1730,0.2287,0.0513,0.2170,0.0714,0.2463,0.0723,0.0577,0.1735,0.1505,0.2195,0.0577,0.1505,0.1525
1785434992.40,46,drive,0,3.5,15.0,40.773,25.11,250.13,0.1735,0.2302,0.0528,0.2136,0.0704,0.2483,0.0733,0.0557,0.1760,0.1525,0.2224,0.0582,0.1500,0.1574
1785434992.50,46,drive,1,3.5,15.0,40.773,25.11,250.13,0.1745,0.2273,0.0513,0.2136,0.0718,0.2483,0.0728,0.0567,0.1735,0.1520,0.2219,0.0577,0.1510,0.1549
1785434992.60,46,drive,2,3.5,15.0,40.773,25.11,250.13,0.1716,0.2268,0.0513,0.2126,0.0689,0.2507,0.0709,0.0562,0.1745,0.1535,0.2209,0.0591,0.1496,0.1540
1785434992.69,46,drive,3,3.5,15.0,40.773,25.11,250.13,0.1745,0.2297,0.0508,0.2136,0.0689,0.2478,0.0718,0.0552,0.1730,0.1515,0.2229,0.0596,0.1520,0.1540
1785434993.39,46,drive,0,4.0,15.0,40.773,25.11,250.13,0.1745,0.2297,0.0518,0.2170,0.0694,0.2478,0.0733,0.0562,0.1735,0.1525,0.2239,0.0577,0.1520,0.1515
1785434993.49,46,drive,1,4.0,15.0,40.773,25.11,250.13,0.1750,0.2273,0.0518,0.2175,0.0714,0.2454,0.0709,0.0567,0.1755,0.1515,0.2219,0.0557,0.1500,0.1564
1785434993.59,46,drive,2,4.0,15.0,40.773,25.11,250.13,0.1730,0.2302,0.0523,0.2160,0.0723,0.2478,0.0728,0.0562,0.1740,0.1540,0.2209,0.0567,0.1515,0.1540
1785434993.68,46,drive,3,4.0,15.0,40.773,25.11,250.13,0.1725,0.2287,0.0508,0.2151,0.0699,0.2502,0.0714,0.0567,0.1745,0.1535,0.2219,0.0552,0.1496,0.1564
1785434994.46,47,base,0,0.0,15.0,40.753,25.11,250.13,0.1769,0.2292,0.0513,0.2131,0.0714,0.2488,0.0699,0.0567,0.1745,0.1535,0.2209,0.0572,0.1549,0.1520
1785434994.56,47,base,1,0.0,15.0,40.753,25.11,250.13,0.1740,0.2307,0.0528,0.2141,0.0689,0.2493,0.0709,0.0538,0.1735,0.1535,0.2239,0.0582,0.1520,0.1559
1785434994.66,47,base,2,0.0,15.0,40.753,25.11,250.13,0.1735,0.2268,0.0503,0.2146,0.0718,0.2454,0.0733,0.0552,0.1745,0.1515,0.2204,0.0572,0.1496,0.1535
1785434994.75,47,base,3,0.0,15.0,40.753,25.11,250.13,0.1735,0.2292,0.0518,0.2160,0.0709,0.2493,0.0718,0.0567,0.1740,0.1535,0.2199,0.0557,0.1500,0.1540
1785434995.45,47,drive,0,0.5,15.0,40.753,25.11,250.13,0.1760,0.2283,0.0533,0.2151,0.0689,0.2483,0.0709,0.0552,0.1755,0.1530,0.2209,0.0572,0.1525,0.1540
1785434995.55,47,drive,1,0.5,15.0,40.753,25.11,250.13,0.1750,0.2292,0.0528,0.2151,0.0699,0.2498,0.0718,0.0572,0.1774,0.1525,0.2185,0.0577,0.1535,0.1530
1785434995.64,47,drive,2,0.5,15.0,40.753,25.11,250.13,0.1706,0.2268,0.0523,0.2136,0.0709,0.2468,0.0714,0.0577,0.1764,0.1515,0.2229,0.0587,0.1530,0.1520
1785434995.74,47,drive,3,0.5,15.0,40.753,25.11,250.13,0.1745,0.2278,0.0503,0.2146,0.0718,0.2463,0.0714,0.0562,0.1745,0.1500,0.2199,0.0582,0.1530,0.1549
1785434996.44,47,drive,0,1.0,15.0,40.753,25.11,250.13,0.1745,0.2292,0.0499,0.2126,0.0704,0.2498,0.0728,0.0557,0.1755,0.1520,0.2219,0.0577,0.1505,0.1535
1785434996.54,47,drive,1,1.0,15.0,40.753,25.11,250.13,0.1764,0.2317,0.0499,0.2111,0.0718,0.2512,0.0699,0.0547,0.1760,0.1505,0.2219,0.0572,0.1515,0.1559
1785434996.64,47,drive,2,1.0,15.0,40.753,25.11,250.13,0.1760,0.2302,0.0508,0.2116,0.0704,0.2498,0.0709,0.0543,0.1740,0.1544,0.2239,0.0596,0.1515,0.1540
1785434996.74,47,drive,3,1.0,15.0,40.753,25.11,250.13,0.1755,0.2283,0.0513,0.2116,0.0704,0.2498,0.0709,0.0547,0.1755,0.1530,0.2195,0.0587,0.1500,0.1559
1785434997.43,47,drive,0,1.5,15.0,40.753,25.11,250.13,0.1745,0.2292,0.0518,0.2126,0.0704,0.2493,0.0743,0.0543,0.1760,0.1554,0.2219,0.0552,0.1515,0.1535
1785434997.53,47,drive,1,1.5,15.0,40.753,25.11,250.13,0.1745,0.2292,0.0533,0.2131,0.0689,0.2488,0.0704,0.0552,0.1764,0.1540,0.2224,0.0577,0.1510,0.1544
1785434997.63,47,drive,2,1.5,15.0,40.753,25.11,250.13,0.1725,0.2297,0.0499,0.2151,0.0728,0.2502,0.0714,0.0552,0.1745,0.1544,0.2229,0.0562,0.1525,0.1569
1785434997.73,47,drive,3,1.5,15.0,40.753,25.11,250.13,0.1764,0.2268,0.0503,0.2141,0.0714,0.2493,0.0738,0.0572,0.1735,0.1540,0.2204,0.0577,0.1520,0.1554
1785434998.43,47,drive,0,2.0,15.0,40.753,25.11,250.13,0.1711,0.2317,0.0523,0.2146,0.0718,0.2488,0.0709,0.0557,0.1764,0.1544,0.2248,0.0587,0.1510,0.1559
1785434998.52,47,drive,1,2.0,15.0,40.753,25.11,250.13,0.1750,0.2278,0.0503,0.2121,0.0694,0.2493,0.0738,0.0572,0.1755,0.1554,0.2243,0.0587,0.1505,0.1535
1785434998.62,47,drive,2,2.0,15.0,40.753,25.11,250.13,0.1730,0.2287,0.0503,0.2111,0.0699,0.2512,0.0704,0.0572,0.1764,0.1554,0.2219,0.0557,0.1510,0.1535
1785434998.72,47,drive,3,2.0,15.0,40.753,25.11,250.13,0.1745,0.2287,0.0528,0.2102,0.0714,0.2478,0.0714,0.0567,0.1769,0.1520,0.2243,0.0591,0.1544,0.1540
1785434999.41,47,drive,0,2.5,15.0,40.753,25.11,250.13,0.1755,0.2273,0.0518,0.2131,0.0723,0.2512,0.0709,0.0552,0.1750,0.1525,0.2239,0.0582,0.1530,0.1569
1785434999.51,47,drive,1,2.5,15.0,40.753,25.11,250.13,0.1764,0.2307,0.0523,0.2111,0.0694,0.2488,0.0723,0.0562,0.1760,0.1554,0.2243,0.0596,0.1525,0.1540
1785434999.61,47,drive,2,2.5,15.0,40.753,25.11,250.13,0.1730,0.2263,0.0513,0.2141,0.0723,0.2507,0.0728,0.0557,0.1794,0.1549,0.2239,0.0557,0.1515,0.1544
1785434999.71,47,drive,3,2.5,15.0,40.753,25.11,250.13,0.1750,0.2287,0.0513,0.2116,0.0718,0.2463,0.0704,0.0557,0.1760,0.1530,0.2243,0.0596,0.1535,0.1549
1785435000.40,47,drive,0,3.0,15.0,40.753,25.11,250.13,0.1745,0.2273,0.0503,0.2097,0.0699,0.2502,0.0714,0.0543,0.1740,0.1530,0.2214,0.0562,0.1535,0.1554
1785435000.50,47,drive,1,3.0,15.0,40.753,25.11,250.13,0.1735,0.2302,0.0518,0.2102,0.0714,0.2517,0.0723,0.0547,0.1760,0.1549,0.2214,0.0591,0.1525,0.1530
1785435000.60,47,drive,2,3.0,15.0,40.753,25.11,250.13,0.1740,0.2297,0.0508,0.2146,0.0704,0.2483,0.0728,0.0567,0.1745,0.1535,0.2214,0.0596,0.1515,0.1540
1785435000.70,47,drive,3,3.0,15.0,40.753,25.11,250.13,0.1755,0.2302,0.0518,0.2131,0.0704,0.2502,0.0718,0.0562,0.1750,0.1535,0.2239,0.0572,0.1525,0.1535
1785435001.39,47,drive,0,3.5,15.0,40.753,25.11,250.13,0.1760,0.2278,0.0508,0.2146,0.0694,0.2493,0.0728,0.0557,0.1750,0.1544,0.2229,0.0596,0.1515,0.1530
1785435001.49,47,drive,1,3.5,15.0,40.753,25.11,250.13,0.1755,0.2322,0.0518,0.2136,0.0718,0.2488,0.0704,0.0557,0.1764,0.1549,0.2209,0.0587,0.1540,0.1544
1785435001.59,47,drive,2,3.5,15.0,40.753,25.11,250.13,0.1745,0.2292,0.0528,0.2116,0.0714,0.2478,0.0714,0.0543,0.1769,0.1530,0.2229,0.0577,0.1515,0.1554
1785435001.69,47,drive,3,3.5,15.0,40.753,25.11,250.13,0.1750,0.2287,0.0508,0.2116,0.0699,0.2512,0.0723,0.0552,0.1764,0.1530,0.2219,0.0562,0.1510,0.1530
1785435002.39,47,drive,0,4.0,15.0,40.753,25.11,250.13,0.1760,0.2287,0.0523,0.2151,0.0718,0.2468,0.0714,0.0582,0.1745,0.1549,0.2234,0.0582,0.1515,0.1559
1785435002.48,47,drive,1,4.0,15.0,40.753,25.11,250.13,0.1720,0.2297,0.0499,0.2180,0.0714,0.2488,0.0723,0.0538,0.1774,0.1544,0.2229,0.0567,0.1510,0.1544
1785435002.58,47,drive,2,4.0,15.0,40.753,25.11,250.13,0.1750,0.2278,0.0513,0.2126,0.0709,0.2507,0.0733,0.0538,0.1769,0.1549,0.2258,0.0577,0.1491,0.1540
1785435002.68,47,drive,3,4.0,15.0,40.753,25.11,250.13,0.1750,0.2297,0.0538,0.2116,0.0694,0.2512,0.0743,0.0533,0.1760,0.1549,0.2234,0.0567,0.1544,0.1554
1785435003.46,116,base,0,0.0,15.0,40.733,25.11,250.13,0.1740,0.2253,0.0499,0.2195,0.0699,0.2458,0.0728,0.0562,0.1774,0.1554,0.2224,0.0557,0.1530,0.1559
1785435003.55,116,base,1,0.0,15.0,40.733,25.11,250.13,0.1735,0.2268,0.0508,0.2141,0.0704,0.2488,0.0728,0.0567,0.1779,0.1549,0.2253,0.0572,0.1510,0.1540
1785435003.65,116,base,2,0.0,15.0,40.733,25.11,250.13,0.1760,0.2287,0.0528,0.2121,0.0714,0.2478,0.0728,0.0528,0.1764,0.1540,0.2243,0.0567,0.1510,0.1540
1785435003.75,116,base,3,0.0,15.0,40.733,25.11,250.13,0.1740,0.2283,0.0528,0.2141,0.0699,0.2502,0.0718,0.0577,0.1755,0.1554,0.2248,0.0567,0.1505,0.1540
1785435004.45,116,drive,0,0.5,15.0,40.733,25.11,250.13,0.1745,0.2273,0.0528,0.2155,0.0699,0.2493,0.0733,0.0562,0.1769,0.1554,0.2243,0.0567,0.1520,0.1544
1785435004.55,116,drive,1,0.5,15.0,40.733,25.11,250.13,0.1740,0.2278,0.0508,0.2155,0.0723,0.2429,0.0748,0.0567,0.1779,0.1544,0.2243,0.0577,0.1520,0.1554
1785435004.65,116,drive,2,0.5,15.0,40.733,25.11,250.13,0.1720,0.2287,0.0508,0.2141,0.0728,0.2478,0.0699,0.0567,0.1764,0.1540,0.2234,0.0572,0.1505,0.1549
1785435004.74,116,drive,3,0.5,15.0,40.733,25.11,250.13,0.1750,0.2287,0.0499,0.2126,0.0709,0.2507,0.0714,0.0552,0.1769,0.1535,0.2229,0.0577,0.1515,0.1554
1785435005.44,116,drive,0,1.0,15.0,40.733,25.11,250.13,0.1730,0.2283,0.0503,0.2126,0.0723,0.2483,0.0714,0.0557,0.1784,0.1540,0.2209,0.0567,0.1530,0.1554
1785435005.54,116,drive,1,1.0,15.0,40.733,25.11,250.13,0.1755,0.2297,0.0523,0.2121,0.0714,0.2488,0.0704,0.0562,0.1789,0.1544,0.2234,0.0572,0.1491,0.1554
1785435005.64,116,drive,2,1.0,15.0,40.733,25.11,250.13,0.1740,0.2268,0.0489,0.2126,0.0743,0.2502,0.0718,0.0577,0.1774,0.1559,0.2248,0.0572,0.1500,0.1554
1785435005.74,116,drive,3,1.0,15.0,40.733,25.11,250.13,0.1745,0.2287,0.0523,0.2107,0.0718,0.2483,0.0728,0.0562,0.1760,0.1554,0.2239,0.0567,0.1520,0.1554
1785435006.44,116,drive,0,1.5,15.0,40.733,25.11,250.13,0.1735,0.2273,0.0503,0.2028,0.0723,0.2542,0.0704,0.0567,0.1784,0.1540,0.2243,0.0582,0.1510,0.1549
1785435006.53,116,drive,1,1.5,15.0,40.733,25.11,250.13,0.1750,0.2283,0.0503,0.2033,0.0689,0.2532,0.0714,0.0582,0.1764,0.1579,0.2229,0.0591,0.1491,0.1535
1785435006.63,116,drive,2,1.5,15.0,40.733,25.11,250.13,0.1755,0.2287,0.0513,0.2048,0.0704,0.2566,0.0714,0.0572,0.1740,0.1579,0.2248,0.0577,0.1500,0.1525
1785435006.73,116,drive,3,1.5,15.0,40.733,25.11,250.13,0.1720,0.2297,0.0503,0.2058,0.0728,0.2532,0.0723,0.0557,0.1779,0.1554,0.2248,0.0567,0.1515,0.1574
1785435007.43,116,drive,0,2.0,15.0,40.733,25.11,250.13,0.1735,0.2292,0.0518,0.2014,0.0718,0.2532,0.0738,0.0582,0.1774,0.1544,0.2239,0.0577,0.1500,0.1549
1785435007.53,116,drive,1,2.0,15.0,40.733,25.11,250.13,0.1735,0.2297,0.0528,0.2014,0.0714,0.2532,0.0723,0.0557,0.1764,0.1540,0.2258,0.0611,0.1515,0.1540
1785435007.62,116,drive,2,2.0,15.0,40.733,25.11,250.13,0.1750,0.2268,0.0489,0.2028,0.0694,0.2546,0.0733,0.0557,0.1784,0.1564,0.2268,0.0587,0.1515,0.1540
1785435007.72,116,drive,3,2.0,15.0,40.733,25.11,250.13,0.1750,0.2302,0.0518,0.2014,0.0709,0.2527,0.0718,0.0562,0.1774,0.1579,0.2263,0.0567,0.1500,0.1569
1785435008.42,116,drive,0,2.5,15.0,40.733,25.11,250.13,0.1730,0.2278,0.0523,0.2009,0.0733,0.2546,0.0718,0.0582,0.1774,0.1554,0.2243,0.0577,0.1500,0.1559
1785435008.52,116,drive,1,2.5,15.0,40.733,25.11,250.13,0.1735,0.2297,0.0523,0.2009,0.0718,0.2532,0.0733,0.0567,0.1789,0.1540,0.2229,0.0567,0.1525,0.1554
1785435008.62,116,drive,2,2.5,15.0,40.733,25.11,250.13,0.1740,0.2287,0.0503,0.1994,0.0728,0.2527,0.0699,0.0572,0.1769,0.1559,0.2214,0.0587,0.1525,0.1564
1785435008.71,116,drive,3,2.5,15.0,40.733,25.11,250.13,0.1740,0.2253,0.0528,0.2014,0.0733,0.2537,0.0718,0.0567,0.1789,0.1540,0.2234,0.0582,0.1500,0.1554
1785435009.41,116,drive,0,3.0,15.0,40.733,25.11,250.13,0.1779,0.2322,0.0513,0.2033,0.0699,0.2522,0.0723,0.0562,0.1755,0.1564,0.2214,0.0591,0.1515,0.1544
1785435009.51,116,drive,1,3.0,15.0,40.733,25.11,250.13,0.1760,0.2278,0.0513,0.2048,0.0723,0.2551,0.0709,0.0557,0.1769,0.1554,0.2243,0.0591,0.1500,0.1544
1785435009.61,116,drive,2,3.0,15.0,40.733,25.11,250.13,0.1764,0.2292,0.0508,0.2033,0.0714,0.2561,0.0709,0.0547,0.1764,0.1569,0.2239,0.0562,0.1515,0.1559
1785435009.71,116,drive,3,3.0,15.0,40.733,25.11,250.13,0.1725,0.2278,0.0552,0.2019,0.0718,0.2527,0.0728,0.0547,0.1774,0.1559,0.2229,0.0587,0.1525,0.1554
1785435010.41,116,drive,0,3.5,15.0,40.733,25.11,250.13,0.1730,0.2278,0.0503,0.2043,0.0723,0.2522,0.0753,0.0572,0.1764,0.1549,0.2209,0.0572,0.1520,0.1564
1785435010.50,116,drive,1,3.5,15.0,40.733,25.11,250.13,0.1750,0.2258,0.0513,0.2019,0.0728,0.2551,0.0738,0.0543,0.1779,0.1564,0.2214,0.0596,0.1515,0.1564
1785435010.60,116,drive,2,3.5,15.0,40.733,25.11,250.13,0.1750,0.2283,0.0508,0.2019,0.0743,0.2537,0.0723,0.0557,0.1779,0.1574,0.2214,0.0577,0.1510,0.1549
1785435010.70,116,drive,3,3.5,15.0,40.733,25.11,250.13,0.1750,0.2278,0.0518,0.2038,0.0728,0.2517,0.0699,0.0577,0.1799,0.1554,0.2224,0.0582,0.1510,0.1559
1785435011.40,116,drive,0,4.0,15.0,40.733,25.11,250.13,0.1730,0.2302,0.0518,0.1989,0.0723,0.2537,0.0714,0.0557,0.1764,0.1554,0.2243,0.0572,0.1505,0.1540
1785435011.50,116,drive,1,4.0,15.0,40.733,25.11,250.13,0.1769,0.2268,0.0523,0.2033,0.0743,0.2537,0.0728,0.0562,0.1755,0.1549,0.2253,0.0567,0.1481,0.1574
1785435011.59,116,drive,2,4.0,15.0,40.733,25.11,250.13,0.1735,0.2292,0.0508,0.2023,0.0748,0.2532,0.0709,0.0567,0.1779,0.1564,0.2253,0.0591,0.1505,0.1549
1785435011.69,116,drive,3,4.0,15.0,40.733,25.11,250.13,0.1730,0.2302,0.0523,0.2028,0.0709,0.2527,0.0714,0.0557,0.1779,0.1559,0.2243,0.0587,0.1520,0.1549
1785435012.47,119,base,0,0.0,15.0,40.773,25.11,250.13,0.1740,0.2273,0.0513,0.2033,0.0728,0.2546,0.0714,0.0577,0.1774,0.1549,0.2214,0.0591,0.1510,0.1564
1785435012.57,119,base,1,0.0,15.0,40.773,25.11,250.13,0.1740,0.2287,0.0513,0.2033,0.0723,0.2532,0.0714,0.0543,0.1764,0.1593,0.2234,0.0577,0.1491,0.1569
1785435012.67,119,base,2,0.0,15.0,40.773,25.11,250.13,0.1740,0.2287,0.0518,0.2014,0.0753,0.2546,0.0709,0.0582,0.1784,0.1564,0.2229,0.0567,0.1535,0.1540
1785435012.77,119,base,3,0.0,15.0,40.773,25.11,250.13,0.1760,0.2297,0.0503,0.2023,0.0699,0.2551,0.0728,0.0533,0.1735,0.1574,0.2234,0.0591,0.1505,0.1554
1785435013.47,119,drive,0,0.5,15.0,40.773,25.11,250.13,0.1750,0.2292,0.0503,0.2038,0.0738,0.2532,0.0709,0.0538,0.1774,0.1559,0.2248,0.0547,0.1510,0.1559
1785435013.56,119,drive,1,0.5,15.0,40.773,25.11,250.13,0.1774,0.2273,0.0513,0.2019,0.0723,0.2546,0.0743,0.0567,0.1760,0.1559,0.2248,0.0587,0.1505,0.1535
1785435013.66,119,drive,2,0.5,15.0,40.773,25.11,250.13,0.1750,0.2283,0.0484,0.2014,0.0733,0.2532,0.0709,0.0543,0.1764,0.1554,0.2239,0.0577,0.1500,0.1549
1785435013.76,119,drive,3,0.5,15.0,40.773,25.11,250.13,0.1730,0.2278,0.0518,0.2033,0.0728,0.2542,0.0660,0.0557,0.1784,0.1593,0.2239,0.0567,0.1515,0.1544
1785435014.46,119,drive,0,1.0,15.0,40.773,25.11,250.13,0.1740,0.2283,0.0518,0.2019,0.0718,0.2517,0.0714,0.0577,0.1799,0.1559,0.2258,0.0567,0.1540,0.1559
1785435014.55,119,drive,1,1.0,15.0,40.773,25.11,250.13,0.1725,0.2278,0.0538,0.2023,0.0738,0.2542,0.0723,0.0552,0.1789,0.1554,0.2239,0.0577,0.1525,0.1559
1785435014.65,119,drive,2,1.0,15.0,40.773,25.11,250.13,0.1730,0.2268,0.0513,0.2009,0.0728,0.2522,0.0723,0.0562,0.1779,0.1564,0.2229,0.0567,0.1535,0.1540
1785435014.75,119,drive,3,1.0,15.0,40.773,25.11,250.13,0.1755,0.2292,0.0508,0.2028,0.0733,0.2537,0.0714,0.0577,0.1769,0.1554,0.2258,0.0577,0.1510,0.1549
1785435015.45,119,drive,0,1.5,15.0,40.773,25.11,250.13,0.1730,0.2287,0.0528,0.2014,0.0714,0.2532,0.0704,0.0547,0.1804,0.1574,0.2234,0.0572,0.1520,0.1579
1785435015.55,119,drive,1,1.5,15.0,40.773,25.11,250.13,0.1735,0.2287,0.0528,0.2023,0.0718,0.2532,0.0738,0.0562,0.1774,0.1564,0.2253,0.0587,0.1515,0.1554
1785435015.65,119,drive,2,1.5,15.0,40.773,25.11,250.13,0.1760,0.2278,0.0528,0.2014,0.0718,0.2532,0.0684,0.0572,0.1784,0.1535,0.2248,0.0577,0.1535,0.1549
1785435015.74,119,drive,3,1.5,15.0,40.773,25.11,250.13,0.1750,0.2297,0.0518,0.2004,0.0753,0.2556,0.0723,0.0572,0.1799,0.1559,0.2243,0.0601,0.1535,0.1564
1785435016.44,119,drive,0,2.0,15.0,40.773,25.11,250.13,0.1735,0.2278,0.0518,0.2043,0.0723,0.2522,0.0743,0.0572,0.1779,0.1549,0.2258,0.0577,0.1515,0.1540
1785435016.54,119,drive,1,2.0,15.0,40.773,25.11,250.13,0.1745,0.2273,0.0508,0.2023,0.0718,0.2517,0.0709,0.0562,0.1779,0.1549,0.2253,0.0572,0.1535,0.1549
1785435016.63,119,drive,2,2.0,15.0,40.773,25.11,250.13,0.1725,0.2268,0.0528,0.2028,0.0723,0.2532,0.0714,0.0572,0.1760,0.1574,0.2253,0.0572,0.1496,0.1569
1785435016.73,119,drive,3,2.0,15.0,40.773,25.11,250.13,0.1735,0.2278,0.0489,0.2028,0.0738,0.2532,0.0728,0.0572,0.1779,0.1559,0.2239,0.0567,0.1515,0.1564
1785435017.43,119,drive,0,2.5,15.0,40.773,25.11,250.13,0.1750,0.2268,0.0489,0.2038,0.0762,0.2522,0.0704,0.0557,0.1774,0.1554,0.2253,0.0572,0.1515,0.1544
1785435017.53,119,drive,1,2.5,15.0,40.773,25.11,250.13,0.1725,0.2283,0.0518,0.2038,0.0728,0.2546,0.0728,0.0562,0.1764,0.1564,0.2234,0.0572,0.1525,0.1554
1785435017.63,119,drive,2,2.5,15.0,40.773,25.11,250.13,0.1755,0.2292,0.0508,0.2014,0.0743,0.2537,0.0723,0.0552,0.1784,0.1579,0.2239,0.0582,0.1510,0.1549
1785435017.72,119,drive,3,2.5,15.0,40.773,25.11,250.13,0.1730,0.2287,0.0484,0.2028,0.0704,0.2537,0.0704,0.0582,0.1755,0.1559,0.2219,0.0601,0.1520,0.1549
1785435018.42,119,drive,0,3.0,15.0,40.773,25.11,250.13,0.1740,0.2273,0.0479,0.2023,0.0748,0.2556,0.0709,0.0543,0.1799,0.1559,0.2229,0.0582,0.1496,0.1559
1785435018.52,119,drive,1,3.0,15.0,40.773,25.11,250.13,0.1720,0.2283,0.0503,0.2038,0.0748,0.2546,0.0714,0.0567,0.1769,0.1559,0.2239,0.0577,0.1530,0.1559
1785435018.62,119,drive,2,3.0,15.0,40.773,25.11,250.13,0.1735,0.2283,0.0518,0.2048,0.0718,0.2551,0.0704,0.0557,0.1789,0.1554,0.2229,0.0591,0.1520,0.1535
1785435018.72,119,drive,3,3.0,15.0,40.773,25.11,250.13,0.1755,0.2292,0.0518,0.2019,0.0728,0.2537,0.0718,0.0567,0.1774,0.1540,0.2229,0.0591,0.1520,0.1535
1785435019.42,119,drive,0,3.5,15.0,40.773,25.11,250.13,0.1720,0.2283,0.0518,0.2038,0.0723,0.2546,0.0733,0.0587,0.1760,0.1549,0.2253,0.0572,0.1500,0.1559
1785435019.51,119,drive,1,3.5,15.0,40.773,25.11,250.13,0.1740,0.2253,0.0513,0.2033,0.0709,0.2517,0.0738,0.0572,0.1760,0.1569,0.2248,0.0572,0.1525,0.1544
1785435019.61,119,drive,2,3.5,15.0,40.773,25.11,250.13,0.1740,0.2283,0.0523,0.2019,0.0728,0.2537,0.0723,0.0547,0.1769,0.1564,0.2258,0.0582,0.1510,0.1554
1785435019.71,119,drive,3,3.5,15.0,40.773,25.11,250.13,0.1745,0.2278,0.0513,0.2053,0.0718,0.2546,0.0723,0.0547,0.1760,0.1559,0.2253,0.0572,0.1520,0.1559
1785435020.41,119,drive,0,4.0,15.0,40.773,25.11,250.13,0.1716,0.2263,0.0503,0.2058,0.0718,0.2537,0.0728,0.0543,0.1779,0.1554,0.2248,0.0577,0.1530,0.1559
1785435020.51,119,drive,1,4.0,15.0,40.773,25.11,250.13,0.1750,0.2297,0.0518,0.2048,0.0704,0.2546,0.0709,0.0572,0.1760,0.1549,0.2248,0.0572,0.1491,0.1559
1785435020.60,119,drive,2,4.0,15.0,40.773,25.11,250.13,0.1745,0.2287,0.0508,0.2033,0.0743,0.2532,0.0723,0.0552,0.1784,0.1564,0.2234,0.0591,0.1505,0.1540
1785435020.70,119,drive,3,4.0,15.0,40.773,25.11,250.13,0.1745,0.2331,0.0518,0.2033,0.0743,0.2532,0.0699,0.0547,0.1750,0.1579,0.2248,0.0611,0.1510,0.1544
1785435021.47,55,base,0,0.0,15.0,40.733,25.11,250.13,0.1740,0.2278,0.0508,0.2019,0.0733,0.2507,0.0709,0.0562,0.1779,0.1554,0.2248,0.0596,0.1515,0.1564
1785435021.57,55,base,1,0.0,15.0,40.733,25.11,250.13,0.1755,0.2263,0.0538,0.2043,0.0738,0.2537,0.0714,0.0567,0.1750,0.1574,0.2243,0.0596,0.1510,0.1549
1785435021.67,55,base,2,0.0,15.0,40.733,25.11,250.13,0.1735,0.2278,0.0518,0.2023,0.0733,0.2532,0.0718,0.0567,0.1774,0.1544,0.2248,0.0572,0.1530,0.1530
1785435021.76,55,base,3,0.0,15.0,40.733,25.11,250.13,0.1745,0.2292,0.0523,0.2048,0.0733,0.2532,0.0714,0.0567,0.1764,0.1554,0.2224,0.0572,0.1515,0.1559
1785435022.46,55,drive,0,0.5,15.0,40.733,25.11,250.13,0.1735,0.2268,0.0503,0.2058,0.0728,0.2532,0.0699,0.0567,0.1794,0.1549,0.2229,0.0567,0.1500,0.1574
1785435022.56,55,drive,1,0.5,15.0,40.733,25.11,250.13,0.1735,0.2287,0.0533,0.2014,0.0723,0.2517,0.0699,0.0562,0.1784,0.1559,0.2239,0.0577,0.1520,0.1535
1785435022.66,55,drive,2,0.5,15.0,40.733,25.11,250.13,0.1755,0.2258,0.0503,0.2058,0.0738,0.2542,0.0689,0.0582,0.1779,0.1554,0.2224,0.0582,0.1500,0.1549
1785435022.76,55,drive,3,0.5,15.0,40.733,25.11,250.13,0.1735,0.2263,0.0494,0.2063,0.0709,0.2527,0.0733,0.0547,0.1764,0.1554,0.2239,0.0567,0.1544,0.1549
1785435023.46,55,drive,0,1.0,15.0,40.733,25.11,250.13,0.1774,0.2253,0.0503,0.2048,0.0733,0.2522,0.0704,0.0562,0.1779,0.1564,0.2258,0.0572,0.1515,0.1530
1785435023.55,55,drive,1,1.0,15.0,40.733,25.11,250.13,0.1730,0.2297,0.0528,0.2028,0.0714,0.2532,0.0733,0.0557,0.1774,0.1544,0.2268,0.0582,0.1515,0.1549
1785435023.65,55,drive,2,1.0,15.0,40.733,25.11,250.13,0.1745,0.2268,0.0523,0.2033,0.0753,0.2522,0.0728,0.0567,0.1784,0.1554,0.2224,0.0572,0.1525,0.1540
1785435023.75,55,drive,3,1.0,15.0,40.733,25.11,250.13,0.1745,0.2292,0.0503,0.2014,0.0733,0.2532,0.0709,0.0552,0.1769,0.1574,0.2248,0.0572,0.1510,0.1564
1785435024.45,55,drive,0,1.5,15.0,40.733,25.11,250.13,0.1750,0.2292,0.0518,0.2019,0.0743,0.2522,0.0728,0.0557,0.1769,0.1564,0.2278,0.0596,0.1515,0.1549
1785435024.55,55,drive,1,1.5,15.0,40.733,25.11,250.13,0.1760,0.2258,0.0523,0.2033,0.0743,0.2537,0.0723,0.0557,0.1774,0.1559,0.2258,0.0587,0.1535,0.1559
1785435024.65,55,drive,2,1.5,15.0,40.733,25.11,250.13,0.1725,0.2278,0.0518,0.2023,0.0733,0.2522,0.0743,0.0577,0.1760,0.1554,0.2243,0.0606,0.1525,0.1540
1785435024.74,55,drive,3,1.5,15.0,40.733,25.11,250.13,0.1740,0.2258,0.0503,0.2053,0.0743,0.2542,0.0694,0.0572,0.1779,0.1554,0.2239,0.0587,0.1520,0.1564
1785435025.44,55,drive,0,2.0,15.0,40.733,25.11,250.13,0.1730,0.2283,0.0518,0.2038,0.0714,0.2532,0.0723,0.0547,0.1774,0.1564,0.2229,0.0572,0.1496,0.1554
1785435025.54,55,drive,1,2.0,15.0,40.733,25.11,250.13,0.1745,0.2278,0.0494,0.2028,0.0758,0.2532,0.0714,0.0587,0.1784,0.1569,0.2239,0.0572,0.1505,0.1554
1785435025.64,55,drive,2,2.0,15.0,40.733,25.11,250.13,0.1750,0.2273,0.0528,0.2043,0.0723,0.2517,0.0728,0.0557,0.1774,0.1540,0.2248,0.0567,0.1510,0.1569
1785435025.74,55,drive,3,2.0,15.0,40.733,25.11,250.13,0.1740,0.2268,0.0533,0.2058,0.0718,0.2507,0.0718,0.0562,0.1774,0.1535,0.2239,0.0587,0.1510,0.1549
1785435026.43,55,drive,0,2.5,15.0,40.733,25.11,250.13,0.1750,0.2297,0.0523,0.2058,0.0714,0.2537,0.0714,0.0572,0.1764,0.1559,0.2224,0.0567,0.1505,0.1564
1785435026.53,55,drive,1,2.5,15.0,40.733,25.11,250.13,0.1745,0.2292,0.0508,0.2038,0.0718,0.2527,0.0718,0.0582,0.1764,0.1549,0.2248,0.0591,0.1500,0.1554
1785435026.63,55,drive,2,2.5,15.0,40.733,25.11,250.13,0.1735,0.2268,0.0513,0.2028,0.0723,0.2512,0.0733,0.0557,0.1769,0.1554,0.2239,0.0577,0.1515,0.1554
1785435026.73,55,drive,3,2.5,15.0,40.733,25.11,250.13,0.1725,0.2317,0.0518,0.2058,0.0743,0.2527,0.0699,0.0562,0.1764,0.1554,0.2243,0.0577,0.1520,0.1530
1785435027.43,55,drive,0,3.0,15.0,40.733,25.11,250.13,0.1755,0.2268,0.0523,0.2033,0.0738,0.2532,0.0699,0.0552,0.1764,0.1554,0.2243,0.0572,0.1491,0.1579
1785435027.53,55,drive,1,3.0,15.0,40.733,25.11,250.13,0.1760,0.2283,0.0489,0.2033,0.0733,0.2527,0.0723,0.0557,0.1774,0.1564,0.2239,0.0582,0.1515,0.1554
1785435027.62,55,drive,2,3.0,15.0,40.733,25.11,250.13,0.1745,0.2278,0.0533,0.1994,0.0704,0.2527,0.0728,0.0547,0.1769,0.1559,0.2248,0.0572,0.1515,0.1559
1785435027.72,55,drive,3,3.0,15.0,40.733,25.11,250.13,0.1779,0.2283,0.0479,0.2043,0.0743,0.2532,0.0694,0.0557,0.1799,0.1564,0.2253,0.0591,0.1496,0.1554
1785435028.42,55,drive,0,3.5,15.0,40.733,25.11,250.13,0.1730,0.2283,0.0523,0.2019,0.0723,0.2537,0.0714,0.0533,0.1784,0.1559,0.2263,0.0577,0.1535,0.1559
1785435028.52,55,drive,1,3.5,15.0,40.733,25.11,250.13,0.1740,0.2287,0.0503,0.2063,0.0738,0.2532,0.0699,0.0552,0.1789,0.1535,0.2243,0.0572,0.1505,0.1540
1785435028.62,55,drive,2,3.5,15.0,40.733,25.11,250.13,0.1735,0.2297,0.0508,0.2009,0.0728,0.2532,0.0704,0.0543,0.1779,0.1598,0.2239,0.0572,0.1500,0.1559
1785435028.71,55,drive,3,3.5,15.0,40.733,25.11,250.13,0.1774,0.2268,0.0528,0.2038,0.0723,0.2537,0.0718,0.0557,0.1764,0.1544,0.2239,0.0572,0.1510,0.1544
1785435029.41,55,drive,0,4.0,15.0,40.733,25.11,250.13,0.1750,0.2268,0.0523,0.2033,0.0733,0.2537,0.0709,0.0562,0.1774,0.1554,0.2263,0.0587,0.1505,0.1554
1785435029.51,55,drive,1,4.0,15.0,40.733,25.11,250.13,0.1735,0.2268,0.0518,0.2053,0.0743,0.2517,0.0709,0.0567,0.1789,0.1559,0.2243,0.0577,0.1510,0.1574
1785435029.61,55,drive,2,4.0,15.0,40.733,25.11,250.13,0.1755,0.2287,0.0494,0.2058,0.0733,0.2522,0.0699,0.0567,0.1784,0.1559,0.2248,0.0582,0.1496,0.1559
1785435029.71,55,drive,3,4.0,15.0,40.733,25.11,250.13,0.1750,0.2278,0.0489,0.2048,0.0718,0.2522,0.0733,0.0552,0.1764,0.1564,0.2248,0.0552,0.1510,0.1549
1785435030.49,123,base,0,0.0,15.0,40.813,25.11,250.13,0.1745,0.2278,0.0528,0.2067,0.0728,0.2537,0.0748,0.0567,0.1774,0.1549,0.2243,0.0562,0.1505,0.1540
1785435030.58,123,base,1,0.0,15.0,40.813,25.11,250.13,0.1764,0.2278,0.0523,0.2028,0.0733,0.2522,0.0704,0.0591,0.1769,0.1569,0.2214,0.0577,0.1486,0.1549
1785435030.68,123,base,2,0.0,15.0,40.813,25.11,250.13,0.1735,0.2302,0.0513,0.2067,0.0723,0.2546,0.0704,0.0562,0.1779,0.1584,0.2214,0.0577,0.1515,0.1579
1785435030.78,123,base,3,0.0,15.0,40.813,25.11,250.13,0.1745,0.2263,0.0513,0.2063,0.0733,0.2542,0.0728,0.0562,0.1784,0.1564,0.2219,0.0582,0.1515,0.1564
1785435031.47,123,drive,0,0.5,15.0,40.813,25.11,250.13,0.1740,0.2292,0.0533,0.2028,0.0733,0.2537,0.0699,0.0538,0.1760,0.1588,0.2243,0.0596,0.1535,0.1559
1785435031.57,123,drive,1,0.5,15.0,40.813,25.11,250.13,0.1716,0.2278,0.0518,0.2053,0.0733,0.2542,0.0718,0.0567,0.1779,0.1549,0.2234,0.0577,0.1530,0.1564
1785435031.67,123,drive,2,0.5,15.0,40.813,25.11,250.13,0.1755,0.2283,0.0518,0.2038,0.0723,0.2517,0.0723,0.0552,0.1760,0.1540,0.2253,0.0577,0.1540,0.1535
1785435031.77,123,drive,3,0.5,15.0,40.813,25.11,250.13,0.1745,0.2278,0.0503,0.1999,0.0718,0.2527,0.0733,0.0577,0.1745,0.1554,0.2224,0.0611,0.1520,0.1525
1785435032.47,123,drive,0,1.0,15.0,40.813,25.11,250.13,0.1740,0.2287,0.0489,0.2082,0.0728,0.2527,0.0709,0.0562,0.1784,0.1549,0.2234,0.0577,0.1500,0.1544
1785435032.56,123,drive,1,1.0,15.0,40.813,25.11,250.13,0.1745,0.2248,0.0499,0.2116,0.0728,0.2488,0.0704,0.0562,0.1799,0.1549,0.2239,0.0596,0.1515,0.1544
1785435032.66,123,drive,2,1.0,15.0,40.813,25.11,250.13,0.1701,0.2283,0.0499,0.2067,0.0733,0.2517,0.0718,0.0567,0.1764,0.1579,0.2224,0.0582,0.1510,0.1569
1785435032.76,123,drive,3,1.0,15.0,40.813,25.11,250.13,0.1755,0.2283,0.0503,0.2077,0.0723,0.2512,0.0709,0.0552,0.1784,0.1525,0.2224,0.0582,0.1515,0.1559
1785435033.46,123,drive,0,1.5,15.0,40.813,25.11,250.13,0.1745,0.2263,0.0518,0.2072,0.0733,0.2502,0.0704,0.0587,0.1784,0.1559,0.2234,0.0562,0.1525,0.1544
1785435033.56,123,drive,1,1.5,15.0,40.813,25.11,250.13,0.1760,0.2263,0.0513,0.2077,0.0728,0.2522,0.0723,0.0557,0.1774,0.1554,0.2253,0.0562,0.1510,0.1535
1785435033.66,123,drive,2,1.5,15.0,40.813,25.11,250.13,0.1725,0.2317,0.0513,0.2067,0.0723,0.2512,0.0714,0.0587,0.1794,0.1540,0.2214,0.0591,0.1496,0.1559
1785435033.75,123,drive,3,1.5,15.0,40.813,25.11,250.13,0.1735,0.2312,0.0499,0.2072,0.0714,0.2532,0.0728,0.0567,0.1774,0.1544,0.2229,0.0582,0.1500,0.1549
1785435034.45,123,drive,0,2.0,15.0,40.813,25.11,250.13,0.1760,0.2297,0.0513,0.2067,0.0714,0.2507,0.0714,0.0562,0.1784,0.1559,0.2229,0.0577,0.1525,0.1540
1785435034.55,123,drive,1,2.0,15.0,40.813,25.11,250.13,0.1755,0.2292,0.0499,0.2077,0.0748,0.2507,0.0704,0.0562,0.1784,0.1554,0.2219,0.0601,0.1540,0.1549
1785435034.65,123,drive,2,2.0,15.0,40.813,25.11,250.13,0.1725,0.2258,0.0508,0.2087,0.0733,0.2512,0.0728,0.0572,0.1774,0.1569,0.2224,0.0596,0.1510,0.1544
1785435034.74,123,drive,3,2.0,15.0,40.813,25.11,250.13,0.1735,0.2268,0.0499,0.2082,0.0723,0.2522,0.0709,0.0528,0.1779,0.1535,0.2234,0.0567,0.1510,0.1559
1785435035.44,123,drive,0,2.5,15.0,40.813,25.11,250.13,0.1740,0.2273,0.0508,0.2111,0.0743,0.2502,0.0694,0.0572,0.1760,0.1549,0.2214,0.0552,0.1515,0.1559
1785435035.54,123,drive,1,2.5,15.0,40.813,25.11,250.13,0.1730,0.2263,0.0528,0.2072,0.0743,0.2522,0.0753,0.0562,0.1769,0.1559,0.2258,0.0577,0.1515,0.1554
1785435035.63,123,drive,2,2.5,15.0,40.813,25.11,250.13,0.1750,0.2273,0.0508,0.2082,0.0728,0.2522,0.0699,0.0538,0.1764,0.1559,0.2234,0.0596,0.1515,0.1535
1785435035.73,123,drive,3,2.5,15.0,40.813,25.11,250.13,0.1730,0.2263,0.0518,0.2028,0.0762,0.2517,0.0743,0.0557,0.1750,0.1559,0.2224,0.0591,0.1525,0.1549
1785435036.43,123,drive,0,3.0,15.0,40.813,25.11,250.13,0.1755,0.2278,0.0528,0.2038,0.0723,0.2527,0.0728,0.0572,0.1764,0.1535,0.2224,0.0596,0.1515,0.1535
1785435036.53,123,drive,1,3.0,15.0,40.813,25.11,250.13,0.1740,0.2287,0.0513,0.2053,0.0728,0.2517,0.0704,0.0572,0.1789,0.1554,0.2229,0.0591,0.1520,0.1525
1785435036.63,123,drive,2,3.0,15.0,40.813,25.11,250.13,0.1716,0.2268,0.0508,0.2077,0.0738,0.2527,0.0728,0.0557,0.1750,0.1544,0.2214,0.0582,0.1500,0.1554
1785435036.72,123,drive,3,3.0,15.0,40.813,25.11,250.13,0.1740,0.2268,0.0503,0.2053,0.0733,0.2527,0.0718,0.0557,0.1774,0.1559,0.2234,0.0591,0.1525,0.1540
1785435037.42,123,drive,0,3.5,15.0,40.813,25.11,250.13,0.1745,0.2273,0.0503,0.2058,0.0743,0.2512,0.0718,0.0562,0.1769,0.1544,0.2219,0.0582,0.1510,0.1540
1785435037.52,123,drive,1,3.5,15.0,40.813,25.11,250.13,0.1740,0.2253,0.0513,0.2058,0.0733,0.2532,0.0709,0.0557,0.1784,0.1554,0.2199,0.0587,0.1500,0.1549
1785435037.62,123,drive,2,3.5,15.0,40.813,25.11,250.13,0.1716,0.2312,0.0503,0.2063,0.0758,0.2537,0.0718,0.0557,0.1789,0.1540,0.2209,0.0587,0.1525,0.1535
1785435037.72,123,drive,3,3.5,15.0,40.813,25.11,250.13,0.1750,0.2287,0.0499,0.2077,0.0738,0.2522,0.0723,0.0582,0.1764,0.1530,0.2219,0.0577,0.1515,0.1544
1785435038.41,123,drive,0,4.0,15.0,40.813,25.11,250.13,0.1720,0.2307,0.0523,0.2043,0.0694,0.2522,0.0704,0.0567,0.1769,0.1554,0.2224,0.0596,0.1520,0.1544
1785435038.51,123,drive,1,4.0,15.0,40.813,25.11,250.13,0.1745,0.2268,0.0494,0.2063,0.0714,0.2532,0.0709,0.0582,0.1760,0.1554,0.2224,0.0591,0.1510,0.1554
1785435038.61,123,drive,2,4.0,15.0,40.813,25.11,250.13,0.1725,0.2278,0.0533,0.2067,0.0743,0.2517,0.0714,0.0577,0.1774,0.1554,0.2214,0.0582,0.1535,0.1559
1785435038.71,123,drive,3,4.0,15.0,40.813,25.11,250.13,0.1740,0.2287,0.0513,0.2072,0.0709,0.2522,0.0723,0.0567,0.1789,0.1564,0.2229,0.0562,0.1525,0.1564
1785435039.49,122,base,0,0.0,15.0,40.753,25.11,250.13,0.1740,0.2287,0.0513,0.2033,0.0718,0.2532,0.0718,0.0567,0.1740,0.1554,0.2219,0.0601,0.1486,0.1525
1785435039.58,122,base,1,0.0,15.0,40.753,25.11,250.13,0.1769,0.2283,0.0533,0.2053,0.0753,0.2512,0.0718,0.0547,0.1750,0.1574,0.2204,0.0567,0.1476,0.1564
1785435039.68,122,base,2,0.0,15.0,40.753,25.11,250.13,0.1750,0.2273,0.0518,0.2058,0.0733,0.2532,0.0704,0.0557,0.1764,0.1554,0.2219,0.0596,0.1515,0.1564
1785435039.78,122,base,3,0.0,15.0,40.753,25.11,250.13,0.1706,0.2258,0.0508,0.2048,0.0743,0.2537,0.0709,0.0587,0.1760,0.1525,0.2219,0.0587,0.1500,0.1530
1785435040.48,122,drive,0,0.5,15.0,40.753,25.11,250.13,0.1740,0.2317,0.0518,0.2043,0.0709,0.2527,0.0704,0.0538,0.1784,0.1544,0.2214,0.0591,0.1520,0.1530
1785435040.58,122,drive,1,0.5,15.0,40.753,25.11,250.13,0.1755,0.2268,0.0503,0.2092,0.0728,0.2537,0.0714,0.0577,0.1779,0.1559,0.2219,0.0572,0.1525,0.1559
1785435040.67,122,drive,2,0.5,15.0,40.753,25.11,250.13,0.1716,0.2268,0.0518,0.2072,0.0733,0.2507,0.0743,0.0562,0.1769,0.1535,0.2214,0.0582,0.1530,0.1535
1785435040.77,122,drive,3,0.5,15.0,40.753,25.11,250.13,0.1740,0.2263,0.0518,0.2067,0.0738,0.2556,0.0738,0.0572,0.1764,0.1544,0.2204,0.0601,0.1496,0.1544
1785435041.47,122,drive,0,1.0,15.0,40.753,25.11,250.13,0.1750,0.2253,0.0547,0.2087,0.0753,0.2493,0.0723,0.0567,0.1764,0.1510,0.2209,0.0577,0.1540,0.1535
1785435041.57,122,drive,1,1.0,15.0,40.753,25.11,250.13,0.1750,0.2278,0.0508,0.2067,0.0714,0.2527,0.0723,0.0543,0.1764,0.1549,0.2209,0.0582,0.1535,0.1540
1785435041.67,122,drive,2,1.0,15.0,40.753,25.11,250.13,0.1725,0.2297,0.0533,0.2077,0.0718,0.2532,0.0728,0.0567,0.1764,0.1540,0.2229,0.0591,0.1510,0.1549
1785435041.76,122,drive,3,1.0,15.0,40.753,25.11,250.13,0.1760,0.2287,0.0518,0.2058,0.0723,0.2532,0.0738,0.0557,0.1764,0.1544,0.2219,0.0552,0.1500,0.1549
1785435042.46,122,drive,0,1.5,15.0,40.753,25.11,250.13,0.1706,0.2263,0.0503,0.2063,0.0733,0.2556,0.0718,0.0567,0.1745,0.1540,0.2209,0.0606,0.1505,0.1530
1785435042.56,122,drive,1,1.5,15.0,40.753,25.11,250.13,0.1711,0.2248,0.0538,0.2087,0.0748,0.2512,0.0728,0.0562,0.1784,0.1544,0.2180,0.0582,0.1525,0.1564
1785435042.66,122,drive,2,1.5,15.0,40.753,25.11,250.13,0.1740,0.2263,0.0518,0.2087,0.0753,0.2532,0.0709,0.0562,0.1769,0.1584,0.2199,0.0601,0.1520,0.1549
1785435042.76,122,drive,3,1.5,15.0,40.753,25.11,250.13,0.1750,0.2253,0.0528,0.2067,0.0733,0.2532,0.0728,0.0543,0.1750,0.1549,0.2185,0.0596,0.1510,0.1549
1785435043.46,122,drive,0,2.0,15.0,40.753,25.11,250.13,0.1730,0.2283,0.0518,0.2063,0.0709,0.2527,0.0738,0.0552,0.1750,0.1564,0.2204,0.0591,0.1500,0.1554
1785435043.55,122,drive,1,2.0,15.0,40.753,25.11,250.13,0.1745,0.2278,0.0499,0.2107,0.0714,0.2517,0.0714,0.0552,0.1784,0.1530,0.2190,0.0591,0.1505,0.1559
1785435043.65,122,drive,2,2.0,15.0,40.753,25.11,250.13,0.1716,0.2297,0.0508,0.2058,0.0738,0.2537,0.0709,0.0533,0.1760,0.1525,0.2195,0.0577,0.1500,0.1544
1785435043.75,122,drive,3,2.0,15.0,40.753,25.11,250.13,0.1720,0.2273,0.0503,0.2121,0.0723,0.2507,0.0699,0.0572,0.1764,0.1544,0.2199,0.0587,0.1520,0.1544
1785435044.45,122,drive,0,2.5,15.0,40.753,25.11,250.13,0.1745,0.2273,0.0499,0.2116,0.0718,0.2502,0.0704,0.0547,0.1760,0.1549,0.2195,0.0596,0.1520,0.1549
1785435044.55,122,drive,1,2.5,15.0,40.753,25.11,250.13,0.1720,0.2278,0.0547,0.2102,0.0748,0.2502,0.0704,0.0547,0.1760,0.1540,0.2214,0.0582,0.1520,0.1535
1785435044.64,122,drive,2,2.5,15.0,40.753,25.11,250.13,0.1730,0.2278,0.0499,0.2126,0.0714,0.2498,0.0718,0.0567,0.1769,0.1535,0.2214,0.0572,0.1520,0.1564
1785435044.74,122,drive,3,2.5,15.0,40.753,25.11,250.13,0.1720,0.2273,0.0528,0.2136,0.0733,0.2488,0.0743,0.0557,0.1760,0.1554,0.2214,0.0577,0.1505,0.1559
1785435045.44,122,drive,0,3.0,15.0,40.753,25.11,250.13,0.1740,0.2278,0.0518,0.2121,0.0718,0.2498,0.0704,0.0547,0.1774,0.1544,0.2199,0.0582,0.1496,0.1559
1785435045.54,122,drive,1,3.0,15.0,40.753,25.11,250.13,0.1735,0.2278,0.0523,0.2126,0.0694,0.2498,0.0714,0.0562,0.1779,0.1535,0.2214,0.0591,0.1535,0.1530
1785435045.64,122,drive,2,3.0,15.0,40.753,25.11,250.13,0.1740,0.2283,0.0508,0.2121,0.0728,0.2517,0.0714,0.0567,0.1769,0.1540,0.2185,0.0562,0.1525,0.1549
1785435045.73,122,drive,3,3.0,15.0,40.753,25.11,250.13,0.1745,0.2283,0.0513,0.2102,0.0738,0.2502,0.0718,0.0562,0.1760,0.1549,0.2195,0.0582,0.1510,0.1559
1785435046.43,122,drive,0,3.5,15.0,40.753,25.11,250.13,0.1745,0.2268,0.0518,0.2107,0.0733,0.2493,0.0709,0.0557,0.1774,0.1554,0.2199,0.0577,0.1510,0.1535
1785435046.53,122,drive,1,3.5,15.0,40.753,25.11,250.13,0.1716,0.2273,0.0494,0.2224,0.0704,0.2449,0.0718,0.0567,0.1774,0.1530,0.2180,0.0591,0.1530,0.1535
1785435046.63,122,drive,2,3.5,15.0,40.753,25.11,250.13,0.1701,0.2268,0.0533,0.2175,0.0709,0.2463,0.0723,0.0547,0.1750,0.1549,0.2214,0.0577,0.1530,0.1559
1785435046.73,122,drive,3,3.5,15.0,40.753,25.11,250.13,0.1745,0.2283,0.0503,0.2155,0.0714,0.2463,0.0728,0.0567,0.1769,0.1525,0.2204,0.0572,0.1496,0.1540
1785435047.43,122,drive,0,4.0,15.0,40.753,25.11,250.13,0.1745,0.2248,0.0528,0.2072,0.0733,0.2517,0.0728,0.0567,0.1760,0.1530,0.2214,0.0587,0.1481,0.1544
1785435047.52,122,drive,1,4.0,15.0,40.753,25.11,250.13,0.1740,0.2292,0.0494,0.2087,0.0704,0.2512,0.0723,0.0562,0.1764,0.1549,0.2199,0.0591,0.1510,0.1549
1785435047.62,122,drive,2,4.0,15.0,40.753,25.11,250.13,0.1769,0.2253,0.0499,0.2077,0.0704,0.2498,0.0709,0.0567,0.1760,0.1540,0.2204,0.0567,0.1496,0.1564
1785435047.72,122,drive,3,4.0,15.0,40.753,25.11,250.13,0.1755,0.2263,0.0533,0.2072,0.0723,0.2502,0.0733,0.0577,0.1755,0.1540,0.2195,0.0596,0.1505,0.1554
1785435048.50,121,base,0,0.0,15.0,40.773,25.11,250.13,0.1760,0.2283,0.0513,0.2063,0.0728,0.2532,0.0718,0.0572,0.1740,0.1505,0.2209,0.0591,0.1496,0.1564
1785435048.60,121,base,1,0.0,15.0,40.773,25.11,250.13,0.1720,0.2297,0.0508,0.2058,0.0743,0.2537,0.0738,0.0557,0.1750,0.1535,0.2204,0.0591,0.1491,0.1549
1785435048.70,121,base,2,0.0,15.0,40.773,25.11,250.13,0.1745,0.2278,0.0533,0.2072,0.0728,0.2537,0.0704,0.0587,0.1764,0.1535,0.2214,0.0582,0.1535,0.1564
1785435048.80,121,base,3,0.0,15.0,40.773,25.11,250.13,0.1725,0.2283,0.0508,0.2063,0.0748,0.2537,0.0738,0.0543,0.1764,0.1544,0.2199,0.0572,0.1505,0.1540
1785435049.50,121,drive,0,0.5,15.0,40.773,25.11,250.13,0.1764,0.2302,0.0494,0.2072,0.0753,0.2532,0.0709,0.0587,0.1764,0.1520,0.2190,0.0611,0.1496,0.1535
1785435049.60,121,drive,1,0.5,15.0,40.773,25.11,250.13,0.1769,0.2278,0.0518,0.2058,0.0748,0.2546,0.0704,0.0557,0.1769,0.1520,0.2190,0.0587,0.1505,0.1544
1785435049.69,121,drive,2,0.5,15.0,40.773,25.11,250.13,0.1740,0.2287,0.0533,0.2067,0.0699,0.2546,0.0728,0.0547,0.1769,0.1544,0.2204,0.0587,0.1496,0.1554
1785435049.79,121,drive,3,0.5,15.0,40.773,25.11,250.13,0.1725,0.2302,0.0547,0.2063,0.0709,0.2537,0.0718,0.0567,0.1750,0.1500,0.2204,0.0587,0.1491,0.1554
1785435050.49,121,drive,0,1.0,15.0,40.773,25.11,250.13,0.1750,0.2263,0.0523,0.2058,0.0728,0.2527,0.0723,0.0562,0.1774,0.1505,0.2165,0.0582,0.1510,0.1530
1785435050.59,121,drive,1,1.0,15.0,40.773,25.11,250.13,0.1745,0.2292,0.0518,0.2063,0.0714,0.2551,0.0714,0.0552,0.1750,0.1505,0.2209,0.0601,0.1496,0.1549
1785435050.69,121,drive,2,1.0,15.0,40.773,25.11,250.13,0.1745,0.2278,0.0528,0.2077,0.0728,0.2546,0.0709,0.0552,0.1755,0.1500,0.2170,0.0606,0.1510,0.1564
1785435050.78,121,drive,3,1.0,15.0,40.773,25.11,250.13,0.1745,0.2312,0.0518,0.2063,0.0738,0.2546,0.0709,0.0577,0.1745,0.1520,0.2180,0.0596,0.1496,0.1564
1785435051.48,121,drive,0,1.5,15.0,40.773,25.11,250.13,0.1725,0.2287,0.0523,0.2072,0.0714,0.2542,0.0728,0.0557,0.1760,0.1510,0.2170,0.0582,0.1510,0.1544
1785435051.58,121,drive,1,1.5,15.0,40.773,25.11,250.13,0.1725,0.2283,0.0499,0.2063,0.0728,0.2527,0.0718,0.0582,0.1750,0.1525,0.2180,0.0587,0.1510,0.1574
1785435051.68,121,drive,2,1.5,15.0,40.773,25.11,250.13,0.1735,0.2258,0.0513,0.2048,0.0733,0.2551,0.0709,0.0567,0.1769,0.1510,0.2175,0.0577,0.1525,0.1540
1785435051.78,121,drive,3,1.5,15.0,40.773,25.11,250.13,0.1730,0.2283,0.0503,0.2038,0.0753,0.2542,0.0723,0.0528,0.1760,0.1515,0.2170,0.0596,0.1510,0.1540
1785435052.47,121,drive,0,2.0,15.0,40.773,25.11,250.13,0.1760,0.2302,0.0538,0.2072,0.0714,0.2537,0.0718,0.0552,0.1760,0.1530,0.2165,0.0587,0.1496,0.1549
1785435052.57,121,drive,1,2.0,15.0,40.773,25.11,250.13,0.1730,0.2273,0.0528,0.2058,0.0743,0.2517,0.0714,0.0582,0.1760,0.1510,0.2170,0.0596,0.1515,0.1549
1785435052.67,121,drive,2,2.0,15.0,40.773,25.11,250.13,0.1750,0.2268,0.0518,0.2043,0.0728,0.2551,0.0714,0.0557,0.1745,0.1515,0.2175,0.0591,0.1486,0.1549
1785435052.77,121,drive,3,2.0,15.0,40.773,25.11,250.13,0.1750,0.2297,0.0523,0.2053,0.0733,0.2551,0.0723,0.0577,0.1760,0.1520,0.2151,0.0577,0.1530,0.1540
1785435053.46,121,drive,0,2.5,15.0,40.773,25.11,250.13,0.1667,0.2283,0.0606,0.1901,0.0733,0.2625,0.0753,0.0508,0.1838,0.1608,0.2063,0.0596,0.1549,0.1505
1785435053.56,121,drive,1,2.5,15.0,40.773,25.11,250.13,0.1784,0.2175,0.0411,0.2209,0.0758,0.2478,0.0738,0.0684,0.1691,0.1447,0.2307,0.0562,0.1442,0.1574
1785435053.66,121,drive,2,2.5,15.0,40.773,25.11,250.13,0.1672,0.2395,0.0435,0.2048,0.0782,0.2542,0.0626,0.0601,0.1857,0.1500,0.2116,0.0753,0.1544,0.1481
1785435053.76,121,drive,3,2.5,15.0,40.773,25.11,250.13,0.1818,0.2273,0.0406,0.2190,0.0728,0.2498,0.0714,0.0670,0.1755,0.1486,0.2302,0.0562,0.1422,0.1559
1785435054.46,121,drive,0,3.0,15.0,40.773,25.11,250.13,0.1745,0.2263,0.0479,0.2058,0.0748,0.2527,0.0728,0.0543,0.1730,0.1549,0.2136,0.0611,0.1505,0.1598
1785435054.55,121,drive,1,3.0,15.0,40.773,25.11,250.13,0.1735,0.2287,0.0552,0.2097,0.0709,0.2507,0.0709,0.0538,0.1769,0.1481,0.2185,0.0562,0.1554,0.1579
1785435054.65,121,drive,2,3.0,15.0,40.773,25.11,250.13,0.1755,0.2297,0.0538,0.2072,0.0670,0.2522,0.0723,0.0655,0.1774,0.1530,0.2190,0.0606,0.1520,0.1481
1785435054.75,121,drive,3,3.0,15.0,40.773,25.11,250.13,0.1760,0.2278,0.0484,0.2097,0.0772,0.2512,0.0728,0.0562,0.1818,0.1535,0.2165,0.0616,0.1520,0.1540
1785435055.45,121,drive,0,3.5,15.0,40.773,25.11,250.13,0.1740,0.2243,0.0533,0.2121,0.0714,0.2512,0.0704,0.0582,0.1779,0.1510,0.2160,0.0606,0.1505,0.1535
1785435055.54,121,drive,1,3.5,15.0,40.773,25.11,250.13,0.1735,0.2292,0.0508,0.2126,0.0723,0.2532,0.0699,0.0577,0.1735,0.1476,0.2155,0.0640,0.1525,0.1544
1785435055.64,121,drive,2,3.5,15.0,40.773,25.11,250.13,0.1740,0.2297,0.0508,0.2131,0.0689,0.2551,0.0704,0.0562,0.1764,0.1500,0.2165,0.0557,0.1481,0.1540
1785435055.74,121,drive,3,3.5,15.0,40.773,25.11,250.13,0.1760,0.2273,0.0523,0.2087,0.0699,0.2542,0.0709,0.0596,0.1750,0.1535,0.2175,0.0557,0.1500,0.1520
1785435056.44,121,drive,0,4.0,15.0,40.773,25.11,250.13,0.1745,0.2312,0.0503,0.2126,0.0635,0.2537,0.0674,0.0587,0.1750,0.1471,0.2185,0.0596,0.1540,0.1544
1785435056.54,121,drive,1,4.0,15.0,40.773,25.11,250.13,0.1735,0.2292,0.0499,0.2082,0.0782,0.2483,0.0723,0.0528,0.1750,0.1525,0.2107,0.0606,0.1510,0.1628
1785435056.63,121,drive,2,4.0,15.0,40.773,25.11,250.13,0.1760,0.2258,0.0543,0.2102,0.0674,0.2532,0.0674,0.0572,0.1745,0.1500,0.2175,0.0587,0.1544,0.1510
1785435056.73,121,drive,3,4.0,15.0,40.773,25.11,250.13,0.1760,0.2268,0.0523,0.2111,0.0714,0.2546,0.0714,0.0591,0.1764,0.1544,0.2151,0.0591,0.1515,0.1505
1785435057.51,56,base,0,0.0,15.0,40.713,25.11,250.13,0.1755,0.2278,0.0533,0.2214,0.0709,0.2483,0.0694,0.0543,0.1745,0.1500,0.2151,0.0616,0.1525,0.1525
1785435057.60,56,base,1,0.0,15.0,40.713,25.11,250.13,0.1764,0.2307,0.0494,0.2165,0.0743,0.2468,0.0709,0.0547,0.1769,0.1564,0.2185,0.0562,0.1500,0.1525
1785435057.70,56,base,2,0.0,15.0,40.713,25.11,250.13,0.1735,0.2239,0.0479,0.2170,0.0718,0.2468,0.0684,0.0552,0.1779,0.1549,0.2175,0.0582,0.1525,0.1535
1785435057.80,56,base,3,0.0,15.0,40.713,25.11,250.13,0.1730,0.2268,0.0484,0.2160,0.0650,0.2546,0.0709,0.0621,0.1779,0.1554,0.2160,0.0552,0.1549,0.1554
1785435058.50,56,drive,0,0.5,15.0,40.713,25.11,250.13,0.1779,0.2312,0.0513,0.2131,0.0714,0.2478,0.0709,0.0552,0.1750,0.1520,0.2175,0.0640,0.1500,0.1603
1785435058.59,56,drive,1,0.5,15.0,40.713,25.11,250.13,0.1745,0.2248,0.0508,0.2126,0.0767,0.2502,0.0733,0.0591,0.1730,0.1549,0.2170,0.0611,0.1525,0.1525
1785435058.69,56,drive,2,0.5,15.0,40.713,25.11,250.13,0.1730,0.2243,0.0606,0.2155,0.0718,0.2449,0.0743,0.0591,0.1764,0.1496,0.2199,0.0587,0.1500,0.1544
1785435058.79,56,drive,3,0.5,15.0,40.713,25.11,250.13,0.1779,0.2302,0.0543,0.2165,0.0753,0.2512,0.0728,0.0543,0.1755,0.1496,0.2170,0.0567,0.1476,0.1515
1785435059.49,56,drive,0,1.0,15.0,40.713,25.11,250.13,0.1730,0.2239,0.0528,0.2136,0.0709,0.2478,0.0723,0.0577,0.1711,0.1525,0.2219,0.0616,0.1525,0.1515
1785435059.59,56,drive,1,1.0,15.0,40.713,25.11,250.13,0.1720,0.2331,0.0533,0.2160,0.0767,0.2502,0.0718,0.0557,0.1735,0.1525,0.2116,0.0557,0.1491,0.1559
1785435059.69,56,drive,2,1.0,15.0,40.713,25.11,250.13,0.1725,0.2287,0.0503,0.2111,0.0714,0.2478,0.0748,0.0616,0.1784,0.1549,0.2219,0.0567,0.1476,0.1574
1785435059.78,56,drive,3,1.0,15.0,40.713,25.11,250.13,0.1730,0.2234,0.0508,0.2195,0.0753,0.2546,0.0728,0.0582,0.1745,0.1520,0.2190,0.0543,0.1530,0.1515
1785435060.48,56,drive,0,1.5,15.0,40.713,25.11,250.13,0.1711,0.2278,0.0455,0.2146,0.0733,0.2576,0.0709,0.0596,0.1745,0.1520,0.2175,0.0538,0.1500,0.1540
1785435060.58,56,drive,1,1.5,15.0,40.713,25.11,250.13,0.1730,0.2263,0.0469,0.2126,0.0704,0.2512,0.0733,0.0567,0.1764,0.1510,0.2199,0.0577,0.1520,0.1549
1785435060.68,56,drive,2,1.5,15.0,40.713,25.11,250.13,0.1779,0.2263,0.0528,0.2136,0.0767,0.2468,0.0694,0.0557,0.1740,0.1510,0.2151,0.0557,0.1515,0.1549
1785435060.78,56,drive,3,1.5,15.0,40.713,25.11,250.13,0.1755,0.2302,0.0513,0.2146,0.0660,0.2517,0.0743,0.0596,0.1725,0.1505,0.2160,0.0587,0.1544,0.1535
1785435061.47,56,drive,0,2.0,15.0,40.713,25.11,250.13,0.1760,0.2283,0.0543,0.2092,0.0709,0.2498,0.0738,0.0562,0.1735,0.1515,0.2239,0.0616,0.1500,0.1486
1785435061.57,56,drive,1,2.0,15.0,40.713,25.11,250.13,0.1750,0.2302,0.0484,0.2170,0.0689,0.2537,0.0733,0.0606,0.1740,0.1491,0.2165,0.0572,0.1496,0.1515
1785435061.67,56,drive,2,2.0,15.0,40.713,25.11,250.13,0.1745,0.2263,0.0474,0.2160,0.0753,0.2483,0.0723,0.0552,0.1774,0.1510,0.2209,0.0596,0.1525,0.1471
1785435061.77,56,drive,3,2.0,15.0,40.713,25.11,250.13,0.1764,0.2239,0.0469,0.2136,0.0714,0.2527,0.0714,0.0611,0.1735,0.1515,0.2190,0.0621,0.1525,0.1510
1785435062.47,56,drive,0,2.5,15.0,40.713,25.11,250.13,0.1706,0.2297,0.0533,0.2160,0.0689,0.2512,0.0733,0.0552,0.1799,0.1486,0.2185,0.0552,0.1505,0.1530
1785435062.57,56,drive,1,2.5,15.0,40.713,25.11,250.13,0.1725,0.2312,0.0508,0.2107,0.0767,0.2439,0.0684,0.0533,0.1720,0.1540,0.2126,0.0630,0.1510,0.1593
1785435062.66,56,drive,2,2.5,15.0,40.713,25.11,250.13,0.1730,0.2273,0.0523,0.2131,0.0762,0.2498,0.0699,0.0591,0.1779,0.1525,0.2121,0.0611,0.1515,0.1535
1785435062.76,56,drive,3,2.5,15.0,40.713,25.11,250.13,0.1716,0.2317,0.0538,0.2160,0.0665,0.2502,0.0709,0.0567,0.1760,0.1505,0.2160,0.0587,0.1491,0.1540
1785435063.46,56,drive,0,3.0,15.0,40.713,25.11,250.13,0.1774,0.2336,0.0538,0.2175,0.0704,0.2512,0.0699,0.0533,0.1745,0.1496,0.2165,0.0606,0.1520,0.1540
1785435063.56,56,drive,1,3.0,15.0,40.713,25.11,250.13,0.1740,0.2283,0.0503,0.2136,0.0728,0.2488,0.0748,0.0533,0.1799,0.1500,0.2165,0.0557,0.1500,0.1559
1785435063.66,56,drive,2,3.0,15.0,40.713,25.11,250.13,0.1760,0.2326,0.0518,0.2170,0.0723,0.2502,0.0738,0.0547,0.1789,0.1452,0.2136,0.0572,0.1520,0.1544
1785435063.75,56,drive,3,3.0,15.0,40.713,25.11,250.13,0.1720,0.2278,0.0474,0.2204,0.0709,0.2542,0.0679,0.0562,0.1764,0.1544,0.2195,0.0547,0.1476,0.1535
1785435064.45,56,drive,0,3.5,15.0,40.713,25.11,250.13,0.1774,0.2312,0.0552,0.2141,0.0738,0.2483,0.0699,0.0577,0.1750,0.1525,0.2170,0.0591,0.1491,0.1530
1785435064.55,56,drive,1,3.5,15.0,40.713,25.11,250.13,0.1764,0.2263,0.0557,0.2155,0.0723,0.2527,0.0660,0.0596,0.1755,0.1520,0.2175,0.0543,0.1530,0.1520
1785435064.65,56,drive,2,3.5,15.0,40.713,25.11,250.13,0.1764,0.2307,0.0528,0.2195,0.0718,0.2512,0.0674,0.0591,0.1755,0.1500,0.2121,0.0587,0.1530,0.1520
1785435064.75,56,drive,3,3.5,15.0,40.713,25.11,250.13,0.1740,0.2243,0.0543,0.2131,0.0748,0.2488,0.0709,0.0596,0.1745,0.1525,0.2209,0.0601,0.1520,0.1530
1785435065.45,56,drive,0,4.0,15.0,40.713,25.11,250.13,0.1730,0.2356,0.0557,0.2302,0.0665,0.2498,0.0660,0.0538,0.1755,0.1520,0.2141,0.0596,0.1520,0.1554
1785435065.54,56,drive,1,4.0,15.0,40.713,25.11,250.13,0.1691,0.2229,0.0528,0.2234,0.0723,0.2463,0.0743,0.0572,0.1769,0.1554,0.2141,0.0591,0.1510,0.1510
1785435065.64,56,drive,2,4.0,15.0,40.713,25.11,250.13,0.1711,0.2273,0.0435,0.2224,0.0699,0.2488,0.0733,0.0577,0.1833,0.1525,0.2204,0.0557,0.1554,0.1505
1785435065.74,56,drive,3,4.0,15.0,40.713,25.11,250.13,0.1745,0.2253,0.0538,0.2248,0.0714,0.2493,0.0748,0.0582,0.1725,0.1554,0.2199,0.0582,0.1481,0.1535
1785435066.54,58,base,0,0.0,15.0,40.793,25.11,250.13,0.1755,0.2283,0.0479,0.2204,0.0674,0.2449,0.0674,0.0557,0.1804,0.1510,0.2160,0.0577,0.1515,0.1559
1785435066.63,58,base,1,0.0,15.0,40.793,25.11,250.13,0.1735,0.2273,0.0547,0.2204,0.0743,0.2463,0.0723,0.0528,0.1760,0.1520,0.2136,0.0582,0.1505,0.1535
1785435066.73,58,base,2,0.0,15.0,40.793,25.11,250.13,0.1711,0.2307,0.0547,0.2180,0.0753,0.2502,0.0748,0.0562,0.1745,0.1481,0.2111,0.0582,0.1500,0.1535
1785435066.83,58,base,3,0.0,15.0,40.793,25.11,250.13,0.1735,0.2239,0.0528,0.2199,0.0704,0.2507,0.0714,0.0587,0.1735,0.1510,0.2136,0.0606,0.1535,0.1588
1785435067.53,58,drive,0,0.5,15.0,40.793,25.11,250.13,0.1755,0.2287,0.0513,0.2239,0.0738,0.2493,0.0694,0.0552,0.1750,0.1486,0.2136,0.0543,0.1505,0.1510
1785435067.63,58,drive,1,0.5,15.0,40.793,25.11,250.13,0.1760,0.2253,0.0489,0.2175,0.0714,0.2527,0.0723,0.0606,0.1794,0.1530,0.2160,0.0591,0.1510,0.1471
1785435067.73,58,drive,2,0.5,15.0,40.793,25.11,250.13,0.1760,0.2268,0.0538,0.2190,0.0718,0.2444,0.0723,0.0523,0.1779,0.1500,0.2204,0.0606,0.1505,0.1520
1785435067.82,58,drive,3,0.5,15.0,40.793,25.11,250.13,0.1750,0.2263,0.0484,0.2160,0.0714,0.2493,0.0714,0.0587,0.1808,0.1569,0.2165,0.0611,0.1481,0.1515
1785435068.52,58,drive,0,1.0,15.0,40.793,25.11,250.13,0.1740,0.2268,0.0543,0.2121,0.0748,0.2478,0.0689,0.0557,0.1750,0.1549,0.2146,0.0635,0.1535,0.1564
1785435068.62,58,drive,1,1.0,15.0,40.793,25.11,250.13,0.1784,0.2317,0.0518,0.2175,0.0684,0.2468,0.0660,0.0567,0.1760,0.1491,0.2160,0.0557,0.1525,0.1525
1785435068.72,58,drive,2,1.0,15.0,40.793,25.11,250.13,0.1750,0.2312,0.0469,0.2195,0.0674,0.2473,0.0718,0.0543,0.1799,0.1525,0.2170,0.0611,0.1500,0.1564
1785435068.82,58,drive,3,1.0,15.0,40.793,25.11,250.13,0.1706,0.2268,0.0547,0.2248,0.0704,0.2463,0.0699,0.0547,0.1730,0.1510,0.2097,0.0587,0.1520,0.1569
1785435069.51,58,drive,0,1.5,15.0,40.793,25.11,250.13,0.1720,0.2287,0.0445,0.2199,0.0709,0.2498,0.0728,0.0538,0.1804,0.1471,0.2165,0.0582,0.1535,0.1540
1785435069.61,58,drive,1,1.5,15.0,40.793,25.11,250.13,0.1725,0.2278,0.0503,0.2190,0.0723,0.2434,0.0718,0.0616,0.1789,0.1500,0.2151,0.0552,0.1520,0.1525
1785435069.71,58,drive,2,1.5,15.0,40.793,25.11,250.13,0.1779,0.2263,0.0474,0.2229,0.0704,0.2498,0.0714,0.0596,0.1745,0.1515,0.2165,0.0587,0.1505,0.1559
1785435069.81,58,drive,3,1.5,15.0,40.793,25.11,250.13,0.1735,0.2273,0.0538,0.2180,0.0723,0.2463,0.0689,0.0543,0.1750,0.1510,0.2151,0.0577,0.1510,0.1549
1785435070.51,58,drive,0,2.0,15.0,40.793,25.11,250.13,0.1755,0.2253,0.0547,0.2224,0.0728,0.2449,0.0670,0.0596,0.1706,0.1515,0.2136,0.0567,0.1515,0.1549
1785435070.61,58,drive,1,2.0,15.0,40.793,25.11,250.13,0.1760,0.2234,0.0508,0.2199,0.0738,0.2498,0.0704,0.0611,0.1740,0.1530,0.2111,0.0567,0.1549,0.1520
1785435070.70,58,drive,2,2.0,15.0,40.793,25.11,250.13,0.1750,0.2351,0.0450,0.2195,0.0645,0.2478,0.0718,0.0626,0.1779,0.1500,0.2185,0.0577,0.1515,0.1476
1785435070.80,58,drive,3,2.0,15.0,40.793,25.11,250.13,0.1799,0.2297,0.0494,0.2180,0.0694,0.2502,0.0689,0.0572,0.1735,0.1554,0.2180,0.0591,0.1554,0.1515
1785435071.50,58,drive,0,2.5,15.0,40.793,25.11,250.13,0.1701,0.2283,0.0538,0.2136,0.0718,0.2483,0.0723,0.0567,0.1769,0.1544,0.2175,0.0587,0.1486,0.1530
1785435071.60,58,drive,1,2.5,15.0,40.793,25.11,250.13,0.1760,0.2268,0.0508,0.2155,0.0704,0.2468,0.0723,0.0567,0.1764,0.1491,0.2165,0.0567,0.1500,0.1549
1785435071.70,58,drive,2,2.5,15.0,40.793,25.11,250.13,0.1745,0.2229,0.0503,0.2258,0.0728,0.2493,0.0694,0.0591,0.1760,0.1515,0.2116,0.0557,0.1525,0.1549
1785435071.79,58,drive,3,2.5,15.0,40.793,25.11,250.13,0.1750,0.2273,0.0508,0.2185,0.0650,0.2517,0.0728,0.0572,0.1750,0.1530,0.2136,0.0572,0.1471,0.1530
1785435072.49,58,drive,0,3.0,15.0,40.793,25.11,250.13,0.1750,0.2346,0.0587,0.2214,0.0660,0.2463,0.0714,0.0518,0.1750,0.1481,0.2111,0.0572,0.1554,0.1598
1785435072.59,58,drive,1,3.0,15.0,40.793,25.11,250.13,0.1730,0.2263,0.0533,0.2151,0.0709,0.2498,0.0709,0.0572,0.1764,0.1505,0.2136,0.0577,0.1452,0.1535
1785435072.69,58,drive,2,3.0,15.0,40.793,25.11,250.13,0.1779,0.2297,0.0562,0.2190,0.0728,0.2458,0.0694,0.0567,0.1657,0.1500,0.2160,0.0640,0.1525,0.1549
1785435072.79,58,drive,3,3.0,15.0,40.793,25.11,250.13,0.1750,0.2302,0.0508,0.2229,0.0728,0.2532,0.0738,0.0494,0.1789,0.1515,0.2190,0.0567,0.1500,0.1569
1785435073.49,58,drive,0,3.5,15.0,40.793,25.11,250.13,0.1745,0.2307,0.0513,0.2195,0.0689,0.2507,0.0718,0.0611,0.1779,0.1476,0.2155,0.0582,0.1500,0.1515
1785435073.59,58,drive,1,3.5,15.0,40.793,25.11,250.13,0.1701,0.2302,0.0528,0.2263,0.0718,0.2473,0.0689,0.0572,0.1745,0.1457,0.2126,0.0660,0.1525,0.1500
1785435073.68,58,drive,2,3.5,15.0,40.793,25.11,250.13,0.1686,0.2331,0.0508,0.2273,0.0699,0.2498,0.0738,0.0572,0.1769,0.1364,0.2146,0.0596,0.1564,0.1520
1785435073.78,58,drive,3,3.5,15.0,40.793,25.11,250.13,0.1725,0.2312,0.0538,0.2209,0.0743,0.2478,0.0718,0.0547,0.1755,0.1505,0.2175,0.0591,0.1471,0.1544
1785435074.48,58,drive,0,4.0,15.0,40.793,25.11,250.13,0.1755,0.2278,0.0508,0.2224,0.0718,0.2449,0.0689,0.0591,0.1804,0.1505,0.2155,0.0587,0.1520,0.1491
1785435074.58,58,drive,1,4.0,15.0,40.793,25.11,250.13,0.1745,0.2287,0.0547,0.2204,0.0679,0.2400,0.0699,0.0567,0.1784,0.1486,0.2229,0.0626,0.1554,0.1569
1785435074.68,58,drive,2,4.0,15.0,40.793,25.11,250.13,0.1730,0.2307,0.0503,0.2121,0.0728,0.2498,0.0733,0.0591,0.1779,0.1525,0.2141,0.0606,0.1505,0.1510
1785435074.78,58,drive,3,4.0,15.0,40.793,25.11,250.13,0.1750,0.2297,0.0518,0.2199,0.0733,0.2463,0.0728,0.0518,0.1760,0.1520,0.2155,0.0587,0.1505,0.1559
1785435075.55,59,base,0,0.0,15.0,40.773,25.11,250.13,0.1750,0.2283,0.0533,0.2199,0.0728,0.2488,0.0704,0.0557,0.1745,0.1510,0.2155,0.0572,0.1515,0.1549
1785435075.65,59,base,1,0.0,15.0,40.773,25.11,250.13,0.1720,0.2297,0.0518,0.2199,0.0714,0.2483,0.0714,0.0538,0.1769,0.1500,0.2160,0.0572,0.1505,0.1544
1785435075.75,59,base,2,0.0,15.0,40.773,25.11,250.13,0.1750,0.2292,0.0518,0.2239,0.0728,0.2483,0.0704,0.0567,0.1764,0.1515,0.2136,0.0591,0.1486,0.1540
1785435075.84,59,base,3,0.0,15.0,40.773,25.11,250.13,0.1735,0.2292,0.0533,0.2204,0.0689,0.2458,0.0704,0.0562,0.1760,0.1540,0.2175,0.0591,0.1520,0.1535
1785435076.54,59,drive,0,0.5,15.0,40.773,25.11,250.13,0.1740,0.2278,0.0528,0.2278,0.0699,0.2429,0.0709,0.0572,0.1774,0.1500,0.2170,0.0596,0.1496,0.1530
1785435076.64,59,drive,1,0.5,15.0,40.773,25.11,250.13,0.1745,0.2278,0.0489,0.2317,0.0714,0.2444,0.0704,0.0543,0.1760,0.1530,0.2141,0.0572,0.1525,0.1530
1785435076.73,59,drive,2,0.5,15.0,40.773,25.11,250.13,0.1755,0.2278,0.0523,0.2229,0.0723,0.2507,0.0694,0.0557,0.1774,0.1520,0.2131,0.0577,0.1530,0.1535
1785435076.83,59,drive,3,0.5,15.0,40.773,25.11,250.13,0.1730,0.2292,0.0503,0.2180,0.0738,0.2502,0.0709,0.0572,0.1740,0.1525,0.2155,0.0582,0.1510,0.1505
1785435077.53,59,drive,0,1.0,15.0,40.773,25.11,250.13,0.1735,0.2287,0.0523,0.2146,0.0709,0.2522,0.0718,0.0582,0.1755,0.1500,0.2155,0.0601,0.1520,0.1564
1785435077.63,59,drive,1,1.0,15.0,40.773,25.11,250.13,0.1745,0.2268,0.0508,0.2141,0.0753,0.2517,0.0733,0.0577,0.1764,0.1520,0.2141,0.0577,0.1520,0.1525
1785435077.73,59,drive,2,1.0,15.0,40.773,25.11,250.13,0.1735,0.2283,0.0518,0.2131,0.0718,0.2522,0.0718,0.0562,0.1779,0.1491,0.2155,0.0591,0.1510,0.1535
1785435077.83,59,drive,3,1.0,15.0,40.773,25.11,250.13,0.1745,0.2283,0.0494,0.2160,0.0733,0.2502,0.0704,0.0557,0.1779,0.1496,0.2160,0.0582,0.1510,0.1569
1785435078.52,59,drive,0,1.5,15.0,40.773,25.11,250.13,0.1760,0.2292,0.0489,0.2151,0.0743,0.2532,0.0704,0.0557,0.1774,0.1496,0.2155,0.0596,0.1520,0.1554
1785435078.62,59,drive,1,1.5,15.0,40.773,25.11,250.13,0.1755,0.2283,0.0508,0.2170,0.0704,0.2517,0.0718,0.0562,0.1760,0.1496,0.2151,0.0587,0.1515,0.1544
1785435078.72,59,drive,2,1.5,15.0,40.773,25.11,250.13,0.1745,0.2317,0.0518,0.2131,0.0733,0.2527,0.0689,0.0543,0.1764,0.1510,0.2107,0.0587,0.1520,0.1535
1785435078.82,59,drive,3,1.5,15.0,40.773,25.11,250.13,0.1745,0.2297,0.0513,0.2141,0.0704,0.2527,0.0709,0.0552,0.1745,0.1515,0.2146,0.0611,0.1525,0.1559
1785435079.52,59,drive,0,2.0,15.0,40.773,25.11,250.13,0.1760,0.2273,0.0503,0.2155,0.0728,0.2512,0.0714,0.0557,0.1764,0.1500,0.2151,0.0596,0.1515,0.1530
1785435079.61,59,drive,1,2.0,15.0,40.773,25.11,250.13,0.1750,0.2307,0.0528,0.2151,0.0723,0.2522,0.0714,0.0557,0.1764,0.1496,0.2121,0.0587,0.1530,0.1559
1785435079.71,59,drive,2,2.0,15.0,40.773,25.11,250.13,0.1750,0.2283,0.0484,0.2121,0.0733,0.2527,0.0723,0.0557,0.1740,0.1510,0.2146,0.0606,0.1520,0.1549
1785435079.81,59,drive,3,2.0,15.0,40.773,25.11,250.13,0.1760,0.2287,0.0479,0.2160,0.0728,0.2512,0.0714,0.0587,0.1774,0.1520,0.2136,0.0582,0.1486,0.1549
1785435080.51,59,drive,0,2.5,15.0,40.773,25.11,250.13,0.1725,0.2292,0.0528,0.2111,0.0723,0.2507,0.0723,0.0572,0.1760,0.1505,0.2165,0.0591,0.1520,0.1540
1785435080.61,59,drive,1,2.5,15.0,40.773,25.11,250.13,0.1745,0.2292,0.0513,0.2131,0.0743,0.2527,0.0718,0.0567,0.1789,0.1510,0.2151,0.0596,0.1525,0.1544
1785435080.71,59,drive,2,2.5,15.0,40.773,25.11,250.13,0.1725,0.2302,0.0503,0.2136,0.0728,0.2537,0.0733,0.0552,0.1760,0.1525,0.2160,0.0572,0.1515,0.1549
1785435080.80,59,drive,3,2.5,15.0,40.773,25.11,250.13,0.1745,0.2278,0.0518,0.2111,0.0714,0.2542,0.0743,0.0547,0.1750,0.1505,0.2136,0.0577,0.1491,0.1535
1785435081.50,59,drive,0,3.0,15.0,40.773,25.11,250.13,0.1750,0.2302,0.0528,0.2121,0.0738,0.2532,0.0728,0.0557,0.1760,0.1515,0.2141,0.0596,0.1505,0.1544
1785435081.60,59,drive,1,3.0,15.0,40.773,25.11,250.13,0.1745,0.2278,0.0503,0.2121,0.0743,0.2532,0.0723,0.0552,0.1755,0.1510,0.2141,0.0582,0.1525,0.1549
1785435081.70,59,drive,2,3.0,15.0,40.773,25.11,250.13,0.1730,0.2268,0.0518,0.2136,0.0728,0.2537,0.0718,0.0562,0.1784,0.1486,0.2121,0.0572,0.1520,0.1544
1785435081.80,59,drive,3,3.0,15.0,40.773,25.11,250.13,0.1745,0.2283,0.0528,0.2131,0.0738,0.2542,0.0733,0.0562,0.1760,0.1505,0.2107,0.0596,0.1515,0.1564
1785435082.49,59,drive,0,3.5,15.0,40.773,25.11,250.13,0.1750,0.2312,0.0508,0.2126,0.0733,0.2556,0.0743,0.0562,0.1769,0.1496,0.2151,0.0587,0.1496,0.1564
1785435082.59,59,drive,1,3.5,15.0,40.773,25.11,250.13,0.1764,0.2322,0.0508,0.2107,0.0728,0.2532,0.0704,0.0547,0.1784,0.1496,0.2146,0.0587,0.1525,0.1559
1785435082.69,59,drive,2,3.5,15.0,40.773,25.11,250.13,0.1750,0.2297,0.0503,0.2111,0.0723,0.2551,0.0723,0.0538,0.1740,0.1486,0.2151,0.0596,0.1515,0.1559
1785435082.79,59,drive,3,3.5,15.0,40.773,25.11,250.13,0.1764,0.2278,0.0494,0.2111,0.0762,0.2542,0.0738,0.0601,0.1760,0.1496,0.2141,0.0587,0.1520,0.1540
1785435083.49,59,drive,0,4.0,15.0,40.773,25.11,250.13,0.1750,0.2307,0.0518,0.2136,0.0733,0.2522,0.0709,0.0572,0.1750,0.1481,0.2131,0.0587,0.1535,0.1505
1785435083.59,59,drive,1,4.0,15.0,40.773,25.11,250.13,0.1764,0.2312,0.0528,0.2111,0.0728,0.2522,0.0694,0.0572,0.1779,0.1505,0.2146,0.0587,0.1540,0.1520
1785435083.68,59,drive,2,4.0,15.0,40.773,25.11,250.13,0.1740,0.2273,0.0503,0.2141,0.0723,0.2551,0.0704,0.0587,0.1769,0.1525,0.2126,0.0587,0.1540,0.1530
1785435083.78,59,drive,3,4.0,15.0,40.773,25.11,250.13,0.1725,0.2287,0.0518,0.2141,0.0728,0.2512,0.0728,0.0587,0.1774,0.1496,0.2126,0.0601,0.1510,0.1496
