t,ch,phase,rep,drive_v,dbm,bfm,temp_c,mA,pd0,pd1,pd2,pd3,pd4,pd5,pd6,pd7,pd8,pd9,pd10,pd11,pd12,pd13
1784800959.44,0,base,0,0.0,5.0,3.937,25.09,33.52,0.0196,0.0880,0.0005,0.0982,0.0005,0.0968,0.0020,0.0034,0.1828,0.0108,0.1227,0.0010,0.1808,0.0010
1784800959.54,0,base,1,0.0,5.0,3.937,25.09,33.52,0.0225,0.0894,0.0005,0.0987,0.0000,0.1036,0.0044,0.0054,0.1891,0.0117,0.1212,0.0005,0.1828,0.0000
1784800959.63,0,base,2,0.0,5.0,3.937,25.09,33.52,0.0176,0.0890,0.0000,0.0953,0.0000,0.1002,0.0064,0.0044,0.1867,0.0108,0.1232,0.0015,0.1828,0.0005
1784800960.22,0,drive,0,0.25,5.0,3.937,25.09,33.52,0.0215,0.0890,0.0000,0.0997,0.0020,0.1046,0.0034,0.0054,0.1872,0.0103,0.1232,0.0020,0.1838,0.0010
1784800960.32,0,drive,1,0.25,5.0,3.937,25.09,33.52,0.0210,0.0890,0.0005,0.1007,0.0005,0.1026,0.0024,0.0049,0.1911,0.0142,0.1251,0.0024,0.1823,0.0005
1784800960.41,0,drive,2,0.25,5.0,3.937,25.09,33.52,0.0196,0.0914,0.0000,0.1007,0.0020,0.1022,0.0039,0.0034,0.1896,0.0122,0.1212,0.0020,0.1828,0.0005
1784800961.00,0,drive,0,0.5,5.0,3.937,25.09,33.52,0.0196,0.0934,0.0000,0.0987,0.0000,0.1065,0.0039,0.0064,0.1838,0.0112,0.1163,0.0005,0.1784,0.0000
1784800961.09,0,drive,1,0.5,5.0,3.937,25.09,33.52,0.0200,0.0919,0.0000,0.1007,0.0000,0.1022,0.0024,0.0034,0.1804,0.0142,0.1173,0.0020,0.1784,0.0010
1784800961.19,0,drive,2,0.5,5.0,3.937,25.09,33.52,0.0191,0.0894,0.0000,0.0987,0.0000,0.1017,0.0020,0.0078,0.1843,0.0117,0.1173,0.0024,0.1804,0.0044
1784800961.77,0,drive,0,0.75,5.0,3.937,25.09,33.52,0.0205,0.0919,0.0000,0.1002,0.0000,0.1022,0.0020,0.0059,0.1725,0.0122,0.0973,0.0010,0.1706,0.0000
1784800961.87,0,drive,1,0.75,5.0,3.937,25.09,33.52,0.0205,0.0938,0.0005,0.1007,0.0024,0.1046,0.0029,0.0059,0.1755,0.0103,0.0997,0.0024,0.1730,0.0000
1784800961.96,0,drive,2,0.75,5.0,3.937,25.09,33.52,0.0196,0.0899,0.0000,0.1012,0.0010,0.1026,0.0020,0.0068,0.1779,0.0142,0.0987,0.0005,0.1681,0.0000
1784800962.56,0,drive,0,1.0,5.0,3.937,25.09,33.52,0.0244,0.0914,0.0000,0.1041,0.0000,0.1051,0.0024,0.0059,0.1598,0.0132,0.0821,0.0024,0.1593,0.0000
1784800962.65,0,drive,1,1.0,5.0,3.937,25.09,33.52,0.0210,0.0894,0.0010,0.1022,0.0000,0.1026,0.0020,0.0078,0.1608,0.0117,0.0831,0.0024,0.1559,0.0005
1784800962.74,0,drive,2,1.0,5.0,3.937,25.09,33.52,0.0244,0.0934,0.0005,0.1022,0.0000,0.1056,0.0020,0.0039,0.1613,0.0108,0.0841,0.0005,0.1564,0.0005
1784800963.34,0,drive,0,1.25,5.0,3.937,25.09,33.52,0.0215,0.0875,0.0005,0.0997,0.0000,0.1022,0.0034,0.0034,0.1413,0.0156,0.0601,0.0024,0.1383,0.0000
1784800963.43,0,drive,1,1.25,5.0,3.937,25.09,33.52,0.0181,0.0924,0.0005,0.1012,0.0000,0.1007,0.0034,0.0044,0.1437,0.0142,0.0611,0.0029,0.1388,0.0005
1784800963.52,0,drive,2,1.25,5.0,3.937,25.09,33.52,0.0200,0.0904,0.0005,0.1017,0.0005,0.1002,0.0064,0.0049,0.1447,0.0156,0.0635,0.0005,0.1393,0.0010
1784800964.12,0,drive,0,1.5,5.0,3.937,25.09,33.52,0.0269,0.0968,0.0137,0.1022,0.0186,0.0978,0.0200,0.0279,0.1026,0.0244,0.0362,0.0200,0.0973,0.0147
1784800964.21,0,drive,1,1.5,5.0,3.937,25.09,33.52,0.0254,0.0924,0.0039,0.1168,0.0117,0.1100,0.0186,0.0225,0.0880,0.0264,0.0391,0.0244,0.0978,0.0176
1784800964.31,0,drive,2,1.5,5.0,3.937,25.09,33.52,0.0313,0.1065,0.0098,0.0934,0.0166,0.1051,0.0132,0.0108,0.1168,0.0181,0.0342,0.0254,0.1026,0.0112
1784800964.89,0,drive,0,1.75,5.0,3.937,25.09,33.52,0.0376,0.0934,0.0020,0.0875,0.0049,0.1041,0.0220,0.0117,0.0484,0.0308,0.0054,0.0166,0.0533,0.0015
1784800964.98,0,drive,1,1.75,5.0,3.937,25.09,33.52,0.0186,0.0909,0.0142,0.0987,0.0024,0.1075,0.0049,0.0215,0.0572,0.0171,0.0259,0.0068,0.0562,0.0244
1784800965.08,0,drive,2,1.75,5.0,3.937,25.09,33.52,0.0249,0.0963,0.0044,0.1012,0.0152,0.1036,0.0098,0.0176,0.0479,0.0249,0.0083,0.0020,0.0577,0.0020
1784800965.67,0,drive,0,2.0,5.0,3.937,25.09,33.52,0.0230,0.0968,0.0093,0.1041,0.0039,0.1022,0.0039,0.0117,0.0161,0.0142,0.0049,0.0044,0.0200,0.0039
1784800965.76,0,drive,1,2.0,5.0,3.937,25.09,33.52,0.0171,0.1002,0.0005,0.1017,0.0034,0.0992,0.0122,0.0064,0.0127,0.0147,0.0015,0.0024,0.0186,0.0005
1784800965.86,0,drive,2,2.0,5.0,3.937,25.09,33.52,0.0274,0.0929,0.0049,0.1061,0.0005,0.1124,0.0073,0.0064,0.0283,0.0181,0.0020,0.0049,0.0176,0.0068
1784800966.53,1,base,0,0.0,5.0,4.197,25.09,33.53,0.0225,0.0899,0.0103,0.0958,0.0054,0.0919,0.0068,0.0171,0.1970,0.0142,0.1134,0.0122,0.1848,0.0225
1784800966.62,1,base,1,0.0,5.0,4.197,25.09,33.53,0.0254,0.0929,0.0117,0.1017,0.0015,0.1183,0.0039,0.0137,0.1750,0.0108,0.1290,0.0127,0.1867,0.0024
1784800966.71,1,base,2,0.0,5.0,4.197,25.09,33.53,0.0298,0.0909,0.0020,0.1002,0.0103,0.1065,0.0191,0.0147,0.1911,0.0196,0.1246,0.0034,0.2004,0.0024
1784800967.31,1,drive,0,0.25,5.0,4.197,25.09,33.53,0.0288,0.0904,0.0098,0.0968,0.0073,0.1026,0.0083,0.0161,0.1828,0.0156,0.1295,0.0137,0.1848,0.0093
1784800967.40,1,drive,1,0.25,5.0,4.197,25.09,33.53,0.0215,0.0958,0.0152,0.0973,0.0122,0.1007,0.0024,0.0152,0.1935,0.0161,0.1237,0.0103,0.1813,0.0049
1784800967.50,1,drive,2,0.25,5.0,4.197,25.09,33.53,0.0108,0.0938,0.0083,0.1022,0.0029,0.0919,0.0196,0.0020,0.1950,0.0137,0.1256,0.0161,0.1882,0.0064
1784800968.09,1,drive,0,0.5,5.0,4.197,25.09,33.53,0.0215,0.0890,0.0117,0.0968,0.0093,0.1109,0.0093,0.0205,0.1945,0.0186,0.1276,0.0068,0.1926,0.0054
1784800968.18,1,drive,1,0.5,5.0,4.197,25.09,33.53,0.0235,0.0841,0.0020,0.0968,0.0142,0.1002,0.0186,0.0171,0.1984,0.0166,0.1266,0.0068,0.1882,0.0073
1784800968.27,1,drive,2,0.5,5.0,4.197,25.09,33.53,0.0357,0.0870,0.0005,0.1041,0.0093,0.1041,0.0078,0.0112,0.1935,0.0205,0.1344,0.0117,0.1921,0.0015
1784800968.87,1,drive,0,0.75,5.0,4.197,25.09,33.53,0.0215,0.0938,0.0132,0.1026,0.0127,0.1095,0.0078,0.0152,0.2004,0.0152,0.1486,0.0093,0.2028,0.0044
1784800968.96,1,drive,1,0.75,5.0,4.197,25.09,33.53,0.0264,0.0865,0.0137,0.1075,0.0059,0.1061,0.0029,0.0205,0.2053,0.0103,0.1354,0.0171,0.2038,0.0064
1784800969.05,1,drive,2,0.75,5.0,4.197,25.09,33.53,0.0225,0.0958,0.0078,0.1012,0.0093,0.1100,0.0049,0.0147,0.1979,0.0176,0.1437,0.0044,0.2009,0.0073
1784800969.65,1,drive,0,1.0,5.0,4.197,25.09,33.53,0.0288,0.0904,0.0108,0.1022,0.0039,0.0982,0.0166,0.0083,0.2151,0.0215,0.1383,0.0156,0.2067,0.0147
1784800969.74,1,drive,1,1.0,5.0,4.197,25.09,33.53,0.0269,0.0987,0.0161,0.1036,0.0108,0.1036,0.0049,0.0137,0.1984,0.0142,0.1427,0.0156,0.2067,0.0088
1784800969.83,1,drive,2,1.0,5.0,4.197,25.09,33.53,0.0215,0.0919,0.0044,0.0992,0.0059,0.1031,0.0142,0.0078,0.2067,0.0122,0.1383,0.0142,0.2048,0.0005
1784800970.43,1,drive,0,1.25,5.0,4.197,25.09,33.53,0.0279,0.0973,0.0078,0.0953,0.0034,0.1090,0.0103,0.0049,0.2087,0.0166,0.1476,0.0093,0.2146,0.0083
1784800970.52,1,drive,1,1.25,5.0,4.197,25.09,33.53,0.0215,0.0934,0.0088,0.0978,0.0093,0.1061,0.0171,0.0176,0.2009,0.0259,0.1398,0.0039,0.2043,0.0142
1784800970.62,1,drive,2,1.25,5.0,4.197,25.09,33.53,0.0210,0.0909,0.0049,0.0992,0.0083,0.1124,0.0049,0.0220,0.2077,0.0083,0.1496,0.0073,0.2102,0.0029
1784800971.20,1,drive,0,1.5,5.0,4.197,25.09,33.53,0.0161,0.1002,0.0010,0.1114,0.0034,0.1056,0.0176,0.0181,0.2107,0.0112,0.1496,0.0073,0.2175,0.0024
1784800971.29,1,drive,1,1.5,5.0,4.197,25.09,33.53,0.0279,0.0909,0.0142,0.0963,0.0020,0.0968,0.0049,0.0117,0.1960,0.0186,0.1564,0.0181,0.2155,0.0020
1784800971.39,1,drive,2,1.5,5.0,4.197,25.09,33.53,0.0235,0.0748,0.0210,0.1041,0.0239,0.1075,0.0020,0.0176,0.1960,0.0142,0.1403,0.0078,0.2224,0.0171
1784800971.98,1,drive,0,1.75,5.0,4.197,25.09,33.53,0.0225,0.0919,0.0049,0.0978,0.0196,0.1026,0.0054,0.0127,0.2077,0.0254,0.1285,0.0054,0.2038,0.0054
1784800972.07,1,drive,1,1.75,5.0,4.197,25.09,33.53,0.0269,0.0924,0.0005,0.1046,0.0083,0.1070,0.0117,0.0147,0.2116,0.0186,0.1476,0.0005,0.2199,0.0015
1784800972.17,1,drive,2,1.75,5.0,4.197,25.09,33.53,0.0220,0.0811,0.0068,0.1012,0.0078,0.0987,0.0059,0.0147,0.2058,0.0171,0.1339,0.0034,0.2136,0.0098
1784800972.76,1,drive,0,2.0,5.0,4.197,25.09,33.53,0.0239,0.0865,0.0039,0.1007,0.0171,0.0997,0.0049,0.0230,0.2009,0.0269,0.1457,0.0044,0.2067,0.0054
1784800972.85,1,drive,1,2.0,5.0,4.197,25.09,33.53,0.0264,0.0919,0.0249,0.0992,0.0005,0.0855,0.0083,0.0068,0.2014,0.0152,0.1305,0.0161,0.2107,0.0254
1784800972.94,1,drive,2,2.0,5.0,4.197,25.09,33.53,0.0435,0.0909,0.0029,0.1041,0.0039,0.1046,0.0230,0.0103,0.2043,0.0323,0.1364,0.0117,0.2121,0.0044
1784800973.61,2,base,0,0.0,5.0,4.197,25.09,33.54,0.0181,0.0899,0.0293,0.1046,0.0049,0.0953,0.0044,0.0161,0.1760,0.0103,0.1251,0.0093,0.1804,0.0283
1784800973.71,2,base,1,0.0,5.0,4.197,25.09,33.54,0.0200,0.0875,0.0274,0.1046,0.0029,0.1051,0.0078,0.0161,0.1838,0.0088,0.1364,0.0127,0.1848,0.0269
1784800973.80,2,base,2,0.0,5.0,4.197,25.09,33.54,0.0274,0.0924,0.0068,0.0934,0.0015,0.1007,0.0117,0.0068,0.1945,0.0108,0.1251,0.0191,0.1813,0.0039
1784800974.39,2,drive,0,0.25,5.0,4.197,25.09,33.54,0.0171,0.0870,0.0137,0.0953,0.0078,0.1041,0.0049,0.0220,0.1862,0.0098,0.1193,0.0073,0.1833,0.0279
1784800974.48,2,drive,1,0.25,5.0,4.197,25.09,33.54,0.0323,0.0929,0.0156,0.0924,0.0015,0.0958,0.0064,0.0049,0.1994,0.0152,0.1222,0.0303,0.1891,0.0059
1784800974.58,2,drive,2,0.25,5.0,4.197,25.09,33.54,0.0293,0.0846,0.0010,0.1114,0.0078,0.1046,0.0259,0.0112,0.1906,0.0244,0.1266,0.0083,0.1799,0.0010
1784800975.16,2,drive,0,0.5,5.0,4.197,25.09,33.54,0.0215,0.0865,0.0015,0.1026,0.0000,0.1022,0.0049,0.0044,0.1872,0.0132,0.1207,0.0020,0.1857,0.0000
1784800975.26,2,drive,1,0.5,5.0,4.197,25.09,33.54,0.0200,0.0890,0.0010,0.1026,0.0000,0.1026,0.0020,0.0034,0.1901,0.0117,0.1261,0.0020,0.1833,0.0000
1784800975.35,2,drive,2,0.5,5.0,4.197,25.09,33.54,0.0220,0.0855,0.0000,0.1012,0.0024,0.1036,0.0010,0.0059,0.1882,0.0098,0.1285,0.0024,0.1833,0.0000
1784800975.94,2,drive,0,0.75,5.0,4.197,25.09,33.54,0.0249,0.0938,0.0005,0.0973,0.0005,0.1007,0.0020,0.0039,0.1901,0.0112,0.1261,0.0010,0.1838,0.0010
1784800976.04,2,drive,1,0.75,5.0,4.197,25.09,33.54,0.0235,0.0934,0.0005,0.1012,0.0000,0.1036,0.0015,0.0044,0.1931,0.0088,0.1290,0.0029,0.1891,0.0000
1784800976.13,2,drive,2,0.75,5.0,4.197,25.09,33.54,0.0220,0.0904,0.0000,0.1012,0.0000,0.1046,0.0010,0.0034,0.1887,0.0088,0.1305,0.0024,0.1862,0.0044
1784800976.72,2,drive,0,1.0,5.0,4.197,25.09,33.54,0.0191,0.0909,0.0005,0.1017,0.0000,0.1026,0.0054,0.0049,0.1896,0.0098,0.1305,0.0024,0.1872,0.0000
1784800976.82,2,drive,1,1.0,5.0,4.197,25.09,33.54,0.0196,0.0899,0.0005,0.1012,0.0000,0.1026,0.0029,0.0044,0.1857,0.0117,0.1295,0.0010,0.1838,0.0000
1784800976.91,2,drive,2,1.0,5.0,4.197,25.09,33.54,0.0225,0.0865,0.0000,0.0997,0.0000,0.1026,0.0049,0.0015,0.1931,0.0098,0.1310,0.0010,0.1867,0.0000
1784800977.50,2,drive,0,1.25,5.0,4.197,25.09,33.54,0.0225,0.0943,0.0000,0.0982,0.0010,0.1012,0.0034,0.0034,0.1955,0.0098,0.1305,0.0005,0.1867,0.0034
1784800977.60,2,drive,1,1.25,5.0,4.197,25.09,33.54,0.0166,0.0885,0.0000,0.1026,0.0000,0.1012,0.0020,0.0015,0.1926,0.0098,0.1300,0.0010,0.1862,0.0049
1784800977.69,2,drive,2,1.25,5.0,4.197,25.09,33.54,0.0225,0.0894,0.0005,0.1031,0.0015,0.1022,0.0049,0.0005,0.1911,0.0117,0.1315,0.0020,0.1891,0.0000
1784800978.28,2,drive,0,1.5,5.0,4.197,25.09,33.54,0.0239,0.0870,0.0015,0.1017,0.0005,0.0982,0.0020,0.0034,0.1921,0.0108,0.1271,0.0020,0.1877,0.0000
1784800978.38,2,drive,1,1.5,5.0,4.197,25.09,33.54,0.0200,0.0899,0.0000,0.1036,0.0015,0.0987,0.0024,0.0005,0.1911,0.0093,0.1285,0.0029,0.1857,0.0000
1784800978.47,2,drive,2,1.5,5.0,4.197,25.09,33.54,0.0200,0.0860,0.0000,0.1022,0.0000,0.0968,0.0020,0.0044,0.1852,0.0083,0.1339,0.0015,0.1823,0.0010
1784800979.06,2,drive,0,1.75,5.0,4.197,25.09,33.54,0.0191,0.0870,0.0005,0.1007,0.0005,0.0934,0.0029,0.0015,0.1828,0.0083,0.1271,0.0024,0.1848,0.0000
1784800979.15,2,drive,1,1.75,5.0,4.197,25.09,33.54,0.0239,0.0919,0.0000,0.1041,0.0005,0.0938,0.0010,0.0039,0.1818,0.0059,0.1281,0.0015,0.1843,0.0010
1784800979.25,2,drive,2,1.75,5.0,4.197,25.09,33.54,0.0215,0.0885,0.0005,0.1041,0.0000,0.0948,0.0005,0.0000,0.1872,0.0093,0.1251,0.0020,0.1872,0.0000
1784800979.84,2,drive,0,2.0,5.0,4.197,25.09,33.54,0.0196,0.0909,0.0010,0.0978,0.0000,0.0943,0.0020,0.0015,0.1779,0.0088,0.1232,0.0029,0.1808,0.0010
1784800979.93,2,drive,1,2.0,5.0,4.197,25.09,33.54,0.0205,0.0890,0.0010,0.1056,0.0000,0.0953,0.0010,0.0000,0.1808,0.0088,0.1202,0.0015,0.1823,0.0039
1784800980.03,2,drive,2,2.0,5.0,4.197,25.09,33.54,0.0191,0.0880,0.0000,0.1065,0.0000,0.0948,0.0010,0.0010,0.1794,0.0093,0.1217,0.0020,0.1813,0.0010
1784800980.70,3,base,0,0.0,5.0,4.137,25.09,33.55,0.0196,0.0929,0.0005,0.1012,0.0005,0.1002,0.0024,0.0044,0.1877,0.0088,0.1251,0.0005,0.1823,0.0020
1784800980.80,3,base,1,0.0,5.0,4.137,25.09,33.55,0.0200,0.0894,0.0000,0.1012,0.0000,0.1041,0.0059,0.0049,0.1887,0.0108,0.1261,0.0044,0.1833,0.0005
1784800980.89,3,base,2,0.0,5.0,4.137,25.09,33.55,0.0181,0.0929,0.0000,0.1002,0.0000,0.1046,0.0015,0.0059,0.1906,0.0103,0.1281,0.0015,0.1828,0.0000
1784800981.49,3,drive,0,0.25,5.0,4.137,25.09,33.55,0.0215,0.0880,0.0000,0.0997,0.0015,0.1022,0.0024,0.0054,0.1872,0.0108,0.1246,0.0005,0.1833,0.0000
1784800981.58,3,drive,1,0.25,5.0,4.137,25.09,33.55,0.0215,0.0909,0.0000,0.1007,0.0000,0.1026,0.0044,0.0044,0.1911,0.0108,0.1285,0.0015,0.1833,0.0000
1784800981.67,3,drive,2,0.25,5.0,4.137,25.09,33.55,0.0225,0.0890,0.0000,0.1036,0.0015,0.1031,0.0015,0.0044,0.1872,0.0098,0.1212,0.0015,0.1833,0.0000
1784800982.27,3,drive,0,0.5,5.0,4.137,25.09,33.55,0.0196,0.0938,0.0000,0.1041,0.0005,0.1012,0.0034,0.0054,0.1891,0.0093,0.1266,0.0005,0.1852,0.0005
1784800982.36,3,drive,1,0.5,5.0,4.137,25.09,33.55,0.0303,0.1051,0.0235,0.1285,0.0186,0.1036,0.0044,0.0108,0.1750,0.0230,0.1344,0.0137,0.1618,0.0200
1784800982.46,3,drive,2,0.5,5.0,4.137,25.09,33.55,0.0235,0.0899,0.0078,0.1217,0.0078,0.1022,0.0200,0.0181,0.1774,0.0161,0.1388,0.0205,0.1794,0.0196
1784800983.05,3,drive,0,0.75,5.0,4.137,25.09,33.55,0.0342,0.0880,0.0083,0.0973,0.0103,0.0963,0.0176,0.0191,0.1906,0.0196,0.1281,0.0220,0.1862,0.0196
1784800983.14,3,drive,1,0.75,5.0,4.137,25.09,33.55,0.0269,0.1061,0.0083,0.1065,0.0186,0.0968,0.0244,0.0166,0.2072,0.0142,0.1300,0.0181,0.1735,0.0176
1784800983.24,3,drive,2,0.75,5.0,4.137,25.09,33.55,0.0142,0.0968,0.0244,0.1212,0.0088,0.0929,0.0059,0.0137,0.1852,0.0176,0.1217,0.0230,0.1960,0.0093
1784800983.82,3,drive,0,1.0,5.0,4.137,25.09,33.55,0.0420,0.0880,0.0015,0.0860,0.0039,0.1022,0.0156,0.0068,0.1926,0.0205,0.1266,0.0288,0.1852,0.0049
1784800983.92,3,drive,1,1.0,5.0,4.137,25.09,33.55,0.0323,0.0938,0.0078,0.0909,0.0015,0.1080,0.0093,0.0049,0.1882,0.0122,0.1276,0.0298,0.1823,0.0015
1784800984.01,3,drive,2,1.0,5.0,4.137,25.09,33.55,0.0200,0.0860,0.0078,0.0987,0.0293,0.1036,0.0093,0.0176,0.1906,0.0225,0.1090,0.0059,0.1838,0.0108
1784800984.60,3,drive,0,1.25,5.0,4.137,25.09,33.55,0.0225,0.0865,0.0191,0.1026,0.0078,0.1022,0.0034,0.0137,0.1848,0.0166,0.1139,0.0117,0.1838,0.0152
1784800984.70,3,drive,1,1.25,5.0,4.137,25.09,33.55,0.0279,0.0885,0.0122,0.1007,0.0049,0.0973,0.0039,0.0103,0.1813,0.0112,0.1364,0.0083,0.1852,0.0064
1784800984.79,3,drive,2,1.25,5.0,4.137,25.09,33.55,0.0166,0.0987,0.0010,0.1026,0.0049,0.1022,0.0034,0.0098,0.1916,0.0156,0.1271,0.0034,0.1804,0.0024
1784800985.39,3,drive,0,1.5,5.0,4.137,25.09,33.55,0.0171,0.0919,0.0161,0.1017,0.0015,0.0758,0.0054,0.0083,0.2067,0.0078,0.1281,0.0205,0.1843,0.0112
1784800985.48,3,drive,1,1.5,5.0,4.137,25.09,33.55,0.0274,0.0831,0.0064,0.1041,0.0210,0.0992,0.0044,0.0279,0.1838,0.0249,0.1217,0.0034,0.1804,0.0068
1784800985.57,3,drive,2,1.5,5.0,4.137,25.09,33.55,0.0386,0.0938,0.0034,0.0934,0.0054,0.1036,0.0161,0.0108,0.1872,0.0235,0.1320,0.0122,0.2009,0.0015
1784800986.17,3,drive,0,1.75,5.0,4.137,25.09,33.55,0.0181,0.0938,0.0083,0.1085,0.0117,0.0987,0.0088,0.0122,0.1877,0.0191,0.1325,0.0103,0.1794,0.0064
1784800986.26,3,drive,1,1.75,5.0,4.137,25.09,33.55,0.0283,0.0899,0.0068,0.1065,0.0054,0.1012,0.0181,0.0127,0.1872,0.0112,0.1251,0.0176,0.1799,0.0132
1784800986.36,3,drive,2,1.75,5.0,4.137,25.09,33.55,0.0249,0.0909,0.0044,0.1105,0.0029,0.1007,0.0215,0.0108,0.1984,0.0147,0.1290,0.0112,0.1789,0.0098
1784800986.94,3,drive,0,2.0,5.0,4.137,25.09,33.55,0.0156,0.0904,0.0112,0.1217,0.0034,0.0909,0.0239,0.0112,0.1940,0.0147,0.1344,0.0068,0.1833,0.0064
1784800987.04,3,drive,1,2.0,5.0,4.137,25.09,33.55,0.0430,0.0943,0.0132,0.0919,0.0078,0.0865,0.0142,0.0093,0.1970,0.0142,0.1305,0.0068,0.1852,0.0137
1784800987.13,3,drive,2,2.0,5.0,4.137,25.09,33.55,0.0147,0.0855,0.0064,0.1158,0.0064,0.1085,0.0269,0.0161,0.1779,0.0161,0.1178,0.0137,0.1891,0.0166
1784800987.80,4,base,0,0.0,5.0,4.197,25.09,33.56,0.0381,0.0865,0.0279,0.1031,0.0225,0.1041,0.0308,0.0152,0.1857,0.0220,0.1300,0.0147,0.1935,0.0093
1784800987.90,4,base,1,0.0,5.0,4.197,25.09,33.56,0.0318,0.0841,0.0142,0.1022,0.0205,0.0914,0.0230,0.0137,0.1872,0.0279,0.1359,0.0244,0.1652,0.0132
1784800987.99,4,base,2,0.0,5.0,4.197,25.09,33.56,0.0298,0.0982,0.0220,0.0914,0.0161,0.0890,0.0230,0.0239,0.2185,0.0137,0.1310,0.0235,0.1891,0.0220
1784800988.59,4,drive,0,0.25,5.0,4.197,25.09,33.56,0.0200,0.0968,0.0117,0.1105,0.0142,0.1070,0.0152,0.0122,0.1857,0.0220,0.1241,0.0068,0.1965,0.0112
1784800988.68,4,drive,1,0.25,5.0,4.197,25.09,33.56,0.0244,0.0836,0.0239,0.1041,0.0073,0.1031,0.0152,0.0171,0.1877,0.0205,0.1237,0.0093,0.1852,0.0293
1784800988.78,4,drive,2,0.25,5.0,4.197,25.09,33.56,0.0200,0.0929,0.0147,0.0885,0.0318,0.1022,0.0166,0.0318,0.1960,0.0225,0.1168,0.0171,0.1862,0.0210
1784800989.36,4,drive,0,0.5,5.0,4.197,25.09,33.56,0.0191,0.0943,0.0068,0.0987,0.0215,0.1056,0.0147,0.0249,0.1862,0.0152,0.1344,0.0078,0.1804,0.0103
1784800989.46,4,drive,1,0.5,5.0,4.197,25.09,33.56,0.0220,0.0880,0.0181,0.1065,0.0103,0.1075,0.0117,0.0142,0.1857,0.0108,0.1232,0.0108,0.1774,0.0259
1784800989.55,4,drive,2,0.5,5.0,4.197,25.09,33.56,0.0235,0.0904,0.0117,0.1002,0.0161,0.1051,0.0103,0.0132,0.1891,0.0132,0.1202,0.0073,0.1720,0.0210
1784800990.14,4,drive,0,0.75,5.0,4.197,25.09,33.56,0.0235,0.0811,0.0073,0.0968,0.0020,0.0924,0.0112,0.0093,0.1960,0.0112,0.1339,0.0132,0.1696,0.0117
1784800990.24,4,drive,1,0.75,5.0,4.197,25.09,33.56,0.0235,0.0938,0.0068,0.0978,0.0108,0.0958,0.0044,0.0122,0.1882,0.0103,0.1070,0.0098,0.1867,0.0112
1784800990.33,4,drive,2,0.75,5.0,4.197,25.09,33.56,0.0196,0.1075,0.0059,0.0987,0.0112,0.0938,0.0034,0.0024,0.2023,0.0176,0.1295,0.0044,0.1862,0.0112
1784800990.92,4,drive,0,1.0,5.0,4.197,25.09,33.56,0.0244,0.0865,0.0049,0.1036,0.0024,0.1119,0.0083,0.0127,0.1891,0.0200,0.1256,0.0161,0.1901,0.0064
1784800991.01,4,drive,1,1.0,5.0,4.197,25.09,33.56,0.0279,0.1022,0.0020,0.0973,0.0054,0.1026,0.0122,0.0059,0.1950,0.0171,0.1295,0.0132,0.1862,0.0112
1784800991.11,4,drive,2,1.0,5.0,4.197,25.09,33.56,0.0225,0.0860,0.0098,0.0978,0.0132,0.0968,0.0127,0.0244,0.1872,0.0210,0.1261,0.0098,0.1823,0.0181
1784800991.69,4,drive,0,1.25,5.0,4.197,25.09,33.56,0.0220,0.0987,0.0103,0.0948,0.0064,0.1065,0.0078,0.0059,0.1896,0.0147,0.1349,0.0147,0.1838,0.0010
1784800991.79,4,drive,1,1.25,5.0,4.197,25.09,33.56,0.0200,0.0894,0.0049,0.0973,0.0088,0.0973,0.0142,0.0147,0.1989,0.0117,0.1246,0.0098,0.1716,0.0068
1784800991.88,4,drive,2,1.25,5.0,4.197,25.09,33.56,0.0171,0.0899,0.0039,0.1036,0.0078,0.1031,0.0034,0.0083,0.1906,0.0127,0.1305,0.0103,0.1872,0.0049
1784800992.47,4,drive,0,1.5,5.0,4.197,25.09,33.56,0.0235,0.0904,0.0078,0.0924,0.0034,0.0924,0.0127,0.0029,0.1911,0.0152,0.1359,0.0166,0.1896,0.0054
1784800992.57,4,drive,1,1.5,5.0,4.197,25.09,33.56,0.0186,0.0787,0.0064,0.0953,0.0122,0.0958,0.0088,0.0230,0.1965,0.0274,0.1334,0.0137,0.1813,0.0103
1784800992.66,4,drive,2,1.5,5.0,4.197,25.09,33.56,0.0239,0.0885,0.0098,0.1036,0.0064,0.1119,0.0186,0.0132,0.1813,0.0171,0.1325,0.0166,0.1804,0.0044
1784800993.26,4,drive,0,1.75,5.0,4.197,25.09,33.56,0.0337,0.1012,0.0059,0.0948,0.0093,0.1046,0.0103,0.0122,0.1984,0.0264,0.1246,0.0068,0.1896,0.0073
1784800993.35,4,drive,1,1.75,5.0,4.197,25.09,33.56,0.0259,0.0894,0.0078,0.0968,0.0059,0.1012,0.0220,0.0132,0.1935,0.0259,0.1364,0.0098,0.1833,0.0029
1784800993.45,4,drive,2,1.75,5.0,4.197,25.09,33.56,0.0244,0.0880,0.0083,0.1070,0.0083,0.1007,0.0181,0.0083,0.1799,0.0249,0.1300,0.0068,0.1896,0.0049
1784800994.04,4,drive,0,2.0,5.0,4.197,25.09,33.56,0.0327,0.0865,0.0191,0.1065,0.0064,0.1041,0.0108,0.0171,0.1872,0.0147,0.1261,0.0147,0.1965,0.0088
1784800994.13,4,drive,1,2.0,5.0,4.197,25.09,33.56,0.0186,0.0846,0.0029,0.0929,0.0137,0.0978,0.0152,0.0132,0.2004,0.0137,0.1256,0.0083,0.1823,0.0108
1784800994.23,4,drive,2,2.0,5.0,4.197,25.09,33.56,0.0249,0.0943,0.0044,0.0909,0.0024,0.1012,0.0142,0.0083,0.1887,0.0323,0.1305,0.0098,0.1838,0.0112
1784800994.88,5,base,0,0.0,5.0,4.177,25.09,33.56,0.0274,0.0899,0.0044,0.1012,0.0059,0.1061,0.0093,0.0127,0.1901,0.0205,0.1202,0.0088,0.1926,0.0068
1784800994.98,5,base,1,0.0,5.0,4.177,25.09,33.56,0.0249,0.0855,0.0073,0.1017,0.0132,0.0992,0.0064,0.0142,0.1877,0.0225,0.1295,0.0088,0.1872,0.0064
1784800995.07,5,base,2,0.0,5.0,4.177,25.09,33.56,0.0191,0.0997,0.0108,0.0997,0.0093,0.1056,0.0088,0.0098,0.1911,0.0176,0.1251,0.0098,0.1852,0.0161
1784800995.66,5,drive,0,0.25,5.0,4.177,25.09,33.56,0.0411,0.0968,0.0044,0.1002,0.0068,0.0929,0.0117,0.0049,0.1818,0.0142,0.1222,0.0288,0.1823,0.0083
1784800995.75,5,drive,1,0.25,5.0,4.177,25.09,33.56,0.0269,0.0958,0.0010,0.0953,0.0044,0.1036,0.0259,0.0112,0.1945,0.0166,0.1305,0.0068,0.1823,0.0000
1784800995.85,5,drive,2,0.25,5.0,4.177,25.09,33.56,0.0210,0.0890,0.0147,0.1007,0.0010,0.1046,0.0127,0.0083,0.1994,0.0132,0.1193,0.0152,0.1838,0.0049
1784800996.44,5,drive,0,0.5,5.0,4.177,25.09,33.56,0.0357,0.0880,0.0083,0.1036,0.0210,0.1017,0.0435,0.0215,0.1828,0.0318,0.1212,0.0068,0.1696,0.0064
1784800996.54,5,drive,1,0.5,5.0,4.177,25.09,33.56,0.0313,0.0924,0.0186,0.1036,0.0044,0.1109,0.0171,0.0064,0.1857,0.0132,0.1320,0.0225,0.1843,0.0186
1784800996.63,5,drive,2,0.5,5.0,4.177,25.09,33.56,0.0288,0.0909,0.0117,0.1002,0.0220,0.0992,0.0044,0.0303,0.1872,0.0176,0.1188,0.0034,0.1891,0.0137
1784800997.21,5,drive,0,0.75,5.0,4.177,25.09,33.56,0.0210,0.0963,0.0068,0.0978,0.0318,0.1046,0.0103,0.0313,0.1984,0.0225,0.1276,0.0098,0.1735,0.0093
1784800997.31,5,drive,1,0.75,5.0,4.177,25.09,33.56,0.0435,0.0850,0.0039,0.1207,0.0088,0.0982,0.0225,0.0147,0.1970,0.0239,0.1276,0.0239,0.1906,0.0024
1784800997.40,5,drive,2,0.75,5.0,4.177,25.09,33.56,0.0235,0.0850,0.0347,0.0953,0.0039,0.1065,0.0093,0.0112,0.1945,0.0156,0.1119,0.0112,0.1799,0.0430
1784800997.99,5,drive,0,1.0,5.0,4.177,25.09,33.56,0.0303,0.0860,0.0264,0.0992,0.0147,0.0997,0.0093,0.0152,0.1877,0.0166,0.1251,0.0230,0.1960,0.0225
1784800998.08,5,drive,1,1.0,5.0,4.177,25.09,33.56,0.0215,0.1046,0.0078,0.1022,0.0215,0.1075,0.0235,0.0191,0.1911,0.0230,0.1227,0.0112,0.1872,0.0059
1784800998.18,5,drive,2,1.0,5.0,4.177,25.09,33.56,0.0259,0.0850,0.0078,0.0948,0.0000,0.1051,0.0083,0.0073,0.1799,0.0152,0.1281,0.0108,0.1916,0.0064
1784800998.77,5,drive,0,1.25,5.0,4.177,25.09,33.56,0.0249,0.0938,0.0054,0.1026,0.0088,0.0997,0.0093,0.0171,0.1877,0.0068,0.1310,0.0068,0.1877,0.0083
1784800998.86,5,drive,1,1.25,5.0,4.177,25.09,33.56,0.0254,0.0904,0.0020,0.1012,0.0024,0.1031,0.0122,0.0137,0.1906,0.0171,0.1256,0.0098,0.1838,0.0015
1784800998.96,5,drive,2,1.25,5.0,4.177,25.09,33.56,0.0230,0.0899,0.0054,0.1007,0.0059,0.1031,0.0059,0.0064,0.1975,0.0147,0.1271,0.0103,0.1906,0.0010
1784800999.55,5,drive,0,1.5,5.0,4.177,25.09,33.56,0.0244,0.0880,0.0044,0.0938,0.0029,0.1031,0.0093,0.0088,0.1838,0.0152,0.1227,0.0112,0.1833,0.0020
1784800999.65,5,drive,1,1.5,5.0,4.177,25.09,33.56,0.0215,0.0802,0.0044,0.0973,0.0020,0.0997,0.0088,0.0152,0.1921,0.0156,0.1339,0.0078,0.1828,0.0059
1784800999.74,5,drive,2,1.5,5.0,4.177,25.09,33.56,0.0200,0.0860,0.0044,0.0992,0.0039,0.0973,0.0078,0.0117,0.1838,0.0171,0.1281,0.0049,0.1848,0.0054
1784801000.33,5,drive,0,1.75,5.0,4.177,25.09,33.56,0.0244,0.0846,0.0044,0.0924,0.0059,0.1002,0.0049,0.0127,0.1901,0.0215,0.1339,0.0098,0.1921,0.0049
1784801000.42,5,drive,1,1.75,5.0,4.177,25.09,33.56,0.0196,0.0904,0.0093,0.1051,0.0049,0.1070,0.0112,0.0059,0.1891,0.0142,0.1222,0.0059,0.1818,0.0108
1784801000.51,5,drive,2,1.75,5.0,4.177,25.09,33.56,0.0288,0.0958,0.0049,0.1012,0.0039,0.0973,0.0059,0.0132,0.1882,0.0186,0.1339,0.0088,0.1887,0.0088
1784801001.11,5,drive,0,2.0,5.0,4.177,25.09,33.56,0.0230,0.0885,0.0034,0.1007,0.0039,0.0997,0.0068,0.0147,0.1935,0.0152,0.1408,0.0029,0.1935,0.0029
1784801001.20,5,drive,1,2.0,5.0,4.177,25.09,33.56,0.0215,0.0855,0.0015,0.0934,0.0034,0.0978,0.0078,0.0176,0.1965,0.0122,0.1310,0.0054,0.1887,0.0088
1784801001.29,5,drive,2,2.0,5.0,4.177,25.09,33.56,0.0274,0.0850,0.0039,0.1031,0.0093,0.1046,0.0083,0.0108,0.1882,0.0152,0.1261,0.0024,0.1960,0.0029
1784801001.96,6,base,0,0.0,5.0,4.237,25.09,33.57,0.0225,0.0841,0.0034,0.0953,0.0098,0.1065,0.0083,0.0054,0.1940,0.0137,0.1241,0.0088,0.1857,0.0015
1784801002.05,6,base,1,0.0,5.0,4.237,25.09,33.57,0.0239,0.0894,0.0010,0.0963,0.0039,0.0982,0.0112,0.0049,0.1931,0.0142,0.1256,0.0064,0.1906,0.0029
1784801002.15,6,base,2,0.0,5.0,4.237,25.09,33.57,0.0249,0.0860,0.0010,0.1080,0.0015,0.1041,0.0103,0.0137,0.1901,0.0161,0.1315,0.0117,0.1911,0.0049
1784801002.74,6,drive,0,0.25,5.0,4.237,25.09,33.57,0.0205,0.0909,0.0020,0.1026,0.0098,0.1051,0.0049,0.0147,0.1887,0.0103,0.1271,0.0073,0.1808,0.0029
1784801002.83,6,drive,1,0.25,5.0,4.237,25.09,33.57,0.0230,0.0880,0.0020,0.1002,0.0093,0.1026,0.0034,0.0142,0.1852,0.0147,0.1241,0.0088,0.1862,0.0064
1784801002.93,6,drive,2,0.25,5.0,4.237,25.09,33.57,0.0244,0.0885,0.0054,0.1002,0.0078,0.1002,0.0020,0.0142,0.1862,0.0108,0.1266,0.0083,0.1887,0.0068
1784801003.52,6,drive,0,0.5,5.0,4.237,25.09,33.57,0.0239,0.0865,0.0005,0.0953,0.0073,0.1031,0.0103,0.0132,0.1887,0.0171,0.1305,0.0088,0.1852,0.0039
1784801003.61,6,drive,1,0.5,5.0,4.237,25.09,33.57,0.0191,0.0904,0.0054,0.1007,0.0039,0.0978,0.0156,0.0093,0.1994,0.0137,0.1315,0.0054,0.1911,0.0068
1784801003.71,6,drive,2,0.5,5.0,4.237,25.09,33.57,0.0235,0.0870,0.0029,0.0997,0.0049,0.0992,0.0093,0.0078,0.1931,0.0161,0.1256,0.0098,0.1857,0.0020
1784801004.30,6,drive,0,0.75,5.0,4.237,25.09,33.57,0.0181,0.0894,0.0039,0.0943,0.0034,0.1012,0.0098,0.0103,0.1862,0.0288,0.1285,0.0093,0.1862,0.0059
1784801004.39,6,drive,1,0.75,5.0,4.237,25.09,33.57,0.0225,0.0855,0.0044,0.0982,0.0039,0.0982,0.0132,0.0117,0.1945,0.0176,0.1256,0.0068,0.1843,0.0064
1784801004.49,6,drive,2,0.75,5.0,4.237,25.09,33.57,0.0215,0.0894,0.0024,0.0987,0.0073,0.1031,0.0049,0.0137,0.1896,0.0176,0.1285,0.0059,0.1852,0.0049
1784801005.07,6,drive,0,1.0,5.0,4.237,25.09,33.57,0.0205,0.0914,0.0078,0.1002,0.0034,0.1036,0.0152,0.0122,0.1999,0.0166,0.1305,0.0054,0.1828,0.0064
1784801005.17,6,drive,1,1.0,5.0,4.237,25.09,33.57,0.0220,0.0943,0.0024,0.1100,0.0078,0.1080,0.0093,0.0108,0.1901,0.0176,0.1305,0.0029,0.1799,0.0044
1784801005.26,6,drive,2,1.0,5.0,4.237,25.09,33.57,0.0225,0.0806,0.0024,0.1002,0.0127,0.0992,0.0073,0.0196,0.1960,0.0220,0.1285,0.0112,0.1779,0.0054
1784801005.86,6,drive,0,1.25,5.0,4.237,25.09,33.57,0.0225,0.0919,0.0073,0.0992,0.0005,0.1026,0.0098,0.0235,0.1916,0.0156,0.1378,0.0029,0.1867,0.0137
1784801005.95,6,drive,1,1.25,5.0,4.237,25.09,33.57,0.0181,0.0948,0.0034,0.1012,0.0064,0.1046,0.0103,0.0108,0.1955,0.0161,0.1320,0.0068,0.1789,0.0073
1784801006.05,6,drive,2,1.25,5.0,4.237,25.09,33.57,0.0161,0.0890,0.0020,0.0992,0.0024,0.1061,0.0078,0.0166,0.1935,0.0117,0.1339,0.0083,0.1833,0.0073
1784801006.63,6,drive,0,1.5,5.0,4.237,25.09,33.57,0.0303,0.0953,0.0054,0.1017,0.0029,0.1031,0.0122,0.0205,0.1935,0.0132,0.1369,0.0176,0.1804,0.0083
1784801006.73,6,drive,1,1.5,5.0,4.237,25.09,33.57,0.0264,0.0958,0.0054,0.0914,0.0024,0.1012,0.0142,0.0127,0.1999,0.0176,0.1383,0.0088,0.1789,0.0093
1784801006.82,6,drive,2,1.5,5.0,4.237,25.09,33.57,0.0239,0.0934,0.0029,0.1056,0.0064,0.1017,0.0073,0.0318,0.2019,0.0122,0.1447,0.0059,0.1896,0.0064
1784801007.41,6,drive,0,1.75,5.0,4.237,25.09,33.57,0.0352,0.0846,0.0054,0.0880,0.0044,0.1007,0.0137,0.0235,0.2048,0.0220,0.1461,0.0088,0.1872,0.0005
1784801007.50,6,drive,1,1.75,5.0,4.237,25.09,33.57,0.0181,0.0899,0.0039,0.1007,0.0064,0.1075,0.0073,0.0249,0.2121,0.0073,0.1525,0.0029,0.1789,0.0127
1784801007.60,6,drive,2,1.75,5.0,4.237,25.09,33.57,0.0156,0.0909,0.0083,0.1031,0.0020,0.0909,0.0088,0.0264,0.2092,0.0108,0.1393,0.0147,0.1755,0.0117
1784801008.19,6,drive,0,2.0,5.0,4.237,25.09,33.57,0.0249,0.0943,0.0152,0.1002,0.0034,0.0953,0.0073,0.0264,0.2146,0.0088,0.1530,0.0083,0.1843,0.0093
1784801008.28,6,drive,1,2.0,5.0,4.237,25.09,33.57,0.0196,0.0919,0.0044,0.0992,0.0137,0.1046,0.0088,0.0303,0.2155,0.0132,0.1525,0.0020,0.1852,0.0059
1784801008.38,6,drive,2,2.0,5.0,4.237,25.09,33.57,0.0220,0.0948,0.0093,0.1022,0.0029,0.1090,0.0112,0.0308,0.2160,0.0142,0.1564,0.0103,0.1848,0.0024
1784801009.03,7,base,0,0.0,5.0,4.177,25.09,33.58,0.0181,0.0973,0.0029,0.1017,0.0112,0.1070,0.0059,0.0196,0.1926,0.0249,0.1359,0.0024,0.1999,0.0083
1784801009.13,7,base,1,0.0,5.0,4.177,25.09,33.58,0.0235,0.0924,0.0210,0.0997,0.0205,0.1031,0.0078,0.0298,0.1794,0.0137,0.1163,0.0073,0.1843,0.0254
1784801009.22,7,base,2,0.0,5.0,4.177,25.09,33.58,0.0176,0.0953,0.0132,0.0904,0.0020,0.1031,0.0122,0.0049,0.1950,0.0127,0.1227,0.0259,0.1818,0.0054
1784801009.81,7,drive,0,0.25,5.0,4.177,25.09,33.58,0.0181,0.0919,0.0225,0.1065,0.0029,0.0958,0.0088,0.0112,0.1862,0.0098,0.1329,0.0132,0.1833,0.0259
1784801009.90,7,drive,1,0.25,5.0,4.177,25.09,33.58,0.0254,0.0924,0.0142,0.1046,0.0068,0.0997,0.0039,0.0200,0.1877,0.0117,0.1315,0.0117,0.1828,0.0200
1784801009.99,7,drive,2,0.25,5.0,4.177,25.09,33.58,0.0181,0.0938,0.0083,0.0992,0.0049,0.1070,0.0049,0.0156,0.1862,0.0117,0.1295,0.0088,0.1843,0.0239
1784801010.59,7,drive,0,0.5,5.0,4.177,25.09,33.58,0.0220,0.0899,0.0010,0.0958,0.0142,0.0992,0.0161,0.0073,0.1862,0.0401,0.1276,0.0068,0.1789,0.0029
1784801010.68,7,drive,1,0.5,5.0,4.177,25.09,33.58,0.0293,0.0880,0.0010,0.0919,0.0015,0.1012,0.0171,0.0064,0.1921,0.0181,0.1251,0.0254,0.1804,0.0010
1784801010.77,7,drive,2,0.5,5.0,4.177,25.09,33.58,0.0406,0.0860,0.0024,0.0978,0.0068,0.1085,0.0186,0.0088,0.1901,0.0205,0.1217,0.0132,0.1911,0.0005
1784801011.37,7,drive,0,0.75,5.0,4.177,25.09,33.58,0.0259,0.0948,0.0327,0.0919,0.0020,0.1149,0.0122,0.0068,0.2053,0.0156,0.1256,0.0239,0.1852,0.0181
1784801011.46,7,drive,1,0.75,5.0,4.177,25.09,33.58,0.0249,0.0934,0.0327,0.0890,0.0010,0.1036,0.0049,0.0088,0.1872,0.0152,0.1271,0.0161,0.1769,0.0205
1784801011.56,7,drive,2,0.75,5.0,4.177,25.09,33.58,0.0239,0.0904,0.0005,0.1017,0.0000,0.1056,0.0039,0.0054,0.1921,0.0142,0.1271,0.0034,0.1852,0.0005
1784801012.15,7,drive,0,1.0,5.0,4.177,25.09,33.58,0.0215,0.0890,0.0005,0.0987,0.0024,0.1041,0.0029,0.0078,0.1862,0.0181,0.1305,0.0015,0.1794,0.0000
1784801012.24,7,drive,1,1.0,5.0,4.177,25.09,33.58,0.0200,0.0914,0.0005,0.1007,0.0005,0.0992,0.0039,0.0103,0.1931,0.0152,0.1300,0.0034,0.1818,0.0005
1784801012.34,7,drive,2,1.0,5.0,4.177,25.09,33.58,0.0200,0.0929,0.0000,0.0987,0.0010,0.1031,0.0024,0.0064,0.1911,0.0132,0.1271,0.0020,0.1823,0.0034
1784801012.93,7,drive,0,1.25,5.0,4.177,25.09,33.58,0.0196,0.0890,0.0005,0.0992,0.0000,0.1036,0.0034,0.0112,0.1911,0.0117,0.1320,0.0010,0.1804,0.0010
1784801013.02,7,drive,1,1.25,5.0,4.177,25.09,33.58,0.0205,0.0899,0.0000,0.1002,0.0015,0.1026,0.0049,0.0078,0.1931,0.0132,0.1310,0.0005,0.1891,0.0000
1784801013.12,7,drive,2,1.25,5.0,4.177,25.09,33.58,0.0220,0.0953,0.0000,0.1007,0.0005,0.1031,0.0044,0.0108,0.1945,0.0166,0.1349,0.0015,0.1838,0.0005
1784801013.71,7,drive,0,1.5,5.0,4.177,25.09,33.58,0.0205,0.0924,0.0000,0.1012,0.0020,0.1022,0.0034,0.0166,0.1950,0.0112,0.1398,0.0024,0.1823,0.0000
1784801013.80,7,drive,1,1.5,5.0,4.177,25.09,33.58,0.0283,0.0924,0.0005,0.1002,0.0000,0.1031,0.0034,0.0142,0.1970,0.0127,0.1378,0.0020,0.1818,0.0010
1784801013.90,7,drive,2,1.5,5.0,4.177,25.09,33.58,0.0210,0.0914,0.0005,0.0968,0.0010,0.1056,0.0044,0.0127,0.1960,0.0103,0.1349,0.0015,0.1823,0.0005
1784801014.49,7,drive,0,1.75,5.0,4.177,25.09,33.58,0.0205,0.0899,0.0020,0.0992,0.0000,0.1070,0.0039,0.0225,0.2058,0.0147,0.1432,0.0029,0.1799,0.0005
1784801014.58,7,drive,1,1.75,5.0,4.177,25.09,33.58,0.0210,0.0890,0.0005,0.0992,0.0000,0.1017,0.0039,0.0235,0.2038,0.0156,0.1417,0.0024,0.1799,0.0000
1784801014.67,7,drive,2,1.75,5.0,4.177,25.09,33.58,0.0220,0.0919,0.0000,0.0997,0.0010,0.0987,0.0020,0.0235,0.2028,0.0122,0.1457,0.0005,0.1823,0.0015
1784801015.27,7,drive,0,2.0,5.0,4.177,25.09,33.58,0.0244,0.0890,0.0000,0.0968,0.0000,0.1031,0.0034,0.0288,0.2077,0.0132,0.1486,0.0005,0.1838,0.0000
1784801015.36,7,drive,1,2.0,5.0,4.177,25.09,33.58,0.0210,0.0894,0.0005,0.0982,0.0010,0.1031,0.0044,0.0279,0.2092,0.0093,0.1515,0.0010,0.1813,0.0000
1784801015.46,7,drive,2,2.0,5.0,4.177,25.09,33.58,0.0235,0.0850,0.0020,0.1007,0.0000,0.1007,0.0039,0.0293,0.2067,0.0132,0.1510,0.0029,0.1828,0.0000
1784801016.12,11,base,0,0.0,5.0,4.177,25.09,33.58,0.0235,0.0894,0.0000,0.1007,0.0020,0.1051,0.0034,0.0044,0.1891,0.0117,0.1251,0.0010,0.1843,0.0000
1784801016.22,11,base,1,0.0,5.0,4.177,25.09,33.58,0.0210,0.0885,0.0015,0.1017,0.0000,0.1031,0.0020,0.0044,0.1921,0.0108,0.1276,0.0020,0.1852,0.0010
1784801016.31,11,base,2,0.0,5.0,4.177,25.09,33.58,0.0181,0.0899,0.0000,0.1012,0.0000,0.1026,0.0059,0.0039,0.1896,0.0103,0.1266,0.0010,0.1808,0.0005
1784801016.90,11,drive,0,0.25,5.0,4.177,25.09,33.58,0.0210,0.0885,0.0000,0.1012,0.0000,0.1036,0.0015,0.0034,0.1887,0.0112,0.1237,0.0020,0.1843,0.0034
1784801017.00,11,drive,1,0.25,5.0,4.177,25.09,33.58,0.0254,0.0870,0.0000,0.1012,0.0000,0.1017,0.0039,0.0034,0.1906,0.0093,0.1251,0.0010,0.1852,0.0005
1784801017.09,11,drive,2,0.25,5.0,4.177,25.09,33.58,0.0205,0.0885,0.0000,0.1017,0.0005,0.1017,0.0039,0.0039,0.1901,0.0122,0.1276,0.0010,0.1838,0.0005
1784801017.68,11,drive,0,0.5,5.0,4.177,25.09,33.58,0.0191,0.0909,0.0000,0.1022,0.0000,0.1026,0.0024,0.0068,0.1887,0.0112,0.1217,0.0064,0.1852,0.0000
1784801017.78,11,drive,1,0.5,5.0,4.177,25.09,33.58,0.0230,0.0890,0.0010,0.1022,0.0000,0.1051,0.0015,0.0034,0.1867,0.0117,0.1271,0.0024,0.1838,0.0000
1784801017.87,11,drive,2,0.5,5.0,4.177,25.09,33.58,0.0210,0.0899,0.0000,0.1002,0.0005,0.1056,0.0044,0.0029,0.1887,0.0088,0.1256,0.0024,0.1828,0.0000
1784801018.47,11,drive,0,0.75,5.0,4.177,25.09,33.58,0.0215,0.0890,0.0000,0.1012,0.0020,0.1012,0.0024,0.0034,0.1935,0.0098,0.1246,0.0005,0.1901,0.0029
1784801018.56,11,drive,1,0.75,5.0,4.177,25.09,33.58,0.0215,0.0846,0.0005,0.0978,0.0000,0.1046,0.0029,0.0049,0.1891,0.0112,0.1251,0.0015,0.1852,0.0000
1784801018.66,11,drive,2,0.75,5.0,4.177,25.09,33.58,0.0220,0.0875,0.0000,0.1017,0.0000,0.1070,0.0015,0.0049,0.1901,0.0147,0.1246,0.0010,0.1838,0.0005
1784801019.24,11,drive,0,1.0,5.0,4.177,25.09,33.58,0.0181,0.0909,0.0000,0.0997,0.0000,0.1031,0.0024,0.0034,0.1887,0.0142,0.1251,0.0010,0.1843,0.0083
1784801019.33,11,drive,1,1.0,5.0,4.177,25.09,33.58,0.0200,0.0860,0.0010,0.0973,0.0005,0.1041,0.0020,0.0059,0.1877,0.0108,0.1261,0.0015,0.1843,0.0005
1784801019.43,11,drive,2,1.0,5.0,4.177,25.09,33.58,0.0186,0.0924,0.0005,0.0992,0.0029,0.1046,0.0068,0.0039,0.1877,0.0142,0.1251,0.0000,0.1872,0.0000
1784801020.02,11,drive,0,1.25,5.0,4.177,25.09,33.58,0.0235,0.0865,0.0010,0.0968,0.0010,0.1022,0.0024,0.0054,0.1867,0.0103,0.1232,0.0015,0.1828,0.0015
1784801020.11,11,drive,1,1.25,5.0,4.177,25.09,33.58,0.0235,0.0890,0.0000,0.1031,0.0000,0.1002,0.0039,0.0049,0.1906,0.0098,0.1246,0.0039,0.1813,0.0000
1784801020.21,11,drive,2,1.25,5.0,4.177,25.09,33.58,0.0191,0.0899,0.0015,0.1007,0.0005,0.1041,0.0024,0.0054,0.1877,0.0137,0.1232,0.0029,0.1813,0.0000
1784801020.79,11,drive,0,1.5,5.0,4.177,25.09,33.58,0.0196,0.0890,0.0000,0.0968,0.0005,0.1026,0.0020,0.0044,0.1882,0.0122,0.1251,0.0024,0.1833,0.0000
1784801020.88,11,drive,1,1.5,5.0,4.177,25.09,33.58,0.0200,0.0885,0.0010,0.0982,0.0005,0.1056,0.0034,0.0064,0.1887,0.0117,0.1246,0.0015,0.1838,0.0000
1784801020.98,11,drive,2,1.5,5.0,4.177,25.09,33.58,0.0200,0.0914,0.0000,0.1002,0.0000,0.1046,0.0005,0.0044,0.1955,0.0122,0.1266,0.0005,0.1828,0.0010
1784801021.57,11,drive,0,1.75,5.0,4.177,25.09,33.58,0.0313,0.0943,0.0112,0.0914,0.0254,0.0968,0.0108,0.0186,0.1975,0.0191,0.1193,0.0220,0.1774,0.0098
1784801021.67,11,drive,1,1.75,5.0,4.177,25.09,33.58,0.0459,0.0738,0.0103,0.1017,0.0152,0.0987,0.0166,0.0318,0.1735,0.0176,0.1320,0.0108,0.1686,0.0108
1784801021.76,11,drive,2,1.75,5.0,4.177,25.09,33.58,0.0337,0.0802,0.0152,0.1070,0.0137,0.0934,0.0215,0.0215,0.1843,0.0210,0.1359,0.0108,0.1896,0.0127
1784801022.35,11,drive,0,2.0,5.0,4.177,25.09,33.58,0.0435,0.0909,0.0005,0.1051,0.0049,0.1017,0.0196,0.0064,0.1887,0.0220,0.1290,0.0127,0.1867,0.0010
1784801022.44,11,drive,1,2.0,5.0,4.177,25.09,33.58,0.0171,0.0929,0.0010,0.0973,0.0103,0.1012,0.0093,0.0108,0.1896,0.0254,0.1295,0.0024,0.1940,0.0064
1784801022.54,11,drive,2,2.0,5.0,4.177,25.09,33.58,0.0264,0.0767,0.0020,0.0968,0.0068,0.1065,0.0230,0.0122,0.1887,0.0264,0.1310,0.0015,0.1838,0.0005
1784801023.20,12,base,0,0.0,5.0,4.177,25.09,33.59,0.0176,0.0982,0.0000,0.1012,0.0029,0.0997,0.0083,0.0093,0.1906,0.0166,0.1281,0.0015,0.1818,0.0015
1784801023.29,12,base,1,0.0,5.0,4.177,25.09,33.59,0.0166,0.0904,0.0259,0.0963,0.0000,0.0772,0.0098,0.0029,0.2072,0.0117,0.1173,0.0254,0.1804,0.0205
1784801023.38,12,base,2,0.0,5.0,4.177,25.09,33.59,0.0303,0.0792,0.0000,0.1036,0.0054,0.1046,0.0200,0.0117,0.1906,0.0293,0.1256,0.0024,0.1960,0.0000
1784801023.98,12,drive,0,0.25,5.0,4.177,25.09,33.59,0.0298,0.0909,0.0068,0.0865,0.0015,0.1290,0.0088,0.0083,0.1725,0.0181,0.1290,0.0108,0.1896,0.0064
1784801024.07,12,drive,1,0.25,5.0,4.177,25.09,33.59,0.0137,0.1070,0.0108,0.1017,0.0020,0.1085,0.0073,0.0205,0.1891,0.0152,0.1212,0.0020,0.1862,0.0147
1784801024.17,12,drive,2,0.25,5.0,4.177,25.09,33.59,0.0264,0.0885,0.0044,0.1026,0.0054,0.1119,0.0054,0.0191,0.1965,0.0103,0.1207,0.0108,0.1896,0.0117
1784801024.76,12,drive,0,0.5,5.0,4.177,25.09,33.59,0.0230,0.0890,0.0049,0.0880,0.0122,0.1022,0.0254,0.0156,0.1882,0.0205,0.1271,0.0093,0.1769,0.0176
1784801024.85,12,drive,1,0.5,5.0,4.177,25.09,33.59,0.0230,0.0909,0.0029,0.1153,0.0078,0.1090,0.0103,0.0176,0.1979,0.0122,0.1261,0.0142,0.1887,0.0049
1784801024.94,12,drive,2,0.5,5.0,4.177,25.09,33.59,0.0332,0.0875,0.0083,0.0846,0.0147,0.1026,0.0073,0.0108,0.1901,0.0225,0.1261,0.0132,0.1769,0.0029
1784801025.53,12,drive,0,0.75,5.0,4.177,25.09,33.59,0.0225,0.0899,0.0000,0.0973,0.0078,0.1158,0.0112,0.0147,0.1852,0.0205,0.1183,0.0230,0.1838,0.0078
1784801025.63,12,drive,1,0.75,5.0,4.177,25.09,33.59,0.0362,0.0958,0.0049,0.0963,0.0024,0.0982,0.0152,0.0137,0.2067,0.0064,0.1369,0.0166,0.1906,0.0083
1784801025.72,12,drive,2,0.75,5.0,4.177,25.09,33.59,0.0200,0.0875,0.0064,0.0968,0.0181,0.1046,0.0225,0.0127,0.1848,0.0176,0.1305,0.0103,0.1740,0.0156
1784801026.31,12,drive,0,1.0,5.0,4.177,25.09,33.59,0.0156,0.0890,0.0117,0.0997,0.0049,0.1007,0.0171,0.0122,0.1984,0.0112,0.1251,0.0152,0.1833,0.0098
1784801026.40,12,drive,1,1.0,5.0,4.177,25.09,33.59,0.0249,0.0904,0.0142,0.0938,0.0068,0.1031,0.0098,0.0147,0.1906,0.0176,0.1227,0.0132,0.1843,0.0083
1784801026.50,12,drive,2,1.0,5.0,4.177,25.09,33.59,0.0244,0.0958,0.0088,0.0978,0.0117,0.1065,0.0088,0.0156,0.1882,0.0156,0.1256,0.0103,0.1833,0.0034
1784801027.08,12,drive,0,1.25,5.0,4.177,25.09,33.59,0.0318,0.0870,0.0039,0.1012,0.0103,0.1007,0.0103,0.0166,0.1926,0.0176,0.1183,0.0064,0.1843,0.0039
1784801027.18,12,drive,1,1.25,5.0,4.177,25.09,33.59,0.0244,0.1041,0.0147,0.0938,0.0064,0.1022,0.0083,0.0200,0.1867,0.0137,0.1134,0.0112,0.1911,0.0156
1784801027.27,12,drive,2,1.25,5.0,4.177,25.09,33.59,0.0337,0.0875,0.0122,0.1007,0.0078,0.0963,0.0147,0.0142,0.1852,0.0215,0.1217,0.0176,0.1779,0.0142
1784801027.87,12,drive,0,1.5,5.0,4.177,25.09,33.59,0.0264,0.0826,0.0054,0.1065,0.0083,0.1061,0.0108,0.0093,0.1891,0.0298,0.1300,0.0073,0.1794,0.0054
1784801027.96,12,drive,1,1.5,5.0,4.177,25.09,33.59,0.0313,0.0904,0.0108,0.1100,0.0078,0.0973,0.0103,0.0059,0.1843,0.0147,0.1246,0.0122,0.1784,0.0132
1784801028.05,12,drive,2,1.5,5.0,4.177,25.09,33.59,0.0235,0.0904,0.0171,0.0982,0.0039,0.1002,0.0200,0.0088,0.1828,0.0181,0.1241,0.0176,0.1804,0.0098
1784801028.64,12,drive,0,1.75,5.0,4.177,25.09,33.59,0.0244,0.0948,0.0122,0.0938,0.0078,0.1105,0.0122,0.0098,0.1926,0.0137,0.1197,0.0132,0.1823,0.0088
1784801028.73,12,drive,1,1.75,5.0,4.177,25.09,33.59,0.0254,0.0978,0.0117,0.1002,0.0068,0.0982,0.0122,0.0112,0.1906,0.0142,0.1202,0.0152,0.1848,0.0068
1784801028.83,12,drive,2,1.75,5.0,4.177,25.09,33.59,0.0269,0.0850,0.0068,0.0982,0.0068,0.1061,0.0166,0.0112,0.1848,0.0191,0.1281,0.0152,0.1848,0.0034
1784801029.42,12,drive,0,2.0,5.0,4.177,25.09,33.59,0.0210,0.0802,0.0049,0.0978,0.0122,0.1085,0.0093,0.0215,0.1784,0.0239,0.1217,0.0064,0.1720,0.0108
1784801029.52,12,drive,1,2.0,5.0,4.177,25.09,33.59,0.0127,0.0924,0.0112,0.0914,0.0137,0.1022,0.0093,0.0122,0.2038,0.0161,0.1202,0.0156,0.1852,0.0127
1784801029.61,12,drive,2,2.0,5.0,4.177,25.09,33.59,0.0186,0.0885,0.0068,0.1017,0.0132,0.1007,0.0161,0.0142,0.1852,0.0230,0.1217,0.0064,0.1799,0.0137
1784801030.27,13,base,0,0.0,5.0,4.197,25.09,33.60,0.0303,0.1065,0.0108,0.0909,0.0098,0.1061,0.0176,0.0152,0.1960,0.0181,0.1207,0.0049,0.1857,0.0078
1784801030.37,13,base,1,0.0,5.0,4.197,25.09,33.60,0.0191,0.0855,0.0112,0.1007,0.0029,0.1046,0.0098,0.0088,0.1891,0.0152,0.1212,0.0137,0.1857,0.0156
1784801030.46,13,base,2,0.0,5.0,4.197,25.09,33.60,0.0298,0.0855,0.0044,0.0894,0.0064,0.0958,0.0191,0.0088,0.1940,0.0230,0.1241,0.0166,0.1799,0.0068
1784801031.05,13,drive,0,0.25,5.0,4.197,25.09,33.60,0.0274,0.0875,0.0073,0.0968,0.0049,0.1065,0.0191,0.0098,0.1935,0.0259,0.1237,0.0088,0.1813,0.0068
1784801031.14,13,drive,1,0.25,5.0,4.197,25.09,33.60,0.0323,0.0904,0.0015,0.0909,0.0176,0.1022,0.0112,0.0083,0.1901,0.0235,0.1173,0.0156,0.1784,0.0054
1784801031.24,13,drive,2,0.25,5.0,4.197,25.09,33.60,0.0249,0.0948,0.0015,0.0914,0.0059,0.1061,0.0196,0.0068,0.1911,0.0186,0.1300,0.0112,0.1862,0.0024
1784801031.82,13,drive,0,0.5,5.0,4.197,25.09,33.60,0.0210,0.0826,0.0127,0.0978,0.0108,0.1075,0.0098,0.0112,0.1828,0.0230,0.1261,0.0064,0.1906,0.0132
1784801031.92,13,drive,1,0.5,5.0,4.197,25.09,33.60,0.0191,0.0914,0.0152,0.0987,0.0132,0.1109,0.0073,0.0161,0.1789,0.0171,0.1261,0.0049,0.1808,0.0108
1784801032.01,13,drive,2,0.5,5.0,4.197,25.09,33.60,0.0352,0.0982,0.0024,0.0963,0.0034,0.1065,0.0166,0.0137,0.1789,0.0176,0.1300,0.0122,0.1789,0.0112
1784801032.61,13,drive,0,0.75,5.0,4.197,25.09,33.60,0.0259,0.0914,0.0098,0.0978,0.0132,0.1046,0.0132,0.0078,0.1896,0.0225,0.1256,0.0083,0.1891,0.0044
1784801032.70,13,drive,1,0.75,5.0,4.197,25.09,33.60,0.0293,0.0875,0.0049,0.1051,0.0098,0.1026,0.0156,0.0293,0.1872,0.0161,0.1315,0.0083,0.1896,0.0034
1784801032.80,13,drive,2,0.75,5.0,4.197,25.09,33.60,0.0239,0.0904,0.0098,0.1075,0.0068,0.0992,0.0088,0.0171,0.1960,0.0147,0.1276,0.0156,0.1872,0.0181
1784801033.39,13,drive,0,1.0,5.0,4.197,25.09,33.60,0.0191,0.0836,0.0098,0.1017,0.0112,0.1022,0.0132,0.0127,0.1935,0.0225,0.1232,0.0112,0.1872,0.0078
1784801033.48,13,drive,1,1.0,5.0,4.197,25.09,33.60,0.0293,0.0836,0.0044,0.0982,0.0073,0.1075,0.0127,0.0059,0.1916,0.0220,0.1295,0.0137,0.1867,0.0059
1784801033.58,13,drive,2,1.0,5.0,4.197,25.09,33.60,0.0327,0.0938,0.0068,0.1065,0.0108,0.0968,0.0083,0.0161,0.1975,0.0117,0.1295,0.0039,0.1891,0.0108
1784801034.17,13,drive,0,1.25,5.0,4.197,25.09,33.60,0.0230,0.0762,0.0064,0.1022,0.0142,0.0890,0.0108,0.0210,0.1872,0.0200,0.1305,0.0093,0.1818,0.0132
1784801034.27,13,drive,1,1.25,5.0,4.197,25.09,33.60,0.0264,0.0934,0.0064,0.0919,0.0108,0.0982,0.0171,0.0112,0.1935,0.0205,0.1315,0.0137,0.1808,0.0064
1784801034.36,13,drive,2,1.25,5.0,4.197,25.09,33.60,0.0254,0.0948,0.0039,0.0953,0.0108,0.0953,0.0161,0.0127,0.1950,0.0132,0.1310,0.0210,0.1823,0.0054
1784801034.96,13,drive,0,1.5,5.0,4.197,25.09,33.60,0.0142,0.0934,0.0098,0.0924,0.0039,0.1002,0.0112,0.0108,0.1911,0.0186,0.1325,0.0108,0.1906,0.0103
1784801035.05,13,drive,1,1.5,5.0,4.197,25.09,33.60,0.0230,0.0875,0.0122,0.0890,0.0015,0.1105,0.0132,0.0068,0.1926,0.0303,0.1393,0.0108,0.1818,0.0083
1784801035.14,13,drive,2,1.5,5.0,4.197,25.09,33.60,0.0200,0.0885,0.0088,0.0968,0.0054,0.1046,0.0122,0.0132,0.1965,0.0161,0.1329,0.0068,0.1935,0.0137
1784801035.74,13,drive,0,1.75,5.0,4.197,25.09,33.60,0.0210,0.0850,0.0044,0.0982,0.0152,0.0919,0.0098,0.0152,0.1891,0.0166,0.1339,0.0083,0.1867,0.0059
1784801035.83,13,drive,1,1.75,5.0,4.197,25.09,33.60,0.0196,0.0953,0.0142,0.0987,0.0078,0.1105,0.0088,0.0166,0.1852,0.0244,0.1432,0.0078,0.1901,0.0034
1784801035.93,13,drive,2,1.75,5.0,4.197,25.09,33.60,0.0176,0.0826,0.0064,0.1061,0.0122,0.0968,0.0235,0.0122,0.1789,0.0205,0.1476,0.0098,0.1794,0.0112
1784801036.51,13,drive,0,2.0,5.0,4.197,25.09,33.60,0.0235,0.0885,0.0142,0.0885,0.0103,0.1046,0.0142,0.0127,0.1755,0.0279,0.1378,0.0054,0.1891,0.0103
1784801036.61,13,drive,1,2.0,5.0,4.197,25.09,33.60,0.0215,0.0934,0.0059,0.0924,0.0147,0.0904,0.0127,0.0122,0.1862,0.0196,0.1525,0.0068,0.1799,0.0156
1784801036.70,13,drive,2,2.0,5.0,4.197,25.09,33.60,0.0308,0.0865,0.0088,0.1012,0.0064,0.0870,0.0117,0.0064,0.1818,0.0156,0.1452,0.0215,0.1711,0.0073
1784801037.37,14,base,0,0.0,5.0,4.197,25.09,33.60,0.0220,0.1046,0.0132,0.0948,0.0098,0.1114,0.0054,0.0156,0.1906,0.0161,0.1281,0.0093,0.1916,0.0029
1784801037.46,14,base,1,0.0,5.0,4.197,25.09,33.60,0.0279,0.0904,0.0147,0.0992,0.0108,0.1036,0.0112,0.0156,0.1813,0.0078,0.1329,0.0108,0.1730,0.0093
1784801037.55,14,base,2,0.0,5.0,4.197,25.09,33.60,0.0230,0.0850,0.0024,0.0953,0.0054,0.1114,0.0176,0.0093,0.1887,0.0225,0.1290,0.0132,0.1828,0.0078
1784801038.14,14,drive,0,0.25,5.0,4.197,25.09,33.60,0.0249,0.0943,0.0152,0.0953,0.0024,0.1109,0.0161,0.0083,0.1955,0.0215,0.1251,0.0171,0.1931,0.0108
1784801038.23,14,drive,1,0.25,5.0,4.197,25.09,33.60,0.0215,0.0894,0.0029,0.0997,0.0147,0.1061,0.0156,0.0132,0.1877,0.0191,0.1251,0.0117,0.1877,0.0034
1784801038.33,14,drive,2,0.25,5.0,4.197,25.09,33.60,0.0161,0.0934,0.0122,0.0992,0.0093,0.1090,0.0108,0.0122,0.1794,0.0122,0.1295,0.0117,0.1843,0.0191
1784801038.92,14,drive,0,0.5,5.0,4.197,25.09,33.60,0.0225,0.0914,0.0078,0.1105,0.0064,0.1041,0.0196,0.0108,0.1848,0.0215,0.1246,0.0059,0.1906,0.0039
1784801039.02,14,drive,1,0.5,5.0,4.197,25.09,33.60,0.0181,0.0987,0.0073,0.1114,0.0132,0.1022,0.0137,0.0210,0.1945,0.0142,0.1295,0.0068,0.1838,0.0068
1784801039.11,14,drive,2,0.5,5.0,4.197,25.09,33.60,0.0249,0.0973,0.0039,0.1002,0.0088,0.1075,0.0191,0.0059,0.1984,0.0210,0.1222,0.0142,0.1882,0.0005
1784801039.70,14,drive,0,0.75,5.0,4.197,25.09,33.60,0.0127,0.0870,0.0073,0.1080,0.0068,0.1134,0.0239,0.0161,0.1779,0.0186,0.1139,0.0122,0.1833,0.0176
1784801039.80,14,drive,1,0.75,5.0,4.197,25.09,33.60,0.0225,0.0934,0.0049,0.0929,0.0161,0.0987,0.0073,0.0166,0.1862,0.0137,0.1339,0.0191,0.1926,0.0054
1784801039.89,14,drive,2,0.75,5.0,4.197,25.09,33.60,0.0239,0.0816,0.0103,0.1080,0.0156,0.0919,0.0137,0.0064,0.1843,0.0122,0.1334,0.0127,0.1945,0.0049
1784801040.48,14,drive,0,1.0,5.0,4.197,25.09,33.60,0.0298,0.0890,0.0093,0.0963,0.0073,0.1022,0.0196,0.0103,0.1852,0.0239,0.1246,0.0093,0.1784,0.0024
1784801040.58,14,drive,1,1.0,5.0,4.197,25.09,33.60,0.0249,0.0841,0.0098,0.0963,0.0049,0.1026,0.0142,0.0225,0.1945,0.0186,0.1197,0.0093,0.1838,0.0132
1784801040.67,14,drive,2,1.0,5.0,4.197,25.09,33.60,0.0215,0.0875,0.0059,0.1012,0.0112,0.0963,0.0049,0.0186,0.1926,0.0142,0.1207,0.0122,0.1852,0.0098
1784801041.26,14,drive,0,1.25,5.0,4.197,25.09,33.60,0.0303,0.0899,0.0005,0.0924,0.0059,0.1036,0.0098,0.0117,0.1887,0.0230,0.1281,0.0122,0.1906,0.0010
1784801041.35,14,drive,1,1.25,5.0,4.197,25.09,33.60,0.0269,0.0914,0.0015,0.0938,0.0039,0.1090,0.0166,0.0088,0.1833,0.0220,0.1276,0.0225,0.1857,0.0015
1784801041.45,14,drive,2,1.25,5.0,4.197,25.09,33.60,0.0357,0.0938,0.0059,0.1090,0.0020,0.1070,0.0093,0.0044,0.2067,0.0191,0.1276,0.0054,0.1862,0.0054
1784801042.04,14,drive,0,1.5,5.0,4.197,25.09,33.60,0.0161,0.1026,0.0000,0.1036,0.0093,0.1031,0.0127,0.0108,0.1911,0.0156,0.1344,0.0005,0.1740,0.0015
1784801042.13,14,drive,1,1.5,5.0,4.197,25.09,33.60,0.0166,0.0953,0.0039,0.0982,0.0049,0.0958,0.0068,0.0132,0.1984,0.0112,0.1207,0.0078,0.1813,0.0103
1784801042.23,14,drive,2,1.5,5.0,4.197,25.09,33.60,0.0205,0.0865,0.0117,0.0968,0.0083,0.0987,0.0024,0.0220,0.1862,0.0137,0.1178,0.0078,0.1862,0.0112
1784801042.82,14,drive,0,1.75,5.0,4.197,25.09,33.60,0.0181,0.0992,0.0073,0.0973,0.0225,0.1056,0.0054,0.0181,0.1901,0.0137,0.1227,0.0039,0.1818,0.0064
1784801042.92,14,drive,1,1.75,5.0,4.197,25.09,33.60,0.0308,0.0924,0.0142,0.1041,0.0020,0.1026,0.0103,0.0039,0.1945,0.0132,0.1246,0.0205,0.1838,0.0039
1784801043.01,14,drive,2,1.75,5.0,4.197,25.09,33.60,0.0269,0.0865,0.0010,0.1012,0.0049,0.1026,0.0249,0.0093,0.1921,0.0279,0.1334,0.0059,0.1769,0.0020
1784801043.60,14,drive,0,2.0,5.0,4.197,25.09,33.60,0.0205,0.0914,0.0239,0.1002,0.0029,0.1095,0.0093,0.0117,0.1838,0.0112,0.1212,0.0073,0.1877,0.0249
1784801043.69,14,drive,1,2.0,5.0,4.197,25.09,33.60,0.0259,0.0948,0.0249,0.0982,0.0029,0.1017,0.0049,0.0064,0.1965,0.0112,0.1334,0.0152,0.1857,0.0161
1784801043.79,14,drive,2,2.0,5.0,4.197,25.09,33.60,0.0254,0.0987,0.0015,0.1090,0.0068,0.1051,0.0274,0.0093,0.1891,0.0269,0.1271,0.0020,0.2019,0.0024
1784801044.45,15,base,0,0.0,5.0,4.217,25.09,33.61,0.0386,0.0914,0.0005,0.1207,0.0078,0.1026,0.0210,0.0093,0.1911,0.0132,0.1281,0.0191,0.1750,0.0010
1784801044.55,15,base,1,0.0,5.0,4.217,25.09,33.61,0.0225,0.0987,0.0073,0.1002,0.0279,0.1046,0.0044,0.0200,0.1857,0.0239,0.1207,0.0059,0.1843,0.0024
1784801044.64,15,base,2,0.0,5.0,4.217,25.09,33.61,0.0484,0.0904,0.0015,0.0943,0.0044,0.0992,0.0269,0.0068,0.1906,0.0308,0.1261,0.0244,0.1833,0.0029
1784801045.23,15,drive,0,0.25,5.0,4.217,25.09,33.61,0.0367,0.0890,0.0152,0.1075,0.0015,0.1109,0.0098,0.0108,0.1755,0.0112,0.1241,0.0332,0.1838,0.0039
1784801045.33,15,drive,1,0.25,5.0,4.217,25.09,33.61,0.0440,0.0904,0.0024,0.1046,0.0044,0.1031,0.0225,0.0093,0.1901,0.0176,0.1305,0.0303,0.1774,0.0010
1784801045.42,15,drive,2,0.25,5.0,4.217,25.09,33.61,0.0215,0.0894,0.0015,0.1026,0.0015,0.1041,0.0024,0.0073,0.1911,0.0122,0.1256,0.0020,0.1823,0.0000
1784801046.01,15,drive,0,0.5,5.0,4.217,25.09,33.61,0.0176,0.0904,0.0000,0.1031,0.0000,0.1051,0.0039,0.0044,0.1901,0.0112,0.1251,0.0015,0.1852,0.0000
1784801046.10,15,drive,1,0.5,5.0,4.217,25.09,33.61,0.0235,0.0894,0.0000,0.1022,0.0000,0.1026,0.0020,0.0049,0.1887,0.0112,0.1256,0.0005,0.1828,0.0000
1784801046.20,15,drive,2,0.5,5.0,4.217,25.09,33.61,0.0220,0.0899,0.0000,0.1022,0.0005,0.1065,0.0039,0.0044,0.1848,0.0137,0.1237,0.0029,0.1828,0.0000
1784801046.79,15,drive,0,0.75,5.0,4.217,25.09,33.61,0.0230,0.0899,0.0000,0.0987,0.0005,0.0997,0.0024,0.0049,0.1906,0.0122,0.1251,0.0024,0.1833,0.0000
1784801046.88,15,drive,1,0.75,5.0,4.217,25.09,33.61,0.0186,0.0924,0.0000,0.0982,0.0000,0.1056,0.0029,0.0044,0.1867,0.0108,0.1261,0.0015,0.1794,0.0005
1784801046.98,15,drive,2,0.75,5.0,4.217,25.09,33.61,0.0205,0.0890,0.0005,0.0978,0.0005,0.1031,0.0015,0.0039,0.1882,0.0147,0.1256,0.0005,0.1857,0.0000
1784801047.57,15,drive,0,1.0,5.0,4.217,25.09,33.61,0.0176,0.0929,0.0005,0.1026,0.0005,0.1036,0.0034,0.0059,0.1891,0.0083,0.1271,0.0015,0.1852,0.0015
1784801047.66,15,drive,1,1.0,5.0,4.217,25.09,33.61,0.0210,0.0909,0.0000,0.0997,0.0005,0.1007,0.0044,0.0044,0.1891,0.0147,0.1251,0.0024,0.1823,0.0015
1784801047.76,15,drive,2,1.0,5.0,4.217,25.09,33.61,0.0210,0.0938,0.0000,0.0973,0.0000,0.0997,0.0044,0.0054,0.1877,0.0088,0.1271,0.0020,0.1843,0.0010
1784801048.35,15,drive,0,1.25,5.0,4.217,25.09,33.61,0.0200,0.0919,0.0000,0.0987,0.0005,0.1026,0.0020,0.0073,0.1872,0.0132,0.1256,0.0010,0.1877,0.0005
1784801048.45,15,drive,1,1.25,5.0,4.217,25.09,33.61,0.0191,0.0914,0.0000,0.0978,0.0000,0.1012,0.0024,0.0020,0.1916,0.0127,0.1271,0.0024,0.1823,0.0034
1784801048.54,15,drive,2,1.25,5.0,4.217,25.09,33.61,0.0200,0.0885,0.0000,0.1012,0.0000,0.1036,0.0034,0.0029,0.1911,0.0093,0.1256,0.0000,0.1843,0.0010
1784801049.13,15,drive,0,1.5,5.0,4.217,25.09,33.61,0.0225,0.0899,0.0000,0.0997,0.0010,0.1046,0.0039,0.0068,0.1891,0.0098,0.1261,0.0015,0.1838,0.0000
1784801049.23,15,drive,1,1.5,5.0,4.217,25.09,33.61,0.0210,0.0880,0.0000,0.1026,0.0000,0.1026,0.0024,0.0064,0.1862,0.0132,0.1251,0.0000,0.1852,0.0000
1784801049.32,15,drive,2,1.5,5.0,4.217,25.09,33.61,0.0210,0.0909,0.0005,0.0982,0.0000,0.1070,0.0020,0.0049,0.1891,0.0112,0.1276,0.0010,0.1882,0.0000
1784801049.91,15,drive,0,1.75,5.0,4.217,25.09,33.61,0.0176,0.0899,0.0000,0.0992,0.0000,0.1031,0.0005,0.0073,0.1896,0.0127,0.1266,0.0010,0.1828,0.0000
1784801050.01,15,drive,1,1.75,5.0,4.217,25.09,33.61,0.0205,0.0899,0.0000,0.0982,0.0005,0.1075,0.0015,0.0088,0.1921,0.0108,0.1251,0.0015,0.1862,0.0000
1784801050.10,15,drive,2,1.75,5.0,4.217,25.09,33.61,0.0191,0.0885,0.0000,0.0987,0.0000,0.1046,0.0034,0.0044,0.1896,0.0112,0.1256,0.0020,0.1882,0.0000
1784801050.70,15,drive,0,2.0,5.0,4.217,25.09,33.61,0.0196,0.0924,0.0000,0.1002,0.0005,0.1036,0.0029,0.0068,0.1887,0.0108,0.1237,0.0005,0.1833,0.0029
1784801050.79,15,drive,1,2.0,5.0,4.217,25.09,33.61,0.0215,0.0914,0.0000,0.1026,0.0010,0.1051,0.0024,0.0054,0.1882,0.0108,0.1256,0.0024,0.1818,0.0000
1784801050.89,15,drive,2,2.0,5.0,4.217,25.09,33.61,0.0196,0.0914,0.0005,0.1002,0.0000,0.1061,0.0054,0.0034,0.1901,0.0132,0.1261,0.0024,0.1833,0.0000
1784801051.55,16,base,0,0.0,5.0,4.197,25.09,33.62,0.0200,0.0909,0.0000,0.1002,0.0005,0.1026,0.0000,0.0039,0.1901,0.0117,0.1266,0.0020,0.1852,0.0000
1784801051.65,16,base,1,0.0,5.0,4.197,25.09,33.62,0.0215,0.0924,0.0005,0.0978,0.0005,0.0992,0.0034,0.0039,0.1867,0.0137,0.1222,0.0015,0.1808,0.0000
1784801051.74,16,base,2,0.0,5.0,4.197,25.09,33.62,0.0215,0.0904,0.0000,0.1017,0.0005,0.1056,0.0020,0.0098,0.1906,0.0093,0.1256,0.0005,0.1823,0.0000
1784801052.33,16,drive,0,0.25,5.0,4.197,25.09,33.62,0.0200,0.0880,0.0005,0.0987,0.0005,0.1056,0.0039,0.0044,0.1901,0.0117,0.1241,0.0005,0.1857,0.0000
1784801052.43,16,drive,1,0.25,5.0,4.197,25.09,33.62,0.0230,0.0914,0.0000,0.0978,0.0020,0.1061,0.0034,0.0020,0.1896,0.0059,0.1285,0.0010,0.1838,0.0049
1784801052.52,16,drive,2,0.25,5.0,4.197,25.09,33.62,0.0230,0.0963,0.0015,0.1002,0.0000,0.1051,0.0020,0.0034,0.1872,0.0132,0.1285,0.0020,0.1838,0.0005
1784801053.11,16,drive,0,0.5,5.0,4.197,25.09,33.62,0.0230,0.0875,0.0000,0.1007,0.0010,0.1051,0.0059,0.0064,0.1877,0.0093,0.1237,0.0024,0.1838,0.0000
1784801053.21,16,drive,1,0.5,5.0,4.197,25.09,33.62,0.0205,0.0929,0.0000,0.1002,0.0000,0.1085,0.0044,0.0078,0.1872,0.0108,0.1256,0.0005,0.1833,0.0000
1784801053.30,16,drive,2,0.5,5.0,4.197,25.09,33.62,0.0235,0.0924,0.0005,0.1007,0.0000,0.1051,0.0034,0.0029,0.1921,0.0112,0.1271,0.0010,0.1833,0.0000
1784801053.89,16,drive,0,0.75,5.0,4.197,25.09,33.62,0.0215,0.0855,0.0005,0.0987,0.0005,0.1124,0.0044,0.0049,0.1901,0.0127,0.1246,0.0039,0.1828,0.0000
1784801053.98,16,drive,1,0.75,5.0,4.197,25.09,33.62,0.0205,0.0929,0.0000,0.0982,0.0005,0.1095,0.0034,0.0039,0.1901,0.0127,0.1251,0.0010,0.1833,0.0005
1784801054.08,16,drive,2,0.75,5.0,4.197,25.09,33.62,0.0210,0.0890,0.0000,0.1017,0.0005,0.1085,0.0029,0.0054,0.1916,0.0083,0.1256,0.0015,0.1828,0.0005
1784801054.66,16,drive,0,1.0,5.0,4.197,25.09,33.62,0.0230,0.0899,0.0000,0.1061,0.0000,0.1080,0.0049,0.0054,0.1872,0.0142,0.1251,0.0020,0.1833,0.0005
1784801054.76,16,drive,1,1.0,5.0,4.197,25.09,33.62,0.0235,0.0890,0.0005,0.0997,0.0010,0.1119,0.0024,0.0073,0.1882,0.0156,0.1261,0.0029,0.1862,0.0000
1784801054.85,16,drive,2,1.0,5.0,4.197,25.09,33.62,0.0171,0.0899,0.0015,0.1012,0.0005,0.1134,0.0015,0.0029,0.1901,0.0152,0.1320,0.0020,0.1852,0.0000
1784801055.45,16,drive,0,1.25,5.0,4.197,25.09,33.62,0.0200,0.0880,0.0005,0.0992,0.0000,0.1105,0.0039,0.0064,0.1906,0.0127,0.1251,0.0015,0.1823,0.0000
1784801055.54,16,drive,1,1.25,5.0,4.197,25.09,33.62,0.0186,0.0894,0.0005,0.1031,0.0005,0.1139,0.0015,0.0039,0.1916,0.0103,0.1285,0.0029,0.1857,0.0000
1784801055.63,16,drive,2,1.25,5.0,4.197,25.09,33.62,0.0191,0.0919,0.0010,0.1022,0.0000,0.1124,0.0029,0.0049,0.1872,0.0127,0.1281,0.0020,0.1838,0.0000
1784801056.22,16,drive,0,1.5,5.0,4.197,25.09,33.62,0.0191,0.0860,0.0005,0.0997,0.0000,0.1153,0.0020,0.0034,0.1906,0.0117,0.1266,0.0054,0.1867,0.0000
1784801056.31,16,drive,1,1.5,5.0,4.197,25.09,33.62,0.0161,0.0919,0.0000,0.1036,0.0015,0.1134,0.0039,0.0044,0.1901,0.0117,0.1281,0.0029,0.1857,0.0010
1784801056.41,16,drive,2,1.5,5.0,4.197,25.09,33.62,0.0215,0.0973,0.0000,0.1017,0.0005,0.1124,0.0015,0.0054,0.1896,0.0112,0.1285,0.0029,0.1867,0.0020
1784801057.00,16,drive,0,1.75,5.0,4.197,25.09,33.62,0.0200,0.0948,0.0000,0.0978,0.0005,0.1114,0.0029,0.0039,0.1940,0.0127,0.1300,0.0029,0.1848,0.0000
1784801057.09,16,drive,1,1.75,5.0,4.197,25.09,33.62,0.0200,0.0899,0.0005,0.0968,0.0024,0.1134,0.0015,0.0073,0.1877,0.0132,0.1290,0.0015,0.1833,0.0005
1784801057.19,16,drive,2,1.75,5.0,4.197,25.09,33.62,0.0181,0.0943,0.0010,0.0968,0.0020,0.1100,0.0015,0.0078,0.1960,0.0127,0.1227,0.0010,0.1867,0.0005
1784801057.77,16,drive,0,2.0,5.0,4.197,25.09,33.62,0.0200,0.0948,0.0020,0.0948,0.0015,0.1109,0.0015,0.0064,0.1896,0.0127,0.1329,0.0020,0.1857,0.0000
1784801057.87,16,drive,1,2.0,5.0,4.197,25.09,33.62,0.0200,0.0948,0.0020,0.0982,0.0000,0.1129,0.0024,0.0088,0.1935,0.0103,0.1290,0.0024,0.1867,0.0000
1784801057.96,16,drive,2,2.0,5.0,4.197,25.09,33.62,0.0210,0.0924,0.0005,0.0982,0.0015,0.1090,0.0015,0.0034,0.1891,0.0117,0.1261,0.0029,0.1804,0.0000
1784801058.63,17,base,0,0.0,5.0,4.177,25.09,33.62,0.0196,0.0894,0.0000,0.1031,0.0000,0.1017,0.0034,0.0059,0.1916,0.0142,0.1251,0.0005,0.1848,0.0000
1784801058.73,17,base,1,0.0,5.0,4.177,25.09,33.62,0.0181,0.0924,0.0005,0.0997,0.0000,0.0997,0.0015,0.0039,0.1891,0.0122,0.1281,0.0015,0.1872,0.0010
1784801058.82,17,base,2,0.0,5.0,4.177,25.09,33.62,0.0171,0.0880,0.0000,0.1017,0.0015,0.1022,0.0034,0.0073,0.1901,0.0108,0.1281,0.0029,0.1823,0.0005
1784801059.41,17,drive,0,0.25,5.0,4.177,25.09,33.62,0.0220,0.0904,0.0000,0.0987,0.0000,0.1022,0.0054,0.0044,0.1901,0.0112,0.1256,0.0024,0.1828,0.0000
1784801059.51,17,drive,1,0.25,5.0,4.177,25.09,33.62,0.0220,0.0894,0.0010,0.1036,0.0000,0.1031,0.0039,0.0034,0.1911,0.0098,0.1256,0.0049,0.1877,0.0000
1784801059.60,17,drive,2,0.25,5.0,4.177,25.09,33.62,0.0205,0.0909,0.0005,0.1002,0.0005,0.1061,0.0034,0.0044,0.1887,0.0112,0.1246,0.0015,0.1789,0.0000
1784801060.19,17,drive,0,0.5,5.0,4.177,25.09,33.62,0.0215,0.0860,0.0015,0.1031,0.0020,0.1022,0.0010,0.0049,0.1901,0.0112,0.1227,0.0020,0.1852,0.0010
1784801060.29,17,drive,1,0.5,5.0,4.177,25.09,33.62,0.0200,0.0914,0.0015,0.1036,0.0000,0.1041,0.0024,0.0059,0.1906,0.0098,0.1271,0.0015,0.1828,0.0000
1784801060.38,17,drive,2,0.5,5.0,4.177,25.09,33.62,0.0200,0.0894,0.0000,0.0943,0.0020,0.1012,0.0034,0.0044,0.1911,0.0117,0.1285,0.0044,0.1852,0.0000
1784801060.97,17,drive,0,0.75,5.0,4.177,25.09,33.62,0.0200,0.0904,0.0000,0.1002,0.0000,0.1022,0.0010,0.0064,0.1882,0.0137,0.1261,0.0015,0.1828,0.0000
1784801061.07,17,drive,1,0.75,5.0,4.177,25.09,33.62,0.0181,0.0924,0.0000,0.0997,0.0005,0.1061,0.0049,0.0039,0.1901,0.0117,0.1261,0.0024,0.1833,0.0015
1784801061.16,17,drive,2,0.75,5.0,4.177,25.09,33.62,0.0210,0.0919,0.0020,0.1002,0.0005,0.1007,0.0020,0.0073,0.1887,0.0083,0.1256,0.0015,0.1843,0.0044
1784801061.75,17,drive,0,1.0,5.0,4.177,25.09,33.62,0.0181,0.0890,0.0005,0.0987,0.0000,0.1022,0.0020,0.0068,0.1916,0.0112,0.1241,0.0010,0.1852,0.0000
1784801061.85,17,drive,1,1.0,5.0,4.177,25.09,33.62,0.0274,0.0904,0.0015,0.0997,0.0015,0.1022,0.0010,0.0049,0.1882,0.0108,0.1212,0.0020,0.1848,0.0010
1784801061.94,17,drive,2,1.0,5.0,4.177,25.09,33.62,0.0186,0.0919,0.0000,0.1017,0.0010,0.1051,0.0024,0.0068,0.1896,0.0127,0.1251,0.0024,0.1838,0.0039
1784801062.53,17,drive,0,1.25,5.0,4.177,25.09,33.62,0.0191,0.0929,0.0000,0.1007,0.0000,0.1017,0.0029,0.0029,0.1911,0.0117,0.1241,0.0010,0.1867,0.0005
1784801062.63,17,drive,1,1.25,5.0,4.177,25.09,33.62,0.0196,0.0880,0.0005,0.1007,0.0000,0.1017,0.0015,0.0064,0.1935,0.0098,0.1266,0.0044,0.1848,0.0005
1784801062.72,17,drive,2,1.25,5.0,4.177,25.09,33.62,0.0200,0.0894,0.0000,0.0997,0.0005,0.1026,0.0073,0.0049,0.1906,0.0122,0.1237,0.0010,0.1867,0.0005
1784801063.31,17,drive,0,1.5,5.0,4.177,25.09,33.62,0.0210,0.0894,0.0000,0.1012,0.0010,0.1026,0.0015,0.0049,0.1887,0.0112,0.1207,0.0029,0.1823,0.0000
1784801063.40,17,drive,1,1.5,5.0,4.177,25.09,33.62,0.0191,0.0880,0.0005,0.1012,0.0005,0.1031,0.0020,0.0054,0.1872,0.0098,0.1266,0.0015,0.1838,0.0029
1784801063.50,17,drive,2,1.5,5.0,4.177,25.09,33.62,0.0215,0.0919,0.0005,0.1002,0.0010,0.1075,0.0044,0.0049,0.1940,0.0132,0.1246,0.0005,0.1857,0.0000
1784801064.09,17,drive,0,1.75,5.0,4.177,25.09,33.62,0.0210,0.0924,0.0000,0.0978,0.0005,0.1051,0.0015,0.0049,0.1867,0.0127,0.1227,0.0015,0.1852,0.0000
1784801064.18,17,drive,1,1.75,5.0,4.177,25.09,33.62,0.0220,0.0894,0.0005,0.0987,0.0005,0.1031,0.0029,0.0034,0.1906,0.0088,0.1261,0.0010,0.1808,0.0015
1784801064.28,17,drive,2,1.75,5.0,4.177,25.09,33.62,0.0196,0.0943,0.0000,0.0992,0.0015,0.1007,0.0034,0.0064,0.1891,0.0117,0.1266,0.0020,0.1867,0.0000
1784801064.87,17,drive,0,2.0,5.0,4.177,25.09,33.62,0.0196,0.0894,0.0005,0.1007,0.0000,0.1036,0.0034,0.0029,0.1896,0.0103,0.1266,0.0015,0.1862,0.0000
1784801064.96,17,drive,1,2.0,5.0,4.177,25.09,33.62,0.0186,0.0919,0.0010,0.1017,0.0000,0.1041,0.0029,0.0044,0.1906,0.0103,0.1227,0.0024,0.1872,0.0000
1784801065.05,17,drive,2,2.0,5.0,4.177,25.09,33.62,0.0186,0.0919,0.0000,0.1012,0.0020,0.1051,0.0024,0.0083,0.1901,0.0093,0.1256,0.0015,0.1862,0.0000
1784801065.72,18,base,0,0.0,5.0,4.197,25.09,33.63,0.0239,0.0909,0.0000,0.1002,0.0000,0.1056,0.0024,0.0049,0.1916,0.0112,0.1271,0.0020,0.1828,0.0005
1784801065.81,18,base,1,0.0,5.0,4.197,25.09,33.63,0.0200,0.0938,0.0000,0.1007,0.0000,0.1051,0.0029,0.0034,0.1931,0.0059,0.1261,0.0000,0.1857,0.0000
1784801065.90,18,base,2,0.0,5.0,4.197,25.09,33.63,0.0191,0.0934,0.0005,0.1022,0.0000,0.1022,0.0039,0.0039,0.1857,0.0117,0.1285,0.0005,0.1852,0.0005
1784801066.49,18,drive,0,0.25,5.0,4.197,25.09,33.63,0.0230,0.0914,0.0005,0.1022,0.0000,0.1026,0.0029,0.0039,0.1911,0.0132,0.1271,0.0010,0.1862,0.0005
1784801066.59,18,drive,1,0.25,5.0,4.197,25.09,33.63,0.0191,0.0890,0.0005,0.0973,0.0005,0.1041,0.0029,0.0044,0.1867,0.0117,0.1227,0.0010,0.1818,0.0000
1784801066.68,18,drive,2,0.25,5.0,4.197,25.09,33.63,0.0215,0.0924,0.0000,0.1031,0.0000,0.1031,0.0039,0.0024,0.1896,0.0112,0.1241,0.0005,0.1843,0.0000
1784801067.27,18,drive,0,0.5,5.0,4.197,25.09,33.63,0.0176,0.0894,0.0000,0.1022,0.0000,0.1026,0.0054,0.0044,0.1882,0.0112,0.1241,0.0039,0.1852,0.0000
1784801067.37,18,drive,1,0.5,5.0,4.197,25.09,33.63,0.0205,0.0909,0.0000,0.0987,0.0005,0.1002,0.0054,0.0059,0.1862,0.0132,0.1261,0.0024,0.1848,0.0005
1784801067.46,18,drive,2,0.5,5.0,4.197,25.09,33.63,0.0210,0.0919,0.0000,0.0978,0.0005,0.1041,0.0034,0.0029,0.1896,0.0088,0.1246,0.0005,0.1838,0.0000
1784801068.05,18,drive,0,0.75,5.0,4.197,25.09,33.63,0.0196,0.0934,0.0000,0.1026,0.0020,0.1046,0.0029,0.0059,0.1906,0.0117,0.1251,0.0010,0.1823,0.0000
1784801068.15,18,drive,1,0.75,5.0,4.197,25.09,33.63,0.0191,0.0880,0.0005,0.1002,0.0000,0.1022,0.0029,0.0044,0.1901,0.0108,0.1266,0.0000,0.1852,0.0000
1784801068.24,18,drive,2,0.75,5.0,4.197,25.09,33.63,0.0171,0.0894,0.0000,0.1002,0.0000,0.1017,0.0054,0.0049,0.1887,0.0083,0.1266,0.0015,0.1838,0.0000
1784801068.84,18,drive,0,1.0,5.0,4.197,25.09,33.63,0.0215,0.0914,0.0000,0.1022,0.0000,0.1051,0.0020,0.0049,0.1916,0.0103,0.1271,0.0024,0.1838,0.0015
1784801068.93,18,drive,1,1.0,5.0,4.197,25.09,33.63,0.0186,0.0914,0.0000,0.0992,0.0000,0.1026,0.0010,0.0059,0.1887,0.0088,0.1285,0.0015,0.1877,0.0005
1784801069.02,18,drive,2,1.0,5.0,4.197,25.09,33.63,0.0191,0.0914,0.0005,0.0968,0.0000,0.1061,0.0010,0.0029,0.1887,0.0122,0.1241,0.0029,0.1838,0.0010
1784801069.61,18,drive,0,1.25,5.0,4.197,25.09,33.63,0.0147,0.0924,0.0000,0.0997,0.0000,0.1041,0.0015,0.0044,0.1887,0.0068,0.1290,0.0010,0.1828,0.0044
1784801069.70,18,drive,1,1.25,5.0,4.197,25.09,33.63,0.0210,0.0894,0.0005,0.0987,0.0005,0.1036,0.0015,0.0054,0.1896,0.0117,0.1290,0.0015,0.1823,0.0005
1784801069.80,18,drive,2,1.25,5.0,4.197,25.09,33.63,0.0191,0.0899,0.0000,0.1012,0.0000,0.1031,0.0010,0.0034,0.1906,0.0127,0.1290,0.0010,0.1823,0.0000
1784801070.39,18,drive,0,1.5,5.0,4.197,25.09,33.63,0.0191,0.0875,0.0010,0.1002,0.0000,0.1041,0.0034,0.0054,0.1862,0.0156,0.1271,0.0015,0.1799,0.0000
1784801070.48,18,drive,1,1.5,5.0,4.197,25.09,33.63,0.0200,0.0894,0.0000,0.1012,0.0005,0.1026,0.0010,0.0073,0.1906,0.0098,0.1246,0.0010,0.1838,0.0000
1784801070.58,18,drive,2,1.5,5.0,4.197,25.09,33.63,0.0215,0.0929,0.0000,0.1017,0.0015,0.1031,0.0029,0.0044,0.1896,0.0098,0.1246,0.0015,0.1852,0.0010
1784801071.17,18,drive,0,1.75,5.0,4.197,25.09,33.63,0.0210,0.0875,0.0005,0.0992,0.0000,0.1031,0.0039,0.0049,0.1906,0.0117,0.1251,0.0020,0.1794,0.0000
1784801071.27,18,drive,1,1.75,5.0,4.197,25.09,33.63,0.0186,0.0899,0.0000,0.1017,0.0034,0.1012,0.0015,0.0015,0.1882,0.0127,0.1246,0.0010,0.1838,0.0024
1784801071.36,18,drive,2,1.75,5.0,4.197,25.09,33.63,0.0215,0.0924,0.0000,0.0968,0.0005,0.1036,0.0020,0.0059,0.1891,0.0127,0.1271,0.0024,0.1833,0.0005
1784801071.95,18,drive,0,2.0,5.0,4.197,25.09,33.63,0.0200,0.0875,0.0000,0.0982,0.0000,0.1036,0.0020,0.0039,0.1911,0.0088,0.1276,0.0029,0.1857,0.0000
1784801072.05,18,drive,1,2.0,5.0,4.197,25.09,33.63,0.0196,0.0909,0.0010,0.1031,0.0000,0.0987,0.0029,0.0034,0.1887,0.0098,0.1241,0.0015,0.1857,0.0010
1784801072.14,18,drive,2,2.0,5.0,4.197,25.09,33.63,0.0220,0.0904,0.0000,0.1031,0.0000,0.1036,0.0005,0.0044,0.1877,0.0108,0.1251,0.0005,0.1838,0.0010
1784801072.80,19,base,0,0.0,5.0,4.177,25.09,33.64,0.0235,0.0904,0.0000,0.1007,0.0000,0.1036,0.0024,0.0039,0.1877,0.0156,0.1246,0.0020,0.1828,0.0000
1784801072.89,19,base,1,0.0,5.0,4.177,25.09,33.64,0.0230,0.0885,0.0000,0.0987,0.0010,0.1041,0.0024,0.0039,0.1877,0.0132,0.1271,0.0024,0.1862,0.0000
1784801072.99,19,base,2,0.0,5.0,4.177,25.09,33.64,0.0235,0.0890,0.0000,0.0992,0.0000,0.1022,0.0034,0.0054,0.1872,0.0098,0.1222,0.0039,0.1843,0.0005
1784801073.57,19,drive,0,0.25,5.0,4.177,25.09,33.64,0.0205,0.0885,0.0000,0.0997,0.0015,0.1031,0.0015,0.0073,0.1906,0.0103,0.1261,0.0010,0.1808,0.0005
1784801073.67,19,drive,1,0.25,5.0,4.177,25.09,33.64,0.0215,0.0904,0.0005,0.0963,0.0005,0.1026,0.0044,0.0059,0.1896,0.0093,0.1276,0.0029,0.1843,0.0000
1784801073.76,19,drive,2,0.25,5.0,4.177,25.09,33.64,0.0205,0.0899,0.0005,0.0997,0.0015,0.1070,0.0039,0.0044,0.1872,0.0137,0.1246,0.0020,0.1833,0.0000
1784801074.35,19,drive,0,0.5,5.0,4.177,25.09,33.64,0.0200,0.0909,0.0000,0.1012,0.0005,0.1002,0.0024,0.0044,0.1911,0.0122,0.1276,0.0020,0.1833,0.0005
1784801074.45,19,drive,1,0.5,5.0,4.177,25.09,33.64,0.0220,0.0880,0.0000,0.1007,0.0000,0.1022,0.0034,0.0059,0.1935,0.0103,0.1290,0.0020,0.1823,0.0000
1784801074.54,19,drive,2,0.5,5.0,4.177,25.09,33.64,0.0215,0.0894,0.0005,0.0997,0.0010,0.1031,0.0029,0.0049,0.1891,0.0112,0.1281,0.0010,0.1852,0.0005
1784801075.14,19,drive,0,0.75,5.0,4.177,25.09,33.64,0.0191,0.0948,0.0000,0.0982,0.0005,0.0978,0.0044,0.0068,0.1921,0.0098,0.1320,0.0029,0.1838,0.0000
1784801075.23,19,drive,1,0.75,5.0,4.177,25.09,33.64,0.0176,0.0899,0.0005,0.1031,0.0005,0.1007,0.0020,0.0049,0.1896,0.0083,0.1329,0.0005,0.1862,0.0005
1784801075.32,19,drive,2,0.75,5.0,4.177,25.09,33.64,0.0200,0.0899,0.0005,0.0968,0.0005,0.0963,0.0020,0.0083,0.1911,0.0112,0.1354,0.0029,0.1833,0.0000
1784801075.92,19,drive,0,1.0,5.0,4.177,25.09,33.64,0.0200,0.0919,0.0005,0.0987,0.0000,0.0973,0.0015,0.0054,0.1906,0.0093,0.1369,0.0005,0.1823,0.0029
1784801076.01,19,drive,1,1.0,5.0,4.177,25.09,33.64,0.0244,0.0885,0.0000,0.1002,0.0010,0.0968,0.0010,0.0073,0.1931,0.0083,0.1373,0.0029,0.1828,0.0005
1784801076.11,19,drive,2,1.0,5.0,4.177,25.09,33.64,0.0235,0.0914,0.0005,0.1017,0.0010,0.0943,0.0049,0.0088,0.1921,0.0108,0.1364,0.0029,0.1848,0.0000
1784801076.70,19,drive,0,1.25,5.0,4.177,25.09,33.64,0.0176,0.0924,0.0010,0.0997,0.0034,0.0919,0.0024,0.0054,0.1931,0.0064,0.1408,0.0029,0.1833,0.0000
1784801076.79,19,drive,1,1.25,5.0,4.177,25.09,33.64,0.0205,0.0904,0.0020,0.0948,0.0005,0.0929,0.0029,0.0059,0.1950,0.0098,0.1369,0.0015,0.1808,0.0000
1784801076.89,19,drive,2,1.25,5.0,4.177,25.09,33.64,0.0205,0.0909,0.0015,0.1012,0.0000,0.0909,0.0024,0.0073,0.1916,0.0054,0.1373,0.0005,0.1833,0.0000
1784801077.48,19,drive,0,1.5,5.0,4.177,25.09,33.64,0.0210,0.0880,0.0000,0.1002,0.0005,0.0831,0.0029,0.0068,0.1965,0.0073,0.1466,0.0020,0.1794,0.0010
1784801077.57,19,drive,1,1.5,5.0,4.177,25.09,33.64,0.0230,0.0909,0.0010,0.1012,0.0000,0.0831,0.0054,0.0029,0.1935,0.0049,0.1461,0.0010,0.1823,0.0000
1784801077.67,19,drive,2,1.5,5.0,4.177,25.09,33.64,0.0196,0.0929,0.0005,0.0968,0.0005,0.0865,0.0024,0.0073,0.1931,0.0054,0.1452,0.0015,0.1808,0.0000
1784801078.26,19,drive,0,1.75,5.0,4.177,25.09,33.64,0.0186,0.0899,0.0000,0.0997,0.0005,0.0762,0.0024,0.0010,0.1911,0.0034,0.1515,0.0015,0.1818,0.0010
1784801078.36,19,drive,1,1.75,5.0,4.177,25.09,33.64,0.0235,0.0909,0.0000,0.0982,0.0000,0.0777,0.0024,0.0024,0.1901,0.0078,0.1540,0.0010,0.1808,0.0000
1784801078.45,19,drive,2,1.75,5.0,4.177,25.09,33.64,0.0230,0.0870,0.0015,0.0978,0.0010,0.0743,0.0024,0.0039,0.1940,0.0044,0.1505,0.0015,0.1789,0.0015
1784801079.04,19,drive,0,2.0,5.0,4.177,25.09,33.64,0.0215,0.0953,0.0000,0.1002,0.0015,0.0714,0.0010,0.0029,0.1877,0.0024,0.1535,0.0000,0.1784,0.0000
1784801079.14,19,drive,1,2.0,5.0,4.177,25.09,33.64,0.0200,0.0924,0.0000,0.0992,0.0005,0.0684,0.0015,0.0029,0.1906,0.0034,0.1564,0.0015,0.1828,0.0024
1784801079.23,19,drive,2,2.0,5.0,4.177,25.09,33.64,0.0225,0.0924,0.0000,0.0992,0.0000,0.0684,0.0044,0.0068,0.1887,0.0020,0.1574,0.0005,0.1779,0.0000
1784801079.91,20,base,0,0.0,5.0,4.177,25.09,33.64,0.0196,0.0904,0.0000,0.1031,0.0015,0.1036,0.0020,0.0044,0.1887,0.0156,0.1222,0.0005,0.1833,0.0020
1784801080.00,20,base,1,0.0,5.0,4.177,25.09,33.64,0.0235,0.0899,0.0000,0.1007,0.0000,0.1036,0.0044,0.0073,0.1916,0.0093,0.1256,0.0000,0.1833,0.0005
1784801080.09,20,base,2,0.0,5.0,4.177,25.09,33.64,0.0171,0.0958,0.0005,0.0978,0.0010,0.1036,0.0059,0.0034,0.1911,0.0103,0.1256,0.0024,0.1862,0.0005
1784801080.69,20,drive,0,0.25,5.0,4.177,25.09,33.64,0.0200,0.0909,0.0015,0.0973,0.0000,0.1022,0.0034,0.0078,0.1911,0.0108,0.1232,0.0020,0.1848,0.0010
1784801080.78,20,drive,1,0.25,5.0,4.177,25.09,33.64,0.0176,0.0919,0.0000,0.1031,0.0015,0.1012,0.0049,0.0029,0.1872,0.0112,0.1256,0.0015,0.1867,0.0010
1784801080.88,20,drive,2,0.25,5.0,4.177,25.09,33.64,0.0215,0.0929,0.0005,0.0997,0.0010,0.1031,0.0029,0.0024,0.1901,0.0103,0.1251,0.0015,0.1828,0.0010
1784801081.47,20,drive,0,0.5,5.0,4.177,25.09,33.64,0.0210,0.0909,0.0000,0.0992,0.0024,0.0997,0.0020,0.0049,0.1916,0.0117,0.1276,0.0034,0.1838,0.0000
1784801081.56,20,drive,1,0.5,5.0,4.177,25.09,33.64,0.0210,0.0890,0.0010,0.1002,0.0010,0.1061,0.0029,0.0064,0.1901,0.0108,0.1295,0.0024,0.1857,0.0000
1784801081.66,20,drive,2,0.5,5.0,4.177,25.09,33.64,0.0191,0.0894,0.0000,0.0992,0.0005,0.1002,0.0020,0.0034,0.1911,0.0127,0.1271,0.0005,0.1848,0.0000
1784801082.25,20,drive,0,0.75,5.0,4.177,25.09,33.64,0.0210,0.0919,0.0000,0.0982,0.0024,0.0987,0.0039,0.0117,0.1940,0.0088,0.1295,0.0034,0.1823,0.0000
1784801082.34,20,drive,1,0.75,5.0,4.177,25.09,33.64,0.0191,0.0924,0.0000,0.0948,0.0000,0.1017,0.0059,0.0112,0.1906,0.0142,0.1305,0.0015,0.1838,0.0000
1784801082.44,20,drive,2,0.75,5.0,4.177,25.09,33.64,0.0210,0.0894,0.0000,0.0987,0.0015,0.1036,0.0073,0.0103,0.1926,0.0132,0.1310,0.0044,0.1799,0.0000
1784801083.02,20,drive,0,1.0,5.0,4.177,25.09,33.64,0.0230,0.0943,0.0098,0.1109,0.0044,0.1100,0.0254,0.0186,0.1887,0.0308,0.1354,0.0083,0.1838,0.0215
1784801083.12,20,drive,1,1.0,5.0,4.177,25.09,33.64,0.0239,0.0968,0.0215,0.0826,0.0122,0.1207,0.0147,0.0137,0.2077,0.0230,0.1202,0.0088,0.1950,0.0098
1784801083.21,20,drive,2,1.0,5.0,4.177,25.09,33.64,0.0244,0.1080,0.0117,0.0894,0.0205,0.1041,0.0166,0.0161,0.2175,0.0161,0.1261,0.0235,0.1799,0.0156
1784801083.80,20,drive,0,1.25,5.0,4.177,25.09,33.64,0.0411,0.0914,0.0054,0.0992,0.0039,0.0997,0.0078,0.0244,0.1989,0.0215,0.1334,0.0259,0.1813,0.0010
1784801083.89,20,drive,1,1.25,5.0,4.177,25.09,33.64,0.0200,0.0929,0.0039,0.0978,0.0210,0.1007,0.0078,0.0215,0.1965,0.0327,0.1408,0.0059,0.1896,0.0093
1784801083.99,20,drive,2,1.25,5.0,4.177,25.09,33.64,0.0489,0.0885,0.0039,0.0914,0.0029,0.0997,0.0161,0.0137,0.1994,0.0235,0.1359,0.0254,0.1852,0.0024
1784801084.58,20,drive,0,1.5,5.0,4.177,25.09,33.64,0.0342,0.0860,0.0200,0.0929,0.0039,0.0953,0.0108,0.0264,0.2126,0.0191,0.1427,0.0298,0.1813,0.0073
1784801084.67,20,drive,1,1.5,5.0,4.177,25.09,33.64,0.0186,0.0963,0.0259,0.0958,0.0010,0.1129,0.0093,0.0318,0.2141,0.0176,0.1432,0.0127,0.1823,0.0254
1784801084.77,20,drive,2,1.5,5.0,4.177,25.09,33.64,0.0342,0.0929,0.0049,0.1012,0.0029,0.1041,0.0117,0.0332,0.1989,0.0171,0.1432,0.0308,0.1828,0.0015
1784801085.35,20,drive,0,1.75,5.0,4.177,25.09,33.64,0.0191,0.0978,0.0005,0.0992,0.0049,0.1012,0.0132,0.0430,0.2111,0.0186,0.1505,0.0034,0.1750,0.0034
1784801085.45,20,drive,1,1.75,5.0,4.177,25.09,33.64,0.0288,0.0909,0.0020,0.1036,0.0005,0.1119,0.0064,0.0494,0.2004,0.0137,0.1535,0.0098,0.1760,0.0015
1784801085.54,20,drive,2,1.75,5.0,4.177,25.09,33.64,0.0249,0.0806,0.0044,0.1012,0.0122,0.1026,0.0059,0.0464,0.2063,0.0142,0.1505,0.0054,0.1808,0.0039
1784801086.13,20,drive,0,2.0,5.0,4.177,25.09,33.64,0.0161,0.1012,0.0024,0.1007,0.0049,0.0982,0.0171,0.0557,0.2322,0.0108,0.1618,0.0112,0.1667,0.0015
1784801086.22,20,drive,1,2.0,5.0,4.177,25.09,33.64,0.0147,0.0943,0.0024,0.1061,0.0059,0.1046,0.0098,0.0714,0.2219,0.0088,0.1623,0.0005,0.1813,0.0015
1784801086.32,20,drive,2,2.0,5.0,4.177,25.09,33.64,0.0298,0.0841,0.0020,0.0885,0.0073,0.1061,0.0196,0.0616,0.2131,0.0205,0.1608,0.0054,0.1725,0.0034
1784801086.99,22,base,0,0.0,5.0,4.177,25.09,33.65,0.0181,0.0924,0.0054,0.1017,0.0015,0.1046,0.0137,0.0108,0.1828,0.0196,0.1271,0.0073,0.1784,0.0010
1784801087.08,22,base,1,0.0,5.0,4.177,25.09,33.65,0.0249,0.0934,0.0078,0.1007,0.0044,0.1017,0.0137,0.0127,0.1848,0.0152,0.1241,0.0054,0.1852,0.0122
1784801087.18,22,base,2,0.0,5.0,4.177,25.09,33.65,0.0215,0.0914,0.0078,0.1036,0.0020,0.1051,0.0068,0.0068,0.1857,0.0191,0.1256,0.0068,0.1774,0.0044
1784801087.77,22,drive,0,0.25,5.0,4.177,25.09,33.65,0.0254,0.0821,0.0029,0.1031,0.0093,0.1061,0.0108,0.0093,0.1935,0.0176,0.1344,0.0049,0.1852,0.0064
1784801087.86,22,drive,1,0.25,5.0,4.177,25.09,33.65,0.0225,0.0929,0.0024,0.0943,0.0044,0.0919,0.0103,0.0078,0.1891,0.0142,0.1310,0.0132,0.1843,0.0020
1784801087.96,22,drive,2,0.25,5.0,4.177,25.09,33.65,0.0205,0.0841,0.0068,0.0870,0.0039,0.0987,0.0127,0.0088,0.1896,0.0191,0.1222,0.0054,0.1833,0.0059
1784801088.55,22,drive,0,0.5,5.0,4.177,25.09,33.65,0.0327,0.0924,0.0034,0.0958,0.0078,0.0982,0.0147,0.0078,0.1891,0.0176,0.1163,0.0039,0.1848,0.0098
1784801088.64,22,drive,1,0.5,5.0,4.177,25.09,33.65,0.0249,0.0904,0.0088,0.1031,0.0015,0.1051,0.0054,0.0103,0.1887,0.0156,0.1349,0.0054,0.1877,0.0088
1784801088.74,22,drive,2,0.5,5.0,4.177,25.09,33.65,0.0176,0.0938,0.0098,0.1124,0.0064,0.1022,0.0093,0.0098,0.1906,0.0176,0.1202,0.0059,0.1887,0.0068
1784801089.32,22,drive,0,0.75,5.0,4.177,25.09,33.65,0.0220,0.0875,0.0005,0.0992,0.0005,0.1017,0.0181,0.0103,0.1911,0.0166,0.1276,0.0098,0.1799,0.0049
1784801089.42,22,drive,1,0.75,5.0,4.177,25.09,33.65,0.0274,0.0880,0.0088,0.1031,0.0054,0.0963,0.0039,0.0088,0.1891,0.0161,0.1207,0.0068,0.1838,0.0088
1784801089.51,22,drive,2,0.75,5.0,4.177,25.09,33.65,0.0244,0.0899,0.0049,0.1065,0.0000,0.1124,0.0059,0.0108,0.1935,0.0161,0.1320,0.0039,0.1877,0.0010
1784801090.10,22,drive,0,1.0,5.0,4.177,25.09,33.65,0.0259,0.0875,0.0044,0.1090,0.0068,0.1075,0.0068,0.0127,0.1877,0.0088,0.1256,0.0117,0.1784,0.0005
1784801090.19,22,drive,1,1.0,5.0,4.177,25.09,33.65,0.0244,0.0870,0.0024,0.1114,0.0068,0.0963,0.0093,0.0108,0.1852,0.0108,0.1237,0.0093,0.1843,0.0068
1784801090.29,22,drive,2,1.0,5.0,4.177,25.09,33.65,0.0210,0.0894,0.0078,0.1026,0.0029,0.0938,0.0044,0.0083,0.1857,0.0230,0.1310,0.0093,0.1862,0.0064
1784801090.88,22,drive,0,1.25,5.0,4.177,25.09,33.65,0.0166,0.0894,0.0034,0.1139,0.0103,0.0978,0.0098,0.0166,0.1921,0.0142,0.1359,0.0103,0.1808,0.0064
1784801090.97,22,drive,1,1.25,5.0,4.177,25.09,33.65,0.0200,0.0934,0.0049,0.1119,0.0078,0.1026,0.0112,0.0054,0.1916,0.0176,0.1364,0.0034,0.1838,0.0064
1784801091.07,22,drive,2,1.25,5.0,4.177,25.09,33.65,0.0220,0.0904,0.0054,0.1065,0.0078,0.1065,0.0103,0.0083,0.1862,0.0068,0.1305,0.0117,0.1813,0.0024
1784801091.66,22,drive,0,1.5,5.0,4.177,25.09,33.65,0.0269,0.0894,0.0103,0.1090,0.0029,0.0875,0.0083,0.0024,0.1891,0.0093,0.1285,0.0117,0.1843,0.0088
1784801091.75,22,drive,1,1.5,5.0,4.177,25.09,33.65,0.0254,0.0860,0.0039,0.1134,0.0064,0.0973,0.0122,0.0073,0.1906,0.0112,0.1383,0.0122,0.1862,0.0015
1784801091.84,22,drive,2,1.5,5.0,4.177,25.09,33.65,0.0274,0.0909,0.0054,0.1114,0.0108,0.0953,0.0015,0.0152,0.1867,0.0083,0.1344,0.0068,0.1877,0.0054
1784801092.43,22,drive,0,1.75,5.0,4.177,25.09,33.65,0.0239,0.0899,0.0029,0.1217,0.0064,0.0968,0.0103,0.0059,0.1808,0.0112,0.1349,0.0059,0.1857,0.0073
1784801092.53,22,drive,1,1.75,5.0,4.177,25.09,33.65,0.0205,0.0929,0.0049,0.1163,0.0059,0.0938,0.0171,0.0064,0.1862,0.0117,0.1373,0.0039,0.1804,0.0015
1784801092.62,22,drive,2,1.75,5.0,4.177,25.09,33.65,0.0225,0.0846,0.0020,0.1109,0.0078,0.0982,0.0088,0.0112,0.1828,0.0068,0.1276,0.0093,0.1823,0.0068
1784801093.22,22,drive,0,2.0,5.0,4.177,25.09,33.65,0.0259,0.0924,0.0059,0.1163,0.0127,0.0855,0.0054,0.0073,0.1823,0.0054,0.1373,0.0064,0.1774,0.0024
1784801093.31,22,drive,1,2.0,5.0,4.177,25.09,33.65,0.0249,0.0934,0.0054,0.1119,0.0068,0.0929,0.0049,0.0029,0.1799,0.0088,0.1290,0.0156,0.1833,0.0059
1784801093.40,22,drive,2,2.0,5.0,4.177,25.09,33.65,0.0181,0.0880,0.0088,0.1168,0.0073,0.0890,0.0068,0.0078,0.1804,0.0059,0.1349,0.0112,0.1799,0.0064
1784801094.07,23,base,0,0.0,5.0,4.157,25.09,33.66,0.0244,0.0850,0.0054,0.1061,0.0029,0.1065,0.0132,0.0083,0.1852,0.0152,0.1232,0.0044,0.1804,0.0039
1784801094.17,23,base,1,0.0,5.0,4.157,25.09,33.66,0.0283,0.0904,0.0044,0.1065,0.0054,0.1075,0.0034,0.0103,0.1891,0.0127,0.1251,0.0029,0.1891,0.0020
1784801094.26,23,base,2,0.0,5.0,4.157,25.09,33.66,0.0176,0.0826,0.0034,0.0992,0.0024,0.1105,0.0073,0.0093,0.1965,0.0166,0.1281,0.0078,0.1843,0.0039
1784801094.86,23,drive,0,0.25,5.0,4.157,25.09,33.66,0.0269,0.0919,0.0034,0.1007,0.0044,0.1017,0.0073,0.0088,0.1940,0.0112,0.1281,0.0142,0.1882,0.0010
1784801094.95,23,drive,1,0.25,5.0,4.157,25.09,33.66,0.0269,0.0929,0.0064,0.0987,0.0000,0.1022,0.0098,0.0103,0.1926,0.0147,0.1285,0.0088,0.1867,0.0010
1784801095.05,23,drive,2,0.25,5.0,4.157,25.09,33.66,0.0200,0.0948,0.0122,0.0997,0.0005,0.1007,0.0068,0.0068,0.1838,0.0112,0.1266,0.0064,0.1867,0.0108
1784801095.64,23,drive,0,0.5,5.0,4.157,25.09,33.66,0.0283,0.0948,0.0039,0.1017,0.0020,0.1012,0.0108,0.0098,0.1867,0.0205,0.1183,0.0078,0.1818,0.0059
1784801095.73,23,drive,1,0.5,5.0,4.157,25.09,33.66,0.0205,0.0934,0.0054,0.1007,0.0039,0.1007,0.0059,0.0073,0.1848,0.0186,0.1188,0.0093,0.1862,0.0068
1784801095.83,23,drive,2,0.5,5.0,4.157,25.09,33.66,0.0215,0.0850,0.0093,0.1041,0.0049,0.1080,0.0103,0.0083,0.1857,0.0161,0.1168,0.0064,0.1794,0.0137
1784801096.42,23,drive,0,0.75,5.0,4.157,25.09,33.66,0.0186,0.0885,0.0088,0.0982,0.0059,0.1022,0.0122,0.0059,0.1843,0.0122,0.1100,0.0049,0.1818,0.0029
1784801096.51,23,drive,1,0.75,5.0,4.157,25.09,33.66,0.0171,0.0987,0.0034,0.1017,0.0015,0.0997,0.0068,0.0029,0.1916,0.0142,0.1124,0.0098,0.1843,0.0059
1784801096.61,23,drive,2,0.75,5.0,4.157,25.09,33.66,0.0235,0.0943,0.0029,0.1051,0.0078,0.1070,0.0054,0.0117,0.1852,0.0137,0.1109,0.0039,0.1833,0.0034
1784801097.20,23,drive,0,1.0,5.0,4.157,25.09,33.66,0.0225,0.0850,0.0039,0.0968,0.0054,0.1056,0.0068,0.0147,0.1857,0.0152,0.1026,0.0098,0.1882,0.0098
1784801097.29,23,drive,1,1.0,5.0,4.157,25.09,33.66,0.0235,0.0934,0.0054,0.1022,0.0024,0.1061,0.0098,0.0078,0.1701,0.0181,0.1002,0.0044,0.1911,0.0064
1784801097.39,23,drive,2,1.0,5.0,4.157,25.09,33.66,0.0254,0.0909,0.0049,0.1051,0.0024,0.1134,0.0103,0.0103,0.1833,0.0200,0.1051,0.0044,0.1833,0.0039
1784801097.98,23,drive,0,1.25,5.0,4.157,25.09,33.66,0.0205,0.1017,0.0064,0.0992,0.0034,0.1065,0.0054,0.0137,0.1735,0.0137,0.0904,0.0068,0.1887,0.0093
1784801098.08,23,drive,1,1.25,5.0,4.157,25.09,33.66,0.0264,0.0841,0.0034,0.0948,0.0083,0.0963,0.0078,0.0191,0.1784,0.0244,0.0963,0.0093,0.1789,0.0108
1784801098.17,23,drive,2,1.25,5.0,4.157,25.09,33.66,0.0293,0.0948,0.0059,0.1051,0.0073,0.1100,0.0127,0.0088,0.1696,0.0171,0.0963,0.0049,0.1789,0.0059
1784801098.76,23,drive,0,1.5,5.0,4.157,25.09,33.66,0.0254,0.0899,0.0044,0.0997,0.0147,0.1041,0.0196,0.0152,0.1662,0.0166,0.0899,0.0024,0.1784,0.0073
1784801098.86,23,drive,1,1.5,5.0,4.157,25.09,33.66,0.0225,0.0982,0.0054,0.1031,0.0059,0.1046,0.0064,0.0034,0.1701,0.0181,0.0919,0.0073,0.1760,0.0093
1784801098.95,23,drive,2,1.5,5.0,4.157,25.09,33.66,0.0279,0.0914,0.0010,0.0934,0.0044,0.1080,0.0073,0.0112,0.1701,0.0230,0.0958,0.0112,0.1799,0.0029
1784801099.54,23,drive,0,1.75,5.0,4.157,25.09,33.66,0.0264,0.0919,0.0039,0.1002,0.0093,0.1056,0.0103,0.0068,0.1559,0.0239,0.1056,0.0054,0.1838,0.0015
1784801099.64,23,drive,1,1.75,5.0,4.157,25.09,33.66,0.0210,0.0899,0.0044,0.0973,0.0010,0.1036,0.0112,0.0068,0.1584,0.0156,0.0987,0.0132,0.1730,0.0078
1784801099.73,23,drive,2,1.75,5.0,4.157,25.09,33.66,0.0196,0.0938,0.0024,0.0978,0.0054,0.1031,0.0225,0.0039,0.1623,0.0147,0.1036,0.0093,0.1735,0.0064
1784801100.32,23,drive,0,2.0,5.0,4.157,25.09,33.66,0.0230,0.0885,0.0010,0.1051,0.0010,0.1012,0.0088,0.0112,0.1505,0.0181,0.1173,0.0034,0.1862,0.0068
1784801100.42,23,drive,1,2.0,5.0,4.157,25.09,33.66,0.0191,0.0973,0.0029,0.1046,0.0073,0.1017,0.0024,0.0093,0.1564,0.0186,0.1256,0.0024,0.1735,0.0093
1784801100.51,23,drive,2,2.0,5.0,4.157,25.09,33.66,0.0220,0.0963,0.0034,0.1031,0.0039,0.1056,0.0068,0.0108,0.1496,0.0147,0.1197,0.0015,0.1828,0.0015
1784801101.17,24,base,0,0.0,5.0,4.217,25.09,33.67,0.0161,0.0894,0.0029,0.0997,0.0029,0.1031,0.0220,0.0122,0.1906,0.0161,0.1320,0.0029,0.1857,0.0024
1784801101.26,24,base,1,0.0,5.0,4.217,25.09,33.67,0.0225,0.0870,0.0137,0.0992,0.0010,0.1012,0.0093,0.0088,0.1935,0.0122,0.1241,0.0137,0.1808,0.0112
1784801101.35,24,base,2,0.0,5.0,4.217,25.09,33.67,0.0259,0.0885,0.0112,0.1002,0.0156,0.1061,0.0044,0.0156,0.1852,0.0137,0.1266,0.0068,0.1882,0.0117
1784801101.95,24,drive,0,0.25,5.0,4.217,25.09,33.67,0.0440,0.0924,0.0000,0.1026,0.0010,0.1085,0.0254,0.0083,0.1940,0.0283,0.1261,0.0191,0.1921,0.0024
1784801102.04,24,drive,1,0.25,5.0,4.217,25.09,33.67,0.0220,0.0860,0.0044,0.0992,0.0210,0.1056,0.0279,0.0166,0.1901,0.0367,0.1227,0.0044,0.1774,0.0039
1784801102.14,24,drive,2,0.25,5.0,4.217,25.09,33.67,0.0523,0.0909,0.0039,0.1090,0.0034,0.1007,0.0137,0.0117,0.1848,0.0186,0.1271,0.0357,0.1887,0.0005
1784801102.72,24,drive,0,0.5,5.0,4.217,25.09,33.67,0.0415,0.0885,0.0015,0.1046,0.0049,0.1090,0.0230,0.0122,0.1843,0.0225,0.1290,0.0142,0.1857,0.0010
1784801102.82,24,drive,1,0.5,5.0,4.217,25.09,33.67,0.0254,0.0841,0.0166,0.0997,0.0088,0.0963,0.0024,0.0352,0.1901,0.0083,0.1285,0.0078,0.1867,0.0156
1784801102.91,24,drive,2,0.5,5.0,4.217,25.09,33.67,0.0200,0.0865,0.0044,0.1070,0.0117,0.1065,0.0064,0.0210,0.1877,0.0210,0.1334,0.0024,0.2023,0.0064
1784801103.50,24,drive,0,0.75,5.0,4.217,25.09,33.67,0.0225,0.0870,0.0244,0.0978,0.0015,0.0885,0.0093,0.0073,0.2014,0.0112,0.1237,0.0239,0.1833,0.0137
1784801103.60,24,drive,1,0.75,5.0,4.217,25.09,33.67,0.0210,0.0894,0.0196,0.1012,0.0147,0.1129,0.0073,0.0249,0.1857,0.0147,0.1261,0.0034,0.1882,0.0196
1784801103.69,24,drive,2,0.75,5.0,4.217,25.09,33.67,0.0220,0.0943,0.0239,0.1075,0.0034,0.0850,0.0093,0.0083,0.1960,0.0132,0.1241,0.0147,0.1799,0.0225
1784801104.28,24,drive,0,1.0,5.0,4.217,25.09,33.67,0.0186,0.0909,0.0225,0.1007,0.0015,0.1012,0.0054,0.0137,0.2067,0.0132,0.1310,0.0176,0.1857,0.0327
1784801104.38,24,drive,1,1.0,5.0,4.217,25.09,33.67,0.0308,0.0904,0.0049,0.0968,0.0024,0.1012,0.0117,0.0088,0.1896,0.0103,0.1339,0.0279,0.1838,0.0010
1784801104.47,24,drive,2,1.0,5.0,4.217,25.09,33.67,0.0200,0.0904,0.0000,0.1017,0.0010,0.1002,0.0024,0.0020,0.1926,0.0049,0.1325,0.0034,0.1848,0.0010
1784801105.06,24,drive,0,1.25,5.0,4.217,25.09,33.67,0.0200,0.0890,0.0000,0.1061,0.0005,0.1012,0.0015,0.0049,0.1877,0.0088,0.1320,0.0024,0.1848,0.0005
1784801105.16,24,drive,1,1.25,5.0,4.217,25.09,33.67,0.0196,0.0914,0.0000,0.1051,0.0000,0.0992,0.0015,0.0020,0.1911,0.0059,0.1310,0.0020,0.1862,0.0000
1784801105.25,24,drive,2,1.25,5.0,4.217,25.09,33.67,0.0200,0.0909,0.0000,0.1026,0.0010,0.0987,0.0024,0.0034,0.1896,0.0093,0.1339,0.0024,0.1857,0.0000
1784801105.85,24,drive,0,1.5,5.0,4.217,25.09,33.67,0.0200,0.0894,0.0024,0.1080,0.0000,0.0919,0.0015,0.0010,0.1862,0.0078,0.1334,0.0020,0.1843,0.0000
1784801105.94,24,drive,1,1.5,5.0,4.217,25.09,33.67,0.0220,0.0880,0.0005,0.1075,0.0000,0.0909,0.0020,0.0015,0.1882,0.0044,0.1369,0.0024,0.1867,0.0005
1784801106.03,24,drive,2,1.5,5.0,4.217,25.09,33.67,0.0205,0.0914,0.0000,0.1129,0.0020,0.0914,0.0020,0.0000,0.1862,0.0044,0.1378,0.0024,0.1862,0.0015
1784801106.62,24,drive,0,1.75,5.0,4.217,25.09,33.67,0.0196,0.0875,0.0000,0.1065,0.0005,0.0929,0.0015,0.0029,0.1848,0.0059,0.1349,0.0029,0.1838,0.0010
1784801106.71,24,drive,1,1.75,5.0,4.217,25.09,33.67,0.0220,0.0885,0.0000,0.1070,0.0005,0.0899,0.0005,0.0005,0.1852,0.0054,0.1383,0.0054,0.1867,0.0000
1784801106.81,24,drive,2,1.75,5.0,4.217,25.09,33.67,0.0176,0.0890,0.0010,0.1095,0.0010,0.0890,0.0029,0.0005,0.1804,0.0083,0.1339,0.0044,0.1838,0.0010
1784801107.40,24,drive,0,2.0,5.0,4.217,25.09,33.67,0.0239,0.0890,0.0000,0.1065,0.0005,0.0904,0.0020,0.0000,0.1784,0.0068,0.1329,0.0005,0.1833,0.0005
1784801107.49,24,drive,1,2.0,5.0,4.217,25.09,33.67,0.0186,0.0846,0.0005,0.1061,0.0010,0.0865,0.0015,0.0010,0.1804,0.0054,0.1334,0.0044,0.1784,0.0000
1784801107.59,24,drive,2,2.0,5.0,4.217,25.09,33.67,0.0249,0.0885,0.0005,0.1051,0.0015,0.0850,0.0005,0.0000,0.1730,0.0039,0.1329,0.0024,0.1774,0.0010
1784801108.26,26,base,0,0.0,5.0,4.177,25.09,33.67,0.0171,0.0875,0.0005,0.1041,0.0000,0.1012,0.0005,0.0093,0.1891,0.0112,0.1256,0.0005,0.1862,0.0000
1784801108.35,26,base,1,0.0,5.0,4.177,25.09,33.67,0.0205,0.0894,0.0005,0.1012,0.0000,0.1041,0.0005,0.0054,0.1926,0.0137,0.1266,0.0020,0.1843,0.0000
1784801108.45,26,base,2,0.0,5.0,4.177,25.09,33.67,0.0171,0.0929,0.0000,0.0978,0.0005,0.1002,0.0024,0.0054,0.1867,0.0108,0.1251,0.0005,0.1857,0.0010
1784801109.03,26,drive,0,0.25,5.0,4.177,25.09,33.67,0.0205,0.0929,0.0005,0.0997,0.0000,0.1022,0.0029,0.0068,0.1911,0.0117,0.1237,0.0015,0.1862,0.0010
1784801109.13,26,drive,1,0.25,5.0,4.177,25.09,33.67,0.0225,0.0899,0.0000,0.1026,0.0010,0.1056,0.0029,0.0044,0.1901,0.0132,0.1246,0.0034,0.1843,0.0010
1784801109.22,26,drive,2,0.25,5.0,4.177,25.09,33.67,0.0200,0.0914,0.0005,0.1007,0.0005,0.1017,0.0015,0.0034,0.1896,0.0093,0.1251,0.0015,0.1848,0.0005
1784801109.81,26,drive,0,0.5,5.0,4.177,25.09,33.67,0.0230,0.0890,0.0010,0.1022,0.0015,0.0997,0.0039,0.0068,0.1916,0.0112,0.1276,0.0020,0.1838,0.0000
1784801109.90,26,drive,1,0.5,5.0,4.177,25.09,33.67,0.0205,0.0909,0.0005,0.1002,0.0000,0.1007,0.0024,0.0064,0.1887,0.0093,0.1295,0.0015,0.1838,0.0020
1784801110.00,26,drive,2,0.5,5.0,4.177,25.09,33.67,0.0181,0.0870,0.0010,0.0992,0.0020,0.0992,0.0029,0.0064,0.1872,0.0127,0.1271,0.0010,0.1804,0.0015
1784801110.59,26,drive,0,0.75,5.0,4.177,25.09,33.67,0.0215,0.0909,0.0000,0.1012,0.0005,0.0982,0.0015,0.0078,0.1896,0.0093,0.1349,0.0000,0.1857,0.0000
1784801110.68,26,drive,1,0.75,5.0,4.177,25.09,33.67,0.0200,0.0899,0.0000,0.0968,0.0015,0.0992,0.0020,0.0078,0.1921,0.0152,0.1320,0.0005,0.1823,0.0005
1784801110.78,26,drive,2,0.75,5.0,4.177,25.09,33.67,0.0200,0.0904,0.0005,0.0982,0.0005,0.0997,0.0010,0.0054,0.1921,0.0122,0.1339,0.0034,0.1813,0.0000
1784801111.37,26,drive,0,1.0,5.0,4.177,25.09,33.67,0.0205,0.0919,0.0015,0.0978,0.0005,0.0924,0.0024,0.0068,0.1921,0.0117,0.1408,0.0039,0.1774,0.0010
1784801111.46,26,drive,1,1.0,5.0,4.177,25.09,33.67,0.0225,0.0899,0.0000,0.1002,0.0000,0.0934,0.0005,0.0098,0.1877,0.0137,0.1364,0.0000,0.1833,0.0020
1784801111.56,26,drive,2,1.0,5.0,4.177,25.09,33.67,0.0225,0.0880,0.0000,0.0997,0.0000,0.0914,0.0010,0.0093,0.1891,0.0117,0.1408,0.0005,0.1804,0.0000
1784801112.15,26,drive,0,1.25,5.0,4.177,25.09,33.67,0.0181,0.0904,0.0000,0.0973,0.0000,0.0899,0.0029,0.0098,0.1887,0.0117,0.1496,0.0005,0.1804,0.0000
1784801112.24,26,drive,1,1.25,5.0,4.177,25.09,33.67,0.0181,0.0899,0.0000,0.1012,0.0000,0.0904,0.0015,0.0073,0.1940,0.0103,0.1457,0.0000,0.1799,0.0000
1784801112.34,26,drive,2,1.25,5.0,4.177,25.09,33.67,0.0171,0.0894,0.0000,0.0978,0.0010,0.0855,0.0029,0.0103,0.1926,0.0103,0.1481,0.0005,0.1794,0.0000
1784801112.93,26,drive,0,1.5,5.0,4.177,25.09,33.67,0.0230,0.0914,0.0000,0.0973,0.0000,0.0836,0.0000,0.0122,0.1950,0.0117,0.1574,0.0010,0.1794,0.0029
1784801113.02,26,drive,1,1.5,5.0,4.177,25.09,33.67,0.0176,0.0890,0.0000,0.1007,0.0000,0.0841,0.0029,0.0132,0.1950,0.0083,0.1564,0.0005,0.1769,0.0000
1784801113.12,26,drive,2,1.5,5.0,4.177,25.09,33.67,0.0205,0.0914,0.0000,0.0973,0.0005,0.0841,0.0005,0.0132,0.1979,0.0088,0.1544,0.0010,0.1784,0.0000
1784801113.71,26,drive,0,1.75,5.0,4.177,25.09,33.67,0.0230,0.0870,0.0010,0.0963,0.0000,0.0777,0.0000,0.0200,0.1994,0.0088,0.1672,0.0015,0.1755,0.0005
1784801113.80,26,drive,1,1.75,5.0,4.177,25.09,33.67,0.0205,0.0938,0.0000,0.0914,0.0010,0.0743,0.0005,0.0186,0.1999,0.0098,0.1672,0.0000,0.1769,0.0000
1784801113.90,26,drive,2,1.75,5.0,4.177,25.09,33.67,0.0225,0.0934,0.0000,0.0938,0.0000,0.0758,0.0000,0.0210,0.1999,0.0064,0.1696,0.0005,0.1735,0.0015
1784801114.49,26,drive,0,2.0,5.0,4.177,25.09,33.67,0.0200,0.0919,0.0010,0.0924,0.0000,0.0767,0.0010,0.0239,0.2038,0.0064,0.1720,0.0010,0.1730,0.0000
1784801114.59,26,drive,1,2.0,5.0,4.177,25.09,33.67,0.0200,0.0963,0.0005,0.0963,0.0005,0.0767,0.0010,0.0274,0.2028,0.0059,0.1725,0.0000,0.1755,0.0005
1784801114.68,26,drive,2,2.0,5.0,4.177,25.09,33.67,0.0244,0.0934,0.0010,0.0948,0.0005,0.0733,0.0000,0.0239,0.2053,0.0034,0.1716,0.0000,0.1740,0.0000
1784801115.34,34,base,0,0.0,5.0,4.197,25.09,33.68,0.0205,0.0924,0.0000,0.1017,0.0005,0.1026,0.0024,0.0034,0.1862,0.0137,0.1256,0.0024,0.1823,0.0010
1784801115.44,34,base,1,0.0,5.0,4.197,25.09,33.68,0.0220,0.0914,0.0005,0.0997,0.0000,0.1031,0.0029,0.0024,0.1882,0.0117,0.1241,0.0010,0.1843,0.0000
1784801115.53,34,base,2,0.0,5.0,4.197,25.09,33.68,0.0196,0.0963,0.0000,0.0987,0.0010,0.1022,0.0010,0.0049,0.1935,0.0142,0.1246,0.0010,0.1867,0.0000
1784801116.12,34,drive,0,0.25,5.0,4.197,25.09,33.68,0.0230,0.0904,0.0024,0.1046,0.0000,0.1026,0.0020,0.0068,0.1891,0.0108,0.1217,0.0010,0.1823,0.0000
1784801116.22,34,drive,1,0.25,5.0,4.197,25.09,33.68,0.0239,0.0938,0.0029,0.1046,0.0005,0.1041,0.0020,0.0054,0.1896,0.0108,0.1261,0.0005,0.1833,0.0000
1784801116.31,34,drive,2,0.25,5.0,4.197,25.09,33.68,0.0235,0.0909,0.0000,0.0973,0.0010,0.1017,0.0034,0.0059,0.1916,0.0112,0.1246,0.0015,0.1838,0.0005
1784801116.90,34,drive,0,0.5,5.0,4.197,25.09,33.68,0.0220,0.0919,0.0000,0.0987,0.0005,0.0997,0.0020,0.0039,0.1887,0.0112,0.1271,0.0020,0.1833,0.0005
1784801116.99,34,drive,1,0.5,5.0,4.197,25.09,33.68,0.0200,0.0919,0.0005,0.1017,0.0010,0.1007,0.0073,0.0064,0.1901,0.0117,0.1290,0.0020,0.1823,0.0000
1784801117.09,34,drive,2,0.5,5.0,4.197,25.09,33.68,0.0210,0.0909,0.0000,0.1017,0.0000,0.1026,0.0020,0.0044,0.1911,0.0083,0.1285,0.0024,0.1877,0.0005
1784801117.68,34,drive,0,0.75,5.0,4.197,25.09,33.68,0.0205,0.0938,0.0000,0.1061,0.0005,0.1002,0.0010,0.0015,0.1872,0.0088,0.1329,0.0034,0.1857,0.0000
1784801117.77,34,drive,1,0.75,5.0,4.197,25.09,33.68,0.0205,0.0894,0.0000,0.1002,0.0005,0.0953,0.0020,0.0029,0.1877,0.0088,0.1310,0.0029,0.1843,0.0000
1784801117.87,34,drive,2,0.75,5.0,4.197,25.09,33.68,0.0215,0.0894,0.0010,0.1022,0.0000,0.0934,0.0029,0.0049,0.1843,0.0073,0.1364,0.0020,0.1848,0.0000
1784801118.46,34,drive,0,1.0,5.0,4.197,25.09,33.68,0.0196,0.0909,0.0000,0.1065,0.0005,0.0924,0.0024,0.0024,0.1848,0.0088,0.1354,0.0039,0.1848,0.0000
1784801118.55,34,drive,1,1.0,5.0,4.197,25.09,33.68,0.0210,0.0914,0.0000,0.1041,0.0034,0.0885,0.0034,0.0000,0.1882,0.0078,0.1369,0.0015,0.1862,0.0005
1784801118.65,34,drive,2,1.0,5.0,4.197,25.09,33.68,0.0215,0.0909,0.0005,0.1036,0.0010,0.0914,0.0039,0.0044,0.1901,0.0078,0.1315,0.0039,0.1857,0.0044
1784801119.24,34,drive,0,1.25,5.0,4.197,25.09,33.68,0.0171,0.0904,0.0015,0.1022,0.0005,0.0880,0.0015,0.0020,0.1857,0.0098,0.1383,0.0010,0.1852,0.0005
1784801119.33,34,drive,1,1.25,5.0,4.197,25.09,33.68,0.0254,0.0914,0.0005,0.1002,0.0000,0.0865,0.0005,0.0010,0.1882,0.0088,0.1408,0.0029,0.1862,0.0029
1784801119.43,34,drive,2,1.25,5.0,4.197,25.09,33.68,0.0215,0.0885,0.0005,0.1061,0.0005,0.0890,0.0010,0.0010,0.1843,0.0068,0.1388,0.0029,0.1808,0.0024
1784801120.02,34,drive,0,1.5,5.0,4.197,25.09,33.68,0.0196,0.0909,0.0005,0.1022,0.0010,0.0792,0.0015,0.0015,0.1818,0.0054,0.1452,0.0015,0.1823,0.0015
1784801120.12,34,drive,1,1.5,5.0,4.197,25.09,33.68,0.0191,0.0938,0.0000,0.1041,0.0000,0.0787,0.0020,0.0010,0.1823,0.0034,0.1452,0.0010,0.1808,0.0020
1784801120.21,34,drive,2,1.5,5.0,4.197,25.09,33.68,0.0191,0.0894,0.0015,0.1056,0.0005,0.0792,0.0020,0.0015,0.1838,0.0024,0.1457,0.0015,0.1813,0.0024
1784801120.80,34,drive,0,1.75,5.0,4.197,25.09,33.68,0.0249,0.0929,0.0000,0.1070,0.0000,0.0709,0.0005,0.0000,0.1716,0.0034,0.1476,0.0034,0.1789,0.0000
1784801120.90,34,drive,1,1.75,5.0,4.197,25.09,33.68,0.0191,0.0880,0.0005,0.1051,0.0000,0.0699,0.0005,0.0010,0.1716,0.0024,0.1442,0.0024,0.1823,0.0015
1784801120.99,34,drive,2,1.75,5.0,4.197,25.09,33.68,0.0235,0.0938,0.0005,0.1080,0.0000,0.0748,0.0010,0.0010,0.1735,0.0015,0.1486,0.0024,0.1823,0.0005
1784801121.58,34,drive,0,2.0,5.0,4.197,25.09,33.68,0.0205,0.0934,0.0005,0.1051,0.0010,0.0714,0.0005,0.0005,0.1652,0.0005,0.1466,0.0015,0.1784,0.0039
1784801121.68,34,drive,1,2.0,5.0,4.197,25.09,33.68,0.0210,0.0904,0.0015,0.1056,0.0000,0.0723,0.0005,0.0000,0.1642,0.0005,0.1461,0.0024,0.1799,0.0015
1784801121.77,34,drive,2,2.0,5.0,4.197,25.09,33.68,0.0264,0.0929,0.0005,0.1031,0.0000,0.0684,0.0005,0.0005,0.1632,0.0024,0.1447,0.0010,0.1804,0.0000
1784801122.44,36,base,0,0.0,5.0,4.197,25.09,33.68,0.0200,0.0894,0.0015,0.0982,0.0005,0.1051,0.0039,0.0039,0.1891,0.0078,0.1256,0.0010,0.1833,0.0010
1784801122.54,36,base,1,0.0,5.0,4.197,25.09,33.68,0.0200,0.0919,0.0000,0.0987,0.0010,0.1026,0.0039,0.0054,0.1901,0.0112,0.1266,0.0005,0.1833,0.0010
1784801122.63,36,base,2,0.0,5.0,4.197,25.09,33.68,0.0181,0.0894,0.0000,0.0978,0.0005,0.1022,0.0039,0.0029,0.1921,0.0132,0.1241,0.0024,0.1808,0.0005
1784801123.22,36,drive,0,0.25,5.0,4.197,25.09,33.68,0.0200,0.0904,0.0010,0.0968,0.0000,0.1065,0.0039,0.0044,0.1887,0.0137,0.1256,0.0000,0.1867,0.0005
1784801123.31,36,drive,1,0.25,5.0,4.197,25.09,33.68,0.0200,0.0899,0.0000,0.0997,0.0005,0.1051,0.0034,0.0054,0.1877,0.0098,0.1261,0.0015,0.1848,0.0015
1784801123.41,36,drive,2,0.25,5.0,4.197,25.09,33.68,0.0186,0.0919,0.0000,0.0978,0.0005,0.1051,0.0034,0.0049,0.1926,0.0132,0.1276,0.0024,0.1828,0.0000
1784801124.00,36,drive,0,0.5,5.0,4.197,25.09,33.68,0.0196,0.0885,0.0010,0.1007,0.0000,0.0973,0.0044,0.0059,0.1916,0.0117,0.1237,0.0024,0.1848,0.0005
1784801124.10,36,drive,1,0.5,5.0,4.197,25.09,33.68,0.0235,0.0909,0.0000,0.1012,0.0000,0.1002,0.0015,0.0049,0.1921,0.0112,0.1256,0.0020,0.1857,0.0005
1784801124.19,36,drive,2,0.5,5.0,4.197,25.09,33.68,0.0196,0.0855,0.0005,0.0968,0.0000,0.0997,0.0020,0.0068,0.1887,0.0152,0.1261,0.0020,0.1867,0.0000
1784801124.77,36,drive,0,0.75,5.0,4.197,25.09,33.68,0.0215,0.0885,0.0000,0.1017,0.0010,0.0973,0.0029,0.0049,0.1896,0.0122,0.1295,0.0044,0.1857,0.0005
1784801124.87,36,drive,1,0.75,5.0,4.197,25.09,33.68,0.0225,0.0904,0.0015,0.0978,0.0005,0.0992,0.0029,0.0059,0.1926,0.0127,0.1300,0.0044,0.1872,0.0000
1784801124.96,36,drive,2,0.75,5.0,4.197,25.09,33.68,0.0205,0.0880,0.0010,0.0958,0.0000,0.1012,0.0010,0.0024,0.1960,0.0122,0.1295,0.0015,0.1857,0.0000
1784801125.56,36,drive,0,1.0,5.0,4.197,25.09,33.68,0.0181,0.0934,0.0010,0.0987,0.0010,0.1012,0.0024,0.0034,0.1911,0.0161,0.1305,0.0010,0.1862,0.0000
1784801125.65,36,drive,1,1.0,5.0,4.197,25.09,33.68,0.0210,0.0846,0.0029,0.0987,0.0039,0.0973,0.0005,0.0078,0.1931,0.0171,0.1295,0.0034,0.1848,0.0000
1784801125.74,36,drive,2,1.0,5.0,4.197,25.09,33.68,0.0239,0.0894,0.0005,0.0982,0.0000,0.0982,0.0000,0.0059,0.1940,0.0181,0.1344,0.0020,0.1857,0.0010
1784801126.33,36,drive,0,1.25,5.0,4.197,25.09,33.68,0.0225,0.0914,0.0020,0.0997,0.0010,0.0968,0.0024,0.0068,0.1916,0.0156,0.1383,0.0049,0.1867,0.0000
1784801126.43,36,drive,1,1.25,5.0,4.197,25.09,33.68,0.0186,0.0880,0.0020,0.0958,0.0000,0.0963,0.0034,0.0064,0.1901,0.0215,0.1403,0.0039,0.1862,0.0005
1784801126.52,36,drive,2,1.25,5.0,4.197,25.09,33.68,0.0239,0.0914,0.0010,0.0929,0.0005,0.0978,0.0015,0.0064,0.1935,0.0171,0.1378,0.0024,0.1867,0.0005
1784801127.11,36,drive,0,1.5,5.0,4.197,25.09,33.68,0.0200,0.0924,0.0005,0.0934,0.0000,0.0929,0.0015,0.0068,0.1901,0.0186,0.1461,0.0015,0.1862,0.0000
1784801127.21,36,drive,1,1.5,5.0,4.197,25.09,33.68,0.0176,0.0899,0.0010,0.0982,0.0000,0.0929,0.0044,0.0029,0.1935,0.0210,0.1466,0.0015,0.1828,0.0024
1784801127.30,36,drive,2,1.5,5.0,4.197,25.09,33.68,0.0205,0.0899,0.0010,0.0953,0.0000,0.0958,0.0029,0.0044,0.1926,0.0239,0.1437,0.0005,0.1867,0.0000
1784801127.89,36,drive,0,1.75,5.0,4.197,25.09,33.68,0.0220,0.0904,0.0005,0.0934,0.0005,0.0919,0.0020,0.0049,0.1901,0.0220,0.1574,0.0029,0.1872,0.0000
1784801127.98,36,drive,1,1.75,5.0,4.197,25.09,33.68,0.0210,0.0865,0.0000,0.0973,0.0000,0.0894,0.0010,0.0039,0.1916,0.0196,0.1613,0.0039,0.1852,0.0000
1784801128.08,36,drive,2,1.75,5.0,4.197,25.09,33.68,0.0181,0.0880,0.0005,0.0953,0.0000,0.0890,0.0029,0.0034,0.1887,0.0239,0.1574,0.0029,0.1843,0.0000
1784801128.66,36,drive,0,2.0,5.0,4.197,25.09,33.68,0.0200,0.0875,0.0000,0.0973,0.0000,0.0924,0.0015,0.0005,0.1882,0.0161,0.1667,0.0034,0.1857,0.0000
1784801128.76,36,drive,1,2.0,5.0,4.197,25.09,33.68,0.0235,0.0880,0.0005,0.0953,0.0000,0.0890,0.0015,0.0020,0.1901,0.0196,0.1647,0.0039,0.1862,0.0010
1784801128.85,36,drive,2,2.0,5.0,4.197,25.09,33.68,0.0205,0.0875,0.0005,0.0934,0.0000,0.0924,0.0010,0.0039,0.1921,0.0220,0.1647,0.0015,0.1848,0.0000
1784801129.51,37,base,0,0.0,5.0,4.217,25.09,33.69,0.0181,0.0919,0.0000,0.0982,0.0000,0.1017,0.0034,0.0039,0.1901,0.0078,0.1261,0.0015,0.1818,0.0010
1784801129.60,37,base,1,0.0,5.0,4.217,25.09,33.69,0.0186,0.0865,0.0005,0.1012,0.0000,0.1012,0.0024,0.0049,0.1911,0.0103,0.1232,0.0015,0.1862,0.0000
1784801129.70,37,base,2,0.0,5.0,4.217,25.09,33.69,0.0171,0.0890,0.0010,0.1007,0.0015,0.1036,0.0020,0.0059,0.1882,0.0093,0.1281,0.0005,0.1867,0.0000
1784801130.29,37,drive,0,0.25,5.0,4.217,25.09,33.69,0.0186,0.0924,0.0000,0.0973,0.0005,0.1031,0.0034,0.0039,0.1921,0.0112,0.1261,0.0010,0.1838,0.0005
1784801130.38,37,drive,1,0.25,5.0,4.217,25.09,33.69,0.0171,0.0919,0.0000,0.0992,0.0010,0.1017,0.0029,0.0064,0.1901,0.0127,0.1256,0.0015,0.1828,0.0000
1784801130.48,37,drive,2,0.25,5.0,4.217,25.09,33.69,0.0196,0.0904,0.0005,0.0992,0.0000,0.1017,0.0034,0.0039,0.1921,0.0098,0.1241,0.0034,0.1804,0.0000
1784801131.06,37,drive,0,0.5,5.0,4.217,25.09,33.69,0.0205,0.0894,0.0000,0.1017,0.0000,0.1065,0.0039,0.0044,0.1877,0.0103,0.1285,0.0020,0.1794,0.0005
1784801131.16,37,drive,1,0.5,5.0,4.217,25.09,33.69,0.0244,0.0919,0.0000,0.1026,0.0000,0.1075,0.0039,0.0073,0.1887,0.0108,0.1276,0.0015,0.1838,0.0000
1784801131.25,37,drive,2,0.5,5.0,4.217,25.09,33.69,0.0196,0.0875,0.0005,0.0982,0.0005,0.1056,0.0054,0.0059,0.1862,0.0142,0.1271,0.0005,0.1843,0.0005
1784801131.84,37,drive,0,0.75,5.0,4.217,25.09,33.69,0.0210,0.0904,0.0000,0.1002,0.0010,0.1056,0.0034,0.0039,0.1887,0.0093,0.1222,0.0010,0.1848,0.0005
1784801131.93,37,drive,1,0.75,5.0,4.217,25.09,33.69,0.0200,0.0948,0.0000,0.1041,0.0005,0.1046,0.0020,0.0049,0.1891,0.0088,0.1212,0.0029,0.1828,0.0005
1784801132.03,37,drive,2,0.75,5.0,4.217,25.09,33.69,0.0230,0.0885,0.0000,0.1007,0.0000,0.1046,0.0039,0.0054,0.1867,0.0103,0.1212,0.0015,0.1823,0.0000
1784801132.62,37,drive,0,1.0,5.0,4.217,25.09,33.69,0.0200,0.0909,0.0000,0.1017,0.0005,0.1085,0.0054,0.0039,0.1872,0.0093,0.1168,0.0015,0.1872,0.0000
1784801132.71,37,drive,1,1.0,5.0,4.217,25.09,33.69,0.0220,0.0919,0.0000,0.0992,0.0005,0.1041,0.0049,0.0064,0.1891,0.0073,0.1212,0.0015,0.1828,0.0010
1784801132.81,37,drive,2,1.0,5.0,4.217,25.09,33.69,0.0200,0.0924,0.0000,0.1046,0.0000,0.1080,0.0020,0.0059,0.1882,0.0073,0.1183,0.0005,0.1828,0.0015
1784801133.40,37,drive,0,1.25,5.0,4.217,25.09,33.69,0.0210,0.0890,0.0010,0.1046,0.0000,0.1100,0.0039,0.0049,0.1882,0.0103,0.1183,0.0020,0.1872,0.0005
1784801133.49,37,drive,1,1.25,5.0,4.217,25.09,33.69,0.0239,0.0836,0.0000,0.1065,0.0000,0.1090,0.0034,0.0024,0.1906,0.0108,0.1168,0.0005,0.1862,0.0000
1784801133.59,37,drive,2,1.25,5.0,4.217,25.09,33.69,0.0181,0.0924,0.0000,0.1031,0.0000,0.1061,0.0049,0.0093,0.1901,0.0078,0.1183,0.0020,0.1828,0.0000
1784801134.18,37,drive,0,1.5,5.0,4.217,25.09,33.69,0.0259,0.0929,0.0000,0.1061,0.0015,0.1090,0.0064,0.0088,0.1867,0.0122,0.1085,0.0015,0.1833,0.0000
1784801134.27,37,drive,1,1.5,5.0,4.217,25.09,33.69,0.0244,0.0938,0.0000,0.1031,0.0000,0.1124,0.0039,0.0098,0.1891,0.0112,0.1065,0.0020,0.1818,0.0000
1784801134.37,37,drive,2,1.5,5.0,4.217,25.09,33.69,0.0181,0.0978,0.0010,0.1070,0.0000,0.1105,0.0044,0.0098,0.1921,0.0098,0.1065,0.0029,0.1794,0.0005
1784801134.96,37,drive,0,1.75,5.0,4.217,25.09,33.69,0.0235,0.0885,0.0005,0.1065,0.0005,0.1144,0.0078,0.0098,0.1940,0.0152,0.0982,0.0010,0.1848,0.0000
1784801135.06,37,drive,1,1.75,5.0,4.217,25.09,33.69,0.0230,0.0948,0.0005,0.1070,0.0000,0.1129,0.0103,0.0093,0.1940,0.0156,0.0938,0.0005,0.1808,0.0000
1784801135.15,37,drive,2,1.75,5.0,4.217,25.09,33.69,0.0230,0.0958,0.0000,0.1031,0.0015,0.1114,0.0059,0.0093,0.1906,0.0161,0.0953,0.0044,0.1823,0.0049
1784801135.74,37,drive,0,2.0,5.0,4.217,25.09,33.69,0.0230,0.0899,0.0005,0.1090,0.0000,0.1114,0.0083,0.0142,0.1945,0.0235,0.0880,0.0005,0.1818,0.0010
1784801135.84,37,drive,1,2.0,5.0,4.217,25.09,33.69,0.0200,0.0929,0.0005,0.1100,0.0034,0.1144,0.0068,0.0191,0.1911,0.0225,0.0890,0.0005,0.1804,0.0010
1784801135.93,37,drive,2,2.0,5.0,4.217,25.09,33.69,0.0235,0.0943,0.0000,0.1061,0.0000,0.1124,0.0078,0.0132,0.1916,0.0235,0.0875,0.0024,0.1813,0.0000
1784801136.60,38,base,0,0.0,5.0,4.177,25.09,33.70,0.0239,0.0904,0.0000,0.1022,0.0000,0.1036,0.0024,0.0044,0.1887,0.0073,0.1217,0.0000,0.1828,0.0000
1784801136.69,38,base,1,0.0,5.0,4.177,25.09,33.70,0.0191,0.0885,0.0000,0.1002,0.0000,0.1026,0.0039,0.0059,0.1872,0.0103,0.1281,0.0015,0.1818,0.0000
1784801136.79,38,base,2,0.0,5.0,4.177,25.09,33.70,0.0230,0.0855,0.0000,0.1026,0.0010,0.1065,0.0044,0.0044,0.1906,0.0088,0.1276,0.0020,0.1852,0.0000
1784801137.37,38,drive,0,0.25,5.0,4.177,25.09,33.70,0.0186,0.0875,0.0005,0.0997,0.0000,0.1017,0.0044,0.0054,0.1891,0.0132,0.1261,0.0015,0.1808,0.0010
1784801137.47,38,drive,1,0.25,5.0,4.177,25.09,33.70,0.0196,0.0899,0.0000,0.0997,0.0000,0.1031,0.0024,0.0054,0.1877,0.0132,0.1222,0.0020,0.1828,0.0000
1784801137.56,38,drive,2,0.25,5.0,4.177,25.09,33.70,0.0259,0.0875,0.0000,0.0973,0.0005,0.1031,0.0024,0.0088,0.1891,0.0142,0.1241,0.0000,0.1852,0.0000
1784801138.15,38,drive,0,0.5,5.0,4.177,25.09,33.70,0.0205,0.0904,0.0010,0.0987,0.0020,0.1036,0.0015,0.0054,0.1901,0.0152,0.1241,0.0020,0.1838,0.0000
1784801138.25,38,drive,1,0.5,5.0,4.177,25.09,33.70,0.0249,0.0870,0.0010,0.0982,0.0005,0.1022,0.0024,0.0049,0.1906,0.0152,0.1246,0.0015,0.1818,0.0005
1784801138.34,38,drive,2,0.5,5.0,4.177,25.09,33.70,0.0215,0.0919,0.0000,0.0992,0.0005,0.1026,0.0039,0.0059,0.1906,0.0127,0.1246,0.0020,0.1852,0.0000
1784801138.94,38,drive,0,0.75,5.0,4.177,25.09,33.70,0.0220,0.0934,0.0000,0.1007,0.0005,0.1002,0.0020,0.0064,0.1906,0.0147,0.1261,0.0005,0.1828,0.0005
1784801139.03,38,drive,1,0.75,5.0,4.177,25.09,33.70,0.0196,0.0899,0.0005,0.1041,0.0015,0.1022,0.0020,0.0083,0.1877,0.0147,0.1261,0.0015,0.1799,0.0000
1784801139.12,38,drive,2,0.75,5.0,4.177,25.09,33.70,0.0225,0.0909,0.0010,0.0997,0.0020,0.1002,0.0020,0.0044,0.1882,0.0166,0.1266,0.0029,0.1852,0.0000
1784801139.72,38,drive,0,1.0,5.0,4.177,25.09,33.70,0.0210,0.0904,0.0005,0.1012,0.0000,0.0953,0.0034,0.0064,0.1906,0.0156,0.1300,0.0029,0.1862,0.0000
1784801139.81,38,drive,1,1.0,5.0,4.177,25.09,33.70,0.0235,0.0934,0.0000,0.0982,0.0005,0.1002,0.0015,0.0044,0.1911,0.0171,0.1271,0.0024,0.1872,0.0005
1784801139.91,38,drive,2,1.0,5.0,4.177,25.09,33.70,0.0186,0.0894,0.0000,0.1012,0.0000,0.1002,0.0039,0.0054,0.1906,0.0127,0.1281,0.0010,0.1872,0.0000
1784801140.50,38,drive,0,1.25,5.0,4.177,25.09,33.70,0.0215,0.0919,0.0005,0.0982,0.0020,0.1007,0.0015,0.0068,0.1935,0.0200,0.1300,0.0020,0.1852,0.0005
1784801140.59,38,drive,1,1.25,5.0,4.177,25.09,33.70,0.0235,0.0890,0.0005,0.0982,0.0000,0.0948,0.0049,0.0029,0.1935,0.0191,0.1295,0.0015,0.1828,0.0005
1784801140.69,38,drive,2,1.25,5.0,4.177,25.09,33.70,0.0215,0.0914,0.0005,0.1012,0.0005,0.0963,0.0010,0.0073,0.1931,0.0186,0.1271,0.0005,0.1852,0.0000
1784801141.28,38,drive,0,1.5,5.0,4.177,25.09,33.70,0.0220,0.0880,0.0010,0.0948,0.0000,0.0924,0.0024,0.0064,0.1955,0.0200,0.1378,0.0015,0.1852,0.0000
1784801141.37,38,drive,1,1.5,5.0,4.177,25.09,33.70,0.0235,0.0885,0.0005,0.0958,0.0005,0.0909,0.0024,0.0024,0.1926,0.0181,0.1325,0.0010,0.1848,0.0000
1784801141.47,38,drive,2,1.5,5.0,4.177,25.09,33.70,0.0230,0.0899,0.0000,0.1007,0.0015,0.0855,0.0010,0.0049,0.1935,0.0200,0.1359,0.0010,0.1862,0.0000
1784801142.06,38,drive,0,1.75,5.0,4.177,25.09,33.70,0.0210,0.0865,0.0000,0.0938,0.0015,0.0831,0.0020,0.0029,0.1935,0.0210,0.1437,0.0029,0.1857,0.0000
1784801142.15,38,drive,1,1.75,5.0,4.177,25.09,33.70,0.0235,0.0890,0.0010,0.0958,0.0005,0.0811,0.0024,0.0034,0.1926,0.0230,0.1408,0.0039,0.1862,0.0000
1784801142.25,38,drive,2,1.75,5.0,4.177,25.09,33.70,0.0215,0.0885,0.0010,0.0919,0.0000,0.0802,0.0020,0.0015,0.1926,0.0225,0.1442,0.0020,0.1852,0.0000
1784801142.84,38,drive,0,2.0,5.0,4.177,25.09,33.70,0.0196,0.0914,0.0000,0.0963,0.0000,0.0797,0.0015,0.0020,0.1931,0.0196,0.1491,0.0024,0.1833,0.0000
1784801142.93,38,drive,1,2.0,5.0,4.177,25.09,33.70,0.0239,0.0885,0.0000,0.0919,0.0005,0.0802,0.0020,0.0034,0.1887,0.0230,0.1510,0.0020,0.1823,0.0000
1784801143.03,38,drive,2,2.0,5.0,4.177,25.09,33.70,0.0205,0.0909,0.0000,0.0875,0.0010,0.0777,0.0010,0.0064,0.1906,0.0254,0.1525,0.0024,0.1857,0.0005
1784801143.69,39,base,0,0.0,5.0,4.197,25.09,33.71,0.0200,0.0894,0.0000,0.1012,0.0005,0.1070,0.0029,0.0064,0.1906,0.0127,0.1256,0.0005,0.1838,0.0000
1784801143.79,39,base,1,0.0,5.0,4.197,25.09,33.71,0.0210,0.0909,0.0010,0.0973,0.0005,0.1046,0.0049,0.0039,0.1896,0.0152,0.1232,0.0024,0.1823,0.0000
1784801143.88,39,base,2,0.0,5.0,4.197,25.09,33.71,0.0215,0.0880,0.0005,0.0992,0.0005,0.1046,0.0059,0.0064,0.1916,0.0088,0.1261,0.0010,0.1794,0.0005
1784801144.46,39,drive,0,0.25,5.0,4.197,25.09,33.71,0.0288,0.0894,0.0029,0.1080,0.0010,0.1046,0.0093,0.0083,0.1940,0.0137,0.1300,0.0015,0.1891,0.0029
1784801144.56,39,drive,1,0.25,5.0,4.197,25.09,33.71,0.0244,0.0919,0.0015,0.1046,0.0015,0.1056,0.0034,0.0098,0.1945,0.0166,0.1256,0.0044,0.1896,0.0010
1784801144.65,39,drive,2,0.25,5.0,4.197,25.09,33.71,0.0235,0.0924,0.0015,0.1046,0.0015,0.1075,0.0049,0.0073,0.1955,0.0142,0.1290,0.0034,0.1896,0.0015
1784801145.25,39,drive,0,0.5,5.0,4.197,25.09,33.71,0.0283,0.0973,0.0010,0.1075,0.0010,0.1036,0.0049,0.0078,0.1965,0.0166,0.1295,0.0039,0.1901,0.0010
1784801145.34,39,drive,1,0.5,5.0,4.197,25.09,33.71,0.0239,0.0953,0.0020,0.1065,0.0010,0.1100,0.0049,0.0078,0.1935,0.0132,0.1290,0.0010,0.1911,0.0054
1784801145.43,39,drive,2,0.5,5.0,4.197,25.09,33.71,0.0274,0.0934,0.0005,0.0997,0.0015,0.1065,0.0078,0.0068,0.1931,0.0161,0.1276,0.0044,0.1896,0.0024
1784801146.02,39,drive,0,0.75,5.0,4.197,25.09,33.71,0.0274,0.0919,0.0005,0.1046,0.0005,0.1070,0.0039,0.0068,0.1940,0.0152,0.1300,0.0068,0.1872,0.0029
1784801146.12,39,drive,1,0.75,5.0,4.197,25.09,33.71,0.0274,0.0934,0.0020,0.1061,0.0005,0.1085,0.0039,0.0039,0.1945,0.0152,0.1281,0.0039,0.1887,0.0044
1784801146.21,39,drive,2,0.75,5.0,4.197,25.09,33.71,0.0274,0.0958,0.0020,0.1065,0.0000,0.1085,0.0068,0.0068,0.1960,0.0132,0.1305,0.0039,0.1872,0.0024
1784801146.81,39,drive,0,1.0,5.0,4.197,25.09,33.71,0.0279,0.0943,0.0000,0.1056,0.0005,0.1065,0.0054,0.0059,0.1931,0.0142,0.1285,0.0020,0.1891,0.0024
1784801146.90,39,drive,1,1.0,5.0,4.197,25.09,33.71,0.0279,0.0943,0.0034,0.1046,0.0010,0.1065,0.0044,0.0064,0.1960,0.0152,0.1300,0.0054,0.1843,0.0024
1784801146.99,39,drive,2,1.0,5.0,4.197,25.09,33.71,0.0293,0.0924,0.0000,0.1051,0.0000,0.1105,0.0049,0.0073,0.1955,0.0142,0.1325,0.0034,0.1872,0.0005
1784801147.59,39,drive,0,1.25,5.0,4.197,25.09,33.71,0.0264,0.0919,0.0010,0.1046,0.0034,0.1041,0.0039,0.0068,0.1960,0.0156,0.1305,0.0029,0.1872,0.0024
1784801147.68,39,drive,1,1.25,5.0,4.197,25.09,33.71,0.0308,0.0880,0.0000,0.1036,0.0005,0.1090,0.0054,0.0073,0.1940,0.0156,0.1329,0.0024,0.1911,0.0020
1784801147.78,39,drive,2,1.25,5.0,4.197,25.09,33.71,0.0259,0.0958,0.0000,0.1041,0.0024,0.1026,0.0049,0.0083,0.1931,0.0137,0.1290,0.0039,0.1877,0.0029
1784801148.37,39,drive,0,1.5,5.0,4.197,25.09,33.71,0.0298,0.0924,0.0005,0.1036,0.0005,0.1095,0.0039,0.0073,0.1950,0.0166,0.1300,0.0034,0.1926,0.0015
1784801148.46,39,drive,1,1.5,5.0,4.197,25.09,33.71,0.0254,0.0958,0.0010,0.1041,0.0010,0.1075,0.0039,0.0083,0.1940,0.0161,0.1325,0.0024,0.1896,0.0005
1784801148.56,39,drive,2,1.5,5.0,4.197,25.09,33.71,0.0279,0.0963,0.0010,0.1046,0.0005,0.1085,0.0039,0.0088,0.1950,0.0176,0.1251,0.0039,0.1901,0.0024
1784801149.15,39,drive,0,1.75,5.0,4.197,25.09,33.71,0.0288,0.0938,0.0005,0.1075,0.0005,0.1105,0.0029,0.0093,0.1926,0.0122,0.1295,0.0054,0.1848,0.0029
1784801149.25,39,drive,1,1.75,5.0,4.197,25.09,33.71,0.0288,0.0968,0.0000,0.1036,0.0000,0.1061,0.0034,0.0078,0.1921,0.0152,0.1290,0.0044,0.1877,0.0015
1784801149.34,39,drive,2,1.75,5.0,4.197,25.09,33.71,0.0283,0.0938,0.0005,0.1036,0.0000,0.1070,0.0049,0.0078,0.1945,0.0171,0.1300,0.0020,0.1906,0.0015
1784801149.93,39,drive,0,2.0,5.0,4.197,25.09,33.71,0.0264,0.0943,0.0005,0.1036,0.0015,0.1041,0.0078,0.0064,0.1955,0.0147,0.1300,0.0029,0.1896,0.0029
1784801150.02,39,drive,1,2.0,5.0,4.197,25.09,33.71,0.0254,0.0968,0.0005,0.1022,0.0010,0.1070,0.0083,0.0083,0.1931,0.0152,0.1266,0.0034,0.1911,0.0024
1784801150.12,39,drive,2,2.0,5.0,4.197,25.09,33.71,0.0239,0.0948,0.0005,0.1041,0.0029,0.1061,0.0068,0.0064,0.1960,0.0161,0.1276,0.0034,0.1862,0.0015
1784801150.77,40,base,0,0.0,5.0,4.217,25.09,33.71,0.0200,0.0914,0.0000,0.1012,0.0000,0.1012,0.0034,0.0049,0.1867,0.0083,0.1281,0.0010,0.1852,0.0000
1784801150.87,40,base,1,0.0,5.0,4.217,25.09,33.71,0.0181,0.0934,0.0000,0.1002,0.0000,0.1031,0.0029,0.0039,0.1896,0.0132,0.1256,0.0005,0.1862,0.0005
1784801150.96,40,base,2,0.0,5.0,4.217,25.09,33.71,0.0200,0.0899,0.0005,0.1002,0.0000,0.1007,0.0029,0.0059,0.1891,0.0161,0.1237,0.0010,0.1877,0.0000
1784801151.56,40,drive,0,0.25,5.0,4.217,25.09,33.71,0.0225,0.0890,0.0005,0.1007,0.0000,0.1026,0.0049,0.0064,0.1906,0.0122,0.1246,0.0005,0.1838,0.0000
1784801151.65,40,drive,1,0.25,5.0,4.217,25.09,33.71,0.0191,0.0885,0.0000,0.1017,0.0000,0.1026,0.0029,0.0034,0.1901,0.0112,0.1246,0.0005,0.1823,0.0000
1784801151.75,40,drive,2,0.25,5.0,4.217,25.09,33.71,0.0191,0.0875,0.0000,0.1002,0.0005,0.1022,0.0015,0.0068,0.1896,0.0112,0.1281,0.0020,0.1843,0.0000
1784801152.34,40,drive,0,0.5,5.0,4.217,25.09,33.71,0.0235,0.0904,0.0000,0.1012,0.0000,0.1036,0.0034,0.0049,0.1867,0.0093,0.1266,0.0029,0.1833,0.0000
1784801152.43,40,drive,1,0.5,5.0,4.217,25.09,33.71,0.0210,0.0929,0.0005,0.1031,0.0000,0.1041,0.0029,0.0039,0.1931,0.0127,0.1237,0.0020,0.1872,0.0000
1784801152.53,40,drive,2,0.5,5.0,4.217,25.09,33.71,0.0205,0.0904,0.0005,0.1002,0.0000,0.1031,0.0029,0.0024,0.1882,0.0108,0.1246,0.0054,0.1838,0.0000
1784801153.12,40,drive,0,0.75,5.0,4.217,25.09,33.71,0.0244,0.0880,0.0015,0.0997,0.0000,0.0982,0.0024,0.0049,0.1877,0.0108,0.1281,0.0024,0.1848,0.0005
1784801153.21,40,drive,1,0.75,5.0,4.217,25.09,33.71,0.0191,0.0904,0.0005,0.0997,0.0005,0.1012,0.0024,0.0064,0.1887,0.0137,0.1290,0.0029,0.1838,0.0005
1784801153.31,40,drive,2,0.75,5.0,4.217,25.09,33.71,0.0220,0.0885,0.0000,0.0987,0.0000,0.1046,0.0039,0.0068,0.1877,0.0142,0.1305,0.0005,0.1828,0.0015
1784801153.90,40,drive,0,1.0,5.0,4.217,25.09,33.71,0.0244,0.0909,0.0000,0.1012,0.0010,0.1017,0.0029,0.0039,0.1911,0.0132,0.1295,0.0015,0.1872,0.0005
1784801154.00,40,drive,1,1.0,5.0,4.217,25.09,33.71,0.0239,0.0904,0.0010,0.0997,0.0010,0.1022,0.0015,0.0034,0.1916,0.0088,0.1325,0.0029,0.1833,0.0000
1784801154.09,40,drive,2,1.0,5.0,4.217,25.09,33.71,0.0244,0.0855,0.0000,0.1002,0.0000,0.1031,0.0034,0.0064,0.1945,0.0098,0.1329,0.0010,0.1852,0.0000
1784801154.67,40,drive,0,1.25,5.0,4.217,25.09,33.71,0.0230,0.0934,0.0005,0.0963,0.0010,0.1056,0.0059,0.0044,0.1916,0.0098,0.1354,0.0020,0.1852,0.0000
1784801154.77,40,drive,1,1.25,5.0,4.217,25.09,33.71,0.0220,0.0914,0.0005,0.1017,0.0000,0.1002,0.0034,0.0068,0.1911,0.0073,0.1378,0.0024,0.1852,0.0000
1784801154.86,40,drive,2,1.25,5.0,4.217,25.09,33.71,0.0196,0.0904,0.0005,0.0997,0.0000,0.1022,0.0039,0.0073,0.1911,0.0064,0.1359,0.0020,0.1852,0.0005
1784801155.46,40,drive,0,1.5,5.0,4.217,25.09,33.71,0.0196,0.0943,0.0000,0.0943,0.0005,0.0958,0.0064,0.0049,0.1931,0.0073,0.1393,0.0020,0.1848,0.0000
1784801155.55,40,drive,1,1.5,5.0,4.217,25.09,33.71,0.0181,0.0919,0.0000,0.0973,0.0005,0.0973,0.0024,0.0068,0.1945,0.0078,0.1388,0.0029,0.1852,0.0000
1784801155.64,40,drive,2,1.5,5.0,4.217,25.09,33.71,0.0176,0.0880,0.0000,0.0987,0.0034,0.0987,0.0024,0.0029,0.1887,0.0088,0.1408,0.0034,0.1867,0.0005
1784801156.24,40,drive,0,1.75,5.0,4.217,25.09,33.71,0.0166,0.0904,0.0005,0.0992,0.0000,0.0987,0.0064,0.0034,0.1940,0.0068,0.1408,0.0020,0.1872,0.0000
1784801156.33,40,drive,1,1.75,5.0,4.217,25.09,33.71,0.0181,0.0870,0.0010,0.0992,0.0015,0.0953,0.0039,0.0078,0.1921,0.0059,0.1452,0.0044,0.1848,0.0005
1784801156.43,40,drive,2,1.75,5.0,4.217,25.09,33.71,0.0191,0.0894,0.0024,0.1017,0.0000,0.0978,0.0015,0.0034,0.1931,0.0078,0.1442,0.0010,0.1891,0.0000
1784801157.02,40,drive,0,2.0,5.0,4.217,25.09,33.71,0.0200,0.0899,0.0000,0.1002,0.0005,0.0894,0.0044,0.0068,0.1926,0.0059,0.1447,0.0044,0.1857,0.0015
1784801157.11,40,drive,1,2.0,5.0,4.217,25.09,33.71,0.0205,0.0875,0.0015,0.1012,0.0000,0.0919,0.0029,0.0054,0.1916,0.0034,0.1500,0.0020,0.1891,0.0005
1784801157.21,40,drive,2,2.0,5.0,4.217,25.09,33.71,0.0230,0.0904,0.0000,0.1002,0.0024,0.0953,0.0029,0.0034,0.1921,0.0039,0.1471,0.0024,0.1877,0.0000
1784801157.87,48,base,0,0.0,5.0,4.197,25.09,33.72,0.0225,0.0875,0.0000,0.1002,0.0000,0.1046,0.0029,0.0054,0.1916,0.0122,0.1241,0.0005,0.1857,0.0000
1784801157.96,48,base,1,0.0,5.0,4.197,25.09,33.72,0.0200,0.0929,0.0000,0.1022,0.0005,0.1065,0.0054,0.0054,0.1911,0.0117,0.1276,0.0020,0.1857,0.0000
1784801158.06,48,base,2,0.0,5.0,4.197,25.09,33.72,0.0205,0.0885,0.0010,0.1017,0.0000,0.1022,0.0029,0.0044,0.1872,0.0112,0.1261,0.0010,0.1838,0.0049
1784801158.65,48,drive,0,0.25,5.0,4.197,25.09,33.72,0.0230,0.0890,0.0000,0.0997,0.0000,0.1070,0.0015,0.0054,0.1906,0.0122,0.1295,0.0005,0.1848,0.0000
1784801158.74,48,drive,1,0.25,5.0,4.197,25.09,33.72,0.0196,0.0894,0.0010,0.1022,0.0000,0.1022,0.0010,0.0034,0.1872,0.0108,0.1276,0.0044,0.1877,0.0000
1784801158.84,48,drive,2,0.25,5.0,4.197,25.09,33.72,0.0215,0.0914,0.0000,0.0992,0.0000,0.1026,0.0015,0.0044,0.1891,0.0088,0.1271,0.0010,0.1823,0.0000
1784801159.43,48,drive,0,0.5,5.0,4.197,25.09,33.72,0.0220,0.0919,0.0015,0.1022,0.0000,0.1007,0.0049,0.0044,0.1867,0.0103,0.1320,0.0024,0.1838,0.0000
1784801159.53,48,drive,1,0.5,5.0,4.197,25.09,33.72,0.0220,0.0924,0.0000,0.1017,0.0005,0.1022,0.0054,0.0015,0.1911,0.0093,0.1300,0.0024,0.1828,0.0000
1784801159.62,48,drive,2,0.5,5.0,4.197,25.09,33.72,0.0181,0.0894,0.0000,0.0973,0.0015,0.1007,0.0020,0.0049,0.1906,0.0083,0.1320,0.0020,0.1838,0.0000
1784801160.21,48,drive,0,0.75,5.0,4.197,25.09,33.72,0.0191,0.0953,0.0000,0.0992,0.0010,0.0982,0.0020,0.0054,0.1843,0.0103,0.1403,0.0029,0.1862,0.0015
1784801160.31,48,drive,1,0.75,5.0,4.197,25.09,33.72,0.0220,0.0934,0.0000,0.0963,0.0015,0.0973,0.0010,0.0015,0.1838,0.0098,0.1373,0.0029,0.1818,0.0000
1784801160.40,48,drive,2,0.75,5.0,4.197,25.09,33.72,0.0181,0.0914,0.0005,0.0997,0.0020,0.0963,0.0029,0.0034,0.1838,0.0078,0.1373,0.0020,0.1828,0.0010
1784801160.99,48,drive,0,1.0,5.0,4.197,25.09,33.72,0.0244,0.0909,0.0005,0.1031,0.0005,0.0958,0.0024,0.0005,0.1799,0.0064,0.1457,0.0015,0.1784,0.0000
1784801161.08,48,drive,1,1.0,5.0,4.197,25.09,33.72,0.0191,0.0914,0.0000,0.0992,0.0000,0.0992,0.0020,0.0015,0.1813,0.0083,0.1437,0.0000,0.1843,0.0005
1784801161.18,48,drive,2,1.0,5.0,4.197,25.09,33.72,0.0196,0.0948,0.0005,0.0963,0.0010,0.0953,0.0020,0.0015,0.1852,0.0068,0.1427,0.0029,0.1799,0.0005
1784801161.77,48,drive,0,1.25,5.0,4.197,25.09,33.72,0.0196,0.0909,0.0005,0.0997,0.0000,0.0953,0.0005,0.0010,0.1774,0.0029,0.1544,0.0015,0.1828,0.0005
1784801161.86,48,drive,1,1.25,5.0,4.197,25.09,33.72,0.0200,0.0904,0.0000,0.0982,0.0015,0.0978,0.0024,0.0024,0.1779,0.0039,0.1544,0.0029,0.1843,0.0000
1784801161.96,48,drive,2,1.25,5.0,4.197,25.09,33.72,0.0176,0.0919,0.0000,0.0973,0.0010,0.0973,0.0024,0.0015,0.1794,0.0049,0.1564,0.0034,0.1804,0.0010
1784801162.54,48,drive,0,1.5,5.0,4.197,25.09,33.72,0.0210,0.0924,0.0000,0.1022,0.0000,0.0894,0.0029,0.0000,0.1716,0.0020,0.1672,0.0010,0.1828,0.0015
1784801162.64,48,drive,1,1.5,5.0,4.197,25.09,33.72,0.0220,0.0904,0.0000,0.0982,0.0000,0.0934,0.0020,0.0010,0.1706,0.0020,0.1603,0.0010,0.1804,0.0000
1784801162.73,48,drive,2,1.5,5.0,4.197,25.09,33.72,0.0210,0.0894,0.0010,0.0987,0.0000,0.0948,0.0010,0.0000,0.1716,0.0020,0.1598,0.0015,0.1848,0.0000
1784801163.32,48,drive,0,1.75,5.0,4.197,25.09,33.72,0.0239,0.0924,0.0005,0.0982,0.0000,0.0914,0.0000,0.0000,0.1608,0.0015,0.1686,0.0015,0.1774,0.0000
1784801163.42,48,drive,1,1.75,5.0,4.197,25.09,33.72,0.0239,0.0919,0.0000,0.0992,0.0000,0.0904,0.0005,0.0000,0.1632,0.0010,0.1730,0.0010,0.1794,0.0005
1784801163.51,48,drive,2,1.75,5.0,4.197,25.09,33.72,0.0210,0.0938,0.0000,0.1002,0.0010,0.0909,0.0005,0.0000,0.1613,0.0000,0.1740,0.0024,0.1764,0.0010
1784801164.10,48,drive,0,2.0,5.0,4.197,25.09,33.72,0.0225,0.0909,0.0020,0.1007,0.0000,0.0899,0.0000,0.0000,0.1500,0.0024,0.1774,0.0024,0.1760,0.0000
1784801164.20,48,drive,1,2.0,5.0,4.197,25.09,33.72,0.0210,0.0943,0.0010,0.0968,0.0000,0.0963,0.0000,0.0005,0.1525,0.0020,0.1774,0.0015,0.1750,0.0010
1784801164.29,48,drive,2,2.0,5.0,4.197,25.09,33.72,0.0205,0.0992,0.0000,0.0997,0.0005,0.0943,0.0000,0.0000,0.1525,0.0000,0.1769,0.0010,0.1760,0.0010
1784801164.95,49,base,0,0.0,5.0,4.197,25.09,33.73,0.0176,0.0914,0.0010,0.1007,0.0010,0.1007,0.0015,0.0054,0.1911,0.0132,0.1266,0.0015,0.1882,0.0000
1784801165.05,49,base,1,0.0,5.0,4.197,25.09,33.73,0.0215,0.0904,0.0000,0.1022,0.0005,0.1026,0.0020,0.0054,0.1882,0.0142,0.1271,0.0020,0.1813,0.0010
1784801165.14,49,base,2,0.0,5.0,4.197,25.09,33.73,0.0235,0.0924,0.0010,0.1026,0.0005,0.1065,0.0039,0.0049,0.1911,0.0093,0.1276,0.0010,0.1823,0.0010
1784801165.73,49,drive,0,0.25,5.0,4.197,25.09,33.73,0.0225,0.0899,0.0005,0.1031,0.0000,0.1002,0.0034,0.0078,0.1887,0.0117,0.1266,0.0015,0.1857,0.0010
1784801165.83,49,drive,1,0.25,5.0,4.197,25.09,33.73,0.0215,0.0963,0.0000,0.1046,0.0000,0.1061,0.0073,0.0044,0.1896,0.0117,0.1246,0.0010,0.1838,0.0000
1784801165.92,49,drive,2,0.25,5.0,4.197,25.09,33.73,0.0196,0.0914,0.0005,0.0992,0.0005,0.1036,0.0039,0.0049,0.1921,0.0117,0.1261,0.0015,0.1838,0.0000
1784801166.51,49,drive,0,0.5,5.0,4.197,25.09,33.73,0.0205,0.0914,0.0000,0.0997,0.0010,0.1061,0.0059,0.0064,0.1935,0.0112,0.1271,0.0024,0.1882,0.0005
1784801166.60,49,drive,1,0.5,5.0,4.197,25.09,33.73,0.0225,0.0885,0.0005,0.1007,0.0005,0.1002,0.0024,0.0073,0.1896,0.0127,0.1246,0.0005,0.1862,0.0015
1784801166.70,49,drive,2,0.5,5.0,4.197,25.09,33.73,0.0225,0.0875,0.0000,0.1007,0.0000,0.1036,0.0020,0.0054,0.1916,0.0122,0.1329,0.0015,0.1843,0.0010
1784801167.28,49,drive,0,0.75,5.0,4.197,25.09,33.73,0.0166,0.0885,0.0010,0.0968,0.0010,0.1022,0.0034,0.0078,0.1940,0.0152,0.1315,0.0020,0.1857,0.0000
1784801167.38,49,drive,1,0.75,5.0,4.197,25.09,33.73,0.0205,0.0953,0.0005,0.0987,0.0000,0.1017,0.0024,0.0059,0.1931,0.0127,0.1334,0.0000,0.1848,0.0005
1784801167.47,49,drive,2,0.75,5.0,4.197,25.09,33.73,0.0235,0.0885,0.0020,0.0992,0.0024,0.0997,0.0049,0.0059,0.1916,0.0161,0.1320,0.0029,0.1848,0.0005
1784801168.06,49,drive,0,1.0,5.0,4.197,25.09,33.73,0.0239,0.0875,0.0000,0.0992,0.0005,0.0973,0.0044,0.0029,0.1945,0.0176,0.1369,0.0039,0.1808,0.0005
1784801168.16,49,drive,1,1.0,5.0,4.197,25.09,33.73,0.0230,0.0914,0.0000,0.1017,0.0000,0.0992,0.0010,0.0068,0.1926,0.0176,0.1359,0.0020,0.1862,0.0010
1784801168.25,49,drive,2,1.0,5.0,4.197,25.09,33.73,0.0196,0.0904,0.0015,0.0982,0.0000,0.1007,0.0034,0.0044,0.1945,0.0156,0.1334,0.0010,0.1877,0.0005
1784801168.84,49,drive,0,1.25,5.0,4.197,25.09,33.73,0.0225,0.0894,0.0010,0.0987,0.0034,0.0982,0.0054,0.0039,0.2004,0.0186,0.1417,0.0029,0.1857,0.0015
1784801168.94,49,drive,1,1.25,5.0,4.197,25.09,33.73,0.0191,0.0894,0.0000,0.0958,0.0005,0.0953,0.0049,0.0059,0.1940,0.0191,0.1413,0.0039,0.1808,0.0005
1784801169.03,49,drive,2,1.25,5.0,4.197,25.09,33.73,0.0215,0.0894,0.0005,0.1007,0.0000,0.0929,0.0039,0.0064,0.1906,0.0239,0.1432,0.0034,0.1857,0.0005
1784801169.63,49,drive,0,1.5,5.0,4.197,25.09,33.73,0.0205,0.0870,0.0010,0.0958,0.0005,0.0904,0.0054,0.0039,0.1940,0.0210,0.1535,0.0024,0.1877,0.0010
1784801169.72,49,drive,1,1.5,5.0,4.197,25.09,33.73,0.0230,0.0880,0.0000,0.0997,0.0000,0.0894,0.0059,0.0044,0.1950,0.0205,0.1554,0.0039,0.1843,0.0000
1784801169.82,49,drive,2,1.5,5.0,4.197,25.09,33.73,0.0200,0.0855,0.0000,0.0978,0.0000,0.0865,0.0083,0.0064,0.1916,0.0200,0.1564,0.0024,0.1882,0.0015
1784801170.41,49,drive,0,1.75,5.0,4.197,25.09,33.73,0.0264,0.0880,0.0005,0.0934,0.0010,0.0821,0.0049,0.0024,0.1926,0.0249,0.1720,0.0020,0.1828,0.0000
1784801170.50,49,drive,1,1.75,5.0,4.197,25.09,33.73,0.0220,0.0855,0.0000,0.0885,0.0020,0.0816,0.0059,0.0034,0.1935,0.0259,0.1667,0.0015,0.1848,0.0000
1784801170.60,49,drive,2,1.75,5.0,4.197,25.09,33.73,0.0210,0.0865,0.0005,0.0953,0.0005,0.0811,0.0088,0.0054,0.1931,0.0235,0.1667,0.0044,0.1862,0.0000
1784801171.19,49,drive,0,2.0,5.0,4.197,25.09,33.73,0.0225,0.0870,0.0005,0.0929,0.0000,0.0767,0.0073,0.0039,0.1921,0.0269,0.1784,0.0024,0.1804,0.0000
1784801171.28,49,drive,1,2.0,5.0,4.197,25.09,33.73,0.0239,0.0885,0.0005,0.0914,0.0005,0.0753,0.0059,0.0054,0.1896,0.0254,0.1784,0.0029,0.1764,0.0005
1784801171.38,49,drive,2,2.0,5.0,4.197,25.09,33.73,0.0254,0.0870,0.0010,0.0943,0.0005,0.0777,0.0044,0.0020,0.1891,0.0249,0.1784,0.0020,0.1823,0.0005
1784801172.05,50,base,0,0.0,5.0,4.197,25.09,33.73,0.0200,0.0904,0.0000,0.1026,0.0000,0.1056,0.0024,0.0039,0.1872,0.0073,0.1246,0.0024,0.1823,0.0005
1784801172.15,50,base,1,0.0,5.0,4.197,25.09,33.73,0.0186,0.0870,0.0000,0.1002,0.0005,0.1051,0.0054,0.0044,0.1877,0.0117,0.1251,0.0020,0.1828,0.0010
1784801172.24,50,base,2,0.0,5.0,4.197,25.09,33.73,0.0191,0.0870,0.0010,0.1007,0.0005,0.1017,0.0024,0.0049,0.1945,0.0127,0.1212,0.0010,0.1808,0.0000
1784801172.83,50,drive,0,0.25,5.0,4.197,25.09,33.73,0.0181,0.0899,0.0010,0.0997,0.0005,0.1022,0.0024,0.0049,0.1891,0.0117,0.1251,0.0020,0.1808,0.0020
1784801172.92,50,drive,1,0.25,5.0,4.197,25.09,33.73,0.0186,0.0904,0.0000,0.0987,0.0000,0.1056,0.0059,0.0039,0.1872,0.0132,0.1256,0.0010,0.1833,0.0015
1784801173.02,50,drive,2,0.25,5.0,4.197,25.09,33.73,0.0171,0.0894,0.0000,0.1041,0.0010,0.1036,0.0020,0.0083,0.1911,0.0093,0.1266,0.0029,0.1833,0.0000
1784801173.61,50,drive,0,0.5,5.0,4.197,25.09,33.73,0.0205,0.0909,0.0005,0.1022,0.0010,0.1007,0.0049,0.0044,0.1891,0.0088,0.1251,0.0000,0.1833,0.0005
1784801173.71,50,drive,1,0.5,5.0,4.197,25.09,33.73,0.0215,0.0919,0.0000,0.1002,0.0015,0.1031,0.0024,0.0039,0.1901,0.0103,0.1237,0.0020,0.1804,0.0000
1784801173.80,50,drive,2,0.5,5.0,4.197,25.09,33.73,0.0269,0.0899,0.0000,0.1026,0.0000,0.1041,0.0034,0.0049,0.1891,0.0093,0.1241,0.0015,0.1872,0.0000
1784801174.38,50,drive,0,0.75,5.0,4.197,25.09,33.73,0.0244,0.0875,0.0000,0.1046,0.0000,0.1065,0.0039,0.0044,0.1916,0.0088,0.1266,0.0000,0.1838,0.0000
1784801174.48,50,drive,1,0.75,5.0,4.197,25.09,33.73,0.0196,0.0890,0.0000,0.1046,0.0000,0.1031,0.0078,0.0034,0.1887,0.0083,0.1251,0.0020,0.1838,0.0000
1784801174.57,50,drive,2,0.75,5.0,4.197,25.09,33.73,0.0215,0.0948,0.0000,0.1046,0.0005,0.1046,0.0054,0.0059,0.1867,0.0049,0.1281,0.0024,0.1828,0.0010
1784801175.16,50,drive,0,1.0,5.0,4.197,25.09,33.73,0.0215,0.0899,0.0015,0.1046,0.0029,0.1095,0.0054,0.0049,0.1911,0.0068,0.1271,0.0010,0.1857,0.0000
1784801175.25,50,drive,1,1.0,5.0,4.197,25.09,33.73,0.0215,0.0919,0.0020,0.1065,0.0005,0.1090,0.0059,0.0039,0.1891,0.0088,0.1256,0.0015,0.1852,0.0000
1784801175.35,50,drive,2,1.0,5.0,4.197,25.09,33.73,0.0176,0.0850,0.0000,0.1046,0.0005,0.1065,0.0064,0.0059,0.1882,0.0064,0.1232,0.0010,0.1848,0.0000
1784801175.94,50,drive,0,1.25,5.0,4.197,25.09,33.73,0.0210,0.0899,0.0005,0.1100,0.0005,0.1105,0.0103,0.0039,0.1891,0.0054,0.1266,0.0024,0.1755,0.0000
1784801176.03,50,drive,1,1.25,5.0,4.197,25.09,33.73,0.0215,0.0938,0.0000,0.1105,0.0000,0.1114,0.0049,0.0078,0.1916,0.0034,0.1256,0.0020,0.1813,0.0020
1784801176.13,50,drive,2,1.25,5.0,4.197,25.09,33.73,0.0200,0.0929,0.0005,0.1105,0.0010,0.1075,0.0068,0.0029,0.1921,0.0044,0.1300,0.0010,0.1833,0.0010
1784801176.71,50,drive,0,1.5,5.0,4.197,25.09,33.73,0.0210,0.0914,0.0005,0.1144,0.0010,0.1090,0.0147,0.0049,0.1901,0.0039,0.1212,0.0010,0.1789,0.0005
1784801176.81,50,drive,1,1.5,5.0,4.197,25.09,33.73,0.0215,0.0929,0.0000,0.1144,0.0000,0.1105,0.0108,0.0044,0.1931,0.0015,0.1222,0.0015,0.1808,0.0005
1784801176.90,50,drive,2,1.5,5.0,4.197,25.09,33.73,0.0220,0.0943,0.0005,0.1124,0.0005,0.1095,0.0112,0.0029,0.1901,0.0010,0.1246,0.0044,0.1804,0.0000
1784801177.50,50,drive,0,1.75,5.0,4.197,25.09,33.73,0.0259,0.0904,0.0000,0.1193,0.0010,0.1144,0.0142,0.0034,0.1916,0.0049,0.1100,0.0000,0.1813,0.0000
1784801177.59,50,drive,1,1.75,5.0,4.197,25.09,33.73,0.0220,0.0909,0.0005,0.1197,0.0010,0.1100,0.0156,0.0054,0.1896,0.0049,0.1129,0.0005,0.1789,0.0015
1784801177.68,50,drive,2,1.75,5.0,4.197,25.09,33.73,0.0225,0.0968,0.0005,0.1178,0.0005,0.1109,0.0176,0.0029,0.1911,0.0064,0.1114,0.0020,0.1799,0.0000
1784801178.27,50,drive,0,2.0,5.0,4.197,25.09,33.73,0.0225,0.0909,0.0010,0.1193,0.0015,0.1075,0.0200,0.0064,0.1916,0.0088,0.0992,0.0024,0.1760,0.0000
1784801178.36,50,drive,1,2.0,5.0,4.197,25.09,33.73,0.0244,0.0929,0.0010,0.1188,0.0020,0.1056,0.0181,0.0083,0.1872,0.0103,0.1041,0.0015,0.1745,0.0000
1784801178.46,50,drive,2,2.0,5.0,4.197,25.09,33.73,0.0181,0.0948,0.0005,0.1202,0.0020,0.1056,0.0186,0.0049,0.1921,0.0073,0.1036,0.0034,0.1755,0.0005
1784801179.12,52,base,0,0.0,5.0,4.197,25.09,33.74,0.0200,0.0904,0.0000,0.1002,0.0005,0.1031,0.0034,0.0044,0.1896,0.0108,0.1251,0.0020,0.1828,0.0000
1784801179.21,52,base,1,0.0,5.0,4.197,25.09,33.74,0.0186,0.0885,0.0020,0.1026,0.0010,0.1036,0.0015,0.0068,0.1901,0.0127,0.1281,0.0020,0.1862,0.0000
1784801179.31,52,base,2,0.0,5.0,4.197,25.09,33.74,0.0210,0.0890,0.0005,0.0978,0.0000,0.1036,0.0029,0.0064,0.1872,0.0117,0.1227,0.0020,0.1852,0.0000
1784801179.90,52,drive,0,0.25,5.0,4.197,25.09,33.74,0.0200,0.0919,0.0000,0.1046,0.0000,0.1022,0.0015,0.0054,0.1931,0.0093,0.1276,0.0029,0.1848,0.0000
1784801179.99,52,drive,1,0.25,5.0,4.197,25.09,33.74,0.0254,0.0904,0.0005,0.0978,0.0000,0.1036,0.0029,0.0059,0.1848,0.0098,0.1232,0.0015,0.1857,0.0015
1784801180.08,52,drive,2,0.25,5.0,4.197,25.09,33.74,0.0210,0.0890,0.0005,0.1007,0.0005,0.1017,0.0034,0.0034,0.1882,0.0098,0.1266,0.0024,0.1887,0.0000
1784801180.68,52,drive,0,0.5,5.0,4.197,25.09,33.74,0.0220,0.0909,0.0000,0.0968,0.0005,0.0982,0.0029,0.0044,0.1906,0.0147,0.1197,0.0010,0.1852,0.0000
1784801180.77,52,drive,1,0.5,5.0,4.197,25.09,33.74,0.0205,0.0899,0.0005,0.0987,0.0020,0.0997,0.0020,0.0039,0.1901,0.0142,0.1207,0.0015,0.1833,0.0000
1784801180.86,52,drive,2,0.5,5.0,4.197,25.09,33.74,0.0205,0.0890,0.0000,0.0997,0.0000,0.0982,0.0044,0.0054,0.1887,0.0137,0.1193,0.0005,0.1857,0.0005
1784801181.46,52,drive,0,0.75,5.0,4.197,25.09,33.74,0.0215,0.0934,0.0005,0.1026,0.0000,0.0948,0.0020,0.0029,0.1935,0.0215,0.1080,0.0005,0.1848,0.0000
1784801181.55,52,drive,1,0.75,5.0,4.197,25.09,33.74,0.0215,0.0890,0.0010,0.0982,0.0000,0.0948,0.0029,0.0068,0.1901,0.0220,0.1090,0.0020,0.1843,0.0005
1784801181.65,52,drive,2,0.75,5.0,4.197,25.09,33.74,0.0171,0.0904,0.0039,0.1012,0.0000,0.0919,0.0034,0.0039,0.1882,0.0205,0.1105,0.0000,0.1848,0.0000
1784801182.24,52,drive,0,1.0,5.0,4.197,25.09,33.74,0.0225,0.0929,0.0010,0.0982,0.0000,0.0875,0.0029,0.0068,0.1901,0.0244,0.1031,0.0000,0.1843,0.0000
1784801182.33,52,drive,1,1.0,5.0,4.197,25.09,33.74,0.0225,0.0914,0.0029,0.0978,0.0000,0.0890,0.0044,0.0098,0.1916,0.0264,0.1017,0.0010,0.1848,0.0000
1784801182.43,52,drive,2,1.0,5.0,4.197,25.09,33.74,0.0181,0.0929,0.0029,0.0953,0.0010,0.0919,0.0049,0.0039,0.1882,0.0274,0.1022,0.0015,0.1794,0.0005
1784801183.02,52,drive,0,1.25,5.0,4.197,25.09,33.74,0.0191,0.0909,0.0000,0.0938,0.0010,0.0811,0.0029,0.0054,0.1896,0.0362,0.0934,0.0015,0.1828,0.0010
1784801183.12,52,drive,1,1.25,5.0,4.197,25.09,33.74,0.0215,0.0914,0.0000,0.0973,0.0005,0.0826,0.0024,0.0039,0.1896,0.0371,0.0943,0.0015,0.1848,0.0015
1784801183.21,52,drive,2,1.25,5.0,4.197,25.09,33.74,0.0220,0.0885,0.0015,0.0982,0.0024,0.0841,0.0049,0.0054,0.1882,0.0386,0.0968,0.0010,0.1818,0.0005
1784801183.80,52,drive,0,1.5,5.0,4.197,25.09,33.74,0.0230,0.0924,0.0005,0.0899,0.0015,0.0694,0.0010,0.0073,0.1891,0.0562,0.0831,0.0020,0.1818,0.0000
1784801183.90,52,drive,1,1.5,5.0,4.197,25.09,33.74,0.0210,0.0894,0.0000,0.0919,0.0000,0.0679,0.0015,0.0049,0.1921,0.0582,0.0860,0.0010,0.1857,0.0005
1784801183.99,52,drive,2,1.5,5.0,4.197,25.09,33.74,0.0239,0.0870,0.0000,0.0870,0.0020,0.0665,0.0015,0.0083,0.1916,0.0621,0.0826,0.0034,0.1799,0.0005
1784801184.58,52,drive,0,1.75,5.0,4.197,25.09,33.74,0.0230,0.0885,0.0000,0.0792,0.0005,0.0557,0.0024,0.0083,0.1916,0.0875,0.0865,0.0005,0.1833,0.0015
1784801184.67,52,drive,1,1.75,5.0,4.197,25.09,33.74,0.0205,0.0914,0.0010,0.0797,0.0005,0.0567,0.0024,0.0064,0.1931,0.0894,0.0836,0.0015,0.1896,0.0005
1784801184.76,52,drive,2,1.75,5.0,4.197,25.09,33.74,0.0205,0.0885,0.0000,0.0816,0.0015,0.0543,0.0039,0.0064,0.1891,0.0880,0.0860,0.0005,0.1862,0.0005
1784801185.36,52,drive,0,2.0,5.0,4.197,25.09,33.74,0.0215,0.0865,0.0010,0.0704,0.0029,0.0543,0.0024,0.0112,0.1901,0.1070,0.0958,0.0010,0.1921,0.0000
1784801185.45,52,drive,1,2.0,5.0,4.197,25.09,33.74,0.0205,0.0890,0.0000,0.0738,0.0020,0.0479,0.0044,0.0054,0.1891,0.1080,0.0958,0.0010,0.1896,0.0010
1784801185.55,52,drive,2,2.0,5.0,4.197,25.09,33.74,0.0220,0.0850,0.0024,0.0699,0.0024,0.0503,0.0034,0.0059,0.1921,0.1114,0.0924,0.0024,0.1896,0.0000
1784801186.20,53,base,0,0.0,5.0,4.197,25.09,33.74,0.0191,0.0890,0.0010,0.0997,0.0029,0.1022,0.0024,0.0034,0.1872,0.0122,0.1271,0.0010,0.1848,0.0000
1784801186.29,53,base,1,0.0,5.0,4.197,25.09,33.74,0.0200,0.0919,0.0000,0.0997,0.0000,0.1026,0.0034,0.0029,0.1867,0.0127,0.1290,0.0020,0.1872,0.0005
1784801186.39,53,base,2,0.0,5.0,4.197,25.09,33.74,0.0181,0.0909,0.0000,0.1022,0.0015,0.1026,0.0034,0.0088,0.1921,0.0083,0.1217,0.0020,0.1828,0.0015
1784801186.98,53,drive,0,0.25,5.0,4.197,25.09,33.74,0.0186,0.0880,0.0000,0.1022,0.0000,0.1012,0.0049,0.0068,0.1891,0.0127,0.1237,0.0010,0.1833,0.0010
1784801187.08,53,drive,1,0.25,5.0,4.197,25.09,33.74,0.0196,0.0924,0.0000,0.1012,0.0024,0.1022,0.0024,0.0049,0.1926,0.0083,0.1246,0.0020,0.1843,0.0000
1784801187.17,53,drive,2,0.25,5.0,4.197,25.09,33.74,0.0205,0.0914,0.0005,0.0987,0.0000,0.1041,0.0049,0.0059,0.1887,0.0117,0.1261,0.0024,0.1848,0.0005
1784801187.76,53,drive,0,0.5,5.0,4.197,25.09,33.74,0.0298,0.0938,0.0156,0.0885,0.0093,0.1193,0.0181,0.0132,0.1955,0.0298,0.1173,0.0098,0.1975,0.0112
1784801187.86,53,drive,1,0.5,5.0,4.197,25.09,33.74,0.0464,0.0841,0.0103,0.1080,0.0142,0.1041,0.0093,0.0308,0.1794,0.0186,0.1281,0.0137,0.1701,0.0127
1784801187.95,53,drive,2,0.5,5.0,4.197,25.09,33.74,0.0269,0.0836,0.0078,0.1046,0.0215,0.1188,0.0156,0.0254,0.1857,0.0142,0.1188,0.0205,0.1838,0.0112
1784801188.55,53,drive,0,0.75,5.0,4.197,25.09,33.74,0.0210,0.1129,0.0152,0.1222,0.0015,0.0982,0.0088,0.0093,0.1867,0.0230,0.1549,0.0274,0.1848,0.0176
1784801188.64,53,drive,1,0.75,5.0,4.197,25.09,33.74,0.0166,0.0914,0.0191,0.1085,0.0044,0.1134,0.0078,0.0156,0.1955,0.0064,0.1481,0.0083,0.1852,0.0200
1784801188.73,53,drive,2,0.75,5.0,4.197,25.09,33.74,0.0264,0.0855,0.0034,0.0924,0.0112,0.1046,0.0191,0.0166,0.1862,0.0381,0.1413,0.0049,0.1784,0.0059
1784801189.33,53,drive,0,1.0,5.0,4.197,25.09,33.74,0.0171,0.1036,0.0029,0.1065,0.0147,0.1134,0.0171,0.0093,0.1931,0.0142,0.1427,0.0044,0.1794,0.0083
1784801189.42,53,drive,1,1.0,5.0,4.197,25.09,33.74,0.0313,0.0875,0.0029,0.1095,0.0059,0.1129,0.0098,0.0098,0.1877,0.0152,0.1457,0.0044,0.1862,0.0020
1784801189.52,53,drive,2,1.0,5.0,4.197,25.09,33.74,0.0391,0.0865,0.0020,0.1109,0.0010,0.1207,0.0064,0.0073,0.1891,0.0098,0.1471,0.0078,0.1916,0.0020
1784801190.11,53,drive,0,1.25,5.0,4.197,25.09,33.74,0.0186,0.1031,0.0049,0.1080,0.0176,0.1271,0.0132,0.0288,0.1970,0.0083,0.1584,0.0049,0.1799,0.0205
1784801190.20,53,drive,1,1.25,5.0,4.197,25.09,33.74,0.0259,0.0924,0.0161,0.1134,0.0034,0.1334,0.0078,0.0068,0.1833,0.0020,0.1588,0.0098,0.1921,0.0122
1784801190.30,53,drive,2,1.25,5.0,4.197,25.09,33.74,0.0166,0.0953,0.0249,0.1046,0.0098,0.1202,0.0112,0.0161,0.1999,0.0059,0.1730,0.0073,0.1838,0.0230
1784801190.89,53,drive,0,1.5,5.0,4.197,25.09,33.74,0.0327,0.0909,0.0112,0.1153,0.0015,0.1452,0.0210,0.0073,0.1945,0.0068,0.1642,0.0108,0.1901,0.0068
1784801190.98,53,drive,1,1.5,5.0,4.197,25.09,33.74,0.0411,0.0875,0.0117,0.1036,0.0034,0.1290,0.0171,0.0098,0.1896,0.0176,0.1657,0.0161,0.1818,0.0049
1784801191.08,53,drive,2,1.5,5.0,4.197,25.09,33.74,0.0279,0.0909,0.0024,0.1163,0.0147,0.1315,0.0239,0.0166,0.1867,0.0142,0.1632,0.0112,0.1848,0.0029
1784801191.67,53,drive,0,1.75,5.0,4.197,25.09,33.74,0.0293,0.0938,0.0049,0.1207,0.0098,0.1422,0.0337,0.0166,0.1921,0.0039,0.1725,0.0088,0.1940,0.0171
1784801191.76,53,drive,1,1.75,5.0,4.197,25.09,33.74,0.0254,0.0919,0.0068,0.1261,0.0196,0.1413,0.0342,0.0171,0.1984,0.0112,0.1716,0.0161,0.1774,0.0083
1784801191.86,53,drive,2,1.75,5.0,4.197,25.09,33.74,0.0298,0.0880,0.0068,0.1212,0.0166,0.1369,0.0239,0.0176,0.1950,0.0064,0.1725,0.0200,0.1862,0.0049
1784801192.45,53,drive,0,2.0,5.0,4.197,25.09,33.74,0.0254,0.0973,0.0147,0.1334,0.0181,0.1457,0.0401,0.0264,0.1979,0.0044,0.1696,0.0083,0.1764,0.0068
1784801192.54,53,drive,1,2.0,5.0,4.197,25.09,33.74,0.0244,0.0860,0.0078,0.1329,0.0244,0.1378,0.0474,0.0122,0.1916,0.0132,0.1711,0.0269,0.1794,0.0015
1784801192.64,53,drive,2,2.0,5.0,4.197,25.09,33.74,0.0254,0.0978,0.0049,0.1354,0.0122,0.1466,0.0455,0.0088,0.1940,0.0103,0.1877,0.0127,0.1901,0.0044
1784801193.31,54,base,0,0.0,5.0,4.197,25.09,33.75,0.0152,0.0841,0.0147,0.1012,0.0142,0.1095,0.0068,0.0161,0.1926,0.0112,0.1237,0.0044,0.1965,0.0117
1784801193.40,54,base,1,0.0,5.0,4.197,25.09,33.75,0.0239,0.0870,0.0093,0.1075,0.0064,0.1041,0.0147,0.0166,0.1833,0.0078,0.1354,0.0176,0.1828,0.0108
1784801193.50,54,base,2,0.0,5.0,4.197,25.09,33.75,0.0293,0.0978,0.0064,0.1065,0.0108,0.0958,0.0073,0.0127,0.1808,0.0137,0.1261,0.0254,0.1813,0.0010
1784801194.09,54,drive,0,0.25,5.0,4.197,25.09,33.75,0.0244,0.0934,0.0098,0.0870,0.0098,0.1065,0.0083,0.0166,0.1926,0.0098,0.1261,0.0156,0.1872,0.0122
1784801194.18,54,drive,1,0.25,5.0,4.197,25.09,33.75,0.0269,0.0934,0.0108,0.0938,0.0044,0.1017,0.0181,0.0161,0.1848,0.0279,0.1271,0.0078,0.1808,0.0064
1784801194.28,54,drive,2,0.25,5.0,4.197,25.09,33.75,0.0235,0.0875,0.0142,0.1065,0.0098,0.1046,0.0073,0.0166,0.1828,0.0239,0.1271,0.0024,0.1877,0.0083
1784801194.87,54,drive,0,0.5,5.0,4.197,25.09,33.75,0.0337,0.0904,0.0103,0.1031,0.0098,0.1012,0.0088,0.0176,0.1848,0.0112,0.1300,0.0152,0.1808,0.0181
1784801194.97,54,drive,1,0.5,5.0,4.197,25.09,33.75,0.0127,0.0919,0.0083,0.1051,0.0117,0.1119,0.0161,0.0103,0.1960,0.0215,0.1251,0.0054,0.1794,0.0083
1784801195.06,54,drive,2,0.5,5.0,4.197,25.09,33.75,0.0230,0.1056,0.0049,0.1031,0.0122,0.0992,0.0132,0.0156,0.1862,0.0196,0.1271,0.0059,0.1882,0.0088
1784801195.65,54,drive,0,0.75,5.0,4.197,25.09,33.75,0.0269,0.0938,0.0015,0.1017,0.0073,0.0997,0.0156,0.0176,0.1887,0.0166,0.1378,0.0093,0.1906,0.0020
1784801195.75,54,drive,1,0.75,5.0,4.197,25.09,33.75,0.0239,0.0958,0.0088,0.1070,0.0059,0.0909,0.0152,0.0098,0.1945,0.0117,0.1276,0.0132,0.1799,0.0098
1784801195.84,54,drive,2,0.75,5.0,4.197,25.09,33.75,0.0200,0.0943,0.0108,0.0948,0.0044,0.1134,0.0103,0.0181,0.1999,0.0205,0.1285,0.0044,0.1891,0.0103
1784801196.43,54,drive,0,1.0,5.0,4.197,25.09,33.75,0.0259,0.0904,0.0127,0.1007,0.0068,0.0997,0.0142,0.0108,0.1862,0.0200,0.1329,0.0181,0.1833,0.0152
1784801196.52,54,drive,1,1.0,5.0,4.197,25.09,33.75,0.0200,0.0924,0.0112,0.1012,0.0039,0.1075,0.0235,0.0127,0.1857,0.0230,0.1369,0.0093,0.1769,0.0078
1784801196.62,54,drive,2,1.0,5.0,4.197,25.09,33.75,0.0200,0.0934,0.0117,0.1036,0.0122,0.0963,0.0078,0.0137,0.1774,0.0152,0.1427,0.0064,0.1774,0.0103
1784801197.21,54,drive,0,1.25,5.0,4.197,25.09,33.75,0.0279,0.0934,0.0191,0.1022,0.0064,0.0948,0.0235,0.0068,0.1872,0.0220,0.1369,0.0132,0.1760,0.0068
1784801197.30,54,drive,1,1.25,5.0,4.197,25.09,33.75,0.0137,0.0899,0.0054,0.0997,0.0132,0.1124,0.0068,0.0142,0.1901,0.0254,0.1398,0.0073,0.1867,0.0108
1784801197.40,54,drive,2,1.25,5.0,4.197,25.09,33.75,0.0269,0.0894,0.0034,0.1017,0.0059,0.0909,0.0137,0.0137,0.1960,0.0122,0.1403,0.0205,0.1764,0.0039
1784801197.99,54,drive,0,1.5,5.0,4.197,25.09,33.75,0.0367,0.0890,0.0112,0.1012,0.0083,0.0997,0.0112,0.0103,0.1843,0.0161,0.1549,0.0098,0.1935,0.0068
1784801198.08,54,drive,1,1.5,5.0,4.197,25.09,33.75,0.0308,0.1022,0.0088,0.0982,0.0098,0.0806,0.0205,0.0044,0.1916,0.0108,0.1564,0.0073,0.1940,0.0147
1784801198.17,54,drive,2,1.5,5.0,4.197,25.09,33.75,0.0308,0.0890,0.0078,0.1105,0.0039,0.0885,0.0098,0.0112,0.1935,0.0293,0.1584,0.0108,0.1833,0.0088
1784801198.77,54,drive,0,1.75,5.0,4.197,25.09,33.75,0.0235,0.0846,0.0137,0.1085,0.0112,0.0914,0.0093,0.0083,0.1838,0.0205,0.1505,0.0142,0.1828,0.0093
1784801198.86,54,drive,1,1.75,5.0,4.197,25.09,33.75,0.0293,0.1002,0.0152,0.1129,0.0093,0.0860,0.0049,0.0039,0.1823,0.0191,0.1598,0.0108,0.1935,0.0068
1784801198.96,54,drive,2,1.75,5.0,4.197,25.09,33.75,0.0279,0.0914,0.0078,0.1002,0.0098,0.0880,0.0108,0.0088,0.1755,0.0225,0.1608,0.0073,0.1701,0.0117
1784801199.55,54,drive,0,2.0,5.0,4.197,25.09,33.75,0.0274,0.1026,0.0010,0.1114,0.0024,0.0875,0.0156,0.0034,0.1794,0.0083,0.1628,0.0112,0.1857,0.0034
1784801199.64,54,drive,1,2.0,5.0,4.197,25.09,33.75,0.0166,0.0997,0.0010,0.1090,0.0220,0.0850,0.0142,0.0015,0.1804,0.0137,0.1672,0.0044,0.1764,0.0078
1784801199.74,54,drive,2,2.0,5.0,4.197,25.09,33.75,0.0225,0.0924,0.0049,0.1100,0.0181,0.0797,0.0088,0.0259,0.1735,0.0244,0.1579,0.0029,0.1686,0.0088
1784801200.41,63,base,0,0.0,5.0,4.197,25.09,33.76,0.0239,0.0777,0.0103,0.1022,0.0205,0.1051,0.0020,0.0303,0.1828,0.0117,0.1295,0.0010,0.1887,0.0029
1784801200.50,63,base,1,0.0,5.0,4.197,25.09,33.76,0.0176,0.0914,0.0020,0.1026,0.0044,0.1114,0.0024,0.0088,0.1877,0.0108,0.1349,0.0034,0.1882,0.0078
1784801200.60,63,base,2,0.0,5.0,4.197,25.09,33.76,0.0235,0.0978,0.0005,0.0850,0.0049,0.1007,0.0239,0.0029,0.1833,0.0142,0.1212,0.0191,0.1784,0.0000
1784801201.19,63,drive,0,0.25,5.0,4.197,25.09,33.76,0.0323,0.0855,0.0010,0.1012,0.0029,0.1031,0.0137,0.0098,0.1862,0.0166,0.1227,0.0137,0.1882,0.0005
1784801201.28,63,drive,1,0.25,5.0,4.197,25.09,33.76,0.0186,0.1007,0.0010,0.0948,0.0039,0.0992,0.0259,0.0078,0.1945,0.0264,0.1281,0.0064,0.1808,0.0049
1784801201.37,63,drive,2,0.25,5.0,4.197,25.09,33.76,0.0196,0.0885,0.0176,0.0997,0.0152,0.1046,0.0078,0.0215,0.1906,0.0127,0.1163,0.0034,0.1867,0.0239
1784801201.96,63,drive,0,0.5,5.0,4.197,25.09,33.76,0.0191,0.0938,0.0078,0.1026,0.0244,0.1022,0.0029,0.0235,0.1891,0.0112,0.1320,0.0044,0.1862,0.0127
1784801202.05,63,drive,1,0.5,5.0,4.197,25.09,33.76,0.0235,0.0870,0.0039,0.0904,0.0137,0.1041,0.0279,0.0152,0.1877,0.0425,0.1256,0.0034,0.1774,0.0049
1784801202.15,63,drive,2,0.5,5.0,4.197,25.09,33.76,0.0210,0.0958,0.0024,0.0963,0.0068,0.1026,0.0376,0.0127,0.1882,0.0298,0.1217,0.0034,0.1769,0.0054
1784801202.73,63,drive,0,0.75,5.0,4.197,25.09,33.76,0.0196,0.0924,0.0205,0.1114,0.0049,0.1075,0.0073,0.0230,0.1906,0.0093,0.1305,0.0132,0.1823,0.0200
1784801202.83,63,drive,1,0.75,5.0,4.197,25.09,33.76,0.0239,0.0909,0.0039,0.0982,0.0122,0.1046,0.0215,0.0176,0.1867,0.0406,0.1256,0.0015,0.1823,0.0029
1784801202.92,63,drive,2,0.75,5.0,4.197,25.09,33.76,0.0362,0.0860,0.0024,0.0919,0.0039,0.1036,0.0313,0.0117,0.1940,0.0269,0.1251,0.0088,0.1764,0.0015
1784801203.51,63,drive,0,1.0,5.0,4.197,25.09,33.76,0.0279,0.0890,0.0083,0.1149,0.0020,0.1095,0.0127,0.0088,0.1833,0.0122,0.1232,0.0274,0.1828,0.0005
1784801203.60,63,drive,1,1.0,5.0,4.197,25.09,33.76,0.0205,0.0924,0.0005,0.1061,0.0010,0.1065,0.0029,0.0049,0.1911,0.0073,0.1202,0.0034,0.1828,0.0010
1784801203.70,63,drive,2,1.0,5.0,4.197,25.09,33.76,0.0239,0.0904,0.0000,0.1065,0.0005,0.1070,0.0039,0.0054,0.1921,0.0068,0.1197,0.0015,0.1843,0.0005
1784801204.29,63,drive,0,1.25,5.0,4.197,25.09,33.76,0.0215,0.0919,0.0010,0.1080,0.0005,0.1051,0.0093,0.0083,0.1950,0.0068,0.1193,0.0020,0.1818,0.0000
1784801204.39,63,drive,1,1.25,5.0,4.197,25.09,33.76,0.0215,0.0904,0.0015,0.1041,0.0005,0.1051,0.0068,0.0068,0.1906,0.0049,0.1202,0.0015,0.1808,0.0020
1784801204.48,63,drive,2,1.25,5.0,4.197,25.09,33.76,0.0235,0.0919,0.0005,0.1041,0.0000,0.1056,0.0073,0.0083,0.1926,0.0083,0.1193,0.0010,0.1799,0.0000
1784801205.07,63,drive,0,1.5,5.0,4.197,25.09,33.76,0.0200,0.0924,0.0000,0.1080,0.0005,0.1012,0.0098,0.0054,0.1931,0.0049,0.1129,0.0000,0.1808,0.0005
1784801205.17,63,drive,1,1.5,5.0,4.197,25.09,33.76,0.0215,0.0904,0.0010,0.1061,0.0010,0.1031,0.0049,0.0059,0.1916,0.0059,0.1109,0.0015,0.1799,0.0010
1784801205.26,63,drive,2,1.5,5.0,4.197,25.09,33.76,0.0210,0.0894,0.0000,0.1080,0.0005,0.1007,0.0083,0.0049,0.1921,0.0044,0.1095,0.0000,0.1774,0.0010
1784801205.85,63,drive,0,1.75,5.0,4.197,25.09,33.76,0.0191,0.0934,0.0000,0.1070,0.0020,0.0973,0.0083,0.0044,0.1945,0.0122,0.0978,0.0005,0.1789,0.0005
1784801205.95,63,drive,1,1.75,5.0,4.197,25.09,33.76,0.0249,0.0890,0.0005,0.1075,0.0005,0.0997,0.0108,0.0103,0.1950,0.0171,0.0958,0.0020,0.1774,0.0020
1784801206.04,63,drive,2,1.75,5.0,4.197,25.09,33.76,0.0196,0.0914,0.0005,0.1061,0.0020,0.0992,0.0093,0.0088,0.1935,0.0137,0.1007,0.0020,0.1784,0.0020
1784801206.63,63,drive,0,2.0,5.0,4.197,25.09,33.76,0.0230,0.0914,0.0010,0.1017,0.0005,0.0943,0.0098,0.0059,0.1940,0.0205,0.0899,0.0024,0.1808,0.0000
1784801206.73,63,drive,1,2.0,5.0,4.197,25.09,33.76,0.0220,0.0899,0.0029,0.1051,0.0010,0.0938,0.0108,0.0059,0.1975,0.0205,0.0880,0.0015,0.1799,0.0005
1784801206.82,63,drive,2,2.0,5.0,4.197,25.09,33.76,0.0196,0.0880,0.0005,0.1026,0.0005,0.0948,0.0103,0.0049,0.1940,0.0239,0.0894,0.0000,0.1764,0.0010
1784801207.49,80,base,0,0.0,5.0,4.137,25.09,33.76,0.0191,0.0909,0.0000,0.1002,0.0000,0.1041,0.0024,0.0083,0.1935,0.0117,0.1251,0.0039,0.1833,0.0010
1784801207.59,80,base,1,0.0,5.0,4.137,25.09,33.76,0.0171,0.0894,0.0000,0.0997,0.0005,0.1017,0.0039,0.0059,0.1891,0.0137,0.1232,0.0029,0.1848,0.0000
1784801207.68,80,base,2,0.0,5.0,4.137,25.09,33.76,0.0171,0.0890,0.0005,0.1036,0.0000,0.1070,0.0029,0.0044,0.1872,0.0108,0.1256,0.0010,0.1848,0.0005
1784801208.27,80,drive,0,0.25,5.0,4.137,25.09,33.76,0.0205,0.0914,0.0000,0.1012,0.0005,0.1026,0.0029,0.0044,0.1887,0.0137,0.1256,0.0010,0.1848,0.0000
1784801208.36,80,drive,1,0.25,5.0,4.137,25.09,33.76,0.0200,0.0875,0.0005,0.1017,0.0015,0.1031,0.0015,0.0049,0.1901,0.0108,0.1246,0.0015,0.1857,0.0000
1784801208.46,80,drive,2,0.25,5.0,4.137,25.09,33.76,0.0186,0.0929,0.0000,0.1026,0.0000,0.0982,0.0024,0.0049,0.1891,0.0112,0.1246,0.0020,0.1818,0.0000
1784801209.05,80,drive,0,0.5,5.0,4.137,25.09,33.76,0.0205,0.0934,0.0000,0.0987,0.0005,0.1012,0.0049,0.0068,0.1882,0.0122,0.1339,0.0034,0.1838,0.0044
1784801209.15,80,drive,1,0.5,5.0,4.137,25.09,33.76,0.0210,0.0929,0.0005,0.1007,0.0005,0.1026,0.0044,0.0059,0.1872,0.0093,0.1320,0.0010,0.1828,0.0000
1784801209.24,80,drive,2,0.5,5.0,4.137,25.09,33.76,0.0220,0.0894,0.0010,0.0992,0.0000,0.1012,0.0039,0.0039,0.1891,0.0108,0.1349,0.0039,0.1823,0.0000
1784801209.83,80,drive,0,0.75,5.0,4.137,25.09,33.76,0.0225,0.0894,0.0005,0.1017,0.0000,0.0978,0.0029,0.0039,0.1877,0.0054,0.1413,0.0010,0.1828,0.0010
1784801209.92,80,drive,1,0.75,5.0,4.137,25.09,33.76,0.0215,0.0899,0.0010,0.0992,0.0000,0.0987,0.0054,0.0044,0.1843,0.0054,0.1417,0.0029,0.1848,0.0000
1784801210.02,80,drive,2,0.75,5.0,4.137,25.09,33.76,0.0181,0.0899,0.0034,0.0963,0.0005,0.1017,0.0049,0.0049,0.1867,0.0083,0.1408,0.0010,0.1862,0.0000
1784801210.61,80,drive,0,1.0,5.0,4.137,25.09,33.76,0.0230,0.0914,0.0000,0.0987,0.0000,0.0982,0.0024,0.0049,0.1838,0.0039,0.1452,0.0010,0.1838,0.0000
1784801210.70,80,drive,1,1.0,5.0,4.137,25.09,33.76,0.0171,0.0860,0.0010,0.1022,0.0000,0.0948,0.0049,0.0024,0.1862,0.0034,0.1491,0.0024,0.1828,0.0005
1784801210.80,80,drive,2,1.0,5.0,4.137,25.09,33.76,0.0200,0.0899,0.0000,0.0978,0.0000,0.1017,0.0029,0.0049,0.1838,0.0049,0.1457,0.0024,0.1833,0.0029
1784801211.39,80,drive,0,1.25,5.0,4.137,25.09,33.76,0.0205,0.0929,0.0005,0.0987,0.0020,0.0948,0.0039,0.0024,0.1857,0.0015,0.1564,0.0020,0.1838,0.0005
1784801211.48,80,drive,1,1.25,5.0,4.137,25.09,33.76,0.0205,0.0909,0.0005,0.0982,0.0000,0.0943,0.0039,0.0064,0.1843,0.0020,0.1579,0.0000,0.1799,0.0005
1784801211.58,80,drive,2,1.25,5.0,4.137,25.09,33.76,0.0210,0.0929,0.0000,0.0992,0.0000,0.0943,0.0064,0.0039,0.1882,0.0005,0.1554,0.0010,0.1808,0.0015
1784801212.16,80,drive,0,1.5,5.0,4.137,25.09,33.76,0.0205,0.0904,0.0005,0.0973,0.0000,0.0875,0.0049,0.0049,0.1852,0.0000,0.1662,0.0015,0.1828,0.0000
1784801212.26,80,drive,1,1.5,5.0,4.137,25.09,33.76,0.0196,0.0914,0.0000,0.0982,0.0010,0.0865,0.0078,0.0073,0.1843,0.0010,0.1628,0.0010,0.1843,0.0015
1784801212.35,80,drive,2,1.5,5.0,4.137,25.09,33.76,0.0200,0.0890,0.0000,0.0973,0.0005,0.0865,0.0054,0.0054,0.1867,0.0005,0.1667,0.0010,0.1852,0.0000
1784801212.95,80,drive,0,1.75,5.0,4.137,25.09,33.76,0.0181,0.0880,0.0010,0.0968,0.0010,0.0797,0.0059,0.0103,0.1852,0.0000,0.1720,0.0015,0.1852,0.0005
1784801213.04,80,drive,1,1.75,5.0,4.137,25.09,33.76,0.0186,0.0914,0.0010,0.0953,0.0015,0.0782,0.0049,0.0083,0.1877,0.0000,0.1760,0.0010,0.1867,0.0000
1784801213.13,80,drive,2,1.75,5.0,4.137,25.09,33.76,0.0225,0.0894,0.0000,0.0982,0.0000,0.0777,0.0064,0.0098,0.1901,0.0005,0.1784,0.0005,0.1784,0.0000
1784801213.72,80,drive,0,2.0,5.0,4.137,25.09,33.76,0.0239,0.0865,0.0005,0.1007,0.0000,0.0704,0.0029,0.0156,0.1852,0.0000,0.1735,0.0029,0.1852,0.0000
1784801213.82,80,drive,1,2.0,5.0,4.137,25.09,33.76,0.0196,0.0904,0.0005,0.0943,0.0000,0.0714,0.0029,0.0147,0.1867,0.0010,0.1755,0.0005,0.1838,0.0005
1784801213.91,80,drive,2,2.0,5.0,4.137,25.09,33.76,0.0230,0.0855,0.0000,0.1017,0.0000,0.0694,0.0049,0.0127,0.1901,0.0010,0.1760,0.0024,0.1852,0.0000
1784801214.58,81,base,0,0.0,5.0,4.197,25.09,33.77,0.0196,0.0899,0.0005,0.0992,0.0010,0.1041,0.0039,0.0044,0.1891,0.0112,0.1246,0.0015,0.1867,0.0010
1784801214.67,81,base,1,0.0,5.0,4.197,25.09,33.77,0.0254,0.0880,0.0000,0.0997,0.0000,0.1017,0.0020,0.0064,0.1887,0.0093,0.1251,0.0005,0.1843,0.0029
1784801214.76,81,base,2,0.0,5.0,4.197,25.09,33.77,0.0205,0.0875,0.0005,0.1012,0.0000,0.1022,0.0044,0.0064,0.1848,0.0127,0.1261,0.0015,0.1833,0.0005
1784801215.36,81,drive,0,0.25,5.0,4.197,25.09,33.77,0.0220,0.0899,0.0000,0.0978,0.0005,0.1065,0.0054,0.0029,0.1896,0.0098,0.1227,0.0024,0.1808,0.0000
1784801215.45,81,drive,1,0.25,5.0,4.197,25.09,33.77,0.0186,0.0885,0.0000,0.1017,0.0010,0.1056,0.0010,0.0068,0.1887,0.0122,0.1281,0.0029,0.1848,0.0005
1784801215.55,81,drive,2,0.25,5.0,4.197,25.09,33.77,0.0205,0.0904,0.0000,0.1056,0.0000,0.1026,0.0020,0.0059,0.1891,0.0078,0.1261,0.0010,0.1843,0.0000
1784801216.14,81,drive,0,0.5,5.0,4.197,25.09,33.77,0.0200,0.0870,0.0010,0.1022,0.0015,0.1036,0.0024,0.0059,0.1901,0.0152,0.1173,0.0029,0.1882,0.0000
1784801216.24,81,drive,1,0.5,5.0,4.197,25.09,33.77,0.0176,0.0909,0.0000,0.1002,0.0000,0.1046,0.0010,0.0073,0.1921,0.0147,0.1222,0.0029,0.1872,0.0020
1784801216.33,81,drive,2,0.5,5.0,4.197,25.09,33.77,0.0215,0.0850,0.0010,0.0987,0.0005,0.1051,0.0010,0.0059,0.1887,0.0142,0.1227,0.0020,0.1857,0.0000
1784801216.92,81,drive,0,0.75,5.0,4.197,25.09,33.77,0.0196,0.0919,0.0005,0.1017,0.0000,0.1061,0.0024,0.0049,0.1931,0.0210,0.1124,0.0020,0.1838,0.0010
1784801217.02,81,drive,1,0.75,5.0,4.197,25.09,33.77,0.0225,0.0943,0.0010,0.1022,0.0005,0.1061,0.0029,0.0064,0.1950,0.0196,0.1144,0.0010,0.1843,0.0000
1784801217.11,81,drive,2,0.75,5.0,4.197,25.09,33.77,0.0186,0.0924,0.0024,0.0997,0.0000,0.1070,0.0015,0.0039,0.1926,0.0215,0.1153,0.0039,0.1852,0.0000
1784801217.70,81,drive,0,1.0,5.0,4.197,25.09,33.77,0.0186,0.0924,0.0015,0.1036,0.0005,0.1075,0.0034,0.0064,0.1935,0.0249,0.1056,0.0029,0.1867,0.0000
1784801217.80,81,drive,1,1.0,5.0,4.197,25.09,33.77,0.0210,0.0909,0.0000,0.1036,0.0020,0.1056,0.0034,0.0049,0.1940,0.0283,0.1080,0.0015,0.1818,0.0005
1784801217.89,81,drive,2,1.0,5.0,4.197,25.09,33.77,0.0196,0.0924,0.0000,0.1017,0.0015,0.1041,0.0049,0.0039,0.1921,0.0259,0.1075,0.0029,0.1843,0.0005
1784801218.48,81,drive,0,1.25,5.0,4.197,25.09,33.77,0.0254,0.0924,0.0000,0.1036,0.0005,0.1153,0.0039,0.0064,0.1950,0.0347,0.1051,0.0015,0.1887,0.0010
1784801218.57,81,drive,1,1.25,5.0,4.197,25.09,33.77,0.0181,0.0924,0.0005,0.1036,0.0005,0.1158,0.0015,0.0039,0.1926,0.0371,0.1041,0.0029,0.1808,0.0005
1784801218.67,81,drive,2,1.25,5.0,4.197,25.09,33.77,0.0225,0.0894,0.0000,0.1031,0.0000,0.1144,0.0054,0.0098,0.1931,0.0367,0.1017,0.0015,0.1848,0.0010
1784801219.25,81,drive,0,1.5,5.0,4.197,25.09,33.77,0.0239,0.0953,0.0015,0.1114,0.0005,0.1202,0.0054,0.0039,0.1950,0.0494,0.0958,0.0020,0.1828,0.0005
1784801219.35,81,drive,1,1.5,5.0,4.197,25.09,33.77,0.0215,0.0929,0.0000,0.1017,0.0010,0.1168,0.0039,0.0054,0.1945,0.0538,0.0968,0.0015,0.1852,0.0005
1784801219.44,81,drive,2,1.5,5.0,4.197,25.09,33.77,0.0220,0.0914,0.0000,0.1041,0.0000,0.1173,0.0049,0.0059,0.1901,0.0508,0.0982,0.0005,0.1867,0.0005
1784801220.04,81,drive,0,1.75,5.0,4.197,25.09,33.77,0.0235,0.0948,0.0000,0.1026,0.0000,0.1285,0.0103,0.0044,0.1945,0.0787,0.0992,0.0015,0.1843,0.0000
1784801220.13,81,drive,1,1.75,5.0,4.197,25.09,33.77,0.0244,0.0929,0.0000,0.1056,0.0015,0.1295,0.0098,0.0059,0.1931,0.0758,0.0958,0.0029,0.1852,0.0000
1784801220.22,81,drive,2,1.75,5.0,4.197,25.09,33.77,0.0200,0.0934,0.0010,0.1046,0.0005,0.1295,0.0088,0.0034,0.1955,0.0772,0.0992,0.0020,0.1852,0.0000
1784801220.81,81,drive,0,2.0,5.0,4.197,25.09,33.77,0.0215,0.0968,0.0000,0.1051,0.0034,0.1320,0.0108,0.0068,0.1935,0.0958,0.1041,0.0020,0.1891,0.0010
1784801220.90,81,drive,1,2.0,5.0,4.197,25.09,33.77,0.0220,0.0982,0.0000,0.1022,0.0005,0.1334,0.0152,0.0044,0.1935,0.0938,0.1041,0.0005,0.1843,0.0005
1784801221.00,81,drive,2,2.0,5.0,4.197,25.09,33.77,0.0235,0.0968,0.0010,0.1017,0.0024,0.1325,0.0132,0.0054,0.1926,0.0948,0.1061,0.0034,0.1833,0.0005
1784801221.67,83,base,0,0.0,5.0,4.237,25.09,33.78,0.0200,0.0890,0.0000,0.1036,0.0000,0.1002,0.0044,0.0034,0.1891,0.0122,0.1285,0.0020,0.1799,0.0000
1784801221.76,83,base,1,0.0,5.0,4.237,25.09,33.78,0.0200,0.0938,0.0000,0.1031,0.0000,0.1022,0.0049,0.0064,0.1906,0.0127,0.1246,0.0020,0.1848,0.0000
1784801221.86,83,base,2,0.0,5.0,4.237,25.09,33.78,0.0161,0.0894,0.0000,0.0987,0.0010,0.0973,0.0039,0.0044,0.1896,0.0122,0.1256,0.0020,0.1857,0.0000
1784801222.45,83,drive,0,0.25,5.0,4.237,25.09,33.78,0.0196,0.0890,0.0010,0.1017,0.0005,0.1041,0.0020,0.0068,0.1911,0.0098,0.1241,0.0005,0.1857,0.0000
1784801222.54,83,drive,1,0.25,5.0,4.237,25.09,33.78,0.0176,0.0904,0.0005,0.1041,0.0000,0.1026,0.0015,0.0034,0.1891,0.0093,0.1237,0.0015,0.1852,0.0000
1784801222.64,83,drive,2,0.25,5.0,4.237,25.09,33.78,0.0196,0.0914,0.0010,0.0982,0.0000,0.1017,0.0039,0.0039,0.1911,0.0093,0.1276,0.0024,0.1838,0.0000
1784801223.22,83,drive,0,0.5,5.0,4.237,25.09,33.78,0.0235,0.0899,0.0000,0.1051,0.0015,0.1036,0.0024,0.0078,0.1852,0.0161,0.1256,0.0015,0.1843,0.0000
1784801223.32,83,drive,1,0.5,5.0,4.237,25.09,33.78,0.0191,0.0919,0.0005,0.1012,0.0005,0.1051,0.0024,0.0044,0.1901,0.0122,0.1241,0.0015,0.1857,0.0000
1784801223.41,83,drive,2,0.5,5.0,4.237,25.09,33.78,0.0191,0.0870,0.0015,0.1036,0.0000,0.1031,0.0024,0.0064,0.1872,0.0137,0.1241,0.0000,0.1848,0.0005
1784801224.01,83,drive,0,0.75,5.0,4.237,25.09,33.78,0.0196,0.0909,0.0015,0.1012,0.0005,0.1002,0.0034,0.0064,0.1882,0.0147,0.1237,0.0034,0.1823,0.0000
1784801224.10,83,drive,1,0.75,5.0,4.237,25.09,33.78,0.0191,0.0894,0.0015,0.0968,0.0010,0.1007,0.0064,0.0068,0.1882,0.0127,0.1237,0.0010,0.1848,0.0005
1784801224.20,83,drive,2,0.75,5.0,4.237,25.09,33.78,0.0215,0.0890,0.0000,0.1017,0.0000,0.1051,0.0020,0.0059,0.1872,0.0147,0.1227,0.0020,0.1872,0.0000
1784801224.79,83,drive,0,1.0,5.0,4.237,25.09,33.78,0.0215,0.0904,0.0005,0.0982,0.0005,0.1036,0.0054,0.0064,0.1896,0.0122,0.1251,0.0010,0.1823,0.0000
1784801224.88,83,drive,1,1.0,5.0,4.237,25.09,33.78,0.0225,0.0880,0.0000,0.1012,0.0000,0.1017,0.0034,0.0068,0.1901,0.0112,0.1281,0.0029,0.1872,0.0000
1784801224.98,83,drive,2,1.0,5.0,4.237,25.09,33.78,0.0230,0.0904,0.0005,0.1022,0.0010,0.1017,0.0039,0.0034,0.1867,0.0166,0.1232,0.0024,0.1804,0.0000
1784801225.57,83,drive,0,1.25,5.0,4.237,25.09,33.78,0.0200,0.0841,0.0000,0.1002,0.0000,0.1056,0.0029,0.0068,0.1882,0.0137,0.1266,0.0005,0.1833,0.0039
1784801225.66,83,drive,1,1.25,5.0,4.237,25.09,33.78,0.0244,0.0880,0.0005,0.0992,0.0000,0.1056,0.0049,0.0064,0.1911,0.0137,0.1266,0.0015,0.1838,0.0005
1784801225.76,83,drive,2,1.25,5.0,4.237,25.09,33.78,0.0259,0.0890,0.0005,0.0992,0.0005,0.1056,0.0020,0.0034,0.1901,0.0142,0.1276,0.0000,0.1838,0.0005
1784801226.34,83,drive,0,1.5,5.0,4.237,25.09,33.78,0.0205,0.0894,0.0000,0.0987,0.0010,0.1026,0.0044,0.0044,0.1921,0.0156,0.1325,0.0024,0.1848,0.0000
1784801226.44,83,drive,1,1.5,5.0,4.237,25.09,33.78,0.0210,0.0914,0.0000,0.1002,0.0000,0.1041,0.0054,0.0049,0.1906,0.0147,0.1285,0.0015,0.1857,0.0005
1784801226.53,83,drive,2,1.5,5.0,4.237,25.09,33.78,0.0196,0.0919,0.0000,0.1012,0.0000,0.1051,0.0029,0.0054,0.1911,0.0137,0.1315,0.0010,0.1852,0.0005
1784801227.12,83,drive,0,1.75,5.0,4.237,25.09,33.78,0.0235,0.0943,0.0010,0.0997,0.0005,0.1046,0.0049,0.0054,0.1872,0.0147,0.1325,0.0015,0.1818,0.0010
1784801227.22,83,drive,1,1.75,5.0,4.237,25.09,33.78,0.0220,0.0890,0.0000,0.0982,0.0000,0.1056,0.0054,0.0073,0.1906,0.0152,0.1295,0.0015,0.1823,0.0000
1784801227.31,83,drive,2,1.75,5.0,4.237,25.09,33.78,0.0186,0.0904,0.0005,0.0987,0.0005,0.1002,0.0054,0.0068,0.1887,0.0142,0.1334,0.0034,0.1843,0.0000
1784801227.90,83,drive,0,2.0,5.0,4.237,25.09,33.78,0.0205,0.0924,0.0020,0.1012,0.0000,0.1031,0.0049,0.0083,0.1901,0.0117,0.1310,0.0029,0.1799,0.0010
1784801228.00,83,drive,1,2.0,5.0,4.237,25.09,33.78,0.0200,0.0894,0.0005,0.0992,0.0000,0.1051,0.0034,0.0068,0.1916,0.0137,0.1339,0.0005,0.1848,0.0000
1784801228.09,83,drive,2,2.0,5.0,4.237,25.09,33.78,0.0225,0.0934,0.0000,0.1002,0.0005,0.1036,0.0049,0.0054,0.1901,0.0142,0.1320,0.0015,0.1862,0.0010
1784801228.76,86,base,0,0.0,5.0,4.197,25.09,33.78,0.0171,0.0899,0.0000,0.1007,0.0000,0.1046,0.0039,0.0049,0.1896,0.0127,0.1251,0.0015,0.1828,0.0000
1784801228.86,86,base,1,0.0,5.0,4.197,25.09,33.78,0.0225,0.0894,0.0000,0.0982,0.0000,0.1026,0.0044,0.0068,0.1921,0.0103,0.1295,0.0029,0.1887,0.0015
1784801228.95,86,base,2,0.0,5.0,4.197,25.09,33.78,0.0215,0.0904,0.0000,0.0978,0.0000,0.1041,0.0029,0.0039,0.1911,0.0112,0.1227,0.0034,0.1852,0.0000
1784801229.54,86,drive,0,0.25,5.0,4.197,25.09,33.78,0.0244,0.0914,0.0000,0.1022,0.0010,0.1012,0.0029,0.0039,0.1906,0.0108,0.1251,0.0020,0.1867,0.0000
1784801229.63,86,drive,1,0.25,5.0,4.197,25.09,33.78,0.0191,0.0924,0.0000,0.1041,0.0000,0.1017,0.0034,0.0039,0.1921,0.0093,0.1261,0.0020,0.1828,0.0000
1784801229.73,86,drive,2,0.25,5.0,4.197,25.09,33.78,0.0210,0.0919,0.0000,0.0992,0.0005,0.1041,0.0059,0.0059,0.1887,0.0093,0.1305,0.0024,0.1843,0.0000
1784801230.32,86,drive,0,0.5,5.0,4.197,25.09,33.78,0.0220,0.0929,0.0010,0.1012,0.0005,0.1007,0.0015,0.0078,0.1916,0.0117,0.1237,0.0015,0.1862,0.0005
1784801230.41,86,drive,1,0.5,5.0,4.197,25.09,33.78,0.0205,0.0929,0.0010,0.1012,0.0005,0.1026,0.0034,0.0049,0.1877,0.0093,0.1276,0.0005,0.1887,0.0000
1784801230.51,86,drive,2,0.5,5.0,4.197,25.09,33.78,0.0210,0.0914,0.0000,0.1026,0.0005,0.1022,0.0024,0.0039,0.1896,0.0098,0.1305,0.0039,0.1877,0.0000
1784801231.10,86,drive,0,0.75,5.0,4.197,25.09,33.78,0.0225,0.0846,0.0005,0.1022,0.0010,0.1002,0.0024,0.0064,0.1906,0.0112,0.1207,0.0015,0.1848,0.0000
1784801231.20,86,drive,1,0.75,5.0,4.197,25.09,33.78,0.0186,0.0899,0.0005,0.1031,0.0000,0.1061,0.0029,0.0029,0.1901,0.0112,0.1222,0.0039,0.1804,0.0010
1784801231.29,86,drive,2,0.75,5.0,4.197,25.09,33.78,0.0230,0.0924,0.0005,0.0973,0.0005,0.0992,0.0034,0.0054,0.1906,0.0127,0.1222,0.0015,0.1848,0.0015
1784801231.88,86,drive,0,1.0,5.0,4.197,25.09,33.78,0.0196,0.0924,0.0005,0.1036,0.0000,0.1017,0.0015,0.0034,0.1906,0.0103,0.1241,0.0005,0.1867,0.0010
1784801231.98,86,drive,1,1.0,5.0,4.197,25.09,33.78,0.0205,0.0909,0.0015,0.0997,0.0000,0.1026,0.0044,0.0054,0.1921,0.0112,0.1193,0.0039,0.1838,0.0000
1784801232.07,86,drive,2,1.0,5.0,4.197,25.09,33.78,0.0191,0.0904,0.0000,0.1036,0.0015,0.0997,0.0029,0.0073,0.1891,0.0122,0.1212,0.0010,0.1872,0.0005
1784801232.66,86,drive,0,1.25,5.0,4.197,25.09,33.78,0.0196,0.0880,0.0000,0.1017,0.0015,0.0992,0.0029,0.0029,0.1916,0.0156,0.1197,0.0044,0.1848,0.0010
1784801232.76,86,drive,1,1.25,5.0,4.197,25.09,33.78,0.0200,0.0885,0.0005,0.1002,0.0005,0.1002,0.0039,0.0088,0.1896,0.0088,0.1168,0.0005,0.1828,0.0010
1784801232.85,86,drive,2,1.25,5.0,4.197,25.09,33.78,0.0210,0.0899,0.0015,0.1007,0.0005,0.0987,0.0049,0.0078,0.1843,0.0132,0.1193,0.0005,0.1828,0.0005
1784801233.44,86,drive,0,1.5,5.0,4.197,25.09,33.78,0.0230,0.0875,0.0005,0.1007,0.0005,0.0992,0.0044,0.0049,0.1901,0.0117,0.1212,0.0010,0.1833,0.0010
1784801233.54,86,drive,1,1.5,5.0,4.197,25.09,33.78,0.0239,0.0919,0.0005,0.1036,0.0000,0.0982,0.0024,0.0093,0.1911,0.0108,0.1217,0.0015,0.1848,0.0000
1784801233.63,86,drive,2,1.5,5.0,4.197,25.09,33.78,0.0235,0.0914,0.0005,0.1007,0.0015,0.0992,0.0039,0.0059,0.1901,0.0112,0.1193,0.0029,0.1818,0.0005
1784801234.23,86,drive,0,1.75,5.0,4.197,25.09,33.78,0.0244,0.0885,0.0000,0.0997,0.0000,0.0963,0.0054,0.0083,0.1906,0.0142,0.1168,0.0020,0.1804,0.0029
1784801234.32,86,drive,1,1.75,5.0,4.197,25.09,33.78,0.0210,0.0899,0.0005,0.1017,0.0000,0.0948,0.0044,0.0083,0.1901,0.0191,0.1158,0.0024,0.1848,0.0000
1784801234.41,86,drive,2,1.75,5.0,4.197,25.09,33.78,0.0210,0.0894,0.0000,0.0948,0.0005,0.0938,0.0029,0.0049,0.1896,0.0186,0.1168,0.0044,0.1862,0.0005
1784801235.01,86,drive,0,2.0,5.0,4.197,25.09,33.78,0.0230,0.0875,0.0000,0.1012,0.0000,0.0943,0.0005,0.0093,0.1901,0.0176,0.1163,0.0010,0.1848,0.0005
1784801235.10,86,drive,1,2.0,5.0,4.197,25.09,33.78,0.0249,0.0865,0.0000,0.1002,0.0000,0.0943,0.0034,0.0064,0.1926,0.0152,0.1149,0.0049,0.1862,0.0010
1784801235.20,86,drive,2,2.0,5.0,4.197,25.09,33.78,0.0181,0.0909,0.0005,0.0958,0.0005,0.0953,0.0039,0.0068,0.1901,0.0215,0.1149,0.0039,0.1872,0.0000
1784801235.86,87,base,0,0.0,5.0,4.197,25.09,33.79,0.0161,0.0929,0.0010,0.1031,0.0005,0.1046,0.0029,0.0088,0.1901,0.0108,0.1261,0.0005,0.1833,0.0005
1784801235.95,87,base,1,0.0,5.0,4.197,25.09,33.79,0.0191,0.0929,0.0000,0.1017,0.0005,0.1012,0.0034,0.0039,0.1872,0.0103,0.1246,0.0020,0.1896,0.0005
1784801236.04,87,base,2,0.0,5.0,4.197,25.09,33.79,0.0220,0.0914,0.0010,0.0997,0.0000,0.1051,0.0020,0.0059,0.1882,0.0122,0.1271,0.0024,0.1867,0.0000
1784801236.64,87,drive,0,0.25,5.0,4.197,25.09,33.79,0.0230,0.0914,0.0000,0.1007,0.0005,0.1046,0.0005,0.0044,0.1877,0.0117,0.1285,0.0005,0.1848,0.0005
1784801236.73,87,drive,1,0.25,5.0,4.197,25.09,33.79,0.0196,0.0904,0.0000,0.1031,0.0000,0.1031,0.0029,0.0054,0.1887,0.0108,0.1246,0.0044,0.1838,0.0039
1784801236.82,87,drive,2,0.25,5.0,4.197,25.09,33.79,0.0220,0.0919,0.0000,0.1026,0.0005,0.0997,0.0049,0.0054,0.1891,0.0103,0.1232,0.0044,0.1813,0.0005
1784801237.41,87,drive,0,0.5,5.0,4.197,25.09,33.79,0.0200,0.0924,0.0000,0.1012,0.0005,0.1022,0.0029,0.0059,0.1862,0.0073,0.1281,0.0010,0.1872,0.0000
1784801237.51,87,drive,1,0.5,5.0,4.197,25.09,33.79,0.0191,0.0914,0.0000,0.1002,0.0000,0.1036,0.0034,0.0054,0.1935,0.0098,0.1232,0.0015,0.1872,0.0005
1784801237.60,87,drive,2,0.5,5.0,4.197,25.09,33.79,0.0225,0.0894,0.0000,0.1007,0.0000,0.1017,0.0029,0.0054,0.1882,0.0137,0.1222,0.0010,0.1862,0.0000
1784801238.19,87,drive,0,0.75,5.0,4.197,25.09,33.79,0.0200,0.0909,0.0000,0.0992,0.0015,0.1012,0.0049,0.0044,0.1891,0.0098,0.1246,0.0044,0.1843,0.0005
1784801238.29,87,drive,1,0.75,5.0,4.197,25.09,33.79,0.0230,0.0924,0.0005,0.1012,0.0000,0.1007,0.0039,0.0064,0.1921,0.0112,0.1227,0.0020,0.1833,0.0005
1784801238.38,87,drive,2,0.75,5.0,4.197,25.09,33.79,0.0254,0.0880,0.0000,0.1026,0.0000,0.1026,0.0049,0.0054,0.1931,0.0142,0.1276,0.0015,0.1838,0.0000
1784801238.96,87,drive,0,1.0,5.0,4.197,25.09,33.79,0.0196,0.0855,0.0005,0.1026,0.0000,0.1017,0.0034,0.0059,0.1911,0.0127,0.1207,0.0020,0.1852,0.0000
1784801239.06,87,drive,1,1.0,5.0,4.197,25.09,33.79,0.0210,0.0904,0.0000,0.1026,0.0000,0.1061,0.0010,0.0049,0.1955,0.0103,0.1212,0.0015,0.1877,0.0005
1784801239.15,87,drive,2,1.0,5.0,4.197,25.09,33.79,0.0254,0.0909,0.0005,0.1056,0.0005,0.1007,0.0049,0.0049,0.1887,0.0098,0.1232,0.0024,0.1818,0.0020
1784801239.74,87,drive,0,1.25,5.0,4.197,25.09,33.79,0.0210,0.0938,0.0005,0.1031,0.0015,0.1022,0.0020,0.0044,0.1926,0.0127,0.1193,0.0029,0.1818,0.0000
1784801239.84,87,drive,1,1.25,5.0,4.197,25.09,33.79,0.0196,0.0919,0.0000,0.1036,0.0010,0.1007,0.0024,0.0034,0.1916,0.0088,0.1232,0.0039,0.1818,0.0005
1784801239.93,87,drive,2,1.25,5.0,4.197,25.09,33.79,0.0181,0.0899,0.0005,0.1046,0.0005,0.1036,0.0039,0.0039,0.1901,0.0093,0.1193,0.0010,0.1852,0.0005
1784801240.53,87,drive,0,1.5,5.0,4.197,25.09,33.79,0.0196,0.0929,0.0005,0.1022,0.0010,0.1022,0.0054,0.0083,0.1945,0.0117,0.1207,0.0005,0.1838,0.0015
1784801240.62,87,drive,1,1.5,5.0,4.197,25.09,33.79,0.0210,0.0909,0.0005,0.1031,0.0010,0.1017,0.0024,0.0073,0.1911,0.0117,0.1163,0.0010,0.1828,0.0005
1784801240.71,87,drive,2,1.5,5.0,4.197,25.09,33.79,0.0225,0.0914,0.0000,0.1070,0.0000,0.0997,0.0034,0.0064,0.1935,0.0122,0.1183,0.0049,0.1818,0.0020
1784801241.31,87,drive,0,1.75,5.0,4.197,25.09,33.79,0.0210,0.0899,0.0005,0.1031,0.0000,0.0992,0.0024,0.0049,0.1901,0.0147,0.1178,0.0020,0.1828,0.0000
1784801241.40,87,drive,1,1.75,5.0,4.197,25.09,33.79,0.0205,0.0899,0.0000,0.1017,0.0000,0.1002,0.0034,0.0049,0.1911,0.0093,0.1183,0.0024,0.1843,0.0005
1784801241.50,87,drive,2,1.75,5.0,4.197,25.09,33.79,0.0200,0.0919,0.0000,0.1022,0.0000,0.0982,0.0059,0.0034,0.1921,0.0108,0.1217,0.0005,0.1857,0.0000
1784801242.09,87,drive,0,2.0,5.0,4.197,25.09,33.79,0.0200,0.0929,0.0000,0.1012,0.0005,0.0948,0.0044,0.0044,0.1877,0.0161,0.1163,0.0049,0.1808,0.0015
1784801242.18,87,drive,1,2.0,5.0,4.197,25.09,33.79,0.0210,0.0885,0.0005,0.1017,0.0000,0.0997,0.0029,0.0083,0.1935,0.0147,0.1183,0.0010,0.1828,0.0005
1784801242.28,87,drive,2,2.0,5.0,4.197,25.09,33.79,0.0200,0.0904,0.0010,0.1012,0.0000,0.0982,0.0034,0.0049,0.1935,0.0132,0.1173,0.0024,0.1833,0.0010
1784801242.95,97,base,0,0.0,5.0,4.197,25.09,33.79,0.0220,0.0894,0.0000,0.0997,0.0024,0.1046,0.0029,0.0044,0.1896,0.0093,0.1261,0.0020,0.1848,0.0000
1784801243.04,97,base,1,0.0,5.0,4.197,25.09,33.79,0.0191,0.0924,0.0000,0.0992,0.0005,0.1017,0.0005,0.0059,0.1906,0.0103,0.1261,0.0000,0.1843,0.0000
1784801243.14,97,base,2,0.0,5.0,4.197,25.09,33.79,0.0196,0.0914,0.0000,0.1017,0.0000,0.1007,0.0020,0.0054,0.1887,0.0103,0.1266,0.0020,0.1852,0.0010
1784801243.73,97,drive,0,0.25,5.0,4.197,25.09,33.79,0.0235,0.0924,0.0000,0.1017,0.0005,0.1017,0.0044,0.0039,0.1921,0.0117,0.1237,0.0020,0.1843,0.0000
1784801243.82,97,drive,1,0.25,5.0,4.197,25.09,33.79,0.0200,0.0909,0.0000,0.0997,0.0005,0.1012,0.0039,0.0024,0.1882,0.0132,0.1251,0.0015,0.1818,0.0000
1784801243.92,97,drive,2,0.25,5.0,4.197,25.09,33.79,0.0210,0.0890,0.0000,0.0997,0.0000,0.1036,0.0020,0.0059,0.1935,0.0112,0.1276,0.0015,0.1818,0.0005
1784801244.51,97,drive,0,0.5,5.0,4.197,25.09,33.79,0.0210,0.0841,0.0005,0.1017,0.0000,0.1046,0.0034,0.0093,0.1935,0.0132,0.1281,0.0029,0.1867,0.0000
1784801244.60,97,drive,1,0.5,5.0,4.197,25.09,33.79,0.0205,0.0890,0.0000,0.0992,0.0000,0.1031,0.0034,0.0059,0.1926,0.0093,0.1256,0.0024,0.1838,0.0000
1784801244.70,97,drive,2,0.5,5.0,4.197,25.09,33.79,0.0249,0.0846,0.0000,0.1002,0.0005,0.1012,0.0044,0.0068,0.1935,0.0127,0.1212,0.0020,0.1828,0.0000
1784801245.29,97,drive,0,0.75,5.0,4.197,25.09,33.79,0.0191,0.0929,0.0000,0.1046,0.0005,0.1036,0.0020,0.0108,0.1965,0.0078,0.1237,0.0024,0.1838,0.0044
1784801245.39,97,drive,1,0.75,5.0,4.197,25.09,33.79,0.0191,0.0899,0.0005,0.1012,0.0029,0.1051,0.0039,0.0088,0.1970,0.0098,0.1251,0.0005,0.1833,0.0005
1784801245.48,97,drive,2,0.75,5.0,4.197,25.09,33.79,0.0215,0.0890,0.0005,0.0978,0.0000,0.1031,0.0039,0.0088,0.1916,0.0122,0.1246,0.0024,0.1823,0.0000
1784801246.07,97,drive,0,1.0,5.0,4.197,25.09,33.79,0.0210,0.0875,0.0000,0.1051,0.0000,0.1056,0.0044,0.0093,0.1955,0.0078,0.1232,0.0020,0.1838,0.0000
1784801246.17,97,drive,1,1.0,5.0,4.197,25.09,33.79,0.0200,0.0934,0.0000,0.1022,0.0000,0.1031,0.0034,0.0093,0.1950,0.0078,0.1251,0.0024,0.1818,0.0005
1784801246.26,97,drive,2,1.0,5.0,4.197,25.09,33.79,0.0225,0.0894,0.0005,0.1022,0.0000,0.1031,0.0039,0.0078,0.1994,0.0098,0.1227,0.0029,0.1838,0.0015
1784801246.85,97,drive,0,1.25,5.0,4.197,25.09,33.79,0.0181,0.0919,0.0034,0.1026,0.0015,0.0997,0.0029,0.0108,0.2028,0.0059,0.1241,0.0024,0.1818,0.0005
1784801246.94,97,drive,1,1.25,5.0,4.197,25.09,33.79,0.0200,0.0914,0.0000,0.1061,0.0010,0.1002,0.0029,0.0108,0.2004,0.0073,0.1222,0.0015,0.1818,0.0000
1784801247.04,97,drive,2,1.25,5.0,4.197,25.09,33.79,0.0200,0.0880,0.0005,0.1056,0.0010,0.0992,0.0049,0.0117,0.2004,0.0088,0.1173,0.0034,0.1808,0.0000
1784801247.63,97,drive,0,1.5,5.0,4.197,25.09,33.79,0.0225,0.0885,0.0005,0.1046,0.0010,0.0973,0.0083,0.0122,0.2028,0.0064,0.1119,0.0005,0.1789,0.0005
1784801247.72,97,drive,1,1.5,5.0,4.197,25.09,33.79,0.0225,0.0919,0.0000,0.1051,0.0000,0.0982,0.0044,0.0142,0.1979,0.0127,0.1178,0.0020,0.1838,0.0000
1784801247.82,97,drive,2,1.5,5.0,4.197,25.09,33.79,0.0235,0.0914,0.0000,0.1046,0.0005,0.0953,0.0039,0.0137,0.2038,0.0093,0.1202,0.0020,0.1852,0.0005
1784801248.41,97,drive,0,1.75,5.0,4.197,25.09,33.79,0.0205,0.0904,0.0010,0.1051,0.0000,0.0890,0.0044,0.0166,0.2023,0.0073,0.1129,0.0010,0.1838,0.0000
1784801248.51,97,drive,1,1.75,5.0,4.197,25.09,33.79,0.0249,0.0899,0.0005,0.1065,0.0005,0.0943,0.0024,0.0181,0.2053,0.0098,0.1129,0.0015,0.1843,0.0049
1784801248.60,97,drive,2,1.75,5.0,4.197,25.09,33.79,0.0225,0.0899,0.0010,0.1065,0.0015,0.0929,0.0049,0.0196,0.2019,0.0083,0.1188,0.0005,0.1774,0.0020
1784801249.19,97,drive,0,2.0,5.0,4.197,25.09,33.79,0.0205,0.0899,0.0000,0.1085,0.0015,0.0850,0.0049,0.0200,0.2048,0.0108,0.1095,0.0005,0.1838,0.0005
1784801249.28,97,drive,1,2.0,5.0,4.197,25.09,33.79,0.0274,0.0904,0.0005,0.1046,0.0000,0.0924,0.0034,0.0186,0.2048,0.0152,0.1070,0.0000,0.1828,0.0000
1784801249.38,97,drive,2,2.0,5.0,4.197,25.09,33.79,0.0191,0.0904,0.0000,0.1051,0.0000,0.0890,0.0024,0.0205,0.2023,0.0122,0.1095,0.0005,0.1808,0.0010
1784801250.04,98,base,0,0.0,5.0,4.177,25.09,33.80,0.0196,0.0919,0.0005,0.1007,0.0010,0.1046,0.0020,0.0059,0.1872,0.0108,0.1271,0.0034,0.1852,0.0000
1784801250.14,98,base,1,0.0,5.0,4.177,25.09,33.80,0.0220,0.0885,0.0029,0.0982,0.0005,0.1031,0.0044,0.0054,0.1887,0.0127,0.1251,0.0024,0.1838,0.0000
1784801250.23,98,base,2,0.0,5.0,4.177,25.09,33.80,0.0210,0.0919,0.0000,0.1036,0.0000,0.1002,0.0034,0.0020,0.1931,0.0093,0.1241,0.0020,0.1857,0.0000
1784801250.83,98,drive,0,0.25,5.0,4.177,25.09,33.80,0.0181,0.0894,0.0024,0.0968,0.0020,0.1036,0.0039,0.0054,0.1891,0.0108,0.1251,0.0029,0.1823,0.0015
1784801250.92,98,drive,1,0.25,5.0,4.177,25.09,33.80,0.0225,0.0919,0.0000,0.1012,0.0000,0.1051,0.0044,0.0029,0.1901,0.0127,0.1246,0.0005,0.1838,0.0005
1784801251.01,98,drive,2,0.25,5.0,4.177,25.09,33.80,0.0235,0.0904,0.0010,0.0997,0.0000,0.1012,0.0044,0.0059,0.1882,0.0088,0.1241,0.0024,0.1818,0.0000
1784801251.61,98,drive,0,0.5,5.0,4.177,25.09,33.80,0.0220,0.0938,0.0005,0.1002,0.0000,0.1026,0.0029,0.0054,0.1911,0.0112,0.1227,0.0024,0.1808,0.0000
1784801251.70,98,drive,1,0.5,5.0,4.177,25.09,33.80,0.0191,0.0924,0.0000,0.1012,0.0005,0.1022,0.0039,0.0044,0.1901,0.0093,0.1241,0.0010,0.1843,0.0000
1784801251.80,98,drive,2,0.5,5.0,4.177,25.09,33.80,0.0205,0.0904,0.0000,0.0987,0.0020,0.1002,0.0034,0.0054,0.1940,0.0112,0.1256,0.0029,0.1828,0.0024
1784801252.39,98,drive,0,0.75,5.0,4.177,25.09,33.80,0.0220,0.0880,0.0000,0.1002,0.0015,0.1007,0.0020,0.0064,0.1911,0.0108,0.1212,0.0024,0.1828,0.0000
1784801252.48,98,drive,1,0.75,5.0,4.177,25.09,33.80,0.0181,0.0914,0.0000,0.1070,0.0000,0.0992,0.0049,0.0068,0.1901,0.0093,0.1237,0.0015,0.1901,0.0005
1784801252.58,98,drive,2,0.75,5.0,4.177,25.09,33.80,0.0225,0.0924,0.0015,0.1022,0.0010,0.1007,0.0034,0.0083,0.1896,0.0103,0.1197,0.0010,0.1833,0.0000
1784801253.17,98,drive,0,1.0,5.0,4.177,25.09,33.80,0.0239,0.0880,0.0000,0.1041,0.0000,0.1012,0.0015,0.0073,0.1882,0.0142,0.1193,0.0020,0.1808,0.0000
1784801253.27,98,drive,1,1.0,5.0,4.177,25.09,33.80,0.0244,0.0890,0.0005,0.0997,0.0000,0.1070,0.0015,0.0064,0.1867,0.0112,0.1153,0.0044,0.1852,0.0000
1784801253.36,98,drive,2,1.0,5.0,4.177,25.09,33.80,0.0220,0.0924,0.0005,0.1026,0.0000,0.1012,0.0020,0.0054,0.1911,0.0098,0.1188,0.0024,0.1857,0.0000
1784801253.94,98,drive,0,1.25,5.0,4.177,25.09,33.80,0.0230,0.0914,0.0005,0.1022,0.0005,0.1031,0.0024,0.0088,0.1931,0.0132,0.1144,0.0029,0.1843,0.0000
1784801254.04,98,drive,1,1.25,5.0,4.177,25.09,33.80,0.0186,0.0934,0.0015,0.0997,0.0005,0.1026,0.0010,0.0049,0.1931,0.0117,0.1183,0.0068,0.1833,0.0010
1784801254.13,98,drive,2,1.25,5.0,4.177,25.09,33.80,0.0220,0.0899,0.0005,0.1022,0.0034,0.1026,0.0024,0.0083,0.1921,0.0112,0.1183,0.0020,0.1848,0.0010
1784801254.73,98,drive,0,1.5,5.0,4.177,25.09,33.80,0.0210,0.0914,0.0005,0.1046,0.0015,0.0997,0.0015,0.0078,0.1950,0.0122,0.1095,0.0034,0.1872,0.0005
1784801254.82,98,drive,1,1.5,5.0,4.177,25.09,33.80,0.0205,0.0875,0.0010,0.1036,0.0010,0.1036,0.0015,0.0108,0.1955,0.0142,0.1090,0.0010,0.1857,0.0005
1784801254.92,98,drive,2,1.5,5.0,4.177,25.09,33.80,0.0191,0.0894,0.0000,0.1051,0.0000,0.0992,0.0024,0.0073,0.1945,0.0152,0.1061,0.0034,0.1852,0.0005
1784801255.51,98,drive,0,1.75,5.0,4.177,25.09,33.80,0.0220,0.0904,0.0015,0.1031,0.0005,0.1056,0.0044,0.0122,0.1994,0.0220,0.1017,0.0039,0.1867,0.0000
1784801255.60,98,drive,1,1.75,5.0,4.177,25.09,33.80,0.0230,0.0934,0.0000,0.1065,0.0000,0.1031,0.0005,0.0147,0.1945,0.0166,0.1017,0.0024,0.1852,0.0010
1784801255.70,98,drive,2,1.75,5.0,4.177,25.09,33.80,0.0205,0.0875,0.0000,0.1031,0.0005,0.1041,0.0005,0.0112,0.1994,0.0210,0.0948,0.0024,0.1862,0.0005
1784801256.29,98,drive,0,2.0,5.0,4.177,25.09,33.80,0.0200,0.0875,0.0020,0.1036,0.0005,0.1080,0.0010,0.0112,0.2004,0.0220,0.0973,0.0020,0.1901,0.0010
1784801256.39,98,drive,1,2.0,5.0,4.177,25.09,33.80,0.0215,0.0914,0.0010,0.1041,0.0005,0.1056,0.0029,0.0122,0.1979,0.0254,0.0924,0.0029,0.1882,0.0000
1784801256.48,98,drive,2,2.0,5.0,4.177,25.09,33.80,0.0230,0.0909,0.0010,0.0997,0.0005,0.1095,0.0024,0.0103,0.1999,0.0249,0.0953,0.0059,0.1887,0.0010
1784801257.14,99,base,0,0.0,5.0,4.177,25.09,33.81,0.0210,0.0914,0.0010,0.1026,0.0005,0.1012,0.0044,0.0054,0.1887,0.0117,0.1256,0.0029,0.1799,0.0015
1784801257.24,99,base,1,0.0,5.0,4.177,25.09,33.81,0.0205,0.0894,0.0005,0.1007,0.0010,0.1026,0.0034,0.0064,0.1882,0.0108,0.1237,0.0029,0.1857,0.0000
1784801257.33,99,base,2,0.0,5.0,4.177,25.09,33.81,0.0244,0.0934,0.0010,0.0997,0.0015,0.1017,0.0024,0.0024,0.1882,0.0127,0.1207,0.0024,0.1833,0.0000
1784801257.93,99,drive,0,0.25,5.0,4.177,25.09,33.81,0.0225,0.0904,0.0000,0.1012,0.0005,0.1041,0.0034,0.0059,0.1887,0.0112,0.1295,0.0029,0.1843,0.0000
1784801258.02,99,drive,1,0.25,5.0,4.177,25.09,33.81,0.0181,0.0865,0.0005,0.1036,0.0000,0.1022,0.0034,0.0117,0.1901,0.0132,0.1237,0.0010,0.1862,0.0000
1784801258.11,99,drive,2,0.25,5.0,4.177,25.09,33.81,0.0137,0.0899,0.0005,0.0982,0.0000,0.1070,0.0039,0.0078,0.1891,0.0127,0.1266,0.0015,0.1823,0.0005
1784801258.70,99,drive,0,0.5,5.0,4.177,25.09,33.81,0.0254,0.0894,0.0000,0.1012,0.0000,0.1041,0.0034,0.0044,0.1906,0.0152,0.1256,0.0029,0.1828,0.0000
1784801258.80,99,drive,1,0.5,5.0,4.177,25.09,33.81,0.0196,0.0919,0.0005,0.0978,0.0005,0.1056,0.0034,0.0049,0.1945,0.0117,0.1261,0.0024,0.1838,0.0000
1784801258.89,99,drive,2,0.5,5.0,4.177,25.09,33.81,0.0156,0.0880,0.0015,0.0987,0.0005,0.1056,0.0044,0.0039,0.1911,0.0122,0.1271,0.0010,0.1848,0.0010
1784801259.49,99,drive,0,0.75,5.0,4.177,25.09,33.81,0.0200,0.0865,0.0020,0.1007,0.0000,0.1041,0.0020,0.0034,0.1872,0.0112,0.1329,0.0005,0.1857,0.0000
1784801259.58,99,drive,1,0.75,5.0,4.177,25.09,33.81,0.0181,0.0914,0.0000,0.0992,0.0000,0.1046,0.0039,0.0073,0.1877,0.0108,0.1354,0.0024,0.1852,0.0000
1784801259.67,99,drive,2,0.75,5.0,4.177,25.09,33.81,0.0230,0.0938,0.0000,0.1022,0.0005,0.1036,0.0029,0.0024,0.1891,0.0117,0.1354,0.0024,0.1813,0.0010
1784801260.27,99,drive,0,1.0,5.0,4.177,25.09,33.81,0.0196,0.0914,0.0000,0.1022,0.0005,0.0997,0.0049,0.0059,0.1911,0.0117,0.1373,0.0010,0.1857,0.0000
1784801260.36,99,drive,1,1.0,5.0,4.177,25.09,33.81,0.0225,0.0924,0.0005,0.1002,0.0000,0.1031,0.0049,0.0024,0.1911,0.0122,0.1369,0.0034,0.1833,0.0000
1784801260.46,99,drive,2,1.0,5.0,4.177,25.09,33.81,0.0220,0.0919,0.0005,0.0987,0.0005,0.1022,0.0034,0.0064,0.1857,0.0137,0.1388,0.0020,0.1867,0.0000
1784801261.05,99,drive,0,1.25,5.0,4.177,25.09,33.81,0.0230,0.0953,0.0000,0.0958,0.0015,0.1031,0.0059,0.0024,0.1887,0.0093,0.1398,0.0034,0.1877,0.0005
1784801261.14,99,drive,1,1.25,5.0,4.177,25.09,33.81,0.0210,0.0904,0.0010,0.0963,0.0005,0.1065,0.0039,0.0029,0.1838,0.0122,0.1403,0.0020,0.1843,0.0005
1784801261.24,99,drive,2,1.25,5.0,4.177,25.09,33.81,0.0181,0.0934,0.0005,0.0987,0.0000,0.1026,0.0078,0.0054,0.1887,0.0112,0.1427,0.0015,0.1833,0.0005
1784801261.83,99,drive,0,1.5,5.0,4.177,25.09,33.81,0.0186,0.0919,0.0000,0.0973,0.0000,0.1031,0.0039,0.0039,0.1818,0.0112,0.1491,0.0020,0.1848,0.0005
1784801261.92,99,drive,1,1.5,5.0,4.177,25.09,33.81,0.0196,0.0904,0.0015,0.0973,0.0015,0.1026,0.0078,0.0020,0.1867,0.0103,0.1549,0.0034,0.1857,0.0000
1784801262.02,99,drive,2,1.5,5.0,4.177,25.09,33.81,0.0220,0.0938,0.0000,0.0938,0.0005,0.1046,0.0049,0.0049,0.1848,0.0127,0.1520,0.0015,0.1862,0.0000
1784801262.61,99,drive,0,1.75,5.0,4.177,25.09,33.81,0.0225,0.0934,0.0010,0.0958,0.0000,0.1017,0.0112,0.0044,0.1848,0.0103,0.1598,0.0015,0.1852,0.0005
1784801262.70,99,drive,1,1.75,5.0,4.177,25.09,33.81,0.0230,0.0953,0.0010,0.0899,0.0000,0.1017,0.0068,0.0024,0.1828,0.0088,0.1632,0.0010,0.1843,0.0000
1784801262.80,99,drive,2,1.75,5.0,4.177,25.09,33.81,0.0210,0.0909,0.0000,0.0948,0.0000,0.1022,0.0049,0.0039,0.1852,0.0088,0.1632,0.0029,0.1828,0.0000
1784801263.39,99,drive,0,2.0,5.0,4.177,25.09,33.81,0.0235,0.0904,0.0000,0.0929,0.0005,0.1022,0.0078,0.0024,0.1808,0.0068,0.1676,0.0029,0.1823,0.0005
1784801263.49,99,drive,1,2.0,5.0,4.177,25.09,33.81,0.0215,0.0904,0.0005,0.0924,0.0005,0.0973,0.0059,0.0073,0.1833,0.0054,0.1681,0.0020,0.1872,0.0005
1784801263.58,99,drive,2,2.0,5.0,4.177,25.09,33.81,0.0210,0.0938,0.0000,0.0904,0.0005,0.0982,0.0132,0.0029,0.1828,0.0088,0.1691,0.0005,0.1833,0.0005
1784801264.25,100,base,0,0.0,5.0,4.197,25.09,33.81,0.0215,0.0929,0.0000,0.0982,0.0000,0.1007,0.0024,0.0054,0.1901,0.0127,0.1276,0.0010,0.1823,0.0010
1784801264.34,100,base,1,0.0,5.0,4.197,25.09,33.81,0.0244,0.0914,0.0000,0.0968,0.0005,0.1036,0.0024,0.0049,0.1862,0.0108,0.1276,0.0015,0.1833,0.0000
1784801264.44,100,base,2,0.0,5.0,4.197,25.09,33.81,0.0230,0.0904,0.0000,0.0997,0.0005,0.1012,0.0010,0.0068,0.1901,0.0093,0.1276,0.0005,0.1887,0.0000
1784801265.03,100,drive,0,0.25,5.0,4.197,25.09,33.81,0.0235,0.0885,0.0000,0.0992,0.0000,0.1036,0.0029,0.0039,0.1891,0.0088,0.1261,0.0005,0.1838,0.0010
1784801265.13,100,drive,1,0.25,5.0,4.197,25.09,33.81,0.0200,0.0880,0.0005,0.0987,0.0000,0.1031,0.0034,0.0039,0.1877,0.0147,0.1256,0.0054,0.1799,0.0005
1784801265.22,100,drive,2,0.25,5.0,4.197,25.09,33.81,0.0191,0.0929,0.0005,0.1022,0.0000,0.1085,0.0015,0.0029,0.1872,0.0108,0.1256,0.0005,0.1843,0.0000
1784801265.81,100,drive,0,0.5,5.0,4.197,25.09,33.81,0.0191,0.0914,0.0000,0.0978,0.0000,0.1046,0.0034,0.0039,0.1867,0.0127,0.1246,0.0015,0.1828,0.0005
1784801265.91,100,drive,1,0.5,5.0,4.197,25.09,33.81,0.0210,0.0934,0.0000,0.0948,0.0000,0.1051,0.0034,0.0034,0.1921,0.0093,0.1271,0.0005,0.1833,0.0005
1784801266.00,100,drive,2,0.5,5.0,4.197,25.09,33.81,0.0230,0.0929,0.0010,0.0963,0.0000,0.1012,0.0029,0.0034,0.1862,0.0103,0.1266,0.0015,0.1852,0.0000
1784801266.59,100,drive,0,0.75,5.0,4.197,25.09,33.81,0.0200,0.0924,0.0005,0.0899,0.0000,0.1105,0.0039,0.0054,0.1926,0.0142,0.1207,0.0015,0.1843,0.0000
1784801266.69,100,drive,1,0.75,5.0,4.197,25.09,33.81,0.0186,0.0904,0.0005,0.0953,0.0010,0.1046,0.0054,0.0068,0.1877,0.0112,0.1232,0.0010,0.1852,0.0005
1784801266.78,100,drive,2,0.75,5.0,4.197,25.09,33.81,0.0215,0.0919,0.0000,0.0904,0.0005,0.1022,0.0044,0.0049,0.1921,0.0117,0.1222,0.0000,0.1872,0.0020
1784801267.38,100,drive,0,1.0,5.0,4.197,25.09,33.81,0.0196,0.0953,0.0005,0.0870,0.0000,0.1080,0.0029,0.0068,0.1901,0.0108,0.1183,0.0020,0.1833,0.0005
1784801267.47,100,drive,1,1.0,5.0,4.197,25.09,33.81,0.0225,0.0899,0.0000,0.0870,0.0005,0.1085,0.0049,0.0064,0.1896,0.0093,0.1217,0.0024,0.1838,0.0005
1784801267.56,100,drive,2,1.0,5.0,4.197,25.09,33.81,0.0235,0.0963,0.0005,0.0885,0.0000,0.1095,0.0039,0.0049,0.1926,0.0122,0.1266,0.0020,0.1833,0.0000
1784801268.16,100,drive,0,1.25,5.0,4.197,25.09,33.81,0.0244,0.0870,0.0015,0.0865,0.0000,0.1105,0.0049,0.0059,0.1911,0.0122,0.1197,0.0034,0.1838,0.0000
1784801268.25,100,drive,1,1.25,5.0,4.197,25.09,33.81,0.0161,0.0914,0.0000,0.0821,0.0000,0.1075,0.0049,0.0054,0.1901,0.0088,0.1197,0.0010,0.1857,0.0000
1784801268.34,100,drive,2,1.25,5.0,4.197,25.09,33.81,0.0220,0.0899,0.0005,0.0850,0.0000,0.1080,0.0059,0.0068,0.1848,0.0142,0.1173,0.0020,0.1838,0.0000
1784801268.94,100,drive,0,1.5,5.0,4.197,25.09,33.81,0.0205,0.0899,0.0005,0.0806,0.0005,0.1109,0.0064,0.0068,0.1891,0.0132,0.1183,0.0020,0.1813,0.0000
1784801269.03,100,drive,1,1.5,5.0,4.197,25.09,33.81,0.0220,0.0914,0.0000,0.0806,0.0005,0.1114,0.0078,0.0068,0.1891,0.0137,0.1178,0.0010,0.1818,0.0020
1784801269.13,100,drive,2,1.5,5.0,4.197,25.09,33.81,0.0244,0.0899,0.0005,0.0787,0.0000,0.1144,0.0078,0.0078,0.1891,0.0112,0.1188,0.0015,0.1818,0.0000
1784801269.71,100,drive,0,1.75,5.0,4.197,25.09,33.81,0.0210,0.0909,0.0005,0.0743,0.0000,0.1129,0.0137,0.0044,0.1926,0.0132,0.1134,0.0024,0.1828,0.0005
1784801269.81,100,drive,1,1.75,5.0,4.197,25.09,33.81,0.0200,0.0909,0.0020,0.0743,0.0010,0.1109,0.0083,0.0049,0.1916,0.0122,0.1119,0.0024,0.1823,0.0005
1784801269.90,100,drive,2,1.75,5.0,4.197,25.09,33.81,0.0225,0.0938,0.0024,0.0743,0.0020,0.1124,0.0152,0.0064,0.1916,0.0142,0.1124,0.0010,0.1838,0.0000
1784801270.49,100,drive,0,2.0,5.0,4.197,25.09,33.81,0.0205,0.0919,0.0000,0.0767,0.0029,0.1100,0.0127,0.0078,0.1921,0.0152,0.1085,0.0010,0.1852,0.0005
1784801270.59,100,drive,1,2.0,5.0,4.197,25.09,33.81,0.0171,0.0929,0.0015,0.0748,0.0034,0.1144,0.0161,0.0059,0.1926,0.0166,0.1090,0.0010,0.1848,0.0000
1784801270.68,100,drive,2,2.0,5.0,4.197,25.09,33.81,0.0191,0.0929,0.0000,0.0733,0.0010,0.1144,0.0132,0.0059,0.1926,0.0166,0.1105,0.0024,0.1794,0.0015
1784801271.35,101,base,0,0.0,5.0,4.217,25.09,33.82,0.0200,0.0904,0.0005,0.1017,0.0015,0.1041,0.0015,0.0039,0.1877,0.0108,0.1271,0.0034,0.1833,0.0000
1784801271.44,101,base,1,0.0,5.0,4.217,25.09,33.82,0.0225,0.0909,0.0000,0.0992,0.0005,0.1031,0.0034,0.0044,0.1916,0.0132,0.1261,0.0015,0.1848,0.0000
1784801271.54,101,base,2,0.0,5.0,4.217,25.09,33.82,0.0186,0.0899,0.0000,0.1031,0.0000,0.1041,0.0010,0.0049,0.1901,0.0117,0.1251,0.0010,0.1843,0.0000
1784801272.13,101,drive,0,0.25,5.0,4.217,25.09,33.82,0.0239,0.0894,0.0024,0.1012,0.0010,0.1031,0.0015,0.0024,0.1891,0.0108,0.1237,0.0005,0.1867,0.0015
1784801272.22,101,drive,1,0.25,5.0,4.217,25.09,33.82,0.0200,0.0929,0.0005,0.0992,0.0000,0.1046,0.0029,0.0049,0.1901,0.0112,0.1237,0.0000,0.1857,0.0000
1784801272.32,101,drive,2,0.25,5.0,4.217,25.09,33.82,0.0244,0.0914,0.0225,0.1149,0.0288,0.1080,0.0122,0.0029,0.1852,0.0332,0.1305,0.0024,0.1945,0.0137
1784801272.91,101,drive,0,0.5,5.0,4.217,25.09,33.82,0.0259,0.0953,0.0161,0.1119,0.0108,0.1085,0.0137,0.0093,0.1901,0.0308,0.1241,0.0205,0.1950,0.0191
1784801273.01,101,drive,1,0.5,5.0,4.217,25.09,33.82,0.0352,0.0816,0.0176,0.1124,0.0142,0.0982,0.0137,0.0259,0.1813,0.0181,0.1373,0.0068,0.1896,0.0103
1784801273.10,101,drive,2,0.5,5.0,4.217,25.09,33.82,0.0235,0.0919,0.0122,0.1222,0.0088,0.0963,0.0181,0.0147,0.1916,0.0166,0.1403,0.0112,0.1799,0.0147
1784801273.69,101,drive,0,0.75,5.0,4.217,25.09,33.82,0.0411,0.0836,0.0015,0.1237,0.0049,0.0997,0.0230,0.0127,0.1891,0.0205,0.1271,0.0186,0.1804,0.0015
1784801273.79,101,drive,1,0.75,5.0,4.217,25.09,33.82,0.0215,0.0934,0.0078,0.1100,0.0352,0.1002,0.0034,0.0288,0.1901,0.0093,0.1344,0.0073,0.1891,0.0196
1784801273.88,101,drive,2,0.75,5.0,4.217,25.09,33.82,0.0249,0.0850,0.0054,0.1100,0.0318,0.0938,0.0054,0.0337,0.1896,0.0161,0.1359,0.0088,0.1838,0.0122
1784801274.48,101,drive,0,1.0,5.0,4.217,25.09,33.82,0.0342,0.0875,0.0005,0.1095,0.0054,0.0978,0.0235,0.0078,0.1882,0.0215,0.1349,0.0186,0.1872,0.0024
1784801274.57,101,drive,1,1.0,5.0,4.217,25.09,33.82,0.0220,0.0885,0.0029,0.1153,0.0171,0.0978,0.0064,0.0142,0.1916,0.0122,0.1329,0.0068,0.1838,0.0064
1784801274.67,101,drive,2,1.0,5.0,4.217,25.09,33.82,0.0499,0.0772,0.0156,0.1158,0.0371,0.1139,0.0244,0.0078,0.1740,0.0230,0.1505,0.0181,0.1862,0.0152
1784801275.25,101,drive,0,1.25,5.0,4.217,25.09,33.82,0.0367,0.0782,0.0156,0.1026,0.0230,0.0968,0.0176,0.0156,0.1960,0.0293,0.1251,0.0196,0.1828,0.0098
1784801275.35,101,drive,1,1.25,5.0,4.217,25.09,33.82,0.0191,0.0841,0.0098,0.1222,0.0161,0.0978,0.0152,0.0147,0.1872,0.0235,0.1329,0.0073,0.1916,0.0288
1784801275.44,101,drive,2,1.25,5.0,4.217,25.09,33.82,0.0166,0.0753,0.0274,0.1202,0.0137,0.0914,0.0210,0.0117,0.1838,0.0279,0.1178,0.0191,0.1818,0.0196
1784801276.04,101,drive,0,1.5,5.0,4.217,25.09,33.82,0.0318,0.0919,0.0083,0.1285,0.0156,0.0938,0.0112,0.0132,0.1955,0.0288,0.1329,0.0147,0.1887,0.0049
1784801276.13,101,drive,1,1.5,5.0,4.217,25.09,33.82,0.0235,0.0782,0.0098,0.1325,0.0186,0.0919,0.0098,0.0117,0.1848,0.0200,0.1266,0.0117,0.1848,0.0171
1784801276.23,101,drive,2,1.5,5.0,4.217,25.09,33.82,0.0239,0.0894,0.0029,0.1315,0.0147,0.1065,0.0088,0.0127,0.1926,0.0108,0.1281,0.0083,0.1882,0.0112
1784801276.82,101,drive,0,1.75,5.0,4.217,25.09,33.82,0.0191,0.0978,0.0098,0.1354,0.0220,0.0846,0.0064,0.0142,0.2058,0.0108,0.1349,0.0083,0.1833,0.0196
1784801276.91,101,drive,1,1.75,5.0,4.217,25.09,33.82,0.0244,0.0885,0.0044,0.1334,0.0283,0.1012,0.0059,0.0127,0.1940,0.0127,0.1261,0.0059,0.1848,0.0152
1784801277.01,101,drive,2,1.75,5.0,4.217,25.09,33.82,0.0220,0.0806,0.0010,0.1354,0.0171,0.0992,0.0049,0.0166,0.1916,0.0142,0.1373,0.0068,0.1906,0.0068
1784801277.59,101,drive,0,2.0,5.0,4.217,25.09,33.82,0.0352,0.0850,0.0020,0.1632,0.0249,0.1022,0.0181,0.0147,0.1970,0.0225,0.1427,0.0054,0.1833,0.0029
1784801277.69,101,drive,1,2.0,5.0,4.217,25.09,33.82,0.0274,0.0860,0.0054,0.1452,0.0235,0.0968,0.0078,0.0220,0.1931,0.0239,0.1442,0.0088,0.1882,0.0039
1784801277.78,101,drive,2,2.0,5.0,4.217,25.09,33.82,0.0283,0.0899,0.0078,0.1320,0.0200,0.1075,0.0083,0.0127,0.1921,0.0156,0.1413,0.0161,0.1852,0.0073
1784801278.44,102,base,0,0.0,5.0,4.177,25.09,33.82,0.0225,0.1022,0.0029,0.0997,0.0059,0.0992,0.0147,0.0054,0.1921,0.0108,0.1271,0.0064,0.1691,0.0068
1784801278.54,102,base,1,0.0,5.0,4.177,25.09,33.82,0.0117,0.1017,0.0044,0.1129,0.0049,0.0943,0.0171,0.0093,0.1931,0.0176,0.1266,0.0166,0.1828,0.0064
1784801278.63,102,base,2,0.0,5.0,4.177,25.09,33.82,0.0210,0.0938,0.0098,0.0958,0.0098,0.0909,0.0132,0.0137,0.2028,0.0166,0.1095,0.0239,0.1833,0.0181
1784801279.23,102,drive,0,0.25,5.0,4.177,25.09,33.82,0.0239,0.0894,0.0122,0.1080,0.0166,0.1061,0.0064,0.0215,0.1804,0.0068,0.1354,0.0156,0.1950,0.0152
1784801279.32,102,drive,1,0.25,5.0,4.177,25.09,33.82,0.0200,0.0875,0.0039,0.0792,0.0176,0.1012,0.0337,0.0171,0.1935,0.0283,0.1183,0.0196,0.1642,0.0122
1784801279.41,102,drive,2,0.25,5.0,4.177,25.09,33.82,0.0259,0.0846,0.0064,0.1046,0.0205,0.0875,0.0274,0.0152,0.2004,0.0152,0.1285,0.0230,0.1872,0.0034
1784801280.00,102,drive,0,0.5,5.0,4.177,25.09,33.82,0.0210,0.0777,0.0068,0.1022,0.0108,0.1017,0.0122,0.0137,0.1921,0.0161,0.1212,0.0064,0.1838,0.0122
1784801280.09,102,drive,1,0.5,5.0,4.177,25.09,33.82,0.0293,0.0841,0.0015,0.0953,0.0083,0.1022,0.0073,0.0200,0.1901,0.0269,0.1202,0.0152,0.1764,0.0044
1784801280.19,102,drive,2,0.5,5.0,4.177,25.09,33.82,0.0191,0.0909,0.0083,0.0968,0.0034,0.0987,0.0249,0.0156,0.1950,0.0117,0.1359,0.0078,0.1833,0.0039
1784801280.78,102,drive,0,0.75,5.0,4.177,25.09,33.82,0.0323,0.0806,0.0059,0.1046,0.0132,0.1197,0.0406,0.0186,0.1882,0.0323,0.1369,0.0064,0.1716,0.0078
1784801280.87,102,drive,1,0.75,5.0,4.177,25.09,33.82,0.0362,0.0963,0.0093,0.1031,0.0235,0.0968,0.0083,0.0420,0.1999,0.0166,0.1188,0.0156,0.1882,0.0171
1784801280.97,102,drive,2,0.75,5.0,4.177,25.09,33.82,0.0249,0.0909,0.0039,0.0968,0.0166,0.0997,0.0215,0.0191,0.1911,0.0337,0.1217,0.0132,0.1764,0.0024
1784801281.55,102,drive,0,1.0,5.0,4.177,25.09,33.82,0.0308,0.0953,0.0191,0.0997,0.0357,0.1031,0.0156,0.0440,0.1931,0.0244,0.1139,0.0142,0.1862,0.0347
1784801281.65,102,drive,1,1.0,5.0,4.177,25.09,33.82,0.0357,0.0958,0.0318,0.1031,0.0196,0.0841,0.0225,0.0220,0.2067,0.0220,0.1442,0.0215,0.1764,0.0293
1784801281.74,102,drive,2,1.0,5.0,4.177,25.09,33.82,0.0215,0.0958,0.0259,0.1026,0.0303,0.1031,0.0098,0.0362,0.2043,0.0205,0.1227,0.0171,0.1955,0.0239
1784801282.33,102,drive,0,1.25,5.0,4.177,25.09,33.82,0.0225,0.0914,0.0137,0.1056,0.0171,0.1041,0.0225,0.0249,0.1867,0.0269,0.1334,0.0186,0.1745,0.0122
1784801282.42,102,drive,1,1.25,5.0,4.177,25.09,33.82,0.0303,0.0821,0.0191,0.0958,0.0166,0.0997,0.0235,0.0244,0.2019,0.0293,0.1212,0.0171,0.1848,0.0176
1784801282.52,102,drive,2,1.25,5.0,4.177,25.09,33.82,0.0308,0.0914,0.0215,0.1065,0.0362,0.1178,0.0220,0.0254,0.1935,0.0137,0.1026,0.0093,0.1955,0.0298
1784801283.11,102,drive,0,1.5,5.0,4.177,25.09,33.82,0.0215,0.0919,0.0244,0.1007,0.0132,0.1222,0.0117,0.0269,0.2063,0.0269,0.1246,0.0166,0.1843,0.0269
1784801283.20,102,drive,1,1.5,5.0,4.177,25.09,33.82,0.0283,0.0978,0.0210,0.1031,0.0308,0.1109,0.0088,0.0381,0.1926,0.0230,0.1276,0.0083,0.1887,0.0196
1784801283.30,102,drive,2,1.5,5.0,4.177,25.09,33.82,0.0264,0.0836,0.0283,0.1119,0.0259,0.1119,0.0103,0.0572,0.1994,0.0191,0.1256,0.0083,0.1784,0.0132
1784801283.88,102,drive,0,1.75,5.0,4.177,25.09,33.82,0.0264,0.0924,0.0127,0.1046,0.0000,0.1036,0.0108,0.0083,0.1891,0.0244,0.1266,0.0127,0.1921,0.0068
1784801283.98,102,drive,1,1.75,5.0,4.177,25.09,33.82,0.0352,0.0914,0.0088,0.1046,0.0044,0.1017,0.0117,0.0083,0.1960,0.0249,0.1276,0.0127,0.1808,0.0015
1784801284.07,102,drive,2,1.75,5.0,4.177,25.09,33.82,0.0186,0.0934,0.0015,0.1065,0.0020,0.1197,0.0054,0.0220,0.1872,0.0112,0.1354,0.0093,0.1891,0.0064
1784801284.66,102,drive,0,2.0,5.0,4.177,25.09,33.82,0.0239,0.0938,0.0117,0.0997,0.0049,0.1109,0.0039,0.0308,0.1901,0.0166,0.1276,0.0068,0.1867,0.0161
1784801284.75,102,drive,1,2.0,5.0,4.177,25.09,33.82,0.0225,0.0963,0.0000,0.0919,0.0020,0.1036,0.0298,0.0078,0.1955,0.0137,0.1281,0.0132,0.1813,0.0010
1784801284.85,102,drive,2,2.0,5.0,4.177,25.09,33.82,0.0420,0.0860,0.0015,0.0865,0.0044,0.1065,0.0166,0.0117,0.1940,0.0323,0.1222,0.0083,0.1725,0.0000
1784801285.51,103,base,0,0.0,5.0,4.177,25.09,33.83,0.0230,0.1012,0.0005,0.0953,0.0029,0.1031,0.0147,0.0020,0.1906,0.0147,0.1237,0.0044,0.1862,0.0020
1784801285.61,103,base,1,0.0,5.0,4.177,25.09,33.83,0.0205,0.0948,0.0020,0.0987,0.0000,0.1109,0.0064,0.0044,0.1940,0.0112,0.1285,0.0044,0.1852,0.0117
1784801285.70,103,base,2,0.0,5.0,4.177,25.09,33.83,0.0210,0.0914,0.0147,0.0978,0.0005,0.1061,0.0034,0.0117,0.1833,0.0176,0.1256,0.0156,0.1877,0.0029
1784801286.30,103,drive,0,0.25,5.0,4.177,25.09,33.83,0.0244,0.0948,0.0005,0.1012,0.0078,0.1046,0.0259,0.0093,0.1896,0.0235,0.1285,0.0015,0.1852,0.0024
1784801286.39,103,drive,1,0.25,5.0,4.177,25.09,33.83,0.0186,0.0850,0.0034,0.0973,0.0318,0.1036,0.0049,0.0249,0.1955,0.0112,0.1163,0.0029,0.1848,0.0039
1784801286.48,103,drive,2,0.25,5.0,4.177,25.09,33.83,0.0269,0.0758,0.0010,0.1026,0.0098,0.0978,0.0249,0.0112,0.1911,0.0244,0.1232,0.0083,0.1799,0.0015
1784801287.07,103,drive,0,0.5,5.0,4.177,25.09,33.83,0.0200,0.0850,0.0054,0.1026,0.0225,0.1002,0.0068,0.0196,0.1935,0.0215,0.1285,0.0039,0.1833,0.0068
1784801287.16,103,drive,1,0.5,5.0,4.177,25.09,33.83,0.0210,0.0826,0.0044,0.0978,0.0171,0.1007,0.0200,0.0142,0.1921,0.0239,0.1256,0.0039,0.1760,0.0029
1784801287.26,103,drive,2,0.5,5.0,4.177,25.09,33.83,0.0435,0.0929,0.0005,0.1022,0.0068,0.1026,0.0215,0.0049,0.1906,0.0288,0.1315,0.0142,0.1799,0.0015
1784801287.85,103,drive,0,0.75,5.0,4.177,25.09,33.83,0.0171,0.0919,0.0068,0.1007,0.0235,0.1007,0.0054,0.0244,0.1916,0.0161,0.1329,0.0054,0.1818,0.0049
1784801287.94,103,drive,1,0.75,5.0,4.177,25.09,33.83,0.0210,0.0890,0.0073,0.0997,0.0210,0.0973,0.0049,0.0362,0.1935,0.0132,0.1359,0.0054,0.1799,0.0108
1784801288.04,103,drive,2,0.75,5.0,4.177,25.09,33.83,0.0166,0.0894,0.0347,0.0973,0.0064,0.1056,0.0108,0.0137,0.1867,0.0083,0.1315,0.0103,0.1838,0.0225
1784801288.62,103,drive,0,1.0,5.0,4.177,25.09,33.83,0.0205,0.0890,0.0000,0.0958,0.0000,0.1012,0.0034,0.0073,0.1970,0.0073,0.1349,0.0010,0.1838,0.0005
1784801288.72,103,drive,1,1.0,5.0,4.177,25.09,33.83,0.0200,0.0880,0.0005,0.0982,0.0000,0.1007,0.0044,0.0054,0.1960,0.0078,0.1334,0.0015,0.1823,0.0000
1784801288.81,103,drive,2,1.0,5.0,4.177,25.09,33.83,0.0225,0.0899,0.0015,0.1012,0.0005,0.0997,0.0034,0.0088,0.1955,0.0068,0.1334,0.0024,0.1828,0.0000
1784801289.41,103,drive,0,1.25,5.0,4.177,25.09,33.83,0.0215,0.0880,0.0005,0.0997,0.0000,0.1007,0.0020,0.0108,0.2004,0.0029,0.1388,0.0010,0.1857,0.0000
1784801289.50,103,drive,1,1.25,5.0,4.177,25.09,33.83,0.0210,0.0909,0.0000,0.1022,0.0005,0.0997,0.0039,0.0103,0.1979,0.0059,0.1427,0.0000,0.1887,0.0005
1784801289.60,103,drive,2,1.25,5.0,4.177,25.09,33.83,0.0191,0.0924,0.0005,0.0992,0.0000,0.1007,0.0024,0.0103,0.1984,0.0039,0.1403,0.0000,0.1808,0.0005
1784801290.19,103,drive,0,1.5,5.0,4.177,25.09,33.83,0.0200,0.0919,0.0005,0.1002,0.0000,0.0973,0.0020,0.0152,0.1999,0.0020,0.1408,0.0010,0.1843,0.0000
1784801290.28,103,drive,1,1.5,5.0,4.177,25.09,33.83,0.0186,0.0914,0.0005,0.1017,0.0000,0.0978,0.0044,0.0127,0.1989,0.0020,0.1457,0.0029,0.1823,0.0000
1784801290.38,103,drive,2,1.5,5.0,4.177,25.09,33.83,0.0210,0.0904,0.0000,0.0997,0.0000,0.0992,0.0078,0.0152,0.1989,0.0029,0.1437,0.0010,0.1828,0.0000
1784801290.97,103,drive,0,1.75,5.0,4.177,25.09,33.83,0.0215,0.0875,0.0000,0.1017,0.0005,0.0948,0.0029,0.0156,0.2028,0.0010,0.1442,0.0000,0.1843,0.0005
1784801291.06,103,drive,1,1.75,5.0,4.177,25.09,33.83,0.0239,0.0919,0.0005,0.0992,0.0000,0.0938,0.0029,0.0152,0.2014,0.0015,0.1500,0.0024,0.1838,0.0005
1784801291.16,103,drive,2,1.75,5.0,4.177,25.09,33.83,0.0200,0.0890,0.0000,0.0997,0.0005,0.0899,0.0015,0.0166,0.2023,0.0015,0.1491,0.0005,0.1818,0.0000
1784801291.75,103,drive,0,2.0,5.0,4.177,25.09,33.83,0.0200,0.0865,0.0005,0.1031,0.0000,0.0914,0.0044,0.0132,0.2009,0.0000,0.1520,0.0015,0.1848,0.0000
1784801291.84,103,drive,1,2.0,5.0,4.177,25.09,33.83,0.0210,0.0890,0.0000,0.1036,0.0000,0.0904,0.0049,0.0132,0.2023,0.0005,0.1496,0.0010,0.1857,0.0000
1784801291.94,103,drive,2,2.0,5.0,4.177,25.09,33.83,0.0220,0.0899,0.0000,0.1007,0.0005,0.0919,0.0039,0.0166,0.2038,0.0000,0.1486,0.0020,0.1838,0.0000
1784801292.61,104,base,0,0.0,5.0,4.197,25.09,33.84,0.0176,0.0855,0.0000,0.1007,0.0000,0.1026,0.0029,0.0039,0.1921,0.0117,0.1251,0.0010,0.1848,0.0000
1784801292.70,104,base,1,0.0,5.0,4.197,25.09,33.84,0.0200,0.0890,0.0005,0.1036,0.0005,0.1031,0.0068,0.0054,0.1891,0.0117,0.1227,0.0000,0.1823,0.0005
1784801292.79,104,base,2,0.0,5.0,4.197,25.09,33.84,0.0181,0.0899,0.0000,0.1002,0.0010,0.1031,0.0015,0.0064,0.1882,0.0127,0.1237,0.0029,0.1857,0.0000
1784801293.39,104,drive,0,0.25,5.0,4.197,25.09,33.84,0.0176,0.0909,0.0010,0.0992,0.0000,0.1007,0.0049,0.0049,0.1887,0.0127,0.1241,0.0024,0.1838,0.0000
1784801293.48,104,drive,1,0.25,5.0,4.197,25.09,33.84,0.0220,0.0914,0.0010,0.1012,0.0000,0.1046,0.0015,0.0054,0.1887,0.0117,0.1237,0.0034,0.1857,0.0000
1784801293.58,104,drive,2,0.25,5.0,4.197,25.09,33.84,0.0220,0.0894,0.0000,0.1036,0.0000,0.0997,0.0039,0.0044,0.1921,0.0156,0.1251,0.0034,0.1843,0.0005
1784801294.17,104,drive,0,0.5,5.0,4.197,25.09,33.84,0.0225,0.0924,0.0005,0.1031,0.0005,0.1065,0.0000,0.0049,0.1891,0.0108,0.1266,0.0010,0.1818,0.0005
1784801294.26,104,drive,1,0.5,5.0,4.197,25.09,33.84,0.0235,0.0904,0.0000,0.1002,0.0005,0.1012,0.0034,0.0088,0.1852,0.0132,0.1266,0.0000,0.1843,0.0000
1784801294.36,104,drive,2,0.5,5.0,4.197,25.09,33.84,0.0244,0.0875,0.0005,0.1031,0.0010,0.1046,0.0010,0.0039,0.1887,0.0132,0.1251,0.0010,0.1862,0.0000
1784801294.95,104,drive,0,0.75,5.0,4.197,25.09,33.84,0.0181,0.0880,0.0005,0.1007,0.0000,0.1012,0.0039,0.0059,0.1891,0.0098,0.1207,0.0015,0.1808,0.0000
1784801295.04,104,drive,1,0.75,5.0,4.197,25.09,33.84,0.0196,0.0948,0.0005,0.0968,0.0005,0.1036,0.0024,0.0064,0.1877,0.0127,0.1261,0.0015,0.1848,0.0000
1784801295.14,104,drive,2,0.75,5.0,4.197,25.09,33.84,0.0196,0.0899,0.0010,0.0982,0.0024,0.1026,0.0024,0.0054,0.1911,0.0112,0.1246,0.0029,0.1848,0.0000
1784801295.73,104,drive,0,1.0,5.0,4.197,25.09,33.84,0.0186,0.0909,0.0000,0.1026,0.0010,0.1046,0.0024,0.0044,0.1896,0.0117,0.1217,0.0010,0.1857,0.0005
1784801295.82,104,drive,1,1.0,5.0,4.197,25.09,33.84,0.0196,0.0909,0.0005,0.1031,0.0010,0.1012,0.0020,0.0054,0.1901,0.0122,0.1276,0.0005,0.1862,0.0020
1784801295.92,104,drive,2,1.0,5.0,4.197,25.09,33.84,0.0205,0.0953,0.0005,0.1002,0.0000,0.1007,0.0029,0.0083,0.1901,0.0117,0.1241,0.0010,0.1848,0.0005
1784801296.50,104,drive,0,1.25,5.0,4.197,25.09,33.84,0.0200,0.0929,0.0005,0.1036,0.0010,0.1041,0.0015,0.0029,0.1896,0.0098,0.1271,0.0020,0.1838,0.0000
1784801296.60,104,drive,1,1.25,5.0,4.197,25.09,33.84,0.0210,0.0890,0.0000,0.1026,0.0005,0.1012,0.0015,0.0044,0.1901,0.0112,0.1241,0.0029,0.1857,0.0000
1784801296.69,104,drive,2,1.25,5.0,4.197,25.09,33.84,0.0205,0.0934,0.0000,0.1017,0.0000,0.1061,0.0029,0.0068,0.1887,0.0078,0.1246,0.0015,0.1852,0.0010
1784801297.28,104,drive,0,1.5,5.0,4.197,25.09,33.84,0.0230,0.0890,0.0000,0.0987,0.0000,0.1022,0.0034,0.0020,0.1862,0.0137,0.1290,0.0024,0.1848,0.0005
1784801297.37,104,drive,1,1.5,5.0,4.197,25.09,33.84,0.0230,0.0924,0.0000,0.0992,0.0005,0.1012,0.0054,0.0044,0.1891,0.0103,0.1261,0.0010,0.1867,0.0005
1784801297.47,104,drive,2,1.5,5.0,4.197,25.09,33.84,0.0196,0.0899,0.0000,0.1012,0.0000,0.1007,0.0020,0.0059,0.1867,0.0132,0.1261,0.0029,0.1823,0.0010
1784801298.06,104,drive,0,1.75,5.0,4.197,25.09,33.84,0.0230,0.0870,0.0005,0.1007,0.0000,0.1026,0.0044,0.0039,0.1882,0.0117,0.1271,0.0015,0.1833,0.0005
1784801298.15,104,drive,1,1.75,5.0,4.197,25.09,33.84,0.0186,0.0885,0.0005,0.0987,0.0010,0.1026,0.0029,0.0059,0.1916,0.0088,0.1222,0.0024,0.1794,0.0000
1784801298.25,104,drive,2,1.75,5.0,4.197,25.09,33.84,0.0196,0.0894,0.0005,0.0987,0.0000,0.1031,0.0044,0.0049,0.1901,0.0103,0.1207,0.0000,0.1848,0.0005
1784801298.84,104,drive,0,2.0,5.0,4.197,25.09,33.84,0.0210,0.0880,0.0010,0.1007,0.0000,0.1022,0.0029,0.0034,0.1926,0.0122,0.1241,0.0039,0.1823,0.0000
1784801298.94,104,drive,1,2.0,5.0,4.197,25.09,33.84,0.0196,0.0909,0.0005,0.0973,0.0000,0.1017,0.0044,0.0054,0.1867,0.0137,0.1285,0.0010,0.1813,0.0000
1784801299.03,104,drive,2,2.0,5.0,4.197,25.09,33.84,0.0249,0.0875,0.0005,0.1022,0.0000,0.1002,0.0039,0.0049,0.1872,0.0161,0.1295,0.0020,0.1808,0.0000
1784801299.71,106,base,0,0.0,5.0,4.197,25.09,33.84,0.0249,0.0899,0.0176,0.0997,0.0205,0.1090,0.0147,0.0147,0.1784,0.0303,0.1197,0.0186,0.1931,0.0093
1784801299.80,106,base,1,0.0,5.0,4.197,25.09,33.84,0.0259,0.0782,0.0147,0.0948,0.0132,0.1075,0.0176,0.0186,0.1872,0.0288,0.1168,0.0186,0.1911,0.0103
1784801299.89,106,base,2,0.0,5.0,4.197,25.09,33.84,0.0220,0.0836,0.0137,0.0987,0.0156,0.0968,0.0254,0.0181,0.1926,0.0196,0.1305,0.0171,0.1838,0.0078
1784801300.48,106,drive,0,0.25,5.0,4.197,25.09,33.84,0.0215,0.0958,0.0034,0.1017,0.0244,0.1012,0.0068,0.0181,0.1887,0.0181,0.1134,0.0054,0.1833,0.0064
1784801300.58,106,drive,1,0.25,5.0,4.197,25.09,33.84,0.0230,0.0880,0.0171,0.0978,0.0054,0.0953,0.0044,0.0171,0.1877,0.0132,0.1202,0.0093,0.1852,0.0161
1784801300.67,106,drive,2,0.25,5.0,4.197,25.09,33.84,0.0196,0.0846,0.0191,0.1002,0.0054,0.1017,0.0044,0.0215,0.1862,0.0137,0.1134,0.0083,0.1843,0.0191
1784801301.26,106,drive,0,0.5,5.0,4.197,25.09,33.84,0.0323,0.0880,0.0015,0.0894,0.0024,0.1036,0.0142,0.0073,0.1872,0.0244,0.1232,0.0171,0.1760,0.0024
1784801301.36,106,drive,1,0.5,5.0,4.197,25.09,33.84,0.0186,0.0953,0.0010,0.1002,0.0044,0.1051,0.0108,0.0127,0.1916,0.0147,0.1334,0.0024,0.1852,0.0020
1784801301.45,106,drive,2,0.5,5.0,4.197,25.09,33.84,0.0406,0.0831,0.0034,0.0914,0.0010,0.1026,0.0112,0.0073,0.1877,0.0235,0.1241,0.0127,0.1857,0.0000
1784801302.04,106,drive,0,0.75,5.0,4.197,25.09,33.84,0.0244,0.0938,0.0039,0.1051,0.0005,0.1149,0.0064,0.0093,0.1950,0.0064,0.1232,0.0068,0.1828,0.0147
1784801302.14,106,drive,1,0.75,5.0,4.197,25.09,33.84,0.0244,0.0714,0.0015,0.1065,0.0054,0.1031,0.0171,0.0132,0.1852,0.0166,0.1222,0.0083,0.1896,0.0005
1784801302.23,106,drive,2,0.75,5.0,4.197,25.09,33.84,0.0220,0.0919,0.0215,0.1031,0.0112,0.0865,0.0064,0.0196,0.1935,0.0117,0.1153,0.0103,0.1872,0.0142
1784801302.83,106,drive,0,1.0,5.0,4.197,25.09,33.84,0.0205,0.0821,0.0078,0.0943,0.0088,0.1051,0.0186,0.0176,0.1877,0.0244,0.1207,0.0020,0.1843,0.0152
1784801302.92,106,drive,1,1.0,5.0,4.197,25.09,33.84,0.0269,0.0850,0.0103,0.1031,0.0186,0.1007,0.0088,0.0210,0.1877,0.0127,0.1295,0.0171,0.1848,0.0024
1784801303.02,106,drive,2,1.0,5.0,4.197,25.09,33.84,0.0249,0.0846,0.0161,0.0929,0.0103,0.0992,0.0186,0.0137,0.1950,0.0269,0.1217,0.0083,0.1735,0.0142
1784801303.61,106,drive,0,1.25,5.0,4.197,25.09,33.84,0.0215,0.0802,0.0049,0.1026,0.0200,0.1065,0.0112,0.0235,0.1823,0.0171,0.1178,0.0166,0.1872,0.0054
1784801303.70,106,drive,1,1.25,5.0,4.197,25.09,33.84,0.0239,0.0787,0.0088,0.0987,0.0156,0.1012,0.0122,0.0073,0.1896,0.0200,0.1300,0.0171,0.1965,0.0029
1784801303.80,106,drive,2,1.25,5.0,4.197,25.09,33.84,0.0137,0.0958,0.0059,0.1085,0.0039,0.0982,0.0166,0.0127,0.1833,0.0152,0.1408,0.0098,0.1852,0.0068
1784801304.39,106,drive,0,1.5,5.0,4.197,25.09,33.84,0.0230,0.0919,0.0098,0.0948,0.0122,0.1031,0.0093,0.0161,0.1994,0.0122,0.1232,0.0059,0.1896,0.0108
1784801304.48,106,drive,1,1.5,5.0,4.197,25.09,33.84,0.0156,0.0948,0.0108,0.0958,0.0127,0.1085,0.0073,0.0176,0.1960,0.0176,0.1295,0.0103,0.1750,0.0147
1784801304.58,106,drive,2,1.5,5.0,4.197,25.09,33.84,0.0288,0.0943,0.0059,0.0963,0.0068,0.1022,0.0166,0.0152,0.1848,0.0152,0.1290,0.0210,0.1843,0.0039
1784801305.17,106,drive,0,1.75,5.0,4.197,25.09,33.84,0.0181,0.0938,0.0044,0.0963,0.0039,0.1036,0.0225,0.0059,0.1867,0.0308,0.1285,0.0122,0.1891,0.0073
1784801305.27,106,drive,1,1.75,5.0,4.197,25.09,33.84,0.0269,0.0899,0.0093,0.0987,0.0049,0.1056,0.0127,0.0103,0.1901,0.0210,0.1281,0.0093,0.1838,0.0020
1784801305.36,106,drive,2,1.75,5.0,4.197,25.09,33.84,0.0323,0.0953,0.0039,0.0904,0.0152,0.1036,0.0093,0.0078,0.1891,0.0215,0.1119,0.0117,0.1804,0.0034
1784801305.95,106,drive,0,2.0,5.0,4.197,25.09,33.84,0.0420,0.0929,0.0068,0.1075,0.0088,0.1051,0.0044,0.0117,0.1887,0.0147,0.1276,0.0137,0.1862,0.0054
1784801306.05,106,drive,1,2.0,5.0,4.197,25.09,33.84,0.0269,0.0899,0.0029,0.0938,0.0024,0.1109,0.0083,0.0093,0.1960,0.0161,0.1237,0.0210,0.1891,0.0059
1784801306.14,106,drive,2,2.0,5.0,4.197,25.09,33.84,0.0298,0.0875,0.0147,0.0934,0.0005,0.1051,0.0142,0.0083,0.1916,0.0176,0.1271,0.0098,0.1872,0.0059
1784801306.81,107,base,0,0.0,5.0,4.217,25.09,33.85,0.0196,0.0865,0.0083,0.1002,0.0059,0.1056,0.0064,0.0176,0.1906,0.0127,0.1271,0.0083,0.1843,0.0064
1784801306.90,107,base,1,0.0,5.0,4.217,25.09,33.85,0.0225,0.0909,0.0103,0.0973,0.0161,0.1109,0.0059,0.0147,0.1989,0.0181,0.1139,0.0127,0.1867,0.0073
1784801307.00,107,base,2,0.0,5.0,4.217,25.09,33.85,0.0293,0.0821,0.0059,0.0958,0.0073,0.1046,0.0152,0.0117,0.1867,0.0156,0.1212,0.0132,0.1887,0.0029
1784801307.59,107,drive,0,0.25,5.0,4.217,25.09,33.85,0.0220,0.1017,0.0059,0.0982,0.0112,0.1046,0.0161,0.0108,0.1818,0.0200,0.1285,0.0064,0.1794,0.0059
1784801307.68,107,drive,1,0.25,5.0,4.217,25.09,33.85,0.0391,0.0904,0.0020,0.0968,0.0083,0.1022,0.0132,0.0127,0.1848,0.0235,0.1281,0.0117,0.1696,0.0024
1784801307.78,107,drive,2,0.25,5.0,4.217,25.09,33.85,0.0274,0.0850,0.0054,0.0924,0.0117,0.0987,0.0073,0.0142,0.1916,0.0210,0.1325,0.0039,0.1774,0.0103
1784801308.37,107,drive,0,0.5,5.0,4.217,25.09,33.85,0.0279,0.0875,0.0054,0.1075,0.0024,0.0997,0.0196,0.0098,0.1896,0.0132,0.1251,0.0156,0.1799,0.0122
1784801308.46,107,drive,1,0.5,5.0,4.217,25.09,33.85,0.0259,0.0890,0.0020,0.0929,0.0103,0.0978,0.0186,0.0147,0.1916,0.0161,0.1276,0.0196,0.1808,0.0005
1784801308.56,107,drive,2,0.5,5.0,4.217,25.09,33.85,0.0283,0.0973,0.0176,0.0948,0.0029,0.1002,0.0112,0.0044,0.1931,0.0147,0.1158,0.0161,0.1867,0.0127
1784801309.15,107,drive,0,0.75,5.0,4.217,25.09,33.85,0.0235,0.1012,0.0147,0.1105,0.0064,0.1056,0.0064,0.0137,0.1852,0.0147,0.1227,0.0191,0.1843,0.0108
1784801309.24,107,drive,1,0.75,5.0,4.217,25.09,33.85,0.0274,0.0841,0.0147,0.0929,0.0049,0.0904,0.0161,0.0108,0.1935,0.0235,0.1300,0.0108,0.1794,0.0029
1784801309.34,107,drive,2,0.75,5.0,4.217,25.09,33.85,0.0205,0.0767,0.0088,0.1041,0.0088,0.1012,0.0059,0.0205,0.1764,0.0274,0.1202,0.0083,0.1774,0.0137
1784801309.93,107,drive,0,1.0,5.0,4.217,25.09,33.85,0.0347,0.1046,0.0068,0.1012,0.0068,0.1041,0.0093,0.0068,0.1882,0.0176,0.1153,0.0191,0.1774,0.0098
1784801310.03,107,drive,1,1.0,5.0,4.217,25.09,33.85,0.0254,0.0938,0.0039,0.1041,0.0064,0.1056,0.0088,0.0254,0.1877,0.0122,0.1241,0.0152,0.1838,0.0088
1784801310.12,107,drive,2,1.0,5.0,4.217,25.09,33.85,0.0269,0.0948,0.0049,0.1002,0.0059,0.1026,0.0108,0.0264,0.1794,0.0191,0.1251,0.0181,0.1808,0.0059
1784801310.71,107,drive,0,1.25,5.0,4.217,25.09,33.85,0.0249,0.1007,0.0132,0.0992,0.0152,0.1056,0.0044,0.0059,0.1931,0.0152,0.1369,0.0132,0.1769,0.0083
1784801310.81,107,drive,1,1.25,5.0,4.217,25.09,33.85,0.0244,0.0899,0.0059,0.1007,0.0064,0.1036,0.0088,0.0191,0.1891,0.0254,0.1310,0.0020,0.1818,0.0122
1784801310.90,107,drive,2,1.25,5.0,4.217,25.09,33.85,0.0323,0.0924,0.0005,0.0987,0.0029,0.1017,0.0152,0.0147,0.1921,0.0181,0.1261,0.0059,0.1848,0.0010
1784801311.49,107,drive,0,1.5,5.0,4.217,25.09,33.85,0.0171,0.0924,0.0093,0.1134,0.0015,0.0963,0.0108,0.0054,0.2038,0.0122,0.1315,0.0049,0.1857,0.0147
1784801311.58,107,drive,1,1.5,5.0,4.217,25.09,33.85,0.0200,0.0870,0.0044,0.0997,0.0112,0.1022,0.0103,0.0122,0.1896,0.0181,0.1329,0.0034,0.1867,0.0044
1784801311.68,107,drive,2,1.5,5.0,4.217,25.09,33.85,0.0196,0.1183,0.0000,0.1046,0.0073,0.1017,0.0161,0.0049,0.1911,0.0235,0.1339,0.0029,0.1789,0.0029
1784801312.26,107,drive,0,1.75,5.0,4.217,25.09,33.85,0.0186,0.0948,0.0010,0.1061,0.0049,0.1046,0.0093,0.0117,0.1862,0.0039,0.1276,0.0029,0.1906,0.0005
1784801312.35,107,drive,1,1.75,5.0,4.217,25.09,33.85,0.0220,0.0762,0.0039,0.0978,0.0122,0.1041,0.0024,0.0171,0.1848,0.0200,0.1124,0.0024,0.1852,0.0029
1784801312.45,107,drive,2,1.75,5.0,4.217,25.09,33.85,0.0200,0.0919,0.0024,0.1051,0.0044,0.1012,0.0083,0.0073,0.1921,0.0112,0.1232,0.0044,0.1906,0.0015
1784801313.04,107,drive,0,2.0,5.0,4.217,25.09,33.85,0.0156,0.0968,0.0054,0.1012,0.0147,0.1080,0.0049,0.0337,0.1921,0.0147,0.1134,0.0054,0.1828,0.0112
1784801313.13,107,drive,1,2.0,5.0,4.217,25.09,33.85,0.0161,0.0958,0.0059,0.0997,0.0269,0.1041,0.0108,0.0083,0.1901,0.0239,0.1241,0.0034,0.1955,0.0059
1784801313.23,107,drive,2,2.0,5.0,4.217,25.09,33.85,0.0269,0.0890,0.0171,0.0978,0.0010,0.1041,0.0112,0.0078,0.1828,0.0137,0.1237,0.0181,0.1833,0.0073
1784801313.89,108,base,0,0.0,5.0,4.257,25.09,33.85,0.0186,0.0816,0.0029,0.0973,0.0161,0.1026,0.0186,0.0176,0.1901,0.0308,0.1207,0.0059,0.1730,0.0039
1784801313.98,108,base,1,0.0,5.0,4.257,25.09,33.85,0.0357,0.0802,0.0034,0.0924,0.0039,0.1012,0.0274,0.0103,0.1921,0.0283,0.1276,0.0049,0.1833,0.0020
1784801314.08,108,base,2,0.0,5.0,4.257,25.09,33.85,0.0225,0.0870,0.0034,0.1012,0.0196,0.1046,0.0049,0.0225,0.1877,0.0254,0.1295,0.0044,0.1940,0.0054
1784801314.66,108,drive,0,0.25,5.0,4.257,25.09,33.85,0.0210,0.0875,0.0024,0.1017,0.0191,0.1041,0.0064,0.0239,0.1901,0.0244,0.1281,0.0054,0.1833,0.0049
1784801314.75,108,drive,1,0.25,5.0,4.257,25.09,33.85,0.0156,0.0948,0.0098,0.0982,0.0367,0.0997,0.0034,0.0239,0.1862,0.0122,0.1100,0.0024,0.1808,0.0191
1784801314.85,108,drive,2,0.25,5.0,4.257,25.09,33.85,0.0215,0.0929,0.0142,0.1007,0.0064,0.1065,0.0044,0.0264,0.1989,0.0078,0.1256,0.0068,0.1852,0.0239
1784801315.44,108,drive,0,0.5,5.0,4.257,25.09,33.85,0.0186,0.0929,0.0000,0.1017,0.0000,0.1056,0.0034,0.0054,0.1896,0.0083,0.1232,0.0020,0.1867,0.0024
1784801315.53,108,drive,1,0.5,5.0,4.257,25.09,33.85,0.0225,0.0885,0.0000,0.1017,0.0005,0.1007,0.0034,0.0064,0.1887,0.0122,0.1266,0.0015,0.1838,0.0005
1784801315.63,108,drive,2,0.5,5.0,4.257,25.09,33.85,0.0215,0.0885,0.0015,0.0997,0.0005,0.1017,0.0015,0.0054,0.1891,0.0117,0.1251,0.0005,0.1852,0.0020
1784801316.22,108,drive,0,0.75,5.0,4.257,25.09,33.85,0.0191,0.0894,0.0000,0.1017,0.0015,0.1007,0.0024,0.0073,0.1887,0.0098,0.1241,0.0020,0.1843,0.0000
1784801316.32,108,drive,1,0.75,5.0,4.257,25.09,33.85,0.0191,0.0894,0.0015,0.0982,0.0000,0.1046,0.0015,0.0064,0.1901,0.0117,0.1271,0.0020,0.1867,0.0000
1784801316.41,108,drive,2,0.75,5.0,4.257,25.09,33.85,0.0176,0.0914,0.0005,0.1002,0.0000,0.1041,0.0044,0.0054,0.1906,0.0117,0.1232,0.0024,0.1843,0.0005
1784801317.00,108,drive,0,1.0,5.0,4.257,25.09,33.85,0.0161,0.0904,0.0000,0.1017,0.0005,0.1046,0.0024,0.0054,0.1896,0.0108,0.1276,0.0015,0.1843,0.0015
1784801317.10,108,drive,1,1.0,5.0,4.257,25.09,33.85,0.0191,0.0899,0.0005,0.1041,0.0000,0.1041,0.0039,0.0068,0.1896,0.0122,0.1271,0.0029,0.1852,0.0005
1784801317.19,108,drive,2,1.0,5.0,4.257,25.09,33.85,0.0235,0.0899,0.0000,0.0968,0.0000,0.1041,0.0044,0.0054,0.1906,0.0093,0.1207,0.0005,0.1848,0.0000
1784801317.78,108,drive,0,1.25,5.0,4.257,25.09,33.85,0.0186,0.0909,0.0020,0.1007,0.0005,0.1002,0.0029,0.0068,0.1906,0.0112,0.1237,0.0015,0.1828,0.0000
1784801317.87,108,drive,1,1.25,5.0,4.257,25.09,33.85,0.0225,0.0875,0.0005,0.0973,0.0015,0.1012,0.0054,0.0049,0.1911,0.0108,0.1232,0.0015,0.1838,0.0000
1784801317.97,108,drive,2,1.25,5.0,4.257,25.09,33.85,0.0191,0.0909,0.0000,0.0968,0.0005,0.1036,0.0024,0.0039,0.1906,0.0108,0.1261,0.0054,0.1862,0.0000
1784801318.55,108,drive,0,1.5,5.0,4.257,25.09,33.85,0.0210,0.0885,0.0029,0.1007,0.0000,0.1022,0.0029,0.0083,0.1891,0.0112,0.1232,0.0015,0.1843,0.0005
1784801318.65,108,drive,1,1.5,5.0,4.257,25.09,33.85,0.0181,0.0909,0.0000,0.0987,0.0005,0.1031,0.0024,0.0064,0.1887,0.0127,0.1232,0.0005,0.1843,0.0000
1784801318.74,108,drive,2,1.5,5.0,4.257,25.09,33.85,0.0181,0.0909,0.0000,0.0987,0.0000,0.1031,0.0059,0.0059,0.1926,0.0112,0.1276,0.0005,0.1857,0.0000
1784801319.33,108,drive,0,1.75,5.0,4.257,25.09,33.85,0.0186,0.0904,0.0010,0.0997,0.0000,0.1046,0.0024,0.0054,0.1911,0.0108,0.1256,0.0034,0.1833,0.0000
1784801319.42,108,drive,1,1.75,5.0,4.257,25.09,33.85,0.0181,0.0894,0.0000,0.0992,0.0000,0.1041,0.0044,0.0078,0.1877,0.0108,0.1256,0.0010,0.1852,0.0005
1784801319.52,108,drive,2,1.75,5.0,4.257,25.09,33.85,0.0230,0.0914,0.0000,0.0973,0.0000,0.1056,0.0029,0.0054,0.1862,0.0108,0.1246,0.0015,0.1838,0.0000
1784801320.11,108,drive,0,2.0,5.0,4.257,25.09,33.85,0.0239,0.0894,0.0000,0.1007,0.0010,0.1041,0.0020,0.0049,0.1926,0.0093,0.1261,0.0010,0.1843,0.0000
1784801320.20,108,drive,1,2.0,5.0,4.257,25.09,33.85,0.0215,0.0870,0.0000,0.1007,0.0000,0.1041,0.0034,0.0034,0.1891,0.0088,0.1251,0.0020,0.1808,0.0000
1784801320.30,108,drive,2,2.0,5.0,4.257,25.09,33.85,0.0191,0.0880,0.0015,0.1012,0.0010,0.0938,0.0034,0.0039,0.1931,0.0103,0.1266,0.0024,0.1857,0.0005
1784801320.97,109,base,0,0.0,5.0,4.197,25.09,33.85,0.0225,0.0904,0.0005,0.0992,0.0005,0.1022,0.0024,0.0059,0.1926,0.0137,0.1266,0.0020,0.1828,0.0005
1784801321.06,109,base,1,0.0,5.0,4.197,25.09,33.85,0.0171,0.0894,0.0000,0.1012,0.0020,0.1026,0.0024,0.0073,0.1882,0.0078,0.1246,0.0010,0.1857,0.0005
1784801321.16,109,base,2,0.0,5.0,4.197,25.09,33.85,0.0200,0.0890,0.0000,0.1007,0.0010,0.1041,0.0044,0.0049,0.1891,0.0108,0.1266,0.0024,0.1882,0.0000
1784801321.75,109,drive,0,0.25,5.0,4.197,25.09,33.85,0.0205,0.0885,0.0000,0.1061,0.0005,0.1065,0.0005,0.0054,0.1901,0.0142,0.1227,0.0034,0.1823,0.0005
1784801321.85,109,drive,1,0.25,5.0,4.197,25.09,33.85,0.0210,0.0934,0.0000,0.1002,0.0000,0.0997,0.0034,0.0034,0.1931,0.0137,0.1241,0.0034,0.1862,0.0000
1784801321.94,109,drive,2,0.25,5.0,4.197,25.09,33.85,0.0181,0.0948,0.0005,0.1002,0.0005,0.1041,0.0044,0.0034,0.1887,0.0122,0.1266,0.0015,0.1848,0.0005
1784801322.53,109,drive,0,0.5,5.0,4.197,25.09,33.85,0.0186,0.0919,0.0010,0.0958,0.0005,0.1017,0.0039,0.0024,0.1926,0.0117,0.1276,0.0029,0.1843,0.0000
1784801322.63,109,drive,1,0.5,5.0,4.197,25.09,33.85,0.0191,0.0894,0.0000,0.0963,0.0000,0.1022,0.0034,0.0054,0.1887,0.0122,0.1232,0.0029,0.1828,0.0000
1784801322.72,109,drive,2,0.5,5.0,4.197,25.09,33.85,0.0196,0.0899,0.0000,0.1026,0.0005,0.1012,0.0010,0.0049,0.1887,0.0103,0.1256,0.0020,0.1828,0.0000
1784801323.30,109,drive,0,0.75,5.0,4.197,25.09,33.85,0.0200,0.0938,0.0005,0.1036,0.0005,0.1007,0.0005,0.0049,0.1901,0.0137,0.1241,0.0010,0.1804,0.0000
1784801323.40,109,drive,1,0.75,5.0,4.197,25.09,33.85,0.0230,0.0890,0.0000,0.1022,0.0000,0.1022,0.0039,0.0044,0.1862,0.0156,0.1246,0.0005,0.1838,0.0000
1784801323.49,109,drive,2,0.75,5.0,4.197,25.09,33.85,0.0210,0.0919,0.0010,0.0963,0.0000,0.1017,0.0034,0.0034,0.1921,0.0108,0.1246,0.0010,0.1857,0.0000
1784801324.09,109,drive,0,1.0,5.0,4.197,25.09,33.85,0.0205,0.0929,0.0005,0.0982,0.0005,0.1017,0.0049,0.0059,0.1877,0.0103,0.1251,0.0020,0.1818,0.0005
1784801324.18,109,drive,1,1.0,5.0,4.197,25.09,33.85,0.0171,0.0919,0.0000,0.1036,0.0005,0.1056,0.0029,0.0073,0.1882,0.0098,0.1281,0.0010,0.1877,0.0000
1784801324.28,109,drive,2,1.0,5.0,4.197,25.09,33.85,0.0191,0.0914,0.0000,0.1017,0.0015,0.1065,0.0020,0.0068,0.1896,0.0103,0.1256,0.0010,0.1828,0.0000
1784801324.87,109,drive,0,1.25,5.0,4.197,25.09,33.85,0.0210,0.0943,0.0000,0.0997,0.0010,0.1022,0.0029,0.0044,0.1896,0.0103,0.1281,0.0024,0.1862,0.0005
1784801324.96,109,drive,1,1.25,5.0,4.197,25.09,33.85,0.0196,0.0909,0.0000,0.0992,0.0000,0.1017,0.0024,0.0044,0.1882,0.0117,0.1276,0.0020,0.1833,0.0000
1784801325.06,109,drive,2,1.25,5.0,4.197,25.09,33.85,0.0186,0.0904,0.0005,0.0963,0.0015,0.1026,0.0029,0.0049,0.1906,0.0103,0.1285,0.0054,0.1843,0.0000
1784801325.64,109,drive,0,1.5,5.0,4.197,25.09,33.85,0.0181,0.0890,0.0005,0.0973,0.0010,0.1031,0.0039,0.0054,0.1891,0.0108,0.1251,0.0005,0.1843,0.0000
1784801325.74,109,drive,1,1.5,5.0,4.197,25.09,33.85,0.0230,0.0875,0.0010,0.1002,0.0005,0.1031,0.0039,0.0020,0.1906,0.0108,0.1261,0.0029,0.1818,0.0005
1784801325.83,109,drive,2,1.5,5.0,4.197,25.09,33.85,0.0225,0.0899,0.0000,0.0973,0.0000,0.1022,0.0034,0.0093,0.1882,0.0078,0.1227,0.0049,0.1852,0.0010
1784801326.42,109,drive,0,1.75,5.0,4.197,25.09,33.85,0.0181,0.0919,0.0005,0.1007,0.0005,0.1017,0.0029,0.0068,0.1867,0.0108,0.1266,0.0044,0.1833,0.0000
1784801326.52,109,drive,1,1.75,5.0,4.197,25.09,33.85,0.0215,0.0870,0.0000,0.0982,0.0000,0.1036,0.0044,0.0049,0.1896,0.0137,0.1246,0.0020,0.1838,0.0000
1784801326.61,109,drive,2,1.75,5.0,4.197,25.09,33.85,0.0176,0.0860,0.0010,0.0968,0.0000,0.1012,0.0044,0.0103,0.1877,0.0127,0.1266,0.0029,0.1813,0.0005
1784801327.21,109,drive,0,2.0,5.0,4.197,25.09,33.85,0.0171,0.0924,0.0005,0.1031,0.0024,0.1051,0.0024,0.0039,0.1896,0.0117,0.1276,0.0000,0.1843,0.0000
1784801327.30,109,drive,1,2.0,5.0,4.197,25.09,33.85,0.0220,0.0904,0.0000,0.0973,0.0010,0.1026,0.0029,0.0083,0.1906,0.0142,0.1237,0.0024,0.1799,0.0005
1784801327.39,109,drive,2,2.0,5.0,4.197,25.09,33.85,0.0215,0.0894,0.0005,0.1017,0.0000,0.1007,0.0034,0.0054,0.1891,0.0147,0.1251,0.0000,0.1818,0.0000
1784801328.05,110,base,0,0.0,5.0,4.197,25.09,33.86,0.0191,0.0899,0.0005,0.1022,0.0000,0.1002,0.0005,0.0064,0.1862,0.0147,0.1246,0.0015,0.1818,0.0010
1784801328.14,110,base,1,0.0,5.0,4.197,25.09,33.86,0.0161,0.0924,0.0005,0.0992,0.0000,0.1041,0.0020,0.0034,0.1901,0.0112,0.1246,0.0015,0.1823,0.0005
1784801328.24,110,base,2,0.0,5.0,4.197,25.09,33.86,0.0205,0.0924,0.0000,0.1002,0.0000,0.1036,0.0039,0.0049,0.1906,0.0108,0.1251,0.0010,0.1862,0.0000
1784801328.83,110,drive,0,0.25,5.0,4.197,25.09,33.86,0.0215,0.0904,0.0010,0.0997,0.0000,0.1026,0.0034,0.0044,0.1848,0.0112,0.1266,0.0029,0.1852,0.0000
1784801328.93,110,drive,1,0.25,5.0,4.197,25.09,33.86,0.0191,0.0885,0.0000,0.1017,0.0000,0.1061,0.0029,0.0044,0.1882,0.0117,0.1232,0.0044,0.1823,0.0000
1784801329.02,110,drive,2,0.25,5.0,4.197,25.09,33.86,0.0230,0.0890,0.0010,0.1007,0.0000,0.1046,0.0020,0.0044,0.1916,0.0117,0.1251,0.0020,0.1838,0.0000
1784801329.61,110,drive,0,0.5,5.0,4.197,25.09,33.86,0.0215,0.0885,0.0000,0.0987,0.0000,0.1056,0.0010,0.0054,0.1896,0.0098,0.1281,0.0005,0.1828,0.0010
1784801329.70,110,drive,1,0.5,5.0,4.197,25.09,33.86,0.0186,0.0904,0.0005,0.1022,0.0000,0.1046,0.0029,0.0049,0.1896,0.0112,0.1237,0.0029,0.1867,0.0000
1784801329.80,110,drive,2,0.5,5.0,4.197,25.09,33.86,0.0215,0.0894,0.0005,0.1002,0.0005,0.1017,0.0015,0.0054,0.1921,0.0112,0.1261,0.0029,0.1857,0.0005
1784801330.39,110,drive,0,0.75,5.0,4.197,25.09,33.86,0.0191,0.0880,0.0015,0.1036,0.0015,0.1070,0.0039,0.0049,0.1877,0.0098,0.1241,0.0000,0.1848,0.0000
1784801330.48,110,drive,1,0.75,5.0,4.197,25.09,33.86,0.0171,0.0914,0.0000,0.1012,0.0010,0.1026,0.0039,0.0073,0.1882,0.0103,0.1271,0.0015,0.1848,0.0000
1784801330.58,110,drive,2,0.75,5.0,4.197,25.09,33.86,0.0205,0.0924,0.0024,0.1017,0.0010,0.1041,0.0034,0.0064,0.1901,0.0122,0.1266,0.0000,0.1857,0.0005
1784801331.16,110,drive,0,1.0,5.0,4.197,25.09,33.86,0.0205,0.0860,0.0010,0.0992,0.0005,0.1056,0.0015,0.0029,0.1877,0.0108,0.1276,0.0005,0.1857,0.0000
1784801331.26,110,drive,1,1.0,5.0,4.197,25.09,33.86,0.0200,0.0880,0.0000,0.1026,0.0000,0.1065,0.0010,0.0054,0.1940,0.0103,0.1232,0.0039,0.1877,0.0000
1784801331.35,110,drive,2,1.0,5.0,4.197,25.09,33.86,0.0166,0.0919,0.0005,0.1017,0.0000,0.1026,0.0024,0.0024,0.1911,0.0103,0.1276,0.0005,0.1833,0.0015
1784801331.94,110,drive,0,1.25,5.0,4.197,25.09,33.86,0.0181,0.0919,0.0005,0.0992,0.0000,0.1031,0.0029,0.0059,0.1887,0.0093,0.1227,0.0015,0.1862,0.0000
1784801332.04,110,drive,1,1.25,5.0,4.197,25.09,33.86,0.0215,0.0875,0.0000,0.1026,0.0000,0.1022,0.0034,0.0078,0.1882,0.0108,0.1251,0.0005,0.1848,0.0000
1784801332.13,110,drive,2,1.25,5.0,4.197,25.09,33.86,0.0210,0.0885,0.0000,0.0987,0.0000,0.1026,0.0024,0.0054,0.1887,0.0132,0.1281,0.0039,0.1818,0.0010
1784801332.72,110,drive,0,1.5,5.0,4.197,25.09,33.86,0.0220,0.0880,0.0000,0.1026,0.0000,0.1017,0.0034,0.0039,0.1911,0.0112,0.1266,0.0005,0.1857,0.0000
1784801332.82,110,drive,1,1.5,5.0,4.197,25.09,33.86,0.0186,0.0934,0.0005,0.1012,0.0010,0.1017,0.0049,0.0024,0.1911,0.0117,0.1266,0.0000,0.1823,0.0005
1784801332.91,110,drive,2,1.5,5.0,4.197,25.09,33.86,0.0225,0.0890,0.0000,0.1007,0.0005,0.1017,0.0015,0.0068,0.1891,0.0122,0.1276,0.0039,0.1838,0.0000
1784801333.50,110,drive,0,1.75,5.0,4.197,25.09,33.86,0.0225,0.0894,0.0000,0.1022,0.0005,0.1002,0.0039,0.0034,0.1882,0.0117,0.1271,0.0010,0.1852,0.0005
1784801333.60,110,drive,1,1.75,5.0,4.197,25.09,33.86,0.0191,0.0929,0.0000,0.0997,0.0005,0.1046,0.0010,0.0039,0.1872,0.0088,0.1232,0.0015,0.1848,0.0010
1784801333.69,110,drive,2,1.75,5.0,4.197,25.09,33.86,0.0176,0.0934,0.0015,0.1012,0.0000,0.1041,0.0029,0.0024,0.1916,0.0108,0.1271,0.0005,0.1808,0.0000
1784801334.28,110,drive,0,2.0,5.0,4.197,25.09,33.86,0.0181,0.0855,0.0010,0.0997,0.0000,0.1031,0.0029,0.0034,0.1926,0.0117,0.1237,0.0015,0.1867,0.0005
1784801334.37,110,drive,1,2.0,5.0,4.197,25.09,33.86,0.0200,0.0870,0.0000,0.1017,0.0000,0.1022,0.0024,0.0049,0.1916,0.0122,0.1251,0.0015,0.1857,0.0000
1784801334.47,110,drive,2,2.0,5.0,4.197,25.09,33.86,0.0196,0.0894,0.0010,0.1022,0.0005,0.1007,0.0015,0.0083,0.1867,0.0103,0.1232,0.0029,0.1808,0.0000
1784801335.14,111,base,0,0.0,5.0,4.197,25.09,33.87,0.0196,0.0929,0.0015,0.0973,0.0000,0.1051,0.0010,0.0049,0.1906,0.0108,0.1261,0.0000,0.1857,0.0000
1784801335.24,111,base,1,0.0,5.0,4.197,25.09,33.87,0.0235,0.0875,0.0020,0.1012,0.0005,0.1031,0.0024,0.0059,0.1887,0.0093,0.1266,0.0005,0.1838,0.0005
1784801335.33,111,base,2,0.0,5.0,4.197,25.09,33.87,0.0235,0.0880,0.0000,0.1002,0.0000,0.1051,0.0024,0.0039,0.1887,0.0112,0.1241,0.0039,0.1848,0.0010
1784801335.92,111,drive,0,0.25,5.0,4.197,25.09,33.87,0.0205,0.0875,0.0015,0.1007,0.0020,0.1056,0.0034,0.0054,0.1901,0.0137,0.1266,0.0054,0.1852,0.0005
1784801336.01,111,drive,1,0.25,5.0,4.197,25.09,33.87,0.0181,0.0880,0.0005,0.0992,0.0005,0.1017,0.0020,0.0073,0.1882,0.0088,0.1290,0.0039,0.1833,0.0015
1784801336.11,111,drive,2,0.25,5.0,4.197,25.09,33.87,0.0215,0.0909,0.0005,0.1041,0.0005,0.1046,0.0054,0.0073,0.1857,0.0137,0.1246,0.0020,0.1857,0.0005
1784801336.69,111,drive,0,0.5,5.0,4.197,25.09,33.87,0.0440,0.0836,0.0093,0.1065,0.0112,0.0992,0.0093,0.0342,0.1891,0.0220,0.1310,0.0117,0.1740,0.0083
1784801336.79,111,drive,1,0.5,5.0,4.197,25.09,33.87,0.0342,0.0797,0.0171,0.1061,0.0122,0.0855,0.0225,0.0137,0.1764,0.0176,0.1320,0.0103,0.1813,0.0235
1784801336.88,111,drive,2,0.5,5.0,4.197,25.09,33.87,0.0308,0.1114,0.0205,0.0929,0.0122,0.0982,0.0093,0.0161,0.2053,0.0269,0.1212,0.0244,0.1901,0.0088
1784801337.48,111,drive,0,0.75,5.0,4.197,25.09,33.87,0.0386,0.0885,0.0020,0.1046,0.0020,0.1100,0.0176,0.0078,0.1843,0.0152,0.1261,0.0259,0.1833,0.0015
1784801337.57,111,drive,1,0.75,5.0,4.197,25.09,33.87,0.0244,0.0904,0.0117,0.0992,0.0127,0.0997,0.0054,0.0337,0.1999,0.0152,0.1251,0.0122,0.1867,0.0171
1784801337.67,111,drive,2,0.75,5.0,4.197,25.09,33.87,0.0235,0.0699,0.0005,0.0987,0.0132,0.0992,0.0166,0.0152,0.1926,0.0279,0.1158,0.0064,0.1906,0.0088
1784801338.26,111,drive,0,1.0,5.0,4.197,25.09,33.87,0.0459,0.0850,0.0059,0.0987,0.0049,0.0924,0.0156,0.0088,0.1935,0.0205,0.1212,0.0420,0.1828,0.0039
1784801338.35,111,drive,1,1.0,5.0,4.197,25.09,33.87,0.0230,0.0914,0.0039,0.0978,0.0249,0.1046,0.0279,0.0166,0.1916,0.0347,0.1153,0.0059,0.1769,0.0044
1784801338.45,111,drive,2,1.0,5.0,4.197,25.09,33.87,0.0337,0.0802,0.0029,0.0982,0.0098,0.0987,0.0376,0.0117,0.1926,0.0347,0.1178,0.0068,0.1804,0.0029
1784801339.03,111,drive,0,1.25,5.0,4.197,25.09,33.87,0.0259,0.0870,0.0039,0.1046,0.0044,0.1070,0.0112,0.0083,0.1862,0.0147,0.1193,0.0083,0.1804,0.0029
1784801339.13,111,drive,1,1.25,5.0,4.197,25.09,33.87,0.0337,0.0894,0.0059,0.0992,0.0029,0.1022,0.0024,0.0078,0.1867,0.0166,0.1149,0.0127,0.1891,0.0000
1784801339.22,111,drive,2,1.25,5.0,4.197,25.09,33.87,0.0176,0.0948,0.0020,0.0982,0.0093,0.1012,0.0078,0.0112,0.1906,0.0205,0.1139,0.0029,0.1696,0.0064
1784801339.81,111,drive,0,1.5,5.0,4.197,25.09,33.87,0.0239,0.0890,0.0093,0.1036,0.0112,0.0958,0.0034,0.0132,0.1891,0.0230,0.1124,0.0103,0.1760,0.0068
1784801339.91,111,drive,1,1.5,5.0,4.197,25.09,33.87,0.0186,0.0973,0.0024,0.1075,0.0078,0.1036,0.0093,0.0093,0.1906,0.0196,0.1168,0.0083,0.1828,0.0034
1784801340.00,111,drive,2,1.5,5.0,4.197,25.09,33.87,0.0269,0.0934,0.0108,0.1100,0.0034,0.1046,0.0024,0.0137,0.1950,0.0132,0.1124,0.0088,0.1833,0.0024
1784801340.59,111,drive,0,1.75,5.0,4.197,25.09,33.87,0.0191,0.0899,0.0015,0.1056,0.0044,0.1041,0.0117,0.0059,0.2019,0.0225,0.1124,0.0073,0.1730,0.0015
1784801340.69,111,drive,1,1.75,5.0,4.197,25.09,33.87,0.0230,0.0953,0.0073,0.1070,0.0024,0.1095,0.0083,0.0083,0.1843,0.0200,0.1061,0.0044,0.1784,0.0068
1784801340.78,111,drive,2,1.75,5.0,4.197,25.09,33.87,0.0230,0.0831,0.0098,0.1061,0.0039,0.1051,0.0122,0.0098,0.1931,0.0230,0.1119,0.0039,0.1784,0.0054
1784801341.38,111,drive,0,2.0,5.0,4.197,25.09,33.87,0.0235,0.0880,0.0088,0.1051,0.0034,0.1041,0.0093,0.0034,0.1887,0.0249,0.1070,0.0068,0.1794,0.0152
1784801341.47,111,drive,1,2.0,5.0,4.197,25.09,33.87,0.0210,0.0963,0.0039,0.1085,0.0029,0.1124,0.0098,0.0054,0.1877,0.0254,0.1090,0.0064,0.1828,0.0064
1784801341.56,111,drive,2,2.0,5.0,4.197,25.09,33.87,0.0225,0.0904,0.0020,0.1031,0.0098,0.1085,0.0161,0.0161,0.1906,0.0259,0.1090,0.0024,0.1657,0.0068
1784801342.22,112,base,0,0.0,5.0,4.197,25.09,33.87,0.0181,0.0855,0.0015,0.1026,0.0029,0.1046,0.0112,0.0127,0.1891,0.0142,0.1246,0.0044,0.1906,0.0064
1784801342.31,112,base,1,0.0,5.0,4.197,25.09,33.87,0.0181,0.0934,0.0073,0.1022,0.0039,0.1065,0.0098,0.0024,0.1852,0.0137,0.1281,0.0029,0.1823,0.0108
1784801342.41,112,base,2,0.0,5.0,4.197,25.09,33.87,0.0171,0.1012,0.0024,0.0982,0.0049,0.1051,0.0083,0.0059,0.1891,0.0103,0.1276,0.0073,0.1906,0.0034
1784801343.00,112,drive,0,0.25,5.0,4.197,25.09,33.87,0.0196,0.0934,0.0068,0.1051,0.0015,0.1051,0.0054,0.0122,0.1891,0.0186,0.1261,0.0068,0.1955,0.0034
1784801343.10,112,drive,1,0.25,5.0,4.197,25.09,33.87,0.0181,0.0875,0.0020,0.0929,0.0034,0.1026,0.0059,0.0186,0.1901,0.0156,0.1217,0.0108,0.1843,0.0000
1784801343.19,112,drive,2,0.25,5.0,4.197,25.09,33.87,0.0186,0.0899,0.0010,0.0934,0.0039,0.1007,0.0122,0.0103,0.1921,0.0166,0.1217,0.0054,0.1848,0.0034
1784801343.78,112,drive,0,0.5,5.0,4.197,25.09,33.87,0.0230,0.0870,0.0083,0.0987,0.0024,0.1002,0.0093,0.0127,0.1867,0.0147,0.1295,0.0078,0.1833,0.0073
1784801343.88,112,drive,1,0.5,5.0,4.197,25.09,33.87,0.0176,0.0943,0.0034,0.0924,0.0078,0.0992,0.0088,0.0083,0.1838,0.0166,0.1310,0.0093,0.1799,0.0054
1784801343.97,112,drive,2,0.5,5.0,4.197,25.09,33.87,0.0342,0.0948,0.0015,0.0997,0.0073,0.1017,0.0112,0.0122,0.1970,0.0142,0.1256,0.0059,0.1799,0.0073
1784801344.56,112,drive,0,0.75,5.0,4.197,25.09,33.87,0.0303,0.0846,0.0034,0.0992,0.0117,0.1026,0.0020,0.0103,0.1906,0.0191,0.1202,0.0083,0.1823,0.0020
1784801344.65,112,drive,1,0.75,5.0,4.197,25.09,33.87,0.0200,0.0890,0.0122,0.0943,0.0073,0.1070,0.0064,0.0112,0.1945,0.0171,0.1237,0.0044,0.1828,0.0083
1784801344.75,112,drive,2,0.75,5.0,4.197,25.09,33.87,0.0269,0.0919,0.0029,0.0992,0.0068,0.1056,0.0059,0.0078,0.1906,0.0117,0.1305,0.0039,0.1838,0.0029
1784801345.34,112,drive,0,1.0,5.0,4.197,25.09,33.87,0.0269,0.0885,0.0005,0.1002,0.0029,0.0987,0.0108,0.0127,0.2014,0.0171,0.1266,0.0024,0.1887,0.0029
1784801345.43,112,drive,1,1.0,5.0,4.197,25.09,33.87,0.0293,0.0880,0.0039,0.0963,0.0024,0.0978,0.0112,0.0073,0.1896,0.0112,0.1281,0.0156,0.1877,0.0039
1784801345.53,112,drive,2,1.0,5.0,4.197,25.09,33.87,0.0249,0.0914,0.0024,0.1007,0.0020,0.1065,0.0152,0.0098,0.1960,0.0176,0.1305,0.0015,0.1843,0.0029
1784801346.12,112,drive,0,1.25,5.0,4.197,25.09,33.87,0.0249,0.0987,0.0010,0.1036,0.0039,0.1002,0.0132,0.0083,0.1994,0.0088,0.1241,0.0073,0.1843,0.0020
1784801346.21,112,drive,1,1.25,5.0,4.197,25.09,33.87,0.0122,0.0899,0.0015,0.0997,0.0054,0.1002,0.0186,0.0073,0.1965,0.0108,0.1281,0.0176,0.1755,0.0010
1784801346.31,112,drive,2,1.25,5.0,4.197,25.09,33.87,0.0186,0.0982,0.0020,0.0958,0.0049,0.1022,0.0122,0.0108,0.1989,0.0142,0.1207,0.0039,0.1735,0.0034
1784801346.90,112,drive,0,1.5,5.0,4.197,25.09,33.87,0.0210,0.0987,0.0088,0.0963,0.0127,0.1022,0.0112,0.0112,0.1975,0.0132,0.1266,0.0064,0.1808,0.0073
1784801347.00,112,drive,1,1.5,5.0,4.197,25.09,33.87,0.0230,0.0860,0.0015,0.0968,0.0098,0.1022,0.0225,0.0191,0.1994,0.0274,0.1285,0.0005,0.1877,0.0034
1784801347.09,112,drive,2,1.5,5.0,4.197,25.09,33.87,0.0235,0.0934,0.0230,0.0997,0.0020,0.0963,0.0088,0.0093,0.1955,0.0127,0.1266,0.0137,0.1799,0.0181
1784801347.68,112,drive,0,1.75,5.0,4.197,25.09,33.87,0.0450,0.0875,0.0020,0.0924,0.0034,0.0987,0.0235,0.0093,0.1916,0.0176,0.1256,0.0367,0.1838,0.0020
1784801347.77,112,drive,1,1.75,5.0,4.197,25.09,33.87,0.0279,0.0987,0.0024,0.0987,0.0103,0.1012,0.0244,0.0137,0.1999,0.0274,0.1202,0.0024,0.1906,0.0034
1784801347.87,112,drive,2,1.75,5.0,4.197,25.09,33.87,0.0210,0.0904,0.0112,0.0978,0.0137,0.1022,0.0098,0.0269,0.1970,0.0122,0.1344,0.0064,0.1808,0.0244
1784801348.46,112,drive,0,2.0,5.0,4.197,25.09,33.87,0.0181,0.0885,0.0020,0.0943,0.0117,0.0978,0.0191,0.0156,0.1979,0.0367,0.1281,0.0068,0.1779,0.0049
1784801348.55,112,drive,1,2.0,5.0,4.197,25.09,33.87,0.0200,0.0894,0.0215,0.0987,0.0205,0.1002,0.0127,0.0288,0.1965,0.0117,0.1188,0.0059,0.1818,0.0279
1784801348.65,112,drive,2,2.0,5.0,4.197,25.09,33.87,0.0244,0.0890,0.0132,0.0968,0.0005,0.1075,0.0127,0.0117,0.1984,0.0112,0.1202,0.0186,0.1813,0.0098
1784801349.31,113,base,0,0.0,5.0,4.197,25.09,33.88,0.0318,0.0875,0.0020,0.0982,0.0039,0.0982,0.0142,0.0068,0.1935,0.0171,0.1222,0.0279,0.1896,0.0015
1784801349.40,113,base,1,0.0,5.0,4.197,25.09,33.88,0.0215,0.0880,0.0152,0.1065,0.0020,0.1095,0.0108,0.0049,0.1818,0.0098,0.1212,0.0161,0.1799,0.0088
1784801349.49,113,base,2,0.0,5.0,4.197,25.09,33.88,0.0181,0.0836,0.0064,0.0997,0.0298,0.1031,0.0054,0.0220,0.1926,0.0132,0.1193,0.0054,0.1833,0.0073
1784801350.08,113,drive,0,0.25,5.0,4.197,25.09,33.88,0.0171,0.0880,0.0000,0.0992,0.0010,0.1017,0.0034,0.0064,0.1911,0.0132,0.1256,0.0010,0.1833,0.0005
1784801350.17,113,drive,1,0.25,5.0,4.197,25.09,33.88,0.0186,0.0904,0.0005,0.0997,0.0000,0.1017,0.0024,0.0059,0.1896,0.0083,0.1276,0.0010,0.1833,0.0000
1784801350.27,113,drive,2,0.25,5.0,4.197,25.09,33.88,0.0191,0.0914,0.0000,0.1036,0.0005,0.1036,0.0020,0.0049,0.1921,0.0112,0.1261,0.0010,0.1794,0.0000
1784801350.86,113,drive,0,0.5,5.0,4.197,25.09,33.88,0.0220,0.0934,0.0000,0.1017,0.0000,0.1046,0.0020,0.0039,0.1921,0.0127,0.1237,0.0029,0.1843,0.0000
1784801350.95,113,drive,1,0.5,5.0,4.197,25.09,33.88,0.0249,0.0894,0.0005,0.1002,0.0010,0.1026,0.0015,0.0068,0.1906,0.0108,0.1276,0.0020,0.1867,0.0000
1784801351.05,113,drive,2,0.5,5.0,4.197,25.09,33.88,0.0220,0.0914,0.0000,0.1017,0.0000,0.1017,0.0044,0.0059,0.1916,0.0117,0.1295,0.0024,0.1852,0.0005
1784801351.64,113,drive,0,0.75,5.0,4.197,25.09,33.88,0.0186,0.0943,0.0000,0.1022,0.0010,0.1017,0.0034,0.0044,0.1916,0.0103,0.1290,0.0005,0.1857,0.0000
1784801351.73,113,drive,1,0.75,5.0,4.197,25.09,33.88,0.0200,0.0909,0.0000,0.1051,0.0000,0.1031,0.0039,0.0064,0.1940,0.0083,0.1271,0.0015,0.1813,0.0000
1784801351.83,113,drive,2,0.75,5.0,4.197,25.09,33.88,0.0215,0.0929,0.0000,0.1012,0.0010,0.1002,0.0039,0.0049,0.1940,0.0152,0.1276,0.0024,0.1877,0.0005
1784801352.42,113,drive,0,1.0,5.0,4.197,25.09,33.88,0.0230,0.0914,0.0005,0.1080,0.0000,0.1012,0.0015,0.0064,0.1950,0.0103,0.1305,0.0010,0.1848,0.0005
1784801352.52,113,drive,1,1.0,5.0,4.197,25.09,33.88,0.0176,0.0909,0.0005,0.1061,0.0000,0.1002,0.0010,0.0088,0.1931,0.0112,0.1320,0.0020,0.1862,0.0000
1784801352.61,113,drive,2,1.0,5.0,4.197,25.09,33.88,0.0220,0.0880,0.0005,0.1061,0.0005,0.1031,0.0005,0.0108,0.1955,0.0098,0.1295,0.0015,0.1862,0.0000
1784801353.20,113,drive,0,1.25,5.0,4.197,25.09,33.88,0.0220,0.0914,0.0005,0.1056,0.0015,0.1012,0.0015,0.0088,0.1975,0.0103,0.1334,0.0010,0.1867,0.0000
1784801353.29,113,drive,1,1.25,5.0,4.197,25.09,33.88,0.0239,0.0875,0.0005,0.1109,0.0000,0.1017,0.0000,0.0112,0.1989,0.0088,0.1315,0.0020,0.1857,0.0000
1784801353.39,113,drive,2,1.25,5.0,4.197,25.09,33.88,0.0215,0.0880,0.0005,0.1109,0.0015,0.1007,0.0005,0.0117,0.1955,0.0093,0.1334,0.0015,0.1833,0.0000
1784801353.98,113,drive,0,1.5,5.0,4.197,25.09,33.88,0.0225,0.0924,0.0005,0.1080,0.0015,0.1012,0.0010,0.0137,0.1979,0.0073,0.1334,0.0010,0.1872,0.0000
1784801354.08,113,drive,1,1.5,5.0,4.197,25.09,33.88,0.0191,0.0904,0.0005,0.1119,0.0010,0.1026,0.0024,0.0117,0.1979,0.0068,0.1378,0.0010,0.1843,0.0015
1784801354.17,113,drive,2,1.5,5.0,4.197,25.09,33.88,0.0220,0.0899,0.0005,0.1100,0.0005,0.1031,0.0005,0.0112,0.1979,0.0068,0.1325,0.0000,0.1862,0.0005
1784801354.75,113,drive,0,1.75,5.0,4.197,25.09,33.88,0.0230,0.0914,0.0000,0.1109,0.0005,0.1026,0.0005,0.0156,0.2004,0.0039,0.1383,0.0015,0.1852,0.0005
1784801354.85,113,drive,1,1.75,5.0,4.197,25.09,33.88,0.0239,0.0924,0.0005,0.1080,0.0029,0.1031,0.0015,0.0098,0.1950,0.0054,0.1373,0.0010,0.1848,0.0005
1784801354.94,113,drive,2,1.75,5.0,4.197,25.09,33.88,0.0200,0.0885,0.0005,0.1119,0.0005,0.1036,0.0039,0.0127,0.1984,0.0024,0.1369,0.0020,0.1862,0.0000
1784801355.53,113,drive,0,2.0,5.0,4.197,25.09,33.88,0.0210,0.0919,0.0015,0.1061,0.0020,0.1051,0.0010,0.0108,0.2009,0.0054,0.1320,0.0024,0.1877,0.0000
1784801355.62,113,drive,1,2.0,5.0,4.197,25.09,33.88,0.0205,0.0904,0.0005,0.1085,0.0044,0.1061,0.0024,0.0112,0.1994,0.0039,0.1344,0.0049,0.1872,0.0000
1784801355.72,113,drive,2,2.0,5.0,4.197,25.09,33.88,0.0225,0.0894,0.0000,0.1070,0.0020,0.1061,0.0024,0.0083,0.2019,0.0034,0.1349,0.0039,0.1867,0.0000
1784801356.38,114,base,0,0.0,5.0,4.177,25.09,33.88,0.0200,0.0938,0.0005,0.0973,0.0000,0.1012,0.0024,0.0039,0.1911,0.0112,0.1256,0.0010,0.1867,0.0015
1784801356.47,114,base,1,0.0,5.0,4.177,25.09,33.88,0.0264,0.0919,0.0000,0.0997,0.0005,0.1061,0.0039,0.0059,0.1887,0.0117,0.1227,0.0000,0.1838,0.0010
1784801356.56,114,base,2,0.0,5.0,4.177,25.09,33.88,0.0249,0.0904,0.0005,0.0992,0.0000,0.1026,0.0024,0.0054,0.1872,0.0132,0.1246,0.0015,0.1828,0.0000
1784801357.16,114,drive,0,0.25,5.0,4.177,25.09,33.88,0.0313,0.0948,0.0010,0.1041,0.0010,0.1041,0.0039,0.0073,0.1960,0.0137,0.1290,0.0044,0.1916,0.0015
1784801357.25,114,drive,1,0.25,5.0,4.177,25.09,33.88,0.0244,0.0943,0.0010,0.1056,0.0000,0.1061,0.0044,0.0108,0.1950,0.0147,0.1251,0.0049,0.1916,0.0015
1784801357.34,114,drive,2,0.25,5.0,4.177,25.09,33.88,0.0288,0.0929,0.0010,0.1026,0.0015,0.1070,0.0049,0.0068,0.1940,0.0137,0.1315,0.0049,0.1857,0.0005
1784801357.93,114,drive,0,0.5,5.0,4.177,25.09,33.88,0.0239,0.0973,0.0210,0.1017,0.0108,0.1256,0.0205,0.0176,0.1984,0.0249,0.1232,0.0147,0.2097,0.0103
1784801358.02,114,drive,1,0.5,5.0,4.177,25.09,33.88,0.0352,0.1002,0.0303,0.1036,0.0064,0.1124,0.0142,0.0230,0.1921,0.0342,0.1134,0.0103,0.1945,0.0122
1784801358.12,114,drive,2,0.5,5.0,4.177,25.09,33.88,0.0283,0.1065,0.0093,0.0973,0.0117,0.1139,0.0127,0.0210,0.2004,0.0230,0.1197,0.0254,0.1994,0.0068
1784801358.70,114,drive,0,0.75,5.0,4.177,25.09,33.88,0.0435,0.0880,0.0010,0.1144,0.0049,0.1080,0.0225,0.0083,0.1896,0.0181,0.1300,0.0244,0.1813,0.0044
1784801358.80,114,drive,1,0.75,5.0,4.177,25.09,33.88,0.0318,0.0904,0.0039,0.1031,0.0064,0.1109,0.0376,0.0127,0.1975,0.0303,0.1251,0.0073,0.1911,0.0044
1784801358.89,114,drive,2,0.75,5.0,4.177,25.09,33.88,0.0347,0.0953,0.0235,0.1017,0.0034,0.0924,0.0122,0.0078,0.2092,0.0166,0.1310,0.0342,0.1916,0.0103
1784801359.48,114,drive,0,1.0,5.0,4.177,25.09,33.88,0.0318,0.0841,0.0073,0.1017,0.0210,0.1036,0.0156,0.0210,0.1955,0.0347,0.1334,0.0068,0.1828,0.0078
1784801359.58,114,drive,1,1.0,5.0,4.177,25.09,33.88,0.0283,0.0963,0.0054,0.1080,0.0039,0.1046,0.0132,0.0108,0.1975,0.0132,0.1281,0.0254,0.1891,0.0029
1784801359.67,114,drive,2,1.0,5.0,4.177,25.09,33.88,0.0376,0.0943,0.0020,0.1105,0.0049,0.1031,0.0298,0.0083,0.1940,0.0220,0.1310,0.0132,0.1852,0.0039
1784801360.26,114,drive,0,1.25,5.0,4.177,25.09,33.88,0.0557,0.0978,0.0122,0.0880,0.0176,0.1158,0.0029,0.0352,0.2155,0.0249,0.1232,0.0249,0.2077,0.0142
1784801360.35,114,drive,1,1.25,5.0,4.177,25.09,33.88,0.0376,0.0919,0.0142,0.1105,0.0220,0.1114,0.0181,0.0313,0.1877,0.0210,0.1422,0.0117,0.1872,0.0108
1784801360.44,114,drive,2,1.25,5.0,4.177,25.09,33.88,0.0396,0.0714,0.0186,0.0919,0.0073,0.0958,0.0367,0.0215,0.1887,0.0337,0.1378,0.0210,0.1843,0.0235
1784801361.04,114,drive,0,1.5,5.0,4.177,25.09,33.88,0.0411,0.0929,0.0152,0.0865,0.0235,0.1026,0.0181,0.0225,0.2019,0.0244,0.1266,0.0249,0.1843,0.0103
1784801361.13,114,drive,1,1.5,5.0,4.177,25.09,33.88,0.0318,0.0992,0.0376,0.1232,0.0171,0.0826,0.0127,0.0244,0.2058,0.0225,0.1129,0.0171,0.1857,0.0176
1784801361.22,114,drive,2,1.5,5.0,4.177,25.09,33.88,0.0371,0.0953,0.0029,0.1046,0.0054,0.1026,0.0112,0.0073,0.1984,0.0166,0.1271,0.0205,0.1901,0.0054
1784801361.81,114,drive,0,1.75,5.0,4.177,25.09,33.88,0.0484,0.0875,0.0039,0.1012,0.0112,0.1090,0.0147,0.0142,0.1877,0.0186,0.1334,0.0176,0.1965,0.0122
1784801361.91,114,drive,1,1.75,5.0,4.177,25.09,33.88,0.0323,0.0919,0.0073,0.0978,0.0171,0.1036,0.0137,0.0337,0.1994,0.0147,0.1305,0.0152,0.1872,0.0073
1784801362.00,114,drive,2,1.75,5.0,4.177,25.09,33.88,0.0298,0.0890,0.0132,0.1046,0.0244,0.0924,0.0127,0.0210,0.1931,0.0176,0.1285,0.0176,0.1833,0.0239
1784801362.59,114,drive,0,2.0,5.0,4.177,25.09,33.88,0.0455,0.0860,0.0156,0.1065,0.0054,0.1197,0.0098,0.0117,0.1901,0.0147,0.1232,0.0161,0.1994,0.0088
1784801362.69,114,drive,1,2.0,5.0,4.177,25.09,33.88,0.0362,0.0899,0.0044,0.0948,0.0059,0.1012,0.0323,0.0078,0.1979,0.0269,0.1290,0.0323,0.1891,0.0054
1784801362.78,114,drive,2,2.0,5.0,4.177,25.09,33.88,0.0313,0.0880,0.0039,0.0934,0.0108,0.1085,0.0186,0.0176,0.1975,0.0332,0.1285,0.0127,0.1828,0.0039
1784801363.45,115,base,0,0.0,5.0,4.197,25.09,33.89,0.0318,0.0860,0.0166,0.0929,0.0059,0.1134,0.0064,0.0127,0.1740,0.0225,0.1193,0.0161,0.1931,0.0108
1784801363.55,115,base,1,0.0,5.0,4.197,25.09,33.89,0.0264,0.0841,0.0059,0.1007,0.0034,0.1085,0.0073,0.0137,0.1843,0.0147,0.1232,0.0044,0.1940,0.0112
1784801363.64,115,base,2,0.0,5.0,4.197,25.09,33.89,0.0225,0.0894,0.0098,0.0943,0.0064,0.0987,0.0054,0.0112,0.1813,0.0249,0.1193,0.0098,0.1789,0.0122
1784801364.23,115,drive,0,0.25,5.0,4.197,25.09,33.89,0.0254,0.0929,0.0093,0.0924,0.0024,0.0973,0.0166,0.0132,0.1891,0.0176,0.1212,0.0132,0.1857,0.0137
1784801364.33,115,drive,1,0.25,5.0,4.197,25.09,33.89,0.0166,0.0914,0.0112,0.0953,0.0142,0.1046,0.0132,0.0147,0.1916,0.0161,0.1178,0.0093,0.1823,0.0122
1784801364.42,115,drive,2,0.25,5.0,4.197,25.09,33.89,0.0362,0.0899,0.0093,0.0987,0.0088,0.1031,0.0059,0.0103,0.1896,0.0186,0.1266,0.0127,0.1901,0.0132
1784801365.01,115,drive,0,0.5,5.0,4.197,25.09,33.89,0.0254,0.0934,0.0078,0.1012,0.0000,0.1144,0.0044,0.0225,0.1813,0.0279,0.1193,0.0093,0.1833,0.0093
1784801365.11,115,drive,1,0.5,5.0,4.197,25.09,33.89,0.0191,0.0836,0.0161,0.1022,0.0078,0.1031,0.0112,0.0147,0.1828,0.0186,0.1105,0.0156,0.1789,0.0108
1784801365.20,115,drive,2,0.5,5.0,4.197,25.09,33.89,0.0323,0.0821,0.0010,0.1041,0.0059,0.1114,0.0156,0.0186,0.1848,0.0200,0.1354,0.0122,0.1774,0.0044
1784801365.79,115,drive,0,0.75,5.0,4.197,25.09,33.89,0.0200,0.0875,0.0078,0.0968,0.0088,0.0982,0.0093,0.0127,0.1901,0.0166,0.1276,0.0088,0.1887,0.0103
1784801365.89,115,drive,1,0.75,5.0,4.197,25.09,33.89,0.0279,0.0855,0.0020,0.0938,0.0068,0.1031,0.0127,0.0112,0.1940,0.0176,0.1256,0.0142,0.1911,0.0049
1784801365.98,115,drive,2,0.75,5.0,4.197,25.09,33.89,0.0332,0.0978,0.0039,0.1085,0.0064,0.1046,0.0112,0.0142,0.1911,0.0127,0.1251,0.0161,0.1799,0.0034
1784801366.58,115,drive,0,1.0,5.0,4.197,25.09,33.89,0.0274,0.0914,0.0161,0.1114,0.0152,0.1022,0.0152,0.0137,0.1808,0.0176,0.1202,0.0132,0.1872,0.0044
1784801366.67,115,drive,1,1.0,5.0,4.197,25.09,33.89,0.0200,0.0885,0.0049,0.1051,0.0078,0.0958,0.0049,0.0196,0.1994,0.0186,0.1373,0.0122,0.1789,0.0132
1784801366.77,115,drive,2,1.0,5.0,4.197,25.09,33.89,0.0205,0.0894,0.0176,0.1046,0.0137,0.1051,0.0186,0.0117,0.1852,0.0181,0.1300,0.0088,0.1779,0.0127
1784801367.36,115,drive,0,1.25,5.0,4.197,25.09,33.89,0.0215,0.0875,0.0142,0.1109,0.0127,0.1036,0.0152,0.0171,0.1911,0.0254,0.1090,0.0098,0.1823,0.0274
1784801367.45,115,drive,1,1.25,5.0,4.197,25.09,33.89,0.0249,0.1051,0.0073,0.1041,0.0073,0.1041,0.0132,0.0073,0.1877,0.0235,0.1217,0.0122,0.1999,0.0127
1784801367.55,115,drive,2,1.25,5.0,4.197,25.09,33.89,0.0269,0.0938,0.0073,0.0865,0.0205,0.1017,0.0117,0.0137,0.1926,0.0210,0.1163,0.0156,0.1926,0.0088
1784801368.14,115,drive,0,1.5,5.0,4.197,25.09,33.89,0.0371,0.0787,0.0161,0.0973,0.0073,0.0987,0.0200,0.0103,0.1906,0.0205,0.1207,0.0166,0.1813,0.0083
1784801368.23,115,drive,1,1.5,5.0,4.197,25.09,33.89,0.0381,0.0909,0.0093,0.1090,0.0142,0.0963,0.0230,0.0142,0.1906,0.0196,0.1305,0.0249,0.1838,0.0064
1784801368.33,115,drive,2,1.5,5.0,4.197,25.09,33.89,0.0347,0.0914,0.0117,0.1114,0.0010,0.1022,0.0181,0.0210,0.1935,0.0142,0.1217,0.0166,0.1828,0.0039
1784801368.92,115,drive,0,1.75,5.0,4.197,25.09,33.89,0.0283,0.0929,0.0112,0.1065,0.0029,0.1046,0.0186,0.0068,0.1935,0.0254,0.1207,0.0117,0.1911,0.0132
1784801369.02,115,drive,1,1.75,5.0,4.197,25.09,33.89,0.0254,0.0963,0.0117,0.1041,0.0083,0.1002,0.0103,0.0259,0.1931,0.0127,0.1193,0.0093,0.1755,0.0235
1784801369.11,115,drive,2,1.75,5.0,4.197,25.09,33.89,0.0235,0.0973,0.0103,0.1036,0.0161,0.0953,0.0132,0.0215,0.2028,0.0166,0.1251,0.0059,0.1828,0.0122
1784801369.70,115,drive,0,2.0,5.0,4.197,25.09,33.89,0.0269,0.0919,0.0098,0.0992,0.0166,0.1046,0.0132,0.0205,0.1940,0.0142,0.1325,0.0098,0.1755,0.0059
1784801369.79,115,drive,1,2.0,5.0,4.197,25.09,33.89,0.0367,0.0934,0.0039,0.0982,0.0059,0.0899,0.0225,0.0210,0.1970,0.0249,0.1325,0.0098,0.1794,0.0171
1784801369.89,115,drive,2,2.0,5.0,4.197,25.09,33.89,0.0249,0.0850,0.0098,0.1026,0.0073,0.0968,0.0083,0.0205,0.1999,0.0176,0.1290,0.0117,0.1848,0.0205
1784801370.54,116,base,0,0.0,5.0,4.197,25.09,33.89,0.0254,0.0914,0.0020,0.0934,0.0093,0.0870,0.0161,0.0205,0.1891,0.0249,0.1295,0.0117,0.1813,0.0078
1784801370.64,116,base,1,0.0,5.0,4.197,25.09,33.89,0.0259,0.1080,0.0049,0.0982,0.0024,0.0982,0.0200,0.0132,0.1970,0.0283,0.1295,0.0054,0.1818,0.0078
1784801370.73,116,base,2,0.0,5.0,4.197,25.09,33.89,0.0332,0.0894,0.0200,0.1022,0.0073,0.1012,0.0039,0.0127,0.2004,0.0176,0.1369,0.0073,0.1906,0.0064
1784801371.33,116,drive,0,0.25,5.0,4.197,25.09,33.89,0.0244,0.0821,0.0068,0.1022,0.0122,0.1041,0.0142,0.0205,0.1921,0.0210,0.1134,0.0142,0.1833,0.0068
1784801371.42,116,drive,1,0.25,5.0,4.197,25.09,33.89,0.0313,0.0914,0.0083,0.1007,0.0127,0.0982,0.0161,0.0230,0.1911,0.0230,0.1295,0.0083,0.1882,0.0083
1784801371.52,116,drive,2,0.25,5.0,4.197,25.09,33.89,0.0196,0.0885,0.0049,0.1085,0.0117,0.1036,0.0210,0.0117,0.1945,0.0283,0.1217,0.0034,0.1769,0.0171
1784801372.10,116,drive,0,0.5,5.0,4.197,25.09,33.89,0.0298,0.0929,0.0142,0.1002,0.0108,0.1129,0.0024,0.0259,0.1823,0.0098,0.1276,0.0098,0.1970,0.0059
1784801372.20,116,drive,1,0.5,5.0,4.197,25.09,33.89,0.0308,0.0919,0.0064,0.0943,0.0068,0.0929,0.0142,0.0049,0.1970,0.0171,0.1271,0.0279,0.1891,0.0029
1784801372.29,116,drive,2,0.5,5.0,4.197,25.09,33.89,0.0298,0.0865,0.0068,0.0987,0.0054,0.1007,0.0196,0.0122,0.1804,0.0293,0.1315,0.0191,0.1813,0.0024
1784801372.89,116,drive,0,0.75,5.0,4.197,25.09,33.89,0.0239,0.0953,0.0059,0.1153,0.0029,0.1119,0.0176,0.0161,0.1940,0.0205,0.1310,0.0083,0.2038,0.0073
1784801372.98,116,drive,1,0.75,5.0,4.197,25.09,33.89,0.0279,0.0865,0.0147,0.1007,0.0054,0.1095,0.0122,0.0122,0.1960,0.0171,0.1290,0.0103,0.1857,0.0108
1784801373.07,116,drive,2,0.75,5.0,4.197,25.09,33.89,0.0127,0.0934,0.0044,0.1017,0.0098,0.0987,0.0137,0.0132,0.1867,0.0176,0.1217,0.0137,0.1813,0.0059
1784801373.66,116,drive,0,1.0,5.0,4.197,25.09,33.89,0.0274,0.0899,0.0171,0.1085,0.0029,0.1090,0.0039,0.0122,0.1896,0.0112,0.1256,0.0034,0.1867,0.0093
1784801373.75,116,drive,1,1.0,5.0,4.197,25.09,33.89,0.0269,0.0973,0.0073,0.0934,0.0054,0.0894,0.0147,0.0088,0.1882,0.0112,0.1134,0.0249,0.1838,0.0078
1784801373.85,116,drive,2,1.0,5.0,4.197,25.09,33.89,0.0254,0.0806,0.0127,0.0973,0.0274,0.0978,0.0088,0.0264,0.1940,0.0186,0.1139,0.0093,0.1755,0.0108
1784801374.44,116,drive,0,1.25,5.0,4.197,25.09,33.89,0.0264,0.0846,0.0313,0.0997,0.0020,0.1090,0.0112,0.0152,0.1955,0.0156,0.1325,0.0264,0.1852,0.0103
1784801374.53,116,drive,1,1.25,5.0,4.197,25.09,33.89,0.0288,0.0958,0.0039,0.1036,0.0049,0.1017,0.0166,0.0088,0.2033,0.0244,0.1251,0.0068,0.2028,0.0044
1784801374.63,116,drive,2,1.25,5.0,4.197,25.09,33.89,0.0279,0.0880,0.0029,0.1124,0.0068,0.1051,0.0142,0.0191,0.1901,0.0122,0.1271,0.0098,0.1769,0.0020
1784801375.22,116,drive,0,1.5,5.0,4.197,25.09,33.89,0.0239,0.0899,0.0039,0.1051,0.0142,0.1056,0.0406,0.0264,0.2014,0.0367,0.1232,0.0044,0.1672,0.0034
1784801375.31,116,drive,1,1.5,5.0,4.197,25.09,33.89,0.0474,0.0924,0.0078,0.1046,0.0054,0.0909,0.0215,0.0127,0.1911,0.0152,0.1315,0.0411,0.1891,0.0024
1784801375.41,116,drive,2,1.5,5.0,4.197,25.09,33.89,0.0239,0.0797,0.0044,0.1031,0.0274,0.0948,0.0068,0.0308,0.1926,0.0176,0.1222,0.0098,0.1877,0.0230
1784801376.00,116,drive,0,1.75,5.0,4.197,25.09,33.89,0.0181,0.0753,0.0059,0.1090,0.0210,0.0963,0.0323,0.0269,0.2014,0.0347,0.1222,0.0073,0.1813,0.0044
1784801376.09,116,drive,1,1.75,5.0,4.197,25.09,33.89,0.0269,0.0919,0.0088,0.1051,0.0083,0.1022,0.0132,0.0078,0.1931,0.0176,0.1271,0.0103,0.1769,0.0112
1784801376.19,116,drive,2,1.75,5.0,4.197,25.09,33.89,0.0200,0.0948,0.0098,0.0992,0.0039,0.0943,0.0073,0.0108,0.1975,0.0176,0.1197,0.0083,0.1877,0.0108
1784801376.77,116,drive,0,2.0,5.0,4.197,25.09,33.89,0.0225,0.0938,0.0029,0.1056,0.0132,0.1007,0.0068,0.0117,0.1960,0.0117,0.1197,0.0083,0.1813,0.0068
1784801376.87,116,drive,1,2.0,5.0,4.197,25.09,33.89,0.0191,0.0938,0.0059,0.1075,0.0103,0.1002,0.0122,0.0147,0.1970,0.0117,0.1251,0.0049,0.1852,0.0044
1784801376.96,116,drive,2,2.0,5.0,4.197,25.09,33.89,0.0308,0.0841,0.0015,0.1075,0.0073,0.0973,0.0112,0.0127,0.1984,0.0176,0.1193,0.0112,0.1779,0.0039
1784801377.63,117,base,0,0.0,5.0,4.177,25.09,33.90,0.0279,0.0919,0.0015,0.1075,0.0010,0.1002,0.0088,0.0088,0.1960,0.0132,0.1290,0.0044,0.1887,0.0029
1784801377.73,117,base,1,0.0,5.0,4.177,25.09,33.90,0.0249,0.0885,0.0176,0.0958,0.0034,0.0880,0.0034,0.0132,0.1862,0.0176,0.1197,0.0083,0.1799,0.0088
1784801377.82,117,base,2,0.0,5.0,4.177,25.09,33.90,0.0210,0.0982,0.0059,0.1026,0.0029,0.1105,0.0034,0.0152,0.1867,0.0132,0.1295,0.0034,0.1823,0.0029
1784801378.41,117,drive,0,0.25,5.0,4.177,25.09,33.90,0.0274,0.0953,0.0156,0.1007,0.0015,0.1144,0.0103,0.0083,0.1896,0.0186,0.1285,0.0088,0.1901,0.0064
1784801378.50,117,drive,1,0.25,5.0,4.177,25.09,33.90,0.0244,0.0938,0.0127,0.1051,0.0024,0.1139,0.0112,0.0088,0.1970,0.0156,0.1295,0.0093,0.1926,0.0210
1784801378.60,117,drive,2,0.25,5.0,4.177,25.09,33.90,0.0220,0.0909,0.0152,0.1007,0.0132,0.1080,0.0078,0.0205,0.1921,0.0186,0.1300,0.0098,0.1901,0.0156
1784801379.19,117,drive,0,0.5,5.0,4.177,25.09,33.90,0.0264,0.0953,0.0152,0.1051,0.0205,0.1080,0.0064,0.0323,0.1882,0.0152,0.1310,0.0059,0.1931,0.0230
1784801379.29,117,drive,1,0.5,5.0,4.177,25.09,33.90,0.0244,0.0875,0.0059,0.0958,0.0112,0.1017,0.0430,0.0171,0.1960,0.0411,0.1300,0.0039,0.1862,0.0073
1784801379.38,117,drive,2,0.5,5.0,4.177,25.09,33.90,0.0274,0.0978,0.0137,0.1046,0.0186,0.1051,0.0068,0.0318,0.1955,0.0127,0.1452,0.0093,0.1935,0.0196
1784801379.97,117,drive,0,0.75,5.0,4.177,25.09,33.90,0.0274,0.0978,0.0078,0.1022,0.0215,0.1080,0.0093,0.0215,0.1935,0.0200,0.1408,0.0054,0.1911,0.0117
1784801380.07,117,drive,1,0.75,5.0,4.177,25.09,33.90,0.0459,0.1012,0.0024,0.1070,0.0044,0.1041,0.0122,0.0068,0.1975,0.0210,0.1276,0.0264,0.1862,0.0064
1784801380.16,117,drive,2,0.75,5.0,4.177,25.09,33.90,0.0323,0.0860,0.0054,0.1056,0.0152,0.1065,0.0117,0.0210,0.1940,0.0220,0.1325,0.0059,0.1960,0.0083
1784801380.74,117,drive,0,1.0,5.0,4.177,25.09,33.90,0.0298,0.0929,0.0088,0.0997,0.0308,0.1070,0.0088,0.0235,0.1911,0.0147,0.1163,0.0068,0.1926,0.0215
1784801380.84,117,drive,1,1.0,5.0,4.177,25.09,33.90,0.0259,0.0968,0.0059,0.0982,0.0108,0.1075,0.0152,0.0117,0.1945,0.0381,0.1271,0.0054,0.1882,0.0073
1784801380.93,117,drive,2,1.0,5.0,4.177,25.09,33.90,0.0283,0.0909,0.0044,0.1002,0.0161,0.1070,0.0176,0.0152,0.1921,0.0362,0.1271,0.0049,0.1891,0.0088
1784801381.53,117,drive,0,1.25,5.0,4.177,25.09,33.90,0.0303,0.0934,0.0127,0.1041,0.0049,0.1007,0.0064,0.0147,0.1950,0.0152,0.1432,0.0078,0.1911,0.0220
1784801381.62,117,drive,1,1.25,5.0,4.177,25.09,33.90,0.0225,0.0953,0.0215,0.1012,0.0029,0.1168,0.0112,0.0117,0.1945,0.0196,0.1227,0.0142,0.1882,0.0313
1784801381.71,117,drive,2,1.25,5.0,4.177,25.09,33.90,0.0288,0.0968,0.0205,0.1031,0.0088,0.1041,0.0117,0.0327,0.1891,0.0142,0.1207,0.0098,0.1852,0.0342
1784801382.30,117,drive,0,1.5,5.0,4.177,25.09,33.90,0.0298,0.0904,0.0005,0.1041,0.0010,0.1100,0.0044,0.0083,0.1921,0.0152,0.1261,0.0064,0.1887,0.0020
1784801382.39,117,drive,1,1.5,5.0,4.177,25.09,33.90,0.0259,0.0963,0.0005,0.1061,0.0000,0.1075,0.0054,0.0073,0.1950,0.0132,0.1285,0.0034,0.1921,0.0010
1784801382.49,117,drive,2,1.5,5.0,4.177,25.09,33.90,0.0274,0.0924,0.0020,0.1002,0.0010,0.1065,0.0049,0.0064,0.1955,0.0156,0.1315,0.0044,0.1887,0.0020
1784801383.08,117,drive,0,1.75,5.0,4.177,25.09,33.90,0.0288,0.0919,0.0015,0.1041,0.0010,0.1046,0.0039,0.0078,0.1945,0.0142,0.1310,0.0044,0.1906,0.0039
1784801383.18,117,drive,1,1.75,5.0,4.177,25.09,33.90,0.0279,0.0929,0.0010,0.1051,0.0005,0.1061,0.0049,0.0098,0.1935,0.0196,0.1281,0.0034,0.1921,0.0039
1784801383.27,117,drive,2,1.75,5.0,4.177,25.09,33.90,0.0283,0.0904,0.0010,0.1036,0.0010,0.1026,0.0044,0.0093,0.1965,0.0103,0.1290,0.0054,0.1916,0.0020
1784801383.86,117,drive,0,2.0,5.0,4.177,25.09,33.90,0.0308,0.0968,0.0015,0.1026,0.0000,0.1085,0.0039,0.0083,0.1945,0.0108,0.1305,0.0020,0.1945,0.0015
1784801383.96,117,drive,1,2.0,5.0,4.177,25.09,33.90,0.0279,0.0904,0.0005,0.1061,0.0015,0.1100,0.0049,0.0122,0.1955,0.0152,0.1300,0.0034,0.1872,0.0029
1784801384.05,117,drive,2,2.0,5.0,4.177,25.09,33.90,0.0283,0.0987,0.0005,0.1061,0.0005,0.1090,0.0049,0.0098,0.1965,0.0127,0.1281,0.0044,0.1862,0.0039
1784801384.72,118,base,0,0.0,5.0,4.197,25.09,33.91,0.0230,0.0880,0.0000,0.1012,0.0000,0.1026,0.0039,0.0044,0.1867,0.0137,0.1232,0.0029,0.1843,0.0005
1784801384.81,118,base,1,0.0,5.0,4.197,25.09,33.91,0.0210,0.0904,0.0029,0.0992,0.0010,0.1046,0.0044,0.0039,0.1862,0.0108,0.1266,0.0024,0.1843,0.0005
1784801384.91,118,base,2,0.0,5.0,4.197,25.09,33.91,0.0186,0.0885,0.0015,0.1022,0.0005,0.1012,0.0044,0.0039,0.1931,0.0093,0.1266,0.0000,0.1818,0.0000
1784801385.49,118,drive,0,0.25,5.0,4.197,25.09,33.91,0.0181,0.0919,0.0000,0.0997,0.0000,0.1017,0.0024,0.0064,0.1901,0.0117,0.1266,0.0020,0.1877,0.0005
1784801385.59,118,drive,1,0.25,5.0,4.197,25.09,33.91,0.0210,0.0894,0.0000,0.1007,0.0015,0.1036,0.0029,0.0054,0.1916,0.0127,0.1217,0.0020,0.1877,0.0010
1784801385.68,118,drive,2,0.25,5.0,4.197,25.09,33.91,0.0215,0.0929,0.0000,0.0997,0.0010,0.1041,0.0059,0.0039,0.1911,0.0098,0.1266,0.0015,0.1848,0.0000
1784801386.27,118,drive,0,0.5,5.0,4.197,25.09,33.91,0.0210,0.0919,0.0015,0.1007,0.0010,0.0992,0.0078,0.0044,0.1882,0.0088,0.1251,0.0015,0.1823,0.0010
1784801386.37,118,drive,1,0.5,5.0,4.197,25.09,33.91,0.0196,0.0904,0.0005,0.0982,0.0000,0.1017,0.0029,0.0029,0.1901,0.0117,0.1241,0.0024,0.1823,0.0005
1784801386.46,118,drive,2,0.5,5.0,4.197,25.09,33.91,0.0200,0.0899,0.0005,0.1007,0.0010,0.1022,0.0029,0.0044,0.1891,0.0117,0.1261,0.0039,0.1857,0.0005
1784801387.05,118,drive,0,0.75,5.0,4.197,25.09,33.91,0.0186,0.0919,0.0000,0.0997,0.0000,0.1012,0.0010,0.0049,0.1901,0.0122,0.1246,0.0005,0.1852,0.0005
1784801387.14,118,drive,1,0.75,5.0,4.197,25.09,33.91,0.0196,0.0904,0.0000,0.1046,0.0005,0.1036,0.0015,0.0044,0.1921,0.0093,0.1266,0.0020,0.1818,0.0000
1784801387.24,118,drive,2,0.75,5.0,4.197,25.09,33.91,0.0166,0.0875,0.0000,0.1007,0.0005,0.1046,0.0039,0.0059,0.1887,0.0127,0.1276,0.0010,0.1843,0.0000
1784801387.83,118,drive,0,1.0,5.0,4.197,25.09,33.91,0.0215,0.1100,0.0059,0.0973,0.0132,0.1051,0.0122,0.0210,0.2131,0.0161,0.1251,0.0132,0.1877,0.0010
1784801387.92,118,drive,1,1.0,5.0,4.197,25.09,33.91,0.0225,0.0958,0.0122,0.0978,0.0083,0.1183,0.0122,0.0152,0.1911,0.0235,0.1168,0.0137,0.1804,0.0152
1784801388.02,118,drive,2,1.0,5.0,4.197,25.09,33.91,0.0249,0.0880,0.0117,0.1017,0.0171,0.1002,0.0279,0.0171,0.1979,0.0122,0.1329,0.0186,0.1799,0.0196
1784801388.61,118,drive,0,1.25,5.0,4.197,25.09,33.91,0.0230,0.0880,0.0147,0.1007,0.0181,0.0938,0.0049,0.0401,0.1872,0.0103,0.1325,0.0088,0.1887,0.0161
1784801388.70,118,drive,1,1.25,5.0,4.197,25.09,33.91,0.0210,0.0850,0.0024,0.0894,0.0093,0.0978,0.0420,0.0137,0.1891,0.0352,0.1305,0.0049,0.1681,0.0029
1784801388.80,118,drive,2,1.25,5.0,4.197,25.09,33.91,0.0332,0.0924,0.0191,0.1114,0.0029,0.1022,0.0103,0.0088,0.1906,0.0156,0.1290,0.0332,0.1877,0.0049
1784801389.39,118,drive,0,1.5,5.0,4.197,25.09,33.91,0.0215,0.0924,0.0166,0.1031,0.0191,0.1007,0.0078,0.0318,0.1862,0.0103,0.1349,0.0083,0.1833,0.0200
1784801389.48,118,drive,1,1.5,5.0,4.197,25.09,33.91,0.0191,0.0909,0.0068,0.1012,0.0288,0.0943,0.0064,0.0347,0.1882,0.0156,0.1334,0.0064,0.1813,0.0112
1784801389.58,118,drive,2,1.5,5.0,4.197,25.09,33.91,0.0171,0.0914,0.0244,0.1007,0.0020,0.1070,0.0044,0.0073,0.1906,0.0127,0.1183,0.0073,0.1808,0.0362
1784801390.17,118,drive,0,1.75,5.0,4.197,25.09,33.91,0.0171,0.0924,0.0039,0.1056,0.0010,0.1056,0.0064,0.0073,0.1891,0.0147,0.1290,0.0015,0.1945,0.0024
1784801390.26,118,drive,1,1.75,5.0,4.197,25.09,33.91,0.0220,0.0860,0.0039,0.0953,0.0083,0.0958,0.0064,0.0112,0.1887,0.0200,0.1222,0.0059,0.1789,0.0059
1784801390.36,118,drive,2,1.75,5.0,4.197,25.09,33.91,0.0254,0.0904,0.0039,0.0875,0.0068,0.1017,0.0147,0.0078,0.1872,0.0254,0.1183,0.0044,0.1779,0.0034
1784801390.95,118,drive,0,2.0,5.0,4.197,25.09,33.91,0.0186,0.1026,0.0010,0.0987,0.0108,0.0992,0.0127,0.0064,0.1940,0.0181,0.1251,0.0049,0.1696,0.0020
1784801391.05,118,drive,1,2.0,5.0,4.197,25.09,33.91,0.0235,0.0850,0.0049,0.1031,0.0093,0.1031,0.0049,0.0156,0.1843,0.0156,0.1134,0.0049,0.1818,0.0039
1784801391.14,118,drive,2,2.0,5.0,4.197,25.09,33.91,0.0220,0.0929,0.0059,0.0982,0.0034,0.0987,0.0093,0.0024,0.1931,0.0196,0.1207,0.0112,0.1784,0.0034
1784801391.81,119,base,0,0.0,5.0,4.177,25.09,33.91,0.0191,0.0826,0.0073,0.1022,0.0029,0.1026,0.0127,0.0083,0.1877,0.0137,0.1241,0.0078,0.1862,0.0112
1784801391.90,119,base,1,0.0,5.0,4.177,25.09,33.91,0.0181,0.0904,0.0029,0.1061,0.0054,0.0987,0.0034,0.0029,0.1887,0.0186,0.1276,0.0117,0.1872,0.0039
1784801392.00,119,base,2,0.0,5.0,4.177,25.09,33.91,0.0235,0.0904,0.0020,0.1007,0.0054,0.1031,0.0093,0.0064,0.1833,0.0147,0.1266,0.0068,0.1813,0.0044
1784801392.58,119,drive,0,0.25,5.0,4.177,25.09,33.91,0.0191,0.0880,0.0044,0.1041,0.0029,0.1046,0.0152,0.0078,0.1931,0.0156,0.1281,0.0039,0.1921,0.0059
1784801392.67,119,drive,1,0.25,5.0,4.177,25.09,33.91,0.0269,0.0890,0.0112,0.0987,0.0029,0.1012,0.0181,0.0078,0.1828,0.0137,0.1285,0.0039,0.1740,0.0010
1784801392.77,119,drive,2,0.25,5.0,4.177,25.09,33.91,0.0181,0.0914,0.0005,0.1017,0.0039,0.1114,0.0064,0.0068,0.1784,0.0166,0.1256,0.0005,0.1843,0.0044
1784801393.35,119,drive,0,0.5,5.0,4.177,25.09,33.91,0.0205,0.0924,0.0010,0.1017,0.0103,0.1100,0.0044,0.0098,0.1804,0.0137,0.1285,0.0034,0.1848,0.0015
1784801393.45,119,drive,1,0.5,5.0,4.177,25.09,33.91,0.0235,0.0938,0.0029,0.0968,0.0078,0.1026,0.0029,0.0156,0.1872,0.0088,0.1261,0.0073,0.1935,0.0049
1784801393.54,119,drive,2,0.5,5.0,4.177,25.09,33.91,0.0205,0.0929,0.0064,0.0953,0.0049,0.0978,0.0103,0.0073,0.1931,0.0200,0.1197,0.0044,0.1843,0.0020
1784801394.13,119,drive,0,0.75,5.0,4.177,25.09,33.91,0.0215,0.0870,0.0039,0.1041,0.0112,0.1017,0.0108,0.0142,0.1916,0.0103,0.1246,0.0064,0.1774,0.0034
1784801394.22,119,drive,1,0.75,5.0,4.177,25.09,33.91,0.0279,0.0850,0.0068,0.0953,0.0020,0.1056,0.0083,0.0132,0.1916,0.0166,0.1290,0.0064,0.1804,0.0049
1784801394.32,119,drive,2,0.75,5.0,4.177,25.09,33.91,0.0200,0.0899,0.0064,0.0963,0.0015,0.1041,0.0103,0.0156,0.1955,0.0161,0.1232,0.0083,0.1872,0.0098
1784801394.91,119,drive,0,1.0,5.0,4.177,25.09,33.91,0.0171,0.0899,0.0137,0.1061,0.0093,0.1207,0.0225,0.0152,0.1672,0.0117,0.1153,0.0108,0.1965,0.0191
1784801395.01,119,drive,1,1.0,5.0,4.177,25.09,33.91,0.0308,0.1002,0.0088,0.1105,0.0117,0.1134,0.0112,0.0239,0.1852,0.0098,0.1197,0.0200,0.1838,0.0156
1784801395.10,119,drive,2,1.0,5.0,4.177,25.09,33.91,0.0171,0.0811,0.0186,0.1056,0.0176,0.1158,0.0156,0.0254,0.1872,0.0352,0.1193,0.0196,0.1838,0.0147
1784801395.69,119,drive,0,1.25,5.0,4.177,25.09,33.91,0.0249,0.1012,0.0220,0.0934,0.0137,0.1012,0.0186,0.0200,0.1999,0.0176,0.1285,0.0137,0.1843,0.0093
1784801395.79,119,drive,1,1.25,5.0,4.177,25.09,33.91,0.0254,0.1080,0.0064,0.1002,0.0112,0.1153,0.0088,0.0156,0.1887,0.0313,0.1207,0.0205,0.1906,0.0156
1784801395.88,119,drive,2,1.25,5.0,4.177,25.09,33.91,0.0264,0.0992,0.0137,0.0992,0.0288,0.1031,0.0108,0.0244,0.1818,0.0127,0.1158,0.0137,0.1867,0.0181
1784801396.47,119,drive,0,1.5,5.0,4.177,25.09,33.91,0.0239,0.0860,0.0112,0.0885,0.0059,0.0963,0.0259,0.0103,0.1828,0.0186,0.1232,0.0269,0.1720,0.0098
1784801396.57,119,drive,1,1.5,5.0,4.177,25.09,33.91,0.0230,0.0880,0.0098,0.1002,0.0142,0.0992,0.0137,0.0230,0.1896,0.0191,0.1310,0.0073,0.1755,0.0112
1784801396.66,119,drive,2,1.5,5.0,4.177,25.09,33.91,0.0200,0.0865,0.0029,0.1124,0.0132,0.1090,0.0024,0.0103,0.1882,0.0108,0.1315,0.0103,0.1965,0.0010
1784801397.26,119,drive,0,1.75,5.0,4.177,25.09,33.91,0.0127,0.1002,0.0122,0.1041,0.0093,0.0909,0.0108,0.0239,0.1926,0.0137,0.1105,0.0098,0.1784,0.0176
1784801397.35,119,drive,1,1.75,5.0,4.177,25.09,33.91,0.0274,0.0816,0.0137,0.0943,0.0088,0.1046,0.0117,0.0083,0.1745,0.0225,0.1158,0.0215,0.1828,0.0010
1784801397.44,119,drive,2,1.75,5.0,4.177,25.09,33.91,0.0200,0.0899,0.0215,0.1002,0.0108,0.0943,0.0093,0.0093,0.2004,0.0103,0.1266,0.0137,0.1799,0.0142
1784801398.04,119,drive,0,2.0,5.0,4.177,25.09,33.91,0.0293,0.0870,0.0171,0.1002,0.0064,0.0997,0.0088,0.0122,0.1896,0.0191,0.1232,0.0264,0.1891,0.0103
1784801398.13,119,drive,1,2.0,5.0,4.177,25.09,33.91,0.0205,0.0899,0.0039,0.1056,0.0068,0.1080,0.0112,0.0147,0.1862,0.0127,0.1325,0.0142,0.1828,0.0098
1784801398.23,119,drive,2,2.0,5.0,4.177,25.09,33.91,0.0249,0.0885,0.0049,0.1046,0.0127,0.0953,0.0137,0.0137,0.1891,0.0220,0.1320,0.0147,0.1823,0.0166
1784801398.89,120,base,0,0.0,5.0,4.197,25.09,33.92,0.0239,0.0997,0.0117,0.1026,0.0078,0.0841,0.0098,0.0200,0.1779,0.0176,0.1227,0.0308,0.1843,0.0103
1784801398.98,120,base,1,0.0,5.0,4.197,25.09,33.92,0.0171,0.0938,0.0274,0.1007,0.0049,0.1022,0.0137,0.0103,0.1838,0.0205,0.1334,0.0191,0.1799,0.0122
1784801399.07,120,base,2,0.0,5.0,4.197,25.09,33.92,0.0323,0.0816,0.0156,0.0992,0.0176,0.1100,0.0083,0.0279,0.1872,0.0215,0.1237,0.0103,0.1848,0.0108
1784801399.66,120,drive,0,0.25,5.0,4.197,25.09,33.92,0.0347,0.0880,0.0054,0.0870,0.0015,0.0963,0.0068,0.0186,0.1896,0.0259,0.1241,0.0191,0.1701,0.0064
1784801399.76,120,drive,1,0.25,5.0,4.197,25.09,33.92,0.0171,0.1056,0.0137,0.1080,0.0059,0.1080,0.0093,0.0156,0.1911,0.0205,0.1476,0.0024,0.1901,0.0068
1784801399.85,120,drive,2,0.25,5.0,4.197,25.09,33.92,0.0279,0.0870,0.0161,0.1012,0.0078,0.0885,0.0127,0.0117,0.1823,0.0112,0.1237,0.0191,0.1686,0.0127
1784801400.44,120,drive,0,0.5,5.0,4.197,25.09,33.92,0.0186,0.0938,0.0176,0.1061,0.0059,0.0997,0.0059,0.0225,0.1965,0.0181,0.1325,0.0147,0.1931,0.0122
1784801400.53,120,drive,1,0.5,5.0,4.197,25.09,33.92,0.0215,0.0953,0.0254,0.1080,0.0093,0.1100,0.0112,0.0117,0.1926,0.0122,0.1256,0.0098,0.1799,0.0122
1784801400.63,120,drive,2,0.5,5.0,4.197,25.09,33.92,0.0308,0.0836,0.0059,0.1031,0.0049,0.1085,0.0259,0.0122,0.1848,0.0225,0.1276,0.0171,0.1931,0.0088
1784801401.22,120,drive,0,0.75,5.0,4.197,25.09,33.92,0.0200,0.0924,0.0088,0.1095,0.0142,0.1041,0.0264,0.0205,0.1935,0.0210,0.1261,0.0073,0.1896,0.0044
1784801401.32,120,drive,1,0.75,5.0,4.197,25.09,33.92,0.0220,0.0850,0.0249,0.1105,0.0078,0.0938,0.0073,0.0298,0.1857,0.0274,0.1197,0.0083,0.1828,0.0279
1784801401.41,120,drive,2,0.75,5.0,4.197,25.09,33.92,0.0269,0.0855,0.0161,0.0987,0.0308,0.1149,0.0127,0.0503,0.1891,0.0215,0.1144,0.0132,0.1891,0.0156
1784801402.00,120,drive,0,1.0,5.0,4.197,25.09,33.92,0.0225,0.0943,0.0127,0.0934,0.0039,0.0899,0.0186,0.0112,0.1862,0.0303,0.1290,0.0244,0.1706,0.0064
1784801402.10,120,drive,1,1.0,5.0,4.197,25.09,33.92,0.0298,0.0919,0.0068,0.1007,0.0147,0.0978,0.0274,0.0108,0.1867,0.0200,0.1251,0.0239,0.1823,0.0044
1784801402.19,120,drive,2,1.0,5.0,4.197,25.09,33.92,0.0298,0.0772,0.0059,0.0914,0.0156,0.1046,0.0254,0.0186,0.1887,0.0323,0.1237,0.0083,0.1794,0.0034
1784801402.78,120,drive,0,1.25,5.0,4.197,25.09,33.92,0.0318,0.0968,0.0142,0.0909,0.0068,0.0958,0.0264,0.0064,0.1940,0.0303,0.1124,0.0318,0.1965,0.0059
1784801402.88,120,drive,1,1.25,5.0,4.197,25.09,33.92,0.0342,0.0904,0.0288,0.1061,0.0044,0.1012,0.0156,0.0196,0.1706,0.0127,0.1222,0.0196,0.1735,0.0103
1784801402.97,120,drive,2,1.25,5.0,4.197,25.09,33.92,0.0205,0.0777,0.0093,0.0958,0.0249,0.1017,0.0112,0.0196,0.1843,0.0283,0.1183,0.0132,0.1916,0.0225
1784801403.57,120,drive,0,1.5,5.0,4.197,25.09,33.92,0.0313,0.1022,0.0068,0.1119,0.0029,0.0816,0.0112,0.0171,0.2023,0.0196,0.1222,0.0049,0.1896,0.0078
1784801403.66,120,drive,1,1.5,5.0,4.197,25.09,33.92,0.0249,0.0982,0.0073,0.0997,0.0073,0.0948,0.0093,0.0108,0.1891,0.0181,0.1354,0.0210,0.1867,0.0020
1784801403.75,120,drive,2,1.5,5.0,4.197,25.09,33.92,0.0283,0.0792,0.0054,0.1022,0.0054,0.1022,0.0171,0.0171,0.1838,0.0156,0.1271,0.0059,0.1843,0.0044
1784801404.35,120,drive,0,1.75,5.0,4.197,25.09,33.92,0.0220,0.0841,0.0093,0.1046,0.0122,0.1065,0.0108,0.0230,0.1799,0.0137,0.1266,0.0044,0.1887,0.0098
1784801404.44,120,drive,1,1.75,5.0,4.197,25.09,33.92,0.0186,0.0924,0.0147,0.1002,0.0093,0.1070,0.0117,0.0161,0.2004,0.0196,0.1124,0.0078,0.1813,0.0108
1784801404.54,120,drive,2,1.75,5.0,4.197,25.09,33.92,0.0176,0.0929,0.0073,0.0953,0.0127,0.0982,0.0098,0.0200,0.1916,0.0244,0.1061,0.0088,0.1935,0.0049
1784801405.13,120,drive,0,2.0,5.0,4.197,25.09,33.92,0.0264,0.1002,0.0122,0.0914,0.0132,0.1031,0.0068,0.0108,0.1828,0.0181,0.1207,0.0108,0.1882,0.0064
1784801405.22,120,drive,1,2.0,5.0,4.197,25.09,33.92,0.0313,0.0982,0.0044,0.0934,0.0083,0.1031,0.0181,0.0152,0.1926,0.0215,0.1197,0.0059,0.1984,0.0059
1784801405.32,120,drive,2,2.0,5.0,4.197,25.09,33.92,0.0239,0.0821,0.0059,0.1046,0.0083,0.0987,0.0235,0.0152,0.1852,0.0215,0.1246,0.0137,0.1887,0.0049
1784801405.99,121,base,0,0.0,5.0,4.197,25.09,33.92,0.0283,0.0890,0.0049,0.0982,0.0117,0.0992,0.0156,0.0161,0.1867,0.0225,0.1310,0.0088,0.1857,0.0122
1784801406.09,121,base,1,0.0,5.0,4.197,25.09,33.92,0.0244,0.0890,0.0068,0.0943,0.0059,0.1046,0.0142,0.0088,0.1799,0.0196,0.1241,0.0117,0.1857,0.0064
1784801406.18,121,base,2,0.0,5.0,4.197,25.09,33.92,0.0313,0.0870,0.0108,0.1017,0.0044,0.0938,0.0152,0.0122,0.1867,0.0137,0.1222,0.0166,0.1725,0.0137
1784801406.77,121,drive,0,0.25,5.0,4.197,25.09,33.92,0.0293,0.0855,0.0054,0.1041,0.0044,0.1031,0.0200,0.0112,0.2009,0.0244,0.1285,0.0068,0.1867,0.0034
1784801406.87,121,drive,1,0.25,5.0,4.197,25.09,33.92,0.0269,0.0880,0.0093,0.1007,0.0073,0.1046,0.0103,0.0171,0.1901,0.0200,0.1227,0.0039,0.1838,0.0108
1784801406.96,121,drive,2,0.25,5.0,4.197,25.09,33.92,0.0244,0.0968,0.0064,0.0958,0.0078,0.1026,0.0205,0.0093,0.1916,0.0308,0.1315,0.0127,0.1867,0.0039
1784801407.56,121,drive,0,0.5,5.0,4.197,25.09,33.92,0.0244,0.0816,0.0098,0.1075,0.0117,0.0919,0.0117,0.0196,0.1935,0.0122,0.1227,0.0122,0.1818,0.0112
1784801407.65,121,drive,1,0.5,5.0,4.197,25.09,33.92,0.0259,0.0943,0.0024,0.1041,0.0103,0.1012,0.0132,0.0171,0.1877,0.0191,0.1178,0.0098,0.1921,0.0044
1784801407.74,121,drive,2,0.5,5.0,4.197,25.09,33.92,0.0225,0.0943,0.0176,0.0982,0.0039,0.1158,0.0205,0.0093,0.1818,0.0196,0.1251,0.0122,0.1921,0.0049
1784801408.33,121,drive,0,0.75,5.0,4.197,25.09,33.92,0.0230,0.0885,0.0034,0.0992,0.0034,0.0978,0.0205,0.0152,0.1813,0.0191,0.1329,0.0117,0.1857,0.0044
1784801408.42,121,drive,1,0.75,5.0,4.197,25.09,33.92,0.0225,0.1017,0.0044,0.1002,0.0049,0.1065,0.0196,0.0103,0.1877,0.0220,0.1339,0.0044,0.1867,0.0083
1784801408.52,121,drive,2,0.75,5.0,4.197,25.09,33.92,0.0225,0.0914,0.0098,0.1036,0.0054,0.0948,0.0137,0.0093,0.1940,0.0127,0.1232,0.0142,0.1808,0.0073
1784801409.11,121,drive,0,1.0,5.0,4.197,25.09,33.92,0.0239,0.0841,0.0147,0.1026,0.0034,0.1036,0.0137,0.0088,0.1852,0.0171,0.1334,0.0191,0.1828,0.0147
1784801409.21,121,drive,1,1.0,5.0,4.197,25.09,33.92,0.0254,0.0973,0.0127,0.0973,0.0024,0.1080,0.0112,0.0054,0.1984,0.0269,0.1300,0.0064,0.1789,0.0068
1784801409.30,121,drive,2,1.0,5.0,4.197,25.09,33.92,0.0293,0.0934,0.0015,0.1026,0.0088,0.1075,0.0044,0.0161,0.1818,0.0235,0.1325,0.0122,0.1789,0.0054
1784801409.89,121,drive,0,1.25,5.0,4.197,25.09,33.92,0.0279,0.0772,0.0137,0.0958,0.0152,0.1007,0.0093,0.0181,0.1843,0.0142,0.1246,0.0103,0.1838,0.0137
1784801409.98,121,drive,1,1.25,5.0,4.197,25.09,33.92,0.0288,0.1022,0.0049,0.1056,0.0098,0.1065,0.0117,0.0176,0.1838,0.0215,0.1325,0.0083,0.1882,0.0039
1784801410.07,121,drive,2,1.25,5.0,4.197,25.09,33.92,0.0249,0.0894,0.0034,0.0904,0.0098,0.1080,0.0191,0.0127,0.1867,0.0166,0.1212,0.0176,0.1877,0.0044
1784801410.67,121,drive,0,1.5,5.0,4.197,25.09,33.92,0.0274,0.0841,0.0034,0.1051,0.0112,0.1012,0.0215,0.0147,0.1882,0.0171,0.1349,0.0044,0.1774,0.0015
1784801410.76,121,drive,1,1.5,5.0,4.197,25.09,33.92,0.0239,0.0973,0.0098,0.0978,0.0064,0.1124,0.0083,0.0068,0.1906,0.0220,0.1197,0.0156,0.1901,0.0049
1784801410.86,121,drive,2,1.5,5.0,4.197,25.09,33.92,0.0288,0.0963,0.0093,0.0943,0.0024,0.1007,0.0064,0.0117,0.1911,0.0147,0.1202,0.0103,0.1867,0.0068
1784801411.45,121,drive,0,1.75,5.0,4.197,25.09,33.92,0.0293,0.0958,0.0054,0.0958,0.0073,0.1031,0.0142,0.0103,0.1945,0.0249,0.1217,0.0117,0.1799,0.0039
1784801411.54,121,drive,1,1.75,5.0,4.197,25.09,33.92,0.0327,0.0894,0.0088,0.1080,0.0068,0.0948,0.0161,0.0127,0.1852,0.0122,0.1261,0.0176,0.1745,0.0073
1784801411.63,121,drive,2,1.75,5.0,4.197,25.09,33.92,0.0196,0.0899,0.0137,0.0919,0.0108,0.1144,0.0098,0.0181,0.1789,0.0196,0.1315,0.0098,0.1838,0.0078
1784801412.23,121,drive,0,2.0,5.0,4.197,25.09,33.92,0.0200,0.0904,0.0068,0.1007,0.0147,0.1036,0.0088,0.0176,0.1945,0.0200,0.1202,0.0083,0.1857,0.0034
1784801412.32,121,drive,1,2.0,5.0,4.197,25.09,33.92,0.0269,0.0846,0.0034,0.1046,0.0122,0.1031,0.0108,0.0088,0.1882,0.0191,0.1271,0.0088,0.1862,0.0054
1784801412.42,121,drive,2,2.0,5.0,4.197,25.09,33.92,0.0244,0.0987,0.0024,0.0943,0.0093,0.1061,0.0137,0.0059,0.1931,0.0191,0.1222,0.0186,0.1838,0.0068
1784801413.09,122,base,0,0.0,5.0,4.177,25.09,33.93,0.0235,0.0894,0.0064,0.1036,0.0005,0.1065,0.0117,0.0093,0.1867,0.0230,0.1261,0.0122,0.1843,0.0029
1784801413.18,122,base,1,0.0,5.0,4.177,25.09,33.93,0.0293,0.0792,0.0083,0.1080,0.0068,0.1080,0.0127,0.0122,0.1735,0.0235,0.1276,0.0132,0.1838,0.0039
1784801413.28,122,base,2,0.0,5.0,4.177,25.09,33.93,0.0259,0.0841,0.0054,0.0899,0.0088,0.1065,0.0127,0.0235,0.1906,0.0196,0.1207,0.0093,0.1848,0.0044
1784801413.86,122,drive,0,0.25,5.0,4.177,25.09,33.93,0.0347,0.0943,0.0156,0.0934,0.0132,0.0924,0.0200,0.0098,0.1926,0.0103,0.1237,0.0098,0.1808,0.0049
1784801413.96,122,drive,1,0.25,5.0,4.177,25.09,33.93,0.0127,0.0870,0.0073,0.1085,0.0156,0.1124,0.0122,0.0122,0.1838,0.0181,0.1271,0.0064,0.1857,0.0068
1784801414.05,122,drive,2,0.25,5.0,4.177,25.09,33.93,0.0308,0.0978,0.0039,0.0963,0.0015,0.0978,0.0088,0.0147,0.1838,0.0152,0.1256,0.0166,0.1838,0.0088
1784801414.64,122,drive,0,0.5,5.0,4.177,25.09,33.93,0.0147,0.0850,0.0098,0.0982,0.0088,0.1046,0.0078,0.0210,0.1843,0.0142,0.1207,0.0122,0.1872,0.0073
1784801414.73,122,drive,1,0.5,5.0,4.177,25.09,33.93,0.0156,0.0914,0.0098,0.1026,0.0044,0.1056,0.0054,0.0244,0.1906,0.0117,0.1285,0.0093,0.1877,0.0024
1784801414.83,122,drive,2,0.5,5.0,4.177,25.09,33.93,0.0142,0.0890,0.0103,0.1031,0.0054,0.0992,0.0117,0.0088,0.1926,0.0200,0.1261,0.0117,0.1921,0.0029
1784801415.42,122,drive,0,0.75,5.0,4.177,25.09,33.93,0.0235,0.0875,0.0005,0.1129,0.0059,0.1065,0.0142,0.0117,0.1862,0.0142,0.1266,0.0083,0.2028,0.0000
1784801415.51,122,drive,1,0.75,5.0,4.177,25.09,33.93,0.0440,0.0894,0.0137,0.0899,0.0024,0.1002,0.0083,0.0122,0.1760,0.0142,0.1212,0.0171,0.1838,0.0093
1784801415.61,122,drive,2,0.75,5.0,4.177,25.09,33.93,0.0196,0.0943,0.0166,0.1017,0.0005,0.0821,0.0103,0.0054,0.2014,0.0103,0.1251,0.0220,0.1794,0.0064
1784801416.19,122,drive,0,1.0,5.0,4.177,25.09,33.93,0.0269,0.0850,0.0000,0.0919,0.0083,0.1051,0.0215,0.0078,0.1882,0.0225,0.1183,0.0024,0.1745,0.0010
1784801416.29,122,drive,1,1.0,5.0,4.177,25.09,33.93,0.0186,0.0846,0.0010,0.1065,0.0073,0.1046,0.0088,0.0200,0.1823,0.0205,0.1276,0.0005,0.2019,0.0000
1784801416.38,122,drive,2,1.0,5.0,4.177,25.09,33.93,0.0244,0.0924,0.0005,0.0982,0.0020,0.1036,0.0068,0.0064,0.1901,0.0205,0.1290,0.0083,0.1921,0.0020
1784801416.97,122,drive,0,1.25,5.0,4.177,25.09,33.93,0.0196,0.0958,0.0029,0.0968,0.0142,0.1075,0.0088,0.0137,0.1926,0.0166,0.1217,0.0029,0.1838,0.0024
1784801417.06,122,drive,1,1.25,5.0,4.177,25.09,33.93,0.0244,0.0890,0.0196,0.0953,0.0010,0.1051,0.0064,0.0073,0.1760,0.0132,0.1285,0.0200,0.1852,0.0093
1784801417.16,122,drive,2,1.25,5.0,4.177,25.09,33.93,0.0191,0.0982,0.0054,0.1031,0.0117,0.1046,0.0078,0.0171,0.1887,0.0205,0.1222,0.0034,0.1994,0.0064
1784801417.74,122,drive,0,1.5,5.0,4.177,25.09,33.93,0.0220,0.0875,0.0064,0.0992,0.0239,0.0987,0.0044,0.0342,0.1857,0.0117,0.1359,0.0064,0.1833,0.0122
1784801417.84,122,drive,1,1.5,5.0,4.177,25.09,33.93,0.0254,0.0792,0.0064,0.1007,0.0191,0.1056,0.0054,0.0327,0.1906,0.0147,0.1246,0.0039,0.1799,0.0054
1784801417.93,122,drive,2,1.5,5.0,4.177,25.09,33.93,0.0220,0.0919,0.0239,0.0958,0.0034,0.0968,0.0093,0.0200,0.1833,0.0127,0.1193,0.0083,0.1823,0.0210
1784801418.53,122,drive,0,1.75,5.0,4.177,25.09,33.93,0.0147,0.0875,0.0147,0.0987,0.0142,0.1065,0.0029,0.0249,0.1945,0.0156,0.1271,0.0068,0.1804,0.0308
1784801418.62,122,drive,1,1.75,5.0,4.177,25.09,33.93,0.0230,0.0899,0.0210,0.1041,0.0088,0.1022,0.0054,0.0220,0.1955,0.0127,0.1266,0.0073,0.1833,0.0220
1784801418.71,122,drive,2,1.75,5.0,4.177,25.09,33.93,0.0244,0.0919,0.0215,0.0997,0.0039,0.1129,0.0059,0.0235,0.1896,0.0117,0.1168,0.0064,0.1823,0.0210
1784801419.30,122,drive,0,2.0,5.0,4.177,25.09,33.93,0.0196,0.0914,0.0005,0.1007,0.0020,0.0997,0.0020,0.0034,0.1877,0.0117,0.1227,0.0029,0.1818,0.0000
1784801419.39,122,drive,1,2.0,5.0,4.177,25.09,33.93,0.0196,0.0924,0.0000,0.1012,0.0000,0.1026,0.0010,0.0064,0.1896,0.0073,0.1241,0.0015,0.1838,0.0005
1784801419.49,122,drive,2,2.0,5.0,4.177,25.09,33.93,0.0186,0.0890,0.0029,0.1012,0.0000,0.1041,0.0034,0.0049,0.1906,0.0103,0.1251,0.0020,0.1813,0.0000
1784801420.16,125,base,0,0.0,5.0,4.217,25.09,33.93,0.0210,0.0943,0.0000,0.0992,0.0000,0.1036,0.0029,0.0029,0.1887,0.0117,0.1232,0.0020,0.1838,0.0005
1784801420.26,125,base,1,0.0,5.0,4.217,25.09,33.93,0.0210,0.0919,0.0005,0.0987,0.0000,0.1070,0.0005,0.0049,0.1906,0.0122,0.1251,0.0005,0.1852,0.0000
1784801420.35,125,base,2,0.0,5.0,4.217,25.09,33.93,0.0186,0.0929,0.0005,0.0943,0.0005,0.1041,0.0034,0.0054,0.1916,0.0112,0.1237,0.0015,0.1848,0.0005
1784801420.94,125,drive,0,0.25,5.0,4.217,25.09,33.93,0.0205,0.0904,0.0000,0.0978,0.0000,0.1036,0.0020,0.0049,0.1896,0.0112,0.1256,0.0010,0.1862,0.0024
1784801421.04,125,drive,1,0.25,5.0,4.217,25.09,33.93,0.0225,0.0899,0.0000,0.0978,0.0020,0.1012,0.0005,0.0054,0.1901,0.0117,0.1227,0.0020,0.1833,0.0000
1784801421.13,125,drive,2,0.25,5.0,4.217,25.09,33.93,0.0196,0.0904,0.0024,0.1022,0.0005,0.1026,0.0039,0.0064,0.1901,0.0122,0.1261,0.0005,0.1862,0.0000
1784801421.72,125,drive,0,0.5,5.0,4.217,25.09,33.93,0.0191,0.0890,0.0005,0.1017,0.0015,0.1036,0.0029,0.0078,0.1921,0.0127,0.1266,0.0029,0.1828,0.0005
1784801421.82,125,drive,1,0.5,5.0,4.217,25.09,33.93,0.0171,0.0953,0.0000,0.1017,0.0005,0.1051,0.0059,0.0054,0.1911,0.0122,0.1290,0.0010,0.1813,0.0005
1784801421.91,125,drive,2,0.5,5.0,4.217,25.09,33.93,0.0210,0.0938,0.0005,0.0987,0.0005,0.1041,0.0005,0.0064,0.1901,0.0112,0.1295,0.0034,0.1838,0.0005
1784801422.50,125,drive,0,0.75,5.0,4.217,25.09,33.93,0.0230,0.0924,0.0000,0.0992,0.0005,0.1065,0.0034,0.0059,0.1945,0.0112,0.1344,0.0010,0.1838,0.0000
1784801422.60,125,drive,1,0.75,5.0,4.217,25.09,33.93,0.0181,0.0929,0.0000,0.1002,0.0005,0.1041,0.0024,0.0112,0.1960,0.0098,0.1354,0.0024,0.1828,0.0000
1784801422.69,125,drive,2,0.75,5.0,4.217,25.09,33.93,0.0205,0.0894,0.0005,0.1017,0.0005,0.1036,0.0015,0.0049,0.1896,0.0137,0.1325,0.0029,0.1833,0.0005
1784801423.28,125,drive,0,1.0,5.0,4.217,25.09,33.93,0.0200,0.0894,0.0029,0.0992,0.0010,0.1056,0.0020,0.0088,0.1965,0.0073,0.1403,0.0020,0.1818,0.0000
1784801423.38,125,drive,1,1.0,5.0,4.217,25.09,33.93,0.0210,0.0904,0.0005,0.0963,0.0005,0.1080,0.0034,0.0108,0.1970,0.0108,0.1413,0.0015,0.1833,0.0000
1784801423.47,125,drive,2,1.0,5.0,4.217,25.09,33.93,0.0225,0.0880,0.0005,0.0963,0.0010,0.1041,0.0044,0.0088,0.1960,0.0078,0.1398,0.0024,0.1838,0.0005
1784801424.06,125,drive,0,1.25,5.0,4.217,25.09,33.93,0.0235,0.0865,0.0005,0.0943,0.0024,0.1051,0.0010,0.0083,0.1984,0.0093,0.1447,0.0000,0.1818,0.0005
1784801424.15,125,drive,1,1.25,5.0,4.217,25.09,33.93,0.0244,0.0899,0.0010,0.0992,0.0000,0.1061,0.0054,0.0142,0.2009,0.0103,0.1432,0.0029,0.1789,0.0005
1784801424.25,125,drive,2,1.25,5.0,4.217,25.09,33.93,0.0225,0.0924,0.0015,0.0978,0.0000,0.1095,0.0049,0.0103,0.2009,0.0073,0.1437,0.0044,0.1789,0.0000
1784801424.83,125,drive,0,1.5,5.0,4.217,25.09,33.93,0.0176,0.0890,0.0005,0.0958,0.0005,0.1065,0.0054,0.0103,0.1999,0.0068,0.1481,0.0024,0.1789,0.0010
1784801424.93,125,drive,1,1.5,5.0,4.217,25.09,33.93,0.0225,0.0865,0.0000,0.0953,0.0000,0.1061,0.0039,0.0093,0.2004,0.0073,0.1486,0.0029,0.1799,0.0000
1784801425.02,125,drive,2,1.5,5.0,4.217,25.09,33.93,0.0235,0.0929,0.0005,0.0982,0.0005,0.1100,0.0020,0.0112,0.2009,0.0073,0.1422,0.0020,0.1799,0.0010
1784801425.61,125,drive,0,1.75,5.0,4.217,25.09,33.93,0.0244,0.0894,0.0005,0.0963,0.0000,0.1061,0.0029,0.0093,0.2009,0.0068,0.1486,0.0020,0.1828,0.0000
1784801425.71,125,drive,1,1.75,5.0,4.217,25.09,33.93,0.0176,0.0919,0.0000,0.0943,0.0010,0.1080,0.0029,0.0132,0.2019,0.0054,0.1452,0.0034,0.1784,0.0000
1784801425.80,125,drive,2,1.75,5.0,4.217,25.09,33.93,0.0200,0.0909,0.0000,0.0968,0.0015,0.1105,0.0020,0.0117,0.2033,0.0064,0.1461,0.0034,0.1760,0.0005
1784801426.39,125,drive,0,2.0,5.0,4.217,25.09,33.93,0.0215,0.0919,0.0005,0.0958,0.0015,0.1095,0.0024,0.0137,0.1999,0.0083,0.1461,0.0024,0.1808,0.0000
1784801426.49,125,drive,1,2.0,5.0,4.217,25.09,33.93,0.0210,0.0924,0.0000,0.0968,0.0000,0.1085,0.0024,0.0112,0.2009,0.0078,0.1452,0.0034,0.1823,0.0005
1784801426.58,125,drive,2,2.0,5.0,4.217,25.09,33.93,0.0230,0.0880,0.0020,0.0938,0.0000,0.1090,0.0029,0.0127,0.1999,0.0093,0.1476,0.0015,0.1794,0.0000
1784801427.25,126,base,0,0.0,5.0,4.197,25.09,33.94,0.0186,0.0904,0.0015,0.0987,0.0005,0.1002,0.0039,0.0039,0.1867,0.0117,0.1251,0.0015,0.1843,0.0000
1784801427.34,126,base,1,0.0,5.0,4.197,25.09,33.94,0.0181,0.0909,0.0020,0.1007,0.0000,0.1012,0.0034,0.0068,0.1911,0.0132,0.1227,0.0029,0.1833,0.0000
1784801427.43,126,base,2,0.0,5.0,4.197,25.09,33.94,0.0215,0.0865,0.0015,0.0987,0.0005,0.1031,0.0034,0.0039,0.1891,0.0127,0.1246,0.0015,0.1857,0.0010
1784801428.03,126,drive,0,0.25,5.0,4.197,25.09,33.94,0.0230,0.0934,0.0020,0.0968,0.0005,0.0997,0.0034,0.0059,0.1896,0.0103,0.1266,0.0024,0.1857,0.0000
1784801428.12,126,drive,1,0.25,5.0,4.197,25.09,33.94,0.0230,0.0880,0.0015,0.1017,0.0000,0.1022,0.0015,0.0078,0.1877,0.0112,0.1227,0.0005,0.1808,0.0010
1784801428.22,126,drive,2,0.25,5.0,4.197,25.09,33.94,0.0186,0.0924,0.0000,0.1017,0.0005,0.1031,0.0054,0.0034,0.1940,0.0098,0.1217,0.0024,0.1828,0.0000
1784801428.81,126,drive,0,0.5,5.0,4.197,25.09,33.94,0.0225,0.0904,0.0005,0.0997,0.0000,0.1036,0.0024,0.0068,0.1916,0.0098,0.1266,0.0029,0.1823,0.0029
1784801428.90,126,drive,1,0.5,5.0,4.197,25.09,33.94,0.0220,0.0899,0.0024,0.0992,0.0005,0.1051,0.0029,0.0088,0.1901,0.0122,0.1281,0.0020,0.1833,0.0029
1784801429.00,126,drive,2,0.5,5.0,4.197,25.09,33.94,0.0196,0.0929,0.0005,0.1007,0.0010,0.1036,0.0039,0.0073,0.1911,0.0112,0.1320,0.0010,0.1857,0.0000
1784801429.58,126,drive,0,0.75,5.0,4.197,25.09,33.94,0.0220,0.0904,0.0000,0.1002,0.0005,0.1065,0.0020,0.0088,0.1940,0.0098,0.1339,0.0044,0.1828,0.0000
1784801429.68,126,drive,1,0.75,5.0,4.197,25.09,33.94,0.0196,0.0929,0.0000,0.1007,0.0010,0.1056,0.0034,0.0103,0.1955,0.0127,0.1329,0.0020,0.1843,0.0010
1784801429.77,126,drive,2,0.75,5.0,4.197,25.09,33.94,0.0196,0.0904,0.0005,0.0978,0.0000,0.1070,0.0020,0.0064,0.1965,0.0137,0.1329,0.0020,0.1848,0.0015
1784801430.36,126,drive,0,1.0,5.0,4.197,25.09,33.94,0.0200,0.0885,0.0005,0.0968,0.0010,0.1041,0.0059,0.0093,0.1994,0.0117,0.1373,0.0005,0.1799,0.0000
1784801430.46,126,drive,1,1.0,5.0,4.197,25.09,33.94,0.0161,0.0875,0.0010,0.0987,0.0010,0.1051,0.0039,0.0064,0.1984,0.0098,0.1349,0.0029,0.1833,0.0000
1784801430.55,126,drive,2,1.0,5.0,4.197,25.09,33.94,0.0191,0.0894,0.0010,0.0992,0.0000,0.1041,0.0020,0.0103,0.1970,0.0073,0.1393,0.0034,0.1828,0.0000
1784801431.15,126,drive,0,1.25,5.0,4.197,25.09,33.94,0.0220,0.0880,0.0005,0.0973,0.0005,0.1056,0.0044,0.0103,0.2043,0.0098,0.1457,0.0039,0.1799,0.0010
1784801431.24,126,drive,1,1.25,5.0,4.197,25.09,33.94,0.0264,0.0894,0.0000,0.0963,0.0010,0.1012,0.0020,0.0122,0.2033,0.0059,0.1476,0.0024,0.1804,0.0000
1784801431.33,126,drive,2,1.25,5.0,4.197,25.09,33.94,0.0225,0.0904,0.0000,0.0992,0.0000,0.1109,0.0029,0.0122,0.2004,0.0083,0.1457,0.0005,0.1823,0.0005
1784801431.92,126,drive,0,1.5,5.0,4.197,25.09,33.94,0.0225,0.0924,0.0000,0.0978,0.0000,0.1061,0.0010,0.0147,0.1994,0.0049,0.1461,0.0044,0.1799,0.0000
1784801432.02,126,drive,1,1.5,5.0,4.197,25.09,33.94,0.0225,0.0953,0.0000,0.0973,0.0015,0.1065,0.0044,0.0122,0.2019,0.0068,0.1447,0.0034,0.1794,0.0005
1784801432.11,126,drive,2,1.5,5.0,4.197,25.09,33.94,0.0215,0.0914,0.0005,0.0948,0.0000,0.1070,0.0024,0.0137,0.2004,0.0068,0.1481,0.0000,0.1779,0.0005
1784801432.70,126,drive,0,1.75,5.0,4.197,25.09,33.94,0.0220,0.0890,0.0000,0.0978,0.0000,0.1070,0.0039,0.0132,0.2019,0.0068,0.1471,0.0029,0.1784,0.0005
1784801432.80,126,drive,1,1.75,5.0,4.197,25.09,33.94,0.0186,0.0958,0.0000,0.0997,0.0000,0.1056,0.0034,0.0088,0.2019,0.0078,0.1447,0.0010,0.1789,0.0005
1784801432.89,126,drive,2,1.75,5.0,4.197,25.09,33.94,0.0225,0.0953,0.0024,0.0982,0.0005,0.1065,0.0024,0.0132,0.2009,0.0064,0.1447,0.0010,0.1818,0.0000
1784801433.48,126,drive,0,2.0,5.0,4.197,25.09,33.94,0.0220,0.0870,0.0000,0.0953,0.0000,0.1080,0.0020,0.0152,0.2028,0.0103,0.1437,0.0020,0.1789,0.0005
1784801433.58,126,drive,1,2.0,5.0,4.197,25.09,33.94,0.0215,0.0934,0.0005,0.0968,0.0000,0.1061,0.0044,0.0122,0.1999,0.0073,0.1466,0.0034,0.1813,0.0000
1784801433.67,126,drive,2,2.0,5.0,4.197,25.09,33.94,0.0249,0.0894,0.0005,0.0997,0.0000,0.1075,0.0049,0.0117,0.1970,0.0078,0.1452,0.0010,0.1804,0.0005
1784801434.35,127,base,0,0.0,5.0,4.137,25.09,33.95,0.0225,0.0909,0.0000,0.1017,0.0005,0.1022,0.0024,0.0039,0.1862,0.0098,0.1261,0.0029,0.1838,0.0000
1784801434.44,127,base,1,0.0,5.0,4.137,25.09,33.95,0.0230,0.0885,0.0010,0.1022,0.0000,0.1026,0.0015,0.0059,0.1901,0.0122,0.1241,0.0015,0.1833,0.0005
1784801434.53,127,base,2,0.0,5.0,4.137,25.09,33.95,0.0225,0.0880,0.0010,0.1007,0.0005,0.1031,0.0034,0.0098,0.1896,0.0103,0.1246,0.0005,0.1818,0.0005
1784801435.13,127,drive,0,0.25,5.0,4.137,25.09,33.95,0.0274,0.0938,0.0005,0.1012,0.0015,0.1100,0.0039,0.0068,0.1955,0.0152,0.1290,0.0039,0.1916,0.0005
1784801435.22,127,drive,1,0.25,5.0,4.137,25.09,33.95,0.0288,0.0938,0.0010,0.1046,0.0010,0.1075,0.0059,0.0068,0.1955,0.0152,0.1281,0.0034,0.1906,0.0039
1784801435.32,127,drive,2,0.25,5.0,4.137,25.09,33.95,0.0313,0.0948,0.0005,0.1085,0.0010,0.1036,0.0064,0.0088,0.1965,0.0142,0.1285,0.0029,0.1911,0.0020
1784801435.91,127,drive,0,0.5,5.0,4.137,25.09,33.95,0.0244,0.0948,0.0010,0.1036,0.0015,0.1065,0.0044,0.0059,0.1960,0.0166,0.1290,0.0044,0.1950,0.0088
1784801436.00,127,drive,1,0.5,5.0,4.137,25.09,33.95,0.0293,0.0919,0.0024,0.1007,0.0010,0.1056,0.0059,0.0059,0.1965,0.0156,0.1295,0.0029,0.1882,0.0034
1784801436.10,127,drive,2,0.5,5.0,4.137,25.09,33.95,0.0269,0.0929,0.0010,0.1026,0.0005,0.1051,0.0064,0.0098,0.1970,0.0127,0.1290,0.0039,0.1901,0.0034
1784801436.69,127,drive,0,0.75,5.0,4.137,25.09,33.95,0.0308,0.0963,0.0010,0.1036,0.0015,0.1051,0.0039,0.0083,0.1945,0.0176,0.1300,0.0044,0.1882,0.0068
1784801436.78,127,drive,1,0.75,5.0,4.137,25.09,33.95,0.0298,0.0904,0.0005,0.1051,0.0005,0.1056,0.0064,0.0103,0.1931,0.0147,0.1271,0.0029,0.1882,0.0059
1784801436.88,127,drive,2,0.75,5.0,4.137,25.09,33.95,0.0259,0.0943,0.0005,0.1051,0.0010,0.1090,0.0068,0.0068,0.1955,0.0137,0.1285,0.0020,0.1906,0.0034
1784801437.47,127,drive,0,1.0,5.0,4.137,25.09,33.95,0.0259,0.0948,0.0015,0.1017,0.0010,0.1061,0.0088,0.0054,0.1945,0.0171,0.1276,0.0029,0.1867,0.0024
1784801437.57,127,drive,1,1.0,5.0,4.137,25.09,33.95,0.0283,0.1022,0.0015,0.1022,0.0010,0.1017,0.0039,0.0088,0.2009,0.0166,0.1295,0.0044,0.1877,0.0020
1784801437.66,127,drive,2,1.0,5.0,4.137,25.09,33.95,0.0264,0.0948,0.0005,0.1036,0.0005,0.1046,0.0068,0.0083,0.1945,0.0127,0.1290,0.0020,0.1891,0.0054
1784801438.25,127,drive,0,1.25,5.0,4.137,25.09,33.95,0.0220,0.0997,0.0005,0.1022,0.0005,0.1017,0.0064,0.0078,0.1921,0.0137,0.1305,0.0054,0.1887,0.0034
1784801438.35,127,drive,1,1.25,5.0,4.137,25.09,33.95,0.0298,0.0934,0.0010,0.1036,0.0005,0.1134,0.0059,0.0073,0.1970,0.0142,0.1300,0.0024,0.1877,0.0015
1784801438.44,127,drive,2,1.25,5.0,4.137,25.09,33.95,0.0274,0.0894,0.0010,0.1080,0.0000,0.1085,0.0029,0.0068,0.1921,0.0166,0.1276,0.0039,0.1906,0.0010
1784801439.03,127,drive,0,1.5,5.0,4.137,25.09,33.95,0.0327,0.0934,0.0010,0.1026,0.0010,0.1070,0.0059,0.0098,0.1975,0.0103,0.1300,0.0034,0.1906,0.0005
1784801439.12,127,drive,1,1.5,5.0,4.137,25.09,33.95,0.0249,0.0934,0.0005,0.1046,0.0005,0.1070,0.0064,0.0093,0.1926,0.0161,0.1320,0.0029,0.1867,0.0039
1784801439.22,127,drive,2,1.5,5.0,4.137,25.09,33.95,0.0313,0.0904,0.0000,0.1036,0.0005,0.1085,0.0073,0.0088,0.1940,0.0122,0.1256,0.0039,0.1901,0.0015
1784801439.81,127,drive,0,1.75,5.0,4.137,25.09,33.95,0.0303,0.0899,0.0020,0.1017,0.0005,0.1056,0.0029,0.0083,0.1945,0.0127,0.1305,0.0054,0.1882,0.0020
1784801439.91,127,drive,1,1.75,5.0,4.137,25.09,33.95,0.0323,0.0934,0.0005,0.1041,0.0005,0.1105,0.0059,0.0083,0.1916,0.0161,0.1295,0.0005,0.1921,0.0020
1784801440.00,127,drive,2,1.75,5.0,4.137,25.09,33.95,0.0259,0.0968,0.0000,0.1046,0.0000,0.1070,0.0078,0.0068,0.1935,0.0186,0.1290,0.0034,0.1887,0.0044
1784801440.59,127,drive,0,2.0,5.0,4.137,25.09,33.95,0.0274,0.0943,0.0005,0.0997,0.0015,0.1090,0.0044,0.0098,0.1911,0.0156,0.1300,0.0068,0.1887,0.0010
1784801440.68,127,drive,1,2.0,5.0,4.137,25.09,33.95,0.0293,0.0909,0.0049,0.1056,0.0015,0.1109,0.0034,0.0112,0.1945,0.0142,0.1271,0.0044,0.1931,0.0029
1784801440.77,127,drive,2,2.0,5.0,4.137,25.09,33.95,0.0298,0.0914,0.0000,0.1070,0.0010,0.1046,0.0059,0.0078,0.1970,0.0156,0.1290,0.0049,0.1901,0.0020
