combo,port,dac0,dac1,dac2,dac3,dac4,dac5,dac7,dac9,dac10,dac12,dac13,dac14,pd0,pd1,pd2,pd3
0,0,1.9109,0.4047,0.1229,0.0496,1.2199,2.7383,0.91,2.1885,0.8154,2.8052,2.4476,0.0082,0.1648,0.123255,0.086605,0.167095
1,0,2.5722,0.0504,2.189,0.527,1.2948,1.6244,0.4496,1.2681,0.0425,0.3728,2.0119,1.9416,0.239645,0.09149,0.015425,0.239645
2,0,1.8462,0.5755,2.9916,2.9425,1.0283,1.9514,1.0327,1.1668,0.2026,2.1645,1.5761,0.9307,0.08263,0.15946,0.130285,0.0391
3,0,1.4575,1.3342,2.8021,1.0734,0.8573,0.9656,0.8915,1.0137,0.5874,2.6708,0.6815,1.8696,0.231245,0.10157,0.08859,0.239645
4,0,0.252,1.249,2.3613,0.7181,1.3147,0.1757,0.5042,0.4508,0.6755,2.389,0.6919,0.1561,0.25889,0.053,0.09195,0.263475
5,0,1.2137,0.2978,0.2723,1.741,0.448,2.016,0.2993,2.8263,0.5477,0.3165,1.8873,2.7815,0.19184,0.03696,0.044295,0.15335
6,0,1.3211,1.4319,1.4997,1.2757,0.9303,2.9853,1.4234,1.3801,1.1366,1.4923,1.5879,2.3574,0.17779,0.08553,0.133645,0.142045
7,0,1.244,1.1017,2.1334,2.7962,0.1724,2.187,1.3911,2.9038,0.0221,2.5909,2.9436,2.8716,0.131205,0.06583,0.085535,0.05911
8,0,0.4463,1.4589,2.6698,2.4671,0.72,0.6971,1.2028,2.7706,0.3992,1.6168,1.3283,2.7931,0.152125,0.08981,0.15869,0.11119
9,0,0.1215,1.098,1.8431,0.0851,1.0788,0.048,1.1369,1.5383,1.3937,0.1982,2.524,0.2001,0.301655,0.031765,0.052235,0.28501
10,0,1.0329,0.6454,2.8982,1.6867,0.3883,0.725,1.3322,0.6776,0.1868,0.865,1.7584,1.6623,0.216735,0.08049,0.121885,0.19917
11,0,2.4291,0.8407,0.8653,1.2387,1.2272,1.8795,1.4386,1.1082,0.8289,1.7818,2.5449,0.4364,0.26836,0.06934,0.019705,0.233075
12,0,1.2195,1.3649,0.1292,2.4681,0.6231,2.4894,0.0149,1.0951,0.1179,1.9578,0.8215,2.108,0.126005,0.093015,0.146015,0.07179
13,0,2.8314,0.1902,2.5943,0.1784,0.5712,1.2893,0.7333,2.9294,1.1635,0.9266,0.8095,2.5894,0.291575,0.14479,0.02154,0.28501
14,0,2.6439,0.7661,1.0329,2.9848,0.4739,0.5481,1.3201,2.437,1.0018,2.8752,2.7771,2.2447,0.118215,0.10386,0.020925,0.043985
15,0,2.5821,0.3707,0.4237,2.0102,1.0719,0.5012,0.5933,2.7308,0.8421,1.735,0.5824,1.5781,0.20986,0.08691,0.01726,0.158085
16,0,1.5703,0.1334,2.9458,1.7142,0.0096,2.3179,1.4674,1.7696,0.4795,0.5625,2.0176,0.5853,0.202375,0.08859,0.086755,0.16297
17,0,1.7331,0.9034,2.8873,0.2168,0.75,2.2323,0.2658,1.1642,0.0943,2.1776,0.2633,1.1853,0.26408,0.13991,0.105695,0.25492
18,0,2.6206,0.7085,2.7379,2.2978,1.373,0.3822,0.1103,0.211,1.3033,1.9022,1.4897,0.4906,0.163125,0.218565,0.05636,0.134715
19,0,2.0212,0.477,2.1326,1.3811,0.7612,2.369,0.1391,1.7363,0.2959,2.4244,1.4665,2.9661,0.219485,0.17244,0.10142,0.203445
20,0,0.5488,1.4445,2.4028,1.4438,1.2203,1.8085,0.9827,2.7411,0.0979,2.505,1.1454,0.9766,0.239185,0.10111,0.149835,0.231855
21,0,2.9821,1.1718,1.4566,1.2679,1.3163,0.2604,1.0626,2.3675,1.1988,0.9669,2.3899,0.676,0.27554,0.085835,0.001375,0.25278
22,0,1.0869,0.6262,1.6242,0.3378,0.6104,0.0009,1.1166,2.5556,0.2084,2.1114,2.4633,2.9455,0.307615,0.04078,0.046435,0.29738
23,0,2.5314,0.6362,2.9391,2.922,0.7555,2.2603,1.3708,1.4284,1.2957,2.1047,0.8818,2.303,0.10325,0.25599,0.083855,0.045825
24,0,1.7121,0.1408,1.1741,0.2212,0.7143,1.2856,0.6356,1.7589,0.184,2.8013,2.0522,2.4713,0.29845,0.073315,0.053455,0.294475
25,0,2.6904,0.875,0.1207,2.1345,0.8535,2.4779,0.7982,2.4397,1.4955,1.0517,0.5131,1.175,0.166175,0.16755,0.036655,0.11318
26,0,2.2591,0.6588,1.7651,0.3821,1.0892,0.8402,0.2859,2.5888,0.8466,1.4535,2.6965,0.258,0.305625,0.066745,0.01909,0.297685
27,0,2.0885,0.492,0.5262,2.0244,0.5442,0.9897,1.4155,0.5979,0.7683,0.072,0.4901,2.6503,0.20757,0.07026,0.03467,0.159
28,0,2.3677,0.8353,0.6674,1.6732,0.0182,2.139,1.0751,1.9381,0.917,0.2211,0.7392,1.7231,0.214135,0.116995,0.040475,0.177785
29,0,1.1826,1.488,2.7712,0.456,0.8849,2.0886,0.2048,0.9378,1.0739,2.7033,1.0252,0.7168,0.25721,0.119595,0.138225,0.264545
30,0,2.4654,0.8775,1.4298,0.7685,0.109,0.0537,0.87,0.5733,1.4633,0.3224,1.3563,1.184,0.28745,0.074535,0.018785,0.2902
31,0,0.6969,1.1231,1.9311,2.1773,0.1242,1.0582,0.7797,1.2802,0.0609,0.5821,2.8351,0.4877,0.18863,0.049795,0.08355,0.146015
32,0,2.5562,1.2332,1.1739,1.4004,1.236,2.0421,1.2554,2.2728,1.0369,2.7389,2.4684,0.5372,0.239645,0.146015,0.032075,0.227425
33,0,2.2447,0.13,1.2776,1.1903,0.3033,2.8137,0.1422,0.0147,0.4844,2.9722,0.7941,2.4921,0.178705,0.245295,0.112105,0.172745
34,0,0.5193,0.8796,2.8752,2.1495,1.4708,1.7237,1.475,2.5111,1.1674,2.6655,1.8945,1.0691,0.169385,0.09271,0.19627,0.16465
35,0,1.5848,0.3398,2.3326,0.5102,0.8658,1.6077,1.0079,2.2815,0.1647,1.8748,1.2419,1.8426,0.27737,0.096225,0.08996,0.29035
36,0,2.082,0.8782,2.1987,1.5601,0.6943,0.8603,0.3437,2.0859,1.0436,0.5864,2.9155,2.0135,0.236895,0.091645,0.040935,0.230175
37,0,1.5936,1.2618,1.4596,1.4278,0.3874,0.4684,1.0674,2.5323,1.0167,1.1065,1.7272,1.6902,0.255835,0.066745,0.04032,0.244075
38,0,2.8097,0.5815,0.4943,2.6308,1.3421,0.1448,0.2973,1.9089,1.1833,1.8201,0.5748,0.3529,0.12784,0.113335,0.01375,0.078205
39,0,1.5179,1.2233,0.6512,0.2254,0.8266,0.5755,0.1011,2.3198,1.2318,1.195,0.8822,0.8314,0.300435,0.05147,0.02994,0.30272
40,0,1.0829,0.8654,1.5835,1.066,0.9561,2.0273,0.8374,1.1619,0.9359,1.7757,1.021,0.9096,0.236285,0.081105,0.119285,0.245755
41,0,1.6372,0.9185,1.8324,1.1485,0.8487,2.9573,0.642,2.529,0.122,2.6257,2.8251,0.7856,0.18909,0.11669,0.104625,0.168775
42,0,0.0363,0.7245,0.5481,2.9149,1.3465,2.882,0.9058,1.5455,1.2491,1.957,0.7457,2.8029,0.07606,0.077895,0.19703,0.030855
43,0,1.3191,1.1603,1.5028,0.5501,0.4439,1.7232,0.2145,0.0412,0.6508,2.2866,1.8425,0.9724,0.25828,0.073465,0.09088,0.284245
44,0,2.1517,0.7268,2.9985,2.3281,1.2459,0.7786,0.2284,0.5979,0.6484,1.5364,0.5838,2.3398,0.137765,0.205125,0.108135,0.13288
45,0,2.6053,0.474,1.5242,1.7831,1.0836,0.4424,0.4213,2.1921,0.8523,2.6998,1.3436,1.2198,0.20375,0.12769,0.02734,0.208025
46,0,0.9195,0.3471,1.9523,0.7941,1.2934,0.8119,1.01,1.7046,0.9427,2.6863,0.51,0.4494,0.26912,0.06155,0.09393,0.29188
47,0,0.3657,0.1147,1.6027,0.4972,1.2108,0.0678,0.5619,1.4196,0.3248,1.0677,0.6684,0.8455,0.273095,0.037575,0.064915,0.29845
48,0,2.7806,0.6258,1.1576,1.8335,0.9962,1.9808,0.1271,1.7457,1.1039,2.3867,1.7656,0.3917,0.181755,0.173815,0.02734,0.171525
49,0,0.2512,0.4846,2.7827,1.4179,1.3432,1.379,1.1327,1.4554,1.0631,0.9515,2.6696,0.7971,0.224525,0.051475,0.10707,0.240255
50,0,0.0185,1.0817,2.0298,1.9707,1.0311,1.7588,0.1729,2.0076,0.0099,0.5485,1.2626,1.1351,0.17519,0.06018,0.11837,0.160985
51,0,0.3569,0.6404,1.8709,1.1324,1.0627,0.6928,0.2157,2.2467,1.0031,1.2881,0.4103,1.9911,0.243765,0.04964,0.08874,0.259805
52,0,2.2499,0.2459,2.0679,1.0669,1.3727,2.2546,0.4106,2.8141,0.0378,0.5545,0.7257,2.1962,0.216275,0.1367,0.05972,0.224825
53,0,1.5785,0.6966,0.6676,2.2694,0.1757,0.742,1.2095,1.3531,1.3152,1.805,2.3686,0.5622,0.164495,0.047195,0.0446,0.134715
54,0,0.9487,0.5651,1.4826,1.4174,1.2337,0.5196,1.2772,2.6671,0.1133,0.0282,0.8783,1.2022,0.241785,0.044755,0.06537,0.242395
55,0,2.9113,0.1071,2.3439,1.4263,0.1948,1.0982,0.5714,0.7307,0.4415,1.2598,2.8868,1.3766,0.230325,0.12555,0.009315,0.236135
56,0,2.8504,0.0458,0.1983,0.0834,0.9989,0.6607,0.8646,2.3861,0.4977,0.737,2.1762,1.4277,0.29356,0.05147,0.001375,0.30395
57,0,0.4476,0.1312,2.2115,2.5812,1.3355,1.5303,0.2302,0.677,0.6803,2.5556,1.9506,0.8226,0.116845,0.0808,0.176715,0.093625
58,0,2.2678,0.6532,2.9483,1.2862,1.2558,0.0436,1.0773,1.1954,0.7485,0.5965,2.7885,0.5989,0.24468,0.135935,0.053765,0.26042
59,0,1.6848,0.896,2.5753,1.4,1.2448,1.5717,1.4345,2.1498,1.3682,2.8271,2.4067,0.3671,0.23292,0.114705,0.09424,0.246515
60,0,0.3733,0.9244,0.8136,1.1555,0.2607,2.2865,1.2817,0.3984,0.7753,1.185,2.37,1.395,0.23552,0.02795,0.072855,0.22391
61,0,2.1924,0.8492,2.9347,1.2589,1.4815,1.2463,0.274,2.3462,0.4076,1.6973,1.938,0.599,0.2482,0.145255,0.065065,0.26057
62,0,0.1032,1.4806,2.4522,0.3711,1.272,0.7744,0.3709,2.3178,1.136,2.5379,0.41,2.2428,0.279965,0.07881,0.101875,0.303795
63,0,1.4095,0.4888,2.2029,2.5354,0.4837,0.4644,1.4875,2.7576,0.4348,2.4432,0.2691,2.7376,0.13212,0.10768,0.13869,0.10753
64,0,2.324,0.2953,0.8871,1.7867,0.5336,2.2087,0.8885,0.6211,0.9152,0.0422,0.3352,0.4836,0.189395,0.12906,0.05117,0.16205
65,0,1.061,0.0179,2.7897,0.7185,0.406,1.1269,1.4111,1.0555,0.6467,0.8955,2.9287,1.0946,0.282715,0.05911,0.084315,0.294015
66,0,0.2506,0.987,2.1498,1.1167,0.3171,1.2278,0.6586,2.9859,1.2877,1.8627,0.5818,2.0637,0.257665,0.066895,0.11837,0.266065
67,0,2.277,0.1131,1.1385,0.9805,0.8556,1.9592,0.2721,1.409,1.4883,0.0476,1.113,1.0029,0.254305,0.10371,0.04063,0.244375
68,0,1.2167,1.3038,1.3149,2.6492,0.8633,1.2739,0.3785,2.4708,0.9663,0.6367,0.3902,0.3763,0.129215,0.07133,0.08706,0.072245
69,0,2.7272,0.6051,2.4609,2.6861,0.3395,0.0977,0.2705,2.3189,0.0231,1.6924,0.5738,2.3,0.115465,0.233685,0.050555,0.074995
70,0,1.4381,0.8236,0.8802,1.3697,0.0686,2.4286,1.3612,2.2579,0.7434,2.5314,0.0115,1.9979,0.19902,0.13594,0.153045,0.198555
71,0,2.3022,0.49,2.5697,0.0006,0.9482,0.9031,0.9429,0.7541,0.3147,1.8785,1.4908,0.5618,0.29127,0.126165,0.04429,0.30349
72,0,2.6585,1.3236,1.6487,2.1183,0.6771,2.4043,1.2508,2.2925,0.3647,0.0735,1.9748,1.2338,0.186495,0.110735,0.01772,0.12738
73,0,2.6828,1.2898,1.6013,1.1323,1.0695,2.1281,1.0234,2.5273,0.866,1.5481,1.5507,2.6669,0.254615,0.15686,0.021535,0.240715
74,0,1.1003,1.2629,1.5147,0.256,0.6735,0.8736,0.7918,2.5599,0.2692,1.4257,1.7475,2.3095,0.310975,0.056975,0.04521,0.30532
75,0,2.8229,0.8259,2.7649,1.0097,1.1465,2.2912,0.8269,0.5214,0.5793,0.8726,2.9006,1.9339,0.265765,0.097905,0.008245,0.239185
76,0,2.7271,0.4442,1.2868,1.7021,0.5321,1.3695,0.899,0.0849,0.5097,0.0007,1.4476,1.824,0.24774,0.104775,0.012985,0.20299
77,0,0.279,0.3631,2.412,2.5208,0.5816,2.4427,0.4157,2.1183,0.8182,1.3203,1.9693,0.0402,0.141895,0.05758,0.13395,0.07912
78,0,0.4873,0.4407,2.0417,2.1187,1.0211,2.3029,0.1193,0.3177,1.283,1.0705,1.7051,1.5105,0.18527,0.05697,0.125245,0.130135
79,0,1.88,0.1154,2.3094,0.3702,1.0221,1.2064,0.7384,2.0151,0.5565,0.1381,2.8926,1.568,0.311125,0.062925,0.038185,0.30334
80,0,2.2264,0.7969,2.4591,1.6938,0.1841,1.9257,0.2591,2.471,1.0216,2.8194,1.8872,0.6755,0.22254,0.19077,0.089045,0.20009
81,0,1.6714,1.1577,2.1357,1.0269,0.983,2.8058,1.0272,1.1019,1.3661,2.4829,2.5656,0.3205,0.219485,0.110275,0.10997,0.19291
82,0,0.8725,1.1852,0.8244,0.2211,1.0249,2.3978,0.9627,1.0345,0.8397,0.0646,1.688,2.5704,0.27386,0.045515,0.098515,0.24713
83,0,0.2342,0.575,0.4946,1.14,0.0195,2.4833,0.7444,1.3078,0.9027,2.5501,0.8738,0.8026,0.2204,0.090265,0.19947,0.20696
84,0,0.1485,0.3996,0.1986,0.1247,0.8291,0.5515,0.1114,2.7501,0.2231,0.2845,2.912,2.0009,0.326705,0.015885,0.02337,0.310515
85,0,2.1773,0.8448,0.2112,2.5256,0.627,1.1774,0.203,0.3397,0.7834,1.7062,1.5561,1.8394,0.164195,0.082325,0.039255,0.092555
86,0,2.6329,0.7563,1.1374,0.7697,0.4603,1.6824,1.1931,1.3234,0.0611,0.5645,0.272,1.0,0.29402,0.119135,0.020775,0.274315
87,0,2.0531,0.8861,1.9864,1.3638,0.1647,0.8888,0.7664,1.4915,0.3655,2.4759,1.2999,2.5364,0.266375,0.11776,0.05682,0.252475
88,0,0.7965,1.4129,0.3356,2.3075,0.0303,0.709,1.3058,1.0503,1.3987,2.7883,2.4006,1.1883,0.195045,0.03834,0.07698,0.13869
89,0,2.5748,0.6857,0.3785,2.5559,1.2244,0.4067,1.2998,1.5569,1.1154,0.8045,0.6464,2.5449,0.167705,0.091035,0.01986,0.09592
90,0,1.8006,0.2216,1.0976,2.5771,0.7024,1.0106,0.5114,2.4739,0.6814,2.8451,0.9366,2.2694,0.155025,0.10692,0.08828,0.09317
91,0,0.8571,1.1518,0.0528,0.3895,0.3889,2.6103,0.4837,1.4506,0.1606,1.7,0.288,0.4248,0.230785,0.09699,0.1729,0.22086
92,0,2.4029,0.3659,0.1838,1.8055,0.2198,0.1585,1.2458,1.1915,1.2982,2.2321,0.6029,0.2544,0.23338,0.08599,0.024745,0.199625
93,0,0.5141,0.7419,1.0732,2.4959,0.7039,1.6642,0.5812,2.2647,1.0334,2.0573,2.3148,1.1958,0.16358,0.042305,0.085225,0.102485
94,0,0.3573,1.2269,1.0366,2.0753,1.4827,2.1053,1.36,0.0401,0.9056,0.292,2.6175,2.8807,0.21597,0.01466,0.04139,0.153505
95,0,0.1025,0.1999,2.4983,2.0607,1.4725,2.2695,0.8913,1.6177,0.0148,2.3514,1.152,0.32,0.1703,0.091945,0.213985,0.14678
96,0,1.6405,0.5549,1.8176,0.05,0.2475,1.6195,0.9149,0.2466,0.9546,2.5237,0.8604,1.564,0.27722,0.104165,0.090575,0.28837
97,0,2.7184,1.0544,0.6202,2.8995,0.5131,2.4726,0.6788,2.3693,1.3814,2.7082,2.4138,0.9689,0.102945,0.155945,0.033295,0.03956
98,0,2.7379,0.23,0.7806,1.9391,1.1223,0.151,0.4033,1.1071,1.2709,0.0058,2.67,1.0042,0.21475,0.071785,0.007635,0.17366
99,0,1.8497,1.4036,0.1848,1.6358,0.3333,2.1067,1.2267,0.7387,1.2898,0.5322,1.4402,0.3938,0.212765,0.060785,0.068275,0.181455
100,0,0.9226,0.5612,2.0858,0.9506,0.7945,1.954,1.1786,0.8806,0.0845,0.7112,1.6378,2.633,0.255225,0.05865,0.08996,0.25156
101,0,1.9726,0.9109,0.0953,1.4941,0.4964,1.0422,1.4391,0.4904,0.1326,0.9153,1.9281,0.8088,0.2401,0.048725,0.02459,0.225135
102,0,2.1175,1.0426,1.3146,2.5041,0.4857,1.8696,0.81,0.2151,0.5208,1.6894,2.9282,2.351,0.15732,0.046585,0.023675,0.098975
103,0,1.4427,0.2947,0.8099,0.1273,0.8724,1.2727,0.9878,1.5944,0.6252,1.0561,0.1219,2.9489,0.285615,0.05376,0.04918,0.292795
104,0,0.2256,0.0382,0.6459,0.4086,1.1916,0.4549,0.5099,0.0397,1.3974,0.9631,2.5286,2.8858,0.296005,0.018175,0.03131,0.298295
105,0,2.1824,0.3911,1.4764,2.348,1.048,2.4827,0.8169,1.9725,0.5448,0.5742,2.0917,0.0086,0.14571,0.072855,0.033905,0.09271
106,0,2.3516,0.0108,1.8504,1.7838,0.1583,1.7766,1.1368,1.608,1.0091,2.126,0.6177,2.7798,0.196725,0.169385,0.062925,0.18756
107,0,0.9826,0.8756,0.3095,2.9892,0.9812,1.3854,0.8492,0.0816,0.3601,2.9241,0.2431,0.4251,0.082325,0.07744,0.131505,0.035895
108,0,1.7192,1.161,2.5586,2.5837,1.1403,1.043,0.8724,2.4394,0.2083,0.2443,1.3758,0.931,0.122345,0.13777,0.11547,0.09164
109,0,0.0112,0.7753,1.1189,2.6494,0.5013,1.988,0.8521,0.899,0.7014,1.103,0.7128,0.2644,0.108595,0.04872,0.12005,0.0669
110,0,0.1564,0.3341,0.25,0.4519,0.1874,1.1199,0.3573,0.0132,0.0494,2.9702,0.7354,0.1225,0.277675,0.04353,0.082175,0.29066
111,0,1.878,0.8275,1.1666,2.2,1.4055,1.1891,0.563,1.5426,0.3517,0.5219,1.166,2.0311,0.161595,0.075755,0.04735,0.137765
112,0,0.0443,0.2076,2.4243,0.9964,0.8387,0.1665,0.8262,0.0832,0.3109,1.3437,1.5714,0.3759,0.25614,0.05193,0.10432,0.2734
113,0,1.3771,1.1707,2.1174,1.1072,0.7442,2.397,0.3948,0.4207,1.4535,2.619,2.6226,1.4315,0.207115,0.086755,0.11593,0.217805
114,0,0.1061,1.1144,2.3705,2.8954,0.0537,2.4384,0.5052,1.9998,1.3508,0.7549,2.9803,0.1135,0.106305,0.02444,0.061245,0.036505
115,0,0.3441,0.721,2.1569,2.7795,1.2709,2.9115,0.662,1.2189,0.8842,2.0758,2.7086,1.7761,0.10569,0.037875,0.091185,0.046585
116,0,2.7179,0.6235,2.3141,2.9942,0.1182,2.1217,1.3547,2.6835,1.3091,0.8362,1.2189,1.5243,0.08553,0.176255,0.04139,0.03284
117,0,2.909,0.3983,1.9815,2.2793,0.22,2.611,0.7578,2.8689,1.3345,2.8423,0.5485,2.5039,0.09989,0.325175,0.05193,0.10081
118,0,2.5885,1.4209,1.9486,1.1056,0.8803,0.4736,1.4943,2.1667,0.5093,2.7566,2.1372,0.9994,0.24667,0.12387,0.01466,0.27508
119,0,2.7882,0.4865,0.9599,0.0892,1.0514,0.324,0.073,1.9682,1.4525,0.1925,2.2795,0.686,0.28577,0.05743,0.002745,0.30364
120,0,2.5837,0.0182,0.5824,2.9254,0.8631,0.3952,0.0071,1.2271,0.6516,1.5984,2.0424,0.4619,0.08935,0.09317,0.02184,0.035585
121,0,0.9551,0.0795,2.9895,1.2716,1.0177,0.8558,0.2133,0.5806,0.0228,2.0648,2.9691,0.2748,0.23598,0.07652,0.119285,0.25614
122,0,0.4957,1.2025,1.9092,2.8434,0.5471,1.2842,0.4296,2.4132,0.2813,1.1394,1.9782,2.7402,0.092865,0.05865,0.113335,0.05575
123,0,2.4385,0.1274,2.5922,2.374,0.7061,1.6613,0.6648,0.1664,0.4804,2.7393,1.7959,0.2945,0.12494,0.22819,0.07866,0.117605
124,0,1.6543,0.9276,2.4337,1.7448,0.302,2.9098,0.4444,2.1761,1.0316,2.7698,2.2951,1.1631,0.1396,0.14571,0.13548,0.13227
125,0,0.1441,0.9845,0.0357,0.1572,0.0347,1.7194,1.1812,0.2108,0.4789,1.1375,2.6983,1.939,0.274015,0.0139,0.03681,0.280885
126,0,1.2143,1.383,2.0614,2.0167,1.0681,1.6255,0.7012,2.9175,0.8577,1.2186,0.2807,0.5768,0.170605,0.103555,0.110275,0.16175
127,0,2.9499,1.4426,0.0089,0.2334,1.0183,0.654,0.9955,0.6295,0.5953,0.9777,0.7395,2.3253,0.27905,0.069955,0.00733,0.29478
128,0,0.9114,1.372,0.5662,2.6848,0.2302,0.8878,1.4756,0.142,1.2574,0.4911,1.5573,2.8746,0.128145,0.03345,0.067205,0.07545
129,0,0.3568,0.5654,1.5245,1.9567,0.5044,0.7462,1.3617,0.0242,1.4718,0.4479,0.6931,2.1949,0.193975,0.042615,0.09027,0.173355
130,0,2.2592,0.7695,0.0646,0.668,0.312,2.677,0.6883,2.3023,1.3594,1.1795,2.7717,2.0412,0.22636,0.06629,0.030395,0.20436
131,0,1.8146,0.676,1.3263,0.972,0.4184,1.4554,0.6115,0.787,0.1106,2.9198,1.7182,1.0079,0.257515,0.09989,0.06797,0.26729
132,0,2.5209,0.7306,2.5075,0.4943,0.2184,0.7058,1.2903,2.2939,0.4921,2.8006,2.5811,1.1642,0.283175,0.126315,0.0278,0.298755
133,0,1.7996,1.4772,2.1189,0.5932,0.8979,2.6738,0.7985,1.4021,1.1181,1.3621,1.8994,0.0211,0.217955,0.10035,0.085835,0.208025
134,0,2.2884,1.4415,2.5357,2.4501,0.7104,2.2061,0.7337,0.3406,0.0503,1.0446,2.5099,1.4105,0.150905,0.11028,0.04338,0.098365
135,0,0.3331,0.0503,1.5836,0.7452,0.9581,0.8872,0.6654,0.4242,0.6087,1.7059,1.5914,0.3065,0.293255,0.03849,0.073005,0.28577
136,0,2.5801,1.0708,0.4465,0.3308,0.26,1.2307,0.3672,0.686,0.9415,0.3582,0.639,2.7433,0.2931,0.073925,0.01619,0.28837
137,0,0.3531,0.3342,2.7255,2.3432,0.6724,2.9086,0.4904,1.7811,0.3051,1.3777,0.7359,2.1623,0.13487,0.08049,0.18267,0.07591
138,0,0.5526,1.329,2.6908,2.3057,1.3289,0.9072,0.0777,2.7249,0.8653,0.1318,2.3278,0.9645,0.16037,0.085685,0.149375,0.12845
139,0,2.856,1.4769,1.8079,2.7235,0.5356,0.824,1.0953,1.6766,0.037,1.0462,0.0259,0.9272,0.13303,0.174885,0.019245,0.069035
140,0,1.4031,0.5429,1.5724,0.0884,1.4234,0.6333,0.1262,1.8182,1.0066,0.9626,2.7464,0.4636,0.31021,0.039865,0.033755,0.30593
141,0,0.516,1.2655,1.3474,1.6793,1.1517,1.4266,1.3357,0.6717,0.7343,0.5097,0.7138,1.8402,0.23766,0.042765,0.08874,0.20497
142,0,1.806,0.572,0.0275,1.345,0.4046,2.9858,0.8677,2.657,1.0369,0.2743,1.4721,2.8491,0.18222,0.117305,0.095305,0.14128
143,0,1.5941,0.2121,2.2874,2.334,1.1018,1.9822,1.2763,1.291,0.5105,2.6868,0.2573,2.9073,0.15701,0.160525,0.16175,0.12326
144,0,0.5352,0.5015,2.4056,0.3747,0.5593,1.9465,0.4959,2.5349,0.4416,1.7695,1.0579,0.329,0.266065,0.06919,0.138685,0.27233
145,0,0.8353,1.2242,0.9508,1.0359,1.3328,2.7473,0.8611,0.3312,0.3888,2.3745,1.1377,2.7846,0.21032,0.100655,0.191075,0.190615
146,0,1.1375,1.4805,1.9667,0.8363,0.8208,2.401,0.3723,0.8857,0.6246,1.0886,2.8184,1.9415,0.2595,0.031005,0.054835,0.22987
147,0,1.7696,1.4201,1.2059,2.0586,0.2528,2.5016,0.4922,1.4343,0.0412,0.4406,2.4431,2.0273,0.199475,0.03681,0.03986,0.12265
148,0,0.0148,1.1426,1.8804,2.844,1.3957,1.2654,0.1667,1.2586,0.5952,1.5001,0.7478,0.9787,0.120815,0.063845,0.14846,0.054375
149,0,0.1921,1.1286,0.838,2.0425,0.4151,2.5241,0.3574,0.3618,1.1715,0.6843,0.5237,1.7129,0.170605,0.05193,0.15014,0.116235
150,0,0.1874,0.8378,0.0551,1.2852,0.6229,0.2563,0.1231,1.7611,0.0062,2.1952,1.1057,0.7885,0.275235,0.036045,0.05957,0.25538
151,0,2.8531,0.0336,1.8809,0.0536,0.573,0.9377,0.1205,2.3496,0.8578,0.232,2.9315,0.3322,0.317235,0.078045,0.00443,0.30257
152,0,1.4762,0.0458,1.2175,1.4747,1.2845,2.0326,0.5284,0.5529,0.0678,0.9855,0.1885,0.5277,0.230785,0.08935,0.095615,0.20696
153,0,1.9522,0.3023,1.1218,0.0213,1.369,2.5226,0.1419,2.0537,0.7377,2.4657,0.5362,0.5403,0.241325,0.173815,0.118675,0.23369
154,0,2.862,0.3124,1.305,0.5017,0.4875,0.9913,0.9116,1.5874,1.4352,2.4235,2.2303,0.8901,0.3012,0.09821,0.00733,0.29967
155,0,0.9086,0.6863,0.8801,0.5574,0.295,1.1373,0.5043,2.8233,0.9075,2.6095,0.2959,0.1174,0.304255,0.056665,0.08141,0.299365
156,0,2.5012,0.656,1.652,0.8181,0.6498,0.3981,1.4874,1.649,0.1482,2.5547,1.2902,1.9056,0.30166,0.10447,0.02001,0.298295
157,0,0.4718,0.5934,1.494,1.4918,1.2296,1.4874,0.4537,0.8033,0.4616,1.417,0.7929,0.0928,0.24667,0.05544,0.10615,0.223915
158,0,0.5977,0.8672,0.8116,0.9955,0.3879,0.2903,0.2706,0.7634,1.259,0.6637,2.4852,2.2299,0.30028,0.02352,0.03742,0.28165
159,0,2.9229,1.1304,0.3453,2.8201,1.2631,1.3309,0.6504,0.0929,0.3265,2.1447,0.3316,2.9752,0.131815,0.15228,0.01604,0.06018
160,0,0.065,1.4865,0.8886,1.3826,0.8182,0.8687,0.3307,0.1517,1.2351,2.9169,0.3767,2.5795,0.262095,0.042765,0.09867,0.250945
161,0,2.1616,1.1253,1.1634,0.1727,1.0356,2.8864,0.9881,0.7022,0.8051,0.365,2.1536,2.0186,0.23292,0.094395,0.063995,0.19795
162,0,1.3404,0.013,0.1811,2.0459,1.0386,1.7256,0.3415,1.9894,0.1583,1.883,1.717,1.0665,0.192755,0.06629,0.077895,0.15503
163,0,0.6575,1.0869,0.543,0.4721,0.9491,1.9819,0.153,0.7869,0.1479,2.7415,0.0252,1.053,0.26943,0.07805,0.138995,0.27493
164,0,0.4705,0.7005,2.7205,2.1221,0.5403,0.56,1.0575,1.6257,1.0804,0.1346,0.5194,0.9596,0.170455,0.08477,0.177325,0.15732
165,0,1.3996,0.8542,1.6863,1.6287,0.8492,1.2524,0.4182,1.5544,0.1828,2.2478,2.8588,0.1623,0.24041,0.06033,0.058805,0.22239
166,0,2.347,0.3357,1.0092,0.1006,1.4536,1.6863,0.1224,0.9647,1.4659,0.1801,2.7537,0.8385,0.29738,0.03727,0.00733,0.292035
167,0,0.2337,0.937,2.6887,1.0992,0.5199,0.7871,0.4669,0.2026,0.7579,1.0247,0.4984,2.1671,0.266985,0.06736,0.12983,0.27447
168,0,2.6797,1.2107,0.4066,2.7406,0.6132,2.7438,0.1255,2.9514,0.1451,2.2363,2.1432,2.2715,0.102945,0.16847,0.034215,0.04582
169,0,0.734,1.1219,1.5387,0.1411,0.1463,0.8407,1.2712,1.2767,0.4111,1.6047,0.9907,0.9242,0.300585,0.04796,0.068425,0.30777
170,0,0.5946,0.5269,0.4971,1.7223,0.5653,0.1183,0.3242,1.4352,0.417,2.647,0.1747,1.9438,0.218875,0.043225,0.076065,0.208485
171,0,2.583,1.3812,1.4526,1.2093,0.0535,1.3939,0.9749,1.0147,0.2426,1.4119,0.487,1.6738,0.253235,0.12662,0.0278,0.25446
172,0,1.371,1.4922,0.4887,1.9056,0.2991,1.2554,1.1212,1.4915,0.541,2.6674,2.6164,1.1476,0.20558,0.053455,0.057585,0.189395
173,0,0.284,0.5143,0.5599,2.2346,0.9578,1.5154,0.0246,2.8983,0.0202,1.5823,1.2949,0.7857,0.167855,0.04475,0.09378,0.130895
174,0,2.67,0.5146,1.6953,0.3917,0.0787,2.5207,0.1933,0.4058,0.9853,0.6447,2.3426,0.224,0.241935,0.09485,0.01848,0.230175
175,0,0.0935,0.5689,2.6009,0.4034,0.0079,1.4463,0.6733,1.3139,0.3448,2.1308,2.555,1.3617,0.28241,0.054525,0.105235,0.297535
176,0,2.7777,1.075,0.2303,2.8213,0.5893,1.8848,0.2632,1.5637,0.3307,1.9644,0.9176,2.9905,0.095005,0.160985,0.02658,0.049945
177,0,0.3267,0.846,0.5507,0.8863,1.2905,1.5038,0.1335,2.1858,0.6661,0.2481,1.4537,1.3366,0.271105,0.03635,0.05697,0.27248
178,0,1.7514,0.6516,1.8027,2.1115,1.4842,1.6729,0.6609,2.1361,1.3708,0.069,0.1082,2.932,0.164805,0.10371,0.08462,0.150295
179,0,1.638,0.0777,1.9811,0.2896,0.1592,1.2082,0.9956,2.4604,1.2808,1.1603,2.9405,0.4184,0.29081,0.047955,0.03742,0.30364
180,0,2.0121,0.3474,2.1247,1.408,0.0454,0.134,0.4439,0.2922,1.0321,1.3823,1.932,1.9998,0.23583,0.09699,0.054835,0.24606
181,0,0.1425,0.6219,2.0486,2.7093,1.419,1.1481,0.8645,2.8021,0.0678,2.9286,1.3644,2.548,0.11547,0.076215,0.18527,0.085075
182,0,0.5035,1.4038,2.3234,1.9588,0.2596,1.3148,0.8785,1.2058,1.3393,1.6524,0.2672,2.626,0.169995,0.07881,0.151665,0.17702
183,0,0.9339,0.2574,1.9286,2.4239,0.4355,1.4622,1.452,1.3259,0.5596,1.6513,2.1212,1.9297,0.13563,0.061095,0.104775,0.11745
184,0,0.0996,1.4095,1.3756,2.1127,0.898,0.4927,1.4921,2.3614,1.0091,0.8091,0.5744,0.2689,0.17381,0.050555,0.0808,0.16007
185,0,1.6729,0.3167,1.2627,2.2831,0.9099,0.9525,0.1393,0.9245,0.296,1.6358,1.2672,1.0764,0.154875,0.07591,0.06568,0.123565
186,0,1.1591,0.612,1.2786,0.9814,1.1395,1.5875,0.0169,1.232,0.3375,1.7863,2.5181,2.2301,0.24988,0.04216,0.050555,0.25904
187,0,0.369,0.7508,1.3965,1.3188,0.5536,2.0601,0.1825,0.1497,0.9652,0.6016,1.0759,2.7662,0.20635,0.04811,0.10814,0.211235
188,0,0.4257,1.2747,1.2173,0.5752,1.4773,1.823,0.3334,2.2902,0.5558,1.5968,1.0697,0.4905,0.244685,0.0614,0.09424,0.265305
189,0,2.4838,1.06,0.7818,1.5831,0.0191,2.5345,0.3335,0.9231,1.336,0.5896,2.0292,0.1656,0.17748,0.085225,0.03666,0.15701
190,0,1.7166,1.1552,1.6998,2.9838,0.8862,1.2613,0.444,1.9005,1.0804,1.2239,2.8516,2.0635,0.09607,0.067355,0.05911,0.04017
191,0,1.8289,0.4345,2.9507,0.7276,0.7404,1.3788,0.7052,1.0822,1.0693,2.4448,0.4067,0.1224,0.25171,0.12647,0.09348,0.27859
192,0,1.3336,1.4993,2.0009,1.8291,0.6704,2.3917,0.0982,1.8525,1.2217,1.0895,1.3513,0.9081,0.15778,0.089655,0.112875,0.14739
193,0,1.3686,0.987,0.0011,0.1258,0.7832,0.5971,0.3345,1.3148,0.8311,2.2273,0.6002,2.6029,0.2818,0.04582,0.04154,0.294325
194,0,2.5428,0.8682,0.3928,1.3004,0.0983,2.9003,0.2297,2.6349,0.7879,0.9485,0.2405,1.6948,0.153045,0.208025,0.059415,0.144485
195,0,1.1801,0.1778,0.2433,1.4094,0.2039,0.8014,1.4711,2.1206,1.085,2.9293,0.554,2.6968,0.23628,0.05361,0.066285,0.23598
196,0,0.246,1.0168,0.8286,2.5225,1.3569,1.5758,0.5864,1.0707,1.4109,2.5774,2.6182,2.027,0.144035,0.036045,0.08385,0.10172
197,0,0.056,0.6518,2.7647,0.2728,0.5444,2.7231,0.4219,2.3391,0.4364,1.2648,0.538,2.6442,0.210625,0.06965,0.146935,0.20482
198,0,2.8007,0.9626,2.6648,1.1088,1.4953,2.5068,1.0874,0.2052,1.3516,2.5009,1.0298,1.4386,0.20436,0.237655,0.03482,0.210775
199,0,0.2289,0.4485,1.1878,1.1357,1.1569,2.684,0.631,0.4899,1.3589,0.4308,1.8248,1.5531,0.20268,0.044295,0.110735,0.18359
200,0,1.1997,0.2178,1.835,2.774,0.3623,2.8415,0.7848,2.1332,0.7757,0.4918,0.2452,0.1025,0.093935,0.083545,0.128455,0.032685
201,0,0.1384,0.6726,1.0444,2.149,0.6027,1.4643,0.2027,2.1575,0.4586,2.2908,2.0517,1.9295,0.18084,0.046585,0.096375,0.14357
202,0,0.0418,1.2247,1.8562,1.8197,1.2536,0.6307,0.8903,2.9218,1.2447,2.7597,1.5708,0.228,0.214135,0.0614,0.10722,0.20039
203,0,1.9877,1.2423,0.8595,1.3814,0.4252,0.5401,1.2791,2.0356,0.8059,2.4856,0.7379,2.0225,0.253695,0.078965,0.032835,0.242545
204,0,2.8491,1.2116,2.1043,2.5734,0.5056,1.0781,0.0145,2.082,1.2933,1.2605,2.6525,2.4744,0.138075,0.156095,0.018025,0.09027
205,0,2.3015,0.5453,2.364,1.8414,1.4296,0.43,1.1935,1.3169,0.3803,0.0939,2.7867,0.1261,0.218105,0.12051,0.045365,0.195505
206,0,2.589,0.5723,2.6857,0.9411,0.997,1.095,0.5026,1.9402,1.1633,0.4238,0.2533,0.7127,0.26225,0.155485,0.03406,0.2708
207,0,0.4387,0.3645,2.7702,2.7193,0.9269,2.7193,0.439,0.2825,0.5486,2.6388,0.0847,2.6249,0.09149,0.116845,0.263015,0.051475
208,0,1.3731,1.1167,1.5814,0.2708,1.1007,0.3828,1.4175,1.535,0.968,0.0435,0.4117,2.4522,0.29463,0.053,0.044905,0.299215
209,0,0.1745,0.063,0.2598,0.523,1.1259,1.9954,1.1862,2.2854,0.0971,0.7417,2.7861,1.6063,0.290355,0.0168,0.026885,0.264385
210,0,2.112,1.4656,2.7807,2.7805,0.6156,1.6072,0.1008,0.1432,0.8018,0.6901,1.057,0.7482,0.115315,0.188325,0.105695,0.057125
211,0,1.4006,1.391,0.6909,0.2446,1.4299,1.9114,0.5555,1.5087,0.1453,0.9333,0.1159,0.4502,0.27386,0.07255,0.07927,0.26836
212,0,1.423,0.1238,0.9703,1.7765,1.2933,0.6856,0.5443,0.8318,0.4295,2.8804,1.2993,2.4283,0.23781,0.065525,0.06858,0.20253
213,0,0.4493,0.6921,1.4027,1.867,1.0091,1.177,0.2974,2.8342,0.5556,0.3748,1.6251,0.6207,0.22254,0.04124,0.076825,0.181605
214,0,2.4023,1.0361,1.7998,0.0464,0.6338,1.6565,1.1457,1.0227,1.4034,1.3393,0.2585,1.308,0.29402,0.1254,0.042305,0.283175
215,0,2.5234,0.2821,0.9675,2.9326,0.1102,1.0167,0.6591,1.4439,0.8226,2.0551,1.1729,0.1035,0.114095,0.123565,0.037575,0.03956
216,0,1.0161,0.0319,1.5027,2.6074,0.1263,1.2203,1.3696,2.4909,1.1075,2.1319,0.0232,1.3073,0.145255,0.076675,0.130285,0.085835
217,0,2.6684,1.0833,1.0558,1.6818,0.9288,2.5909,0.823,2.5631,1.1052,2.9901,1.0236,1.5471,0.18466,0.273095,0.05987,0.165415
218,0,1.8931,0.0223,1.6175,1.4102,0.4181,1.8468,1.0819,2.0107,1.3595,1.3951,2.1362,0.5385,0.251865,0.07774,0.04949,0.22636
219,0,1.9586,0.198,2.3879,2.4359,0.2089,2.7748,0.7337,2.7397,1.2976,1.0602,2.187,2.6446,0.15243,0.084465,0.060485,0.078205
220,0,2.9968,0.3801,2.367,1.1611,0.1021,0.8424,0.2388,2.1665,0.818,0.456,1.814,0.4825,0.279815,0.15228,0.00962,0.263015
221,0,1.7162,0.5159,2.2757,1.4807,1.2358,1.0555,0.6074,0.8191,1.0405,2.7832,0.2117,1.7517,0.24911,0.120205,0.09821,0.242545
222,0,1.602,1.2632,1.4304,1.8924,0.4471,1.8504,1.231,0.3561,1.0075,0.3518,2.3424,1.5655,0.223305,0.04124,0.046735,0.177025
223,0,1.8236,0.5981,1.4446,0.5322,1.2296,0.7398,0.9036,2.0558,0.4437,0.3617,0.4769,0.4276,0.310975,0.06415,0.03681,0.302265
224,0,1.4326,0.5154,0.4435,2.6789,0.3853,0.001,0.4725,0.7733,0.594,0.7099,1.0142,1.6689,0.13762,0.05376,0.061705,0.0669
225,0,0.2021,0.1024,0.7646,1.3222,0.7905,0.9124,0.0432,2.6566,0.4277,1.5019,0.2898,0.4285,0.266225,0.03773,0.074535,0.244075
226,0,2.0224,0.3576,1.8347,1.5754,0.7975,2.6998,0.7094,2.7413,0.902,2.2269,1.413,1.903,0.187405,0.176715,0.115315,0.16633
227,0,2.6972,0.885,2.0931,0.5819,0.1179,2.8586,0.2747,0.9402,0.6114,2.4511,0.89,0.4715,0.19963,0.265765,0.05453,0.19214
228,0,1.2824,1.2378,0.1321,1.6008,1.0561,1.3995,1.3088,1.1437,1.0604,0.5063,0.409,1.9021,0.237965,0.048875,0.06583,0.216275
229,0,1.2902,0.8099,1.8498,0.8438,0.7331,2.5231,0.1358,1.7137,1.2423,0.0622,2.1464,0.6055,0.23812,0.056205,0.070415,0.217345
230,0,0.997,0.0056,1.0234,2.5057,0.1203,2.7506,0.6451,1.4834,0.4276,2.8061,0.5939,2.3373,0.10157,0.140215,0.244075,0.067055
231,0,1.5791,0.4729,2.0351,2.3787,1.318,0.1861,0.0277,0.8145,0.4935,0.8046,0.5666,0.8432,0.14281,0.103555,0.105695,0.11532
232,0,2.193,0.5387,1.7606,1.654,1.224,1.9993,1.2327,1.6584,0.0744,1.0886,0.8272,0.6243,0.21429,0.13533,0.059875,0.19871
233,0,1.9497,1.2426,2.3232,0.9185,0.6809,0.8835,0.5501,1.3483,1.4838,0.2422,1.2261,2.7475,0.26729,0.098515,0.05636,0.284245
234,0,1.7352,0.5382,2.2709,2.9432,1.1251,2.7338,0.8462,0.9029,0.2025,2.8279,0.583,2.3864,0.070105,0.211845,0.19535,0.034825
235,0,1.7817,0.6102,0.9212,0.0488,1.3587,1.689,1.1526,1.9781,1.3381,0.3101,2.0767,2.1102,0.280275,0.047805,0.028865,0.291575
236,0,1.4126,0.2894,1.3204,0.0576,1.0786,2.9621,1.2744,1.4854,1.071,0.9628,1.035,1.1477,0.19718,0.11394,0.14174,0.184965
237,0,2.3371,0.5311,1.807,2.3819,1.3953,2.0964,0.8071,2.4469,0.5848,1.4001,2.5652,0.1738,0.14953,0.082475,0.028865,0.112565
238,0,2.513,1.1719,2.9131,0.8675,0.8878,2.6804,0.0346,2.4696,1.2235,1.9519,1.7347,2.8708,0.21551,0.18237,0.042155,0.21108
239,0,1.1859,0.5866,1.0909,1.5112,1.0571,1.3181,0.6497,0.5647,0.8243,0.6398,1.8666,2.9395,0.23445,0.039865,0.0501,0.231245
240,0,1.3364,0.2284,2.9777,1.1703,0.7497,2.6206,1.0626,1.396,1.2944,0.7453,0.5451,1.9558,0.20956,0.098515,0.12219,0.199625
241,0,1.1462,0.8023,2.2538,1.4162,1.4097,0.4412,1.2585,2.3669,0.1771,1.6537,2.3518,1.2444,0.24453,0.06308,0.080495,0.255375
242,0,1.4556,1.1182,2.5847,1.1808,1.2557,2.437,0.1779,2.0065,1.2357,2.5111,1.2545,0.6466,0.205735,0.14174,0.14495,0.215815
243,0,0.5124,1.2789,1.0006,2.4175,0.9124,0.6519,0.6295,2.4203,1.3052,1.0583,2.3414,0.1718,0.146325,0.03956,0.063845,0.115925
244,0,1.5863,0.2076,2.8874,2.0951,0.5317,2.8842,0.1503,1.3475,0.4628,2.9773,0.2654,1.5828,0.120355,0.17641,0.188935,0.103865
245,0,0.6685,1.0432,1.4119,2.5588,1.0742,2.2839,0.4721,0.4689,0.5795,0.1123,0.7304,1.8429,0.108595,0.056055,0.123565,0.07499
246,0,0.6054,0.058,1.6901,2.3415,0.2837,2.7694,0.5126,1.5911,0.9495,1.6452,1.7477,0.3104,0.12341,0.06751,0.14403,0.081715
247,0,1.5008,1.1248,0.4244,2.7862,0.0952,2.34,0.5804,0.8809,1.2743,2.4627,1.8211,1.1437,0.08691,0.095005,0.121425,0.04918
248,0,2.3688,0.226,1.1999,1.2638,0.2385,1.2097,0.5515,0.4302,0.2224,2.8966,0.2063,0.3716,0.23476,0.12998,0.04124,0.24728
249,0,2.9003,1.4255,1.0062,0.3084,0.913,1.3143,1.4281,0.385,1.1673,0.0745,0.623,0.9016,0.26057,0.089965,0.01665,0.287145
250,0,0.4933,1.1925,0.5208,1.3822,0.194,2.328,1.0069,0.147,0.2695,1.8742,1.2675,0.9063,0.196575,0.063085,0.149075,0.196115
251,0,1.889,1.3264,1.4087,0.6697,0.8009,1.7885,0.3144,2.1964,0.8135,1.9702,1.3592,1.3161,0.2398,0.11226,0.05926,0.26622
252,0,0.6304,1.3374,0.5921,0.7481,0.5453,2.9192,0.8278,0.4385,1.2593,0.871,0.0628,2.1968,0.17091,0.07041,0.19474,0.17259
253,0,2.885,1.3422,0.1131,1.3857,0.2863,0.9099,0.2809,2.3521,0.4204,2.8976,1.5748,1.7162,0.228495,0.122955,0.003665,0.2372
254,0,2.3635,1.021,2.5868,0.382,0.7433,1.6424,0.1637,2.1979,0.681,1.8605,2.5901,2.1253,0.26118,0.1173,0.028255,0.28348
255,0,2.3134,0.4392,1.3418,2.7696,0.5835,1.4136,0.1951,2.0073,0.3394,0.4936,2.6084,0.5307,0.106305,0.0669,0.02566,0.056055
256,0,1.7677,0.3993,1.4517,2.7522,1.1611,2.3033,0.1388,0.3211,1.1563,1.4357,2.54,1.1265,0.11669,0.0446,0.03803,0.053455
257,0,1.8876,0.4014,1.2031,1.4948,0.2622,1.16,0.5337,0.7221,1.1388,1.8196,1.2999,1.7226,0.223305,0.078205,0.05254,0.22315
258,0,1.3423,0.4982,0.664,2.0983,0.02,0.3047,0.8509,0.8677,0.4308,2.3061,2.9746,1.596,0.184355,0.04078,0.044595,0.15686
259,0,0.0078,0.9021,2.2676,0.5441,0.3644,0.6253,1.1763,2.7933,1.2038,1.1515,2.3433,1.6374,0.27477,0.044445,0.073465,0.29249
260,0,1.2291,0.6846,0.4013,2.9153,1.2353,0.6256,0.9674,0.3157,0.1428,0.4397,1.7109,0.957,0.10264,0.043225,0.059415,0.04185
261,0,2.5092,0.9116,2.5684,2.8896,0.1697,0.9743,0.6002,1.0976,0.3587,2.1217,0.5368,2.1132,0.08217,0.23644,0.074535,0.04964
262,0,1.1664,0.7948,1.9693,1.945,0.3612,1.3981,0.5052,2.9373,0.9436,0.9936,0.7493,0.0395,0.183895,0.080035,0.10783,0.1648
263,0,0.239,1.2182,0.7194,1.9266,1.4266,0.3625,1.4013,0.5688,1.3279,2.1859,2.4633,1.0678,0.20879,0.02627,0.058955,0.188325
264,0,0.8691,0.8875,1.8546,2.5795,0.1827,1.2147,0.3376,1.0711,0.3954,0.3596,0.9161,2.9847,0.129825,0.0669,0.11822,0.080645
265,0,2.0766,0.8852,2.4005,1.9318,0.6961,1.549,0.0726,2.2309,0.5358,2.4995,1.2381,2.0451,0.18145,0.169385,0.09042,0.173815
266,0,1.3084,0.2332,1.5576,2.8945,0.3689,0.5736,1.2647,1.1407,0.7662,1.6858,1.7446,2.4209,0.11318,0.06934,0.09317,0.05086
267,0,1.2236,0.7595,0.2485,2.6297,1.0095,1.0012,0.2662,1.5873,0.2621,1.0967,1.6484,1.4695,0.13731,0.04399,0.056515,0.075145
268,0,1.6639,1.4977,0.6461,1.3361,0.0806,2.4289,0.8783,2.778,0.9865,1.4283,1.5895,1.3541,0.215055,0.104015,0.07942,0.187255
269,0,1.0014,0.9068,1.2509,2.4616,1.3024,1.0137,1.0376,1.2923,0.3651,2.9682,0.7143,1.9809,0.165265,0.07362,0.113335,0.113485
270,0,2.2874,1.0424,0.2651,0.8582,1.025,0.7656,1.4524,1.3263,0.8282,1.5113,1.2944,1.3964,0.28837,0.060635,0.016955,0.277675
271,0,2.7516,0.0351,2.9093,0.3438,0.6458,2.0778,1.2004,1.974,0.7353,2.671,1.3042,0.7422,0.26607,0.20299,0.03574,0.262705
272,0,2.3425,0.8467,0.4028,0.9895,0.1339,1.6238,0.2249,2.1477,0.8333,2.9132,0.0349,2.1483,0.257205,0.1367,0.043225,0.25629
273,0,0.611,0.0517,1.8845,1.6371,0.4535,1.522,0.0826,1.2815,0.8653,2.6241,2.5415,2.3916,0.236895,0.05804,0.10997,0.20925
274,0,2.766,0.6271,1.3471,0.0276,0.686,1.5273,0.8328,2.8612,0.1234,0.9318,1.2779,2.4811,0.291425,0.10569,0.01069,0.28699
275,0,1.9595,1.207,0.3071,0.9933,0.0269,2.7705,1.0786,1.0806,0.7573,0.0292,2.3505,2.7544,0.23079,0.05896,0.06079,0.18359
276,0,0.7716,1.0526,1.5373,2.0003,0.8588,1.5757,0.8862,0.3209,0.1326,0.9398,0.2667,1.1352,0.19642,0.058495,0.10829,0.16221
277,0,0.2447,0.2492,2.1165,0.0724,0.8833,1.0477,1.1277,2.4035,0.1737,1.1992,1.0634,1.9127,0.302725,0.044905,0.09302,0.29585
278,0,0.9721,0.9701,2.4976,1.0079,0.8831,2.4499,1.475,2.6052,1.4617,2.9646,0.1933,1.7916,0.227885,0.113025,0.178395,0.222695
279,0,0.0348,0.1406,0.4485,2.9464,1.0011,1.9203,0.0748,1.3051,1.195,1.3516,0.0982,1.094,0.111195,0.046435,0.113635,0.028255
280,0,0.0894,0.3996,2.5881,2.1185,0.3995,1.6503,0.6022,2.1068,0.6659,2.6182,2.7817,2.5698,0.188935,0.065675,0.15457,0.157475
281,0,0.3853,0.4232,2.7139,2.8153,1.4269,0.0355,0.5166,1.3153,0.6022,0.0859,0.7349,2.835,0.107525,0.09149,0.212765,0.058195
282,0,2.7271,0.195,0.1492,2.1351,0.2643,0.8931,1.4985,2.6493,0.2328,1.115,1.2217,0.1775,0.195965,0.08859,0.01176,0.14525
283,0,1.4678,0.287,2.4513,2.6618,0.9308,0.6676,0.7816,1.2652,1.3866,2.8008,1.6228,0.7799,0.133495,0.12494,0.152735,0.085685
284,0,0.7462,0.2927,1.337,2.1687,0.051,2.1403,0.4744,1.0842,1.4993,0.557,2.2569,1.1734,0.181145,0.02917,0.057125,0.120815
285,0,2.6044,1.2022,0.5975,0.0306,1.4828,2.9726,0.3665,0.7485,1.1568,2.4132,1.3164,2.1994,0.20131,0.251405,0.07637,0.182215
286,0,2.8652,1.2067,1.3428,2.5967,0.4844,0.1853,0.0103,2.3853,0.378,1.2185,2.092,0.0687,0.14342,0.13013,0.009775,0.084615
287,0,1.5441,0.1818,0.3752,1.7114,1.096,1.0847,0.3215,1.4051,0.6145,1.4824,2.8014,1.9119,0.24881,0.03421,0.02734,0.208485
288,0,0.2868,0.1845,0.0941,1.8168,1.1587,1.4695,0.6144,2.6707,0.0442,2.9027,1.9251,2.4772,0.227575,0.05254,0.109665,0.197645
289,0,2.3087,1.3275,0.3123,0.9601,0.8969,0.8791,0.8886,2.7032,1.0098,0.185,0.3693,2.9205,0.28913,0.076365,0.01115,0.274315
290,0,0.2113,1.2637,2.9599,0.4866,1.0561,2.4241,1.4272,2.5293,1.1231,2.3111,2.3343,0.2733,0.24774,0.07362,0.124025,0.239645
291,0,1.0134,1.2827,2.2137,2.8548,1.2619,1.9561,0.8,0.3235,0.6507,2.8858,0.1393,2.8929,0.096985,0.131355,0.219635,0.05972
292,0,0.2813,1.1483,0.3892,0.9489,0.4594,1.0653,1.2881,0.5426,1.307,1.1251,0.2146,2.6344,0.28333,0.02856,0.067815,0.280275
293,0,2.3014,0.6707,1.9618,2.0318,0.5998,1.6449,0.6057,1.437,1.055,1.2452,1.2122,2.3154,0.187565,0.139755,0.05529,0.162205
294,0,0.8768,0.5188,1.283,0.6835,1.3065,1.2006,0.4925,0.1865,0.3354,1.8113,0.1446,2.914,0.279355,0.052085,0.079725,0.290965
295,0,2.9871,0.2118,0.151,1.2594,0.3987,0.4959,0.1543,1.4635,1.3152,2.9579,1.0164,1.1903,0.259195,0.106455,0.005955,0.254615
296,0,1.9595,0.5761,2.7163,2.3795,0.8863,1.9769,1.0692,1.9826,0.5264,1.6221,0.8866,0.8512,0.13181,0.170605,0.119745,0.114245
297,0,2.0222,0.641,2.5223,0.6602,0.3913,2.5951,0.5371,2.9169,0.1984,2.5715,1.6574,1.61,0.215055,0.162665,0.103555,0.22147
298,0,1.6003,0.2736,2.3266,1.2107,0.9394,1.9251,1.3015,2.7803,0.8058,0.6182,1.5761,2.9973,0.234755,0.08477,0.081715,0.242545
299,0,0.8763,0.3547,2.2209,2.6715,0.293,2.1385,1.4303,1.6905,1.3272,2.0525,2.003,0.4057,0.11669,0.0782,0.146015,0.07423
300,0,0.679,0.3598,1.1154,0.3832,0.2922,2.4529,0.3942,0.1763,0.2547,0.7412,0.4626,0.9944,0.222385,0.072245,0.137765,0.230175
301,0,0.8886,1.1737,1.2354,2.2735,1.0732,1.01,0.3742,2.8961,0.9875,0.3102,2.3041,0.0894,0.166025,0.04429,0.056205,0.128605
302,0,1.8526,1.3061,0.1552,1.6768,0.0929,2.4712,1.1609,0.4477,0.4921,0.818,1.4765,1.5945,0.180075,0.08202,0.081715,0.16022
303,0,0.8302,1.0654,0.582,0.151,1.2116,0.4816,1.4307,2.0398,0.5282,0.7508,1.2938,0.5724,0.287905,0.032685,0.035125,0.2986
304,0,0.9479,0.2873,0.0591,1.4316,1.1162,2.4391,0.4287,2.4918,1.0889,2.1192,1.3991,1.5894,0.18084,0.088895,0.147235,0.18435
305,0,0.3838,1.2855,1.9671,1.1087,0.5962,1.2747,0.6272,0.5148,0.344,0.4929,2.1695,0.1356,0.25003,0.042465,0.07316,0.255835
306,0,1.296,0.0648,0.4343,1.2109,0.3592,0.5621,0.6815,1.075,0.2919,0.8383,0.4261,1.7898,0.239795,0.04093,0.04231,0.247125
307,0,1.3149,0.8056,1.7197,2.6014,0.5216,1.6782,0.4478,0.8794,0.6012,1.0579,2.0632,1.2694,0.12815,0.06033,0.07744,0.07805
308,0,0.1501,0.0004,1.2708,1.2296,0.8941,1.0223,1.3061,1.8351,1.0939,0.4512,0.7159,1.2155,0.2398,0.038185,0.07056,0.246515
309,0,1.8338,0.2663,2.3444,0.9789,1.1259,1.9915,0.1345,2.0205,1.1978,2.9909,1.017,0.1076,0.223605,0.145405,0.11486,0.245295
310,0,1.0755,0.8777,1.6226,0.0938,0.0468,1.318,1.3166,0.2142,1.2444,1.6084,2.6482,1.0692,0.26714,0.034825,0.049335,0.2902
311,0,2.448,0.8353,0.4695,0.6032,1.4556,0.913,0.0651,1.3232,0.8742,2.0735,0.0018,0.568,0.27111,0.08416,0.02016,0.28577
312,0,0.0179,0.3134,1.9141,0.9163,0.2916,2.2876,0.8001,1.9133,1.2052,0.7129,0.177,1.9906,0.209555,0.065065,0.13945,0.224675
313,0,2.3877,0.7765,2.4263,1.0839,1.0727,1.5808,0.4912,2.0114,0.184,1.4907,2.0801,2.1493,0.244835,0.123105,0.03574,0.25782
314,0,0.361,1.1151,0.326,2.3922,0.9911,0.7163,0.8543,2.7591,0.075,2.1364,2.0323,1.873,0.150755,0.03941,0.066135,0.12051
315,0,1.8877,0.4747,0.0671,1.1557,1.2905,1.5652,0.4096,0.6929,0.7844,2.4417,0.1277,0.2555,0.235365,0.098515,0.066285,0.245145
316,0,1.4431,1.1605,2.0103,1.9286,1.198,0.6351,0.8274,1.257,1.22,2.9008,2.4787,1.6934,0.191685,0.080185,0.085075,0.193365
317,0,2.7566,0.1653,1.7382,2.68,0.9743,1.7902,0.7614,0.2607,0.1905,2.2589,0.7223,2.4,0.102335,0.2178,0.039255,0.07408
318,0,0.283,1.1572,1.3303,2.4116,0.0219,2.2518,0.6169,2.9084,0.3773,1.2185,1.996,2.1174,0.133795,0.043225,0.080495,0.094545
319,0,2.0636,1.247,2.8106,2.1678,0.7701,2.2399,1.4721,0.0119,1.1463,1.2978,2.0515,0.6482,0.15488,0.1312,0.076215,0.136855
320,0,0.6864,1.1592,2.2817,1.9919,0.066,1.3148,0.3935,0.1853,0.3028,1.9049,0.9471,2.5655,0.17122,0.082935,0.149985,0.170605
321,0,2.1406,0.3477,2.6177,0.1757,0.5469,1.6924,0.8622,0.2704,1.0807,2.8445,2.1649,1.7928,0.255375,0.141585,0.068125,0.28745
322,0,0.8352,0.5302,0.0885,0.8153,0.8832,1.5579,0.1847,1.0358,0.827,1.576,0.4119,2.4927,0.25553,0.0501,0.081865,0.270955
323,0,2.5711,1.2875,1.9162,2.2886,1.1852,1.4929,0.2476,1.1746,1.0232,2.221,0.3344,0.3491,0.14785,0.19703,0.051775,0.129825
324,0,1.0063,1.4744,0.4205,0.1312,0.3035,2.2364,1.4134,0.1039,0.1143,2.2665,1.3044,0.4444,0.236135,0.0753,0.139905,0.250335
325,0,2.4525,0.1764,1.3743,0.6876,1.2802,1.3312,1.4144,2.0214,0.2037,1.444,2.5034,0.4198,0.28455,0.06659,0.012215,0.2873
326,0,2.3485,1.4983,0.8023,0.5487,0.9719,0.3189,1.1875,0.5396,0.8574,0.0831,0.5793,2.0875,0.28623,0.054985,0.02352,0.28974
327,0,1.8272,0.2119,0.5704,2.2031,1.4983,0.7907,1.1896,0.1693,0.7072,2.7729,1.7927,1.0483,0.18878,0.0753,0.05453,0.15075
328,0,2.1582,0.8545,1.5148,2.4377,1.1697,1.3249,1.0035,1.7657,0.5067,0.5401,1.6601,0.971,0.157015,0.091335,0.042765,0.109665
329,0,2.2911,1.2669,1.9794,0.785,0.7311,2.8073,0.6461,0.8685,1.189,2.878,1.7316,1.8354,0.200545,0.21505,0.095,0.19291
330,0,1.7427,0.9121,2.3243,1.2769,0.7675,0.3613,0.7691,2.5649,0.1273,2.7226,0.4153,1.3622,0.249875,0.10615,0.077285,0.257665
331,0,1.7322,1.4692,2.04,1.7845,0.9597,1.089,1.4536,2.8368,0.4195,0.1693,0.6523,0.1538,0.21872,0.11272,0.06125,0.196115
332,0,2.5819,0.5348,2.6898,1.5049,0.0906,2.6256,0.3329,2.166,0.0513,0.0677,1.0256,1.6381,0.18878,0.171985,0.041545,0.161445
333,0,2.4609,1.4337,0.1512,0.5747,0.9052,1.537,0.6886,2.6073,1.2037,1.358,0.6573,0.0898,0.28165,0.10753,0.02001,0.27508
334,0,1.0463,1.1669,0.2427,2.3592,0.2833,2.7127,0.1848,0.965,0.4781,2.9929,1.0776,2.2318,0.110275,0.13548,0.230325,0.081255
335,0,1.0328,0.6886,1.9244,1.5327,0.3383,0.5008,1.4155,1.8056,0.6791,1.2829,2.7308,0.7063,0.24789,0.04964,0.066595,0.231395
336,0,0.664,1.0659,1.0672,1.7235,0.3402,2.7836,1.2376,2.4601,0.0633,0.0626,0.2133,1.0326,0.16679,0.08202,0.153345,0.131655
337,0,0.975,1.2766,2.5267,2.5044,0.7245,1.6768,0.6546,1.1082,0.1274,2.4045,1.7403,1.6363,0.143575,0.10707,0.170455,0.10371
338,0,1.5866,0.2419,2.4863,2.028,0.6696,1.0639,0.1077,2.5884,0.9354,2.2951,2.5876,1.0542,0.18802,0.10157,0.108135,0.16786
339,0,1.2183,1.373,0.324,1.3428,0.9658,0.4191,0.5037,0.7921,1.4203,0.0035,0.6031,2.9515,0.26332,0.03116,0.048875,0.236285
340,0,0.8783,0.3063,2.4554,2.3286,0.5871,1.3103,0.4885,2.4972,0.2406,1.5481,1.0134,0.1282,0.151975,0.089045,0.168775,0.11929
341,0,2.6777,0.5413,1.5792,0.9955,0.2676,1.5421,0.6987,2.2232,1.1933,1.9303,0.2391,0.748,0.26714,0.15075,0.026885,0.25736
342,0,0.5347,0.0776,2.1632,0.9918,0.7753,1.4737,0.651,2.7853,0.8055,0.4145,0.2722,1.443,0.27401,0.057425,0.114095,0.25889
343,0,0.3369,0.9041,1.5124,2.5374,0.9741,2.7251,0.9898,2.4599,0.8418,1.4305,2.4115,2.5876,0.15197,0.03299,0.074535,0.07087
344,0,1.6325,1.3428,1.5821,2.1338,0.4465,2.4555,0.0945,1.9522,1.2708,0.5094,0.4795,0.001,0.168165,0.105235,0.10661,0.1089
345,0,1.1573,0.4976,2.7052,2.7172,0.9937,1.8882,1.3193,1.9773,0.2181,0.5744,0.9707,2.4988,0.12219,0.104475,0.1619,0.07194
346,0,2.6656,1.1098,2.3465,0.2835,0.9148,1.7709,0.4313,2.9763,0.0225,0.9952,2.3328,0.9687,0.29142,0.11379,0.01054,0.28012
347,0,0.2337,0.9773,1.2582,0.8265,0.1809,2.8382,1.0418,2.8015,1.4031,0.7837,0.2399,2.7297,0.20925,0.083245,0.16633,0.183895
348,0,1.8962,0.4338,1.1154,1.4669,0.9182,0.2143,0.3501,0.3951,1.3163,1.3975,2.2543,2.1328,0.26011,0.05376,0.032075,0.23796
349,0,0.5744,0.8713,0.4021,0.7583,1.0958,0.9278,1.0863,0.6974,1.2611,2.0459,2.307,2.6115,0.303645,0.02612,0.04628,0.292035
350,0,1.6657,0.3867,1.3966,0.0738,0.6681,1.2036,0.0721,0.2895,0.9628,0.1646,1.172,0.9319,0.29753,0.06018,0.04613,0.29585
351,0,0.0293,0.1116,2.4811,2.2123,0.4009,2.148,0.2095,2.1877,0.1835,1.7783,2.9931,2.8209,0.17259,0.043685,0.098515,0.127385
352,0,0.2429,0.8911,1.4283,0.1543,1.0566,1.5171,0.9395,0.4077,0.2896,2.1397,2.7794,1.068,0.300585,0.03055,0.061245,0.29509
353,0,2.9519,0.3286,0.5641,2.1853,0.3861,2.8629,0.0708,1.7041,1.2036,2.2234,2.8792,0.6864,0.14617,0.127535,0.0139,0.09088
354,0,1.8484,0.1953,0.4366,2.2203,1.0431,2.3251,1.3095,0.5604,1.0727,2.4342,0.7291,1.4679,0.153655,0.153195,0.12036,0.121735
355,0,0.9595,0.1474,2.5809,2.2566,0.0162,1.2018,1.2269,2.8757,0.3677,2.8559,1.4026,0.1486,0.14877,0.1034,0.192445,0.143265
356,0,0.0441,0.1441,1.654,2.9801,1.246,2.8983,1.3956,2.6869,1.22,1.8439,2.0793,2.8379,0.096225,0.04857,0.118065,0.029175
357,0,1.9416,0.129,1.5959,2.373,0.1697,0.2339,1.2736,0.2679,0.2307,1.5503,1.6963,2.3577,0.155795,0.09256,0.05926,0.125395
358,0,2.1744,0.1117,1.6836,2.063,1.4839,2.3934,1.3496,0.9843,0.7828,0.1638,2.4005,1.7794,0.18252,0.06354,0.027035,0.140365
359,0,2.0933,1.4964,2.4505,0.6757,0.1322,1.0179,1.0149,0.118,1.2011,1.7969,2.4914,1.0245,0.274165,0.09439,0.04735,0.294325
360,0,0.9715,0.177,0.4711,0.8733,0.4905,1.2425,0.694,2.8289,1.3742,0.2768,0.5182,1.6494,0.270955,0.039255,0.05575,0.274165
361,0,0.8393,0.5026,2.9928,2.8764,0.13,1.9857,1.4309,0.5888,0.867,1.356,0.5131,2.3106,0.074075,0.11165,0.21887,0.05132
362,0,2.5849,1.2954,1.5057,0.855,0.57,1.2901,0.8394,2.0343,0.7542,2.5528,1.7445,2.7574,0.251095,0.12937,0.01848,0.282715
363,0,2.5966,0.3421,0.7168,1.73,1.1011,0.8213,1.3859,1.2118,0.5467,2.4477,0.3732,2.9883,0.21154,0.10646,0.020165,0.213375
364,0,2.8167,1.3236,1.4716,2.6533,0.6712,0.4288,1.297,1.7448,0.2936,0.761,1.7831,0.8875,0.11562,0.12998,0.01268,0.08553
365,0,0.5337,0.4512,0.2676,2.0019,1.0737,0.765,1.217,2.7392,1.3662,1.9935,1.3376,0.1696,0.190465,0.038645,0.071485,0.172745
366,0,2.9374,1.2067,0.7469,2.3999,0.0865,2.9575,0.1845,0.3097,1.2553,0.2077,0.9618,0.6616,0.09577,0.178245,0.029785,0.05911
367,0,0.7328,0.5562,1.7964,1.5756,1.4751,2.6933,0.6044,1.9089,1.1427,0.3212,1.8599,2.1823,0.178245,0.054835,0.09989,0.162665
368,0,2.0748,0.0471,2.8368,0.0029,0.1435,0.6553,0.9827,1.5058,0.0285,0.928,0.5955,2.0672,0.26546,0.11929,0.061095,0.30395
369,0,2.6013,1.2649,0.4352,1.0099,0.1944,2.5689,1.3318,2.2956,1.0236,1.5803,2.7256,0.2722,0.212455,0.08584,0.02322,0.207265
370,0,2.5276,0.6237,1.9101,2.0448,0.631,0.4466,1.0287,1.5197,0.6761,2.5923,2.6985,0.6431,0.18374,0.124635,0.031925,0.177635
371,0,1.4035,0.2666,1.7327,1.3883,1.0492,2.7331,0.6776,2.8833,0.3687,2.5514,1.8476,1.0606,0.168315,0.12845,0.16068,0.17458
372,0,0.2858,0.822,2.6535,1.5489,0.3293,1.2228,1.4769,2.0932,1.3422,0.0113,0.1236,1.7167,0.20558,0.071175,0.14342,0.226665
373,0,0.9079,1.2233,1.9751,1.2367,0.897,2.4245,0.836,0.1845,0.5474,1.2999,0.9042,1.6872,0.19871,0.08126,0.143115,0.20574
374,0,2.1141,0.9593,0.9964,2.4213,0.8602,1.4744,0.2798,2.8526,0.2111,0.9781,1.937,2.1913,0.14602,0.07362,0.02948,0.107225
375,0,0.3748,1.3795,2.9056,2.5515,0.9528,1.6336,1.4352,2.0967,1.3313,2.1011,0.0452,0.7154,0.11608,0.110125,0.220095,0.10203
376,0,1.8821,1.2583,2.1631,1.7344,0.1737,1.6767,0.5163,1.6583,0.795,2.3576,2.5808,0.0042,0.201,0.10982,0.06644,0.20009
377,0,1.3893,1.0264,1.0644,2.3726,0.0107,0.4946,0.8155,0.1834,1.005,2.7672,2.5029,2.1002,0.16312,0.058805,0.06843,0.126165
378,0,2.741,1.0841,2.0939,0.0104,0.2854,2.0244,1.1801,2.901,1.17,0.8027,1.0692,2.3928,0.257055,0.15793,0.01772,0.26897
379,0,1.6004,0.3601,0.996,1.0337,0.7078,2.9567,0.557,0.8095,0.5878,2.4317,0.2318,2.2594,0.16618,0.174425,0.1758,0.16465
380,0,2.6881,0.4908,2.8508,2.6874,1.4611,2.8838,0.4753,2.8147,0.3172,1.868,1.7951,0.8377,0.100195,0.197795,0.04628,0.05239
381,0,2.4808,0.1115,2.7624,0.2926,1.394,0.2145,1.0994,0.4437,0.1857,1.0443,0.3375,0.0951,0.294325,0.137005,0.03406,0.30807
382,0,0.309,0.1256,2.7893,2.836,0.3465,1.9603,0.1146,1.3595,0.9172,2.3997,2.6685,0.2538,0.096225,0.078965,0.18741,0.049945
383,0,1.6069,1.2134,0.773,0.6591,1.4613,2.0909,0.2419,0.6098,0.8947,2.349,2.8597,1.6738,0.273555,0.05101,0.062315,0.26118
384,0,0.7372,0.3777,2.9677,2.7001,0.8387,1.4807,0.2897,1.3672,1.0761,0.6655,1.0457,1.0117,0.10432,0.104015,0.21597,0.06995
385,0,0.1733,0.9881,0.6615,2.7203,1.4819,0.1406,1.2139,0.8675,0.7698,2.1401,2.0813,1.9601,0.146165,0.03528,0.0782,0.08141
386,0,0.7277,0.0538,2.5102,1.1524,1.2989,2.0757,0.5077,0.9597,0.6321,1.8512,1.6636,2.3111,0.255985,0.07652,0.13456,0.238115
387,0,2.3802,0.4804,0.8225,1.5399,0.3151,1.486,0.8234,0.6325,0.883,1.9241,0.3411,2.4755,0.236435,0.118215,0.037725,0.217805
388,0,1.4083,0.5425,1.6744,0.3462,0.7479,0.3209,0.1504,2.6862,0.8819,2.2213,0.4481,0.1726,0.310665,0.0614,0.062165,0.30257
389,0,1.3841,0.4648,0.2521,0.5222,0.8866,0.2328,1.4137,0.0326,0.5503,1.2249,0.5847,2.1283,0.30792,0.037115,0.033905,0.296465
390,0,2.8562,0.4926,0.2393,0.8928,0.1951,2.5445,0.4297,1.8035,0.3838,0.1136,1.5646,2.2765,0.241935,0.14418,0.016955,0.20436
391,0,2.5289,0.45,0.2195,0.7895,0.7235,2.6896,1.2427,0.5498,0.8215,1.676,1.1505,1.7393,0.217345,0.19184,0.05697,0.20253
392,0,2.7946,0.1605,2.8172,1.6109,1.0857,1.0534,0.0731,0.6086,0.2775,1.4567,1.4507,1.8475,0.234605,0.200085,0.029175,0.21887
393,0,1.6269,1.3469,2.4718,2.5034,0.9518,2.9052,1.4885,0.0058,0.7511,0.5339,2.7705,0.7573,0.154265,0.034215,0.037725,0.07087
394,0,2.4961,0.5917,0.2091,1.3204,1.0004,1.8752,0.7555,0.5044,1.4849,2.0263,2.0334,0.483,0.263165,0.10371,0.02963,0.23063
395,0,2.6147,0.3404,1.5515,0.1827,0.9431,2.0183,1.3338,2.1113,1.2524,0.9688,2.8112,0.5866,0.293105,0.05743,0.0058,0.269885
396,0,0.064,1.1029,2.4093,2.5487,0.2907,2.7098,0.9538,0.2083,1.4165,1.0456,0.5612,1.172,0.128755,0.072245,0.180995,0.066595
397,0,2.2102,0.8589,2.4595,1.725,1.3159,0.7064,0.6568,1.5761,0.1696,2.0973,2.0062,0.8995,0.23109,0.137615,0.057585,0.21628
398,0,1.4227,1.4485,2.0535,1.8846,0.6034,1.518,1.3867,1.9676,1.2116,1.9854,0.2046,0.5045,0.2065,0.11318,0.112875,0.18588
399,0,0.1669,0.326,0.1687,2.4039,1.4218,0.6881,0.1752,1.2809,0.7348,2.3546,1.1987,2.5233,0.167705,0.04185,0.089505,0.11318
0,1,1.9109,0.4047,0.1229,0.0496,1.2199,2.7383,0.91,2.1885,0.8154,2.8052,2.4476,0.0082,0.12097,0.082785,0.08813,0.06812
1,1,2.5722,0.0504,2.189,0.527,1.2948,1.6244,0.4496,1.2681,0.0425,0.3728,2.0119,1.9416,0.08477,0.126165,0.045055,0.003205
2,1,1.8462,0.5755,2.9916,2.9425,1.0283,1.9514,1.0327,1.1668,0.2026,2.1645,1.5761,0.9307,0.09225,0.04628,0.04643,0.00061
3,1,1.4575,1.3342,2.8021,1.0734,0.8573,0.9656,0.8915,1.0137,0.5874,2.6708,0.6815,1.8696,0.09088,0.03299,0.052085,0.0
4,1,0.252,1.249,2.3613,0.7181,1.3147,0.1757,0.5042,0.4508,0.6755,2.389,0.6919,0.1561,0.07973,0.036965,0.109055,0.0
5,1,1.2137,0.2978,0.2723,1.741,0.448,2.016,0.2993,2.8263,0.5477,0.3165,1.8873,2.7815,0.06675,0.10508,0.19352,0.0058
6,1,1.3211,1.4319,1.4997,1.2757,0.9303,2.9853,1.4234,1.3801,1.1366,1.4923,1.5879,2.3574,0.12448,0.06262,0.094085,0.07469
7,1,1.244,1.1017,2.1334,2.7962,0.1724,2.187,1.3911,2.9038,0.0221,2.5909,2.9436,2.8716,0.062625,0.0837,0.14678,0.00229
8,1,0.4463,1.4589,2.6698,2.4671,0.72,0.6971,1.2028,2.7706,0.3992,1.6168,1.3283,2.7931,0.07301,0.03162,0.09302,0.0
9,1,0.1215,1.098,1.8431,0.0851,1.0788,0.048,1.1369,1.5383,1.3937,0.1982,2.524,0.2001,0.061555,0.05239,0.16129,0.0
10,1,1.0329,0.6454,2.8982,1.6867,0.3883,0.725,1.3322,0.6776,0.1868,0.865,1.7584,1.6623,0.077285,0.02734,0.057275,0.0
11,1,2.4291,0.8407,0.8653,1.2387,1.2272,1.8795,1.4386,1.1082,0.8289,1.7818,2.5449,0.4364,0.05529,0.190005,0.089655,0.006415
12,1,1.2195,1.3649,0.1292,2.4681,0.6231,2.4894,0.0149,1.0951,0.1179,1.9578,0.8215,2.108,0.05468,0.07759,0.135935,0.009315
13,1,2.8314,0.1902,2.5943,0.1784,0.5712,1.2893,0.7333,2.9294,1.1635,0.9266,0.8095,2.5894,0.06705,0.08401,0.018175,0.000155
14,1,2.6439,0.7661,1.0329,2.9848,0.4739,0.5481,1.3201,2.437,1.0018,2.8752,2.7771,2.2447,0.03177,0.220855,0.07759,0.0
15,1,2.5821,0.3707,0.4237,2.0102,1.0719,0.5012,0.5933,2.7308,0.8421,1.735,0.5824,1.5781,0.03223,0.2175,0.08584,0.0
16,1,1.5703,0.1334,2.9458,1.7142,0.0096,2.3179,1.4674,1.7696,0.4795,0.5625,2.0176,0.5853,0.07102,0.046585,0.05926,0.019855
17,1,1.7331,0.9034,2.8873,0.2168,0.75,2.2323,0.2658,1.1642,0.0943,2.1776,0.2633,1.1853,0.09714,0.012375,0.019705,0.02612
18,1,2.6206,0.7085,2.7379,2.2978,1.373,0.3822,0.1103,0.211,1.3033,1.9022,1.4897,0.4906,0.05178,0.080645,0.024285,0.0
19,1,2.0212,0.477,2.1326,1.3811,0.7612,2.369,0.1391,1.7363,0.2959,2.4244,1.4665,2.9661,0.08538,0.0556,0.05224,0.027035
20,1,0.5488,1.4445,2.4028,1.4438,1.2203,1.8085,0.9827,2.7411,0.0979,2.505,1.1454,0.9766,0.058955,0.025355,0.086605,0.00305
21,1,2.9821,1.1718,1.4566,1.2679,1.3163,0.2604,1.0626,2.3675,1.1988,0.9669,2.3899,0.676,0.0391,0.22025,0.038185,0.0
22,1,1.0869,0.6262,1.6242,0.3378,0.6104,0.0009,1.1166,2.5556,0.2084,2.1114,2.4633,2.9455,0.0307,0.079115,0.160835,0.0
23,1,2.5314,0.6362,2.9391,2.922,0.7555,2.2603,1.3708,1.4284,1.2957,2.1047,0.8818,2.303,0.06415,0.06705,0.02765,0.00061
24,1,1.7121,0.1408,1.1741,0.2212,0.7143,1.2856,0.6356,1.7589,0.184,2.8013,2.0522,2.4713,0.03681,0.115465,0.13853,0.00061
25,1,2.6904,0.875,0.1207,2.1345,0.8535,2.4779,0.7982,2.4397,1.4955,1.0517,0.5131,1.175,0.04353,0.184355,0.06262,0.018785
26,1,2.2591,0.6588,1.7651,0.3821,1.0892,0.8402,0.2859,2.5888,0.8466,1.4535,2.6965,0.258,0.036505,0.1451,0.090265,0.000155
27,1,2.0885,0.492,0.5262,2.0244,0.5442,0.9897,1.4155,0.5979,0.7683,0.072,0.4901,2.6503,0.02627,0.180535,0.13395,0.0
28,1,2.3677,0.8353,0.6674,1.6732,0.0182,2.139,1.0751,1.9381,0.917,0.2211,0.7392,1.7231,0.04567,0.17183,0.091795,0.01436
29,1,1.1826,1.488,2.7712,0.456,0.8849,2.0886,0.2048,0.9378,1.0739,2.7033,1.0252,0.7168,0.074535,0.012675,0.035435,0.018785
30,1,2.4654,0.8775,1.4298,0.7685,0.109,0.0537,0.87,0.5733,1.4633,0.3224,1.3563,1.184,0.039405,0.18252,0.08309,0.0
31,1,0.6969,1.1231,1.9311,2.1773,0.1242,1.0582,0.7797,1.2802,0.0609,0.5821,2.8351,0.4877,0.039865,0.06797,0.167095,0.0
32,1,2.5562,1.2332,1.1739,1.4004,1.236,2.0421,1.2554,2.2728,1.0369,2.7389,2.4684,0.5372,0.051625,0.16618,0.0698,0.011605
33,1,2.2447,0.13,1.2776,1.1903,0.3033,2.8137,0.1422,0.0147,0.4844,2.9722,0.7941,2.4921,0.108445,0.05407,0.042,0.06705
34,1,0.5193,0.8796,2.8752,2.1495,1.4708,1.7237,1.475,2.5111,1.1674,2.6655,1.8945,1.0691,0.066745,0.0197,0.065525,0.000765
35,1,1.5848,0.3398,2.3326,0.5102,0.8658,1.6077,1.0079,2.2815,0.1647,1.8748,1.2419,1.8426,0.06873,0.05422,0.07851,0.00305
36,1,2.082,0.8782,2.1987,1.5601,0.6943,0.8603,0.3437,2.0859,1.0436,0.5864,2.9155,2.0135,0.06064,0.10982,0.082175,0.000155
37,1,1.5936,1.2618,1.4596,1.4278,0.3874,0.4684,1.0674,2.5323,1.0167,1.1065,1.7272,1.6902,0.046585,0.114705,0.15411,0.0
38,1,2.8097,0.5815,0.4943,2.6308,1.3421,0.1448,0.2973,1.9089,1.1833,1.8201,0.5748,0.3529,0.047195,0.25431,0.06583,0.0
39,1,1.5179,1.2233,0.6512,0.2254,0.8266,0.5755,0.1011,2.3198,1.2318,1.195,0.8822,0.8314,0.043075,0.12448,0.178855,0.0
40,1,1.0829,0.8654,1.5835,1.066,0.9561,2.0273,0.8374,1.1619,0.9359,1.7757,1.021,0.9096,0.077745,0.059265,0.13013,0.01558
41,1,1.6372,0.9185,1.8324,1.1485,0.8487,2.9573,0.642,2.529,0.122,2.6257,2.8251,0.7856,0.12112,0.065675,0.086755,0.07988
42,1,0.0363,0.7245,0.5481,2.9149,1.3465,2.882,0.9058,1.5455,1.2491,1.957,0.7457,2.8029,0.07041,0.05025,0.160985,0.00901
43,1,1.3191,1.1603,1.5028,0.5501,0.4439,1.7232,0.2145,0.0412,0.6508,2.2866,1.8425,0.9724,0.068275,0.07912,0.13059,0.004885
44,1,2.1517,0.7268,2.9985,2.3281,1.2459,0.7786,0.2284,0.5979,0.6484,1.5364,0.5838,2.3398,0.08462,0.04353,0.027035,0.0
45,1,2.6053,0.474,1.5242,1.7831,1.0836,0.4424,0.4213,2.1921,0.8523,2.6998,1.3436,1.2198,0.059415,0.183745,0.068425,0.0
46,1,0.9195,0.3471,1.9523,0.7941,1.2934,0.8119,1.01,1.7046,0.9427,2.6863,0.51,0.4494,0.071175,0.055595,0.134565,0.0
47,1,0.3657,0.1147,1.6027,0.4972,1.2108,0.0678,0.5619,1.4196,0.3248,1.0677,0.6684,0.8455,0.068425,0.060175,0.178855,0.0
48,1,2.7806,0.6258,1.1576,1.8335,0.9962,1.9808,0.1271,1.7457,1.1039,2.3867,1.7656,0.3917,0.075145,0.17763,0.050555,0.005805
49,1,0.2512,0.4846,2.7827,1.4179,1.3432,1.379,1.1327,1.4554,1.0631,0.9515,2.6696,0.7971,0.08385,0.029325,0.08935,0.000305
50,1,0.0185,1.0817,2.0298,1.9707,1.0311,1.7588,0.1729,2.0076,0.0099,0.5485,1.2626,1.1351,0.0753,0.048415,0.147235,0.002135
51,1,0.3569,0.6404,1.8709,1.1324,1.0627,0.6928,0.2157,2.2467,1.0031,1.2881,0.4103,1.9911,0.069035,0.051015,0.157315,0.0
52,1,2.2499,0.2459,2.0679,1.0669,1.3727,2.2546,0.4106,2.8141,0.0378,0.5545,0.7257,2.1962,0.09943,0.09042,0.05972,0.025815
53,1,1.5785,0.6966,0.6676,2.2694,0.1757,0.742,1.2095,1.3531,1.3152,1.805,2.3686,0.5622,0.053765,0.13624,0.18191,0.0
54,1,0.9487,0.5651,1.4826,1.4174,1.2337,0.5196,1.2772,2.6671,0.1133,0.0282,0.8783,1.2022,0.0559,0.078965,0.179005,0.0
55,1,2.9113,0.1071,2.3439,1.4263,0.1948,1.0982,0.5714,0.7307,0.4415,1.2598,2.8868,1.3766,0.07316,0.147545,0.024745,0.000155
56,1,2.8504,0.0458,0.1983,0.0834,0.9989,0.6607,0.8646,2.3861,0.4977,0.737,2.1762,1.4277,0.04903,0.260725,0.06018,0.0
57,1,0.4476,0.1312,2.2115,2.5812,1.3355,1.5303,0.2302,0.677,0.6803,2.5556,1.9506,0.8226,0.064915,0.04292,0.12647,0.0
58,1,2.2678,0.6532,2.9483,1.2862,1.2558,0.0436,1.0773,1.1954,0.7485,0.5965,2.7885,0.5989,0.07423,0.05376,0.027035,0.0
59,1,1.6848,0.896,2.5753,1.4,1.2448,1.5717,1.4345,2.1498,1.3682,2.8271,2.4067,0.3671,0.080185,0.052235,0.069345,0.00107
60,1,0.3733,0.9244,0.8136,1.1555,0.2607,2.2865,1.2817,0.3984,0.7753,1.185,2.37,1.395,0.06934,0.075145,0.20482,0.02749
61,1,2.1924,0.8492,2.9347,1.2589,1.4815,1.2463,0.274,2.3462,0.4076,1.6973,1.938,0.599,0.074385,0.047805,0.028865,0.000155
62,1,0.1032,1.4806,2.4522,0.3711,1.272,0.7744,0.3709,2.3178,1.136,2.5379,0.41,2.2428,0.062925,0.030855,0.10004,0.0
63,1,1.4095,0.4888,2.2029,2.5354,0.4837,0.4644,1.4875,2.7576,0.4348,2.4432,0.2691,2.7376,0.05682,0.069345,0.112415,0.0
64,1,2.324,0.2953,0.8871,1.7867,0.5336,2.2087,0.8885,0.6211,0.9152,0.0422,0.3352,0.4836,0.058345,0.155185,0.086905,0.014205
65,1,1.061,0.0179,2.7897,0.7185,0.406,1.1269,1.4111,1.0555,0.6467,0.8955,2.9287,1.0946,0.062465,0.03498,0.071025,0.000155
66,1,0.2506,0.987,2.1498,1.1167,0.3171,1.2278,0.6586,2.9859,1.2877,1.8627,0.5818,2.0637,0.054525,0.037115,0.12341,0.0
67,1,2.277,0.1131,1.1385,0.9805,0.8556,1.9592,0.2721,1.409,1.4883,0.0476,1.113,1.0029,0.060175,0.15228,0.09607,0.01283
68,1,1.2167,1.3038,1.3149,2.6492,0.8633,1.2739,0.3785,2.4708,0.9663,0.6367,0.3902,0.3763,0.03162,0.09684,0.179925,0.0
69,1,2.7272,0.6051,2.4609,2.6861,0.3395,0.0977,0.2705,2.3189,0.0231,1.6924,0.5738,2.3,0.05468,0.116385,0.030395,0.0
70,1,1.4381,0.8236,0.8802,1.3697,0.0686,2.4286,1.3612,2.2579,0.7434,2.5314,0.0115,1.9979,0.072855,0.060025,0.107525,0.03131
71,1,2.3022,0.49,2.5697,0.0006,0.9482,0.9031,0.9429,0.7541,0.3147,1.8785,1.4908,0.5618,0.04353,0.07591,0.043225,0.000155
72,1,2.6585,1.3236,1.6487,2.1183,0.6771,2.4043,1.2508,2.2925,0.3647,0.0735,1.9748,1.2338,0.04964,0.200085,0.06048,0.016645
73,1,2.6828,1.2898,1.6013,1.1323,1.0695,2.1281,1.0234,2.5273,0.866,1.5481,1.5507,2.6669,0.044295,0.155335,0.05147,0.016495
74,1,1.1003,1.2629,1.5147,0.256,0.6735,0.8736,0.7918,2.5599,0.2692,1.4257,1.7475,2.3095,0.03177,0.08202,0.165565,0.0
75,1,2.8229,0.8259,2.7649,1.0097,1.1465,2.2912,0.8269,0.5214,0.5793,0.8726,2.9006,1.9339,0.06369,0.123565,0.021535,0.025355
76,1,2.7271,0.4442,1.2868,1.7021,0.5321,1.3695,0.899,0.0849,0.5097,0.0007,1.4476,1.824,0.03238,0.208945,0.05758,0.0
77,1,0.279,0.3631,2.412,2.5208,0.5816,2.4427,0.4157,2.1183,0.8182,1.3203,1.9693,0.0402,0.0417,0.04857,0.14067,0.00779
78,1,0.4873,0.4407,2.0417,2.1187,1.0211,2.3029,0.1193,0.3177,1.283,1.0705,1.7051,1.5105,0.048875,0.051625,0.14357,0.011
79,1,1.88,0.1154,2.3094,0.3702,1.0221,1.2064,0.7384,2.0151,0.5565,0.1381,2.8926,1.568,0.04124,0.085685,0.081715,0.00031
80,1,2.2264,0.7969,2.4591,1.6938,0.1841,1.9257,0.2591,2.471,1.0216,2.8194,1.8872,0.6755,0.06308,0.056205,0.041545,0.00626
81,1,1.6714,1.1577,2.1357,1.0269,0.983,2.8058,1.0272,1.1019,1.3661,2.4829,2.5656,0.3205,0.097295,0.05987,0.07133,0.064605
82,1,0.8725,1.1852,0.8244,0.2211,1.0249,2.3978,0.9627,1.0345,0.8397,0.0646,1.688,2.5704,0.062315,0.07759,0.162055,0.03666
83,1,0.2342,0.575,0.4946,1.14,0.0195,2.4833,0.7444,1.3078,0.9027,2.5501,0.8738,0.8026,0.070105,0.034675,0.1257,0.039105
84,1,0.1485,0.3996,0.1986,0.1247,0.8291,0.5515,0.1114,2.7501,0.2231,0.2845,2.912,2.0009,0.03757,0.07713,0.230175,0.0
85,1,2.1773,0.8448,0.2112,2.5256,0.627,1.1774,0.203,0.3397,0.7834,1.7062,1.5561,1.8394,0.032075,0.1842,0.121275,0.0
86,1,2.6329,0.7563,1.1374,0.7697,0.4603,1.6824,1.1931,1.3234,0.0611,0.5645,0.272,1.0,0.048725,0.181605,0.06155,0.004125
87,1,2.0531,0.8861,1.9864,1.3638,0.1647,0.8888,0.7664,1.4915,0.3655,2.4759,1.2999,2.5364,0.04643,0.10417,0.084315,0.0
88,1,0.7965,1.4129,0.3356,2.3075,0.0303,0.709,1.3058,1.0503,1.3987,2.7883,2.4006,1.1883,0.043835,0.0892,0.216735,0.0
89,1,2.5748,0.6857,0.3785,2.5559,1.2244,0.4067,1.2998,1.5569,1.1154,0.8045,0.6464,2.5449,0.03788,0.231245,0.08767,0.0
90,1,1.8006,0.2216,1.0976,2.5771,0.7024,1.0106,0.5114,2.4739,0.6814,2.8451,0.9366,2.2694,0.048725,0.12601,0.14128,0.0
91,1,0.8571,1.1518,0.0528,0.3895,0.3889,2.6103,0.4837,1.4506,0.1606,1.7,0.288,0.4248,0.098365,0.049335,0.12326,0.05865
92,1,2.4029,0.3659,0.1838,1.8055,0.2198,0.1585,1.2458,1.1915,1.2982,2.2321,0.6029,0.2544,0.048265,0.20681,0.107065,0.0
93,1,0.5141,0.7419,1.0732,2.4959,0.7039,1.6642,0.5812,2.2647,1.0334,2.0573,2.3148,1.1958,0.043685,0.07484,0.20925,0.000305
94,1,0.3573,1.2269,1.0366,2.0753,1.4827,2.1053,1.36,0.0401,0.9056,0.292,2.6175,2.8807,0.05437,0.09149,0.237505,0.006415
95,1,0.1025,0.1999,2.4983,2.0607,1.4725,2.2695,0.8913,1.6177,0.0148,2.3514,1.152,0.32,0.09439,0.01894,0.076365,0.012675
96,1,1.6405,0.5549,1.8176,0.05,0.2475,1.6195,0.9149,0.2466,0.9546,2.5237,0.8604,1.564,0.076215,0.072245,0.0976,0.002595
97,1,2.7184,1.0544,0.6202,2.8995,0.5131,2.4726,0.6788,2.3693,1.3814,2.7082,2.4138,0.9689,0.06644,0.210015,0.066135,0.00275
98,1,2.7379,0.23,0.7806,1.9391,1.1223,0.151,0.4033,1.1071,1.2709,0.0058,2.67,1.0042,0.05132,0.24377,0.06873,0.0
99,1,1.8497,1.4036,0.1848,1.6358,0.3333,2.1067,1.2267,0.7387,1.2898,0.5322,1.4402,0.3938,0.072705,0.14846,0.13899,0.01344
100,1,0.9226,0.5612,2.0858,0.9506,0.7945,1.954,1.1786,0.8806,0.0845,0.7112,1.6378,2.633,0.07805,0.055295,0.12555,0.010845
101,1,1.9726,0.9109,0.0953,1.4941,0.4964,1.0422,1.4391,0.4904,0.1326,0.9153,1.9281,0.8088,0.057735,0.17641,0.14739,0.0
102,1,2.1175,1.0426,1.3146,2.5041,0.4857,1.8696,0.81,0.2151,0.5208,1.6894,2.9282,2.351,0.051165,0.19184,0.127995,0.00107
103,1,1.4427,0.2947,0.8099,0.1273,0.8724,1.2727,0.9878,1.5944,0.6252,1.0561,0.1219,2.9489,0.057735,0.10936,0.17107,0.000305
104,1,0.2256,0.0382,0.6459,0.4086,1.1916,0.4549,0.5099,0.0397,1.3974,0.9631,2.5286,2.8858,0.049635,0.07927,0.234755,0.0
105,1,2.1824,0.3911,1.4764,2.348,1.048,2.4827,0.8169,1.9725,0.5448,0.5742,2.0917,0.0086,0.066595,0.172135,0.11272,0.01298
106,1,2.3516,0.0108,1.8504,1.7838,0.1583,1.7766,1.1368,1.608,1.0091,2.126,0.6177,2.7798,0.07454,0.109205,0.0643,0.002595
107,1,0.9826,0.8756,0.3095,2.9892,0.9812,1.3854,0.8492,0.0816,0.3601,2.9241,0.2431,0.4251,0.05575,0.08431,0.18573,0.0
108,1,1.7192,1.161,2.5586,2.5837,1.1403,1.043,0.8724,2.4394,0.2083,0.2443,1.3758,0.931,0.06919,0.066135,0.077285,0.0
109,1,0.0112,0.7753,1.1189,2.6494,0.5013,1.988,0.8521,0.899,0.7014,1.103,0.7128,0.2644,0.05743,0.06751,0.202375,0.00092
110,1,0.1564,0.3341,0.25,0.4519,0.1874,1.1199,0.3573,0.0132,0.0494,2.9702,0.7354,0.1225,0.04735,0.06644,0.206045,0.000155
111,1,1.878,0.8275,1.1666,2.2,1.4055,1.1891,0.563,1.5426,0.3517,0.5219,1.166,2.0311,0.050705,0.14678,0.140975,0.0
112,1,0.0443,0.2076,2.4243,0.9964,0.8387,0.1665,0.8262,0.0832,0.3109,1.3437,1.5714,0.3759,0.05911,0.03406,0.105085,0.000155
113,1,1.3771,1.1707,2.1174,1.1072,0.7442,2.397,0.3948,0.4207,1.4535,2.619,2.6226,1.4315,0.09424,0.05529,0.08767,0.03345
114,1,0.1061,1.1144,2.3705,2.8954,0.0537,2.4384,0.5052,1.9998,1.3508,0.7549,2.9803,0.1135,0.04414,0.07408,0.19184,0.002595
115,1,0.3441,0.721,2.1569,2.7795,1.2709,2.9115,0.662,1.2189,0.8842,2.0758,2.7086,1.7761,0.057885,0.0669,0.18023,0.01573
116,1,2.7179,0.6235,2.3141,2.9942,0.1182,2.1217,1.3547,2.6835,1.3091,0.8362,1.2189,1.5243,0.04628,0.156705,0.04552,0.000305
117,1,2.909,0.3983,1.9815,2.2793,0.22,2.611,0.7578,2.8689,1.3345,2.8423,0.5485,2.5039,0.07194,0.067055,0.01726,0.01955
118,1,2.5885,1.4209,1.9486,1.1056,0.8803,0.4736,1.4943,2.1667,0.5093,2.7566,2.1372,0.9994,0.0446,0.153655,0.056515,0.0
119,1,2.7882,0.4865,0.9599,0.0892,1.0514,0.324,0.073,1.9682,1.4525,0.1925,2.2795,0.686,0.023215,0.222385,0.05972,0.0
120,1,2.5837,0.0182,0.5824,2.9254,0.8631,0.3952,0.0071,1.2271,0.6516,1.5984,2.0424,0.4619,0.02367,0.222385,0.080645,0.0
121,1,0.9551,0.0795,2.9895,1.2716,1.0177,0.8558,0.2133,0.5806,0.0228,2.0648,2.9691,0.2748,0.047045,0.021385,0.04689,0.0
122,1,0.4957,1.2025,1.9092,2.8434,0.5471,1.2842,0.4296,2.4132,0.2813,1.1394,1.9782,2.7402,0.03727,0.062165,0.165565,0.0
123,1,2.4385,0.1274,2.5922,2.374,0.7061,1.6613,0.6648,0.1664,0.4804,2.7393,1.7959,0.2945,0.044905,0.071025,0.033755,0.00031
124,1,1.6543,0.9276,2.4337,1.7448,0.302,2.9098,0.4444,2.1761,1.0316,2.7698,2.2951,1.1631,0.10203,0.037575,0.051475,0.05621
125,1,0.1441,0.9845,0.0357,0.1572,0.0347,1.7194,1.1812,0.2108,0.4789,1.1375,2.6983,1.939,0.02658,0.079575,0.22116,0.004125
126,1,1.2143,1.383,2.0614,2.0167,1.0681,1.6255,0.7012,2.9175,0.8577,1.2186,0.2807,0.5768,0.041695,0.058805,0.116385,0.000615
127,1,2.9499,1.4426,0.0089,0.2334,1.0183,0.654,0.9955,0.6295,0.5953,0.9777,0.7395,2.3253,0.02291,0.257055,0.045975,0.0
128,1,0.9114,1.372,0.5662,2.6848,0.2302,0.8878,1.4756,0.142,1.2574,0.4911,1.5573,2.8746,0.021535,0.0976,0.215355,0.0
129,1,0.3568,0.5654,1.5245,1.9567,0.5044,0.7462,1.3617,0.0242,1.4718,0.4479,0.6931,2.1949,0.02719,0.064605,0.186035,0.0
130,1,2.2592,0.7695,0.0646,0.668,0.312,2.677,0.6883,2.3023,1.3594,1.1795,2.7717,2.0412,0.06751,0.171525,0.100505,0.06094
131,1,1.8146,0.676,1.3263,0.972,0.4184,1.4554,0.6115,0.787,0.1106,2.9198,1.7182,1.0079,0.036965,0.10554,0.114245,0.00107
132,1,2.5209,0.7306,2.5075,0.4943,0.2184,0.7058,1.2903,2.2939,0.4921,2.8006,2.5811,1.1642,0.045975,0.09653,0.03849,0.0
133,1,1.7996,1.4772,2.1189,0.5932,0.8979,2.6738,0.7985,1.4021,1.1181,1.3621,1.8994,0.0211,0.09256,0.074845,0.069345,0.05896
134,1,2.2884,1.4415,2.5357,2.4501,0.7104,2.2061,0.7337,0.3406,0.0503,1.0446,2.5099,1.4105,0.04842,0.13502,0.064915,0.005345
135,1,0.3331,0.0503,1.5836,0.7452,0.9581,0.8872,0.6654,0.4242,0.6087,1.7059,1.5914,0.3065,0.038185,0.05926,0.17397,0.0
136,1,2.5801,1.0708,0.4465,0.3308,0.26,1.2307,0.3672,0.686,0.9415,0.3582,0.639,2.7433,0.039865,0.217495,0.080645,0.00031
137,1,0.3531,0.3342,2.7255,2.3432,0.6724,2.9086,0.4904,1.7811,0.3051,1.3777,0.7359,2.1623,0.07866,0.029175,0.09042,0.032225
138,1,0.5526,1.329,2.6908,2.3057,1.3289,0.9072,0.0777,2.7249,0.8653,0.1318,2.3278,0.9645,0.05972,0.032075,0.08889,0.0
139,1,2.856,1.4769,1.8079,2.7235,0.5356,0.824,1.0953,1.6766,0.037,1.0462,0.0259,0.9272,0.04475,0.191535,0.04078,0.0
140,1,1.4031,0.5429,1.5724,0.0884,1.4234,0.6333,0.1262,1.8182,1.0066,0.9626,2.7464,0.4636,0.04796,0.093935,0.15075,0.000155
141,1,0.516,1.2655,1.3474,1.6793,1.1517,1.4266,1.3357,0.6717,0.7343,0.5097,0.7138,1.8402,0.05483,0.069495,0.18741,0.00061
142,1,1.806,0.572,0.0275,1.345,0.4046,2.9858,0.8677,2.657,1.0369,0.2743,1.4721,2.8491,0.105085,0.09668,0.107375,0.073925
143,1,1.5941,0.2121,2.2874,2.334,1.1018,1.9822,1.2763,1.291,0.5105,2.6868,0.2573,2.9073,0.077285,0.04353,0.06797,0.00229
144,1,0.5352,0.5015,2.4056,0.3747,0.5593,1.9465,0.4959,2.5349,0.4416,1.7695,1.0579,0.329,0.08523,0.0223,0.07667,0.01237
145,1,0.8353,1.2242,0.9508,1.0359,1.3328,2.7473,0.8611,0.3312,0.3888,2.3745,1.1377,2.7846,0.116995,0.039255,0.10035,0.05728
146,1,1.1375,1.4805,1.9667,0.8363,0.8208,2.401,0.3723,0.8857,0.6246,1.0886,2.8184,1.9415,0.082325,0.085685,0.13456,0.03452
147,1,1.7696,1.4201,1.2059,2.0586,0.2528,2.5016,0.4922,1.4343,0.0412,0.4406,2.4431,2.0273,0.06797,0.153805,0.14098,0.020925
148,1,0.0148,1.1426,1.8804,2.844,1.3957,1.2654,0.1667,1.2586,0.5952,1.5001,0.7478,0.9787,0.056055,0.053,0.162205,0.0
149,1,0.1921,1.1286,0.838,2.0425,0.4151,2.5241,0.3574,0.3618,1.1715,0.6843,0.5237,1.7129,0.081865,0.06018,0.16862,0.021845
150,1,0.1874,0.8378,0.0551,1.2852,0.6229,0.2563,0.1231,1.7611,0.0062,2.1952,1.1057,0.7885,0.048725,0.0753,0.22972,0.0
151,1,2.8531,0.0336,1.8809,0.0536,0.573,0.9377,0.1205,2.3496,0.8578,0.232,2.9315,0.3322,0.066135,0.17412,0.03742,0.0
152,1,1.4762,0.0458,1.2175,1.4747,1.2845,2.0326,0.5284,0.5529,0.0678,0.9855,0.1885,0.5277,0.080185,0.088435,0.13502,0.01176
153,1,1.9522,0.3023,1.1218,0.0213,1.369,2.5226,0.1419,2.0537,0.7377,2.4657,0.5362,0.5403,0.11455,0.066895,0.07316,0.049945
154,1,2.862,0.3124,1.305,0.5017,0.4875,0.9913,0.9116,1.5874,1.4352,2.4235,2.2303,0.8901,0.0614,0.211695,0.049945,0.0
155,1,0.9086,0.6863,0.8801,0.5574,0.295,1.1373,0.5043,2.8233,0.9075,2.6095,0.2959,0.1174,0.056515,0.076065,0.18603,0.0
156,1,2.5012,0.656,1.652,0.8181,0.6498,0.3981,1.4874,1.649,0.1482,2.5547,1.2902,1.9056,0.059265,0.16923,0.07102,0.0
157,1,0.4718,0.5934,1.494,1.4918,1.2296,1.4874,0.4537,0.8033,0.4616,1.417,0.7929,0.0928,0.063845,0.05865,0.171065,0.00107
158,1,0.5977,0.8672,0.8116,0.9955,0.3879,0.2903,0.2706,0.7634,1.259,0.6637,2.4852,2.2299,0.04704,0.082935,0.21979,0.0
159,1,2.9229,1.1304,0.3453,2.8201,1.2631,1.3309,0.6504,0.0929,0.3265,2.1447,0.3316,2.9752,0.046585,0.24957,0.04628,0.0
160,1,0.065,1.4865,0.8886,1.3826,0.8182,0.8687,0.3307,0.1517,1.2351,2.9169,0.3767,2.5795,0.04628,0.068275,0.205125,0.0
161,1,2.1616,1.1253,1.1634,0.1727,1.0356,2.8864,0.9881,0.7022,0.8051,0.365,2.1536,2.0186,0.11669,0.1367,0.082325,0.082325
162,1,1.3404,0.013,0.1811,2.0459,1.0386,1.7256,0.3415,1.9894,0.1583,1.883,1.717,1.0665,0.044445,0.105695,0.18069,0.00168
163,1,0.6575,1.0869,0.543,0.4721,0.9491,1.9819,0.153,0.7869,0.1479,2.7415,0.0252,1.053,0.0585,0.053765,0.154265,0.01344
164,1,0.4705,0.7005,2.7205,2.1221,0.5403,0.56,1.0575,1.6257,1.0804,0.1346,0.5194,0.9596,0.06644,0.027035,0.07759,0.0
165,1,1.3996,0.8542,1.6863,1.6287,0.8492,1.2524,0.4182,1.5544,0.1828,2.2478,2.8588,0.1623,0.041235,0.09378,0.14586,0.00031
166,1,2.347,0.3357,1.0092,0.1006,1.4536,1.6863,0.1224,0.9647,1.4659,0.1801,2.7537,0.8385,0.04292,0.19581,0.10493,0.004735
167,1,0.2337,0.937,2.6887,1.0992,0.5199,0.7871,0.4669,0.2026,0.7579,1.0247,0.4984,2.1671,0.05071,0.024285,0.07713,0.0
168,1,2.6797,1.2107,0.4066,2.7406,0.6132,2.7438,0.1255,2.9514,0.1451,2.2363,2.1432,2.2715,0.05346,0.19963,0.06201,0.01054
169,1,0.734,1.1219,1.5387,0.1411,0.1463,0.8407,1.2712,1.2767,0.4111,1.6047,0.9907,0.9242,0.032225,0.068275,0.172595,0.0
170,1,0.5946,0.5269,0.4971,1.7223,0.5653,0.1183,0.3242,1.4352,0.417,2.647,0.1747,1.9438,0.03131,0.08141,0.218715,0.0
171,1,2.583,1.3812,1.4526,1.2093,0.0535,1.3939,0.9749,1.0147,0.2426,1.4119,0.487,1.6738,0.031315,0.17504,0.062625,0.000305
172,1,1.371,1.4922,0.4887,1.9056,0.2991,1.2554,1.1212,1.4915,0.541,2.6674,2.6164,1.1476,0.03192,0.118215,0.18359,0.0
173,1,0.284,0.5143,0.5599,2.2346,0.9578,1.5154,0.0246,2.8983,0.0202,1.5823,1.2949,0.7857,0.023825,0.071175,0.215665,0.000155
174,1,2.67,0.5146,1.6953,0.3917,0.0787,2.5207,0.1933,0.4058,0.9853,0.6447,2.3426,0.224,0.06583,0.167555,0.048875,0.051165
175,1,0.0935,0.5689,2.6009,0.4034,0.0079,1.4463,0.6733,1.3139,0.3448,2.1308,2.555,1.3617,0.049335,0.026725,0.08691,0.00107
176,1,2.7777,1.075,0.2303,2.8213,0.5893,1.8848,0.2632,1.5637,0.3307,1.9644,0.9176,2.9905,0.026575,0.2149,0.05529,0.00031
177,1,0.3267,0.846,0.5507,0.8863,1.2905,1.5038,0.1335,2.1858,0.6661,0.2481,1.4537,1.3366,0.02597,0.072245,0.21414,0.00153
178,1,1.7514,0.6516,1.8027,2.1115,1.4842,1.6729,0.6609,2.1361,1.3708,0.069,0.1082,2.932,0.033445,0.09592,0.11226,0.00061
179,1,1.638,0.0777,1.9811,0.2896,0.1592,1.2082,0.9956,2.4604,1.2808,1.1603,2.9405,0.4184,0.03742,0.08813,0.11577,0.0
180,1,2.0121,0.3474,2.1247,1.408,0.0454,0.134,0.4439,0.2922,1.0321,1.3823,1.932,1.9998,0.03803,0.09699,0.081565,0.0
181,1,0.1425,0.6219,2.0486,2.7093,1.419,1.1481,0.8645,2.8021,0.0678,2.9286,1.3644,2.548,0.04002,0.04445,0.14006,0.0
182,1,0.5035,1.4038,2.3234,1.9588,0.2596,1.3148,0.8785,1.2058,1.3393,1.6524,0.2672,2.626,0.043375,0.03635,0.107985,0.000155
183,1,0.9339,0.2574,1.9286,2.4239,0.4355,1.4622,1.452,1.3259,0.5596,1.6513,2.1212,1.9297,0.040785,0.06797,0.151975,0.0
184,1,0.0996,1.4095,1.3756,2.1127,0.898,0.4927,1.4921,2.3614,1.0091,0.8091,0.5744,0.2689,0.03299,0.06537,0.19703,0.0
185,1,1.6729,0.3167,1.2627,2.2831,0.9099,0.9525,0.1393,0.9245,0.296,1.6358,1.2672,1.0764,0.032535,0.119135,0.144795,0.0
186,1,1.1591,0.612,1.2786,0.9814,1.1395,1.5875,0.0169,1.232,0.3375,1.7863,2.5181,2.2301,0.04032,0.08935,0.168775,0.001835
187,1,0.369,0.7508,1.3965,1.3188,0.5536,2.0601,0.1825,0.1497,0.9652,0.6016,1.0759,2.7662,0.056665,0.05636,0.161595,0.011915
188,1,0.4257,1.2747,1.2173,0.5752,1.4773,1.823,0.3334,2.2902,0.5558,1.5968,1.0697,0.4905,0.05147,0.05453,0.163125,0.00733
189,1,2.4838,1.06,0.7818,1.5831,0.0191,2.5345,0.3335,0.9231,1.336,0.5896,2.0292,0.1656,0.06919,0.188935,0.075605,0.034975
190,1,1.7166,1.1552,1.6998,2.9838,0.8862,1.2613,0.444,1.9005,1.0804,1.2239,2.8516,2.0635,0.040475,0.12463,0.14174,0.0
191,1,1.8289,0.4345,2.9507,0.7276,0.7404,1.3788,0.7052,1.0822,1.0693,2.4448,0.4067,0.1224,0.079425,0.021995,0.024285,0.000615
192,1,1.3336,1.4993,2.0009,1.8291,0.6704,2.3917,0.0982,1.8525,1.2217,1.0895,1.3513,0.9081,0.07591,0.06644,0.105235,0.02077
193,1,1.3686,0.987,0.0011,0.1258,0.7832,0.5971,0.3345,1.3148,0.8311,2.2273,0.6002,2.6029,0.049485,0.11043,0.179315,0.0
194,1,2.5428,0.8682,0.3928,1.3004,0.0983,2.9003,0.2297,2.6349,0.7879,0.9485,0.2405,1.6948,0.105235,0.116385,0.05086,0.067665
195,1,1.1801,0.1778,0.2433,1.4094,0.2039,0.8014,1.4711,2.1206,1.085,2.9293,0.554,2.6968,0.05025,0.095155,0.188325,0.0
196,1,0.246,1.0168,0.8286,2.5225,1.3569,1.5758,0.5864,1.0707,1.4109,2.5774,2.6182,2.027,0.0475,0.074995,0.215205,0.000155
197,1,0.056,0.6518,2.7647,0.2728,0.5444,2.7231,0.4219,2.3391,0.4364,1.2648,0.538,2.6442,0.12891,0.0113,0.04597,0.064455
198,1,2.8007,0.9626,2.6648,1.1088,1.4953,2.5068,1.0874,0.2052,1.3516,2.5009,1.0298,1.4386,0.125855,0.042,0.01069,0.039715
199,1,0.2289,0.4485,1.1878,1.1357,1.1569,2.684,0.631,0.4899,1.3589,0.4308,1.8248,1.5531,0.1034,0.056055,0.16068,0.05239
200,1,1.1997,0.2178,1.835,2.774,0.3623,2.8415,0.7848,2.1332,0.7757,0.4918,0.2452,0.1025,0.07301,0.071785,0.13945,0.009625
201,1,0.1384,0.6726,1.0444,2.149,0.6027,1.4643,0.2027,2.1575,0.4586,2.2908,2.0517,1.9295,0.056515,0.0643,0.199015,0.000155
202,1,0.0418,1.2247,1.8562,1.8197,1.2536,0.6307,0.8903,2.9218,1.2447,2.7597,1.5708,0.228,0.063385,0.051625,0.161595,0.0
203,1,1.9877,1.2423,0.8595,1.3814,0.4252,0.5401,1.2791,2.0356,0.8059,2.4856,0.7379,2.0225,0.052235,0.150755,0.131815,0.0
204,1,2.8491,1.2116,2.1043,2.5734,0.5056,1.0781,0.0145,2.082,1.2933,1.2605,2.6525,2.4744,0.06033,0.17076,0.037575,0.0
205,1,2.3015,0.5453,2.364,1.8414,1.4296,0.43,1.1935,1.3169,0.3803,0.0939,2.7867,0.1261,0.06598,0.1031,0.0556,0.0
206,1,2.589,0.5723,2.6857,0.9411,0.997,1.095,0.5026,1.9402,1.1633,0.4238,0.2533,0.7127,0.07866,0.06858,0.024135,0.000155
207,1,0.4387,0.3645,2.7702,2.7193,0.9269,2.7193,0.439,0.2825,0.5486,2.6388,0.0847,2.6249,0.09332,0.01222,0.05529,0.010385
208,1,1.3731,1.1167,1.5814,0.2708,1.1007,0.3828,1.4175,1.535,0.968,0.0435,0.4117,2.4522,0.05346,0.08981,0.146475,0.0
209,1,0.1745,0.063,0.2598,0.523,1.1259,1.9954,1.1862,2.2854,0.0971,0.7417,2.7861,1.6063,0.055445,0.07652,0.22361,0.01451
210,1,2.112,1.4656,2.7807,2.7805,0.6156,1.6072,0.1008,0.1432,0.8018,0.6901,1.057,0.7482,0.066595,0.066745,0.045665,0.0
211,1,1.4006,1.391,0.6909,0.2446,1.4299,1.9114,0.5555,1.5087,0.1453,0.9333,0.1159,0.4502,0.05804,0.093625,0.1451,0.010845
212,1,1.423,0.1238,0.9703,1.7765,1.2933,0.6856,0.5443,0.8318,0.4295,2.8804,1.2993,2.4283,0.04185,0.104625,0.16236,0.0
213,1,0.4493,0.6921,1.4027,1.867,1.0091,1.177,0.2974,2.8342,0.5556,0.3748,1.6251,0.6207,0.038185,0.06598,0.186795,0.0
214,1,2.4023,1.0361,1.7998,0.0464,0.6338,1.6565,1.1457,1.0227,1.4034,1.3393,0.2585,1.308,0.05896,0.1173,0.060635,0.00443
215,1,2.5234,0.2821,0.9675,2.9326,0.1102,1.0167,0.6591,1.4439,0.8226,2.0551,1.1729,0.1035,0.02917,0.197645,0.082935,0.0
216,1,1.0161,0.0319,1.5027,2.6074,0.1263,1.2203,1.3696,2.4909,1.1075,2.1319,0.0232,1.3073,0.03986,0.07133,0.15946,0.0
217,1,2.6684,1.0833,1.0558,1.6818,0.9288,2.5909,0.823,2.5631,1.1052,2.9901,1.0236,1.5471,0.077285,0.09653,0.037725,0.035435
218,1,1.8931,0.0223,1.6175,1.4102,0.4181,1.8468,1.0819,2.0107,1.3595,1.3951,2.1362,0.5385,0.052695,0.115165,0.115165,0.00489
219,1,1.9586,0.198,2.3879,2.4359,0.2089,2.7748,0.7337,2.7397,1.2976,1.0602,2.187,2.6446,0.05132,0.1144,0.09943,0.02199
220,1,2.9968,0.3801,2.367,1.1611,0.1021,0.8424,0.2388,2.1665,0.818,0.456,1.814,0.4825,0.050555,0.12433,0.01665,0.000305
221,1,1.7162,0.5159,2.2757,1.4807,1.2358,1.0555,0.6074,0.8191,1.0405,2.7832,0.2117,1.7517,0.04429,0.06323,0.077895,0.000155
222,1,1.602,1.2632,1.4304,1.8924,0.4471,1.8504,1.231,0.3561,1.0075,0.3518,2.3424,1.5655,0.02444,0.12463,0.150755,0.003055
223,1,1.8236,0.5981,1.4446,0.5322,1.2296,0.7398,0.9036,2.0558,0.4437,0.3617,0.4769,0.4276,0.028255,0.11715,0.123565,0.0
224,1,1.4326,0.5154,0.4435,2.6789,0.3853,0.001,0.4725,0.7733,0.594,0.7099,1.0142,1.6689,0.01787,0.1228,0.1868,0.0
225,1,0.2021,0.1024,0.7646,1.3222,0.7905,0.9124,0.0432,2.6566,0.4277,1.5019,0.2898,0.4285,0.02398,0.067665,0.207415,0.0
226,1,2.0224,0.3576,1.8347,1.5754,0.7975,2.6998,0.7094,2.7413,0.902,2.2269,1.413,1.903,0.072855,0.05896,0.06033,0.046585
227,1,2.6972,0.885,2.0931,0.5819,0.1179,2.8586,0.2747,0.9402,0.6114,2.4511,0.89,0.4715,0.113485,0.04368,0.014355,0.077745
228,1,1.2824,1.2378,0.1321,1.6008,1.0561,1.3995,1.3088,1.1437,1.0604,0.5063,0.409,1.9021,0.026725,0.105845,0.182975,0.000155
229,1,1.2902,0.8099,1.8498,0.8438,0.7331,2.5231,0.1358,1.7137,1.2423,0.0622,2.1464,0.6055,0.06751,0.073925,0.121425,0.04307
230,1,0.997,0.0056,1.0234,2.5057,0.1203,2.7506,0.6451,1.4834,0.4276,2.8061,0.5939,2.3373,0.05911,0.033145,0.090725,0.01802
231,1,1.5791,0.4729,2.0351,2.3787,1.318,0.1861,0.0277,0.8145,0.4935,0.8046,0.5666,0.8432,0.04078,0.084465,0.110735,0.000155
232,1,2.193,0.5387,1.7606,1.654,1.224,1.9993,1.2327,1.6584,0.0744,1.0886,0.8272,0.6243,0.046125,0.114705,0.07866,0.0084
233,1,1.9497,1.2426,2.3232,0.9185,0.6809,0.8835,0.5501,1.3483,1.4838,0.2422,1.2261,2.7475,0.051625,0.081405,0.072245,0.0
234,1,1.7352,0.5382,2.2709,2.9432,1.1251,2.7338,0.8462,0.9029,0.2025,2.8279,0.583,2.3864,0.06201,0.03788,0.05621,0.00565
235,1,1.7817,0.6102,0.9212,0.0488,1.3587,1.689,1.1526,1.9781,1.3381,0.3101,2.0767,2.1102,0.049025,0.136855,0.1506,0.004125
236,1,1.4126,0.2894,1.3204,0.0576,1.0786,2.9621,1.2744,1.4854,1.071,0.9628,1.035,1.1477,0.11577,0.05361,0.093015,0.092405
237,1,2.3371,0.5311,1.807,2.3819,1.3953,2.0964,0.8071,2.4469,0.5848,1.4001,2.5652,0.1738,0.0501,0.17763,0.09485,0.003205
238,1,2.513,1.1719,2.9131,0.8675,0.8878,2.6804,0.0346,2.4696,1.2235,1.9519,1.7347,2.8708,0.107835,0.04475,0.01619,0.057885
239,1,1.1859,0.5866,1.0909,1.5112,1.0571,1.3181,0.6497,0.5647,0.8243,0.6398,1.8666,2.9395,0.0501,0.10279,0.189545,0.0
240,1,1.3364,0.2284,2.9777,1.1703,0.7497,2.6206,1.0626,1.396,1.2944,0.7453,0.5451,1.9558,0.10569,0.02184,0.042465,0.049025
241,1,1.1462,0.8023,2.2538,1.4162,1.4097,0.4412,1.2585,2.3669,0.1771,1.6537,2.3518,1.2444,0.063235,0.061555,0.122345,0.0
242,1,1.4556,1.1182,2.5847,1.1808,1.2557,2.437,0.1779,2.0065,1.2357,2.5111,1.2545,0.6466,0.10279,0.02077,0.041545,0.035895
243,1,0.5124,1.2789,1.0006,2.4175,0.9124,0.6519,0.6295,2.4203,1.3052,1.0583,2.3414,0.1718,0.05132,0.08049,0.221315,0.0
244,1,1.5863,0.2076,2.8874,2.0951,0.5317,2.8842,0.1503,1.3475,0.4628,2.9773,0.2654,1.5828,0.10615,0.010845,0.025045,0.04414
245,1,0.6685,1.0432,1.4119,2.5588,1.0742,2.2839,0.4721,0.4689,0.5795,0.1123,0.7304,1.8429,0.06568,0.073315,0.179465,0.003055
246,1,0.6054,0.058,1.6901,2.3415,0.2837,2.7694,0.5126,1.5911,0.9495,1.6452,1.7477,0.3104,0.08706,0.055445,0.15029,0.02612
247,1,1.5008,1.1248,0.4244,2.7862,0.0952,2.34,0.5804,0.8809,1.2743,2.4627,1.8211,1.1437,0.060945,0.10264,0.14938,0.00229
248,1,2.3688,0.226,1.1999,1.2638,0.2385,1.2097,0.5515,0.4302,0.2224,2.8966,0.2063,0.3716,0.06323,0.155795,0.082475,0.0
249,1,2.9003,1.4255,1.0062,0.3084,0.913,1.3143,1.4281,0.385,1.1673,0.0745,0.623,0.9016,0.057275,0.22895,0.04582,0.000305
250,1,0.4933,1.1925,0.5208,1.3822,0.194,2.328,1.0069,0.147,0.2695,1.8742,1.2675,0.9063,0.087215,0.058805,0.160985,0.025965
251,1,1.889,1.3264,1.4087,0.6697,0.8009,1.7885,0.3144,2.1964,0.8135,1.9702,1.3592,1.3161,0.07163,0.104625,0.10768,0.00657
252,1,0.6304,1.3374,0.5921,0.7481,0.5453,2.9192,0.8278,0.4385,1.2593,0.871,0.0628,2.1968,0.131045,0.051625,0.114095,0.081715
253,1,2.885,1.3422,0.1131,1.3857,0.2863,0.9099,0.2809,2.3521,0.4204,2.8976,1.5748,1.7162,0.051625,0.241325,0.053305,0.0
254,1,2.3635,1.021,2.5868,0.382,0.7433,1.6424,0.1637,2.1979,0.681,1.8605,2.5901,2.1253,0.08202,0.083395,0.04292,0.00351
255,1,2.3134,0.4392,1.3418,2.7696,0.5835,1.4136,0.1951,2.0073,0.3394,0.4936,2.6084,0.5307,0.049335,0.199325,0.10768,0.000155
256,1,1.7677,0.3993,1.4517,2.7522,1.1611,2.3033,0.1388,0.3211,1.1563,1.4357,2.54,1.1265,0.050095,0.15457,0.159305,0.001985
257,1,1.8876,0.4014,1.2031,1.4948,0.2622,1.16,0.5337,0.7221,1.1388,1.8196,1.2999,1.7226,0.05025,0.13273,0.12983,0.0
258,1,1.3423,0.4982,0.664,2.0983,0.02,0.3047,0.8509,0.8677,0.4308,2.3061,2.9746,1.596,0.041085,0.11837,0.19306,0.0
259,1,0.0078,0.9021,2.2676,0.5441,0.3644,0.6253,1.1763,2.7933,1.2038,1.1515,2.3433,1.6374,0.056055,0.04124,0.12876,0.0
260,1,1.2291,0.6846,0.4013,2.9153,1.2353,0.6256,0.9674,0.3157,0.1428,0.4397,1.7109,0.957,0.03971,0.117455,0.206045,0.0
261,1,2.5092,0.9116,2.5684,2.8896,0.1697,0.9743,0.6002,1.0976,0.3587,2.1217,0.5368,2.1132,0.057275,0.091335,0.03681,0.0
262,1,1.1664,0.7948,1.9693,1.945,0.3612,1.3981,0.5052,2.9373,0.9436,0.9936,0.7493,0.0395,0.060025,0.062775,0.12891,0.00046
263,1,0.239,1.2182,0.7194,1.9266,1.4266,0.3625,1.4013,0.5688,1.3279,2.1859,2.4633,1.0678,0.031615,0.077745,0.229565,0.0
264,1,0.8691,0.8875,1.8546,2.5795,0.1827,1.2147,0.3376,1.0711,0.3954,0.3596,0.9161,2.9847,0.042615,0.067055,0.157015,0.0
265,1,2.0766,0.8852,2.4005,1.9318,0.6961,1.549,0.0726,2.2309,0.5358,2.4995,1.2381,2.0451,0.056515,0.0669,0.055595,0.000915
266,1,1.3084,0.2332,1.5576,2.8945,0.3689,0.5736,1.2647,1.1407,0.7662,1.6858,1.7446,2.4209,0.042155,0.09745,0.163275,0.0
267,1,1.2236,0.7595,0.2485,2.6297,1.0095,1.0012,0.2662,1.5873,0.2621,1.0967,1.6484,1.4695,0.021385,0.11501,0.206195,0.0
268,1,1.6639,1.4977,0.6461,1.3361,0.0806,2.4289,0.8783,2.778,0.9865,1.4283,1.5895,1.3541,0.05132,0.105235,0.13059,0.03253
269,1,1.0014,0.9068,1.2509,2.4616,1.3024,1.0137,1.0376,1.2923,0.3651,2.9682,0.7143,1.9809,0.02887,0.08141,0.176565,0.0
270,1,2.2874,1.0424,0.2651,0.8582,1.025,0.7656,1.4524,1.3263,0.8282,1.5113,1.2944,1.3964,0.01634,0.194435,0.114705,0.000155
271,1,2.7516,0.0351,2.9093,0.3438,0.6458,2.0778,1.2004,1.974,0.7353,2.671,1.3042,0.7422,0.07667,0.030855,0.007485,0.018785
272,1,2.3425,0.8467,0.4028,0.9895,0.1339,1.6238,0.2249,2.1477,0.8333,2.9132,0.0349,2.1483,0.035285,0.154265,0.091795,0.002595
273,1,0.611,0.0517,1.8845,1.6371,0.4535,1.522,0.0826,1.2815,0.8653,2.6241,2.5415,2.3916,0.039865,0.053305,0.14525,0.00092
274,1,2.766,0.6271,1.3471,0.0276,0.686,1.5273,0.8328,2.8612,0.1234,0.9318,1.2779,2.4811,0.03253,0.19245,0.05193,0.001835
275,1,1.9595,1.207,0.3071,0.9933,0.0269,2.7705,1.0786,1.0806,0.7573,0.0292,2.3505,2.7544,0.0753,0.15182,0.11455,0.065215
276,1,0.7716,1.0526,1.5373,2.0003,0.8588,1.5757,0.8862,0.3209,0.1326,0.9398,0.2667,1.1352,0.028715,0.06919,0.167705,0.00046
277,1,0.2447,0.2492,2.1165,0.0724,0.8833,1.0477,1.1277,2.4035,0.1737,1.1992,1.0634,1.9127,0.043075,0.042005,0.132425,0.000155
278,1,0.9721,0.9701,2.4976,1.0079,0.8831,2.4499,1.475,2.6052,1.4617,2.9646,0.1933,1.7916,0.083545,0.011915,0.043685,0.037265
279,1,0.0348,0.1406,0.4485,2.9464,1.0011,1.9203,0.0748,1.3051,1.195,1.3516,0.0982,1.094,0.034215,0.07133,0.21551,0.0
280,1,0.0894,0.3996,2.5881,2.1185,0.3995,1.6503,0.6022,2.1068,0.6659,2.6182,2.7817,2.5698,0.046585,0.031615,0.10172,0.00046
281,1,0.3853,0.4232,2.7139,2.8153,1.4269,0.0355,0.5166,1.3153,0.6022,0.0859,0.7349,2.835,0.050865,0.02826,0.07881,0.0
282,1,2.7271,0.195,0.1492,2.1351,0.2643,0.8931,1.4985,2.6493,0.2328,1.115,1.2217,0.1775,0.03116,0.240105,0.070565,0.0
283,1,1.4678,0.287,2.4513,2.6618,0.9308,0.6676,0.7816,1.2652,1.3866,2.8008,1.6228,0.7799,0.04949,0.05697,0.085225,0.0
284,1,0.7462,0.2927,1.337,2.1687,0.051,2.1403,0.4744,1.0842,1.4993,0.557,2.2569,1.1734,0.04231,0.085075,0.20085,0.0055
285,1,2.6044,1.2022,0.5975,0.0306,1.4828,2.9726,0.3665,0.7485,1.1568,2.4132,1.3164,2.1994,0.12143,0.085075,0.033295,0.089505
286,1,2.8652,1.2067,1.3428,2.5967,0.4844,0.1853,0.0103,2.3853,0.378,1.2185,2.092,0.0687,0.039865,0.22223,0.047195,0.0
287,1,1.5441,0.1818,0.3752,1.7114,1.096,1.0847,0.3215,1.4051,0.6145,1.4824,2.8014,1.9119,0.039715,0.133035,0.180995,0.0
288,1,0.2868,0.1845,0.0941,1.8168,1.1587,1.4695,0.6144,2.6707,0.0442,2.9027,1.9251,2.4772,0.040935,0.06568,0.2036,0.00061
289,1,2.3087,1.3275,0.3123,0.9601,0.8969,0.8791,0.8886,2.7032,1.0098,0.185,0.3693,2.9205,0.04582,0.18863,0.111345,0.0
290,1,0.2113,1.2637,2.9599,0.4866,1.0561,2.4241,1.4272,2.5293,1.1231,2.3111,2.3343,0.2733,0.09653,0.01512,0.05239,0.03803
291,1,1.0134,1.2827,2.2137,2.8548,1.2619,1.9561,0.8,0.3235,0.6507,2.8858,0.1393,2.8929,0.07377,0.03574,0.089505,0.000305
292,1,0.2813,1.1483,0.3892,0.9489,0.4594,1.0653,1.2881,0.5426,1.307,1.1251,0.2146,2.6344,0.05636,0.074385,0.217345,0.0
293,1,2.3014,0.6707,1.9618,2.0318,0.5998,1.6449,0.6057,1.437,1.055,1.2452,1.2122,2.3154,0.0614,0.12372,0.07209,0.000765
294,1,0.8768,0.5188,1.283,0.6835,1.3065,1.2006,0.4925,0.1865,0.3354,1.8113,0.1446,2.914,0.061095,0.071485,0.170455,0.00031
295,1,2.9871,0.2118,0.151,1.2594,0.3987,0.4959,0.1543,1.4635,1.3152,2.9579,1.0164,1.1903,0.05071,0.25171,0.04475,0.0
296,1,1.9595,0.5761,2.7163,2.3795,0.8863,1.9769,1.0692,1.9826,0.5264,1.6221,0.8866,0.8512,0.08263,0.05422,0.049795,0.001985
297,1,2.0222,0.641,2.5223,0.6602,0.3913,2.5951,0.5371,2.9169,0.1984,2.5715,1.6574,1.61,0.123105,0.029325,0.02856,0.053455
298,1,1.6003,0.2736,2.3266,1.2107,0.9394,1.9251,1.3015,2.7803,0.8058,0.6182,1.5761,2.9973,0.08828,0.062925,0.088435,0.008095
299,1,0.8763,0.3547,2.2209,2.6715,0.293,2.1385,1.4303,1.6905,1.3272,2.0525,2.003,0.4057,0.068885,0.056515,0.13227,0.00122
300,1,0.679,0.3598,1.1154,0.3832,0.2922,2.4529,0.3942,0.1763,0.2547,0.7412,0.4626,0.9944,0.104015,0.049185,0.13349,0.044905
301,1,0.8886,1.1737,1.2354,2.2735,1.0732,1.01,0.3742,2.8961,0.9875,0.3102,2.3041,0.0894,0.049795,0.0866,0.202835,0.0
302,1,1.8526,1.3061,0.1552,1.6768,0.0929,2.4712,1.1609,0.4477,0.4921,0.818,1.4765,1.5945,0.080645,0.137925,0.12494,0.03085
303,1,0.8302,1.0654,0.582,0.151,1.2116,0.4816,1.4307,2.0398,0.5282,0.7508,1.2938,0.5724,0.04521,0.09225,0.2204,0.000155
304,1,0.9479,0.2873,0.0591,1.4316,1.1162,2.4391,0.4287,2.4918,1.0889,2.1192,1.3991,1.5894,0.08599,0.057735,0.148615,0.03238
305,1,0.3838,1.2855,1.9671,1.1087,0.5962,1.2747,0.6272,0.5148,0.344,0.4929,2.1695,0.1356,0.06094,0.05758,0.157625,0.00031
306,1,1.296,0.0648,0.4343,1.2109,0.3592,0.5621,0.6815,1.075,0.2919,0.8383,0.4261,1.7898,0.045515,0.115165,0.19642,0.0
307,1,1.3149,0.8056,1.7197,2.6014,0.5216,1.6782,0.4478,0.8794,0.6012,1.0579,2.0632,1.2694,0.045365,0.10096,0.163735,0.000155
308,1,0.1501,0.0004,1.2708,1.2296,0.8941,1.0223,1.3061,1.8351,1.0939,0.4512,0.7159,1.2155,0.04628,0.06629,0.201155,0.0
309,1,1.8338,0.2663,2.3444,0.9789,1.1259,1.9915,0.1345,2.0205,1.1978,2.9909,1.017,0.1076,0.08034,0.037725,0.04826,0.012375
310,1,1.0755,0.8777,1.6226,0.0938,0.0468,1.318,1.3166,0.2142,1.2444,1.6084,2.6482,1.0692,0.05254,0.08248,0.16389,0.0
311,1,2.448,0.8353,0.4695,0.6032,1.4556,0.913,0.0651,1.3232,0.8742,2.0735,0.0018,0.568,0.03513,0.199625,0.094085,0.0
312,1,0.0179,0.3134,1.9141,0.9163,0.2916,2.2876,0.8001,1.9133,1.2052,0.7129,0.177,1.9906,0.082015,0.033605,0.11532,0.029325
313,1,2.3877,0.7765,2.4263,1.0839,1.0727,1.5808,0.4912,2.0114,0.184,1.4907,2.0801,2.1493,0.057275,0.09836,0.048415,0.00244
314,1,0.361,1.1151,0.326,2.3922,0.9911,0.7163,0.8543,2.7591,0.075,2.1364,2.0323,1.873,0.018785,0.08065,0.233685,0.0
315,1,1.8877,0.4747,0.0671,1.1557,1.2905,1.5652,0.4096,0.6929,0.7844,2.4417,0.1277,0.2555,0.036965,0.127685,0.127995,0.001375
316,1,1.4431,1.1605,2.0103,1.9286,1.198,0.6351,0.8274,1.257,1.22,2.9008,2.4787,1.6934,0.02963,0.083855,0.126165,0.0
317,1,2.7566,0.1653,1.7382,2.68,0.9743,1.7902,0.7614,0.2607,0.1905,2.2589,0.7223,2.4,0.043835,0.15808,0.041695,0.0
318,1,0.283,1.1572,1.3303,2.4116,0.0219,2.2518,0.6169,2.9084,0.3773,1.2185,1.996,2.1174,0.028865,0.072705,0.20528,0.005495
319,1,2.0636,1.247,2.8106,2.1678,0.7701,2.2399,1.4721,0.0119,1.1463,1.2978,2.0515,0.6482,0.057735,0.07881,0.054525,0.010845
320,1,0.6864,1.1592,2.2817,1.9919,0.066,1.3148,0.3935,0.1853,0.3028,1.9049,0.9471,2.5655,0.037115,0.04093,0.11028,0.000155
321,1,2.1406,0.3477,2.6177,0.1757,0.5469,1.6924,0.8622,0.2704,1.0807,2.8445,2.1649,1.7928,0.062625,0.050405,0.03773,0.00458
322,1,0.8352,0.5302,0.0885,0.8153,0.8832,1.5579,0.1847,1.0358,0.827,1.576,0.4119,2.4927,0.02978,0.07744,0.19214,0.0029
323,1,2.5711,1.2875,1.9162,2.2886,1.1852,1.4929,0.2476,1.1746,1.0232,2.221,0.3344,0.3491,0.03956,0.132885,0.052695,0.000305
324,1,1.0063,1.4744,0.4205,0.1312,0.3035,2.2364,1.4134,0.1039,0.1143,2.2665,1.3044,0.4444,0.053305,0.06858,0.141125,0.02597
325,1,2.4525,0.1764,1.3743,0.6876,1.2802,1.3312,1.4144,2.0214,0.2037,1.444,2.5034,0.4198,0.034675,0.18359,0.08416,0.00046
326,1,2.3485,1.4983,0.8023,0.5487,0.9719,0.3189,1.1875,0.5396,0.8574,0.0831,0.5793,2.0875,0.021845,0.19703,0.102945,0.0
327,1,1.8272,0.2119,0.5704,2.2031,1.4983,0.7907,1.1896,0.1693,0.7072,2.7729,1.7927,1.0483,0.0278,0.146165,0.14892,0.0
328,1,2.1582,0.8545,1.5148,2.4377,1.1697,1.3249,1.0035,1.7657,0.5067,0.5401,1.6601,0.971,0.027645,0.16007,0.10829,0.0
329,1,2.2911,1.2669,1.9794,0.785,0.7311,2.8073,0.6461,0.8685,1.189,2.878,1.7316,1.8354,0.10554,0.04674,0.032685,0.069955
330,1,1.7427,0.9121,2.3243,1.2769,0.7675,0.3613,0.7691,2.5649,0.1273,2.7226,0.4153,1.3622,0.04674,0.071025,0.081715,0.0
331,1,1.7322,1.4692,2.04,1.7845,0.9597,1.089,1.4536,2.8368,0.4195,0.1693,0.6523,0.1538,0.04689,0.08859,0.105235,0.0
332,1,2.5819,0.5348,2.6898,1.5049,0.0906,2.6256,0.3329,2.166,0.0513,0.0677,1.0256,1.6381,0.086755,0.07652,0.02612,0.042155
333,1,2.4609,1.4337,0.1512,0.5747,0.9052,1.537,0.6886,2.6073,1.2037,1.358,0.6573,0.0898,0.044905,0.185115,0.09088,0.00214
334,1,1.0463,1.1669,0.2427,2.3592,0.2833,2.7127,0.1848,0.965,0.4781,2.9929,1.0776,2.2318,0.06858,0.038945,0.099585,0.022145
335,1,1.0328,0.6886,1.9244,1.5327,0.3383,0.5008,1.4155,1.8056,0.6791,1.2829,2.7308,0.7063,0.052385,0.070715,0.14693,0.0
336,1,0.664,1.0659,1.0672,1.7235,0.3402,2.7836,1.2376,2.4601,0.0633,0.0626,0.2133,1.0326,0.08202,0.05254,0.13716,0.046585
337,1,0.975,1.2766,2.5267,2.5044,0.7245,1.6768,0.6546,1.1082,0.1274,2.4045,1.7403,1.6363,0.063845,0.0391,0.089045,0.0
338,1,1.5866,0.2419,2.4863,2.028,0.6696,1.0639,0.1077,2.5884,0.9354,2.2951,2.5876,1.0542,0.07072,0.060485,0.083395,0.000305
339,1,1.2183,1.373,0.324,1.3428,0.9658,0.4191,0.5037,0.7921,1.4203,0.0035,0.6031,2.9515,0.04735,0.11058,0.20268,0.0
340,1,0.8783,0.3063,2.4554,2.3286,0.5871,1.3103,0.4885,2.4972,0.2406,1.5481,1.0134,0.1282,0.069645,0.03803,0.096375,0.0
341,1,2.6777,0.5413,1.5792,0.9955,0.2676,1.5421,0.6987,2.2232,1.1933,1.9303,0.2391,0.748,0.06583,0.14815,0.05285,0.001985
342,1,0.5347,0.0776,2.1632,0.9918,0.7753,1.4737,0.651,2.7853,0.8055,0.4145,0.2722,1.443,0.0753,0.03895,0.11516,0.00092
343,1,0.3369,0.9041,1.5124,2.5374,0.9741,2.7251,0.9898,2.4599,0.8418,1.4305,2.4115,2.5876,0.065675,0.0753,0.204515,0.017715
344,1,1.6325,1.3428,1.5821,2.1338,0.4465,2.4555,0.0945,1.9522,1.2708,0.5094,0.4795,0.001,0.07866,0.092555,0.113945,0.01665
345,1,1.1573,0.4976,2.7052,2.7172,0.9937,1.8882,1.3193,1.9773,0.2181,0.5744,0.9707,2.4988,0.070565,0.04582,0.08828,0.000155
346,1,2.6656,1.1098,2.3465,0.2835,0.9148,1.7709,0.4313,2.9763,0.0225,0.9952,2.3328,0.9687,0.08294,0.12387,0.038185,0.005345
347,1,0.2337,0.9773,1.2582,0.8265,0.1809,2.8382,1.0418,2.8015,1.4031,0.7837,0.2399,2.7297,0.121575,0.035895,0.118215,0.072855
348,1,1.8962,0.4338,1.1154,1.4669,0.9182,0.2143,0.3501,0.3951,1.3163,1.3975,2.2543,2.1328,0.05285,0.146475,0.140215,0.0
349,1,0.5744,0.8713,0.4021,0.7583,1.0958,0.9278,1.0863,0.6974,1.2611,2.0459,2.307,2.6115,0.04857,0.08248,0.221315,0.0
350,1,1.6657,0.3867,1.3966,0.0738,0.6681,1.2036,0.0721,0.2895,0.9628,0.1646,1.172,0.9319,0.056815,0.109055,0.13487,0.0
351,1,0.0293,0.1116,2.4811,2.2123,0.4009,2.148,0.2095,2.1877,0.1835,1.7783,2.9931,2.8209,0.070105,0.04964,0.143575,0.005805
352,1,0.2429,0.8911,1.4283,0.1543,1.0566,1.5171,0.9395,0.4077,0.2896,2.1397,2.7794,1.068,0.057585,0.06476,0.187405,0.00107
353,1,2.9519,0.3286,0.5641,2.1853,0.3861,2.8629,0.0708,1.7041,1.2036,2.2234,2.8792,0.6864,0.0782,0.23827,0.041545,0.038335
354,1,1.8484,0.1953,0.4366,2.2203,1.0431,2.3251,1.3095,0.5604,1.0727,2.4342,0.7291,1.4679,0.071175,0.09775,0.108595,0.01115
355,1,0.9595,0.1474,2.5809,2.2566,0.0162,1.2018,1.2269,2.8757,0.3677,2.8559,1.4026,0.1486,0.070415,0.03238,0.077895,0.0
356,1,0.0441,0.1441,1.654,2.9801,1.246,2.8983,1.3956,2.6869,1.22,1.8439,2.0793,2.8379,0.059415,0.0669,0.19703,0.007785
357,1,1.9416,0.129,1.5959,2.373,0.1697,0.2339,1.2736,0.2679,0.2307,1.5503,1.6963,2.3577,0.04109,0.13884,0.12051,0.0
358,1,2.1744,0.1117,1.6836,2.063,1.4839,2.3934,1.3496,0.9843,0.7828,0.1638,2.4005,1.7794,0.060635,0.17091,0.10829,0.016495
359,1,2.0933,1.4964,2.4505,0.6757,0.1322,1.0179,1.0149,0.118,1.2011,1.7969,2.4914,1.0245,0.053155,0.08874,0.063695,0.0
360,1,0.9715,0.177,0.4711,0.8733,0.4905,1.2425,0.694,2.8289,1.3742,0.2768,0.5182,1.6494,0.041545,0.089505,0.206045,0.00046
361,1,0.8393,0.5026,2.9928,2.8764,0.13,1.9857,1.4309,0.5888,0.867,1.356,0.5131,2.3106,0.057275,0.026575,0.0669,0.00046
362,1,2.5849,1.2954,1.5057,0.855,0.57,1.2901,0.8394,2.0343,0.7542,2.5528,1.7445,2.7574,0.036045,0.171065,0.06736,0.00046
363,1,2.5966,0.3421,0.7168,1.73,1.1011,0.8213,1.3859,1.2118,0.5467,2.4477,0.3732,2.9883,0.03101,0.2175,0.080955,0.0
364,1,2.8167,1.3236,1.4716,2.6533,0.6712,0.4288,1.297,1.7448,0.2936,0.761,1.7831,0.8875,0.021385,0.224825,0.05315,0.0
365,1,0.5337,0.4512,0.2676,2.0019,1.0737,0.765,1.217,2.7392,1.3662,1.9935,1.3376,0.1696,0.024895,0.082785,0.23063,0.0
366,1,2.9374,1.2067,0.7469,2.3999,0.0865,2.9575,0.1845,0.3097,1.2553,0.2077,0.9618,0.6616,0.046585,0.205585,0.03467,0.029935
367,1,0.7328,0.5562,1.7964,1.5756,1.4751,2.6933,0.6044,1.9089,1.1427,0.3212,1.8599,2.1823,0.07362,0.060635,0.15014,0.04643
368,1,2.0748,0.0471,2.8368,0.0029,0.1435,0.6553,0.9827,1.5058,0.0285,0.928,0.5955,2.0672,0.047655,0.04643,0.0333,0.0
369,1,2.6013,1.2649,0.4352,1.0099,0.1944,2.5689,1.3318,2.2956,1.0236,1.5803,2.7256,0.2722,0.068885,0.210625,0.07179,0.049795
370,1,2.5276,0.6237,1.9101,2.0448,0.631,0.4466,1.0287,1.5197,0.6761,2.5923,2.6985,0.6431,0.026575,0.16297,0.06675,0.0
371,1,1.4035,0.2666,1.7327,1.3883,1.0492,2.7331,0.6776,2.8833,0.3687,2.5514,1.8476,1.0606,0.091645,0.044295,0.081865,0.055445
372,1,0.2858,0.822,2.6535,1.5489,0.3293,1.2228,1.4769,2.0932,1.3422,0.0113,0.1236,1.7167,0.04735,0.02566,0.0837,0.0
373,1,0.9079,1.2233,1.9751,1.2367,0.897,2.4245,0.836,0.1845,0.5474,1.2999,0.9042,1.6872,0.06858,0.046585,0.10218,0.03299
374,1,2.1141,0.9593,0.9964,2.4213,0.8602,1.4744,0.2798,2.8526,0.2111,0.9781,1.937,2.1913,0.026425,0.182065,0.132885,0.0
375,1,0.3748,1.3795,2.9056,2.5515,0.9528,1.6336,1.4352,2.0967,1.3313,2.1011,0.0452,0.7154,0.04949,0.018785,0.06369,0.0
376,1,1.8821,1.2583,2.1631,1.7344,0.1737,1.6767,0.5163,1.6583,0.795,2.3576,2.5808,0.0042,0.0475,0.09424,0.09042,0.001835
377,1,1.3893,1.0264,1.0644,2.3726,0.0107,0.4946,0.8155,0.1834,1.005,2.7672,2.5029,2.1002,0.03452,0.11547,0.18145,0.0
378,1,2.741,1.0841,2.0939,0.0104,0.2854,2.0244,1.1801,2.901,1.17,0.8027,1.0692,2.3928,0.05758,0.122495,0.03788,0.016955
379,1,1.6004,0.3601,0.996,1.0337,0.7078,2.9567,0.557,0.8095,0.5878,2.4317,0.2318,2.2594,0.1199,0.039405,0.06354,0.08416
380,1,2.6881,0.4908,2.8508,2.6874,1.4611,2.8838,0.4753,2.8147,0.3172,1.868,1.7951,0.8377,0.06522,0.11944,0.03482,0.017715
381,1,2.4808,0.1115,2.7624,0.2926,1.394,0.2145,1.0994,0.4437,0.1857,1.0443,0.3375,0.0951,0.06201,0.0698,0.02673,0.0
382,1,0.309,0.1256,2.7893,2.836,0.3465,1.9603,0.1146,1.3595,0.9172,2.3997,2.6685,0.2538,0.061095,0.036355,0.104775,0.00046
383,1,1.6069,1.2134,0.773,0.6591,1.4613,2.0909,0.2419,0.6098,0.8947,2.349,2.8597,1.6738,0.05972,0.124175,0.151055,0.018175
384,1,0.7372,0.3777,2.9677,2.7001,0.8387,1.4807,0.2897,1.3672,1.0761,0.6655,1.0457,1.0117,0.073465,0.02444,0.06186,0.0
385,1,0.1733,0.9881,0.6615,2.7203,1.4819,0.1406,1.2139,0.8675,0.7698,2.1401,2.0813,1.9601,0.04521,0.08202,0.239185,0.0
386,1,0.7277,0.0538,2.5102,1.1524,1.2989,2.0757,0.5077,0.9597,0.6321,1.8512,1.6636,2.3111,0.08752,0.0281,0.08156,0.014205
387,1,2.3802,0.4804,0.8225,1.5399,0.3151,1.486,0.8234,0.6325,0.883,1.9241,0.3411,2.4755,0.05575,0.174885,0.092405,0.000615
388,1,1.4083,0.5425,1.6744,0.3462,0.7479,0.3209,0.1504,2.6862,0.8819,2.2213,0.4481,0.1726,0.061245,0.085835,0.140365,0.0
389,1,1.3841,0.4648,0.2521,0.5222,0.8866,0.2328,1.4137,0.0326,0.5503,1.2249,0.5847,2.1283,0.048415,0.124635,0.196115,0.0
390,1,2.8562,0.4926,0.2393,0.8928,0.1951,2.5445,0.4297,1.8035,0.3838,0.1136,1.5646,2.2765,0.094545,0.20299,0.046125,0.048265
391,1,2.5289,0.45,0.2195,0.7895,0.7235,2.6896,1.2427,0.5498,0.8215,1.676,1.1505,1.7393,0.10478,0.13181,0.056665,0.060025
392,1,2.7946,0.1605,2.8172,1.6109,1.0857,1.0534,0.0731,0.6086,0.2775,1.4567,1.4507,1.8475,0.082175,0.07377,0.014355,0.0
393,1,1.6269,1.3469,2.4718,2.5034,0.9518,2.9052,1.4885,0.0058,0.7511,0.5339,2.7705,0.7573,0.07515,0.13074,0.13685,0.02856
394,1,2.4961,0.5917,0.2091,1.3204,1.0004,1.8752,0.7555,0.5044,1.4849,2.0263,2.0334,0.483,0.063845,0.193215,0.08416,0.00718
395,1,2.6147,0.3404,1.5515,0.1827,0.9431,2.0183,1.3338,2.1113,1.2524,0.9688,2.8112,0.5866,0.06812,0.19657,0.07041,0.01726
396,1,0.064,1.1029,2.4093,2.5487,0.2907,2.7098,0.9538,0.2083,1.4165,1.0456,0.5612,1.172,0.0837,0.040325,0.12127,0.016035
397,1,2.2102,0.8589,2.4595,1.725,1.3159,0.7064,0.6568,1.5761,0.1696,2.0973,2.0062,0.8995,0.073315,0.09271,0.058805,0.0
398,1,1.4227,1.4485,2.0535,1.8846,0.6034,1.518,1.3867,1.9676,1.2116,1.9854,0.2046,0.5045,0.07209,0.06537,0.108905,0.000305
399,1,0.1669,0.326,0.1687,2.4039,1.4218,0.6881,0.1752,1.2809,0.7348,2.3546,1.1987,2.5233,0.044145,0.078205,0.23277,0.0
0,2,1.9109,0.4047,0.1229,0.0496,1.2199,2.7383,0.91,2.1885,0.8154,2.8052,2.4476,0.0082,0.023365,0.193825,0.196725,0.000155
1,2,2.5722,0.0504,2.189,0.527,1.2948,1.6244,0.4496,1.2681,0.0425,0.3728,2.0119,1.9416,0.03284,0.10172,0.28791,0.0
2,2,1.8462,0.5755,2.9916,2.9425,1.0283,1.9514,1.0327,1.1668,0.2026,2.1645,1.5761,0.9307,0.032225,0.19932,0.192605,0.00046
3,2,1.4575,1.3342,2.8021,1.0734,0.8573,0.9656,0.8915,1.0137,0.5874,2.6708,0.6815,1.8696,0.0333,0.22926,0.16343,0.0
4,2,0.252,1.249,2.3613,0.7181,1.3147,0.1757,0.5042,0.4508,0.6755,2.389,0.6919,0.1561,0.028715,0.30074,0.09256,0.0
5,2,1.2137,0.2978,0.2723,1.741,0.448,2.016,0.2993,2.8263,0.5477,0.3165,1.8873,2.7815,0.034675,0.252935,0.135475,0.000615
6,2,1.3211,1.4319,1.4997,1.2757,0.9303,2.9853,1.4234,1.3801,1.1366,1.4923,1.5879,2.3574,0.02673,0.25339,0.13823,0.0
7,2,1.244,1.1017,2.1334,2.7962,0.1724,2.187,1.3911,2.9038,0.0221,2.5909,2.9436,2.8716,0.028105,0.25446,0.13517,0.000155
8,2,0.4463,1.4589,2.6698,2.4671,0.72,0.6971,1.2028,2.7706,0.3992,1.6168,1.3283,2.7931,0.02642,0.2902,0.100655,0.000155
9,2,0.1215,1.098,1.8431,0.0851,1.0788,0.048,1.1369,1.5383,1.3937,0.1982,2.524,0.2001,0.022605,0.302265,0.092255,0.0
10,2,1.0329,0.6454,2.8982,1.6867,0.3883,0.725,1.3322,0.6776,0.1868,0.865,1.7584,1.6623,0.027035,0.259655,0.130285,0.000615
11,2,2.4291,0.8407,0.8653,1.2387,1.2272,1.8795,1.4386,1.1082,0.8289,1.7818,2.5449,0.4364,0.02184,0.13059,0.259955,0.0
12,2,1.2195,1.3649,0.1292,2.4681,0.6231,2.4894,0.0149,1.0951,0.1179,1.9578,0.8215,2.108,0.017105,0.26118,0.12937,0.0
13,2,2.8314,0.1902,2.5943,0.1784,0.5712,1.2893,0.7333,2.9294,1.1635,0.9266,0.8095,2.5894,0.021535,0.06293,0.32105,0.0
14,2,2.6439,0.7661,1.0329,2.9848,0.4739,0.5481,1.3201,2.437,1.0018,2.8752,2.7771,2.2447,0.015735,0.100195,0.281645,0.000615
15,2,2.5821,0.3707,0.4237,2.0102,1.0719,0.5012,0.5933,2.7308,0.8421,1.735,0.5824,1.5781,0.0168,0.108595,0.27661,0.0
16,2,1.5703,0.1334,2.9458,1.7142,0.0096,2.3179,1.4674,1.7696,0.4795,0.5625,2.0176,0.5853,0.013745,0.20635,0.175345,0.000765
17,2,1.7331,0.9034,2.8873,0.2168,0.75,2.2323,0.2658,1.1642,0.0943,2.1776,0.2633,1.1853,0.016345,0.19031,0.19184,0.000155
18,2,2.6206,0.7085,2.7379,2.2978,1.373,0.3822,0.1103,0.211,1.3033,1.9022,1.4897,0.4906,0.008705,0.09989,0.28562,0.0
19,2,2.0212,0.477,2.1326,1.3811,0.7612,2.369,0.1391,1.7363,0.2959,2.4244,1.4665,2.9661,0.01466,0.162665,0.216885,0.0
20,2,0.5488,1.4445,2.4028,1.4438,1.2203,1.8085,0.9827,2.7411,0.0979,2.505,1.1454,0.9766,0.00932,0.285005,0.098975,0.0
21,2,2.9821,1.1718,1.4566,1.2679,1.3163,0.2604,1.0626,2.3675,1.1988,0.9669,2.3899,0.676,0.0139,0.057125,0.32747,0.0
22,2,1.0869,0.6262,1.6242,0.3378,0.6104,0.0009,1.1166,2.5556,0.2084,2.1114,2.4633,2.9455,0.010385,0.244835,0.13166,0.000155
23,2,2.5314,0.6362,2.9391,2.922,0.7555,2.2603,1.3708,1.4284,1.2957,2.1047,0.8818,2.303,0.006265,0.109055,0.268665,0.000155
24,2,1.7121,0.1408,1.1741,0.2212,0.7143,1.2856,0.6356,1.7589,0.184,2.8013,2.0522,2.4713,0.0113,0.201005,0.177025,0.000305
25,2,2.6904,0.875,0.1207,2.1345,0.8535,2.4779,0.7982,2.4397,1.4955,1.0517,0.5131,1.175,0.008705,0.09225,0.288215,0.0
26,2,2.2591,0.6588,1.7651,0.3821,1.0892,0.8402,0.2859,2.5888,0.8466,1.4535,2.6965,0.258,0.011305,0.14266,0.23827,0.0
27,2,2.0885,0.492,0.5262,2.0244,0.5442,0.9897,1.4155,0.5979,0.7683,0.072,0.4901,2.6503,0.01115,0.17015,0.207265,0.00092
28,2,2.3677,0.8353,0.6674,1.6732,0.0182,2.139,1.0751,1.9381,0.917,0.2211,0.7392,1.7231,0.012375,0.12784,0.248655,0.000155
29,2,1.1826,1.488,2.7712,0.456,0.8849,2.0886,0.2048,0.9378,1.0739,2.7033,1.0252,0.7168,0.01314,0.24331,0.13227,0.0
30,2,2.4654,0.8775,1.4298,0.7685,0.109,0.0537,0.87,0.5733,1.4633,0.3224,1.3563,1.184,0.014205,0.121885,0.25492,0.0
31,2,0.6969,1.1231,1.9311,2.1773,0.1242,1.0582,0.7797,1.2802,0.0609,0.5821,2.8351,0.4877,0.015885,0.273705,0.10432,0.0
32,2,2.5562,1.2332,1.1739,1.4004,1.236,2.0421,1.2554,2.2728,1.0369,2.7389,2.4684,0.5372,0.01512,0.10768,0.271415,0.000155
33,2,2.2447,0.13,1.2776,1.1903,0.3033,2.8137,0.1422,0.0147,0.4844,2.9722,0.7941,2.4921,0.01833,0.14159,0.234605,0.000615
34,2,0.5193,0.8796,2.8752,2.1495,1.4708,1.7237,1.475,2.5111,1.1674,2.6655,1.8945,1.0691,0.02474,0.293255,0.091335,0.0
35,2,1.5848,0.3398,2.3326,0.5102,0.8658,1.6077,1.0079,2.2815,0.1647,1.8748,1.2419,1.8426,0.02276,0.205275,0.17122,0.000305
36,2,2.082,0.8782,2.1987,1.5601,0.6943,0.8603,0.3437,2.0859,1.0436,0.5864,2.9155,2.0135,0.02581,0.1564,0.222995,0.0
37,2,1.5936,1.2618,1.4596,1.4278,0.3874,0.4684,1.0674,2.5323,1.0167,1.1065,1.7272,1.6902,0.024895,0.211235,0.1674,0.000155
38,2,2.8097,0.5815,0.4943,2.6308,1.3421,0.1448,0.2973,1.9089,1.1833,1.8201,0.5748,0.3529,0.02826,0.08324,0.30074,0.0
39,2,1.5179,1.2233,0.6512,0.2254,0.8266,0.5755,0.1011,2.3198,1.2318,1.195,0.8822,0.8314,0.02642,0.22498,0.15243,0.0
40,2,1.0829,0.8654,1.5835,1.066,0.9561,2.0273,0.8374,1.1619,0.9359,1.7757,1.021,0.9096,0.02994,0.26118,0.11791,0.0
41,2,1.6372,0.9185,1.8324,1.1485,0.8487,2.9573,0.642,2.529,0.122,2.6257,2.8251,0.7856,0.029935,0.205735,0.171525,0.0
42,2,0.0363,0.7245,0.5481,2.9149,1.3465,2.882,0.9058,1.5455,1.2491,1.957,0.7457,2.8029,0.03116,0.301655,0.084005,0.0
43,2,1.3191,1.1603,1.5028,0.5501,0.4439,1.7232,0.2145,0.0412,0.6508,2.2866,1.8425,0.9724,0.02688,0.243465,0.133795,0.0
44,2,2.1517,0.7268,2.9985,2.3281,1.2459,0.7786,0.2284,0.5979,0.6484,1.5364,0.5838,2.3398,0.032535,0.156555,0.224525,0.0
45,2,2.6053,0.474,1.5242,1.7831,1.0836,0.4424,0.4213,2.1921,0.8523,2.6998,1.3436,1.2198,0.03452,0.101265,0.28012,0.0
46,2,0.9195,0.3471,1.9523,0.7941,1.2934,0.8119,1.01,1.7046,0.9427,2.6863,0.51,0.4494,0.031765,0.2705,0.10982,0.0
47,2,0.3657,0.1147,1.6027,0.4972,1.2108,0.0678,0.5619,1.4196,0.3248,1.0677,0.6684,0.8455,0.034365,0.292335,0.08935,0.0
48,2,2.7806,0.6258,1.1576,1.8335,0.9962,1.9808,0.1271,1.7457,1.1039,2.3867,1.7656,0.3917,0.032685,0.07744,0.300895,0.0
49,2,0.2512,0.4846,2.7827,1.4179,1.3432,1.379,1.1327,1.4554,1.0631,0.9515,2.6696,0.7971,0.033295,0.29188,0.09027,0.000155
50,2,0.0185,1.0817,2.0298,1.9707,1.0311,1.7588,0.1729,2.0076,0.0099,0.5485,1.2626,1.1351,0.03085,0.2928,0.08935,0.0
51,2,0.3569,0.6404,1.8709,1.1324,1.0627,0.6928,0.2157,2.2467,1.0031,1.2881,0.4103,1.9911,0.03223,0.28699,0.09332,0.0
52,2,2.2499,0.2459,2.0679,1.0669,1.3727,2.2546,0.4106,2.8141,0.0378,0.5545,0.7257,2.1962,0.02978,0.150905,0.232465,0.0
53,2,1.5785,0.6966,0.6676,2.2694,0.1757,0.742,1.2095,1.3531,1.3152,1.805,2.3686,0.5622,0.032075,0.223605,0.15411,0.000305
54,2,0.9487,0.5651,1.4826,1.4174,1.2337,0.5196,1.2772,2.6671,0.1133,0.0282,0.8783,1.2022,0.02841,0.27157,0.11211,0.0
55,2,2.9113,0.1071,2.3439,1.4263,0.1948,1.0982,0.5714,0.7307,0.4415,1.2598,2.8868,1.3766,0.032075,0.054225,0.325635,0.00031
56,2,2.8504,0.0458,0.1983,0.0834,0.9989,0.6607,0.8646,2.3861,0.4977,0.737,2.1762,1.4277,0.02887,0.067665,0.315555,0.000155
57,2,0.4476,0.1312,2.2115,2.5812,1.3355,1.5303,0.2302,0.677,0.6803,2.5556,1.9506,0.8226,0.024745,0.294325,0.089505,0.0
58,2,2.2678,0.6532,2.9483,1.2862,1.2558,0.0436,1.0773,1.1954,0.7485,0.5965,2.7885,0.5989,0.020925,0.139905,0.24285,0.0
59,2,1.6848,0.896,2.5753,1.4,1.2448,1.5717,1.4345,2.1498,1.3682,2.8271,2.4067,0.3671,0.023215,0.21032,0.172285,0.0
60,2,0.3733,0.9244,0.8136,1.1555,0.2607,2.2865,1.2817,0.3984,0.7753,1.185,2.37,1.395,0.01955,0.29921,0.08416,0.0
61,2,2.1924,0.8492,2.9347,1.2589,1.4815,1.2463,0.274,2.3462,0.4076,1.6973,1.938,0.599,0.02001,0.16144,0.22239,0.0
62,2,0.1032,1.4806,2.4522,0.3711,1.272,0.7744,0.3709,2.3178,1.136,2.5379,0.41,2.2428,0.01695,0.29112,0.092405,0.0
63,2,1.4095,0.4888,2.2029,2.5354,0.4837,0.4644,1.4875,2.7576,0.4348,2.4432,0.2691,2.7376,0.02215,0.23323,0.14693,0.00153
64,2,2.324,0.2953,0.8871,1.7867,0.5336,2.2087,0.8885,0.6211,0.9152,0.0422,0.3352,0.4836,0.011915,0.140365,0.24163,0.00046
65,2,1.061,0.0179,2.7897,0.7185,0.406,1.1269,1.4111,1.0555,0.6467,0.8955,2.9287,1.0946,0.019395,0.25171,0.1286,0.00061
66,2,0.2506,0.987,2.1498,1.1167,0.3171,1.2278,0.6586,2.9859,1.2877,1.8627,0.5818,2.0637,0.00855,0.27951,0.10447,0.0
67,2,2.277,0.1131,1.1385,0.9805,0.8556,1.9592,0.2721,1.409,1.4883,0.0476,1.113,1.0029,0.015885,0.14556,0.23827,0.000155
68,2,1.2167,1.3038,1.3149,2.6492,0.8633,1.2739,0.3785,2.4708,0.9663,0.6367,0.3902,0.3763,0.01069,0.25904,0.12662,0.0
69,2,2.7272,0.6051,2.4609,2.6861,0.3395,0.0977,0.2705,2.3189,0.0231,1.6924,0.5738,2.3,0.00626,0.08141,0.301655,0.00107
70,2,1.4381,0.8236,0.8802,1.3697,0.0686,2.4286,1.3612,2.2579,0.7434,2.5314,0.0115,1.9979,0.011915,0.231395,0.152585,0.000155
71,2,2.3022,0.49,2.5697,0.0006,0.9482,0.9031,0.9429,0.7541,0.3147,1.8785,1.4908,0.5618,0.00657,0.13349,0.2537,0.0
72,2,2.6585,1.3236,1.6487,2.1183,0.6771,2.4043,1.2508,2.2925,0.3647,0.0735,1.9748,1.2338,0.0113,0.089655,0.296465,0.0
73,2,2.6828,1.2898,1.6013,1.1323,1.0695,2.1281,1.0234,2.5273,0.866,1.5481,1.5507,2.6669,0.00825,0.09073,0.29921,0.0
74,2,1.1003,1.2629,1.5147,0.256,0.6735,0.8736,0.7918,2.5599,0.2692,1.4257,1.7475,2.3095,0.01115,0.252015,0.13395,0.0
75,2,2.8229,0.8259,2.7649,1.0097,1.1465,2.2912,0.8269,0.5214,0.5793,0.8726,2.9006,1.9339,0.01054,0.067205,0.32289,0.0
76,2,2.7271,0.4442,1.2868,1.7021,0.5321,1.3695,0.899,0.0849,0.5097,0.0007,1.4476,1.824,0.014205,0.084315,0.30135,0.000765
77,2,0.279,0.3631,2.412,2.5208,0.5816,2.4427,0.4157,2.1183,0.8182,1.3203,1.9693,0.0402,0.014205,0.293715,0.098975,0.00061
78,2,0.4873,0.4407,2.0417,2.1187,1.0211,2.3029,0.1193,0.3177,1.283,1.0705,1.7051,1.5105,0.012985,0.298905,0.09546,0.000155
79,2,1.88,0.1154,2.3094,0.3702,1.0221,1.2064,0.7384,2.0151,0.5565,0.1381,2.8926,1.568,0.016345,0.18588,0.20421,0.0
80,2,2.2264,0.7969,2.4591,1.6938,0.1841,1.9257,0.2591,2.471,1.0216,2.8194,1.8872,0.6755,0.02337,0.139755,0.24896,0.0
81,2,1.6714,1.1577,2.1357,1.0269,0.983,2.8058,1.0272,1.1019,1.3661,2.4829,2.5656,0.3205,0.01741,0.21704,0.174425,0.0
82,2,0.8725,1.1852,0.8244,0.2211,1.0249,2.3978,0.9627,1.0345,0.8397,0.0646,1.688,2.5704,0.023525,0.28638,0.106,0.0
83,2,0.2342,0.575,0.4946,1.14,0.0195,2.4833,0.7444,1.3078,0.9027,2.5501,0.8738,0.8026,0.022755,0.30013,0.09088,0.000305
84,2,0.1485,0.3996,0.1986,0.1247,0.8291,0.5515,0.1114,2.7501,0.2231,0.2845,2.912,2.0009,0.028105,0.299825,0.095155,0.0
85,2,2.1773,0.8448,0.2112,2.5256,0.627,1.1774,0.203,0.3397,0.7834,1.7062,1.5561,1.8394,0.02215,0.16343,0.228185,0.0
86,2,2.6329,0.7563,1.1374,0.7697,0.4603,1.6824,1.1931,1.3234,0.0611,0.5645,0.272,1.0,0.027795,0.09897,0.291425,0.0
87,2,2.0531,0.8861,1.9864,1.3638,0.1647,0.8888,0.7664,1.4915,0.3655,2.4759,1.2999,2.5364,0.024435,0.162055,0.22452,0.00031
88,2,0.7965,1.4129,0.3356,2.3075,0.0303,0.709,1.3058,1.0503,1.3987,2.7883,2.4006,1.1883,0.03299,0.289895,0.10218,0.0
89,2,2.5748,0.6857,0.3785,2.5559,1.2244,0.4067,1.2998,1.5569,1.1154,0.8045,0.6464,2.5449,0.026275,0.11379,0.276,0.0
90,2,1.8006,0.2216,1.0976,2.5771,0.7024,1.0106,0.5114,2.4739,0.6814,2.8451,0.9366,2.2694,0.032685,0.205585,0.18527,0.00046
91,2,0.8571,1.1518,0.0528,0.3895,0.3889,2.6103,0.4837,1.4506,0.1606,1.7,0.288,0.4248,0.035585,0.28165,0.10707,0.0
92,2,2.4029,0.3659,0.1838,1.8055,0.2198,0.1585,1.2458,1.1915,1.2982,2.2321,0.6029,0.2544,0.03284,0.13395,0.25293,0.00092
93,2,0.5141,0.7419,1.0732,2.4959,0.7039,1.6642,0.5812,2.2647,1.0334,2.0573,2.3148,1.1958,0.03559,0.2928,0.097145,0.000155
94,2,0.3573,1.2269,1.0366,2.0753,1.4827,2.1053,1.36,0.0401,0.9056,0.292,2.6175,2.8807,0.032075,0.30624,0.087975,0.0
95,2,0.1025,0.1999,2.4983,2.0607,1.4725,2.2695,0.8913,1.6177,0.0148,2.3514,1.152,0.32,0.03467,0.30746,0.08813,0.0
96,2,1.6405,0.5549,1.8176,0.05,0.2475,1.6195,0.9149,0.2466,0.9546,2.5237,0.8604,1.564,0.03406,0.21979,0.168165,0.00031
97,2,2.7184,1.0544,0.6202,2.8995,0.5131,2.4726,0.6788,2.3693,1.3814,2.7082,2.4138,0.9689,0.03467,0.09225,0.29631,0.0
98,2,2.7379,0.23,0.7806,1.9391,1.1223,0.151,0.4033,1.1071,1.2709,0.0058,2.67,1.0042,0.03162,0.08859,0.301195,0.0
99,2,1.8497,1.4036,0.1848,1.6358,0.3333,2.1067,1.2267,0.7387,1.2898,0.5322,1.4402,0.3938,0.031315,0.205735,0.179315,0.0
100,2,0.9226,0.5612,2.0858,0.9506,0.7945,1.954,1.1786,0.8806,0.0845,0.7112,1.6378,2.633,0.03421,0.2734,0.11593,0.000155
101,2,1.9726,0.9109,0.0953,1.4941,0.4964,1.0422,1.4391,0.4904,0.1326,0.9153,1.9281,0.8088,0.03238,0.188325,0.196875,0.000155
102,2,2.1175,1.0426,1.3146,2.5041,0.4857,1.8696,0.81,0.2151,0.5208,1.6894,2.9282,2.351,0.032075,0.16511,0.21979,0.00031
103,2,1.4427,0.2947,0.8099,0.1273,0.8724,1.2727,0.9878,1.5944,0.6252,1.0561,0.1219,2.9489,0.0307,0.239035,0.14617,0.000155
104,2,0.2256,0.0382,0.6459,0.4086,1.1916,0.4549,0.5099,0.0397,1.3974,0.9631,2.5286,2.8858,0.026885,0.302115,0.085835,0.0
105,2,2.1824,0.3911,1.4764,2.348,1.048,2.4827,0.8169,1.9725,0.5448,0.5742,2.0917,0.0086,0.02826,0.157625,0.225135,0.000155
106,2,2.3516,0.0108,1.8504,1.7838,0.1583,1.7766,1.1368,1.608,1.0091,2.126,0.6177,2.7798,0.030395,0.12555,0.251865,0.00092
107,2,0.9826,0.8756,0.3095,2.9892,0.9812,1.3854,0.8492,0.0816,0.3601,2.9241,0.2431,0.4251,0.02719,0.27279,0.109055,0.0
108,2,1.7192,1.161,2.5586,2.5837,1.1403,1.043,0.8724,2.4394,0.2083,0.2443,1.3758,0.931,0.019095,0.21093,0.17015,0.000155
109,2,0.0112,0.7753,1.1189,2.6494,0.5013,1.988,0.8521,0.899,0.7014,1.103,0.7128,0.2644,0.024895,0.29524,0.08324,0.000305
110,2,0.1564,0.3341,0.25,0.4519,0.1874,1.1199,0.3573,0.0132,0.0494,2.9702,0.7354,0.1225,0.020465,0.29555,0.081255,0.000305
111,2,1.878,0.8275,1.1666,2.2,1.4055,1.1891,0.563,1.5426,0.3517,0.5219,1.166,2.0311,0.01802,0.19596,0.185575,0.0
112,2,0.0443,0.2076,2.4243,0.9964,0.8387,0.1665,0.8262,0.0832,0.3109,1.3437,1.5714,0.3759,0.016345,0.289285,0.091185,0.000155
113,2,1.3771,1.1707,2.1174,1.1072,0.7442,2.397,0.3948,0.4207,1.4535,2.619,2.6226,1.4315,0.0194,0.23781,0.14281,0.0
114,2,0.1061,1.1144,2.3705,2.8954,0.0537,2.4384,0.5052,1.9998,1.3508,0.7549,2.9803,0.1135,0.01298,0.293715,0.08935,0.0
115,2,0.3441,0.721,2.1569,2.7795,1.2709,2.9115,0.662,1.2189,0.8842,2.0758,2.7086,1.7761,0.00718,0.298905,0.089045,0.000155
116,2,2.7179,0.6235,2.3141,2.9942,0.1182,2.1217,1.3547,2.6835,1.3091,0.8362,1.2189,1.5243,0.014205,0.092255,0.29173,0.00061
117,2,2.909,0.3983,1.9815,2.2793,0.22,2.611,0.7578,2.8689,1.3345,2.8423,0.5485,2.5039,0.008095,0.063385,0.32182,0.000915
118,2,2.5885,1.4209,1.9486,1.1056,0.8803,0.4736,1.4943,2.1667,0.5093,2.7566,2.1372,0.9994,0.01161,0.098365,0.28806,0.0
119,2,2.7882,0.4865,0.9599,0.0892,1.0514,0.324,0.073,1.9682,1.4525,0.1925,2.2795,0.686,0.00641,0.080795,0.31006,0.0
120,2,2.5837,0.0182,0.5824,2.9254,0.8631,0.3952,0.0071,1.2271,0.6516,1.5984,2.0424,0.4619,0.013285,0.10982,0.27829,0.000305
121,2,0.9551,0.0795,2.9895,1.2716,1.0177,0.8558,0.2133,0.5806,0.0228,2.0648,2.9691,0.2748,0.009165,0.265455,0.124325,0.0
122,2,0.4957,1.2025,1.9092,2.8434,0.5471,1.2842,0.4296,2.4132,0.2813,1.1394,1.9782,2.7402,0.012675,0.29417,0.0976,0.0
123,2,2.4385,0.1274,2.5922,2.374,0.7061,1.6613,0.6648,0.1664,0.4804,2.7393,1.7959,0.2945,0.011455,0.115465,0.272485,0.00046
124,2,1.6543,0.9276,2.4337,1.7448,0.302,2.9098,0.4444,2.1761,1.0316,2.7698,2.2951,1.1631,0.01512,0.205435,0.18374,0.0
125,2,0.1441,0.9845,0.0357,0.1572,0.0347,1.7194,1.1812,0.2108,0.4789,1.1375,2.6983,1.939,0.01069,0.31265,0.081565,0.0
126,2,1.2143,1.383,2.0614,2.0167,1.0681,1.6255,0.7012,2.9175,0.8577,1.2186,0.2807,0.5768,0.01329,0.261945,0.133645,0.000155
127,2,2.9499,1.4426,0.0089,0.2334,1.0183,0.654,0.9955,0.6295,0.5953,0.9777,0.7395,2.3253,0.01283,0.062775,0.326705,0.0
128,2,0.9114,1.372,0.5662,2.6848,0.2302,0.8878,1.4756,0.142,1.2574,0.4911,1.5573,2.8746,0.01894,0.287755,0.10539,0.0
129,2,0.3568,0.5654,1.5245,1.9567,0.5044,0.7462,1.3617,0.0242,1.4718,0.4479,0.6931,2.1949,0.016495,0.30334,0.08996,0.00061
130,2,2.2592,0.7695,0.0646,0.668,0.312,2.677,0.6883,2.3023,1.3594,1.1795,2.7717,2.0412,0.022605,0.14388,0.24392,0.000155
131,2,1.8146,0.676,1.3263,0.972,0.4184,1.4554,0.6115,0.787,0.1106,2.9198,1.7182,1.0079,0.017415,0.199935,0.19046,0.000155
132,2,2.5209,0.7306,2.5075,0.4943,0.2184,0.7058,1.2903,2.2939,0.4921,2.8006,2.5811,1.1642,0.024285,0.095155,0.29173,0.000765
133,2,1.7996,1.4772,2.1189,0.5932,0.8979,2.6738,0.7985,1.4021,1.1181,1.3621,1.8994,0.0211,0.02169,0.20268,0.190465,0.000155
134,2,2.2884,1.4415,2.5357,2.4501,0.7104,2.2061,0.7337,0.3406,0.0503,1.0446,2.5099,1.4105,0.02566,0.136545,0.25492,0.0
135,2,0.3331,0.0503,1.5836,0.7452,0.9581,0.8872,0.6654,0.4242,0.6087,1.7059,1.5914,0.3065,0.02123,0.302875,0.0921,0.000155
136,2,2.5801,1.0708,0.4465,0.3308,0.26,1.2307,0.3672,0.686,0.9415,0.3582,0.639,2.7433,0.02795,0.11272,0.2763,0.0
137,2,0.3531,0.3342,2.7255,2.3432,0.6724,2.9086,0.4904,1.7811,0.3051,1.3777,0.7359,2.1623,0.035435,0.290965,0.10096,0.00061
138,2,0.5526,1.329,2.6908,2.3057,1.3289,0.9072,0.0777,2.7249,0.8653,0.1318,2.3278,0.9645,0.028255,0.301655,0.09424,0.000155
139,2,2.856,1.4769,1.8079,2.7235,0.5356,0.824,1.0953,1.6766,0.037,1.0462,0.0259,0.9272,0.03131,0.06919,0.32243,0.0
140,2,1.4031,0.5429,1.5724,0.0884,1.4234,0.6333,0.1262,1.8182,1.0066,0.9626,2.7464,0.4636,0.02994,0.25217,0.14342,0.0
141,2,0.516,1.2655,1.3474,1.6793,1.1517,1.4266,1.3357,0.6717,0.7343,0.5097,0.7138,1.8402,0.03284,0.30334,0.09332,0.0
142,2,1.806,0.572,0.0275,1.345,0.4046,2.9858,0.8677,2.657,1.0369,0.2743,1.4721,2.8491,0.03253,0.197185,0.18802,0.00046
143,2,1.5941,0.2121,2.2874,2.334,1.1018,1.9822,1.2763,1.291,0.5105,2.6868,0.2573,2.9073,0.03742,0.22437,0.165265,0.000155
144,2,0.5352,0.5015,2.4056,0.3747,0.5593,1.9465,0.4959,2.5349,0.4416,1.7695,1.0579,0.329,0.03253,0.27676,0.114855,0.000155
145,2,0.8353,1.2242,0.9508,1.0359,1.3328,2.7473,0.8611,0.3312,0.3888,2.3745,1.1377,2.7846,0.0336,0.28837,0.10432,0.0
146,2,1.1375,1.4805,1.9667,0.8363,0.8208,2.401,0.3723,0.8857,0.6246,1.0886,2.8184,1.9415,0.03055,0.264695,0.127995,0.0
147,2,1.7696,1.4201,1.2059,2.0586,0.2528,2.5016,0.4922,1.4343,0.0412,0.4406,2.4431,2.0273,0.03192,0.20528,0.18588,0.0
148,2,0.0148,1.1426,1.8804,2.844,1.3957,1.2654,0.1667,1.2586,0.5952,1.5001,0.7478,0.9787,0.032075,0.31174,0.084465,0.0
149,2,0.1921,1.1286,0.838,2.0425,0.4151,2.5241,0.3574,0.3618,1.1715,0.6843,0.5237,1.7129,0.032835,0.306395,0.08813,0.0
150,2,0.1874,0.8378,0.0551,1.2852,0.6229,0.2563,0.1231,1.7611,0.0062,2.1952,1.1057,0.7885,0.034515,0.29982,0.091335,0.000155
151,2,2.8531,0.0336,1.8809,0.0536,0.573,0.9377,0.1205,2.3496,0.8578,0.232,2.9315,0.3322,0.03513,0.06201,0.329305,0.0
152,2,1.4762,0.0458,1.2175,1.4747,1.2845,2.0326,0.5284,0.5529,0.0678,0.9855,0.1885,0.5277,0.03024,0.24209,0.153195,0.0
153,2,1.9522,0.3023,1.1218,0.0213,1.369,2.5226,0.1419,2.0537,0.7377,2.4657,0.5362,0.5403,0.03055,0.19352,0.20146,0.0
154,2,2.862,0.3124,1.305,0.5017,0.4875,0.9913,0.9116,1.5874,1.4352,2.4235,2.2303,0.8901,0.03162,0.0698,0.3209,0.0
155,2,0.9086,0.6863,0.8801,0.5574,0.295,1.1373,0.5043,2.8233,0.9075,2.6095,0.2959,0.1174,0.02795,0.26668,0.12066,0.0
156,2,2.5012,0.656,1.652,0.8181,0.6498,0.3981,1.4874,1.649,0.1482,2.5547,1.2902,1.9056,0.027645,0.11119,0.276605,0.000155
157,2,0.4718,0.5934,1.494,1.4918,1.2296,1.4874,0.4537,0.8033,0.4616,1.417,0.7929,0.0928,0.024285,0.299975,0.094085,0.0
158,2,0.5977,0.8672,0.8116,0.9955,0.3879,0.2903,0.2706,0.7634,1.259,0.6637,2.4852,2.2299,0.023675,0.2957,0.09485,0.0
159,2,2.9229,1.1304,0.3453,2.8201,1.2631,1.3309,0.6504,0.0929,0.3265,2.1447,0.3316,2.9752,0.020925,0.06308,0.32777,0.0
160,2,0.065,1.4865,0.8886,1.3826,0.8182,0.8687,0.3307,0.1517,1.2351,2.9169,0.3767,2.5795,0.018635,0.307765,0.085685,0.0
161,2,2.1616,1.1253,1.1634,0.1727,1.0356,2.8864,0.9881,0.7022,0.8051,0.365,2.1536,2.0186,0.01222,0.166175,0.22529,0.0
162,2,1.3404,0.013,0.1811,2.0459,1.0386,1.7256,0.3415,1.9894,0.1583,1.883,1.717,1.0665,0.01726,0.24988,0.139905,0.000305
163,2,0.6575,1.0869,0.543,0.4721,0.9491,1.9819,0.153,0.7869,0.1479,2.7415,0.0252,1.053,0.00916,0.291725,0.09806,0.0
164,2,0.4705,0.7005,2.7205,2.1221,0.5403,0.56,1.0575,1.6257,1.0804,0.1346,0.5194,0.9596,0.017105,0.282105,0.1031,0.000305
165,2,1.3996,0.8542,1.6863,1.6287,0.8492,1.2524,0.4182,1.5544,0.1828,2.2478,2.8588,0.1623,0.0165,0.236135,0.148915,0.0
166,2,2.347,0.3357,1.0092,0.1006,1.4536,1.6863,0.1224,0.9647,1.4659,0.1801,2.7537,0.8385,0.01741,0.14128,0.24667,0.000155
167,2,0.2337,0.937,2.6887,1.0992,0.5199,0.7871,0.4669,0.2026,0.7579,1.0247,0.4984,2.1671,0.01665,0.286685,0.098975,0.0
168,2,2.6797,1.2107,0.4066,2.7406,0.6132,2.7438,0.1255,2.9514,0.1451,2.2363,2.1432,2.2715,0.01909,0.093475,0.289895,0.00046
169,2,0.734,1.1219,1.5387,0.1411,0.1463,0.8407,1.2712,1.2767,0.4111,1.6047,0.9907,0.9242,0.01008,0.281495,0.10157,0.0
170,2,0.5946,0.5269,0.4971,1.7223,0.5653,0.1183,0.3242,1.4352,0.417,2.647,0.1747,1.9438,0.0223,0.282715,0.097145,0.00031
171,2,2.583,1.3812,1.4526,1.2093,0.0535,1.3939,0.9749,1.0147,0.2426,1.4119,0.487,1.6738,0.013135,0.102335,0.279665,0.0
172,2,1.371,1.4922,0.4887,1.9056,0.2991,1.2554,1.1212,1.4915,0.541,2.6674,2.6164,1.1476,0.013285,0.242545,0.1393,0.0
173,2,0.284,0.5143,0.5599,2.2346,0.9578,1.5154,0.0246,2.8983,0.0202,1.5823,1.2949,0.7857,0.012985,0.295545,0.08721,0.0
174,2,2.67,0.5146,1.6953,0.3917,0.0787,2.5207,0.1933,0.4058,0.9853,0.6447,2.3426,0.224,0.013595,0.09088,0.28928,0.000615
175,2,0.0935,0.5689,2.6009,0.4034,0.0079,1.4463,0.6733,1.3139,0.3448,2.1308,2.555,1.3617,0.020775,0.276915,0.10081,0.00031
176,2,2.7777,1.075,0.2303,2.8213,0.5893,1.8848,0.2632,1.5637,0.3307,1.9644,0.9176,2.9905,0.01634,0.08049,0.300435,0.0
177,2,0.3267,0.846,0.5507,0.8863,1.2905,1.5038,0.1335,2.1858,0.6661,0.2481,1.4537,1.3366,0.018785,0.29646,0.087675,0.0
178,2,1.7514,0.6516,1.8027,2.1115,1.4842,1.6729,0.6609,2.1361,1.3708,0.069,0.1082,2.932,0.01726,0.21658,0.1674,0.0
179,2,1.638,0.0777,1.9811,0.2896,0.1592,1.2082,0.9956,2.4604,1.2808,1.1603,2.9405,0.4184,0.016345,0.19856,0.175495,0.00046
180,2,2.0121,0.3474,2.1247,1.408,0.0454,0.134,0.4439,0.2922,1.0321,1.3823,1.932,1.9998,0.02062,0.16908,0.20879,0.00046
181,2,0.1425,0.6219,2.0486,2.7093,1.419,1.1481,0.8645,2.8021,0.0678,2.9286,1.3644,2.548,0.018635,0.303185,0.082175,0.0
182,2,0.5035,1.4038,2.3234,1.9588,0.2596,1.3148,0.8785,1.2058,1.3393,1.6524,0.2672,2.626,0.021385,0.28058,0.100045,0.0
183,2,0.9339,0.2574,1.9286,2.4239,0.4355,1.4622,1.452,1.3259,0.5596,1.6513,2.1212,1.9297,0.03406,0.264235,0.112265,0.001375
184,2,0.0996,1.4095,1.3756,2.1127,0.898,0.4927,1.4921,2.3614,1.0091,0.8091,0.5744,0.2689,0.02856,0.29081,0.08813,0.0
185,2,1.6729,0.3167,1.2627,2.2831,0.9099,0.9525,0.1393,0.9245,0.296,1.6358,1.2672,1.0764,0.031155,0.21154,0.166175,0.00046
186,2,1.1591,0.612,1.2786,0.9814,1.1395,1.5875,0.0169,1.232,0.3375,1.7863,2.5181,2.2301,0.026725,0.25568,0.123565,0.0
187,2,0.369,0.7508,1.3965,1.3188,0.5536,2.0601,0.1825,0.1497,0.9652,0.6016,1.0759,2.7662,0.029785,0.2902,0.08889,0.0
188,2,0.4257,1.2747,1.2173,0.5752,1.4773,1.823,0.3334,2.2902,0.5558,1.5968,1.0697,0.4905,0.032075,0.292645,0.08813,0.000155
189,2,2.4838,1.06,0.7818,1.5831,0.0191,2.5345,0.3335,0.9231,1.336,0.5896,2.0292,0.1656,0.035435,0.12005,0.26087,0.000155
190,2,1.7166,1.1552,1.6998,2.9838,0.8862,1.2613,0.444,1.9005,1.0804,1.2239,2.8516,2.0635,0.0307,0.21429,0.168165,0.0
191,2,1.8289,0.4345,2.9507,0.7276,0.7404,1.3788,0.7052,1.0822,1.0693,2.4448,0.4067,0.1224,0.03681,0.18344,0.19978,0.00061
192,2,1.3336,1.4993,2.0009,1.8291,0.6704,2.3917,0.0982,1.8525,1.2217,1.0895,1.3513,0.9081,0.03253,0.239185,0.14434,0.0
193,2,1.3686,0.987,0.0011,0.1258,0.7832,0.5971,0.3345,1.3148,0.8311,2.2273,0.6002,2.6029,0.03452,0.247435,0.13945,0.000155
194,2,2.5428,0.8682,0.3928,1.3004,0.0983,2.9003,0.2297,2.6349,0.7879,0.9485,0.2405,1.6948,0.03513,0.1034,0.28058,0.000155
195,2,1.1801,0.1778,0.2433,1.4094,0.2039,0.8014,1.4711,2.1206,1.085,2.9293,0.554,2.6968,0.038795,0.25553,0.12998,0.000615
196,2,0.246,1.0168,0.8286,2.5225,1.3569,1.5758,0.5864,1.0707,1.4109,2.5774,2.6182,2.027,0.036045,0.305475,0.0866,0.000155
197,2,0.056,0.6518,2.7647,0.2728,0.5444,2.7231,0.4219,2.3391,0.4364,1.2648,0.538,2.6442,0.03589,0.2789,0.10997,0.00046
198,2,2.8007,0.9626,2.6648,1.1088,1.4953,2.5068,1.0874,0.2052,1.3516,2.5009,1.0298,1.4386,0.03238,0.076215,0.31693,0.0
199,2,0.2289,0.4485,1.1878,1.1357,1.1569,2.684,0.631,0.4899,1.3589,0.4308,1.8248,1.5531,0.03406,0.30853,0.08752,0.0
200,2,1.1997,0.2178,1.835,2.774,0.3623,2.8415,0.7848,2.1332,0.7757,0.4918,0.2452,0.1025,0.035585,0.25965,0.1312,0.000765
201,2,0.1384,0.6726,1.0444,2.149,0.6027,1.4643,0.2027,2.1575,0.4586,2.2908,2.0517,1.9295,0.0333,0.29814,0.095765,0.00031
202,2,0.0418,1.2247,1.8562,1.8197,1.2536,0.6307,0.8903,2.9218,1.2447,2.7597,1.5708,0.228,0.03024,0.306545,0.08996,0.000155
203,2,1.9877,1.2423,0.8595,1.3814,0.4252,0.5401,1.2791,2.0356,0.8059,2.4856,0.7379,2.0225,0.03131,0.17962,0.208795,0.0
204,2,2.8491,1.2116,2.1043,2.5734,0.5056,1.0781,0.0145,2.082,1.2933,1.2605,2.6525,2.4744,0.027795,0.07072,0.320135,0.0
205,2,2.3015,0.5453,2.364,1.8414,1.4296,0.43,1.1935,1.3169,0.3803,0.0939,2.7867,0.1261,0.02841,0.145255,0.249575,0.0
206,2,2.589,0.5723,2.6857,0.9411,0.997,1.095,0.5026,1.9402,1.1633,0.4238,0.2533,0.7127,0.02902,0.098515,0.29463,0.0
207,2,0.4387,0.3645,2.7702,2.7193,0.9269,2.7193,0.439,0.2825,0.5486,2.6388,0.0847,2.6249,0.02352,0.29585,0.098515,0.000155
208,2,1.3731,1.1167,1.5814,0.2708,1.1007,0.3828,1.4175,1.535,0.968,0.0435,0.4117,2.4522,0.021845,0.251715,0.142045,0.0
209,2,0.1745,0.063,0.2598,0.523,1.1259,1.9954,1.1862,2.2854,0.0971,0.7417,2.7861,1.6063,0.020925,0.305475,0.09149,0.000155
210,2,2.112,1.4656,2.7807,2.7805,0.6156,1.6072,0.1008,0.1432,0.8018,0.6901,1.057,0.7482,0.029175,0.16435,0.22834,0.0
211,2,1.4006,1.391,0.6909,0.2446,1.4299,1.9114,0.5555,1.5087,0.1453,0.9333,0.1159,0.4502,0.02276,0.248045,0.1422,0.000155
212,2,1.423,0.1238,0.9703,1.7765,1.2933,0.6856,0.5443,0.8318,0.4295,2.8804,1.2993,2.4283,0.021535,0.2482,0.14617,0.000155
213,2,0.4493,0.6921,1.4027,1.867,1.0091,1.177,0.2974,2.8342,0.5556,0.3748,1.6251,0.6207,0.01344,0.299515,0.095155,0.000155
214,2,2.4023,1.0361,1.7998,0.0464,0.6338,1.6565,1.1457,1.0227,1.4034,1.3393,0.2585,1.308,0.01955,0.13349,0.25874,0.0
215,2,2.5234,0.2821,0.9675,2.9326,0.1102,1.0167,0.6591,1.4439,0.8226,2.0551,1.1729,0.1035,0.01237,0.11761,0.270495,0.000765
216,2,1.0161,0.0319,1.5027,2.6074,0.1263,1.2203,1.3696,2.4909,1.1075,2.1319,0.0232,1.3073,0.02658,0.26897,0.118525,0.001375
217,2,2.6684,1.0833,1.0558,1.6818,0.9288,2.5909,0.823,2.5631,1.1052,2.9901,1.0236,1.5471,0.01069,0.09485,0.296005,0.0
218,2,1.8931,0.0223,1.6175,1.4102,0.4181,1.8468,1.0819,2.0107,1.3595,1.3951,2.1362,0.5385,0.010235,0.187715,0.20085,0.00061
219,2,1.9586,0.198,2.3879,2.4359,0.2089,2.7748,0.7337,2.7397,1.2976,1.0602,2.187,2.6446,0.01466,0.18145,0.2036,0.001225
220,2,2.9968,0.3801,2.367,1.1611,0.1021,0.8424,0.2388,2.1665,0.818,0.456,1.814,0.4825,0.009775,0.043835,0.3458,0.00046
221,2,1.7162,0.5159,2.2757,1.4807,1.2358,1.0555,0.6074,0.8191,1.0405,2.7832,0.2117,1.7517,0.009775,0.2123,0.17931,0.0
222,2,1.602,1.2632,1.4304,1.8924,0.4471,1.8504,1.231,0.3561,1.0075,0.3518,2.3424,1.5655,0.00901,0.227885,0.160675,0.00031
223,2,1.8236,0.5981,1.4446,0.5322,1.2296,0.7398,0.9036,2.0558,0.4437,0.3617,0.4769,0.4276,0.01329,0.201765,0.18649,0.0
224,2,1.4326,0.5154,0.4435,2.6789,0.3853,0.001,0.4725,0.7733,0.594,0.7099,1.0142,1.6689,0.011915,0.240865,0.142045,0.00061
225,2,0.2021,0.1024,0.7646,1.3222,0.7905,0.9124,0.0432,2.6566,0.4277,1.5019,0.2898,0.4285,0.019395,0.29035,0.09271,0.000305
226,2,2.0224,0.3576,1.8347,1.5754,0.7975,2.6998,0.7094,2.7413,0.902,2.2269,1.413,1.903,0.0168,0.170455,0.212765,0.00046
227,2,2.6972,0.885,2.0931,0.5819,0.1179,2.8586,0.2747,0.9402,0.6114,2.4511,0.89,0.4715,0.01726,0.08385,0.301045,0.0
228,2,1.2824,1.2378,0.1321,1.6008,1.0561,1.3995,1.3088,1.1437,1.0604,0.5063,0.409,1.9021,0.019395,0.25782,0.12784,0.000155
229,2,1.2902,0.8099,1.8498,0.8438,0.7331,2.5231,0.1358,1.7137,1.2423,0.0622,2.1464,0.6055,0.027795,0.24102,0.139755,0.0
230,2,0.997,0.0056,1.0234,2.5057,0.1203,2.7506,0.6451,1.4834,0.4276,2.8061,0.5939,2.3373,0.0223,0.263625,0.11608,0.001225
231,2,1.5791,0.4729,2.0351,2.3787,1.318,0.1861,0.0277,0.8145,0.4935,0.8046,0.5666,0.8432,0.023215,0.22636,0.157475,0.000155
232,2,2.193,0.5387,1.7606,1.654,1.224,1.9993,1.2327,1.6584,0.0744,1.0886,0.8272,0.6243,0.023525,0.153045,0.23002,0.0
233,2,1.9497,1.2426,2.3232,0.9185,0.6809,0.8835,0.5501,1.3483,1.4838,0.2422,1.2261,2.7475,0.029325,0.177175,0.205125,0.0
234,2,1.7352,0.5382,2.2709,2.9432,1.1251,2.7338,0.8462,0.9029,0.2025,2.8279,0.583,2.3864,0.02566,0.207875,0.1732,0.000155
235,2,1.7817,0.6102,0.9212,0.0488,1.3587,1.689,1.1526,1.9781,1.3381,0.3101,2.0767,2.1102,0.027035,0.208485,0.176865,0.0
236,2,1.4126,0.2894,1.3204,0.0576,1.0786,2.9621,1.2744,1.4854,1.071,0.9628,1.035,1.1477,0.02566,0.239795,0.1425,0.0
237,2,2.3371,0.5311,1.807,2.3819,1.3953,2.0964,0.8071,2.4469,0.5848,1.4001,2.5652,0.1738,0.032225,0.142355,0.23995,0.0
238,2,2.513,1.1719,2.9131,0.8675,0.8878,2.6804,0.0346,2.4696,1.2235,1.9519,1.7347,2.8708,0.028565,0.101875,0.278595,0.0
239,2,1.1859,0.5866,1.0909,1.5112,1.0571,1.3181,0.6497,0.5647,0.8243,0.6398,1.8666,2.9395,0.03559,0.25889,0.124325,0.0
240,2,1.3364,0.2284,2.9777,1.1703,0.7497,2.6206,1.0626,1.396,1.2944,0.7453,0.5451,1.9558,0.02963,0.229715,0.15121,0.000155
241,2,1.1462,0.8023,2.2538,1.4162,1.4097,0.4412,1.2585,2.3669,0.1771,1.6537,2.3518,1.2444,0.03406,0.2595,0.12372,0.0
242,2,1.4556,1.1182,2.5847,1.1808,1.2557,2.437,0.1779,2.0065,1.2357,2.5111,1.2545,0.6466,0.033295,0.23262,0.151055,0.0
243,2,0.5124,1.2789,1.0006,2.4175,0.9124,0.6519,0.6295,2.4203,1.3052,1.0583,2.3414,0.1718,0.033295,0.28867,0.09363,0.000155
244,2,1.5863,0.2076,2.8874,2.0951,0.5317,2.8842,0.1503,1.3475,0.4628,2.9773,0.2654,1.5828,0.040475,0.20742,0.17183,0.000615
245,2,0.6685,1.0432,1.4119,2.5588,1.0742,2.2839,0.4721,0.4689,0.5795,0.1123,0.7304,1.8429,0.034975,0.28944,0.097295,0.000155
246,2,0.6054,0.058,1.6901,2.3415,0.2837,2.7694,0.5126,1.5911,0.9495,1.6452,1.7477,0.3104,0.03788,0.27829,0.10096,0.000765
247,2,1.5008,1.1248,0.4244,2.7862,0.0952,2.34,0.5804,0.8809,1.2743,2.4627,1.8211,1.1437,0.032685,0.232615,0.146325,0.000155
248,2,2.3688,0.226,1.1999,1.2638,0.2385,1.2097,0.5515,0.4302,0.2224,2.8966,0.2063,0.3716,0.036045,0.127075,0.250945,0.00061
249,2,2.9003,1.4255,1.0062,0.3084,0.913,1.3143,1.4281,0.385,1.1673,0.0745,0.623,0.9016,0.03131,0.070715,0.310975,0.0
250,2,0.4933,1.1925,0.5208,1.3822,0.194,2.328,1.0069,0.147,0.2695,1.8742,1.2675,0.9063,0.034825,0.295395,0.08767,0.0
251,2,1.889,1.3264,1.4087,0.6697,0.8009,1.7885,0.3144,2.1964,0.8135,1.9702,1.3592,1.3161,0.02963,0.18588,0.196265,0.0
252,2,0.6304,1.3374,0.5921,0.7481,0.5453,2.9192,0.8278,0.4385,1.2593,0.871,0.0628,2.1968,0.03269,0.29295,0.09042,0.0
253,2,2.885,1.3422,0.1131,1.3857,0.2863,0.9099,0.2809,2.3521,0.4204,2.8976,1.5748,1.7162,0.03223,0.0614,0.32319,0.0
254,2,2.3635,1.021,2.5868,0.382,0.7433,1.6424,0.1637,2.1979,0.681,1.8605,2.5901,2.1253,0.030245,0.116235,0.266525,0.0
255,2,2.3134,0.4392,1.3418,2.7696,0.5835,1.4136,0.1951,2.0073,0.3394,0.4936,2.6084,0.5307,0.028255,0.13945,0.24224,0.00046
256,2,1.7677,0.3993,1.4517,2.7522,1.1611,2.3033,0.1388,0.3211,1.1563,1.4357,2.54,1.1265,0.03131,0.21169,0.17366,0.000155
257,2,1.8876,0.4014,1.2031,1.4948,0.2622,1.16,0.5337,0.7221,1.1388,1.8196,1.2999,1.7226,0.02795,0.192295,0.19031,0.00061
258,2,1.3423,0.4982,0.664,2.0983,0.02,0.3047,0.8509,0.8677,0.4308,2.3061,2.9746,1.596,0.02459,0.24606,0.13792,0.000765
259,2,0.0078,0.9021,2.2676,0.5441,0.3644,0.6253,1.1763,2.7933,1.2038,1.1515,2.3433,1.6374,0.02474,0.28012,0.10554,0.000155
260,2,1.2291,0.6846,0.4013,2.9153,1.2353,0.6256,0.9674,0.3157,0.1428,0.4397,1.7109,0.957,0.022455,0.262405,0.126165,0.0
261,2,2.5092,0.9116,2.5684,2.8896,0.1697,0.9743,0.6002,1.0976,0.3587,2.1217,0.5368,2.1132,0.01863,0.109515,0.27447,0.0
262,2,1.1664,0.7948,1.9693,1.945,0.3612,1.3981,0.5052,2.9373,0.9436,0.9936,0.7493,0.0395,0.02016,0.25446,0.13242,0.000305
263,2,0.239,1.2182,0.7194,1.9266,1.4266,0.3625,1.4013,0.5688,1.3279,2.1859,2.4633,1.0678,0.01558,0.30639,0.08385,0.0
264,2,0.8691,0.8875,1.8546,2.5795,0.1827,1.2147,0.3376,1.0711,0.3954,0.3596,0.9161,2.9847,0.01833,0.274775,0.110735,0.000155
265,2,2.0766,0.8852,2.4005,1.9318,0.6961,1.549,0.0726,2.2309,0.5358,2.4995,1.2381,2.0451,0.01558,0.16144,0.224825,0.000155
266,2,1.3084,0.2332,1.5576,2.8945,0.3689,0.5736,1.2647,1.1407,0.7662,1.6858,1.7446,2.4209,0.02352,0.2511,0.133185,0.00122
267,2,1.2236,0.7595,0.2485,2.6297,1.0095,1.0012,0.2662,1.5873,0.2621,1.0967,1.6484,1.4695,0.01619,0.26286,0.127535,0.0
268,2,1.6639,1.4977,0.6461,1.3361,0.0806,2.4289,0.8783,2.778,0.9865,1.4283,1.5895,1.3541,0.009165,0.210165,0.17534,0.0
269,2,1.0014,0.9068,1.2509,2.4616,1.3024,1.0137,1.0376,1.2923,0.3651,2.9682,0.7143,1.9809,0.014205,0.279355,0.113025,0.0
270,2,2.2874,1.0424,0.2651,0.8582,1.025,0.7656,1.4524,1.3263,0.8282,1.5113,1.2944,1.3964,0.00855,0.15121,0.239185,0.0
271,2,2.7516,0.0351,2.9093,0.3438,0.6458,2.0778,1.2004,1.974,0.7353,2.671,1.3042,0.7422,0.015735,0.06904,0.31968,0.0
272,2,2.3425,0.8467,0.4028,0.9895,0.1339,1.6238,0.2249,2.1477,0.8333,2.9132,0.0349,2.1483,0.009165,0.131355,0.255075,0.0
273,2,0.611,0.0517,1.8845,1.6371,0.4535,1.522,0.0826,1.2815,0.8653,2.6241,2.5415,2.3916,0.017565,0.283785,0.10646,0.00061
274,2,2.766,0.6271,1.3471,0.0276,0.686,1.5273,0.8328,2.8612,0.1234,0.9318,1.2779,2.4811,0.00901,0.07362,0.316625,0.000305
275,2,1.9595,1.207,0.3071,0.9933,0.0269,2.7705,1.0786,1.0806,0.7573,0.0292,2.3505,2.7544,0.01741,0.19138,0.197645,0.0
276,2,0.7716,1.0526,1.5373,2.0003,0.8588,1.5757,0.8862,0.3209,0.1326,0.9398,0.2667,1.1352,0.011305,0.28944,0.103705,0.000155
277,2,0.2447,0.2492,2.1165,0.0724,0.8833,1.0477,1.1277,2.4035,0.1737,1.1992,1.0634,1.9127,0.02077,0.290815,0.10096,0.000155
278,2,0.9721,0.9701,2.4976,1.0079,0.8831,2.4499,1.475,2.6052,1.4617,2.9646,0.1933,1.7916,0.01344,0.264845,0.126925,0.0
279,2,0.0348,0.1406,0.4485,2.9464,1.0011,1.9203,0.0748,1.3051,1.195,1.3516,0.0982,1.094,0.01451,0.311125,0.084615,0.000155
280,2,0.0894,0.3996,2.5881,2.1185,0.3995,1.6503,0.6022,2.1068,0.6659,2.6182,2.7817,2.5698,0.017565,0.28791,0.101265,0.00107
281,2,0.3853,0.4232,2.7139,2.8153,1.4269,0.0355,0.5166,1.3153,0.6022,0.0859,0.7349,2.835,0.014965,0.308225,0.08889,0.000155
282,2,2.7271,0.195,0.1492,2.1351,0.2643,0.8931,1.4985,2.6493,0.2328,1.115,1.2217,0.1775,0.01802,0.08355,0.302265,0.001375
283,2,1.4678,0.287,2.4513,2.6618,0.9308,0.6676,0.7816,1.2652,1.3866,2.8008,1.6228,0.7799,0.014815,0.239495,0.152735,0.000155
284,2,0.7462,0.2927,1.337,2.1687,0.051,2.1403,0.4744,1.0842,1.4993,0.557,2.2569,1.1734,0.02352,0.285315,0.104625,0.000615
285,2,2.6044,1.2022,0.5975,0.0306,1.4828,2.9726,0.3665,0.7485,1.1568,2.4132,1.3164,2.1994,0.019855,0.10676,0.28516,0.0
286,2,2.8652,1.2067,1.3428,2.5967,0.4844,0.1853,0.0103,2.3853,0.378,1.2185,2.092,0.0687,0.018025,0.070105,0.32243,0.0
287,2,1.5441,0.1818,0.3752,1.7114,1.096,1.0847,0.3215,1.4051,0.6145,1.4824,2.8014,1.9119,0.01756,0.23506,0.159,0.000155
288,2,0.2868,0.1845,0.0941,1.8168,1.1587,1.4695,0.6144,2.6707,0.0442,2.9027,1.9251,2.4772,0.019855,0.304405,0.0921,0.0
289,2,2.3087,1.3275,0.3123,0.9601,0.8969,0.8791,0.8886,2.7032,1.0098,0.185,0.3693,2.9205,0.02077,0.14159,0.24743,0.0
290,2,0.2113,1.2637,2.9599,0.4866,1.0561,2.4241,1.4272,2.5293,1.1231,2.3111,2.3343,0.2733,0.02352,0.291425,0.10386,0.000155
291,2,1.0134,1.2827,2.2137,2.8548,1.2619,1.9561,0.8,0.3235,0.6507,2.8858,0.1393,2.8929,0.031615,0.276605,0.116845,0.0
292,2,0.2813,1.1483,0.3892,0.9489,0.4594,1.0653,1.2881,0.5426,1.307,1.1251,0.2146,2.6344,0.024285,0.3096,0.0837,0.0
293,2,2.3014,0.6707,1.9618,2.0318,0.5998,1.6449,0.6057,1.437,1.055,1.2452,1.2122,2.3154,0.03345,0.13777,0.252325,0.000615
294,2,0.8768,0.5188,1.283,0.6835,1.3065,1.2006,0.4925,0.1865,0.3354,1.8113,0.1446,2.914,0.027955,0.28669,0.110885,0.0
295,2,2.9871,0.2118,0.151,1.2594,0.3987,0.4959,0.1543,1.4635,1.3152,2.9579,1.0164,1.1903,0.03452,0.05529,0.33648,0.00046
296,2,1.9595,0.5761,2.7163,2.3795,0.8863,1.9769,1.0692,1.9826,0.5264,1.6221,0.8866,0.8512,0.0307,0.181145,0.212,0.00031
297,2,2.0222,0.641,2.5223,0.6602,0.3913,2.5951,0.5371,2.9169,0.1984,2.5715,1.6574,1.61,0.038645,0.161135,0.22895,0.000615
298,2,1.6003,0.2736,2.3266,1.2107,0.9394,1.9251,1.3015,2.7803,0.8058,0.6182,1.5761,2.9973,0.034215,0.21612,0.174735,0.00046
299,2,0.8763,0.3547,2.2209,2.6715,0.293,2.1385,1.4303,1.6905,1.3272,2.0525,2.003,0.4057,0.038795,0.277375,0.11303,0.001375
300,2,0.679,0.3598,1.1154,0.3832,0.2922,2.4529,0.3942,0.1763,0.2547,0.7412,0.4626,0.9944,0.034975,0.292495,0.10004,0.0
301,2,0.8886,1.1737,1.2354,2.2735,1.0732,1.01,0.3742,2.8961,0.9875,0.3102,2.3041,0.0894,0.036965,0.28745,0.10829,0.0
302,2,1.8526,1.3061,0.1552,1.6768,0.0929,2.4712,1.1609,0.4477,0.4921,0.818,1.4765,1.5945,0.032075,0.20696,0.186185,0.0
303,2,0.8302,1.0654,0.582,0.151,1.2116,0.4816,1.4307,2.0398,0.5282,0.7508,1.2938,0.5724,0.035285,0.290655,0.105845,0.0
304,2,0.9479,0.2873,0.0591,1.4316,1.1162,2.4391,0.4287,2.4918,1.0889,2.1192,1.3991,1.5894,0.03177,0.280275,0.114705,0.0
305,2,0.3838,1.2855,1.9671,1.1087,0.5962,1.2747,0.6272,0.5148,0.344,0.4929,2.1695,0.1356,0.031615,0.29875,0.093625,0.0
306,2,1.296,0.0648,0.4343,1.2109,0.3592,0.5621,0.6815,1.075,0.2919,0.8383,0.4261,1.7898,0.037115,0.25278,0.134715,0.000765
307,2,1.3149,0.8056,1.7197,2.6014,0.5216,1.6782,0.4478,0.8794,0.6012,1.0579,2.0632,1.2694,0.038795,0.250945,0.138685,0.00031
308,2,0.1501,0.0004,1.2708,1.2296,0.8941,1.0223,1.3061,1.8351,1.0939,0.4512,0.7159,1.2155,0.034365,0.299975,0.09149,0.00046
309,2,1.8338,0.2663,2.3444,0.9789,1.1259,1.9915,0.1345,2.0205,1.1978,2.9909,1.017,0.1076,0.032225,0.19764,0.193215,0.000155
310,2,1.0755,0.8777,1.6226,0.0938,0.0468,1.318,1.3166,0.2142,1.2444,1.6084,2.6482,1.0692,0.03024,0.272025,0.116385,0.0
311,2,2.448,0.8353,0.4695,0.6032,1.4556,0.913,0.0651,1.3232,0.8742,2.0735,0.0018,0.568,0.031155,0.1286,0.263625,0.000155
312,2,0.0179,0.3134,1.9141,0.9163,0.2916,2.2876,0.8001,1.9133,1.2052,0.7129,0.177,1.9906,0.033145,0.285465,0.10035,0.00046
313,2,2.3877,0.7765,2.4263,1.0839,1.0727,1.5808,0.4912,2.0114,0.184,1.4907,2.0801,2.1493,0.03085,0.12326,0.268815,0.0
314,2,0.361,1.1151,0.326,2.3922,0.9911,0.7163,0.8543,2.7591,0.075,2.1364,2.0323,1.873,0.032685,0.300435,0.092405,0.0
315,2,1.8877,0.4747,0.0671,1.1557,1.2905,1.5652,0.4096,0.6929,0.7844,2.4417,0.1277,0.2555,0.028715,0.199015,0.192755,0.0
316,2,1.4431,1.1605,2.0103,1.9286,1.198,0.6351,0.8274,1.257,1.22,2.9008,2.4787,1.6934,0.029785,0.23919,0.148915,0.0
317,2,2.7566,0.1653,1.7382,2.68,0.9743,1.7902,0.7614,0.2607,0.1905,2.2589,0.7223,2.4,0.027185,0.07927,0.30746,0.000155
318,2,0.283,1.1572,1.3303,2.4116,0.0219,2.2518,0.6169,2.9084,0.3773,1.2185,1.996,2.1174,0.026725,0.292645,0.0947,0.0
319,2,2.0636,1.247,2.8106,2.1678,0.7701,2.2399,1.4721,0.0119,1.1463,1.2978,2.0515,0.6482,0.0252,0.166485,0.22101,0.0
320,2,0.6864,1.1592,2.2817,1.9919,0.066,1.3148,0.3935,0.1853,0.3028,1.9049,0.9471,2.5655,0.024285,0.28119,0.107225,0.0
321,2,2.1406,0.3477,2.6177,0.1757,0.5469,1.6924,0.8622,0.2704,1.0807,2.8445,2.1649,1.7928,0.0252,0.15213,0.233535,0.000155
322,2,0.8352,0.5302,0.0885,0.8153,0.8832,1.5579,0.1847,1.0358,0.827,1.576,0.4119,2.4927,0.02337,0.28348,0.104625,0.000155
323,2,2.5711,1.2875,1.9162,2.2886,1.1852,1.4929,0.2476,1.1746,1.0232,2.221,0.3344,0.3491,0.023215,0.10722,0.27829,0.000155
324,2,1.0063,1.4744,0.4205,0.1312,0.3035,2.2364,1.4134,0.1039,0.1143,2.2665,1.3044,0.4444,0.01802,0.27615,0.103705,0.0
325,2,2.4525,0.1764,1.3743,0.6876,1.2802,1.3312,1.4144,2.0214,0.2037,1.444,2.5034,0.4198,0.02062,0.12112,0.264085,0.0
326,2,2.3485,1.4983,0.8023,0.5487,0.9719,0.3189,1.1875,0.5396,0.8574,0.0831,0.5793,2.0875,0.019705,0.143725,0.240565,0.0
327,2,1.8272,0.2119,0.5704,2.2031,1.4983,0.7907,1.1896,0.1693,0.7072,2.7729,1.7927,1.0483,0.021075,0.204665,0.1813,0.0
328,2,2.1582,0.8545,1.5148,2.4377,1.1697,1.3249,1.0035,1.7657,0.5067,0.5401,1.6601,0.971,0.01451,0.16404,0.22544,0.000155
329,2,2.2911,1.2669,1.9794,0.785,0.7311,2.8073,0.6461,0.8685,1.189,2.878,1.7316,1.8354,0.01634,0.140975,0.24713,0.0
330,2,1.7427,0.9121,2.3243,1.2769,0.7675,0.3613,0.7691,2.5649,0.1273,2.7226,0.4153,1.3622,0.015425,0.197335,0.19138,0.000155
331,2,1.7322,1.4692,2.04,1.7845,0.9597,1.089,1.4536,2.8368,0.4195,0.1693,0.6523,0.1538,0.016345,0.20589,0.18267,0.0
332,2,2.5819,0.5348,2.6898,1.5049,0.0906,2.6256,0.3329,2.166,0.0513,0.0677,1.0256,1.6381,0.015275,0.086755,0.299975,0.00092
333,2,2.4609,1.4337,0.1512,0.5747,0.9052,1.537,0.6886,2.6073,1.2037,1.358,0.6573,0.0898,0.0168,0.120815,0.269275,0.000155
334,2,1.0463,1.1669,0.2427,2.3592,0.2833,2.7127,0.1848,0.965,0.4781,2.9929,1.0776,2.2318,0.01268,0.272485,0.12036,0.000155
335,2,1.0328,0.6886,1.9244,1.5327,0.3383,0.5008,1.4155,1.8056,0.6791,1.2829,2.7308,0.7063,0.019855,0.2624,0.12738,0.00046
336,2,0.664,1.0659,1.0672,1.7235,0.3402,2.7836,1.2376,2.4601,0.0633,0.0626,0.2133,1.0326,0.012675,0.284245,0.10783,0.0
337,2,0.975,1.2766,2.5267,2.5044,0.7245,1.6768,0.6546,1.1082,0.1274,2.4045,1.7403,1.6363,0.017715,0.271415,0.12341,0.0
338,2,1.5866,0.2419,2.4863,2.028,0.6696,1.0639,0.1077,2.5884,0.9354,2.2951,2.5876,1.0542,0.013595,0.220855,0.171065,0.00031
339,2,1.2183,1.373,0.324,1.3428,0.9658,0.4191,0.5037,0.7921,1.4203,0.0035,0.6031,2.9515,0.01741,0.265305,0.124785,0.0
340,2,0.8783,0.3063,2.4554,2.3286,0.5871,1.3103,0.4885,2.4972,0.2406,1.5481,1.0134,0.1282,0.01283,0.27554,0.118675,0.00107
341,2,2.6777,0.5413,1.5792,0.9955,0.2676,1.5421,0.6987,2.2232,1.1933,1.9303,0.2391,0.748,0.019095,0.085225,0.303795,0.00046
342,2,0.5347,0.0776,2.1632,0.9918,0.7753,1.4737,0.651,2.7853,0.8055,0.4145,0.2722,1.443,0.015125,0.28516,0.10783,0.00046
343,2,0.3369,0.9041,1.5124,2.5374,0.9741,2.7251,0.9898,2.4599,0.8418,1.4305,2.4115,2.5876,0.014665,0.300435,0.09439,0.000305
344,2,1.6325,1.3428,1.5821,2.1338,0.4465,2.4555,0.0945,1.9522,1.2708,0.5094,0.4795,0.001,0.012985,0.21994,0.17152,0.000155
345,2,1.1573,0.4976,2.7052,2.7172,0.9937,1.8882,1.3193,1.9773,0.2181,0.5744,0.9707,2.4988,0.016495,0.262705,0.130435,0.00061
346,2,2.6656,1.1098,2.3465,0.2835,0.9148,1.7709,0.4313,2.9763,0.0225,0.9952,2.3328,0.9687,0.01329,0.087365,0.307005,0.0
347,2,0.2337,0.9773,1.2582,0.8265,0.1809,2.8382,1.0418,2.8015,1.4031,0.7837,0.2399,2.7297,0.01802,0.28776,0.10371,0.0
348,2,1.8962,0.4338,1.1154,1.4669,0.9182,0.2143,0.3501,0.3951,1.3163,1.3975,2.2543,2.1328,0.016495,0.19978,0.19352,0.000155
349,2,0.5744,0.8713,0.4021,0.7583,1.0958,0.9278,1.0863,0.6974,1.2611,2.0459,2.307,2.6115,0.020925,0.300585,0.092865,0.000155
350,2,1.6657,0.3867,1.3966,0.0738,0.6681,1.2036,0.0721,0.2895,0.9628,0.1646,1.172,0.9319,0.01909,0.22223,0.16954,0.00031
351,2,0.0293,0.1116,2.4811,2.2123,0.4009,2.148,0.2095,2.1877,0.1835,1.7783,2.9931,2.8209,0.0278,0.289435,0.100655,0.000765
352,2,0.2429,0.8911,1.4283,0.1543,1.0566,1.5171,0.9395,0.4077,0.2896,2.1397,2.7794,1.068,0.031465,0.30731,0.08859,0.0
353,2,2.9519,0.3286,0.5641,2.1853,0.3861,2.8629,0.0708,1.7041,1.2036,2.2234,2.8792,0.6864,0.02902,0.05972,0.329915,0.000915
354,2,1.8484,0.1953,0.4366,2.2203,1.0431,2.3251,1.3095,0.5604,1.0727,2.4342,0.7291,1.4679,0.033755,0.20329,0.185425,0.0
355,2,0.9595,0.1474,2.5809,2.2566,0.0162,1.2018,1.2269,2.8757,0.3677,2.8559,1.4026,0.1486,0.031315,0.26622,0.12219,0.00092
356,2,0.0441,0.1441,1.654,2.9801,1.246,2.8983,1.3956,2.6869,1.22,1.8439,2.0793,2.8379,0.032535,0.309905,0.0866,0.00031
357,2,1.9416,0.129,1.5959,2.373,0.1697,0.2339,1.2736,0.2679,0.2307,1.5503,1.6963,2.3577,0.032075,0.18481,0.202375,0.00107
358,2,2.1744,0.1117,1.6836,2.063,1.4839,2.3934,1.3496,0.9843,0.7828,0.1638,2.4005,1.7794,0.03635,0.162815,0.229565,0.0
359,2,2.0933,1.4964,2.4505,0.6757,0.1322,1.0179,1.0149,0.118,1.2011,1.7969,2.4914,1.0245,0.03177,0.166635,0.22147,0.0
360,2,0.9715,0.177,0.4711,0.8733,0.4905,1.2425,0.694,2.8289,1.3742,0.2768,0.5182,1.6494,0.037115,0.26698,0.121885,0.000155
361,2,0.8393,0.5026,2.9928,2.8764,0.13,1.9857,1.4309,0.5888,0.867,1.356,0.5131,2.3106,0.0336,0.276145,0.111345,0.00168
362,2,2.5849,1.2954,1.5057,0.855,0.57,1.2901,0.8394,2.0343,0.7542,2.5528,1.7445,2.7574,0.03635,0.09897,0.289745,0.0
363,2,2.5966,0.3421,0.7168,1.73,1.1011,0.8213,1.3859,1.2118,0.5467,2.4477,0.3732,2.9883,0.034975,0.105845,0.2847,0.000305
364,2,2.8167,1.3236,1.4716,2.6533,0.6712,0.4288,1.297,1.7448,0.2936,0.761,1.7831,0.8875,0.0362,0.07423,0.316165,0.0
365,2,0.5337,0.4512,0.2676,2.0019,1.0737,0.765,1.217,2.7392,1.3662,1.9935,1.3376,0.1696,0.039255,0.296155,0.094545,0.0
366,2,2.9374,1.2067,0.7469,2.3999,0.0865,2.9575,0.1845,0.3097,1.2553,0.2077,0.9618,0.6616,0.03314,0.062625,0.324715,0.0
367,2,0.7328,0.5562,1.7964,1.5756,1.4751,2.6933,0.6044,1.9089,1.1427,0.3212,1.8599,2.1823,0.035895,0.291115,0.09989,0.0
368,2,2.0748,0.0471,2.8368,0.0029,0.1435,0.6553,0.9827,1.5058,0.0285,0.928,0.5955,2.0672,0.032535,0.148615,0.23491,0.000765
369,2,2.6013,1.2649,0.4352,1.0099,0.1944,2.5689,1.3318,2.2956,1.0236,1.5803,2.7256,0.2722,0.030395,0.10004,0.283325,0.0
370,2,2.5276,0.6237,1.9101,2.0448,0.631,0.4466,1.0287,1.5197,0.6761,2.5923,2.6985,0.6431,0.033145,0.105235,0.27844,0.000305
371,2,1.4035,0.2666,1.7327,1.3883,1.0492,2.7331,0.6776,2.8833,0.3687,2.5514,1.8476,1.0606,0.03162,0.237355,0.14693,0.0
372,2,0.2858,0.822,2.6535,1.5489,0.3293,1.2228,1.4769,2.0932,1.3422,0.0113,0.1236,1.7167,0.027035,0.280275,0.105385,0.00031
373,2,0.9079,1.2233,1.9751,1.2367,0.897,2.4245,0.836,0.1845,0.5474,1.2999,0.9042,1.6872,0.02474,0.277065,0.109515,0.0
374,2,2.1141,0.9593,0.9964,2.4213,0.8602,1.4744,0.2798,2.8526,0.2111,0.9781,1.937,2.1913,0.02444,0.166025,0.2204,0.0
375,2,0.3748,1.3795,2.9056,2.5515,0.9528,1.6336,1.4352,2.0967,1.3313,2.1011,0.0452,0.7154,0.02398,0.2902,0.09485,0.0
376,2,1.8821,1.2583,2.1631,1.7344,0.1737,1.6767,0.5163,1.6583,0.795,2.3576,2.5808,0.0042,0.013745,0.180995,0.20192,0.0
377,2,1.3893,1.0264,1.0644,2.3726,0.0107,0.4946,0.8155,0.1834,1.005,2.7672,2.5029,2.1002,0.02291,0.24346,0.1396,0.000155
378,2,2.741,1.0841,2.0939,0.0104,0.2854,2.0244,1.1801,2.901,1.17,0.8027,1.0692,2.3928,0.014965,0.07056,0.313565,0.0
379,2,1.6004,0.3601,0.996,1.0337,0.7078,2.9567,0.557,0.8095,0.5878,2.4317,0.2318,2.2594,0.019705,0.22162,0.16007,0.00031
380,2,2.6881,0.4908,2.8508,2.6874,1.4611,2.8838,0.4753,2.8147,0.3172,1.868,1.7951,0.8377,0.01329,0.103405,0.28241,0.0
381,2,2.4808,0.1115,2.7624,0.2926,1.394,0.2145,1.0994,0.4437,0.1857,1.0443,0.3375,0.0951,0.014815,0.11226,0.27447,0.0
382,2,0.309,0.1256,2.7893,2.836,0.3465,1.9603,0.1146,1.3595,0.9172,2.3997,2.6685,0.2538,0.01176,0.28745,0.0947,0.000765
383,2,1.6069,1.2134,0.773,0.6591,1.4613,2.0909,0.2419,0.6098,0.8947,2.349,2.8597,1.6738,0.01604,0.223455,0.159,0.0
384,2,0.7372,0.3777,2.9677,2.7001,0.8387,1.4807,0.2897,1.3672,1.0761,0.6655,1.0457,1.0117,0.012375,0.279355,0.10493,0.000155
385,2,0.1733,0.9881,0.6615,2.7203,1.4819,0.1406,1.2139,0.8675,0.7698,2.1401,2.0813,1.9601,0.015125,0.30624,0.08278,0.0
386,2,0.7277,0.0538,2.5102,1.1524,1.2989,2.0757,0.5077,0.9597,0.6321,1.8512,1.6636,2.3111,0.011455,0.282715,0.105235,0.0
387,2,2.3802,0.4804,0.8225,1.5399,0.3151,1.486,0.8234,0.6325,0.883,1.9241,0.3411,2.4755,0.007485,0.1341,0.249265,0.00046
388,2,1.4083,0.5425,1.6744,0.3462,0.7479,0.3209,0.1504,2.6862,0.8819,2.2213,0.4481,0.1726,0.01283,0.227425,0.15396,0.000155
389,2,1.3841,0.4648,0.2521,0.5222,0.8866,0.2328,1.4137,0.0326,0.5503,1.2249,0.5847,2.1283,0.010385,0.250185,0.134565,0.0
390,2,2.8562,0.4926,0.2393,0.8928,0.1951,2.5445,0.4297,1.8035,0.3838,0.1136,1.5646,2.2765,0.01405,0.066135,0.31678,0.00046
391,2,2.5289,0.45,0.2195,0.7895,0.7235,2.6896,1.2427,0.5498,0.8215,1.676,1.1505,1.7393,0.013595,0.11852,0.26729,0.0
392,2,2.7946,0.1605,2.8172,1.6109,1.0857,1.0534,0.0731,0.6086,0.2775,1.4567,1.4507,1.8475,0.01573,0.068735,0.318915,0.000155
393,2,1.6269,1.3469,2.4718,2.5034,0.9518,2.9052,1.4885,0.0058,0.7511,0.5339,2.7705,0.7573,0.014815,0.21841,0.16786,0.0
394,2,2.4961,0.5917,0.2091,1.3204,1.0004,1.8752,0.7555,0.5044,1.4849,2.0263,2.0334,0.483,0.012525,0.12051,0.26546,0.0
395,2,2.6147,0.3404,1.5515,0.1827,0.9431,2.0183,1.3338,2.1113,1.2524,0.9688,2.8112,0.5866,0.02184,0.096835,0.28821,0.0
396,2,0.064,1.1029,2.4093,2.5487,0.2907,2.7098,0.9538,0.2083,1.4165,1.0456,0.5612,1.172,0.019245,0.294475,0.09011,0.0
397,2,2.2102,0.8589,2.4595,1.725,1.3159,0.7064,0.6568,1.5761,0.1696,2.0973,2.0062,0.8995,0.02062,0.150445,0.23812,0.000155
398,2,1.4227,1.4485,2.0535,1.8846,0.6034,1.518,1.3867,1.9676,1.2116,1.9854,0.2046,0.5045,0.03009,0.23231,0.152735,0.0
399,2,0.1669,0.326,0.1687,2.4039,1.4218,0.6881,0.1752,1.2809,0.7348,2.3546,1.1987,2.5233,0.025355,0.30624,0.084465,0.0
0,3,1.9109,0.4047,0.1229,0.0496,1.2199,2.7383,0.91,2.1885,0.8154,2.8052,2.4476,0.0082,0.09546,0.03009,0.007025,0.091795
1,3,2.5722,0.0504,2.189,0.527,1.2948,1.6244,0.4496,1.2681,0.0425,0.3728,2.0119,1.9416,0.096835,0.06797,0.00733,0.094395
2,3,1.8462,0.5755,2.9916,2.9425,1.0283,1.9514,1.0327,1.1668,0.2026,2.1645,1.5761,0.9307,0.191685,0.02001,0.00168,0.21582
3,3,1.4575,1.3342,2.8021,1.0734,0.8573,0.9656,0.8915,1.0137,0.5874,2.6708,0.6815,1.8696,0.108135,0.04964,0.04032,0.10661
4,3,0.252,1.249,2.3613,0.7181,1.3147,0.1757,0.5042,0.4508,0.6755,2.389,0.6919,0.1561,0.106915,0.02505,0.05178,0.09928
5,3,1.2137,0.2978,0.2723,1.741,0.448,2.016,0.2993,2.8263,0.5477,0.3165,1.8873,2.7815,0.143265,0.025355,0.002445,0.14067
6,3,1.3211,1.4319,1.4997,1.2757,0.9303,2.9853,1.4234,1.3801,1.1366,1.4923,1.5879,2.3574,0.12769,0.021995,0.019245,0.114095
7,3,1.244,1.1017,2.1334,2.7962,0.1724,2.187,1.3911,2.9038,0.0221,2.5909,2.9436,2.8716,0.19123,0.0168,0.00214,0.20283
8,3,0.4463,1.4589,2.6698,2.4671,0.72,0.6971,1.2028,2.7706,0.3992,1.6168,1.3283,2.7931,0.184355,0.01665,0.01711,0.18573
9,3,0.1215,1.098,1.8431,0.0851,1.0788,0.048,1.1369,1.5383,1.3937,0.1982,2.524,0.2001,0.11119,0.024135,0.038945,0.095765
10,3,1.0329,0.6454,2.8982,1.6867,0.3883,0.725,1.3322,0.6776,0.1868,0.865,1.7584,1.6623,0.142965,0.04414,0.03314,0.132425
11,3,2.4291,0.8407,0.8653,1.2387,1.2272,1.8795,1.4386,1.1082,0.8289,1.7818,2.5449,0.4364,0.1312,0.029325,0.00397,0.11303
12,3,1.2195,1.3649,0.1292,2.4681,0.6231,2.4894,0.0149,1.0951,0.1179,1.9578,0.8215,2.108,0.19779,0.009165,0.001225,0.195505
13,3,2.8314,0.1902,2.5943,0.1784,0.5712,1.2893,0.7333,2.9294,1.1635,0.9266,0.8095,2.5894,0.122955,0.100045,0.001985,0.091035
14,3,2.6439,0.7661,1.0329,2.9848,0.4739,0.5481,1.3201,2.437,1.0018,2.8752,2.7771,2.2447,0.21643,0.012065,0.00031,0.219025
15,3,2.5821,0.3707,0.4237,2.0102,1.0719,0.5012,0.5933,2.7308,0.8421,1.735,0.5824,1.5781,0.182065,0.023825,0.00046,0.16053
16,3,1.5703,0.1334,2.9458,1.7142,0.0096,2.3179,1.4674,1.7696,0.4795,0.5625,2.0176,0.5853,0.147695,0.05865,0.02016,0.133185
17,3,1.7331,0.9034,2.8873,0.2168,0.75,2.2323,0.2658,1.1642,0.0943,2.1776,0.2633,1.1853,0.124175,0.07301,0.036655,0.091795
18,3,2.6206,0.7085,2.7379,2.2978,1.373,0.3822,0.1103,0.211,1.3033,1.9022,1.4897,0.4906,0.186795,0.039255,0.002595,0.1787
19,3,2.0212,0.477,2.1326,1.3811,0.7612,2.369,0.1391,1.7363,0.2959,2.4244,1.4665,2.9661,0.14434,0.05529,0.0084,0.116995
20,3,0.5488,1.4445,2.4028,1.4438,1.2203,1.8085,0.9827,2.7411,0.0979,2.505,1.1454,0.9766,0.14235,0.022145,0.04261,0.12204
21,3,2.9821,1.1718,1.4566,1.2679,1.3163,0.2604,1.0626,2.3675,1.1988,0.9669,2.3899,0.676,0.14678,0.04475,0.000915,0.11608
22,3,1.0869,0.6262,1.6242,0.3378,0.6104,0.0009,1.1166,2.5556,0.2084,2.1114,2.4633,2.9455,0.121885,0.043375,0.020005,0.089805
23,3,2.5314,0.6362,2.9391,2.922,0.7555,2.2603,1.3708,1.4284,1.2957,2.1047,0.8818,2.303,0.219025,0.025815,0.000305,0.21414
24,3,1.7121,0.1408,1.1741,0.2212,0.7143,1.2856,0.6356,1.7589,0.184,2.8013,2.0522,2.4713,0.12097,0.03941,0.01054,0.090265
25,3,2.6904,0.875,0.1207,2.1345,0.8535,2.4779,0.7982,2.4397,1.4955,1.0517,0.5131,1.175,0.183745,0.022145,0.000155,0.17015
26,3,2.2591,0.6588,1.7651,0.3821,1.0892,0.8402,0.2859,2.5888,0.8466,1.4535,2.6965,0.258,0.12112,0.05575,0.00703,0.09409
27,3,2.0885,0.492,0.5262,2.0244,0.5442,0.9897,1.4155,0.5979,0.7683,0.072,0.4901,2.6503,0.17015,0.017565,0.00443,0.16007
28,3,2.3677,0.8353,0.6674,1.6732,0.0182,2.139,1.0751,1.9381,0.917,0.2211,0.7392,1.7231,0.15304,0.02871,0.001375,0.139605
29,3,1.1826,1.488,2.7712,0.456,0.8849,2.0886,0.2048,0.9378,1.0739,2.7033,1.0252,0.7168,0.1089,0.04628,0.053,0.09699
30,3,2.4654,0.8775,1.4298,0.7685,0.109,0.0537,0.87,0.5733,1.4633,0.3224,1.3563,1.184,0.111805,0.04292,0.008705,0.10279
31,3,0.6969,1.1231,1.9311,2.1773,0.1242,1.0582,0.7797,1.2802,0.0609,0.5821,2.8351,0.4877,0.16969,0.01955,0.011915,0.1703
32,3,2.5562,1.2332,1.1739,1.4004,1.236,2.0421,1.2554,2.2728,1.0369,2.7389,2.4684,0.5372,0.12601,0.034515,0.00244,0.1199
33,3,2.2447,0.13,1.2776,1.1903,0.3033,2.8137,0.1422,0.0147,0.4844,2.9722,0.7941,2.4921,0.126315,0.038185,0.00718,0.10997
34,3,0.5193,0.8796,2.8752,2.1495,1.4708,1.7237,1.475,2.5111,1.1674,2.6655,1.8945,1.0691,0.15121,0.02016,0.034365,0.161745
35,3,1.5848,0.3398,2.3326,0.5102,0.8658,1.6077,1.0079,2.2815,0.1647,1.8748,1.2419,1.8426,0.09378,0.06186,0.0252,0.092405
36,3,2.082,0.8782,2.1987,1.5601,0.6943,0.8603,0.3437,2.0859,1.0436,0.5864,2.9155,2.0135,0.134715,0.051625,0.00733,0.131965
37,3,1.5936,1.2618,1.4596,1.4278,0.3874,0.4684,1.0674,2.5323,1.0167,1.1065,1.7272,1.6902,0.11272,0.03299,0.00978,0.12555
38,3,2.8097,0.5815,0.4943,2.6308,1.3421,0.1448,0.2973,1.9089,1.1833,1.8201,0.5748,0.3529,0.181605,0.01069,0.000615,0.21001
39,3,1.5179,1.2233,0.6512,0.2254,0.8266,0.5755,0.1011,2.3198,1.2318,1.195,0.8822,0.8314,0.102185,0.02627,0.011605,0.098055
40,3,1.0829,0.8654,1.5835,1.066,0.9561,2.0273,0.8374,1.1619,0.9359,1.7757,1.021,0.9096,0.1031,0.025965,0.0252,0.10814
41,3,1.6372,0.9185,1.8324,1.1485,0.8487,2.9573,0.642,2.529,0.122,2.6257,2.8251,0.7856,0.10676,0.043985,0.012525,0.109515
42,3,0.0363,0.7245,0.5481,2.9149,1.3465,2.882,0.9058,1.5455,1.2491,1.957,0.7457,2.8029,0.20314,0.00397,0.00046,0.223915
43,3,1.3191,1.1603,1.5028,0.5501,0.4439,1.7232,0.2145,0.0412,0.6508,2.2866,1.8425,0.9724,0.097295,0.02826,0.027035,0.09714
44,3,2.1517,0.7268,2.9985,2.3281,1.2459,0.7786,0.2284,0.5979,0.6484,1.5364,0.5838,2.3398,0.162665,0.036965,0.006875,0.182365
45,3,2.6053,0.474,1.5242,1.7831,1.0836,0.4424,0.4213,2.1921,0.8523,2.6998,1.3436,1.2198,0.12937,0.03956,0.000615,0.14205
46,3,0.9195,0.3471,1.9523,0.7941,1.2934,0.8119,1.01,1.7046,0.9427,2.6863,0.51,0.4494,0.102025,0.03131,0.035125,0.10035
47,3,0.3657,0.1147,1.6027,0.4972,1.2108,0.0678,0.5619,1.4196,0.3248,1.0677,0.6684,0.8455,0.09607,0.022455,0.03421,0.097295
48,3,2.7806,0.6258,1.1576,1.8335,0.9962,1.9808,0.1271,1.7457,1.1039,2.3867,1.7656,0.3917,0.143265,0.03452,0.00046,0.146325
49,3,0.2512,0.4846,2.7827,1.4179,1.3432,1.379,1.1327,1.4554,1.0631,0.9515,2.6696,0.7971,0.11883,0.032685,0.04964,0.12112
50,3,0.0185,1.0817,2.0298,1.9707,1.0311,1.7588,0.1729,2.0076,0.0099,0.5485,1.2626,1.1351,0.15167,0.01787,0.019245,0.16007
51,3,0.3569,0.6404,1.8709,1.1324,1.0627,0.6928,0.2157,2.2467,1.0031,1.2881,0.4103,1.9911,0.115625,0.02795,0.02795,0.11379
52,3,2.2499,0.2459,2.0679,1.0669,1.3727,2.2546,0.4106,2.8141,0.0378,0.5545,0.7257,2.1962,0.12173,0.05178,0.01191,0.11119
53,3,1.5785,0.6966,0.6676,2.2694,0.1757,0.742,1.2095,1.3531,1.3152,1.805,2.3686,0.5622,0.16908,0.01711,0.002445,0.17427
54,3,0.9487,0.5651,1.4826,1.4174,1.2337,0.5196,1.2772,2.6671,0.1133,0.0282,0.8783,1.2022,0.13838,0.02383,0.018785,0.125395
55,3,2.9113,0.1071,2.3439,1.4263,0.1948,1.0982,0.5714,0.7307,0.4415,1.2598,2.8868,1.3766,0.12769,0.07041,0.00229,0.121885
56,3,2.8504,0.0458,0.1983,0.0834,0.9989,0.6607,0.8646,2.3861,0.4977,0.737,2.1762,1.4277,0.116995,0.04292,0.000765,0.09363
57,3,0.4476,0.1312,2.2115,2.5812,1.3355,1.5303,0.2302,0.677,0.6803,2.5556,1.9506,0.8226,0.193975,0.011455,0.00886,0.19932
58,3,2.2678,0.6532,2.9483,1.2862,1.2558,0.0436,1.0773,1.1954,0.7485,0.5965,2.7885,0.5989,0.13258,0.07133,0.02016,0.11669
59,3,1.6848,0.896,2.5753,1.4,1.2448,1.5717,1.4345,2.1498,1.3682,2.8271,2.4067,0.3671,0.14006,0.0475,0.02749,0.118215
60,3,0.3733,0.9244,0.8136,1.1555,0.2607,2.2865,1.2817,0.3984,0.7753,1.185,2.37,1.395,0.136855,0.01344,0.023065,0.110735
61,3,2.1924,0.8492,2.9347,1.2589,1.4815,1.2463,0.274,2.3462,0.4076,1.6973,1.938,0.599,0.14021,0.063845,0.028105,0.11501
62,3,0.1032,1.4806,2.4522,0.3711,1.272,0.7744,0.3709,2.3178,1.136,2.5379,0.41,2.2428,0.119135,0.026275,0.05911,0.097295
63,3,1.4095,0.4888,2.2029,2.5354,0.4837,0.4644,1.4875,2.7576,0.4348,2.4432,0.2691,2.7376,0.203295,0.026425,0.00305,0.18878
64,3,2.324,0.2953,0.8871,1.7867,0.5336,2.2087,0.8885,0.6211,0.9152,0.0422,0.3352,0.4836,0.16755,0.02612,0.003975,0.146935
65,3,1.061,0.0179,2.7897,0.7185,0.406,1.1269,1.4111,1.0555,0.6467,0.8955,2.9287,1.0946,0.126925,0.05468,0.050555,0.09439
66,3,0.2506,0.987,2.1498,1.1167,0.3171,1.2278,0.6586,2.9859,1.2877,1.8627,0.5818,2.0637,0.13594,0.03803,0.031615,0.110735
67,3,2.277,0.1131,1.1385,0.9805,0.8556,1.9592,0.2721,1.409,1.4883,0.0476,1.113,1.0029,0.143115,0.038645,0.00443,0.109055
68,3,1.2167,1.3038,1.3149,2.6492,0.8633,1.2739,0.3785,2.4708,0.9663,0.6367,0.3902,0.3763,0.211235,0.00718,0.001835,0.211235
69,3,2.7272,0.6051,2.4609,2.6861,0.3395,0.0977,0.2705,2.3189,0.0231,1.6924,0.5738,2.3,0.213985,0.027035,0.0,0.206045
70,3,1.4381,0.8236,0.8802,1.3697,0.0686,2.4286,1.3612,2.2579,0.7434,2.5314,0.0115,1.9979,0.14724,0.02841,0.00657,0.119135
71,3,2.3022,0.49,2.5697,0.0006,0.9482,0.9031,0.9429,0.7541,0.3147,1.8785,1.4908,0.5618,0.12402,0.076825,0.01909,0.09271
72,3,2.6585,1.3236,1.6487,2.1183,0.6771,2.4043,1.2508,2.2925,0.3647,0.0735,1.9748,1.2338,0.177325,0.03131,0.000915,0.16633
73,3,2.6828,1.2898,1.6013,1.1323,1.0695,2.1281,1.0234,2.5273,0.866,1.5481,1.5507,2.6669,0.13639,0.049485,0.0029,0.11104
74,3,1.1003,1.2629,1.5147,0.256,0.6735,0.8736,0.7918,2.5599,0.2692,1.4257,1.7475,2.3095,0.12387,0.031615,0.02245,0.096225
75,3,2.8229,0.8259,2.7649,1.0097,1.1465,2.2912,0.8269,0.5214,0.5793,0.8726,2.9006,1.9339,0.1228,0.08737,0.005495,0.106915
76,3,2.7271,0.4442,1.2868,1.7021,0.5321,1.3695,0.899,0.0849,0.5097,0.0007,1.4476,1.824,0.149835,0.033905,0.00336,0.140515
77,3,0.279,0.3631,2.412,2.5208,0.5816,2.4427,0.4157,2.1183,0.8182,1.3203,1.9693,0.0402,0.190315,0.0223,0.0058,0.1952
78,3,0.4873,0.4407,2.0417,2.1187,1.0211,2.3029,0.1193,0.3177,1.283,1.0705,1.7051,1.5105,0.15793,0.018785,0.016495,0.168015
79,3,1.88,0.1154,2.3094,0.3702,1.0221,1.2064,0.7384,2.0151,0.5565,0.1381,2.8926,1.568,0.107985,0.06415,0.022605,0.093475
80,3,2.2264,0.7969,2.4591,1.6938,0.1841,1.9257,0.2591,2.471,1.0216,2.8194,1.8872,0.6755,0.136855,0.061705,0.004735,0.136245
81,3,1.6714,1.1577,2.1357,1.0269,0.983,2.8058,1.0272,1.1019,1.3661,2.4829,2.5656,0.3205,0.119745,0.04261,0.02566,0.106765
82,3,0.8725,1.1852,0.8244,0.2211,1.0249,2.3978,0.9627,1.0345,0.8397,0.0646,1.688,2.5704,0.109205,0.0168,0.023215,0.09684
83,3,0.2342,0.575,0.4946,1.14,0.0195,2.4833,0.7444,1.3078,0.9027,2.5501,0.8738,0.8026,0.114245,0.020005,0.016805,0.110425
84,3,0.1485,0.3996,0.1986,0.1247,0.8291,0.5515,0.1114,2.7501,0.2231,0.2845,2.912,2.0009,0.104165,0.026425,0.014205,0.093935
85,3,2.1773,0.8448,0.2112,2.5256,0.627,1.1774,0.203,0.3397,0.7834,1.7062,1.5561,1.8394,0.172745,0.01252,0.000765,0.202525
86,3,2.6329,0.7563,1.1374,0.7697,0.4603,1.6824,1.1931,1.3234,0.0611,0.5645,0.272,1.0,0.10936,0.042615,0.005195,0.101115
87,3,2.0531,0.8861,1.9864,1.3638,0.1647,0.8888,0.7664,1.4915,0.3655,2.4759,1.2999,2.5364,0.11318,0.050405,0.009165,0.121275
88,3,0.7965,1.4129,0.3356,2.3075,0.0303,0.709,1.3058,1.0503,1.3987,2.7883,2.4006,1.1883,0.16969,0.010385,0.003205,0.18267
89,3,2.5748,0.6857,0.3785,2.5559,1.2244,0.4067,1.2998,1.5569,1.1154,0.8045,0.6464,2.5449,0.18023,0.012375,0.00046,0.20299
90,3,1.8006,0.2216,1.0976,2.5771,0.7024,1.0106,0.5114,2.4739,0.6814,2.8451,0.9366,2.2694,0.18222,0.01787,0.00046,0.201155
91,3,0.8571,1.1518,0.0528,0.3895,0.3889,2.6103,0.4837,1.4506,0.1606,1.7,0.288,0.4248,0.10325,0.018325,0.01848,0.099435
92,3,2.4029,0.3659,0.1838,1.8055,0.2198,0.1585,1.2458,1.1915,1.2982,2.2321,0.6029,0.2544,0.14296,0.024435,0.003055,0.146475
93,3,0.5141,0.7419,1.0732,2.4959,0.7039,1.6642,0.5812,2.2647,1.0334,2.0573,2.3148,1.1958,0.169235,0.013135,0.0029,0.19474
94,3,0.3573,1.2269,1.0366,2.0753,1.4827,2.1053,1.36,0.0401,0.9056,0.292,2.6175,2.8807,0.15457,0.008095,0.01069,0.1645
95,3,0.1025,0.1999,2.4983,2.0607,1.4725,2.2695,0.8913,1.6177,0.0148,2.3514,1.152,0.32,0.15075,0.01787,0.028715,0.16236
96,3,1.6405,0.5549,1.8176,0.05,0.2475,1.6195,0.9149,0.2466,0.9546,2.5237,0.8604,1.564,0.099585,0.041695,0.02734,0.09409
97,3,2.7184,1.0544,0.6202,2.8995,0.5131,2.4726,0.6788,2.3693,1.3814,2.7082,2.4138,0.9689,0.20574,0.009775,0.0,0.224065
98,3,2.7379,0.23,0.7806,1.9391,1.1223,0.151,0.4033,1.1071,1.2709,0.0058,2.67,1.0042,0.16389,0.025815,0.000765,0.16297
99,3,1.8497,1.4036,0.1848,1.6358,0.3333,2.1067,1.2267,0.7387,1.2898,0.5322,1.4402,0.3938,0.15167,0.01726,0.005345,0.143725
100,3,0.9226,0.5612,2.0858,0.9506,0.7945,1.954,1.1786,0.8806,0.0845,0.7112,1.6378,2.633,0.119895,0.034365,0.036355,0.10478
101,3,1.9726,0.9109,0.0953,1.4941,0.4964,1.0422,1.4391,0.4904,0.1326,0.9153,1.9281,0.8088,0.13685,0.019395,0.01008,0.129215
102,3,2.1175,1.0426,1.3146,2.5041,0.4857,1.8696,0.81,0.2151,0.5208,1.6894,2.9282,2.351,0.196115,0.01741,0.00122,0.19352
103,3,1.4427,0.2947,0.8099,0.1273,0.8724,1.2727,0.9878,1.5944,0.6252,1.0561,0.1219,2.9489,0.11043,0.029785,0.01619,0.09256
104,3,0.2256,0.0382,0.6459,0.4086,1.1916,0.4549,0.5099,0.0397,1.3974,0.9631,2.5286,2.8858,0.128605,0.01512,0.02352,0.09592
105,3,2.1824,0.3911,1.4764,2.348,1.048,2.4827,0.8169,1.9725,0.5448,0.5742,2.0917,0.0086,0.18206,0.021535,0.000765,0.185425
106,3,2.3516,0.0108,1.8504,1.7838,0.1583,1.7766,1.1368,1.608,1.0091,2.126,0.6177,2.7798,0.15793,0.046435,0.003205,0.14174
107,3,0.9826,0.8756,0.3095,2.9892,0.9812,1.3854,0.8492,0.0816,0.3601,2.9241,0.2431,0.4251,0.22559,0.00504,0.000305,0.23124
108,3,1.7192,1.161,2.5586,2.5837,1.1403,1.043,0.8724,2.4394,0.2083,0.2443,1.3758,0.931,0.208335,0.0168,0.005955,0.20299
109,3,0.0112,0.7753,1.1189,2.6494,0.5013,1.988,0.8521,0.899,0.7014,1.103,0.7128,0.2644,0.21521,0.0084,0.00229,0.20803
110,3,0.1564,0.3341,0.25,0.4519,0.1874,1.1199,0.3573,0.0132,0.0494,2.9702,0.7354,0.1225,0.13273,0.0168,0.02337,0.09164
111,3,1.878,0.8275,1.1666,2.2,1.4055,1.1891,0.563,1.5426,0.3517,0.5219,1.166,2.0311,0.1897,0.015425,0.0029,0.17504
112,3,0.0443,0.2076,2.4243,0.9964,0.8387,0.1665,0.8262,0.0832,0.3109,1.3437,1.5714,0.3759,0.12677,0.03467,0.049485,0.105235
113,3,1.3771,1.1707,2.1174,1.1072,0.7442,2.397,0.3948,0.4207,1.4535,2.619,2.6226,1.4315,0.133795,0.03727,0.0278,0.11104
114,3,0.1061,1.1144,2.3705,2.8954,0.0537,2.4384,0.5052,1.9998,1.3508,0.7549,2.9803,0.1135,0.221165,0.011455,0.001985,0.22376
115,3,0.3441,0.721,2.1569,2.7795,1.2709,2.9115,0.662,1.2189,0.8842,2.0758,2.7086,1.7761,0.225745,0.009165,0.003665,0.210625
116,3,2.7179,0.6235,2.3141,2.9942,0.1182,2.1217,1.3547,2.6835,1.3091,0.8362,1.2189,1.5243,0.2233,0.015735,0.00046,0.22559
117,3,2.909,0.3983,1.9815,2.2793,0.22,2.611,0.7578,2.8689,1.3345,2.8423,0.5485,2.5039,0.18573,0.03956,0.000305,0.1729
118,3,2.5885,1.4209,1.9486,1.1056,0.8803,0.4736,1.4943,2.1667,0.5093,2.7566,2.1372,0.9994,0.137155,0.0559,0.005345,0.10875
119,3,2.7882,0.4865,0.9599,0.0892,1.0514,0.324,0.073,1.9682,1.4525,0.1925,2.2795,0.686,0.12784,0.047045,0.001375,0.09546
120,3,2.5837,0.0182,0.5824,2.9254,0.8631,0.3952,0.0071,1.2271,0.6516,1.5984,2.0424,0.4619,0.224375,0.00687,0.00046,0.227885
121,3,0.9551,0.0795,2.9895,1.2716,1.0177,0.8558,0.2133,0.5806,0.0228,2.0648,2.9691,0.2748,0.13624,0.046735,0.04796,0.116385
122,3,0.4957,1.2025,1.9092,2.8434,0.5471,1.2842,0.4296,2.4132,0.2813,1.1394,1.9782,2.7402,0.21444,0.00978,0.00229,0.219175
123,3,2.4385,0.1274,2.5922,2.374,0.7061,1.6613,0.6648,0.1664,0.4804,2.7393,1.7959,0.2945,0.184045,0.04109,0.001375,0.1813
124,3,1.6543,0.9276,2.4337,1.7448,0.302,2.9098,0.4444,2.1761,1.0316,2.7698,2.2951,1.1631,0.140975,0.048265,0.01283,0.138535
125,3,0.1441,0.9845,0.0357,0.1572,0.0347,1.7194,1.1812,0.2108,0.4789,1.1375,2.6983,1.939,0.119135,0.01176,0.02627,0.09409
126,3,1.2143,1.383,2.0614,2.0167,1.0681,1.6255,0.7012,2.9175,0.8577,1.2186,0.2807,0.5768,0.162205,0.016955,0.020315,0.162055
127,3,2.9499,1.4426,0.0089,0.2334,1.0183,0.654,0.9955,0.6295,0.5953,0.9777,0.7395,2.3253,0.116995,0.03666,0.00168,0.098365
128,3,0.9114,1.372,0.5662,2.6848,0.2302,0.8878,1.4756,0.142,1.2574,0.4911,1.5573,2.8746,0.19932,0.007175,0.001375,0.20971
129,3,0.3568,0.5654,1.5245,1.9567,0.5044,0.7462,1.3617,0.0242,1.4718,0.4479,0.6931,2.1949,0.13792,0.01726,0.01665,0.15442
130,3,2.2592,0.7695,0.0646,0.668,0.312,2.677,0.6883,2.3023,1.3594,1.1795,2.7717,2.0412,0.106305,0.039255,0.00244,0.098365
131,3,1.8146,0.676,1.3263,0.972,0.4184,1.4554,0.6115,0.787,0.1106,2.9198,1.7182,1.0079,0.107835,0.034975,0.0139,0.101265
132,3,2.5209,0.7306,2.5075,0.4943,0.2184,0.7058,1.2903,2.2939,0.4921,2.8006,2.5811,1.1642,0.09745,0.089655,0.00519,0.09103
133,3,1.7996,1.4772,2.1189,0.5932,0.8979,2.6738,0.7985,1.4021,1.1181,1.3621,1.8994,0.0211,0.09577,0.04735,0.02658,0.09821
134,3,2.2884,1.4415,2.5357,2.4501,0.7104,2.2061,0.7337,0.3406,0.0503,1.0446,2.5099,1.4105,0.17213,0.031765,0.001985,0.188175
135,3,0.3331,0.0503,1.5836,0.7452,0.9581,0.8872,0.6654,0.4242,0.6087,1.7059,1.5914,0.3065,0.093625,0.021535,0.034365,0.09867
136,3,2.5801,1.0708,0.4465,0.3308,0.26,1.2307,0.3672,0.686,0.9415,0.3582,0.639,2.7433,0.10707,0.034365,0.00443,0.09546
137,3,0.3531,0.3342,2.7255,2.3432,0.6724,2.9086,0.4904,1.7811,0.3051,1.3777,0.7359,2.1623,0.15075,0.028715,0.014665,0.17794
138,3,0.5526,1.329,2.6908,2.3057,1.3289,0.9072,0.0777,2.7249,0.8653,0.1318,2.3278,0.9645,0.162515,0.008855,0.02749,0.18191
139,3,2.856,1.4769,1.8079,2.7235,0.5356,0.824,1.0953,1.6766,0.037,1.0462,0.0259,0.9272,0.184355,0.01665,0.0,0.212455
140,3,1.4031,0.5429,1.5724,0.0884,1.4234,0.6333,0.1262,1.8182,1.0066,0.9626,2.7464,0.4636,0.0976,0.02887,0.025815,0.094695
141,3,0.516,1.2655,1.3474,1.6793,1.1517,1.4266,1.3357,0.6717,0.7343,0.5097,0.7138,1.8402,0.133035,0.01176,0.019245,0.13853
142,3,1.806,0.572,0.0275,1.345,0.4046,2.9858,0.8677,2.657,1.0369,0.2743,1.4721,2.8491,0.123105,0.03406,0.00321,0.119135
143,3,1.5941,0.2121,2.2874,2.334,1.1018,1.9822,1.2763,1.291,0.5105,2.6868,0.2573,2.9073,0.160375,0.027645,0.007485,0.17412
144,3,0.5352,0.5015,2.4056,0.3747,0.5593,1.9465,0.4959,2.5349,0.4416,1.7695,1.0579,0.329,0.097295,0.05178,0.04124,0.09103
145,3,0.8353,1.2242,0.9508,1.0359,1.3328,2.7473,0.8611,0.3312,0.3888,2.3745,1.1377,2.7846,0.11226,0.013745,0.02062,0.10722
146,3,1.1375,1.4805,1.9667,0.8363,0.8208,2.401,0.3723,0.8857,0.6246,1.0886,2.8184,1.9415,0.112875,0.02902,0.035285,0.10493
147,3,1.7696,1.4201,1.2059,2.0586,0.2528,2.5016,0.4922,1.4343,0.0412,0.4406,2.4431,2.0273,0.15793,0.019855,0.003055,0.166485
148,3,0.0148,1.1426,1.8804,2.844,1.3957,1.2654,0.1667,1.2586,0.5952,1.5001,0.7478,0.9787,0.20925,0.00489,0.003055,0.221775
149,3,0.1921,1.1286,0.838,2.0425,0.4151,2.5241,0.3574,0.3618,1.1715,0.6843,0.5237,1.7129,0.166785,0.0113,0.00657,0.16633
150,3,0.1874,0.8378,0.0551,1.2852,0.6229,0.2563,0.1231,1.7611,0.0062,2.1952,1.1057,0.7885,0.13884,0.017565,0.012525,0.120205
151,3,2.8531,0.0336,1.8809,0.0536,0.573,0.9377,0.1205,2.3496,0.8578,0.232,2.9315,0.3322,0.10982,0.076975,0.000915,0.091035
152,3,1.4762,0.0458,1.2175,1.4747,1.2845,2.0326,0.5284,0.5529,0.0678,0.9855,0.1885,0.5277,0.14968,0.020925,0.012525,0.13059
153,3,1.9522,0.3023,1.1218,0.0213,1.369,2.5226,0.1419,2.0537,0.7377,2.4657,0.5362,0.5403,0.12433,0.03513,0.01283,0.09409
154,3,2.862,0.3124,1.305,0.5017,0.4875,0.9913,0.9116,1.5874,1.4352,2.4235,2.2303,0.8901,0.12555,0.053915,0.00214,0.09256
155,3,0.9086,0.6863,0.8801,0.5574,0.295,1.1373,0.5043,2.8233,0.9075,2.6095,0.2959,0.1174,0.133035,0.033145,0.012065,0.09607
156,3,2.5012,0.656,1.652,0.8181,0.6498,0.3981,1.4874,1.649,0.1482,2.5547,1.2902,1.9056,0.123715,0.05147,0.00626,0.097755
157,3,0.4718,0.5934,1.494,1.4918,1.2296,1.4874,0.4537,0.8033,0.4616,1.417,0.7929,0.0928,0.159765,0.017565,0.022915,0.128605
158,3,0.5977,0.8672,0.8116,0.9955,0.3879,0.2903,0.2706,0.7634,1.259,0.6637,2.4852,2.2299,0.13899,0.018175,0.0194,0.109515
159,3,2.9229,1.1304,0.3453,2.8201,1.2631,1.3309,0.6504,0.0929,0.3265,2.1447,0.3316,2.9752,0.22529,0.0084,0.000155,0.21887
160,3,0.065,1.4865,0.8886,1.3826,0.8182,0.8687,0.3307,0.1517,1.2351,2.9169,0.3767,2.5795,0.14999,0.01237,0.016035,0.12509
161,3,2.1616,1.1253,1.1634,0.1727,1.0356,2.8864,0.9881,0.7022,0.8051,0.365,2.1536,2.0186,0.13242,0.0333,0.01222,0.096835
162,3,1.3404,0.013,0.1811,2.0459,1.0386,1.7256,0.3415,1.9894,0.1583,1.883,1.717,1.0665,0.17855,0.01619,0.002595,0.16404
163,3,0.6575,1.0869,0.543,0.4721,0.9491,1.9819,0.153,0.7869,0.1479,2.7415,0.0252,1.053,0.13212,0.01512,0.020775,0.09745
164,3,0.4705,0.7005,2.7205,2.1221,0.5403,0.56,1.0575,1.6257,1.0804,0.1346,0.5194,0.9596,0.17977,0.029635,0.0223,0.164955
165,3,1.3996,0.8542,1.6863,1.6287,0.8492,1.2524,0.4182,1.5544,0.1828,2.2478,2.8588,0.1623,0.156865,0.02978,0.012525,0.13334
166,3,2.347,0.3357,1.0092,0.1006,1.4536,1.6863,0.1224,0.9647,1.4659,0.1801,2.7537,0.8385,0.12723,0.036505,0.00718,0.09607
167,3,0.2337,0.937,2.6887,1.0992,0.5199,0.7871,0.4669,0.2026,0.7579,1.0247,0.4984,2.1671,0.12937,0.03849,0.051935,0.10967
168,3,2.6797,1.2107,0.4066,2.7406,0.6132,2.7438,0.1255,2.9514,0.1451,2.2363,2.1432,2.2715,0.212305,0.01039,0.000305,0.212
169,3,0.734,1.1219,1.5387,0.1411,0.1463,0.8407,1.2712,1.2767,0.4111,1.6047,0.9907,0.9242,0.12036,0.02383,0.033605,0.094545
170,3,0.5946,0.5269,0.4971,1.7223,0.5653,0.1183,0.3242,1.4352,0.417,2.647,0.1747,1.9438,0.154875,0.01787,0.00779,0.139755
171,3,2.583,1.3812,1.4526,1.2093,0.0535,1.3939,0.9749,1.0147,0.2426,1.4119,0.487,1.6738,0.13777,0.039865,0.00504,0.117455
172,3,1.371,1.4922,0.4887,1.9056,0.2991,1.2554,1.1212,1.4915,0.541,2.6674,2.6164,1.1476,0.15793,0.014205,0.006415,0.151825
173,3,0.284,0.5143,0.5599,2.2346,0.9578,1.5154,0.0246,2.8983,0.0202,1.5823,1.2949,0.7857,0.17962,0.01222,0.003205,0.179775
174,3,2.67,0.5146,1.6953,0.3917,0.0787,2.5207,0.1933,0.4058,0.9853,0.6447,2.3426,0.224,0.10676,0.05972,0.0058,0.093015
175,3,0.0935,0.5689,2.6009,0.4034,0.0079,1.4463,0.6733,1.3139,0.3448,2.1308,2.555,1.3617,0.091795,0.04567,0.052085,0.09195
176,3,2.7777,1.075,0.2303,2.8213,0.5893,1.8848,0.2632,1.5637,0.3307,1.9644,0.9176,2.9905,0.20253,0.0084,0.0,0.2204
177,3,0.3267,0.846,0.5507,0.8863,1.2905,1.5038,0.1335,2.1858,0.6661,0.2481,1.4537,1.3366,0.11104,0.013445,0.019095,0.10814
178,3,1.7514,0.6516,1.8027,2.1115,1.4842,1.6729,0.6609,2.1361,1.3708,0.069,0.1082,2.932,0.160525,0.018175,0.008555,0.170145
179,3,1.638,0.0777,1.9811,0.2896,0.1592,1.2082,0.9956,2.4604,1.2808,1.1603,2.9405,0.4184,0.091035,0.060025,0.016955,0.09042
180,3,2.0121,0.3474,2.1247,1.408,0.0454,0.134,0.4439,0.2922,1.0321,1.3823,1.932,1.9998,0.12097,0.04811,0.014815,0.124025
181,3,0.1425,0.6219,2.0486,2.7093,1.419,1.1481,0.8645,2.8021,0.0678,2.9286,1.3644,2.548,0.177635,0.005955,0.006415,0.206345
182,3,0.5035,1.4038,2.3234,1.9588,0.2596,1.3148,0.8785,1.2058,1.3393,1.6524,0.2672,2.626,0.146935,0.024895,0.02169,0.158085
183,3,0.9339,0.2574,1.9286,2.4239,0.4355,1.4622,1.452,1.3259,0.5596,1.6513,2.1212,1.9297,0.158385,0.021535,0.00626,0.180995
184,3,0.0996,1.4095,1.3756,2.1127,0.898,0.4927,1.4921,2.3614,1.0091,0.8091,0.5744,0.2689,0.15747,0.009625,0.010085,0.169235
185,3,1.6729,0.3167,1.2627,2.2831,0.9099,0.9525,0.1393,0.9245,0.296,1.6358,1.2672,1.0764,0.16175,0.019095,0.002745,0.180685
186,3,1.1591,0.612,1.2786,0.9814,1.1395,1.5875,0.0169,1.232,0.3375,1.7863,2.5181,2.2301,0.104775,0.025355,0.02001,0.106155
187,3,0.369,0.7508,1.3965,1.3188,0.5536,2.0601,0.1825,0.1497,0.9652,0.6016,1.0759,2.7662,0.117305,0.02016,0.024745,0.1228
188,3,0.4257,1.2747,1.2173,0.5752,1.4773,1.823,0.3334,2.2902,0.5558,1.5968,1.0697,0.4905,0.102485,0.014205,0.03009,0.100195
189,3,2.4838,1.06,0.7818,1.5831,0.0191,2.5345,0.3335,0.9231,1.336,0.5896,2.0292,0.1656,0.13273,0.02948,0.00229,0.1393
190,3,1.7166,1.1552,1.6998,2.9838,0.8862,1.2613,0.444,1.9005,1.0804,1.2239,2.8516,2.0635,0.20436,0.00947,0.000155,0.232315
191,3,1.8289,0.4345,2.9507,0.7276,0.7404,1.3788,0.7052,1.0822,1.0693,2.4448,0.4067,0.1224,0.09592,0.07698,0.032535,0.099275
192,3,1.3336,1.4993,2.0009,1.8291,0.6704,2.3917,0.0982,1.8525,1.2217,1.0895,1.3513,0.9081,0.14632,0.02612,0.015735,0.153805
193,3,1.3686,0.987,0.0011,0.1258,0.7832,0.5971,0.3345,1.3148,0.8311,2.2273,0.6002,2.6029,0.10783,0.0223,0.01451,0.09653
194,3,2.5428,0.8682,0.3928,1.3004,0.0983,2.9003,0.2297,2.6349,0.7879,0.9485,0.2405,1.6948,0.134105,0.038185,0.00061,0.122345
195,3,1.1801,0.1778,0.2433,1.4094,0.2039,0.8014,1.4711,2.1206,1.085,2.9293,0.554,2.6968,0.12937,0.02688,0.007485,0.12219
196,3,0.246,1.0168,0.8286,2.5225,1.3569,1.5758,0.5864,1.0707,1.4109,2.5774,2.6182,2.027,0.19138,0.00779,0.003515,0.197795
197,3,0.056,0.6518,2.7647,0.2728,0.5444,2.7231,0.4219,2.3391,0.4364,1.2648,0.538,2.6442,0.10325,0.055905,0.053305,0.093475
198,3,2.8007,0.9626,2.6648,1.1088,1.4953,2.5068,1.0874,0.2052,1.3516,2.5009,1.0298,1.4386,0.11929,0.07988,0.00764,0.10921
199,3,0.2289,0.4485,1.1878,1.1357,1.1569,2.684,0.631,0.4899,1.3589,0.4308,1.8248,1.5531,0.141585,0.01619,0.024895,0.114555
200,3,1.1997,0.2178,1.835,2.774,0.3623,2.8415,0.7848,2.1332,0.7757,0.4918,0.2452,0.1025,0.211385,0.01573,0.00046,0.21765
201,3,0.1384,0.6726,1.0444,2.149,0.6027,1.4643,0.2027,2.1575,0.4586,2.2908,2.0517,1.9295,0.184355,0.019095,0.00443,0.168925
202,3,0.0418,1.2247,1.8562,1.8197,1.2536,0.6307,0.8903,2.9218,1.2447,2.7597,1.5708,0.228,0.160065,0.016035,0.025355,0.14617
203,3,1.9877,1.2423,0.8595,1.3814,0.4252,0.5401,1.2791,2.0356,0.8059,2.4856,0.7379,2.0225,0.15258,0.02902,0.005495,0.12448
204,3,2.8491,1.2116,2.1043,2.5734,0.5056,1.0781,0.0145,2.082,1.2933,1.2605,2.6525,2.4744,0.204055,0.026425,0.0,0.20253
205,3,2.3015,0.5453,2.364,1.8414,1.4296,0.43,1.1935,1.3169,0.3803,0.0939,2.7867,0.1261,0.16893,0.04338,0.008555,0.148155
206,3,2.589,0.5723,2.6857,0.9411,0.997,1.095,0.5026,1.9402,1.1633,0.4238,0.2533,0.7127,0.12845,0.085835,0.007485,0.105695
207,3,0.4387,0.3645,2.7702,2.7193,0.9269,2.7193,0.439,0.2825,0.5486,2.6388,0.0847,2.6249,0.213375,0.019245,0.00672,0.207115
208,3,1.3731,1.1167,1.5814,0.2708,1.1007,0.3828,1.4175,1.535,0.968,0.0435,0.4117,2.4522,0.126005,0.02673,0.02795,0.09638
209,3,0.1745,0.063,0.2598,0.523,1.1259,1.9954,1.1862,2.2854,0.0971,0.7417,2.7861,1.6063,0.133495,0.0197,0.018325,0.09607
210,3,2.112,1.4656,2.7807,2.7805,0.6156,1.6072,0.1008,0.1432,0.8018,0.6901,1.057,0.7482,0.224375,0.021075,0.00153,0.218565
211,3,1.4006,1.391,0.6909,0.2446,1.4299,1.9114,0.5555,1.5087,0.1453,0.9333,0.1159,0.4502,0.13349,0.0194,0.01848,0.09561
212,3,1.423,0.1238,0.9703,1.7765,1.2933,0.6856,0.5443,0.8318,0.4295,2.8804,1.2993,2.4283,0.164955,0.018025,0.008705,0.142195
213,3,0.4493,0.6921,1.4027,1.867,1.0091,1.177,0.2974,2.8342,0.5556,0.3748,1.6251,0.6207,0.16969,0.01741,0.011915,0.15304
214,3,2.4023,1.0361,1.7998,0.0464,0.6338,1.6565,1.1457,1.0227,1.4034,1.3393,0.2585,1.308,0.12402,0.053,0.01329,0.094545
215,3,2.5234,0.2821,0.9675,2.9326,0.1102,1.0167,0.6591,1.4439,0.8226,2.0551,1.1729,0.1035,0.223605,0.01054,0.0,0.223915
216,3,1.0161,0.0319,1.5027,2.6074,0.1263,1.2203,1.3696,2.4909,1.1075,2.1319,0.0232,1.3073,0.198255,0.019245,0.001985,0.197335
217,3,2.6684,1.0833,1.0558,1.6818,0.9288,2.5909,0.823,2.5631,1.1052,2.9901,1.0236,1.5471,0.153195,0.03406,0.00092,0.13548
218,3,1.8931,0.0223,1.6175,1.4102,0.4181,1.8468,1.0819,2.0107,1.3595,1.3951,2.1362,0.5385,0.1367,0.04277,0.007025,0.12051
219,3,1.9586,0.198,2.3879,2.4359,0.2089,2.7748,0.7337,2.7397,1.2976,1.0602,2.187,2.6446,0.185115,0.034975,0.002595,0.18374
220,3,2.9968,0.3801,2.367,1.1611,0.1021,0.8424,0.2388,2.1665,0.818,0.456,1.814,0.4825,0.12066,0.085075,0.00046,0.110735
221,3,1.7162,0.5159,2.2757,1.4807,1.2358,1.0555,0.6074,0.8191,1.0405,2.7832,0.2117,1.7517,0.12326,0.03956,0.021075,0.1257
222,3,1.602,1.2632,1.4304,1.8924,0.4471,1.8504,1.231,0.3561,1.0075,0.3518,2.3424,1.5655,0.151825,0.02062,0.00947,0.151365
223,3,1.8236,0.5981,1.4446,0.5322,1.2296,0.7398,0.9036,2.0558,0.4437,0.3617,0.4769,0.4276,0.1005,0.03574,0.016645,0.096225
224,3,1.4326,0.5154,0.4435,2.6789,0.3853,0.001,0.4725,0.7733,0.594,0.7099,1.0142,1.6689,0.195655,0.01054,0.000615,0.20864
225,3,0.2021,0.1024,0.7646,1.3222,0.7905,0.9124,0.0432,2.6566,0.4277,1.5019,0.2898,0.4285,0.11898,0.02276,0.010845,0.12005
226,3,2.0224,0.3576,1.8347,1.5754,0.7975,2.6998,0.7094,2.7413,0.902,2.2269,1.413,1.903,0.12692,0.045975,0.00489,0.127075
227,3,2.6972,0.885,2.0931,0.5819,0.1179,2.8586,0.2747,0.9402,0.6114,2.4511,0.89,0.4715,0.092255,0.070565,0.00535,0.093935
228,3,1.2824,1.2378,0.1321,1.6008,1.0561,1.3995,1.3088,1.1437,1.0604,0.5063,0.409,1.9021,0.135785,0.012525,0.011,0.136245
229,3,1.2902,0.8099,1.8498,0.8438,0.7331,2.5231,0.1358,1.7137,1.2423,0.0622,2.1464,0.6055,0.101115,0.038795,0.022755,0.10325
230,3,0.997,0.0056,1.0234,2.5057,0.1203,2.7506,0.6451,1.4834,0.4276,2.8061,0.5939,2.3373,0.17656,0.01665,0.00153,0.190615
231,3,1.5791,0.4729,2.0351,2.3787,1.318,0.1861,0.0277,0.8145,0.4935,0.8046,0.5666,0.8432,0.16694,0.01772,0.0055,0.19046
232,3,2.193,0.5387,1.7606,1.654,1.224,1.9993,1.2327,1.6584,0.0744,1.0886,0.8272,0.6243,0.13334,0.037115,0.00519,0.13655
233,3,1.9497,1.2426,2.3232,0.9185,0.6809,0.8835,0.5501,1.3483,1.4838,0.2422,1.2261,2.7475,0.101415,0.05636,0.02184,0.10814
234,3,1.7352,0.5382,2.2709,2.9432,1.1251,2.7338,0.8462,0.9029,0.2025,2.8279,0.583,2.3864,0.191685,0.014815,0.000915,0.220095
235,3,1.7817,0.6102,0.9212,0.0488,1.3587,1.689,1.1526,1.9781,1.3381,0.3101,2.0767,2.1102,0.100655,0.028715,0.012525,0.096835
236,3,1.4126,0.2894,1.3204,0.0576,1.0786,2.9621,1.2744,1.4854,1.071,0.9628,1.035,1.1477,0.10356,0.02917,0.020315,0.095005
237,3,2.3371,0.5311,1.807,2.3819,1.3953,2.0964,0.8071,2.4469,0.5848,1.4001,2.5652,0.1738,0.16679,0.021995,0.00229,0.185725
238,3,2.513,1.1719,2.9131,0.8675,0.8878,2.6804,0.0346,2.4696,1.2235,1.9519,1.7347,2.8708,0.10035,0.0921,0.012525,0.102795
239,3,1.1859,0.5866,1.0909,1.5112,1.0571,1.3181,0.6497,0.5647,0.8243,0.6398,1.8666,2.9395,0.128455,0.01787,0.014815,0.13227
240,3,1.3364,0.2284,2.9777,1.1703,0.7497,2.6206,1.0626,1.396,1.2944,0.7453,0.5451,1.9558,0.111955,0.060485,0.039105,0.111955
241,3,1.1462,0.8023,2.2538,1.4162,1.4097,0.4412,1.2585,2.3669,0.1771,1.6537,2.3518,1.2444,0.123105,0.0307,0.032225,0.123105
242,3,1.4556,1.1182,2.5847,1.1808,1.2557,2.437,0.1779,2.0065,1.2357,2.5111,1.2545,0.6466,0.11929,0.04353,0.037725,0.11516
243,3,0.5124,1.2789,1.0006,2.4175,0.9124,0.6519,0.6295,2.4203,1.3052,1.0583,2.3414,0.1718,0.18466,0.009165,0.00367,0.19413
244,3,1.5863,0.2076,2.8874,2.0951,0.5317,2.8842,0.1503,1.3475,0.4628,2.9773,0.2654,1.5828,0.160525,0.047045,0.013135,0.16236
245,3,0.6685,1.0432,1.4119,2.5588,1.0742,2.2839,0.4721,0.4689,0.5795,0.1123,0.7304,1.8429,0.204665,0.00779,0.0029,0.205735
246,3,0.6054,0.058,1.6901,2.3415,0.2837,2.7694,0.5126,1.5911,0.9495,1.6452,1.7477,0.3104,0.181605,0.021535,0.00565,0.181145
247,3,1.5008,1.1248,0.4244,2.7862,0.0952,2.34,0.5804,0.8809,1.2743,2.4627,1.8211,1.1437,0.21811,0.010385,0.00046,0.21765
248,3,2.3688,0.226,1.1999,1.2638,0.2385,1.2097,0.5515,0.4302,0.2224,2.8966,0.2063,0.3716,0.13563,0.03849,0.006565,0.114555
249,3,2.9003,1.4255,1.0062,0.3084,0.913,1.3143,1.4281,0.385,1.1673,0.0745,0.623,0.9016,0.13059,0.040475,0.00397,0.09882
250,3,0.4933,1.1925,0.5208,1.3822,0.194,2.328,1.0069,0.147,0.2695,1.8742,1.2675,0.9063,0.145555,0.010845,0.01955,0.124175
251,3,1.889,1.3264,1.4087,0.6697,0.8009,1.7885,0.3144,2.1964,0.8135,1.9702,1.3592,1.3161,0.133495,0.037725,0.01283,0.101415
252,3,0.6304,1.3374,0.5921,0.7481,0.5453,2.9192,0.8278,0.4385,1.2593,0.871,0.0628,2.1968,0.13074,0.01329,0.02276,0.10554
253,3,2.885,1.3422,0.1131,1.3857,0.2863,0.9099,0.2809,2.3521,0.4204,2.8976,1.5748,1.7162,0.159,0.03421,0.000305,0.12616
254,3,2.3635,1.021,2.5868,0.382,0.7433,1.6424,0.1637,2.1979,0.681,1.8605,2.5901,2.1253,0.11654,0.08339,0.011605,0.094545
255,3,2.3134,0.4392,1.3418,2.7696,0.5835,1.4136,0.1951,2.0073,0.3394,0.4936,2.6084,0.5307,0.22284,0.01573,0.000305,0.215815
256,3,1.7677,0.3993,1.4517,2.7522,1.1611,2.3033,0.1388,0.3211,1.1563,1.4357,2.54,1.1265,0.225895,0.011,0.00107,0.21322
257,3,1.8876,0.4014,1.2031,1.4948,0.2622,1.16,0.5337,0.7221,1.1388,1.8196,1.2999,1.7226,0.155185,0.03009,0.00901,0.12662
258,3,1.3423,0.4982,0.664,2.0983,0.02,0.3047,0.8509,0.8677,0.4308,2.3061,2.9746,1.596,0.182215,0.017715,0.00397,0.162055
259,3,0.0078,0.9021,2.2676,0.5441,0.3644,0.6253,1.1763,2.7933,1.2038,1.1515,2.3433,1.6374,0.12631,0.043685,0.03788,0.09546
260,3,1.2291,0.6846,0.4013,2.9153,1.2353,0.6256,0.9674,0.3157,0.1428,0.4397,1.7109,0.957,0.227575,0.004585,0.00061,0.227275
261,3,2.5092,0.9116,2.5684,2.8896,0.1697,0.9743,0.6002,1.0976,0.3587,2.1217,0.5368,2.1132,0.221165,0.021075,0.000305,0.21872
262,3,1.1664,0.7948,1.9693,1.945,0.3612,1.3981,0.5052,2.9373,0.9436,0.9936,0.7493,0.0395,0.170915,0.03024,0.010085,0.157165
263,3,0.239,1.2182,0.7194,1.9266,1.4266,0.3625,1.4013,0.5688,1.3279,2.1859,2.4633,1.0678,0.168925,0.00901,0.01176,0.152435
264,3,0.8691,0.8875,1.8546,2.5795,0.1827,1.2147,0.3376,1.0711,0.3954,0.3596,0.9161,2.9847,0.202985,0.01726,0.00336,0.20146
265,3,2.0766,0.8852,2.4005,1.9318,0.6961,1.549,0.0726,2.2309,0.5358,2.4995,1.2381,2.0451,0.160375,0.04689,0.00565,0.151515
266,3,1.3084,0.2332,1.5576,2.8945,0.3689,0.5736,1.2647,1.1407,0.7662,1.6858,1.7446,2.4209,0.21078,0.01298,0.00122,0.21689
267,3,1.2236,0.7595,0.2485,2.6297,1.0095,1.0012,0.2662,1.5873,0.2621,1.0967,1.6484,1.4695,0.196265,0.008245,0.00092,0.208485
268,3,1.6639,1.4977,0.6461,1.3361,0.0806,2.4289,0.8783,2.778,0.9865,1.4283,1.5895,1.3541,0.138995,0.024285,0.00565,0.12555
269,3,1.0014,0.9068,1.2509,2.4616,1.3024,1.0137,1.0376,1.2923,0.3651,2.9682,0.7143,1.9809,0.17901,0.00978,0.00367,0.188475
270,3,2.2874,1.0424,0.2651,0.8582,1.025,0.7656,1.4524,1.3263,0.8282,1.5113,1.2944,1.3964,0.12066,0.02688,0.006415,0.104625
271,3,2.7516,0.0351,2.9093,0.3438,0.6458,2.0778,1.2004,1.974,0.7353,2.671,1.3042,0.7422,0.092865,0.10814,0.00428,0.091335
272,3,2.3425,0.8467,0.4028,0.9895,0.1339,1.6238,0.2249,2.1477,0.8333,2.9132,0.0349,2.1483,0.11944,0.03941,0.001525,0.10676
273,3,0.611,0.0517,1.8845,1.6371,0.4535,1.522,0.0826,1.2815,0.8653,2.6241,2.5415,2.3916,0.12555,0.0307,0.02062,0.131045
274,3,2.766,0.6271,1.3471,0.0276,0.686,1.5273,0.8328,2.8612,0.1234,0.9318,1.2779,2.4811,0.10539,0.059415,0.000305,0.092865
275,3,1.9595,1.207,0.3071,0.9933,0.0269,2.7705,1.0786,1.0806,0.7573,0.0292,2.3505,2.7544,0.11104,0.02337,0.00901,0.10829
276,3,0.7716,1.0526,1.5373,2.0003,0.8588,1.5757,0.8862,0.3209,0.1326,0.9398,0.2667,1.1352,0.15625,0.01451,0.012985,0.16022
277,3,0.2447,0.2492,2.1165,0.0724,0.8833,1.0477,1.1277,2.4035,0.1737,1.1992,1.0634,1.9127,0.092555,0.040625,0.03849,0.09225
278,3,0.9721,0.9701,2.4976,1.0079,0.8831,2.4499,1.475,2.6052,1.4617,2.9646,0.1933,1.7916,0.10661,0.04536,0.03742,0.104165
279,3,0.0348,0.1406,0.4485,2.9464,1.0011,1.9203,0.0748,1.3051,1.195,1.3516,0.0982,1.094,0.19917,0.005195,0.000765,0.232005
280,3,0.0894,0.3996,2.5881,2.1185,0.3995,1.6503,0.6022,2.1068,0.6659,2.6182,2.7817,2.5698,0.137465,0.035435,0.01772,0.15793
281,3,0.3853,0.4232,2.7139,2.8153,1.4269,0.0355,0.5166,1.3153,0.6022,0.0859,0.7349,2.835,0.18985,0.00703,0.00626,0.22025
282,3,2.7271,0.195,0.1492,2.1351,0.2643,0.8931,1.4985,2.6493,0.2328,1.115,1.2217,0.1775,0.14968,0.025505,0.000155,0.16587
283,3,1.4678,0.287,2.4513,2.6618,0.9308,0.6676,0.7816,1.2652,1.3866,2.8008,1.6228,0.7799,0.17931,0.020925,0.0029,0.20192
284,3,0.7462,0.2927,1.337,2.1687,0.051,2.1403,0.4744,1.0842,1.4993,0.557,2.2569,1.1734,0.15594,0.0194,0.005805,0.170915
285,3,2.6044,1.2022,0.5975,0.0306,1.4828,2.9726,0.3665,0.7485,1.1568,2.4132,1.3164,2.1994,0.10325,0.03513,0.0029,0.09531
286,3,2.8652,1.2067,1.3428,2.5967,0.4844,0.1853,0.0103,2.3853,0.378,1.2185,2.092,0.0687,0.186795,0.01726,0.0,0.20482
287,3,1.5441,0.1818,0.3752,1.7114,1.096,1.0847,0.3215,1.4051,0.6145,1.4824,2.8014,1.9119,0.13624,0.0197,0.005955,0.139755
288,3,0.2868,0.1845,0.0941,1.8168,1.1587,1.4695,0.6144,2.6707,0.0442,2.9027,1.9251,2.4772,0.14327,0.016955,0.00779,0.144485
289,3,2.3087,1.3275,0.3123,0.9601,0.8969,0.8791,0.8886,2.7032,1.0098,0.185,0.3693,2.9205,0.12112,0.030395,0.0029,0.11058
290,3,0.2113,1.2637,2.9599,0.4866,1.0561,2.4241,1.4272,2.5293,1.1231,2.3111,2.3343,0.2733,0.100955,0.04261,0.06369,0.094545
291,3,1.0134,1.2827,2.2137,2.8548,1.2619,1.9561,0.8,0.3235,0.6507,2.8858,0.1393,2.8929,0.20589,0.008705,0.003515,0.216275
292,3,0.2813,1.1483,0.3892,0.9489,0.4594,1.0653,1.2881,0.5426,1.307,1.1251,0.2146,2.6344,0.12387,0.01115,0.0223,0.108745
293,3,2.3014,0.6707,1.9618,2.0318,0.5998,1.6449,0.6057,1.437,1.055,1.2452,1.2122,2.3154,0.16664,0.03864,0.001835,0.16068
294,3,0.8768,0.5188,1.283,0.6835,1.3065,1.2006,0.4925,0.1865,0.3354,1.8113,0.1446,2.914,0.11959,0.019245,0.026115,0.10035
295,3,2.9871,0.2118,0.151,1.2594,0.3987,0.4959,0.1543,1.4635,1.3152,2.9579,1.0164,1.1903,0.14418,0.035435,0.00061,0.11852
296,3,1.9595,0.5761,2.7163,2.3795,0.8863,1.9769,1.0692,1.9826,0.5264,1.6221,0.8866,0.8512,0.177025,0.037115,0.005495,0.18084
297,3,2.0222,0.641,2.5223,0.6602,0.3913,2.5951,0.5371,2.9169,0.1984,2.5715,1.6574,1.61,0.1202,0.078965,0.01512,0.093325
298,3,1.6003,0.2736,2.3266,1.2107,0.9394,1.9251,1.3015,2.7803,0.8058,0.6182,1.5761,2.9973,0.12906,0.054985,0.019855,0.11043
299,3,0.8763,0.3547,2.2209,2.6715,0.293,2.1385,1.4303,1.6905,1.3272,2.0525,2.003,0.4057,0.203905,0.021075,0.003205,0.19825
300,3,0.679,0.3598,1.1154,0.3832,0.2922,2.4529,0.3942,0.1763,0.2547,0.7412,0.4626,0.9944,0.12097,0.02261,0.02841,0.09348
301,3,0.8886,1.1737,1.2354,2.2735,1.0732,1.01,0.3742,2.8961,0.9875,0.3102,2.3041,0.0894,0.19688,0.008855,0.00672,0.18191
302,3,1.8526,1.3061,0.1552,1.6768,0.0929,2.4712,1.1609,0.4477,0.4921,0.818,1.4765,1.5945,0.15671,0.016495,0.007945,0.14128
303,3,0.8302,1.0654,0.582,0.151,1.2116,0.4816,1.4307,2.0398,0.5282,0.7508,1.2938,0.5724,0.13273,0.01466,0.020465,0.096225
304,3,0.9479,0.2873,0.0591,1.4316,1.1162,2.4391,0.4287,2.4918,1.0889,2.1192,1.3991,1.5894,0.1593,0.019245,0.00871,0.125395
305,3,0.3838,1.2855,1.9671,1.1087,0.5962,1.2747,0.6272,0.5148,0.344,0.4929,2.1695,0.1356,0.141585,0.02337,0.036195,0.11333
306,3,1.296,0.0648,0.4343,1.2109,0.3592,0.5621,0.6815,1.075,0.2919,0.8383,0.4261,1.7898,0.148915,0.022145,0.01283,0.11516
307,3,1.3149,0.8056,1.7197,2.6014,0.5216,1.6782,0.4478,0.8794,0.6012,1.0579,2.0632,1.2694,0.205585,0.01558,0.002745,0.1981
308,3,0.1501,0.0004,1.2708,1.2296,0.8941,1.0223,1.3061,1.8351,1.0939,0.4512,0.7159,1.2155,0.145865,0.02108,0.021385,0.11562
309,3,1.8338,0.2663,2.3444,0.9789,1.1259,1.9915,0.1345,2.0205,1.1978,2.9909,1.017,0.1076,0.12891,0.05468,0.02337,0.104625
310,3,1.0755,0.8777,1.6226,0.0938,0.0468,1.318,1.3166,0.2142,1.2444,1.6084,2.6482,1.0692,0.12387,0.02581,0.03345,0.093625
311,3,2.448,0.8353,0.4695,0.6032,1.4556,0.913,0.0651,1.3232,0.8742,2.0735,0.0018,0.568,0.12983,0.031465,0.004275,0.09882
312,3,0.0179,0.3134,1.9141,0.9163,0.2916,2.2876,0.8001,1.9133,1.2052,0.7129,0.177,1.9906,0.12372,0.037725,0.02978,0.10157
313,3,2.3877,0.7765,2.4263,1.0839,1.0727,1.5808,0.4912,2.0114,0.184,1.4907,2.0801,2.1493,0.1254,0.0698,0.009165,0.105385
314,3,0.361,1.1151,0.326,2.3922,0.9911,0.7163,0.8543,2.7591,0.075,2.1364,2.0323,1.873,0.18756,0.0084,0.003205,0.18451
315,3,1.8877,0.4747,0.0671,1.1557,1.2905,1.5652,0.4096,0.6929,0.7844,2.4417,0.1277,0.2555,0.128145,0.021535,0.00764,0.11455
316,3,1.4431,1.1605,2.0103,1.9286,1.198,0.6351,0.8274,1.257,1.22,2.9008,2.4787,1.6934,0.15304,0.02566,0.014205,0.148155
317,3,2.7566,0.1653,1.7382,2.68,0.9743,1.7902,0.7614,0.2607,0.1905,2.2589,0.7223,2.4,0.186795,0.018175,0.00061,0.2036
318,3,0.283,1.1572,1.3303,2.4116,0.0219,2.2518,0.6169,2.9084,0.3773,1.2185,1.996,2.1174,0.182825,0.01405,0.00397,0.18603
319,3,2.0636,1.247,2.8106,2.1678,0.7701,2.2399,1.4721,0.0119,1.1463,1.2978,2.0515,0.6482,0.150445,0.040625,0.010235,0.16358
320,3,0.6864,1.1592,2.2817,1.9919,0.066,1.3148,0.3935,0.1853,0.3028,1.9049,0.9471,2.5655,0.153345,0.025505,0.021535,0.15579
321,3,2.1406,0.3477,2.6177,0.1757,0.5469,1.6924,0.8622,0.2704,1.0807,2.8445,2.1649,1.7928,0.0921,0.075455,0.02276,0.089655
322,3,0.8352,0.5302,0.0885,0.8153,0.8832,1.5579,0.1847,1.0358,0.827,1.576,0.4119,2.4927,0.112875,0.017565,0.016955,0.10157
323,3,2.5711,1.2875,1.9162,2.2886,1.1852,1.4929,0.2476,1.1746,1.0232,2.221,0.3344,0.3491,0.16297,0.02734,0.001835,0.177635
324,3,1.0063,1.4744,0.4205,0.1312,0.3035,2.2364,1.4134,0.1039,0.1143,2.2665,1.3044,0.4444,0.10951,0.01054,0.024285,0.09653
325,3,2.4525,0.1764,1.3743,0.6876,1.2802,1.3312,1.4144,2.0214,0.2037,1.444,2.5034,0.4198,0.10111,0.04567,0.00443,0.095155
326,3,2.3485,1.4983,0.8023,0.5487,0.9719,0.3189,1.1875,0.5396,0.8574,0.0831,0.5793,2.0875,0.095005,0.028565,0.0084,0.09989
327,3,1.8272,0.2119,0.5704,2.2031,1.4983,0.7907,1.1896,0.1693,0.7072,2.7729,1.7927,1.0483,0.153655,0.011605,0.00336,0.16786
328,3,2.1582,0.8545,1.5148,2.4377,1.1697,1.3249,1.0035,1.7657,0.5067,0.5401,1.6601,0.971,0.165415,0.01787,0.001375,0.18695
329,3,2.2911,1.2669,1.9794,0.785,0.7311,2.8073,0.6461,0.8685,1.189,2.878,1.7316,1.8354,0.09775,0.052545,0.011605,0.09974
330,3,1.7427,0.9121,2.3243,1.2769,0.7675,0.3613,0.7691,2.5649,0.1273,2.7226,0.4153,1.3622,0.10432,0.05346,0.017105,0.11303
331,3,1.7322,1.4692,2.04,1.7845,0.9597,1.089,1.4536,2.8368,0.4195,0.1693,0.6523,0.1538,0.134255,0.028105,0.01512,0.14403
332,3,2.5819,0.5348,2.6898,1.5049,0.0906,2.6256,0.3329,2.166,0.0513,0.0677,1.0256,1.6381,0.11272,0.07851,0.002135,0.12723
333,3,2.4609,1.4337,0.1512,0.5747,0.9052,1.537,0.6886,2.6073,1.2037,1.358,0.6573,0.0898,0.10325,0.03467,0.00336,0.09897
334,3,1.0463,1.1669,0.2427,2.3592,0.2833,2.7127,0.1848,0.965,0.4781,2.9929,1.0776,2.2318,0.166635,0.012065,0.001985,0.18313
335,3,1.0328,0.6886,1.9244,1.5327,0.3383,0.5008,1.4155,1.8056,0.6791,1.2829,2.7308,0.7063,0.12173,0.033295,0.01909,0.12448
336,3,0.664,1.0659,1.0672,1.7235,0.3402,2.7836,1.2376,2.4601,0.0633,0.0626,0.2133,1.0326,0.134105,0.02123,0.00825,0.14205
337,3,0.975,1.2766,2.5267,2.5044,0.7245,1.6768,0.6546,1.1082,0.1274,2.4045,1.7403,1.6363,0.17229,0.01986,0.009315,0.18802
338,3,1.5866,0.2419,2.4863,2.028,0.6696,1.0639,0.1077,2.5884,0.9354,2.2951,2.5876,1.0542,0.144485,0.042305,0.01054,0.1561
339,3,1.2183,1.373,0.324,1.3428,0.9658,0.4191,0.5037,0.7921,1.4203,0.0035,0.6031,2.9515,0.12891,0.01527,0.011455,0.125395
340,3,0.8783,0.3063,2.4554,2.3286,0.5871,1.3103,0.4885,2.4972,0.2406,1.5481,1.0134,0.1282,0.166025,0.028405,0.009165,0.179925
341,3,2.6777,0.5413,1.5792,0.9955,0.2676,1.5421,0.6987,2.2232,1.1933,1.9303,0.2391,0.748,0.11287,0.05926,0.001225,0.103555
342,3,0.5347,0.0776,2.1632,0.9918,0.7753,1.4737,0.651,2.7853,0.8055,0.4145,0.2722,1.443,0.11623,0.041545,0.032225,0.105995
343,3,0.3369,0.9041,1.5124,2.5374,0.9741,2.7251,0.9898,2.4599,0.8418,1.4305,2.4115,2.5876,0.180075,0.01237,0.00305,0.192755
344,3,1.6325,1.3428,1.5821,2.1338,0.4465,2.4555,0.0945,1.9522,1.2708,0.5094,0.4795,0.001,0.171675,0.0223,0.003975,0.17488
345,3,1.1573,0.4976,2.7052,2.7172,0.9937,1.8882,1.3193,1.9773,0.2181,0.5744,0.9707,2.4988,0.192905,0.020775,0.00489,0.205735
346,3,2.6656,1.1098,2.3465,0.2835,0.9148,1.7709,0.4313,2.9763,0.0225,0.9952,2.3328,0.9687,0.111195,0.08003,0.004885,0.096985
347,3,0.2337,0.9773,1.2582,0.8265,0.1809,2.8382,1.0418,2.8015,1.4031,0.7837,0.2399,2.7297,0.11883,0.030245,0.017715,0.10478
348,3,1.8962,0.4338,1.1154,1.4669,0.9182,0.2143,0.3501,0.3951,1.3163,1.3975,2.2543,2.1328,0.14571,0.026885,0.00764,0.12845
349,3,0.5744,0.8713,0.4021,0.7583,1.0958,0.9278,1.0863,0.6974,1.2611,2.0459,2.307,2.6115,0.13242,0.012375,0.02123,0.101875
350,3,1.6657,0.3867,1.3966,0.0738,0.6681,1.2036,0.0721,0.2895,0.9628,0.1646,1.172,0.9319,0.117605,0.035435,0.02383,0.092405
351,3,0.0293,0.1116,2.4811,2.2123,0.4009,2.148,0.2095,2.1877,0.1835,1.7783,2.9931,2.8209,0.18084,0.030855,0.014205,0.16954
352,3,0.2429,0.8911,1.4283,0.1543,1.0566,1.5171,0.9395,0.4077,0.2896,2.1397,2.7794,1.068,0.121885,0.018785,0.03284,0.09607
353,3,2.9519,0.3286,0.5641,2.1853,0.3861,2.8629,0.0708,1.7041,1.2036,2.2234,2.8792,0.6864,0.188325,0.023675,0.00031,0.172895
354,3,1.8484,0.1953,0.4366,2.2203,1.0431,2.3251,1.3095,0.5604,1.0727,2.4342,0.7291,1.4679,0.182215,0.01436,0.003205,0.17305
355,3,0.9595,0.1474,2.5809,2.2566,0.0162,1.2018,1.2269,2.8757,0.3677,2.8559,1.4026,0.1486,0.187565,0.034515,0.013135,0.171065
356,3,0.0441,0.1441,1.654,2.9801,1.246,2.8983,1.3956,2.6869,1.22,1.8439,2.0793,2.8379,0.22315,0.006265,0.000915,0.22544
357,3,1.9416,0.129,1.5959,2.373,0.1697,0.2339,1.2736,0.2679,0.2307,1.5503,1.6963,2.3577,0.200235,0.02276,0.00244,0.181755
358,3,2.1744,0.1117,1.6836,2.063,1.4839,2.3934,1.3496,0.9843,0.7828,0.1638,2.4005,1.7794,0.17855,0.02474,0.00367,0.16358
359,3,2.0933,1.4964,2.4505,0.6757,0.1322,1.0179,1.0149,0.118,1.2011,1.7969,2.4914,1.0245,0.13395,0.060485,0.02551,0.10279
360,3,0.9715,0.177,0.4711,0.8733,0.4905,1.2425,0.694,2.8289,1.3742,0.2768,0.5182,1.6494,0.13731,0.03146,0.00855,0.105385
361,3,0.8393,0.5026,2.9928,2.8764,0.13,1.9857,1.4309,0.5888,0.867,1.356,0.5131,2.3106,0.22193,0.01955,0.004125,0.21658
362,3,2.5849,1.2954,1.5057,0.855,0.57,1.2901,0.8394,2.0343,0.7542,2.5528,1.7445,2.7574,0.135325,0.050555,0.003515,0.10478
363,3,2.5966,0.3421,0.7168,1.73,1.1011,0.8213,1.3859,1.2118,0.5467,2.4477,0.3732,2.9883,0.168775,0.02734,0.00168,0.13945
364,3,2.8167,1.3236,1.4716,2.6533,0.6712,0.4288,1.297,1.7448,0.2936,0.761,1.7831,0.8875,0.213065,0.01604,0.0,0.20925
365,3,0.5337,0.4512,0.2676,2.0019,1.0737,0.765,1.217,2.7392,1.3662,1.9935,1.3376,0.1696,0.181295,0.014965,0.005195,0.16129
366,3,2.9374,1.2067,0.7469,2.3999,0.0865,2.9575,0.1845,0.3097,1.2553,0.2077,0.9618,0.6616,0.207415,0.016955,0.0,0.1981
367,3,0.7328,0.5562,1.7964,1.5756,1.4751,2.6933,0.6044,1.9089,1.1427,0.3212,1.8599,2.1823,0.15793,0.01909,0.024435,0.13548
368,3,2.0748,0.0471,2.8368,0.0029,0.1435,0.6553,0.9827,1.5058,0.0285,0.928,0.5955,2.0672,0.1144,0.09149,0.02276,0.09103
369,3,2.6013,1.2649,0.4352,1.0099,0.1944,2.5689,1.3318,2.2956,1.0236,1.5803,2.7256,0.2722,0.13853,0.037265,0.00122,0.10768
370,3,2.5276,0.6237,1.9101,2.0448,0.631,0.4466,1.0287,1.5197,0.6761,2.5923,2.6985,0.6431,0.17061,0.042305,0.00107,0.15686
371,3,1.4035,0.2666,1.7327,1.3883,1.0492,2.7331,0.6776,2.8833,0.3687,2.5514,1.8476,1.0606,0.13899,0.03589,0.01512,0.120055
372,3,0.2858,0.822,2.6535,1.5489,0.3293,1.2228,1.4769,2.0932,1.3422,0.0113,0.1236,1.7167,0.14479,0.041085,0.035435,0.130895
373,3,0.9079,1.2233,1.9751,1.2367,0.897,2.4245,0.836,0.1845,0.5474,1.2999,0.9042,1.6872,0.13594,0.02459,0.032835,0.11822
374,3,2.1141,0.9593,0.9964,2.4213,0.8602,1.4744,0.2798,2.8526,0.2111,0.9781,1.937,2.1913,0.182215,0.016645,0.000765,0.191685
375,3,0.3748,1.3795,2.9056,2.5515,0.9528,1.6336,1.4352,2.0967,1.3313,2.1011,0.0452,0.7154,0.188325,0.015275,0.017105,0.19795
376,3,1.8821,1.2583,2.1631,1.7344,0.1737,1.6767,0.5163,1.6583,0.795,2.3576,2.5808,0.0042,0.138535,0.04246,0.01069,0.14174
377,3,1.3893,1.0264,1.0644,2.3726,0.0107,0.4946,0.8155,0.1834,1.005,2.7672,2.5029,2.1002,0.17901,0.015275,0.002595,0.183435
378,3,2.741,1.0841,2.0939,0.0104,0.2854,2.0244,1.1801,2.901,1.17,0.8027,1.0692,2.3928,0.10142,0.078355,0.001985,0.096835
379,3,1.6004,0.3601,0.996,1.0337,0.7078,2.9567,0.557,0.8095,0.5878,2.4317,0.2318,2.2594,0.120055,0.02627,0.013745,0.10722
380,3,2.6881,0.4908,2.8508,2.6874,1.4611,2.8838,0.4753,2.8147,0.3172,1.868,1.7951,0.8377,0.186495,0.02459,0.002745,0.207875
381,3,2.4808,0.1115,2.7624,0.2926,1.394,0.2145,1.0994,0.4437,0.1857,1.0443,0.3375,0.0951,0.102485,0.084155,0.018635,0.095
382,3,0.309,0.1256,2.7893,2.836,0.3465,1.9603,0.1146,1.3595,0.9172,2.3997,2.6685,0.2538,0.18848,0.018175,0.003205,0.216885
383,3,1.6069,1.2134,0.773,0.6591,1.4613,2.0909,0.2419,0.6098,0.8947,2.349,2.8597,1.6738,0.11318,0.023065,0.014055,0.09989
384,3,0.7372,0.3777,2.9677,2.7001,0.8387,1.4807,0.2897,1.3672,1.0761,0.6655,1.0457,1.0117,0.20314,0.0197,0.005955,0.212
385,3,0.1733,0.9881,0.6615,2.7203,1.4819,0.1406,1.2139,0.8675,0.7698,2.1401,2.0813,1.9601,0.193825,0.005345,0.00168,0.211385
386,3,0.7277,0.0538,2.5102,1.1524,1.2989,2.0757,0.5077,0.9597,0.6321,1.8512,1.6636,2.3111,0.10554,0.03253,0.04536,0.11257
387,3,2.3802,0.4804,0.8225,1.5399,0.3151,1.486,0.8234,0.6325,0.883,1.9241,0.3411,2.4755,0.130285,0.02948,0.00504,0.12998
388,3,1.4083,0.5425,1.6744,0.3462,0.7479,0.3209,0.1504,2.6862,0.8819,2.2213,0.4481,0.1726,0.095615,0.046435,0.01848,0.09363
389,3,1.3841,0.4648,0.2521,0.5222,0.8866,0.2328,1.4137,0.0326,0.5503,1.2249,0.5847,2.1283,0.106765,0.01711,0.020775,0.09546
390,3,2.8562,0.4926,0.2393,0.8928,0.1951,2.5445,0.4297,1.8035,0.3838,0.1136,1.5646,2.2765,0.10722,0.040015,0.00107,0.10478
391,3,2.5289,0.45,0.2195,0.7895,0.7235,2.6896,1.2427,0.5498,0.8215,1.676,1.1505,1.7393,0.101875,0.03177,0.00672,0.100045
392,3,2.7946,0.1605,2.8172,1.6109,1.0857,1.0534,0.0731,0.6086,0.2775,1.4567,1.4507,1.8475,0.12448,0.076215,0.003205,0.13517
393,3,1.6269,1.3469,2.4718,2.5034,0.9518,2.9052,1.4885,0.0058,0.7511,0.5339,2.7705,0.7573,0.16664,0.02001,0.007485,0.193215
394,3,2.4961,0.5917,0.2091,1.3204,1.0004,1.8752,0.7555,0.5044,1.4849,2.0263,2.0334,0.483,0.12112,0.02856,0.00382,0.12234
395,3,2.6147,0.3404,1.5515,0.1827,0.9431,2.0183,1.3338,2.1113,1.2524,0.9688,2.8112,0.5866,0.09867,0.055905,0.003055,0.093475
396,3,0.064,1.1029,2.4093,2.5487,0.2907,2.7098,0.9538,0.2083,1.4165,1.0456,0.5612,1.172,0.17855,0.018935,0.008095,0.19917
397,3,2.2102,0.8589,2.4595,1.725,1.3159,0.7064,0.6568,1.5761,0.1696,2.0973,2.0062,0.8995,0.13166,0.04826,0.01176,0.14006
398,3,1.4227,1.4485,2.0535,1.8846,0.6034,1.518,1.3867,1.9676,1.2116,1.9854,0.2046,0.5045,0.14403,0.027645,0.01466,0.15228
399,3,0.1669,0.326,0.1687,2.4039,1.4218,0.6881,0.1752,1.2809,0.7348,2.3546,1.1987,2.5233,0.18451,0.006415,0.003205,0.193215
