t,ch,phase,rep,drive_v,dbm,bfm,temp_c,mA,pd0,pd1,pd2,pd3,pd4,pd5,pd6,pd7,pd8,pd9,pd10,pd11,pd12,pd13
1785432469.57,2,base,0,0.0,15.0,38.934,25.12,238.70,0.1554,0.1843,0.0474,0.1471,0.0640,0.2375,0.0635,0.0577,0.2390,0.1349,0.2708,0.0601,0.1979,0.1535
1785432469.67,2,base,1,0.0,15.0,38.934,25.12,238.70,0.1554,0.1852,0.0464,0.1452,0.0640,0.2380,0.0670,0.0572,0.2390,0.1329,0.2698,0.0655,0.1975,0.1540
1785432469.77,2,base,2,0.0,15.0,38.934,25.12,238.70,0.1554,0.1828,0.0479,0.1432,0.0630,0.2356,0.0665,0.0567,0.2390,0.1349,0.2713,0.0640,0.1984,0.1520
1785432469.86,2,base,3,0.0,15.0,38.934,25.12,238.70,0.1584,0.1843,0.0459,0.1452,0.0626,0.2380,0.0665,0.0567,0.2410,0.1325,0.2708,0.0645,0.1994,0.1500
1785432470.56,2,drive,0,0.5,15.0,38.934,25.12,238.70,0.1544,0.1867,0.0464,0.1481,0.0630,0.2400,0.0684,0.0557,0.2375,0.1354,0.2722,0.0626,0.1975,0.1520
1785432470.66,2,drive,1,0.5,15.0,38.934,25.12,238.70,0.1579,0.1848,0.0464,0.1486,0.0640,0.2410,0.0674,0.0591,0.2385,0.1369,0.2727,0.0630,0.1984,0.1530
1785432470.75,2,drive,2,0.5,15.0,38.934,25.12,238.70,0.1569,0.1838,0.0479,0.1476,0.0655,0.2400,0.0679,0.0567,0.2400,0.1373,0.2722,0.0616,0.1979,0.1515
1785432470.85,2,drive,3,0.5,15.0,38.934,25.12,238.70,0.1569,0.1877,0.0479,0.1447,0.0635,0.2385,0.0660,0.0567,0.2405,0.1373,0.2717,0.0650,0.1975,0.1530
1785432471.54,2,drive,0,1.0,15.0,38.934,25.12,238.70,0.1574,0.1838,0.0474,0.1442,0.0699,0.2429,0.0699,0.0543,0.2366,0.1427,0.2717,0.0635,0.1921,0.1520
1785432471.64,2,drive,1,1.0,15.0,38.934,25.12,238.70,0.1574,0.1823,0.0494,0.1461,0.0704,0.2419,0.0694,0.0577,0.2380,0.1432,0.2717,0.0640,0.1926,0.1554
1785432471.74,2,drive,2,1.0,15.0,38.934,25.12,238.70,0.1569,0.1862,0.0484,0.1461,0.0699,0.2419,0.0670,0.0591,0.2375,0.1403,0.2703,0.0616,0.1940,0.1515
1785432471.84,2,drive,3,1.0,15.0,38.934,25.12,238.70,0.1574,0.1887,0.0455,0.1447,0.0723,0.2434,0.0679,0.0572,0.2370,0.1447,0.2688,0.0621,0.1901,0.1544
1785432472.53,2,drive,0,1.5,15.0,38.934,25.12,238.70,0.1588,0.1891,0.0484,0.1417,0.0806,0.2458,0.0714,0.0547,0.2297,0.1491,0.2698,0.0606,0.1784,0.1564
1785432472.63,2,drive,1,1.5,15.0,38.934,25.12,238.70,0.1588,0.1882,0.0455,0.1427,0.0762,0.2473,0.0714,0.0567,0.2292,0.1500,0.2683,0.0645,0.1794,0.1510
1785432472.72,2,drive,2,1.5,15.0,38.934,25.12,238.70,0.1593,0.1872,0.0469,0.1388,0.0792,0.2468,0.0689,0.0567,0.2312,0.1461,0.2678,0.0606,0.1794,0.1525
1785432472.82,2,drive,3,1.5,15.0,38.934,25.12,238.70,0.1564,0.1901,0.0469,0.1432,0.0797,0.2454,0.0718,0.0572,0.2307,0.1481,0.2688,0.0635,0.1804,0.1505
1785432473.51,2,drive,0,2.0,15.0,38.934,25.12,238.70,0.1623,0.1916,0.0464,0.1320,0.0904,0.2493,0.0694,0.0547,0.2155,0.1530,0.2581,0.0630,0.1613,0.1520
1785432473.61,2,drive,1,2.0,15.0,38.934,25.12,238.70,0.1613,0.1911,0.0489,0.1339,0.0914,0.2527,0.0709,0.0528,0.2131,0.1535,0.2590,0.0630,0.1588,0.1574
1785432473.71,2,drive,2,2.0,15.0,38.934,25.12,238.70,0.1584,0.1891,0.0474,0.1325,0.0938,0.2502,0.0704,0.0547,0.2160,0.1510,0.2590,0.0650,0.1598,0.1544
1785432473.80,2,drive,3,2.0,15.0,38.934,25.12,238.70,0.1593,0.1921,0.0489,0.1339,0.0929,0.2478,0.0718,0.0543,0.2141,0.1510,0.2571,0.0640,0.1613,0.1525
1785432474.50,2,drive,0,2.5,15.0,38.934,25.12,238.70,0.1608,0.1926,0.0484,0.1202,0.1090,0.2507,0.0699,0.0552,0.2048,0.1457,0.2356,0.0733,0.1510,0.1525
1785432474.59,2,drive,1,2.5,15.0,38.934,25.12,238.70,0.1608,0.1955,0.0484,0.1212,0.1119,0.2537,0.0704,0.0538,0.2014,0.1476,0.2356,0.0728,0.1525,0.1540
1785432474.69,2,drive,2,2.5,15.0,38.934,25.12,238.70,0.1628,0.1931,0.0489,0.1212,0.1129,0.2507,0.0689,0.0543,0.2038,0.1471,0.2346,0.0738,0.1520,0.1544
1785432474.79,2,drive,3,2.5,15.0,38.934,25.12,238.70,0.1598,0.1950,0.0503,0.1212,0.1114,0.2522,0.0694,0.0557,0.2038,0.1471,0.2351,0.0733,0.1525,0.1540
1785432475.48,2,drive,0,3.0,15.0,38.934,25.12,238.70,0.1628,0.1994,0.0479,0.1197,0.1139,0.2493,0.0645,0.0596,0.2102,0.1217,0.2170,0.0831,0.1642,0.1559
1785432475.58,2,drive,1,3.0,15.0,38.934,25.12,238.70,0.1642,0.1979,0.0489,0.1188,0.1139,0.2502,0.0674,0.0572,0.2092,0.1212,0.2170,0.0836,0.1657,0.1559
1785432475.68,2,drive,2,3.0,15.0,38.934,25.12,238.70,0.1623,0.1994,0.0499,0.1193,0.1149,0.2498,0.0660,0.0587,0.2102,0.1188,0.2180,0.0850,0.1657,0.1554
1785432475.77,2,drive,3,3.0,15.0,38.934,25.12,238.70,0.1632,0.1975,0.0459,0.1207,0.1158,0.2488,0.0635,0.0582,0.2087,0.1222,0.2170,0.0826,0.1676,0.1549
1785432476.47,2,drive,0,3.5,15.0,38.934,25.12,238.70,0.1657,0.2004,0.0479,0.1408,0.0909,0.2439,0.0606,0.0660,0.2175,0.1061,0.2155,0.0846,0.1799,0.1540
1785432476.57,2,drive,1,3.5,15.0,38.934,25.12,238.70,0.1632,0.2023,0.0484,0.1413,0.0904,0.2449,0.0635,0.0630,0.2131,0.1065,0.2155,0.0841,0.1804,0.1554
1785432476.66,2,drive,2,3.5,15.0,38.934,25.12,238.70,0.1652,0.2023,0.0494,0.1427,0.0909,0.2463,0.0626,0.0601,0.2160,0.1070,0.2146,0.0860,0.1813,0.1564
1785432476.76,2,drive,3,3.5,15.0,38.934,25.12,238.70,0.1637,0.2019,0.0494,0.1422,0.0894,0.2449,0.0601,0.0655,0.2146,0.1056,0.2136,0.0855,0.1804,0.1554
1785432477.45,2,drive,0,4.0,15.0,38.934,25.12,238.70,0.1632,0.2038,0.0489,0.1628,0.0689,0.2527,0.0655,0.0616,0.2268,0.1183,0.2395,0.0733,0.1887,0.1544
1785432477.55,2,drive,1,4.0,15.0,38.934,25.12,238.70,0.1667,0.2033,0.0479,0.1623,0.0714,0.2522,0.0660,0.0611,0.2278,0.1202,0.2390,0.0718,0.1887,0.1549
1785432477.65,2,drive,2,4.0,15.0,38.934,25.12,238.70,0.1676,0.2072,0.0499,0.1628,0.0694,0.2512,0.0679,0.0606,0.2292,0.1183,0.2390,0.0723,0.1901,0.1559
1785432477.74,2,drive,3,4.0,15.0,38.934,25.12,238.70,0.1652,0.2023,0.0503,0.1613,0.0679,0.2522,0.0684,0.0616,0.2283,0.1178,0.2405,0.0714,0.1911,0.1559
1785432478.51,4,base,0,0.0,15.0,40.793,25.12,249.66,0.1603,0.2004,0.0464,0.1544,0.0718,0.2493,0.0714,0.0606,0.2463,0.1320,0.2664,0.0655,0.2009,0.1535
1785432478.61,4,base,1,0.0,15.0,40.793,25.12,249.66,0.1613,0.1965,0.0484,0.1549,0.0718,0.2488,0.0704,0.0582,0.2458,0.1325,0.2644,0.0645,0.1975,0.1525
1785432478.70,4,base,2,0.0,15.0,40.793,25.12,249.66,0.1608,0.1999,0.0469,0.1564,0.0699,0.2483,0.0723,0.0577,0.2439,0.1329,0.2644,0.0650,0.1999,0.1535
1785432478.80,4,base,3,0.0,15.0,40.793,25.12,249.66,0.1603,0.1965,0.0474,0.1588,0.0694,0.2483,0.0704,0.0596,0.2468,0.1334,0.2654,0.0650,0.2004,0.1510
1785432479.49,4,drive,0,0.5,15.0,40.793,25.12,249.66,0.1608,0.1975,0.0459,0.1540,0.0714,0.2517,0.0714,0.0572,0.2439,0.1325,0.2649,0.0630,0.1999,0.1510
1785432479.59,4,drive,1,0.5,15.0,40.793,25.12,249.66,0.1613,0.1984,0.0464,0.1559,0.0758,0.2478,0.0699,0.0601,0.2454,0.1334,0.2644,0.0665,0.1979,0.1515
1785432479.69,4,drive,2,0.5,15.0,40.793,25.12,249.66,0.1588,0.2009,0.0499,0.1564,0.0714,0.2488,0.0704,0.0606,0.2444,0.1305,0.2625,0.0665,0.1989,0.1544
1785432479.79,4,drive,3,0.5,15.0,40.793,25.12,249.66,0.1623,0.1979,0.0464,0.1584,0.0743,0.2502,0.0694,0.0616,0.2454,0.1344,0.2610,0.0665,0.1979,0.1544
1785432480.48,4,drive,0,1.0,15.0,40.793,25.12,249.66,0.1618,0.2019,0.0464,0.1569,0.0733,0.2517,0.0684,0.0587,0.2498,0.1300,0.2566,0.0645,0.1989,0.1520
1785432480.57,4,drive,1,1.0,15.0,40.793,25.12,249.66,0.1632,0.2014,0.0459,0.1574,0.0714,0.2532,0.0689,0.0596,0.2434,0.1305,0.2576,0.0626,0.1999,0.1549
1785432480.67,4,drive,2,1.0,15.0,40.793,25.12,249.66,0.1618,0.2023,0.0455,0.1559,0.0718,0.2493,0.0699,0.0591,0.2478,0.1295,0.2566,0.0665,0.2014,0.1535
1785432480.77,4,drive,3,1.0,15.0,40.793,25.12,249.66,0.1608,0.2004,0.0474,0.1544,0.0728,0.2502,0.0714,0.0596,0.2468,0.1320,0.2571,0.0645,0.2009,0.1554
1785432481.46,4,drive,0,1.5,15.0,40.793,25.12,249.66,0.1608,0.2004,0.0484,0.1544,0.0709,0.2507,0.0679,0.0587,0.2478,0.1202,0.2454,0.0674,0.2033,0.1520
1785432481.56,4,drive,1,1.5,15.0,40.793,25.12,249.66,0.1632,0.2004,0.0469,0.1554,0.0728,0.2512,0.0674,0.0606,0.2488,0.1173,0.2439,0.0650,0.2043,0.1515
1785432481.66,4,drive,2,1.5,15.0,40.793,25.12,249.66,0.1628,0.1994,0.0479,0.1554,0.0738,0.2512,0.0684,0.0572,0.2483,0.1202,0.2454,0.0655,0.1999,0.1535
1785432481.75,4,drive,3,1.5,15.0,40.793,25.12,249.66,0.1618,0.1989,0.0474,0.1535,0.0733,0.2517,0.0689,0.0601,0.2478,0.1212,0.2463,0.0670,0.2033,0.1544
1785432482.44,4,drive,0,2.0,15.0,40.793,25.12,249.66,0.1642,0.2038,0.0430,0.1569,0.0723,0.2507,0.0645,0.0577,0.2434,0.1007,0.2253,0.0616,0.2004,0.1549
1785432482.54,4,drive,1,2.0,15.0,40.793,25.12,249.66,0.1632,0.2028,0.0469,0.1584,0.0714,0.2493,0.0630,0.0552,0.2434,0.0997,0.2239,0.0635,0.2043,0.1525
1785432482.64,4,drive,2,2.0,15.0,40.793,25.12,249.66,0.1628,0.2004,0.0464,0.1574,0.0714,0.2493,0.0640,0.0582,0.2410,0.1002,0.2248,0.0626,0.2023,0.1544
1785432482.73,4,drive,3,2.0,15.0,40.793,25.12,249.66,0.1657,0.2014,0.0474,0.1593,0.0723,0.2498,0.0635,0.0572,0.2405,0.0987,0.2258,0.0611,0.2014,0.1520
1785432483.43,4,drive,0,2.5,15.0,40.793,25.12,249.66,0.1623,0.2038,0.0479,0.1681,0.0670,0.2434,0.0562,0.0538,0.2243,0.0821,0.2077,0.0582,0.1901,0.1549
1785432483.53,4,drive,1,2.5,15.0,40.793,25.12,249.66,0.1662,0.2043,0.0489,0.1676,0.0650,0.2434,0.0596,0.0528,0.2219,0.0811,0.2082,0.0562,0.1896,0.1549
1785432483.62,4,drive,2,2.5,15.0,40.793,25.12,249.66,0.1652,0.2072,0.0503,0.1667,0.0650,0.2434,0.0572,0.0547,0.2229,0.0811,0.2077,0.0557,0.1896,0.1515
1785432483.72,4,drive,3,2.5,15.0,40.793,25.12,249.66,0.1662,0.2048,0.0508,0.1686,0.0665,0.2419,0.0577,0.0562,0.2253,0.0802,0.2072,0.0577,0.1901,0.1530
1785432484.41,4,drive,0,3.0,15.0,40.793,25.12,249.66,0.1672,0.2087,0.0484,0.1799,0.0591,0.2317,0.0513,0.0508,0.2033,0.0733,0.2151,0.0562,0.1779,0.1540
1785432484.51,4,drive,1,3.0,15.0,40.793,25.12,249.66,0.1662,0.2067,0.0469,0.1833,0.0587,0.2307,0.0499,0.0479,0.2063,0.0738,0.2131,0.0552,0.1808,0.1554
1785432484.61,4,drive,2,3.0,15.0,40.793,25.12,249.66,0.1667,0.2043,0.0464,0.1833,0.0572,0.2307,0.0503,0.0479,0.2043,0.0743,0.2141,0.0543,0.1818,0.1559
1785432484.70,4,drive,3,3.0,15.0,40.793,25.12,249.66,0.1667,0.2063,0.0494,0.1838,0.0572,0.2312,0.0513,0.0484,0.2043,0.0743,0.2141,0.0552,0.1808,0.1554
1785432485.39,4,drive,0,3.5,15.0,40.793,25.12,249.66,0.1672,0.2087,0.0479,0.1926,0.0538,0.2239,0.0538,0.0474,0.2043,0.1026,0.2639,0.0547,0.1808,0.1549
1785432485.49,4,drive,1,3.5,15.0,40.793,25.12,249.66,0.1637,0.2092,0.0499,0.1906,0.0538,0.2229,0.0572,0.0464,0.2004,0.1002,0.2615,0.0567,0.1823,0.1564
1785432485.59,4,drive,2,3.5,15.0,40.793,25.12,249.66,0.1667,0.2058,0.0518,0.1896,0.0528,0.2258,0.0528,0.0479,0.2023,0.1002,0.2615,0.0562,0.1838,0.1540
1785432485.69,4,drive,3,3.5,15.0,40.793,25.12,249.66,0.1652,0.2072,0.0484,0.1906,0.0547,0.2248,0.0533,0.0499,0.2033,0.1031,0.2634,0.0547,0.1808,0.1554
1785432486.38,4,drive,0,4.0,15.0,40.793,25.12,249.66,0.1657,0.2077,0.0450,0.1789,0.0640,0.2414,0.0655,0.0552,0.2151,0.1398,0.2703,0.0587,0.1813,0.1564
1785432486.48,4,drive,1,4.0,15.0,40.793,25.12,249.66,0.1667,0.2102,0.0484,0.1764,0.0640,0.2419,0.0650,0.0533,0.2121,0.1422,0.2693,0.0621,0.1804,0.1569
1785432486.57,4,drive,2,4.0,15.0,40.793,25.12,249.66,0.1647,0.2063,0.0489,0.1818,0.0596,0.2414,0.0655,0.0552,0.2131,0.1413,0.2674,0.0616,0.1818,0.1544
1785432486.67,4,drive,3,4.0,15.0,40.793,25.12,249.66,0.1667,0.2063,0.0455,0.1774,0.0626,0.2424,0.0645,0.0552,0.2146,0.1408,0.2703,0.0601,0.1808,0.1564
1785432487.45,5,base,0,0.0,15.0,40.813,25.12,249.66,0.1628,0.2043,0.0464,0.1681,0.0665,0.2483,0.0655,0.0591,0.2400,0.1373,0.2605,0.0626,0.1965,0.1520
1785432487.54,5,base,1,0.0,15.0,40.813,25.12,249.66,0.1632,0.2038,0.0469,0.1672,0.0674,0.2483,0.0684,0.0582,0.2414,0.1354,0.2600,0.0601,0.1970,0.1549
1785432487.64,5,base,2,0.0,15.0,40.813,25.12,249.66,0.1623,0.2072,0.0464,0.1672,0.0660,0.2483,0.0670,0.0577,0.2424,0.1373,0.2605,0.0650,0.1970,0.1515
1785432487.74,5,base,3,0.0,15.0,40.813,25.12,249.66,0.1628,0.2072,0.0464,0.1667,0.0660,0.2483,0.0684,0.0577,0.2395,0.1369,0.2615,0.0650,0.1965,0.1525
1785432488.43,5,drive,0,0.5,15.0,40.813,25.12,249.66,0.1623,0.2043,0.0484,0.1696,0.0635,0.2483,0.0689,0.0557,0.2370,0.1378,0.2620,0.0650,0.1965,0.1525
1785432488.53,5,drive,1,0.5,15.0,40.813,25.12,249.66,0.1628,0.2063,0.0459,0.1691,0.0660,0.2473,0.0684,0.0611,0.2395,0.1339,0.2615,0.0621,0.1975,0.1540
1785432488.63,5,drive,2,0.5,15.0,40.813,25.12,249.66,0.1613,0.2048,0.0479,0.1686,0.0660,0.2473,0.0689,0.0587,0.2405,0.1354,0.2615,0.0640,0.1970,0.1530
1785432488.72,5,drive,3,0.5,15.0,40.813,25.12,249.66,0.1632,0.2033,0.0440,0.1686,0.0645,0.2473,0.0650,0.0596,0.2375,0.1369,0.2625,0.0635,0.1965,0.1544
1785432489.42,5,drive,0,1.0,15.0,40.813,25.12,249.66,0.1642,0.2038,0.0455,0.1662,0.0660,0.2498,0.0679,0.0591,0.2414,0.1364,0.2581,0.0655,0.1975,0.1520
1785432489.51,5,drive,1,1.0,15.0,40.813,25.12,249.66,0.1637,0.2082,0.0455,0.1686,0.0674,0.2473,0.0655,0.0572,0.2405,0.1359,0.2595,0.0630,0.1970,0.1564
1785432489.61,5,drive,2,1.0,15.0,40.813,25.12,249.66,0.1628,0.2053,0.0479,0.1686,0.0674,0.2468,0.0689,0.0606,0.2439,0.1349,0.2576,0.0650,0.1989,0.1525
1785432489.71,5,drive,3,1.0,15.0,40.813,25.12,249.66,0.1613,0.2058,0.0489,0.1686,0.0660,0.2483,0.0689,0.0587,0.2419,0.1354,0.2590,0.0655,0.1989,0.1520
1785432490.40,5,drive,0,1.5,15.0,40.813,25.12,249.66,0.1632,0.2053,0.0474,0.1642,0.0684,0.2493,0.0660,0.0582,0.2454,0.1295,0.2463,0.0635,0.2033,0.1520
1785432490.49,5,drive,1,1.5,15.0,40.813,25.12,249.66,0.1603,0.2058,0.0494,0.1652,0.0679,0.2458,0.0665,0.0601,0.2444,0.1310,0.2473,0.0640,0.2023,0.1535
1785432490.59,5,drive,2,1.5,15.0,40.813,25.12,249.66,0.1613,0.2043,0.0484,0.1662,0.0674,0.2468,0.0679,0.0596,0.2439,0.1310,0.2444,0.0635,0.2019,0.1540
1785432490.69,5,drive,3,1.5,15.0,40.813,25.12,249.66,0.1637,0.2063,0.0474,0.1647,0.0679,0.2507,0.0670,0.0591,0.2463,0.1315,0.2483,0.0650,0.2009,0.1535
1785432491.38,5,drive,0,2.0,15.0,40.813,25.12,249.66,0.1632,0.2053,0.0503,0.1662,0.0679,0.2468,0.0674,0.0611,0.2429,0.1114,0.2258,0.0616,0.2043,0.1544
1785432491.48,5,drive,1,2.0,15.0,40.813,25.12,249.66,0.1618,0.2067,0.0494,0.1672,0.0670,0.2468,0.0621,0.0557,0.2463,0.1105,0.2239,0.0606,0.2053,0.1549
1785432491.58,5,drive,2,2.0,15.0,40.813,25.12,249.66,0.1637,0.2063,0.0503,0.1667,0.0674,0.2483,0.0655,0.0567,0.2449,0.1119,0.2283,0.0616,0.2033,0.1535
1785432491.67,5,drive,3,2.0,15.0,40.813,25.12,249.66,0.1628,0.2043,0.0474,0.1676,0.0689,0.2454,0.0616,0.0601,0.2444,0.1129,0.2253,0.0635,0.2053,0.1530
1785432492.37,5,drive,0,2.5,15.0,40.813,25.12,249.66,0.1662,0.2082,0.0479,0.1760,0.0660,0.2400,0.0572,0.0547,0.2322,0.0890,0.2023,0.0577,0.1945,0.1549
1785432492.47,5,drive,1,2.5,15.0,40.813,25.12,249.66,0.1652,0.2087,0.0474,0.1745,0.0665,0.2419,0.0587,0.0552,0.2317,0.0894,0.2043,0.0577,0.1950,0.1535
1785432492.56,5,drive,2,2.5,15.0,40.813,25.12,249.66,0.1642,0.2063,0.0464,0.1735,0.0650,0.2395,0.0572,0.0552,0.2302,0.0894,0.2048,0.0577,0.1955,0.1549
1785432492.66,5,drive,3,2.5,15.0,40.813,25.12,249.66,0.1657,0.2077,0.0479,0.1745,0.0626,0.2405,0.0572,0.0547,0.2317,0.0909,0.1999,0.0587,0.1979,0.1535
1785432493.36,5,drive,0,3.0,15.0,40.813,25.12,249.66,0.1657,0.2082,0.0494,0.1901,0.0572,0.2278,0.0503,0.0513,0.2121,0.0753,0.1994,0.0528,0.1901,0.1574
1785432493.45,5,drive,1,3.0,15.0,40.813,25.12,249.66,0.1667,0.2092,0.0464,0.1872,0.0582,0.2263,0.0508,0.0499,0.2107,0.0748,0.2038,0.0567,0.1857,0.1554
1785432493.55,5,drive,2,3.0,15.0,40.813,25.12,249.66,0.1647,0.2082,0.0484,0.1867,0.0596,0.2248,0.0518,0.0503,0.2126,0.0772,0.2023,0.0562,0.1891,0.1554
1785432493.65,5,drive,3,3.0,15.0,40.813,25.12,249.66,0.1667,0.2072,0.0494,0.1857,0.0572,0.2263,0.0503,0.0499,0.2111,0.0753,0.2033,0.0528,0.1882,0.1525
1785432494.34,5,drive,0,3.5,15.0,40.813,25.12,249.66,0.1652,0.2102,0.0499,0.1989,0.0533,0.2185,0.0538,0.0474,0.2004,0.0929,0.2458,0.0547,0.1852,0.1535
1785432494.44,5,drive,1,3.5,15.0,40.813,25.12,249.66,0.1657,0.2116,0.0469,0.1984,0.0543,0.2170,0.0499,0.0464,0.2009,0.0929,0.2458,0.0543,0.1828,0.1544
1785432494.53,5,drive,2,3.5,15.0,40.813,25.12,249.66,0.1691,0.2121,0.0508,0.1960,0.0538,0.2165,0.0523,0.0508,0.1984,0.0924,0.2458,0.0533,0.1823,0.1535
1785432494.63,5,drive,3,3.5,15.0,40.813,25.12,249.66,0.1672,0.2121,0.0489,0.1984,0.0552,0.2185,0.0503,0.0484,0.2019,0.0943,0.2444,0.0552,0.1843,0.1549
1785432495.32,5,drive,0,4.0,15.0,40.813,25.12,249.66,0.1686,0.2141,0.0484,0.1877,0.0660,0.2400,0.0611,0.0528,0.2092,0.1315,0.2581,0.0616,0.1818,0.1540
1785432495.42,5,drive,1,4.0,15.0,40.813,25.12,249.66,0.1681,0.2175,0.0474,0.1896,0.0630,0.2395,0.0630,0.0518,0.2107,0.1339,0.2556,0.0567,0.1813,0.1569
1785432495.52,5,drive,2,4.0,15.0,40.813,25.12,249.66,0.1676,0.2141,0.0499,0.1901,0.0630,0.2370,0.0626,0.0538,0.2111,0.1325,0.2556,0.0596,0.1818,0.1554
1785432495.62,5,drive,3,4.0,15.0,40.813,25.12,249.66,0.1681,0.2175,0.0459,0.1872,0.0635,0.2400,0.0630,0.0567,0.2067,0.1300,0.2551,0.0606,0.1784,0.1569
1785432496.38,8,base,0,0.0,15.0,40.833,25.12,249.66,0.1603,0.2082,0.0464,0.1755,0.0660,0.2429,0.0665,0.0567,0.2312,0.1398,0.2556,0.0621,0.1896,0.1530
1785432496.48,8,base,1,0.0,15.0,40.833,25.12,249.66,0.1623,0.2072,0.0450,0.1769,0.0679,0.2444,0.0655,0.0567,0.2322,0.1413,0.2590,0.0626,0.1901,0.1510
1785432496.58,8,base,2,0.0,15.0,40.833,25.12,249.66,0.1632,0.2072,0.0474,0.1764,0.0655,0.2439,0.0645,0.0591,0.2326,0.1403,0.2590,0.0611,0.1901,0.1535
1785432496.67,8,base,3,0.0,15.0,40.833,25.12,249.66,0.1623,0.2063,0.0445,0.1769,0.0655,0.2410,0.0650,0.0582,0.2326,0.1393,0.2566,0.0630,0.1911,0.1520
1785432497.37,8,drive,0,0.5,15.0,40.833,25.12,249.66,0.1608,0.2077,0.0484,0.1769,0.0665,0.2434,0.0670,0.0587,0.2312,0.1403,0.2556,0.0635,0.1887,0.1515
1785432497.47,8,drive,1,0.5,15.0,40.833,25.12,249.66,0.1632,0.2121,0.0445,0.1764,0.0679,0.2454,0.0630,0.0582,0.2283,0.1388,0.2571,0.0640,0.1877,0.1510
1785432497.56,8,drive,2,0.5,15.0,40.833,25.12,249.66,0.1613,0.2092,0.0474,0.1764,0.0660,0.2414,0.0650,0.0582,0.2307,0.1388,0.2551,0.0645,0.1891,0.1481
1785432497.66,8,drive,3,0.5,15.0,40.833,25.12,249.66,0.1608,0.2087,0.0464,0.1784,0.0650,0.2424,0.0640,0.0591,0.2292,0.1398,0.2571,0.0630,0.1887,0.1525
1785432498.35,8,drive,0,1.0,15.0,40.833,25.12,249.66,0.1632,0.2097,0.0469,0.1789,0.0645,0.2449,0.0655,0.0562,0.2322,0.1373,0.2556,0.0611,0.1891,0.1520
1785432498.45,8,drive,1,1.0,15.0,40.833,25.12,249.66,0.1647,0.2092,0.0474,0.1804,0.0679,0.2454,0.0650,0.0572,0.2326,0.1403,0.2571,0.0635,0.1882,0.1520
1785432498.54,8,drive,2,1.0,15.0,40.833,25.12,249.66,0.1632,0.2111,0.0450,0.1769,0.0674,0.2444,0.0645,0.0582,0.2317,0.1393,0.2566,0.0621,0.1877,0.1525
1785432498.64,8,drive,3,1.0,15.0,40.833,25.12,249.66,0.1613,0.2121,0.0469,0.1760,0.0665,0.2473,0.0660,0.0591,0.2307,0.1403,0.2556,0.0640,0.1891,0.1510
1785432499.33,8,drive,0,1.5,15.0,40.833,25.12,249.66,0.1618,0.2097,0.0474,0.1779,0.0665,0.2429,0.0674,0.0606,0.2322,0.1422,0.2581,0.0601,0.1891,0.1520
1785432499.43,8,drive,1,1.5,15.0,40.833,25.12,249.66,0.1642,0.2141,0.0489,0.1794,0.0679,0.2463,0.0630,0.0582,0.2312,0.1398,0.2566,0.0616,0.1882,0.1510
1785432499.53,8,drive,2,1.5,15.0,40.833,25.12,249.66,0.1662,0.2116,0.0459,0.1794,0.0674,0.2449,0.0670,0.0567,0.2307,0.1383,0.2571,0.0635,0.1877,0.1540
1785432499.62,8,drive,3,1.5,15.0,40.833,25.12,249.66,0.1623,0.2092,0.0479,0.1769,0.0665,0.2439,0.0674,0.0567,0.2336,0.1388,0.2542,0.0621,0.1901,0.1515
1785432500.32,8,drive,0,2.0,15.0,40.833,25.12,249.66,0.1632,0.2102,0.0479,0.1799,0.0645,0.2439,0.0645,0.0601,0.2317,0.1388,0.2571,0.0635,0.1891,0.1520
1785432500.42,8,drive,1,2.0,15.0,40.833,25.12,249.66,0.1637,0.2121,0.0464,0.1804,0.0665,0.2439,0.0660,0.0582,0.2307,0.1393,0.2586,0.0621,0.1901,0.1535
1785432500.51,8,drive,2,2.0,15.0,40.833,25.12,249.66,0.1647,0.2131,0.0450,0.1808,0.0679,0.2439,0.0650,0.0616,0.2317,0.1398,0.2556,0.0630,0.1887,0.1510
1785432500.61,8,drive,3,2.0,15.0,40.833,25.12,249.66,0.1632,0.2141,0.0464,0.1794,0.0665,0.2449,0.0655,0.0582,0.2326,0.1383,0.2522,0.0630,0.1906,0.1530
1785432501.30,8,drive,0,2.5,15.0,40.833,25.12,249.66,0.1618,0.2146,0.0459,0.1799,0.0670,0.2424,0.0655,0.0606,0.2312,0.1364,0.2532,0.0645,0.1906,0.1515
1785432501.40,8,drive,1,2.5,15.0,40.833,25.12,249.66,0.1672,0.2151,0.0455,0.1794,0.0679,0.2419,0.0670,0.0591,0.2312,0.1354,0.2571,0.0630,0.1887,0.1515
1785432501.50,8,drive,2,2.5,15.0,40.833,25.12,249.66,0.1642,0.2141,0.0469,0.1760,0.0679,0.2414,0.0670,0.0591,0.2322,0.1383,0.2566,0.0630,0.1896,0.1535
1785432501.60,8,drive,3,2.5,15.0,40.833,25.12,249.66,0.1657,0.2121,0.0455,0.1794,0.0694,0.2449,0.0655,0.0596,0.2307,0.1378,0.2556,0.0635,0.1906,0.1500
1785432502.29,8,drive,0,3.0,15.0,40.833,25.12,249.66,0.1667,0.2141,0.0464,0.1799,0.0684,0.2444,0.0635,0.0577,0.2336,0.1369,0.2561,0.0616,0.1901,0.1535
1785432502.39,8,drive,1,3.0,15.0,40.833,25.12,249.66,0.1647,0.2121,0.0450,0.1799,0.0689,0.2454,0.0670,0.0596,0.2341,0.1364,0.2532,0.0630,0.1935,0.1510
1785432502.48,8,drive,2,3.0,15.0,40.833,25.12,249.66,0.1652,0.2131,0.0455,0.1813,0.0670,0.2449,0.0665,0.0596,0.2341,0.1369,0.2556,0.0601,0.1916,0.1520
1785432502.58,8,drive,3,3.0,15.0,40.833,25.12,249.66,0.1652,0.2141,0.0469,0.1779,0.0665,0.2458,0.0645,0.0591,0.2341,0.1354,0.2551,0.0611,0.1921,0.1500
1785432503.27,8,drive,0,3.5,15.0,40.833,25.12,249.66,0.1652,0.2107,0.0479,0.1804,0.0674,0.2434,0.0684,0.0596,0.2341,0.1359,0.2537,0.0630,0.1926,0.1510
1785432503.37,8,drive,1,3.5,15.0,40.833,25.12,249.66,0.1628,0.2121,0.0494,0.1808,0.0679,0.2444,0.0655,0.0572,0.2341,0.1359,0.2532,0.0611,0.1960,0.1520
1785432503.47,8,drive,2,3.5,15.0,40.833,25.12,249.66,0.1647,0.2131,0.0455,0.1804,0.0694,0.2454,0.0650,0.0606,0.2331,0.1349,0.2551,0.0611,0.1926,0.1515
1785432503.56,8,drive,3,3.5,15.0,40.833,25.12,249.66,0.1647,0.2111,0.0459,0.1808,0.0714,0.2434,0.0660,0.0577,0.2336,0.1354,0.2542,0.0621,0.1935,0.1520
1785432504.26,8,drive,0,4.0,15.0,40.833,25.12,249.66,0.1647,0.2165,0.0474,0.1774,0.0684,0.2458,0.0660,0.0572,0.2351,0.1349,0.2561,0.0650,0.1935,0.1525
1785432504.36,8,drive,1,4.0,15.0,40.833,25.12,249.66,0.1647,0.2160,0.0459,0.1789,0.0650,0.2458,0.0665,0.0572,0.2346,0.1354,0.2532,0.0611,0.1945,0.1505
1785432504.45,8,drive,2,4.0,15.0,40.833,25.12,249.66,0.1608,0.2136,0.0479,0.1813,0.0670,0.2458,0.0655,0.0596,0.2336,0.1369,0.2522,0.0616,0.1940,0.1510
1785432504.55,8,drive,3,4.0,15.0,40.833,25.12,249.66,0.1652,0.2131,0.0464,0.1779,0.0684,0.2458,0.0660,0.0562,0.2341,0.1359,0.2532,0.0630,0.1926,0.1540
1785432505.32,9,base,0,0.0,15.0,40.873,25.12,249.66,0.1623,0.2141,0.0464,0.1779,0.0679,0.2434,0.0660,0.0591,0.2361,0.1339,0.2537,0.0630,0.1945,0.1525
1785432505.41,9,base,1,0.0,15.0,40.873,25.12,249.66,0.1652,0.2141,0.0479,0.1818,0.0704,0.2424,0.0650,0.0587,0.2361,0.1344,0.2532,0.0606,0.1950,0.1530
1785432505.51,9,base,2,0.0,15.0,40.873,25.12,249.66,0.1632,0.2126,0.0464,0.1789,0.0689,0.2454,0.0650,0.0587,0.2366,0.1369,0.2537,0.0635,0.1950,0.1530
1785432505.61,9,base,3,0.0,15.0,40.873,25.12,249.66,0.1647,0.2146,0.0445,0.1784,0.0684,0.2468,0.0670,0.0591,0.2346,0.1373,0.2546,0.0635,0.1931,0.1525
1785432506.30,9,drive,0,0.5,15.0,40.873,25.12,249.66,0.1652,0.2155,0.0464,0.1808,0.0699,0.2458,0.0635,0.0577,0.2366,0.1329,0.2537,0.0621,0.1955,0.1540
1785432506.39,9,drive,1,0.5,15.0,40.873,25.12,249.66,0.1667,0.2141,0.0469,0.1808,0.0689,0.2449,0.0674,0.0572,0.2346,0.1344,0.2566,0.0611,0.1950,0.1540
1785432506.49,9,drive,2,0.5,15.0,40.873,25.12,249.66,0.1642,0.2151,0.0469,0.1818,0.0674,0.2449,0.0679,0.0606,0.2356,0.1334,0.2546,0.0635,0.1955,0.1535
1785432506.59,9,drive,3,0.5,15.0,40.873,25.12,249.66,0.1647,0.2136,0.0484,0.1784,0.0674,0.2473,0.0645,0.0596,0.2366,0.1339,0.2546,0.0616,0.1970,0.1510
1785432507.28,9,drive,0,1.0,15.0,40.873,25.12,249.66,0.1632,0.2155,0.0469,0.1789,0.0699,0.2439,0.0665,0.0616,0.2351,0.1320,0.2551,0.0621,0.1965,0.1525
1785432507.38,9,drive,1,1.0,15.0,40.873,25.12,249.66,0.1623,0.2136,0.0455,0.1784,0.0674,0.2454,0.0650,0.0596,0.2385,0.1349,0.2556,0.0626,0.1945,0.1510
1785432507.48,9,drive,2,1.0,15.0,40.873,25.12,249.66,0.1667,0.2116,0.0474,0.1813,0.0714,0.2454,0.0670,0.0596,0.2370,0.1334,0.2537,0.0621,0.1984,0.1530
1785432507.57,9,drive,3,1.0,15.0,40.873,25.12,249.66,0.1672,0.2146,0.0450,0.1799,0.0684,0.2454,0.0660,0.0601,0.2380,0.1339,0.2546,0.0626,0.1940,0.1510
1785432508.26,9,drive,0,1.5,15.0,40.873,25.12,249.66,0.1652,0.2165,0.0464,0.1784,0.0684,0.2458,0.0655,0.0596,0.2370,0.1325,0.2537,0.0621,0.1945,0.1535
1785432508.36,9,drive,1,1.5,15.0,40.873,25.12,249.66,0.1628,0.2136,0.0484,0.1794,0.0679,0.2473,0.0660,0.0606,0.2385,0.1325,0.2532,0.0601,0.1950,0.1540
1785432508.46,9,drive,2,1.5,15.0,40.873,25.12,249.66,0.1642,0.2165,0.0440,0.1774,0.0694,0.2468,0.0655,0.0601,0.2351,0.1364,0.2542,0.0616,0.1960,0.1535
1785432508.56,9,drive,3,1.5,15.0,40.873,25.12,249.66,0.1642,0.2126,0.0455,0.1804,0.0694,0.2444,0.0650,0.0591,0.2390,0.1334,0.2537,0.0601,0.1960,0.1535
1785432509.25,9,drive,0,2.0,15.0,40.873,25.12,249.66,0.1642,0.2165,0.0484,0.1794,0.0709,0.2454,0.0655,0.0596,0.2366,0.1339,0.2546,0.0640,0.1940,0.1520
1785432509.35,9,drive,1,2.0,15.0,40.873,25.12,249.66,0.1618,0.2155,0.0435,0.1804,0.0689,0.2454,0.0645,0.0611,0.2380,0.1329,0.2546,0.0626,0.1970,0.1510
1785432509.44,9,drive,2,2.0,15.0,40.873,25.12,249.66,0.1657,0.2155,0.0479,0.1799,0.0684,0.2449,0.0665,0.0616,0.2390,0.1334,0.2546,0.0621,0.1945,0.1540
1785432509.54,9,drive,3,2.0,15.0,40.873,25.12,249.66,0.1667,0.2151,0.0474,0.1804,0.0709,0.2424,0.0674,0.0591,0.2390,0.1320,0.2542,0.0621,0.1921,0.1535
1785432510.23,9,drive,0,2.5,15.0,40.873,25.12,249.66,0.1647,0.2160,0.0464,0.1808,0.0679,0.2458,0.0674,0.0596,0.2356,0.1315,0.2556,0.0626,0.1935,0.1530
1785432510.33,9,drive,1,2.5,15.0,40.873,25.12,249.66,0.1642,0.2160,0.0469,0.1813,0.0684,0.2439,0.0655,0.0611,0.2380,0.1325,0.2537,0.0606,0.1960,0.1530
1785432510.43,9,drive,2,2.5,15.0,40.873,25.12,249.66,0.1613,0.2136,0.0464,0.1804,0.0694,0.2429,0.0660,0.0601,0.2366,0.1320,0.2556,0.0626,0.1970,0.1530
1785432510.52,9,drive,3,2.5,15.0,40.873,25.12,249.66,0.1662,0.2131,0.0450,0.1808,0.0694,0.2419,0.0645,0.0596,0.2366,0.1315,0.2537,0.0606,0.1955,0.1530
1785432511.22,9,drive,0,3.0,15.0,40.873,25.12,249.66,0.1657,0.2170,0.0455,0.1808,0.0679,0.2444,0.0660,0.0596,0.2375,0.1339,0.2537,0.0596,0.1960,0.1544
1785432511.32,9,drive,1,3.0,15.0,40.873,25.12,249.66,0.1647,0.2146,0.0455,0.1828,0.0679,0.2439,0.0670,0.0606,0.2366,0.1320,0.2551,0.0616,0.1955,0.1525
1785432511.41,9,drive,2,3.0,15.0,40.873,25.12,249.66,0.1647,0.2175,0.0450,0.1818,0.0699,0.2434,0.0645,0.0626,0.2370,0.1320,0.2517,0.0650,0.1955,0.1520
1785432511.51,9,drive,3,3.0,15.0,40.873,25.12,249.66,0.1647,0.2160,0.0474,0.1813,0.0684,0.2429,0.0670,0.0621,0.2361,0.1320,0.2517,0.0616,0.1975,0.1535
1785432512.20,9,drive,0,3.5,15.0,40.873,25.12,249.66,0.1647,0.2160,0.0474,0.1823,0.0699,0.2449,0.0670,0.0606,0.2361,0.1320,0.2542,0.0645,0.1960,0.1525
1785432512.30,9,drive,1,3.5,15.0,40.873,25.12,249.66,0.1647,0.2155,0.0474,0.1828,0.0684,0.2449,0.0694,0.0611,0.2361,0.1320,0.2527,0.0606,0.1950,0.1540
1785432512.39,9,drive,2,3.5,15.0,40.873,25.12,249.66,0.1672,0.2170,0.0469,0.1823,0.0670,0.2458,0.0660,0.0606,0.2366,0.1320,0.2532,0.0611,0.1955,0.1540
1785432512.49,9,drive,3,3.5,15.0,40.873,25.12,249.66,0.1647,0.2146,0.0464,0.1818,0.0699,0.2449,0.0655,0.0606,0.2361,0.1290,0.2522,0.0601,0.1979,0.1535
1785432513.19,9,drive,0,4.0,15.0,40.873,25.12,249.66,0.1647,0.2155,0.0489,0.1823,0.0670,0.2429,0.0670,0.0606,0.2375,0.1305,0.2561,0.0640,0.1975,0.1535
1785432513.28,9,drive,1,4.0,15.0,40.873,25.12,249.66,0.1681,0.2165,0.0469,0.1813,0.0679,0.2458,0.0665,0.0616,0.2346,0.1315,0.2556,0.0621,0.1935,0.1496
1785432513.38,9,drive,2,4.0,15.0,40.873,25.12,249.66,0.1632,0.2151,0.0464,0.1813,0.0655,0.2424,0.0684,0.0640,0.2370,0.1325,0.2532,0.0626,0.1975,0.1515
1785432513.48,9,drive,3,4.0,15.0,40.873,25.12,249.66,0.1647,0.2155,0.0469,0.1818,0.0689,0.2458,0.0670,0.0606,0.2375,0.1325,0.2532,0.0611,0.1965,0.1544
1785432514.25,14,base,0,0.0,15.0,40.833,25.12,249.66,0.1637,0.2175,0.0459,0.1823,0.0684,0.2454,0.0689,0.0606,0.2375,0.1320,0.2522,0.0621,0.1965,0.1500
1785432514.35,14,base,1,0.0,15.0,40.833,25.12,249.66,0.1628,0.2165,0.0464,0.1818,0.0670,0.2449,0.0689,0.0591,0.2370,0.1315,0.2551,0.0601,0.1945,0.1515
1785432514.44,14,base,2,0.0,15.0,40.833,25.12,249.66,0.1647,0.2170,0.0474,0.1848,0.0670,0.2439,0.0660,0.0635,0.2395,0.1310,0.2542,0.0601,0.1970,0.1520
1785432514.54,14,base,3,0.0,15.0,40.833,25.12,249.66,0.1652,0.2160,0.0484,0.1794,0.0699,0.2449,0.0674,0.0601,0.2370,0.1325,0.2542,0.0640,0.1965,0.1510
1785432515.24,14,drive,0,0.5,15.0,40.833,25.12,249.66,0.1657,0.2175,0.0474,0.1828,0.0679,0.2449,0.0665,0.0596,0.2351,0.1325,0.2551,0.0630,0.1960,0.1535
1785432515.33,14,drive,1,0.5,15.0,40.833,25.12,249.66,0.1652,0.2185,0.0455,0.1779,0.0670,0.2444,0.0655,0.0621,0.2356,0.1320,0.2566,0.0626,0.1955,0.1515
1785432515.43,14,drive,2,0.5,15.0,40.833,25.12,249.66,0.1672,0.2160,0.0469,0.1804,0.0684,0.2463,0.0679,0.0587,0.2361,0.1329,0.2546,0.0606,0.1960,0.1530
1785432515.53,14,drive,3,0.5,15.0,40.833,25.12,249.66,0.1667,0.2170,0.0474,0.1848,0.0694,0.2454,0.0660,0.0635,0.2370,0.1300,0.2546,0.0611,0.1955,0.1520
1785432516.22,14,drive,0,1.0,15.0,40.833,25.12,249.66,0.1628,0.2165,0.0469,0.1828,0.0699,0.2449,0.0660,0.0601,0.2375,0.1305,0.2527,0.0606,0.1950,0.1510
1785432516.32,14,drive,1,1.0,15.0,40.833,25.12,249.66,0.1652,0.2199,0.0474,0.1828,0.0665,0.2444,0.0674,0.0606,0.2375,0.1310,0.2556,0.0616,0.1975,0.1520
1785432516.41,14,drive,2,1.0,15.0,40.833,25.12,249.66,0.1637,0.2195,0.0469,0.1833,0.0689,0.2458,0.0660,0.0601,0.2385,0.1300,0.2542,0.0626,0.1979,0.1544
1785432516.51,14,drive,3,1.0,15.0,40.833,25.12,249.66,0.1652,0.2180,0.0484,0.1813,0.0689,0.2468,0.0655,0.0591,0.2375,0.1320,0.2542,0.0626,0.1965,0.1520
1785432517.20,14,drive,0,1.5,15.0,40.833,25.12,249.66,0.1652,0.2190,0.0464,0.1823,0.0679,0.2449,0.0665,0.0606,0.2380,0.1310,0.2561,0.0601,0.1970,0.1530
1785432517.30,14,drive,1,1.5,15.0,40.833,25.12,249.66,0.1647,0.2160,0.0474,0.1838,0.0679,0.2454,0.0665,0.0626,0.2390,0.1320,0.2551,0.0626,0.1979,0.1505
1785432517.40,14,drive,2,1.5,15.0,40.833,25.12,249.66,0.1642,0.2190,0.0469,0.1823,0.0699,0.2478,0.0684,0.0596,0.2356,0.1300,0.2546,0.0587,0.1955,0.1535
1785432517.49,14,drive,3,1.5,15.0,40.833,25.12,249.66,0.1672,0.2160,0.0445,0.1828,0.0694,0.2449,0.0670,0.0591,0.2400,0.1315,0.2537,0.0587,0.1965,0.1515
1785432518.19,14,drive,0,2.0,15.0,40.833,25.12,249.66,0.1637,0.2185,0.0474,0.1833,0.0699,0.2449,0.0670,0.0601,0.2395,0.1320,0.2537,0.0611,0.1975,0.1525
1785432518.29,14,drive,1,2.0,15.0,40.833,25.12,249.66,0.1672,0.2185,0.0479,0.1833,0.0670,0.2468,0.0655,0.0606,0.2390,0.1320,0.2566,0.0601,0.1955,0.1505
1785432518.38,14,drive,2,2.0,15.0,40.833,25.12,249.66,0.1681,0.2190,0.0489,0.1838,0.0674,0.2463,0.0670,0.0611,0.2395,0.1339,0.2542,0.0601,0.1955,0.1515
1785432518.48,14,drive,3,2.0,15.0,40.833,25.12,249.66,0.1637,0.2185,0.0464,0.1833,0.0674,0.2439,0.0684,0.0611,0.2405,0.1305,0.2542,0.0606,0.1979,0.1544
1785432519.17,14,drive,0,2.5,15.0,40.833,25.12,249.66,0.1652,0.2155,0.0474,0.1808,0.0645,0.2468,0.0665,0.0591,0.2395,0.1315,0.2546,0.0611,0.1950,0.1515
1785432519.27,14,drive,1,2.5,15.0,40.833,25.12,249.66,0.1657,0.2185,0.0459,0.1818,0.0660,0.2498,0.0665,0.0616,0.2405,0.1310,0.2551,0.0587,0.1955,0.1520
1785432519.37,14,drive,2,2.5,15.0,40.833,25.12,249.66,0.1637,0.2195,0.0474,0.1828,0.0650,0.2458,0.0674,0.0621,0.2400,0.1300,0.2571,0.0611,0.1955,0.1505
1785432519.46,14,drive,3,2.5,15.0,40.833,25.12,249.66,0.1647,0.2199,0.0455,0.1818,0.0665,0.2488,0.0660,0.0596,0.2400,0.1320,0.2537,0.0621,0.1975,0.1515
1785432520.16,14,drive,0,3.0,15.0,40.833,25.12,249.66,0.1628,0.2190,0.0469,0.1833,0.0670,0.2454,0.0660,0.0626,0.2395,0.1295,0.2527,0.0596,0.1955,0.1515
1785432520.26,14,drive,1,3.0,15.0,40.833,25.12,249.66,0.1642,0.2151,0.0479,0.1838,0.0674,0.2463,0.0679,0.0601,0.2400,0.1315,0.2551,0.0621,0.1970,0.1520
1785432520.35,14,drive,2,3.0,15.0,40.833,25.12,249.66,0.1676,0.2185,0.0440,0.1833,0.0684,0.2439,0.0674,0.0621,0.2375,0.1315,0.2551,0.0626,0.1955,0.1515
1785432520.45,14,drive,3,3.0,15.0,40.833,25.12,249.66,0.1652,0.2195,0.0445,0.1848,0.0694,0.2463,0.0670,0.0606,0.2414,0.1295,0.2532,0.0630,0.1989,0.1520
1785432521.15,14,drive,0,3.5,15.0,40.833,25.12,249.66,0.1662,0.2190,0.0469,0.1852,0.0674,0.2483,0.0665,0.0626,0.2405,0.1325,0.2542,0.0582,0.1994,0.1535
1785432521.24,14,drive,1,3.5,15.0,40.833,25.12,249.66,0.1662,0.2185,0.0450,0.1843,0.0684,0.2439,0.0689,0.0591,0.2400,0.1315,0.2561,0.0591,0.1970,0.1540
1785432521.34,14,drive,2,3.5,15.0,40.833,25.12,249.66,0.1637,0.2190,0.0464,0.1823,0.0684,0.2449,0.0709,0.0616,0.2390,0.1315,0.2561,0.0577,0.1984,0.1530
1785432521.44,14,drive,3,3.5,15.0,40.833,25.12,249.66,0.1623,0.2175,0.0494,0.1843,0.0665,0.2449,0.0674,0.0611,0.2414,0.1310,0.2551,0.0601,0.1965,0.1530
1785432522.13,14,drive,0,4.0,15.0,40.833,25.12,249.66,0.1686,0.2199,0.0415,0.1848,0.0665,0.2454,0.0674,0.0606,0.2390,0.1315,0.2566,0.0596,0.1979,0.1535
1785432522.22,14,drive,1,4.0,15.0,40.833,25.12,249.66,0.1652,0.2209,0.0474,0.1857,0.0684,0.2478,0.0665,0.0596,0.2414,0.1295,0.2542,0.0611,0.1970,0.1505
1785432522.32,14,drive,2,4.0,15.0,40.833,25.12,249.66,0.1642,0.2199,0.0474,0.1852,0.0665,0.2454,0.0665,0.0567,0.2400,0.1315,0.2522,0.0577,0.1979,0.1540
1785432522.42,14,drive,3,4.0,15.0,40.833,25.12,249.66,0.1623,0.2190,0.0474,0.1808,0.0660,0.2463,0.0660,0.0626,0.2410,0.1315,0.2542,0.0616,0.1979,0.1505
1785432523.18,15,base,0,0.0,15.0,40.773,25.12,249.66,0.1667,0.2190,0.0484,0.1848,0.0665,0.2444,0.0665,0.0621,0.2419,0.1310,0.2542,0.0596,0.1979,0.1520
1785432523.28,15,base,1,0.0,15.0,40.773,25.12,249.66,0.1662,0.2141,0.0455,0.1872,0.0665,0.2434,0.0670,0.0645,0.2429,0.1295,0.2542,0.0611,0.1965,0.1520
1785432523.38,15,base,2,0.0,15.0,40.773,25.12,249.66,0.1657,0.2160,0.0445,0.1852,0.0650,0.2463,0.0679,0.0626,0.2419,0.1320,0.2551,0.0587,0.1989,0.1520
1785432523.48,15,base,3,0.0,15.0,40.773,25.12,249.66,0.1686,0.2180,0.0459,0.1867,0.0670,0.2468,0.0674,0.0577,0.2419,0.1315,0.2576,0.0601,0.1994,0.1554
1785432524.17,15,drive,0,0.5,15.0,40.773,25.12,249.66,0.1652,0.2185,0.0464,0.1833,0.0660,0.2458,0.0670,0.0645,0.2395,0.1310,0.2556,0.0640,0.1965,0.1505
1785432524.27,15,drive,1,0.5,15.0,40.773,25.12,249.66,0.1642,0.2165,0.0459,0.1857,0.0674,0.2454,0.0689,0.0626,0.2429,0.1300,0.2542,0.0601,0.1979,0.1505
1785432524.36,15,drive,2,0.5,15.0,40.773,25.12,249.66,0.1662,0.2170,0.0464,0.1808,0.0674,0.2449,0.0689,0.0611,0.2424,0.1310,0.2571,0.0587,0.1975,0.1505
1785432524.46,15,drive,3,0.5,15.0,40.773,25.12,249.66,0.1623,0.2170,0.0469,0.1833,0.0665,0.2454,0.0665,0.0645,0.2410,0.1305,0.2556,0.0601,0.1984,0.1510
1785432525.16,15,drive,0,1.0,15.0,40.773,25.12,249.66,0.1657,0.2175,0.0459,0.1838,0.0670,0.2454,0.0679,0.0582,0.2434,0.1329,0.2561,0.0572,0.1989,0.1510
1785432525.25,15,drive,1,1.0,15.0,40.773,25.12,249.66,0.1657,0.2175,0.0455,0.1852,0.0674,0.2473,0.0679,0.0616,0.2395,0.1320,0.2566,0.0582,0.1960,0.1520
1785432525.35,15,drive,2,1.0,15.0,40.773,25.12,249.66,0.1657,0.2175,0.0450,0.1848,0.0655,0.2439,0.0665,0.0591,0.2434,0.1310,0.2546,0.0596,0.2023,0.1510
1785432525.45,15,drive,3,1.0,15.0,40.773,25.12,249.66,0.1637,0.2146,0.0464,0.1857,0.0660,0.2458,0.0670,0.0621,0.2434,0.1315,0.2532,0.0587,0.1984,0.1535
1785432526.14,15,drive,0,1.5,15.0,40.773,25.12,249.66,0.1628,0.2180,0.0459,0.1843,0.0640,0.2458,0.0670,0.0606,0.2395,0.1315,0.2551,0.0587,0.1984,0.1520
1785432526.24,15,drive,1,1.5,15.0,40.773,25.12,249.66,0.1647,0.2185,0.0474,0.1848,0.0684,0.2439,0.0670,0.0616,0.2429,0.1329,0.2556,0.0582,0.1975,0.1525
1785432526.34,15,drive,2,1.5,15.0,40.773,25.12,249.66,0.1642,0.2160,0.0459,0.1838,0.0655,0.2458,0.0684,0.0606,0.2424,0.1320,0.2566,0.0587,0.1989,0.1500
1785432526.43,15,drive,3,1.5,15.0,40.773,25.12,249.66,0.1642,0.2185,0.0469,0.1852,0.0670,0.2439,0.0665,0.0606,0.2463,0.1325,0.2542,0.0606,0.1975,0.1500
1785432527.13,15,drive,0,2.0,15.0,40.773,25.12,249.66,0.1642,0.2185,0.0469,0.1838,0.0670,0.2444,0.0665,0.0606,0.2434,0.1315,0.2551,0.0587,0.1989,0.1515
1785432527.23,15,drive,1,2.0,15.0,40.773,25.12,249.66,0.1652,0.2180,0.0474,0.1838,0.0665,0.2478,0.0674,0.0601,0.2414,0.1329,0.2556,0.0582,0.1994,0.1491
1785432527.32,15,drive,2,2.0,15.0,40.773,25.12,249.66,0.1652,0.2165,0.0474,0.1828,0.0679,0.2458,0.0694,0.0616,0.2424,0.1300,0.2561,0.0587,0.2009,0.1520
1785432527.42,15,drive,3,2.0,15.0,40.773,25.12,249.66,0.1652,0.2175,0.0459,0.1833,0.0640,0.2454,0.0694,0.0616,0.2434,0.1320,0.2561,0.0616,0.1955,0.1520
1785432528.11,15,drive,0,2.5,15.0,40.773,25.12,249.66,0.1628,0.2190,0.0469,0.1818,0.0645,0.2439,0.0674,0.0621,0.2424,0.1315,0.2571,0.0601,0.1975,0.1525
1785432528.21,15,drive,1,2.5,15.0,40.773,25.12,249.66,0.1637,0.2175,0.0455,0.1852,0.0655,0.2458,0.0665,0.0601,0.2429,0.1310,0.2590,0.0591,0.1984,0.1515
1785432528.31,15,drive,2,2.5,15.0,40.773,25.12,249.66,0.1647,0.2170,0.0459,0.1818,0.0655,0.2449,0.0650,0.0606,0.2434,0.1349,0.2576,0.0587,0.1965,0.1510
1785432528.40,15,drive,3,2.5,15.0,40.773,25.12,249.66,0.1632,0.2141,0.0479,0.1862,0.0650,0.2468,0.0660,0.0596,0.2424,0.1320,0.2561,0.0596,0.1970,0.1515
1785432529.10,15,drive,0,3.0,15.0,40.773,25.12,249.66,0.1667,0.2185,0.0450,0.1848,0.0674,0.2458,0.0684,0.0611,0.2419,0.1325,0.2561,0.0577,0.1979,0.1520
1785432529.20,15,drive,1,3.0,15.0,40.773,25.12,249.66,0.1628,0.2185,0.0445,0.1857,0.0655,0.2454,0.0679,0.0601,0.2449,0.1300,0.2571,0.0596,0.1970,0.1520
1785432529.29,15,drive,2,3.0,15.0,40.773,25.12,249.66,0.1628,0.2151,0.0469,0.1852,0.0655,0.2473,0.0679,0.0616,0.2429,0.1315,0.2556,0.0591,0.1965,0.1520
1785432529.39,15,drive,3,3.0,15.0,40.773,25.12,249.66,0.1652,0.2155,0.0464,0.1843,0.0679,0.2449,0.0660,0.0611,0.2449,0.1325,0.2581,0.0596,0.1975,0.1496
1785432530.09,15,drive,0,3.5,15.0,40.773,25.12,249.66,0.1637,0.2165,0.0479,0.1838,0.0640,0.2458,0.0699,0.0621,0.2410,0.1320,0.2586,0.0601,0.1970,0.1515
1785432530.18,15,drive,1,3.5,15.0,40.773,25.12,249.66,0.1652,0.2175,0.0508,0.1857,0.0626,0.2463,0.0670,0.0621,0.2429,0.1305,0.2561,0.0572,0.1999,0.1535
1785432530.28,15,drive,2,3.5,15.0,40.773,25.12,249.66,0.1628,0.2190,0.0479,0.1857,0.0621,0.2458,0.0679,0.0626,0.2419,0.1344,0.2571,0.0587,0.1979,0.1515
1785432530.38,15,drive,3,3.5,15.0,40.773,25.12,249.66,0.1637,0.2170,0.0459,0.1833,0.0640,0.2444,0.0694,0.0616,0.2419,0.1295,0.2556,0.0591,0.1975,0.1510
1785432531.07,15,drive,0,4.0,15.0,40.773,25.12,249.66,0.1652,0.2165,0.0464,0.1843,0.0665,0.2458,0.0670,0.0626,0.2414,0.1329,0.2590,0.0596,0.1975,0.1525
1785432531.17,15,drive,1,4.0,15.0,40.773,25.12,249.66,0.1637,0.2160,0.0450,0.1862,0.0660,0.2439,0.0674,0.0611,0.2419,0.1339,0.2586,0.0582,0.1970,0.1520
1785432531.27,15,drive,2,4.0,15.0,40.773,25.12,249.66,0.1632,0.2155,0.0469,0.1882,0.0670,0.2444,0.0689,0.0621,0.2424,0.1339,0.2571,0.0567,0.1989,0.1525
1785432531.36,15,drive,3,4.0,15.0,40.773,25.12,249.66,0.1642,0.2175,0.0499,0.1862,0.0670,0.2449,0.0684,0.0621,0.2434,0.1329,0.2566,0.0562,0.1979,0.1520
1785432532.14,17,base,0,0.0,15.0,40.793,25.12,249.66,0.1652,0.2180,0.0450,0.1857,0.0660,0.2454,0.0684,0.0577,0.2419,0.1344,0.2581,0.0587,0.1975,0.1510
1785432532.23,17,base,1,0.0,15.0,40.793,25.12,249.66,0.1628,0.2170,0.0459,0.1833,0.0660,0.2454,0.0674,0.0606,0.2439,0.1334,0.2571,0.0567,0.1984,0.1520
1785432532.33,17,base,2,0.0,15.0,40.793,25.12,249.66,0.1647,0.2146,0.0489,0.1867,0.0660,0.2419,0.0674,0.0635,0.2400,0.1334,0.2571,0.0567,0.1984,0.1530
1785432532.43,17,base,3,0.0,15.0,40.793,25.12,249.66,0.1628,0.2175,0.0459,0.1843,0.0655,0.2454,0.0670,0.0611,0.2419,0.1320,0.2581,0.0606,0.1984,0.1540
1785432533.12,17,drive,0,0.5,15.0,40.793,25.12,249.66,0.1642,0.2165,0.0459,0.1838,0.0670,0.2468,0.0689,0.0596,0.2400,0.1329,0.2590,0.0572,0.1950,0.1525
1785432533.22,17,drive,1,0.5,15.0,40.793,25.12,249.66,0.1642,0.2195,0.0455,0.1833,0.0689,0.2473,0.0670,0.0606,0.2424,0.1334,0.2561,0.0596,0.1984,0.1530
1785432533.32,17,drive,2,0.5,15.0,40.793,25.12,249.66,0.1652,0.2175,0.0469,0.1833,0.0665,0.2434,0.0679,0.0630,0.2410,0.1305,0.2576,0.0572,0.1989,0.1510
1785432533.41,17,drive,3,0.5,15.0,40.793,25.12,249.66,0.1657,0.2155,0.0455,0.1857,0.0670,0.2458,0.0674,0.0587,0.2414,0.1339,0.2537,0.0596,0.1940,0.1520
1785432534.11,17,drive,0,1.0,15.0,40.793,25.12,249.66,0.1628,0.2155,0.0455,0.1862,0.0670,0.2444,0.0670,0.0626,0.2424,0.1325,0.2556,0.0562,0.1960,0.1540
1785432534.20,17,drive,1,1.0,15.0,40.793,25.12,249.66,0.1623,0.2170,0.0484,0.1867,0.0660,0.2444,0.0694,0.0616,0.2419,0.1310,0.2581,0.0582,0.1955,0.1544
1785432534.30,17,drive,2,1.0,15.0,40.793,25.12,249.66,0.1642,0.2180,0.0464,0.1867,0.0660,0.2458,0.0709,0.0621,0.2429,0.1325,0.2581,0.0587,0.1950,0.1535
1785432534.40,17,drive,3,1.0,15.0,40.793,25.12,249.66,0.1637,0.2155,0.0479,0.1838,0.0650,0.2449,0.0689,0.0611,0.2390,0.1325,0.2576,0.0587,0.1975,0.1530
1785432535.09,17,drive,0,1.5,15.0,40.793,25.12,249.66,0.1662,0.2190,0.0494,0.1813,0.0650,0.2449,0.0679,0.0606,0.2400,0.1334,0.2595,0.0582,0.1960,0.1525
1785432535.19,17,drive,1,1.5,15.0,40.793,25.12,249.66,0.1623,0.2146,0.0469,0.1857,0.0679,0.2454,0.0699,0.0611,0.2405,0.1339,0.2546,0.0587,0.1970,0.1510
1785432535.29,17,drive,2,1.5,15.0,40.793,25.12,249.66,0.1652,0.2165,0.0455,0.1838,0.0674,0.2444,0.0650,0.0616,0.2400,0.1329,0.2576,0.0611,0.1931,0.1535
1785432535.38,17,drive,3,1.5,15.0,40.793,25.12,249.66,0.1618,0.2185,0.0450,0.1852,0.0665,0.2458,0.0670,0.0596,0.2410,0.1339,0.2556,0.0577,0.1960,0.1505
1785432536.08,17,drive,0,2.0,15.0,40.793,25.12,249.66,0.1628,0.2170,0.0474,0.1862,0.0650,0.2454,0.0699,0.0591,0.2414,0.1329,0.2576,0.0587,0.1950,0.1520
1785432536.17,17,drive,1,2.0,15.0,40.793,25.12,249.66,0.1642,0.2175,0.0455,0.1843,0.0679,0.2444,0.0665,0.0616,0.2405,0.1315,0.2576,0.0591,0.1945,0.1520
1785432536.27,17,drive,2,2.0,15.0,40.793,25.12,249.66,0.1637,0.2185,0.0459,0.1838,0.0660,0.2468,0.0694,0.0591,0.2395,0.1325,0.2566,0.0543,0.1901,0.1540
1785432536.37,17,drive,3,2.0,15.0,40.793,25.12,249.66,0.1642,0.2155,0.0455,0.1823,0.0674,0.2449,0.0665,0.0596,0.2414,0.1334,0.2571,0.0577,0.1911,0.1544
1785432537.06,17,drive,0,2.5,15.0,40.793,25.12,249.66,0.1642,0.2199,0.0464,0.1833,0.0655,0.2483,0.0679,0.0606,0.2419,0.1339,0.2561,0.0587,0.1931,0.1525
1785432537.16,17,drive,1,2.5,15.0,40.793,25.12,249.66,0.1632,0.2170,0.0479,0.1823,0.0679,0.2458,0.0660,0.0606,0.2385,0.1354,0.2576,0.0587,0.1911,0.1525
1785432537.26,17,drive,2,2.5,15.0,40.793,25.12,249.66,0.1632,0.2175,0.0440,0.1843,0.0684,0.2434,0.0670,0.0601,0.2395,0.1325,0.2561,0.0582,0.1896,0.1500
1785432537.35,17,drive,3,2.5,15.0,40.793,25.12,249.66,0.1662,0.2185,0.0489,0.1838,0.0655,0.2434,0.0699,0.0587,0.2410,0.1315,0.2581,0.0582,0.1911,0.1510
1785432538.04,17,drive,0,3.0,15.0,40.793,25.12,249.66,0.1637,0.2180,0.0464,0.1818,0.0655,0.2468,0.0670,0.0587,0.2414,0.1329,0.2566,0.0577,0.1950,0.1525
1785432538.14,17,drive,1,3.0,15.0,40.793,25.12,249.66,0.1632,0.2170,0.0455,0.1867,0.0670,0.2468,0.0670,0.0582,0.2405,0.1329,0.2590,0.0587,0.1916,0.1500
1785432538.24,17,drive,2,3.0,15.0,40.793,25.12,249.66,0.1672,0.2155,0.0459,0.1852,0.0689,0.2473,0.0684,0.0611,0.2390,0.1334,0.2571,0.0582,0.1931,0.1530
1785432538.34,17,drive,3,3.0,15.0,40.793,25.12,249.66,0.1613,0.2146,0.0474,0.1838,0.0660,0.2434,0.0674,0.0606,0.2390,0.1329,0.2576,0.0591,0.1935,0.1544
1785432539.03,17,drive,0,3.5,15.0,40.793,25.12,249.66,0.1637,0.2151,0.0474,0.1838,0.0689,0.2468,0.0660,0.0596,0.2405,0.1334,0.2561,0.0582,0.1931,0.1520
1785432539.13,17,drive,1,3.5,15.0,40.793,25.12,249.66,0.1632,0.2195,0.0474,0.1848,0.0650,0.2454,0.0684,0.0591,0.2424,0.1344,0.2561,0.0567,0.1921,0.1540
1785432539.22,17,drive,2,3.5,15.0,40.793,25.12,249.66,0.1637,0.2175,0.0494,0.1838,0.0670,0.2463,0.0650,0.0582,0.2410,0.1349,0.2542,0.0562,0.1916,0.1535
1785432539.32,17,drive,3,3.5,15.0,40.793,25.12,249.66,0.1652,0.2170,0.0469,0.1852,0.0660,0.2468,0.0674,0.0621,0.2395,0.1329,0.2581,0.0572,0.1906,0.1540
1785432540.01,17,drive,0,4.0,15.0,40.793,25.12,249.66,0.1642,0.2160,0.0469,0.1843,0.0674,0.2463,0.0679,0.0626,0.2385,0.1369,0.2532,0.0582,0.1896,0.1540
1785432540.11,17,drive,1,4.0,15.0,40.793,25.12,249.66,0.1647,0.2175,0.0464,0.1833,0.0679,0.2458,0.0684,0.0606,0.2370,0.1349,0.2551,0.0596,0.1896,0.1515
1785432540.21,17,drive,2,4.0,15.0,40.793,25.12,249.66,0.1632,0.2199,0.0459,0.1848,0.0679,0.2449,0.0679,0.0611,0.2380,0.1334,0.2556,0.0582,0.1931,0.1520
1785432540.30,17,drive,3,4.0,15.0,40.793,25.12,249.66,0.1657,0.2190,0.0445,0.1867,0.0674,0.2463,0.0679,0.0611,0.2346,0.1344,0.2561,0.0577,0.1911,0.1500
1785432541.08,18,base,0,0.0,15.0,40.773,25.12,249.66,0.1642,0.2190,0.0459,0.1862,0.0655,0.2463,0.0674,0.0611,0.2361,0.1344,0.2551,0.0587,0.1901,0.1491
1785432541.17,18,base,1,0.0,15.0,40.773,25.12,249.66,0.1632,0.2175,0.0440,0.1852,0.0655,0.2454,0.0684,0.0611,0.2385,0.1339,0.2561,0.0572,0.1906,0.1525
1785432541.27,18,base,2,0.0,15.0,40.773,25.12,249.66,0.1662,0.2185,0.0459,0.1848,0.0674,0.2468,0.0684,0.0601,0.2380,0.1339,0.2546,0.0591,0.1891,0.1535
1785432541.37,18,base,3,0.0,15.0,40.773,25.12,249.66,0.1642,0.2151,0.0455,0.1857,0.0679,0.2468,0.0684,0.0606,0.2375,0.1354,0.2551,0.0582,0.1896,0.1500
1785432542.06,18,drive,0,0.5,15.0,40.773,25.12,249.66,0.1652,0.2151,0.0464,0.1872,0.0684,0.2478,0.0670,0.0587,0.2370,0.1339,0.2537,0.0557,0.1911,0.1535
1785432542.16,18,drive,1,0.5,15.0,40.773,25.12,249.66,0.1642,0.2175,0.0474,0.1862,0.0665,0.2458,0.0704,0.0577,0.2370,0.1339,0.2546,0.0582,0.1916,0.1515
1785432542.26,18,drive,2,0.5,15.0,40.773,25.12,249.66,0.1628,0.2199,0.0484,0.1862,0.0679,0.2458,0.0704,0.0601,0.2361,0.1339,0.2542,0.0591,0.1891,0.1515
1785432542.35,18,drive,3,0.5,15.0,40.773,25.12,249.66,0.1642,0.2165,0.0469,0.1877,0.0699,0.2478,0.0674,0.0577,0.2375,0.1349,0.2527,0.0562,0.1916,0.1530
1785432543.04,18,drive,0,1.0,15.0,40.773,25.12,249.66,0.1662,0.2165,0.0455,0.1867,0.0704,0.2454,0.0665,0.0606,0.2375,0.1344,0.2527,0.0562,0.1891,0.1530
1785432543.14,18,drive,1,1.0,15.0,40.773,25.12,249.66,0.1657,0.2180,0.0469,0.1867,0.0670,0.2468,0.0704,0.0591,0.2341,0.1354,0.2546,0.0567,0.1887,0.1500
1785432543.24,18,drive,2,1.0,15.0,40.773,25.12,249.66,0.1662,0.2180,0.0464,0.1852,0.0674,0.2454,0.0684,0.0611,0.2356,0.1329,0.2537,0.0577,0.1882,0.1540
1785432543.33,18,drive,3,1.0,15.0,40.773,25.12,249.66,0.1642,0.2180,0.0455,0.1843,0.0689,0.2463,0.0665,0.0591,0.2361,0.1349,0.2537,0.0587,0.1887,0.1510
1785432544.03,18,drive,0,1.5,15.0,40.773,25.12,249.66,0.1652,0.2170,0.0455,0.1877,0.0674,0.2463,0.0689,0.0611,0.2366,0.1315,0.2537,0.0577,0.1887,0.1505
1785432544.13,18,drive,1,1.5,15.0,40.773,25.12,249.66,0.1628,0.2204,0.0464,0.1877,0.0674,0.2449,0.0684,0.0601,0.2370,0.1310,0.2542,0.0557,0.1882,0.1510
1785432544.22,18,drive,2,1.5,15.0,40.773,25.12,249.66,0.1647,0.2190,0.0474,0.1867,0.0694,0.2463,0.0670,0.0606,0.2370,0.1310,0.2551,0.0587,0.1916,0.1540
1785432544.32,18,drive,3,1.5,15.0,40.773,25.12,249.66,0.1672,0.2204,0.0459,0.1852,0.0704,0.2429,0.0679,0.0606,0.2356,0.1325,0.2551,0.0552,0.1872,0.1520
1785432545.02,18,drive,0,2.0,15.0,40.773,25.12,249.66,0.1647,0.2175,0.0430,0.1877,0.0699,0.2458,0.0674,0.0596,0.2351,0.1334,0.2532,0.0572,0.1872,0.1520
1785432545.11,18,drive,1,2.0,15.0,40.773,25.12,249.66,0.1632,0.2160,0.0464,0.1872,0.0689,0.2458,0.0714,0.0626,0.2361,0.1320,0.2517,0.0552,0.1882,0.1520
1785432545.21,18,drive,2,2.0,15.0,40.773,25.12,249.66,0.1637,0.2175,0.0479,0.1867,0.0674,0.2434,0.0694,0.0616,0.2351,0.1344,0.2527,0.0582,0.1901,0.1535
1785432545.31,18,drive,3,2.0,15.0,40.773,25.12,249.66,0.1652,0.2165,0.0455,0.1877,0.0679,0.2454,0.0704,0.0630,0.2351,0.1329,0.2542,0.0557,0.1857,0.1510
1785432546.00,18,drive,0,2.5,15.0,40.773,25.12,249.66,0.1662,0.2165,0.0464,0.1867,0.0665,0.2468,0.0665,0.0611,0.2370,0.1339,0.2546,0.0587,0.1882,0.1525
1785432546.10,18,drive,1,2.5,15.0,40.773,25.12,249.66,0.1632,0.2199,0.0464,0.1862,0.0728,0.2483,0.0670,0.0601,0.2346,0.1325,0.2527,0.0582,0.1891,0.1515
1785432546.20,18,drive,2,2.5,15.0,40.773,25.12,249.66,0.1637,0.2199,0.0469,0.1872,0.0699,0.2478,0.0684,0.0606,0.2370,0.1339,0.2517,0.0582,0.1877,0.1530
1785432546.29,18,drive,3,2.5,15.0,40.773,25.12,249.66,0.1647,0.2224,0.0469,0.1882,0.0660,0.2473,0.0674,0.0601,0.2341,0.1349,0.2537,0.0582,0.1843,0.1520
1785432546.99,18,drive,0,3.0,15.0,40.773,25.12,249.66,0.1662,0.2195,0.0445,0.1887,0.0689,0.2473,0.0704,0.0601,0.2341,0.1325,0.2532,0.0557,0.1857,0.1520
1785432547.08,18,drive,1,3.0,15.0,40.773,25.12,249.66,0.1667,0.2180,0.0445,0.1887,0.0684,0.2473,0.0674,0.0587,0.2356,0.1364,0.2512,0.0582,0.1872,0.1525
1785432547.18,18,drive,2,3.0,15.0,40.773,25.12,249.66,0.1657,0.2199,0.0445,0.1872,0.0704,0.2473,0.0665,0.0557,0.2336,0.1329,0.2527,0.0577,0.1843,0.1530
1785432547.28,18,drive,3,3.0,15.0,40.773,25.12,249.66,0.1657,0.2199,0.0450,0.1887,0.0684,0.2473,0.0674,0.0611,0.2351,0.1339,0.2546,0.0572,0.1838,0.1530
1785432547.97,18,drive,0,3.5,15.0,40.773,25.12,249.66,0.1667,0.2199,0.0484,0.1877,0.0699,0.2498,0.0674,0.0601,0.2346,0.1344,0.2517,0.0567,0.1867,0.1515
1785432548.07,18,drive,1,3.5,15.0,40.773,25.12,249.66,0.1652,0.2224,0.0464,0.1872,0.0684,0.2478,0.0679,0.0621,0.2312,0.1329,0.2532,0.0582,0.1848,0.1515
1785432548.17,18,drive,2,3.5,15.0,40.773,25.12,249.66,0.1662,0.2175,0.0445,0.1872,0.0694,0.2473,0.0694,0.0591,0.2322,0.1354,0.2537,0.0587,0.1848,0.1535
1785432548.26,18,drive,3,3.5,15.0,40.773,25.12,249.66,0.1672,0.2219,0.0464,0.1896,0.0694,0.2473,0.0679,0.0596,0.2326,0.1344,0.2537,0.0577,0.1838,0.1525
1785432548.96,18,drive,0,4.0,15.0,40.773,25.12,249.66,0.1662,0.2209,0.0489,0.1891,0.0689,0.2473,0.0694,0.0591,0.2322,0.1329,0.2512,0.0577,0.1862,0.1530
1785432549.06,18,drive,1,4.0,15.0,40.773,25.12,249.66,0.1642,0.2165,0.0508,0.1911,0.0684,0.2468,0.0679,0.0601,0.2331,0.1334,0.2532,0.0567,0.1838,0.1525
1785432549.15,18,drive,2,4.0,15.0,40.773,25.12,249.66,0.1676,0.2195,0.0459,0.1877,0.0674,0.2498,0.0665,0.0601,0.2346,0.1339,0.2507,0.0577,0.1867,0.1554
1785432549.25,18,drive,3,4.0,15.0,40.773,25.12,249.66,0.1662,0.2209,0.0474,0.1891,0.0714,0.2473,0.0689,0.0601,0.2331,0.1329,0.2507,0.0582,0.1862,0.1520
1785432550.03,27,base,0,0.0,15.0,40.793,25.12,249.67,0.1642,0.2219,0.0474,0.1906,0.0699,0.2488,0.0674,0.0596,0.2317,0.1349,0.2498,0.0587,0.1848,0.1510
1785432550.12,27,base,1,0.0,15.0,40.793,25.12,249.67,0.1672,0.2234,0.0474,0.1906,0.0684,0.2493,0.0674,0.0611,0.2317,0.1315,0.2532,0.0567,0.1852,0.1500
1785432550.22,27,base,2,0.0,15.0,40.793,25.12,249.67,0.1652,0.2224,0.0464,0.1891,0.0679,0.2463,0.0694,0.0596,0.2341,0.1325,0.2512,0.0572,0.1862,0.1520
1785432550.32,27,base,3,0.0,15.0,40.793,25.12,249.67,0.1642,0.2214,0.0469,0.1891,0.0709,0.2478,0.0704,0.0606,0.2326,0.1334,0.2507,0.0567,0.1852,0.1505
1785432551.01,27,drive,0,0.5,15.0,40.793,25.12,249.67,0.1662,0.2214,0.0479,0.1901,0.0699,0.2493,0.0684,0.0582,0.2326,0.1344,0.2488,0.0567,0.1838,0.1500
1785432551.11,27,drive,1,0.5,15.0,40.793,25.12,249.67,0.1667,0.2224,0.0479,0.1877,0.0689,0.2468,0.0674,0.0606,0.2307,0.1325,0.2522,0.0567,0.1848,0.1505
1785432551.20,27,drive,2,0.5,15.0,40.793,25.12,249.67,0.1662,0.2224,0.0479,0.1906,0.0684,0.2473,0.0694,0.0601,0.2336,0.1320,0.2522,0.0572,0.1833,0.1525
1785432551.30,27,drive,3,0.5,15.0,40.793,25.12,249.67,0.1642,0.2199,0.0459,0.1926,0.0699,0.2473,0.0674,0.0606,0.2322,0.1354,0.2488,0.0562,0.1862,0.1535
1785432551.99,27,drive,0,1.0,15.0,40.793,25.12,249.67,0.1647,0.2195,0.0479,0.1935,0.0699,0.2468,0.0660,0.0606,0.2322,0.1320,0.2493,0.0572,0.1852,0.1530
1785432552.09,27,drive,1,1.0,15.0,40.793,25.12,249.67,0.1672,0.2214,0.0474,0.1931,0.0694,0.2473,0.0699,0.0606,0.2312,0.1349,0.2502,0.0587,0.1843,0.1515
1785432552.19,27,drive,2,1.0,15.0,40.793,25.12,249.67,0.1657,0.2214,0.0445,0.1891,0.0689,0.2488,0.0670,0.0577,0.2317,0.1349,0.2488,0.0572,0.1848,0.1535
1785432552.28,27,drive,3,1.0,15.0,40.793,25.12,249.67,0.1676,0.2209,0.0464,0.1906,0.0694,0.2488,0.0694,0.0582,0.2307,0.1359,0.2517,0.0557,0.1823,0.1549
1785432552.98,27,drive,0,1.5,15.0,40.793,25.12,249.67,0.1686,0.2243,0.0464,0.1896,0.0704,0.2507,0.0694,0.0591,0.2312,0.1369,0.2502,0.0567,0.1833,0.1515
1785432553.07,27,drive,1,1.5,15.0,40.793,25.12,249.67,0.1647,0.2214,0.0474,0.1896,0.0709,0.2498,0.0694,0.0591,0.2287,0.1349,0.2507,0.0582,0.1843,0.1540
1785432553.17,27,drive,2,1.5,15.0,40.793,25.12,249.67,0.1647,0.2185,0.0459,0.1867,0.0704,0.2507,0.0684,0.0596,0.2331,0.1339,0.2493,0.0567,0.1833,0.1540
1785432553.27,27,drive,3,1.5,15.0,40.793,25.12,249.67,0.1647,0.2219,0.0479,0.1896,0.0679,0.2478,0.0674,0.0596,0.2322,0.1334,0.2478,0.0582,0.1848,0.1525
1785432553.96,27,drive,0,2.0,15.0,40.793,25.12,249.67,0.1701,0.2224,0.0464,0.1896,0.0694,0.2507,0.0694,0.0616,0.2292,0.1320,0.2498,0.0572,0.1813,0.1510
1785432554.06,27,drive,1,2.0,15.0,40.793,25.12,249.67,0.1662,0.2258,0.0494,0.1882,0.0714,0.2502,0.0689,0.0587,0.2326,0.1325,0.2498,0.0582,0.1799,0.1515
1785432554.16,27,drive,2,2.0,15.0,40.793,25.12,249.67,0.1662,0.2224,0.0464,0.1882,0.0699,0.2483,0.0684,0.0582,0.2322,0.1325,0.2493,0.0596,0.1848,0.1505
1785432554.25,27,drive,3,2.0,15.0,40.793,25.12,249.67,0.1676,0.2209,0.0479,0.1906,0.0733,0.2502,0.0679,0.0626,0.2341,0.1329,0.2483,0.0577,0.1818,0.1525
1785432554.95,27,drive,0,2.5,15.0,40.793,25.12,249.67,0.1667,0.2224,0.0499,0.1901,0.0684,0.2488,0.0684,0.0606,0.2283,0.1339,0.2498,0.0567,0.1828,0.1510
1785432555.04,27,drive,1,2.5,15.0,40.793,25.12,249.67,0.1667,0.2209,0.0459,0.1921,0.0728,0.2507,0.0684,0.0601,0.2322,0.1364,0.2507,0.0577,0.1823,0.1520
1785432555.14,27,drive,2,2.5,15.0,40.793,25.12,249.67,0.1652,0.2224,0.0474,0.1926,0.0684,0.2517,0.0679,0.0621,0.2307,0.1339,0.2488,0.0572,0.1818,0.1544
1785432555.24,27,drive,3,2.5,15.0,40.793,25.12,249.67,0.1657,0.2239,0.0469,0.1891,0.0699,0.2483,0.0694,0.0596,0.2307,0.1339,0.2502,0.0577,0.1828,0.1525
1785432555.93,27,drive,0,3.0,15.0,40.793,25.12,249.67,0.1672,0.2224,0.0464,0.1891,0.0709,0.2512,0.0684,0.0577,0.2322,0.1320,0.2493,0.0562,0.1808,0.1530
1785432556.03,27,drive,1,3.0,15.0,40.793,25.12,249.67,0.1652,0.2229,0.0455,0.1911,0.0718,0.2507,0.0660,0.0621,0.2312,0.1344,0.2488,0.0582,0.1823,0.1530
1785432556.12,27,drive,2,3.0,15.0,40.793,25.12,249.67,0.1642,0.2214,0.0469,0.1896,0.0709,0.2493,0.0684,0.0582,0.2292,0.1329,0.2473,0.0587,0.1823,0.1520
1785432556.22,27,drive,3,3.0,15.0,40.793,25.12,249.67,0.1657,0.2239,0.0459,0.1882,0.0704,0.2502,0.0694,0.0567,0.2307,0.1349,0.2502,0.0567,0.1828,0.1535
1785432556.92,27,drive,0,3.5,15.0,40.793,25.12,249.67,0.1642,0.2239,0.0489,0.1891,0.0699,0.2502,0.0699,0.0596,0.2307,0.1349,0.2483,0.0587,0.1852,0.1505
1785432557.01,27,drive,1,3.5,15.0,40.793,25.12,249.67,0.1672,0.2229,0.0469,0.1887,0.0709,0.2522,0.0689,0.0626,0.2297,0.1325,0.2483,0.0591,0.1813,0.1525
1785432557.11,27,drive,2,3.5,15.0,40.793,25.12,249.67,0.1657,0.2234,0.0494,0.1906,0.0728,0.2522,0.0694,0.0596,0.2312,0.1349,0.2458,0.0557,0.1828,0.1520
1785432557.21,27,drive,3,3.5,15.0,40.793,25.12,249.67,0.1662,0.2229,0.0484,0.1901,0.0709,0.2517,0.0699,0.0582,0.2283,0.1344,0.2488,0.0567,0.1813,0.1515
1785432557.90,27,drive,0,4.0,15.0,40.793,25.12,249.67,0.1657,0.2243,0.0464,0.1921,0.0718,0.2502,0.0674,0.0577,0.2302,0.1329,0.2463,0.0582,0.1828,0.1525
1785432558.00,27,drive,1,4.0,15.0,40.793,25.12,249.67,0.1657,0.2229,0.0469,0.1896,0.0704,0.2512,0.0660,0.0577,0.2326,0.1354,0.2458,0.0582,0.1833,0.1535
1785432558.10,27,drive,2,4.0,15.0,40.793,25.12,249.67,0.1672,0.2224,0.0445,0.1896,0.0714,0.2507,0.0689,0.0596,0.2292,0.1310,0.2478,0.0557,0.1804,0.1535
1785432558.19,27,drive,3,4.0,15.0,40.793,25.12,249.67,0.1672,0.2243,0.0479,0.1901,0.0714,0.2498,0.0694,0.0596,0.2312,0.1320,0.2449,0.0582,0.1838,0.1520
1785432558.96,28,base,0,0.0,15.0,40.853,25.12,249.67,0.1662,0.2239,0.0469,0.1901,0.0704,0.2512,0.0689,0.0582,0.2312,0.1325,0.2463,0.0582,0.1823,0.1530
1785432559.06,28,base,1,0.0,15.0,40.853,25.12,249.67,0.1686,0.2229,0.0459,0.1887,0.0718,0.2502,0.0689,0.0591,0.2307,0.1339,0.2468,0.0557,0.1823,0.1540
1785432559.16,28,base,2,0.0,15.0,40.853,25.12,249.67,0.1681,0.2219,0.0489,0.1906,0.0723,0.2517,0.0684,0.0601,0.2317,0.1320,0.2468,0.0572,0.1813,0.1500
1785432559.25,28,base,3,0.0,15.0,40.853,25.12,249.67,0.1662,0.2239,0.0464,0.1916,0.0743,0.2527,0.0684,0.0582,0.2302,0.1344,0.2449,0.0582,0.1813,0.1525
1785432559.95,28,drive,0,0.5,15.0,40.853,25.12,249.67,0.1628,0.2219,0.0474,0.1872,0.0709,0.2527,0.0694,0.0591,0.2307,0.1344,0.2458,0.0562,0.1823,0.1520
1785432560.04,28,drive,1,0.5,15.0,40.853,25.12,249.67,0.1676,0.2214,0.0450,0.1926,0.0694,0.2517,0.0679,0.0601,0.2302,0.1339,0.2439,0.0572,0.1808,0.1549
1785432560.14,28,drive,2,0.5,15.0,40.853,25.12,249.67,0.1657,0.2258,0.0489,0.1896,0.0728,0.2527,0.0694,0.0582,0.2307,0.1329,0.2458,0.0582,0.1818,0.1530
1785432560.24,28,drive,3,0.5,15.0,40.853,25.12,249.67,0.1672,0.2219,0.0474,0.1911,0.0718,0.2498,0.0689,0.0577,0.2297,0.1315,0.2444,0.0596,0.1828,0.1520
1785432560.93,28,drive,0,1.0,15.0,40.853,25.12,249.67,0.1667,0.2263,0.0474,0.1901,0.0718,0.2527,0.0684,0.0596,0.2317,0.1325,0.2424,0.0572,0.1833,0.1535
1785432561.03,28,drive,1,1.0,15.0,40.853,25.12,249.67,0.1686,0.2248,0.0459,0.1901,0.0743,0.2527,0.0674,0.0587,0.2317,0.1325,0.2439,0.0567,0.1843,0.1525
1785432561.13,28,drive,2,1.0,15.0,40.853,25.12,249.67,0.1691,0.2263,0.0489,0.1916,0.0689,0.2546,0.0699,0.0587,0.2312,0.1320,0.2458,0.0577,0.1828,0.1500
1785432561.22,28,drive,3,1.0,15.0,40.853,25.12,249.67,0.1662,0.2229,0.0474,0.1921,0.0714,0.2556,0.0660,0.0577,0.2312,0.1334,0.2429,0.0572,0.1823,0.1535
1785432561.92,28,drive,0,1.5,15.0,40.853,25.12,249.67,0.1696,0.2253,0.0464,0.1896,0.0704,0.2483,0.0674,0.0606,0.2307,0.1329,0.2444,0.0562,0.1823,0.1525
1785432562.02,28,drive,1,1.5,15.0,40.853,25.12,249.67,0.1657,0.2258,0.0474,0.1906,0.0709,0.2517,0.0684,0.0591,0.2331,0.1334,0.2429,0.0567,0.1828,0.1520
1785432562.11,28,drive,2,1.5,15.0,40.853,25.12,249.67,0.1676,0.2234,0.0474,0.1887,0.0694,0.2527,0.0714,0.0601,0.2307,0.1334,0.2434,0.0567,0.1818,0.1520
1785432562.21,28,drive,3,1.5,15.0,40.853,25.12,249.67,0.1681,0.2239,0.0455,0.1867,0.0699,0.2517,0.0665,0.0577,0.2307,0.1310,0.2434,0.0557,0.1828,0.1520
1785432562.90,28,drive,0,2.0,15.0,40.853,25.12,249.67,0.1667,0.2273,0.0469,0.1857,0.0733,0.2512,0.0674,0.0572,0.2317,0.1329,0.2449,0.0587,0.1813,0.1505
1785432563.00,28,drive,1,2.0,15.0,40.853,25.12,249.67,0.1647,0.2234,0.0474,0.1882,0.0748,0.2512,0.0679,0.0606,0.2297,0.1320,0.2419,0.0582,0.1828,0.1525
1785432563.10,28,drive,2,2.0,15.0,40.853,25.12,249.67,0.1676,0.2214,0.0474,0.1887,0.0723,0.2527,0.0679,0.0601,0.2312,0.1315,0.2449,0.0557,0.1823,0.1505
1785432563.19,28,drive,3,2.0,15.0,40.853,25.12,249.67,0.1672,0.2258,0.0474,0.1906,0.0694,0.2517,0.0689,0.0572,0.2297,0.1325,0.2463,0.0557,0.1813,0.1520
1785432563.88,28,drive,0,2.5,15.0,40.853,25.12,249.67,0.1662,0.2258,0.0469,0.1896,0.0679,0.2512,0.0704,0.0572,0.2297,0.1329,0.2454,0.0557,0.1818,0.1554
1785432563.98,28,drive,1,2.5,15.0,40.853,25.12,249.67,0.1667,0.2268,0.0459,0.1887,0.0718,0.2517,0.0650,0.0582,0.2317,0.1325,0.2463,0.0582,0.1838,0.1505
1785432564.08,28,drive,2,2.5,15.0,40.853,25.12,249.67,0.1681,0.2239,0.0479,0.1867,0.0709,0.2527,0.0689,0.0596,0.2297,0.1344,0.2458,0.0582,0.1813,0.1520
1785432564.17,28,drive,3,2.5,15.0,40.853,25.12,249.67,0.1676,0.2263,0.0450,0.1901,0.0723,0.2517,0.0674,0.0611,0.2326,0.1329,0.2439,0.0596,0.1838,0.1520
1785432564.87,28,drive,0,3.0,15.0,40.853,25.12,249.67,0.1672,0.2229,0.0455,0.1882,0.0733,0.2493,0.0679,0.0587,0.2331,0.1310,0.2434,0.0557,0.1843,0.1515
1785432564.97,28,drive,1,3.0,15.0,40.853,25.12,249.67,0.1662,0.2258,0.0464,0.1887,0.0709,0.2527,0.0684,0.0591,0.2312,0.1329,0.2444,0.0587,0.1818,0.1505
1785432565.06,28,drive,2,3.0,15.0,40.853,25.12,249.67,0.1657,0.2258,0.0489,0.1882,0.0718,0.2527,0.0699,0.0567,0.2317,0.1325,0.2463,0.0567,0.1838,0.1525
1785432565.16,28,drive,3,3.0,15.0,40.853,25.12,249.67,0.1667,0.2224,0.0464,0.1887,0.0704,0.2532,0.0689,0.0587,0.2317,0.1315,0.2444,0.0572,0.1808,0.1520
1785432565.86,28,drive,0,3.5,15.0,40.853,25.12,249.67,0.1676,0.2214,0.0484,0.1891,0.0723,0.2517,0.0699,0.0606,0.2317,0.1295,0.2414,0.0572,0.1838,0.1544
1785432565.95,28,drive,1,3.5,15.0,40.853,25.12,249.67,0.1672,0.2214,0.0459,0.1882,0.0699,0.2512,0.0694,0.0562,0.2297,0.1315,0.2458,0.0572,0.1813,0.1515
1785432566.05,28,drive,2,3.5,15.0,40.853,25.12,249.67,0.1672,0.2248,0.0494,0.1887,0.0738,0.2507,0.0674,0.0582,0.2307,0.1305,0.2444,0.0606,0.1828,0.1535
1785432566.15,28,drive,3,3.5,15.0,40.853,25.12,249.67,0.1652,0.2229,0.0464,0.1887,0.0723,0.2532,0.0689,0.0587,0.2317,0.1300,0.2434,0.0572,0.1833,0.1549
1785432566.84,28,drive,0,4.0,15.0,40.853,25.12,249.67,0.1647,0.2219,0.0459,0.1882,0.0738,0.2507,0.0704,0.0587,0.2317,0.1315,0.2429,0.0591,0.1843,0.1510
1785432566.93,28,drive,1,4.0,15.0,40.853,25.12,249.67,0.1642,0.2234,0.0484,0.1877,0.0709,0.2532,0.0689,0.0582,0.2317,0.1334,0.2444,0.0567,0.1833,0.1525
1785432567.03,28,drive,2,4.0,15.0,40.853,25.12,249.67,0.1676,0.2219,0.0474,0.1877,0.0704,0.2527,0.0674,0.0577,0.2331,0.1334,0.2449,0.0552,0.1818,0.1510
1785432567.13,28,drive,3,4.0,15.0,40.853,25.12,249.67,0.1662,0.2263,0.0455,0.1872,0.0728,0.2537,0.0655,0.0596,0.2326,0.1325,0.2419,0.0567,0.1838,0.1520
1785432567.89,29,base,0,0.0,15.0,40.833,25.12,249.67,0.1676,0.2258,0.0494,0.1877,0.0718,0.2517,0.0684,0.0591,0.2312,0.1285,0.2424,0.0606,0.1848,0.1505
1785432567.99,29,base,1,0.0,15.0,40.833,25.12,249.67,0.1686,0.2239,0.0455,0.1882,0.0733,0.2512,0.0660,0.0567,0.2336,0.1329,0.2449,0.0582,0.1813,0.1540
1785432568.09,29,base,2,0.0,15.0,40.833,25.12,249.67,0.1676,0.2239,0.0459,0.1901,0.0738,0.2517,0.0694,0.0591,0.2287,0.1325,0.2463,0.0577,0.1828,0.1520
1785432568.18,29,base,3,0.0,15.0,40.833,25.12,249.67,0.1691,0.2239,0.0455,0.1882,0.0728,0.2512,0.0684,0.0591,0.2312,0.1325,0.2434,0.0572,0.1828,0.1525
1785432568.88,29,drive,0,0.5,15.0,40.833,25.12,249.67,0.1681,0.2234,0.0479,0.1891,0.0709,0.2488,0.0674,0.0611,0.2312,0.1305,0.2434,0.0601,0.1833,0.1535
1785432568.98,29,drive,1,0.5,15.0,40.833,25.12,249.67,0.1676,0.2243,0.0479,0.1867,0.0738,0.2512,0.0679,0.0606,0.2322,0.1315,0.2439,0.0591,0.1833,0.1520
1785432569.07,29,drive,2,0.5,15.0,40.833,25.12,249.67,0.1662,0.2209,0.0455,0.1877,0.0709,0.2512,0.0674,0.0582,0.2326,0.1305,0.2429,0.0587,0.1838,0.1530
1785432569.17,29,drive,3,0.5,15.0,40.833,25.12,249.67,0.1662,0.2224,0.0459,0.1872,0.0709,0.2498,0.0665,0.0587,0.2312,0.1305,0.2454,0.0572,0.1848,0.1515
1785432569.87,29,drive,0,1.0,15.0,40.833,25.12,249.67,0.1686,0.2234,0.0489,0.1877,0.0728,0.2507,0.0660,0.0591,0.2317,0.1305,0.2444,0.0591,0.1838,0.1535
1785432569.96,29,drive,1,1.0,15.0,40.833,25.12,249.67,0.1691,0.2219,0.0479,0.1896,0.0738,0.2502,0.0679,0.0577,0.2317,0.1290,0.2449,0.0577,0.1833,0.1525
1785432570.06,29,drive,2,1.0,15.0,40.833,25.12,249.67,0.1657,0.2248,0.0479,0.1901,0.0704,0.2522,0.0670,0.0577,0.2312,0.1315,0.2429,0.0582,0.1823,0.1505
1785432570.16,29,drive,3,1.0,15.0,40.833,25.12,249.67,0.1662,0.2243,0.0484,0.1896,0.0709,0.2502,0.0684,0.0552,0.2317,0.1290,0.2454,0.0567,0.1867,0.1530
1785432570.85,29,drive,0,1.5,15.0,40.833,25.12,249.67,0.1642,0.2253,0.0464,0.1896,0.0733,0.2512,0.0674,0.0596,0.2307,0.1310,0.2473,0.0567,0.1857,0.1540
1785432570.95,29,drive,1,1.5,15.0,40.833,25.12,249.67,0.1676,0.2243,0.0464,0.1823,0.0728,0.2507,0.0699,0.0591,0.2317,0.1290,0.2449,0.0582,0.1833,0.1520
1785432571.05,29,drive,2,1.5,15.0,40.833,25.12,249.67,0.1676,0.2248,0.0459,0.1891,0.0753,0.2493,0.0670,0.0567,0.2317,0.1305,0.2444,0.0582,0.1828,0.1554
1785432571.14,29,drive,3,1.5,15.0,40.833,25.12,249.67,0.1696,0.2248,0.0474,0.1862,0.0728,0.2527,0.0689,0.0562,0.2331,0.1315,0.2454,0.0582,0.1852,0.1510
1785432571.84,29,drive,0,2.0,15.0,40.833,25.12,249.67,0.1662,0.2219,0.0440,0.1891,0.0748,0.2507,0.0699,0.0567,0.2312,0.1290,0.2439,0.0567,0.1843,0.1510
1785432571.93,29,drive,1,2.0,15.0,40.833,25.12,249.67,0.1667,0.2234,0.0445,0.1887,0.0723,0.2517,0.0689,0.0577,0.2336,0.1290,0.2434,0.0572,0.1838,0.1535
1785432572.03,29,drive,2,2.0,15.0,40.833,25.12,249.67,0.1672,0.2229,0.0489,0.1887,0.0733,0.2498,0.0689,0.0577,0.2317,0.1305,0.2458,0.0591,0.1833,0.1544
1785432572.13,29,drive,3,2.0,15.0,40.833,25.12,249.67,0.1662,0.2224,0.0464,0.1843,0.0714,0.2512,0.0679,0.0601,0.2302,0.1310,0.2429,0.0587,0.1833,0.1525
1785432572.82,29,drive,0,2.5,15.0,40.833,25.12,249.67,0.1667,0.2239,0.0479,0.1877,0.0738,0.2512,0.0670,0.0562,0.2312,0.1295,0.2439,0.0582,0.1828,0.1505
1785432572.92,29,drive,1,2.5,15.0,40.833,25.12,249.67,0.1657,0.2234,0.0474,0.1857,0.0723,0.2527,0.0694,0.0582,0.2302,0.1315,0.2458,0.0577,0.1848,0.1510
1785432573.01,29,drive,2,2.5,15.0,40.833,25.12,249.67,0.1667,0.2199,0.0464,0.1848,0.0718,0.2502,0.0714,0.0611,0.2322,0.1290,0.2449,0.0567,0.1828,0.1500
1785432573.11,29,drive,3,2.5,15.0,40.833,25.12,249.67,0.1676,0.2234,0.0489,0.1901,0.0699,0.2493,0.0679,0.0582,0.2312,0.1310,0.2458,0.0596,0.1857,0.1525
1785432573.80,29,drive,0,3.0,15.0,40.833,25.12,249.67,0.1652,0.2204,0.0430,0.1877,0.0733,0.2502,0.0679,0.0577,0.2322,0.1315,0.2439,0.0557,0.1818,0.1549
1785432573.90,29,drive,1,3.0,15.0,40.833,25.12,249.67,0.1657,0.2199,0.0479,0.1877,0.0718,0.2517,0.0684,0.0601,0.2317,0.1305,0.2463,0.0591,0.1828,0.1535
1785432574.00,29,drive,2,3.0,15.0,40.833,25.12,249.67,0.1657,0.2224,0.0464,0.1867,0.0718,0.2498,0.0679,0.0572,0.2322,0.1300,0.2458,0.0567,0.1852,0.1515
1785432574.09,29,drive,3,3.0,15.0,40.833,25.12,249.67,0.1676,0.2209,0.0459,0.1887,0.0714,0.2478,0.0670,0.0596,0.2297,0.1300,0.2449,0.0577,0.1823,0.1496
1785432574.79,29,drive,0,3.5,15.0,40.833,25.12,249.67,0.1662,0.2219,0.0469,0.1882,0.0714,0.2507,0.0684,0.0587,0.2331,0.1290,0.2454,0.0567,0.1867,0.1505
1785432574.89,29,drive,1,3.5,15.0,40.833,25.12,249.67,0.1686,0.2214,0.0435,0.1891,0.0728,0.2517,0.0694,0.0577,0.2302,0.1334,0.2444,0.0557,0.1823,0.1525
1785432574.98,29,drive,2,3.5,15.0,40.833,25.12,249.67,0.1672,0.2239,0.0474,0.1877,0.0714,0.2512,0.0689,0.0577,0.2292,0.1290,0.2468,0.0577,0.1852,0.1515
1785432575.08,29,drive,3,3.5,15.0,40.833,25.12,249.67,0.1672,0.2214,0.0489,0.1877,0.0738,0.2512,0.0670,0.0587,0.2326,0.1295,0.2454,0.0582,0.1857,0.1510
1785432575.77,29,drive,0,4.0,15.0,40.833,25.12,249.67,0.1676,0.2185,0.0469,0.1901,0.0738,0.2507,0.0670,0.0587,0.2317,0.1290,0.2454,0.0552,0.1848,0.1525
1785432575.87,29,drive,1,4.0,15.0,40.833,25.12,249.67,0.1672,0.2219,0.0445,0.1867,0.0738,0.2493,0.0665,0.0552,0.2322,0.1300,0.2478,0.0591,0.1828,0.1544
1785432575.97,29,drive,2,4.0,15.0,40.833,25.12,249.67,0.1676,0.2204,0.0455,0.1887,0.0704,0.2488,0.0684,0.0601,0.2322,0.1290,0.2444,0.0562,0.1848,0.1525
1785432576.06,29,drive,3,4.0,15.0,40.833,25.12,249.67,0.1652,0.2243,0.0459,0.1862,0.0704,0.2512,0.0674,0.0567,0.2312,0.1305,0.2468,0.0587,0.1843,0.1520
1785432576.83,30,base,0,0.0,15.0,40.773,25.12,249.67,0.1681,0.2224,0.0445,0.1872,0.0699,0.2532,0.0674,0.0552,0.2326,0.1300,0.2434,0.0562,0.1838,0.1535
1785432576.93,30,base,1,0.0,15.0,40.773,25.12,249.67,0.1672,0.2224,0.0479,0.1862,0.0709,0.2522,0.0689,0.0582,0.2322,0.1310,0.2444,0.0543,0.1843,0.1544
1785432577.03,30,base,2,0.0,15.0,40.773,25.12,249.67,0.1676,0.2243,0.0474,0.1862,0.0728,0.2517,0.0670,0.0572,0.2302,0.1305,0.2473,0.0562,0.1838,0.1535
1785432577.12,30,base,3,0.0,15.0,40.773,25.12,249.67,0.1676,0.2199,0.0464,0.1862,0.0718,0.2507,0.0689,0.0601,0.2312,0.1281,0.2458,0.0557,0.1857,0.1520
1785432577.82,30,drive,0,0.5,15.0,40.773,25.12,249.67,0.1667,0.2224,0.0469,0.1867,0.0728,0.2517,0.0660,0.0562,0.2322,0.1290,0.2463,0.0562,0.1848,0.1515
1785432577.92,30,drive,1,0.5,15.0,40.773,25.12,249.67,0.1657,0.2209,0.0489,0.1857,0.0704,0.2498,0.0694,0.0601,0.2317,0.1305,0.2449,0.0567,0.1838,0.1530
1785432578.01,30,drive,2,0.5,15.0,40.773,25.12,249.67,0.1696,0.2209,0.0484,0.1857,0.0723,0.2507,0.0650,0.0577,0.2312,0.1300,0.2439,0.0582,0.1848,0.1515
1785432578.11,30,drive,3,0.5,15.0,40.773,25.12,249.67,0.1662,0.2234,0.0474,0.1848,0.0733,0.2517,0.0684,0.0572,0.2331,0.1295,0.2458,0.0572,0.1852,0.1525
1785432578.80,30,drive,0,1.0,15.0,40.773,25.12,249.67,0.1667,0.2224,0.0450,0.1872,0.0714,0.2502,0.0674,0.0582,0.2336,0.1305,0.2429,0.0572,0.1848,0.1535
1785432578.90,30,drive,1,1.0,15.0,40.773,25.12,249.67,0.1662,0.2229,0.0459,0.1838,0.0718,0.2517,0.0674,0.0582,0.2317,0.1295,0.2439,0.0587,0.1833,0.1544
1785432579.00,30,drive,2,1.0,15.0,40.773,25.12,249.67,0.1657,0.2214,0.0464,0.1852,0.0694,0.2532,0.0660,0.0596,0.2302,0.1310,0.2449,0.0562,0.1843,0.1530
1785432579.09,30,drive,3,1.0,15.0,40.773,25.12,249.67,0.1681,0.2239,0.0469,0.1857,0.0709,0.2527,0.0679,0.0572,0.2317,0.1300,0.2463,0.0562,0.1828,0.1525
1785432579.79,30,drive,0,1.5,15.0,40.773,25.12,249.67,0.1667,0.2219,0.0440,0.1867,0.0728,0.2488,0.0679,0.0616,0.2302,0.1290,0.2454,0.0587,0.1838,0.1510
1785432579.89,30,drive,1,1.5,15.0,40.773,25.12,249.67,0.1647,0.2195,0.0474,0.1867,0.0718,0.2493,0.0689,0.0601,0.2326,0.1276,0.2439,0.0596,0.1862,0.1515
1785432579.98,30,drive,2,1.5,15.0,40.773,25.12,249.67,0.1662,0.2190,0.0455,0.1857,0.0714,0.2507,0.0679,0.0601,0.2322,0.1276,0.2444,0.0587,0.1838,0.1520
1785432580.08,30,drive,3,1.5,15.0,40.773,25.12,249.67,0.1681,0.2248,0.0484,0.1857,0.0709,0.2502,0.0699,0.0591,0.2322,0.1266,0.2434,0.0572,0.1843,0.1510
1785432580.78,30,drive,0,2.0,15.0,40.773,25.12,249.67,0.1672,0.2229,0.0459,0.1848,0.0738,0.2517,0.0684,0.0567,0.2312,0.1295,0.2468,0.0577,0.1833,0.1540
1785432580.87,30,drive,1,2.0,15.0,40.773,25.12,249.67,0.1662,0.2195,0.0484,0.1843,0.0694,0.2522,0.0679,0.0577,0.2341,0.1276,0.2444,0.0572,0.1857,0.1515
1785432580.97,30,drive,2,2.0,15.0,40.773,25.12,249.67,0.1667,0.2190,0.0484,0.1848,0.0748,0.2478,0.0684,0.0572,0.2326,0.1285,0.2444,0.0582,0.1852,0.1520
1785432581.07,30,drive,3,2.0,15.0,40.773,25.12,249.67,0.1676,0.2199,0.0474,0.1862,0.0704,0.2522,0.0704,0.0582,0.2326,0.1290,0.2468,0.0562,0.1843,0.1525
1785432581.76,30,drive,0,2.5,15.0,40.773,25.12,249.67,0.1662,0.2229,0.0459,0.1867,0.0728,0.2493,0.0689,0.0587,0.2297,0.1266,0.2458,0.0557,0.1833,0.1510
1785432581.85,30,drive,1,2.5,15.0,40.773,25.12,249.67,0.1672,0.2209,0.0474,0.1833,0.0709,0.2512,0.0679,0.0557,0.2322,0.1285,0.2444,0.0577,0.1848,0.1520
1785432581.95,30,drive,2,2.5,15.0,40.773,25.12,249.67,0.1623,0.2214,0.0450,0.1852,0.0718,0.2517,0.0679,0.0577,0.2312,0.1285,0.2454,0.0552,0.1857,0.1525
1785432582.05,30,drive,3,2.5,15.0,40.773,25.12,249.67,0.1672,0.2199,0.0474,0.1852,0.0723,0.2493,0.0689,0.0591,0.2317,0.1271,0.2473,0.0572,0.1857,0.1535
1785432582.74,30,drive,0,3.0,15.0,40.773,25.12,249.67,0.1672,0.2199,0.0474,0.1833,0.0699,0.2493,0.0689,0.0572,0.2302,0.1290,0.2454,0.0552,0.1838,0.1540
1785432582.84,30,drive,1,3.0,15.0,40.773,25.12,249.67,0.1628,0.2224,0.0499,0.1848,0.0733,0.2498,0.0699,0.0577,0.2283,0.1281,0.2458,0.0582,0.1862,0.1510
1785432582.94,30,drive,2,3.0,15.0,40.773,25.12,249.67,0.1667,0.2204,0.0459,0.1857,0.0704,0.2488,0.0679,0.0582,0.2326,0.1276,0.2458,0.0562,0.1867,0.1500
1785432583.03,30,drive,3,3.0,15.0,40.773,25.12,249.67,0.1652,0.2209,0.0459,0.1852,0.0723,0.2507,0.0679,0.0591,0.2297,0.1290,0.2439,0.0587,0.1848,0.1525
1785432583.73,30,drive,0,3.5,15.0,40.773,25.12,249.67,0.1657,0.2190,0.0469,0.1857,0.0723,0.2478,0.0674,0.0601,0.2307,0.1285,0.2458,0.0567,0.1838,0.1510
1785432583.83,30,drive,1,3.5,15.0,40.773,25.12,249.67,0.1662,0.2209,0.0479,0.1843,0.0714,0.2517,0.0684,0.0596,0.2317,0.1310,0.2444,0.0557,0.1804,0.1540
1785432583.92,30,drive,2,3.5,15.0,40.773,25.12,249.67,0.1652,0.2219,0.0469,0.1838,0.0714,0.2507,0.0679,0.0557,0.2302,0.1290,0.2444,0.0587,0.1857,0.1525
1785432584.02,30,drive,3,3.5,15.0,40.773,25.12,249.67,0.1647,0.2204,0.0445,0.1857,0.0733,0.2512,0.0679,0.0567,0.2317,0.1290,0.2444,0.0582,0.1838,0.1520
1785432584.72,30,drive,0,4.0,15.0,40.773,25.12,249.67,0.1672,0.2214,0.0450,0.1843,0.0723,0.2517,0.0699,0.0582,0.2326,0.1281,0.2444,0.0582,0.1828,0.1515
1785432584.81,30,drive,1,4.0,15.0,40.773,25.12,249.67,0.1657,0.2214,0.0459,0.1852,0.0694,0.2507,0.0679,0.0591,0.2307,0.1305,0.2439,0.0582,0.1833,0.1520
1785432584.91,30,drive,2,4.0,15.0,40.773,25.12,249.67,0.1662,0.2219,0.0484,0.1857,0.0714,0.2498,0.0684,0.0572,0.2273,0.1305,0.2439,0.0543,0.1838,0.1505
1785432585.01,30,drive,3,4.0,15.0,40.773,25.12,249.67,0.1672,0.2209,0.0455,0.1852,0.0733,0.2507,0.0674,0.0577,0.2312,0.1271,0.2449,0.0582,0.1828,0.1505
1785432585.79,31,base,0,0.0,15.0,40.933,25.11,249.67,0.1647,0.2204,0.0489,0.1862,0.0704,0.2498,0.0684,0.0587,0.2283,0.1281,0.2458,0.0567,0.1843,0.1505
1785432585.88,31,base,1,0.0,15.0,40.933,25.11,249.67,0.1662,0.2219,0.0469,0.1852,0.0714,0.2488,0.0694,0.0582,0.2317,0.1300,0.2463,0.0572,0.1813,0.1525
1785432585.98,31,base,2,0.0,15.0,40.933,25.11,249.67,0.1672,0.2195,0.0464,0.1852,0.0733,0.2483,0.0670,0.0577,0.2292,0.1281,0.2454,0.0552,0.1828,0.1530
1785432586.08,31,base,3,0.0,15.0,40.933,25.11,249.67,0.1647,0.2195,0.0469,0.1852,0.0714,0.2507,0.0665,0.0582,0.2297,0.1295,0.2429,0.0577,0.1833,0.1559
1785432586.77,31,drive,0,0.5,15.0,40.933,25.11,249.67,0.1652,0.2219,0.0469,0.1838,0.0714,0.2493,0.0665,0.0591,0.2302,0.1285,0.2454,0.0587,0.1818,0.1535
1785432586.87,31,drive,1,0.5,15.0,40.933,25.11,249.67,0.1652,0.2214,0.0479,0.1852,0.0718,0.2493,0.0674,0.0582,0.2302,0.1281,0.2429,0.0577,0.1828,0.1530
1785432586.96,31,drive,2,0.5,15.0,40.933,25.11,249.67,0.1696,0.2214,0.0455,0.1862,0.0733,0.2512,0.0665,0.0567,0.2297,0.1305,0.2454,0.0567,0.1833,0.1530
1785432587.06,31,drive,3,0.5,15.0,40.933,25.11,249.67,0.1672,0.2219,0.0474,0.1838,0.0718,0.2483,0.0670,0.0577,0.2287,0.1281,0.2454,0.0562,0.1838,0.1540
1785432587.75,31,drive,0,1.0,15.0,40.933,25.11,249.67,0.1632,0.2190,0.0479,0.1823,0.0718,0.2507,0.0689,0.0577,0.2312,0.1295,0.2449,0.0587,0.1818,0.1515
1785432587.85,31,drive,1,1.0,15.0,40.933,25.11,249.67,0.1637,0.2209,0.0479,0.1828,0.0699,0.2488,0.0665,0.0591,0.2273,0.1305,0.2468,0.0577,0.1852,0.1486
1785432587.95,31,drive,2,1.0,15.0,40.933,25.11,249.67,0.1657,0.2180,0.0474,0.1852,0.0709,0.2502,0.0689,0.0572,0.2283,0.1276,0.2463,0.0557,0.1828,0.1525
1785432588.04,31,drive,3,1.0,15.0,40.933,25.11,249.67,0.1642,0.2175,0.0479,0.1848,0.0718,0.2512,0.0670,0.0582,0.2317,0.1310,0.2454,0.0547,0.1828,0.1530
1785432588.74,31,drive,0,1.5,15.0,40.933,25.11,249.67,0.1672,0.2209,0.0479,0.1843,0.0709,0.2493,0.0694,0.0572,0.2297,0.1285,0.2439,0.0552,0.1823,0.1525
1785432588.83,31,drive,1,1.5,15.0,40.933,25.11,249.67,0.1686,0.2204,0.0464,0.1843,0.0699,0.2493,0.0689,0.0582,0.2302,0.1300,0.2468,0.0567,0.1813,0.1510
1785432588.93,31,drive,2,1.5,15.0,40.933,25.11,249.67,0.1642,0.2204,0.0455,0.1838,0.0718,0.2502,0.0670,0.0582,0.2292,0.1295,0.2473,0.0557,0.1828,0.1505
1785432589.03,31,drive,3,1.5,15.0,40.933,25.11,249.67,0.1662,0.2195,0.0469,0.1828,0.0709,0.2502,0.0684,0.0557,0.2292,0.1285,0.2454,0.0577,0.1833,0.1525
1785432589.72,31,drive,0,2.0,15.0,40.933,25.11,249.67,0.1681,0.2190,0.0455,0.1862,0.0728,0.2498,0.0679,0.0577,0.2283,0.1285,0.2493,0.0567,0.1813,0.1535
1785432589.82,31,drive,1,2.0,15.0,40.933,25.11,249.67,0.1623,0.2195,0.0474,0.1823,0.0694,0.2498,0.0674,0.0587,0.2283,0.1295,0.2478,0.0567,0.1813,0.1510
1785432589.92,31,drive,2,2.0,15.0,40.933,25.11,249.67,0.1667,0.2209,0.0445,0.1833,0.0723,0.2493,0.0665,0.0582,0.2283,0.1305,0.2463,0.0587,0.1813,0.1540
1785432590.01,31,drive,3,2.0,15.0,40.933,25.11,249.67,0.1662,0.2190,0.0479,0.1833,0.0709,0.2483,0.0665,0.0601,0.2292,0.1285,0.2478,0.0572,0.1838,0.1525
1785432590.71,31,drive,0,2.5,15.0,40.933,25.11,249.67,0.1667,0.2190,0.0464,0.1848,0.0718,0.2527,0.0679,0.0557,0.2297,0.1305,0.2449,0.0587,0.1843,0.1530
1785432590.81,31,drive,1,2.5,15.0,40.933,25.11,249.67,0.1657,0.2195,0.0484,0.1838,0.0699,0.2478,0.0679,0.0582,0.2273,0.1261,0.2478,0.0582,0.1813,0.1525
1785432590.90,31,drive,2,2.5,15.0,40.933,25.11,249.67,0.1672,0.2209,0.0469,0.1828,0.0704,0.2483,0.0694,0.0587,0.2287,0.1271,0.2463,0.0572,0.1823,0.1486
1785432591.00,31,drive,3,2.5,15.0,40.933,25.11,249.67,0.1632,0.2209,0.0484,0.1833,0.0709,0.2507,0.0679,0.0587,0.2283,0.1285,0.2454,0.0587,0.1799,0.1525
1785432591.69,31,drive,0,3.0,15.0,40.933,25.11,249.67,0.1676,0.2209,0.0494,0.1857,0.0689,0.2478,0.0650,0.0611,0.2273,0.1266,0.2473,0.0587,0.1813,0.1530
1785432591.79,31,drive,1,3.0,15.0,40.933,25.11,249.67,0.1657,0.2190,0.0450,0.1838,0.0704,0.2502,0.0670,0.0587,0.2248,0.1295,0.2449,0.0538,0.1843,0.1525
1785432591.89,31,drive,2,3.0,15.0,40.933,25.11,249.67,0.1681,0.2229,0.0474,0.1808,0.0718,0.2488,0.0674,0.0582,0.2292,0.1290,0.2449,0.0552,0.1813,0.1520
1785432591.98,31,drive,3,3.0,15.0,40.933,25.11,249.67,0.1657,0.2209,0.0474,0.1872,0.0694,0.2488,0.0714,0.0572,0.2268,0.1271,0.2468,0.0572,0.1779,0.1525
1785432592.68,31,drive,0,3.5,15.0,40.933,25.11,249.67,0.1662,0.2214,0.0450,0.1828,0.0679,0.2488,0.0684,0.0591,0.2268,0.1281,0.2473,0.0567,0.1818,0.1535
1785432592.77,31,drive,1,3.5,15.0,40.933,25.11,249.67,0.1647,0.2204,0.0499,0.1823,0.0699,0.2478,0.0689,0.0587,0.2283,0.1276,0.2458,0.0587,0.1823,0.1525
1785432592.87,31,drive,2,3.5,15.0,40.933,25.11,249.67,0.1632,0.2199,0.0464,0.1838,0.0704,0.2483,0.0699,0.0587,0.2243,0.1261,0.2468,0.0582,0.1823,0.1525
1785432592.97,31,drive,3,3.5,15.0,40.933,25.11,249.67,0.1667,0.2190,0.0464,0.1857,0.0718,0.2488,0.0674,0.0616,0.2283,0.1271,0.2473,0.0552,0.1789,0.1530
1785432593.66,31,drive,0,4.0,15.0,40.933,25.11,249.67,0.1662,0.2190,0.0479,0.1813,0.0689,0.2483,0.0689,0.0582,0.2258,0.1271,0.2498,0.0591,0.1818,0.1520
1785432593.76,31,drive,1,4.0,15.0,40.933,25.11,249.67,0.1691,0.2204,0.0474,0.1813,0.0684,0.2502,0.0670,0.0582,0.2234,0.1310,0.2458,0.0543,0.1833,0.1510
1785432593.86,31,drive,2,4.0,15.0,40.933,25.11,249.67,0.1642,0.2180,0.0479,0.1833,0.0694,0.2493,0.0674,0.0577,0.2268,0.1305,0.2449,0.0577,0.1808,0.1510
1785432593.95,31,drive,3,4.0,15.0,40.933,25.11,249.67,0.1642,0.2209,0.0499,0.1848,0.0714,0.2498,0.0679,0.0582,0.2268,0.1290,0.2468,0.0557,0.1818,0.1535
1785432594.72,32,base,0,0.0,15.0,40.773,25.12,249.67,0.1647,0.2209,0.0469,0.1848,0.0723,0.2483,0.0674,0.0572,0.2287,0.1290,0.2458,0.0557,0.1818,0.1525
1785432594.82,32,base,1,0.0,15.0,40.773,25.12,249.67,0.1642,0.2175,0.0479,0.1833,0.0728,0.2493,0.0660,0.0567,0.2287,0.1300,0.2434,0.0547,0.1813,0.1535
1785432594.92,32,base,2,0.0,15.0,40.773,25.12,249.67,0.1652,0.2224,0.0435,0.1823,0.0733,0.2488,0.0679,0.0591,0.2283,0.1285,0.2473,0.0567,0.1804,0.1520
1785432595.01,32,base,3,0.0,15.0,40.773,25.12,249.67,0.1676,0.2190,0.0469,0.1813,0.0684,0.2498,0.0694,0.0582,0.2239,0.1276,0.2473,0.0572,0.1799,0.1520
1785432595.71,32,drive,0,0.5,15.0,40.773,25.12,249.67,0.1632,0.2219,0.0459,0.1833,0.0694,0.2522,0.0660,0.0596,0.2268,0.1285,0.2434,0.0587,0.1808,0.1510
1785432595.80,32,drive,1,0.5,15.0,40.773,25.12,249.67,0.1632,0.2195,0.0474,0.1813,0.0709,0.2483,0.0689,0.0591,0.2268,0.1281,0.2444,0.0567,0.1808,0.1525
1785432595.90,32,drive,2,0.5,15.0,40.773,25.12,249.67,0.1657,0.2209,0.0489,0.1808,0.0694,0.2468,0.0674,0.0572,0.2243,0.1285,0.2458,0.0567,0.1818,0.1549
1785432596.00,32,drive,3,0.5,15.0,40.773,25.12,249.67,0.1632,0.2195,0.0464,0.1833,0.0714,0.2498,0.0665,0.0562,0.2253,0.1285,0.2454,0.0577,0.1794,0.1530
1785432596.69,32,drive,0,1.0,15.0,40.773,25.12,249.67,0.1657,0.2195,0.0474,0.1828,0.0689,0.2468,0.0650,0.0601,0.2278,0.1290,0.2458,0.0577,0.1804,0.1520
1785432596.79,32,drive,1,1.0,15.0,40.773,25.12,249.67,0.1623,0.2204,0.0474,0.1857,0.0714,0.2502,0.0689,0.0596,0.2263,0.1290,0.2444,0.0591,0.1804,0.1505
1785432596.89,32,drive,2,1.0,15.0,40.773,25.12,249.67,0.1628,0.2204,0.0479,0.1828,0.0709,0.2502,0.0674,0.0572,0.2248,0.1295,0.2468,0.0582,0.1799,0.1505
1785432596.98,32,drive,3,1.0,15.0,40.773,25.12,249.67,0.1657,0.2199,0.0459,0.1833,0.0709,0.2498,0.0670,0.0577,0.2268,0.1295,0.2458,0.0567,0.1779,0.1520
1785432597.67,32,drive,0,1.5,15.0,40.773,25.12,249.67,0.1667,0.2199,0.0464,0.1838,0.0709,0.2478,0.0670,0.0577,0.2258,0.1261,0.2473,0.0587,0.1804,0.1535
1785432597.77,32,drive,1,1.5,15.0,40.773,25.12,249.67,0.1647,0.2190,0.0450,0.1843,0.0694,0.2502,0.0650,0.0596,0.2248,0.1285,0.2468,0.0552,0.1789,0.1515
1785432597.87,32,drive,2,1.5,15.0,40.773,25.12,249.67,0.1628,0.2224,0.0464,0.1838,0.0689,0.2507,0.0670,0.0577,0.2239,0.1295,0.2449,0.0562,0.1784,0.1520
1785432597.96,32,drive,3,1.5,15.0,40.773,25.12,249.67,0.1676,0.2199,0.0469,0.1823,0.0709,0.2488,0.0704,0.0582,0.2258,0.1290,0.2473,0.0591,0.1784,0.1520
1785432598.66,32,drive,0,2.0,15.0,40.773,25.12,249.67,0.1642,0.2185,0.0474,0.1828,0.0699,0.2478,0.0699,0.0582,0.2224,0.1276,0.2473,0.0577,0.1813,0.1520
1785432598.76,32,drive,1,2.0,15.0,40.773,25.12,249.67,0.1652,0.2234,0.0450,0.1823,0.0699,0.2502,0.0679,0.0606,0.2224,0.1300,0.2463,0.0567,0.1818,0.1505
1785432598.85,32,drive,2,2.0,15.0,40.773,25.12,249.67,0.1667,0.2204,0.0464,0.1838,0.0694,0.2493,0.0660,0.0601,0.2243,0.1281,0.2449,0.0577,0.1774,0.1520
1785432598.95,32,drive,3,2.0,15.0,40.773,25.12,249.67,0.1652,0.2185,0.0474,0.1813,0.0728,0.2498,0.0679,0.0587,0.2243,0.1300,0.2439,0.0577,0.1779,0.1530
1785432599.64,32,drive,0,2.5,15.0,40.773,25.12,249.67,0.1637,0.2175,0.0474,0.1843,0.0694,0.2507,0.0684,0.0577,0.2229,0.1300,0.2463,0.0547,0.1794,0.1544
1785432599.74,32,drive,1,2.5,15.0,40.773,25.12,249.67,0.1657,0.2204,0.0499,0.1823,0.0694,0.2488,0.0699,0.0562,0.2239,0.1300,0.2444,0.0572,0.1779,0.1510
1785432599.84,32,drive,2,2.5,15.0,40.773,25.12,249.67,0.1657,0.2190,0.0479,0.1848,0.0699,0.2488,0.0670,0.0572,0.2243,0.1290,0.2478,0.0567,0.1760,0.1530
1785432599.93,32,drive,3,2.5,15.0,40.773,25.12,249.67,0.1647,0.2180,0.0474,0.1823,0.0689,0.2502,0.0660,0.0596,0.2239,0.1276,0.2458,0.0552,0.1779,0.1530
1785432600.63,32,drive,0,3.0,15.0,40.773,25.12,249.67,0.1657,0.2185,0.0455,0.1828,0.0694,0.2493,0.0660,0.0577,0.2234,0.1295,0.2454,0.0572,0.1769,0.1530
1785432600.73,32,drive,1,3.0,15.0,40.773,25.12,249.67,0.1657,0.2180,0.0474,0.1838,0.0704,0.2483,0.0684,0.0577,0.2219,0.1305,0.2463,0.0562,0.1774,0.1535
1785432600.82,32,drive,2,3.0,15.0,40.773,25.12,249.67,0.1676,0.2219,0.0459,0.1843,0.0704,0.2498,0.0674,0.0587,0.2243,0.1271,0.2424,0.0562,0.1799,0.1530
1785432600.92,32,drive,3,3.0,15.0,40.773,25.12,249.67,0.1652,0.2190,0.0459,0.1852,0.0684,0.2498,0.0670,0.0587,0.2243,0.1305,0.2463,0.0577,0.1784,0.1515
1785432601.61,32,drive,0,3.5,15.0,40.773,25.12,249.67,0.1657,0.2195,0.0474,0.1828,0.0684,0.2483,0.0689,0.0591,0.2229,0.1276,0.2468,0.0572,0.1755,0.1510
1785432601.71,32,drive,1,3.5,15.0,40.773,25.12,249.67,0.1662,0.2199,0.0489,0.1808,0.0704,0.2473,0.0689,0.0596,0.2243,0.1315,0.2458,0.0582,0.1769,0.1520
1785432601.80,32,drive,2,3.5,15.0,40.773,25.12,249.67,0.1647,0.2209,0.0494,0.1828,0.0670,0.2493,0.0684,0.0591,0.2224,0.1281,0.2449,0.0567,0.1755,0.1525
1785432601.90,32,drive,3,3.5,15.0,40.773,25.12,249.67,0.1637,0.2195,0.0479,0.1857,0.0674,0.2483,0.0684,0.0606,0.2214,0.1281,0.2449,0.0582,0.1769,0.1491
1785432602.60,32,drive,0,4.0,15.0,40.773,25.12,249.67,0.1647,0.2170,0.0499,0.1852,0.0689,0.2493,0.0679,0.0587,0.2219,0.1290,0.2454,0.0547,0.1764,0.1515
1785432602.69,32,drive,1,4.0,15.0,40.773,25.12,249.67,0.1632,0.2214,0.0469,0.1838,0.0689,0.2532,0.0665,0.0572,0.2243,0.1325,0.2439,0.0567,0.1755,0.1544
1785432602.79,32,drive,2,4.0,15.0,40.773,25.12,249.67,0.1652,0.2180,0.0474,0.1833,0.0670,0.2502,0.0689,0.0596,0.2204,0.1295,0.2478,0.0572,0.1760,0.1544
1785432602.89,32,drive,3,4.0,15.0,40.773,25.12,249.67,0.1647,0.2195,0.0499,0.1843,0.0670,0.2488,0.0684,0.0601,0.2209,0.1295,0.2463,0.0562,0.1769,0.1515
1785432603.65,33,base,0,0.0,15.0,40.793,25.12,249.68,0.1672,0.2209,0.0455,0.1857,0.0679,0.2488,0.0689,0.0582,0.2219,0.1295,0.2463,0.0562,0.1735,0.1500
1785432603.75,33,base,1,0.0,15.0,40.793,25.12,249.68,0.1657,0.2180,0.0474,0.1833,0.0670,0.2483,0.0660,0.0577,0.2214,0.1320,0.2463,0.0557,0.1740,0.1535
1785432603.85,33,base,2,0.0,15.0,40.793,25.12,249.68,0.1652,0.2165,0.0474,0.1848,0.0679,0.2493,0.0655,0.0606,0.2219,0.1285,0.2463,0.0557,0.1755,0.1520
1785432603.94,33,base,3,0.0,15.0,40.793,25.12,249.68,0.1637,0.2190,0.0484,0.1843,0.0684,0.2493,0.0684,0.0591,0.2199,0.1285,0.2458,0.0552,0.1745,0.1510
1785432604.64,33,drive,0,0.5,15.0,40.793,25.12,249.68,0.1667,0.2180,0.0489,0.1843,0.0665,0.2507,0.0674,0.0596,0.2209,0.1295,0.2439,0.0567,0.1764,0.1520
1785432604.74,33,drive,1,0.5,15.0,40.793,25.12,249.68,0.1657,0.2199,0.0469,0.1843,0.0694,0.2488,0.0665,0.0567,0.2199,0.1310,0.2468,0.0552,0.1735,0.1515
1785432604.83,33,drive,2,0.5,15.0,40.793,25.12,249.68,0.1637,0.2185,0.0484,0.1843,0.0679,0.2478,0.0645,0.0577,0.2219,0.1295,0.2463,0.0567,0.1745,0.1520
1785432604.93,33,drive,3,0.5,15.0,40.793,25.12,249.68,0.1642,0.2195,0.0445,0.1833,0.0674,0.2502,0.0684,0.0572,0.2234,0.1295,0.2439,0.0557,0.1735,0.1510
1785432605.62,33,drive,0,1.0,15.0,40.793,25.12,249.68,0.1637,0.2204,0.0484,0.1852,0.0660,0.2483,0.0670,0.0582,0.2170,0.1310,0.2454,0.0572,0.1755,0.1530
1785432605.72,33,drive,1,1.0,15.0,40.793,25.12,249.68,0.1676,0.2195,0.0464,0.1838,0.0699,0.2507,0.0684,0.0601,0.2199,0.1290,0.2439,0.0577,0.1740,0.1505
1785432605.82,33,drive,2,1.0,15.0,40.793,25.12,249.68,0.1652,0.2185,0.0484,0.1843,0.0665,0.2498,0.0665,0.0591,0.2214,0.1295,0.2463,0.0557,0.1740,0.1535
1785432605.92,33,drive,3,1.0,15.0,40.793,25.12,249.68,0.1642,0.2175,0.0484,0.1857,0.0684,0.2483,0.0674,0.0577,0.2204,0.1300,0.2419,0.0562,0.1730,0.1544
1785432606.61,33,drive,0,1.5,15.0,40.793,25.12,249.68,0.1662,0.2224,0.0464,0.1828,0.0694,0.2498,0.0650,0.0562,0.2185,0.1325,0.2449,0.0562,0.1745,0.1530
1785432606.70,33,drive,1,1.5,15.0,40.793,25.12,249.68,0.1647,0.2204,0.0474,0.1838,0.0684,0.2502,0.0665,0.0543,0.2219,0.1295,0.2449,0.0567,0.1725,0.1535
1785432606.80,33,drive,2,1.5,15.0,40.793,25.12,249.68,0.1652,0.2190,0.0459,0.1843,0.0689,0.2498,0.0679,0.0587,0.2209,0.1305,0.2463,0.0547,0.1740,0.1520
1785432606.90,33,drive,3,1.5,15.0,40.793,25.12,249.68,0.1637,0.2204,0.0469,0.1848,0.0684,0.2502,0.0694,0.0601,0.2170,0.1300,0.2434,0.0577,0.1745,0.1510
1785432607.59,33,drive,0,2.0,15.0,40.793,25.12,249.68,0.1652,0.2219,0.0479,0.1828,0.0670,0.2507,0.0665,0.0567,0.2209,0.1320,0.2458,0.0567,0.1750,0.1540
1785432607.69,33,drive,1,2.0,15.0,40.793,25.12,249.68,0.1672,0.2195,0.0464,0.1843,0.0699,0.2478,0.0670,0.0582,0.2185,0.1295,0.2454,0.0557,0.1745,0.1535
1785432607.79,33,drive,2,2.0,15.0,40.793,25.12,249.68,0.1662,0.2204,0.0469,0.1862,0.0689,0.2478,0.0679,0.0591,0.2175,0.1300,0.2454,0.0572,0.1745,0.1535
1785432607.88,33,drive,3,2.0,15.0,40.793,25.12,249.68,0.1667,0.2214,0.0464,0.1843,0.0694,0.2463,0.0679,0.0587,0.2180,0.1315,0.2449,0.0577,0.1730,0.1535
1785432608.58,33,drive,0,2.5,15.0,40.793,25.12,249.68,0.1657,0.2214,0.0479,0.1852,0.0684,0.2498,0.0679,0.0616,0.2175,0.1305,0.2444,0.0567,0.1720,0.1496
1785432608.67,33,drive,1,2.5,15.0,40.793,25.12,249.68,0.1672,0.2224,0.0474,0.1867,0.0665,0.2463,0.0665,0.0582,0.2190,0.1300,0.2444,0.0567,0.1740,0.1525
1785432608.77,33,drive,2,2.5,15.0,40.793,25.12,249.68,0.1647,0.2209,0.0469,0.1828,0.0665,0.2498,0.0660,0.0587,0.2180,0.1295,0.2458,0.0572,0.1735,0.1540
1785432608.87,33,drive,3,2.5,15.0,40.793,25.12,249.68,0.1608,0.2195,0.0459,0.1862,0.0674,0.2488,0.0670,0.0582,0.2195,0.1315,0.2434,0.0567,0.1725,0.1525
1785432609.56,33,drive,0,3.0,15.0,40.793,25.12,249.68,0.1623,0.2204,0.0435,0.1848,0.0674,0.2512,0.0660,0.0577,0.2180,0.1305,0.2439,0.0552,0.1755,0.1520
1785432609.66,33,drive,1,3.0,15.0,40.793,25.12,249.68,0.1662,0.2199,0.0484,0.1843,0.0674,0.2502,0.0670,0.0572,0.2175,0.1320,0.2429,0.0557,0.1725,0.1520
1785432609.76,33,drive,2,3.0,15.0,40.793,25.12,249.68,0.1662,0.2195,0.0469,0.1848,0.0674,0.2502,0.0684,0.0582,0.2180,0.1305,0.2454,0.0587,0.1706,0.1510
1785432609.85,33,drive,3,3.0,15.0,40.793,25.12,249.68,0.1657,0.2190,0.0469,0.1833,0.0704,0.2502,0.0655,0.0557,0.2204,0.1295,0.2434,0.0552,0.1701,0.1544
1785432610.54,33,drive,0,3.5,15.0,40.793,25.12,249.68,0.1632,0.2204,0.0474,0.1852,0.0670,0.2498,0.0699,0.0582,0.2155,0.1305,0.2439,0.0552,0.1725,0.1530
1785432610.64,33,drive,1,3.5,15.0,40.793,25.12,249.68,0.1628,0.2180,0.0459,0.1857,0.0660,0.2488,0.0684,0.0611,0.2195,0.1290,0.2458,0.0552,0.1735,0.1496
1785432610.74,33,drive,2,3.5,15.0,40.793,25.12,249.68,0.1652,0.2199,0.0489,0.1852,0.0699,0.2498,0.0674,0.0582,0.2190,0.1310,0.2449,0.0552,0.1720,0.1530
1785432610.83,33,drive,3,3.5,15.0,40.793,25.12,249.68,0.1628,0.2224,0.0484,0.1848,0.0674,0.2498,0.0689,0.0596,0.2185,0.1310,0.2414,0.0567,0.1725,0.1530
1785432611.53,33,drive,0,4.0,15.0,40.793,25.12,249.68,0.1691,0.2229,0.0479,0.1857,0.0670,0.2512,0.0684,0.0582,0.2170,0.1305,0.2419,0.0557,0.1716,0.1535
1785432611.63,33,drive,1,4.0,15.0,40.793,25.12,249.68,0.1672,0.2190,0.0474,0.1848,0.0689,0.2478,0.0640,0.0562,0.2185,0.1320,0.2424,0.0562,0.1725,0.1530
1785432611.72,33,drive,2,4.0,15.0,40.793,25.12,249.68,0.1657,0.2199,0.0474,0.1833,0.0665,0.2517,0.0665,0.0567,0.2185,0.1305,0.2444,0.0562,0.1720,0.1510
1785432611.82,33,drive,3,4.0,15.0,40.793,25.12,249.68,0.1652,0.2209,0.0469,0.1862,0.0674,0.2493,0.0679,0.0591,0.2190,0.1315,0.2414,0.0557,0.1681,0.1515
1785432612.59,41,base,0,0.0,15.0,40.773,25.11,249.68,0.1642,0.2199,0.0459,0.1852,0.0694,0.2483,0.0670,0.0572,0.2180,0.1310,0.2444,0.0577,0.1691,0.1530
1785432612.69,41,base,1,0.0,15.0,40.773,25.11,249.68,0.1667,0.2204,0.0503,0.1833,0.0630,0.2507,0.0684,0.0562,0.2155,0.1320,0.2458,0.0567,0.1716,0.1515
1785432612.78,41,base,2,0.0,15.0,40.773,25.11,249.68,0.1623,0.2219,0.0455,0.1867,0.0704,0.2522,0.0670,0.0582,0.2165,0.1281,0.2414,0.0557,0.1701,0.1549
1785432612.88,41,base,3,0.0,15.0,40.773,25.11,249.68,0.1662,0.2209,0.0459,0.1843,0.0679,0.2493,0.0655,0.0577,0.2185,0.1334,0.2429,0.0543,0.1725,0.1540
1785432613.57,41,drive,0,0.5,15.0,40.773,25.11,249.68,0.1632,0.2224,0.0469,0.1852,0.0689,0.2512,0.0655,0.0601,0.2165,0.1300,0.2410,0.0572,0.1701,0.1535
1785432613.67,41,drive,1,0.5,15.0,40.773,25.11,249.68,0.1647,0.2199,0.0479,0.1843,0.0689,0.2498,0.0665,0.0601,0.2170,0.1295,0.2444,0.0567,0.1706,0.1540
1785432613.77,41,drive,2,0.5,15.0,40.773,25.11,249.68,0.1676,0.2209,0.0469,0.1848,0.0645,0.2502,0.0679,0.0616,0.2146,0.1300,0.2468,0.0552,0.1716,0.1496
1785432613.87,41,drive,3,0.5,15.0,40.773,25.11,249.68,0.1662,0.2214,0.0440,0.1848,0.0694,0.2517,0.0670,0.0572,0.2160,0.1310,0.2414,0.0547,0.1725,0.1505
1785432614.56,41,drive,0,1.0,15.0,40.773,25.11,249.68,0.1657,0.2214,0.0469,0.1848,0.0665,0.2502,0.0660,0.0582,0.2160,0.1320,0.2414,0.0557,0.1696,0.1515
1785432614.66,41,drive,1,1.0,15.0,40.773,25.11,249.68,0.1662,0.2180,0.0445,0.1857,0.0655,0.2483,0.0655,0.0577,0.2170,0.1290,0.2439,0.0577,0.1701,0.1535
1785432614.75,41,drive,2,1.0,15.0,40.773,25.11,249.68,0.1667,0.2224,0.0469,0.1833,0.0650,0.2517,0.0694,0.0577,0.2155,0.1310,0.2434,0.0577,0.1686,0.1505
1785432614.85,41,drive,3,1.0,15.0,40.773,25.11,249.68,0.1657,0.2224,0.0455,0.1852,0.0645,0.2507,0.0665,0.0591,0.2160,0.1325,0.2410,0.0547,0.1711,0.1525
1785432615.54,41,drive,0,1.5,15.0,40.773,25.11,249.68,0.1642,0.2199,0.0479,0.1823,0.0670,0.2502,0.0679,0.0572,0.2160,0.1310,0.2424,0.0557,0.1711,0.1525
1785432615.64,41,drive,1,1.5,15.0,40.773,25.11,249.68,0.1667,0.2195,0.0459,0.1848,0.0699,0.2512,0.0670,0.0577,0.2170,0.1310,0.2414,0.0577,0.1681,0.1510
1785432615.74,41,drive,2,1.5,15.0,40.773,25.11,249.68,0.1672,0.2195,0.0474,0.1848,0.0670,0.2498,0.0684,0.0562,0.2165,0.1325,0.2424,0.0557,0.1696,0.1510
1785432615.83,41,drive,3,1.5,15.0,40.773,25.11,249.68,0.1672,0.2229,0.0469,0.1848,0.0670,0.2493,0.0665,0.0591,0.2170,0.1310,0.2429,0.0557,0.1696,0.1520
1785432616.52,41,drive,0,2.0,15.0,40.773,25.11,249.68,0.1637,0.2199,0.0450,0.1882,0.0679,0.2502,0.0665,0.0587,0.2151,0.1315,0.2419,0.0552,0.1701,0.1540
1785432616.62,41,drive,1,2.0,15.0,40.773,25.11,249.68,0.1637,0.2195,0.0459,0.1848,0.0650,0.2488,0.0674,0.0591,0.2146,0.1320,0.2424,0.0557,0.1725,0.1530
1785432616.72,41,drive,2,2.0,15.0,40.773,25.11,249.68,0.1642,0.2209,0.0474,0.1843,0.0679,0.2507,0.0679,0.0572,0.2160,0.1325,0.2439,0.0572,0.1706,0.1540
1785432616.81,41,drive,3,2.0,15.0,40.773,25.11,249.68,0.1652,0.2204,0.0474,0.1848,0.0670,0.2517,0.0670,0.0587,0.2151,0.1334,0.2410,0.0557,0.1701,0.1535
1785432617.51,41,drive,0,2.5,15.0,40.773,25.11,249.68,0.1667,0.2224,0.0484,0.1828,0.0684,0.2527,0.0684,0.0591,0.2141,0.1320,0.2419,0.0557,0.1691,0.1530
1785432617.60,41,drive,1,2.5,15.0,40.773,25.11,249.68,0.1667,0.2224,0.0455,0.1843,0.0699,0.2493,0.0674,0.0587,0.2146,0.1315,0.2439,0.0567,0.1701,0.1510
1785432617.70,41,drive,2,2.5,15.0,40.773,25.11,249.68,0.1657,0.2199,0.0474,0.1843,0.0660,0.2473,0.0645,0.0596,0.2131,0.1320,0.2410,0.0577,0.1711,0.1510
1785432617.80,41,drive,3,2.5,15.0,40.773,25.11,249.68,0.1672,0.2204,0.0464,0.1833,0.0665,0.2502,0.0665,0.0601,0.2155,0.1325,0.2419,0.0528,0.1696,0.1530
1785432618.49,41,drive,0,3.0,15.0,40.773,25.11,249.68,0.1657,0.2214,0.0459,0.1857,0.0665,0.2512,0.0679,0.0591,0.2146,0.1305,0.2410,0.0562,0.1686,0.1515
1785432618.59,41,drive,1,3.0,15.0,40.773,25.11,249.68,0.1647,0.2219,0.0469,0.1833,0.0645,0.2512,0.0674,0.0601,0.2131,0.1325,0.2419,0.0577,0.1691,0.1505
1785432618.69,41,drive,2,3.0,15.0,40.773,25.11,249.68,0.1667,0.2219,0.0474,0.1857,0.0674,0.2493,0.0679,0.0591,0.2141,0.1334,0.2410,0.0577,0.1711,0.1530
1785432618.78,41,drive,3,3.0,15.0,40.773,25.11,249.68,0.1662,0.2180,0.0469,0.1852,0.0684,0.2488,0.0679,0.0577,0.2155,0.1329,0.2419,0.0538,0.1686,0.1515
1785432619.48,41,drive,0,3.5,15.0,40.773,25.11,249.68,0.1657,0.2214,0.0459,0.1852,0.0665,0.2493,0.0655,0.0582,0.2136,0.1329,0.2439,0.0543,0.1652,0.1520
1785432619.57,41,drive,1,3.5,15.0,40.773,25.11,249.68,0.1647,0.2195,0.0484,0.1833,0.0660,0.2502,0.0655,0.0587,0.2136,0.1344,0.2410,0.0562,0.1701,0.1530
1785432619.67,41,drive,2,3.5,15.0,40.773,25.11,249.68,0.1637,0.2214,0.0464,0.1867,0.0684,0.2493,0.0665,0.0601,0.2151,0.1344,0.2395,0.0543,0.1686,0.1525
1785432619.77,41,drive,3,3.5,15.0,40.773,25.11,249.68,0.1672,0.2204,0.0474,0.1862,0.0670,0.2502,0.0660,0.0577,0.2131,0.1315,0.2414,0.0557,0.1676,0.1554
1785432620.46,41,drive,0,4.0,15.0,40.773,25.11,249.68,0.1632,0.2204,0.0499,0.1857,0.0655,0.2507,0.0674,0.0582,0.2141,0.1339,0.2405,0.0552,0.1681,0.1525
1785432620.56,41,drive,1,4.0,15.0,40.773,25.11,249.68,0.1667,0.2190,0.0455,0.1848,0.0670,0.2522,0.0660,0.0606,0.2136,0.1325,0.2434,0.0572,0.1672,0.1530
1785432620.66,41,drive,2,4.0,15.0,40.773,25.11,249.68,0.1672,0.2204,0.0474,0.1857,0.0655,0.2493,0.0660,0.0591,0.2136,0.1329,0.2424,0.0601,0.1667,0.1520
1785432620.75,41,drive,3,4.0,15.0,40.773,25.11,249.68,0.1672,0.2204,0.0494,0.1872,0.0670,0.2527,0.0655,0.0567,0.2155,0.1334,0.2395,0.0557,0.1686,0.1549
1785432621.53,42,base,0,0.0,15.0,40.773,25.11,249.68,0.1662,0.2204,0.0459,0.1852,0.0684,0.2488,0.0660,0.0582,0.2131,0.1334,0.2395,0.0557,0.1676,0.1544
1785432621.62,42,base,1,0.0,15.0,40.773,25.11,249.68,0.1632,0.2209,0.0450,0.1877,0.0670,0.2493,0.0679,0.0596,0.2126,0.1315,0.2424,0.0528,0.1681,0.1535
1785432621.72,42,base,2,0.0,15.0,40.773,25.11,249.68,0.1657,0.2199,0.0459,0.1862,0.0650,0.2498,0.0655,0.0582,0.2141,0.1329,0.2419,0.0557,0.1676,0.1530
1785432621.82,42,base,3,0.0,15.0,40.773,25.11,249.68,0.1652,0.2224,0.0479,0.1862,0.0650,0.2507,0.0679,0.0606,0.2116,0.1329,0.2419,0.0577,0.1691,0.1520
1785432622.51,42,drive,0,0.5,15.0,40.773,25.11,249.68,0.1647,0.2199,0.0469,0.1857,0.0655,0.2517,0.0650,0.0562,0.2155,0.1325,0.2400,0.0547,0.1672,0.1505
1785432622.60,42,drive,1,0.5,15.0,40.773,25.11,249.68,0.1642,0.2209,0.0464,0.1862,0.0650,0.2507,0.0670,0.0582,0.2116,0.1325,0.2429,0.0552,0.1676,0.1520
1785432622.70,42,drive,2,0.5,15.0,40.773,25.11,249.68,0.1628,0.2209,0.0469,0.1848,0.0679,0.2512,0.0679,0.0591,0.2131,0.1334,0.2395,0.0543,0.1676,0.1530
1785432622.80,42,drive,3,0.5,15.0,40.773,25.11,249.68,0.1647,0.2209,0.0469,0.1867,0.0655,0.2507,0.0660,0.0601,0.2136,0.1325,0.2385,0.0567,0.1676,0.1510
1785432623.49,42,drive,0,1.0,15.0,40.773,25.11,249.68,0.1672,0.2229,0.0469,0.1862,0.0674,0.2493,0.0640,0.0591,0.2121,0.1354,0.2390,0.0552,0.1672,0.1530
1785432623.59,42,drive,1,1.0,15.0,40.773,25.11,249.68,0.1676,0.2185,0.0474,0.1857,0.0665,0.2507,0.0674,0.0591,0.2131,0.1329,0.2429,0.0562,0.1686,0.1535
1785432623.69,42,drive,2,1.0,15.0,40.773,25.11,249.68,0.1642,0.2190,0.0455,0.1872,0.0655,0.2502,0.0660,0.0596,0.2126,0.1315,0.2424,0.0591,0.1672,0.1530
1785432623.79,42,drive,3,1.0,15.0,40.773,25.11,249.68,0.1662,0.2185,0.0489,0.1852,0.0670,0.2498,0.0684,0.0572,0.2131,0.1325,0.2414,0.0543,0.1696,0.1549
1785432624.48,42,drive,0,1.5,15.0,40.773,25.11,249.68,0.1642,0.2199,0.0489,0.1887,0.0665,0.2502,0.0679,0.0591,0.2146,0.1325,0.2414,0.0557,0.1706,0.1530
1785432624.57,42,drive,1,1.5,15.0,40.773,25.11,249.68,0.1652,0.2214,0.0464,0.1867,0.0665,0.2527,0.0670,0.0577,0.2131,0.1325,0.2424,0.0547,0.1681,0.1530
1785432624.67,42,drive,2,1.5,15.0,40.773,25.11,249.68,0.1637,0.2214,0.0494,0.1852,0.0660,0.2517,0.0679,0.0577,0.2131,0.1344,0.2400,0.0567,0.1672,0.1515
1785432624.77,42,drive,3,1.5,15.0,40.773,25.11,249.68,0.1657,0.2224,0.0459,0.1896,0.0670,0.2522,0.0665,0.0582,0.2121,0.1295,0.2454,0.0562,0.1676,0.1554
1785432625.46,42,drive,0,2.0,15.0,40.773,25.11,249.68,0.1657,0.2199,0.0469,0.1867,0.0674,0.2493,0.0670,0.0596,0.2131,0.1325,0.2463,0.0567,0.1657,0.1496
1785432625.56,42,drive,1,2.0,15.0,40.773,25.11,249.68,0.1632,0.2209,0.0494,0.1867,0.0645,0.2498,0.0689,0.0591,0.2107,0.1329,0.2429,0.0562,0.1657,0.1530
1785432625.66,42,drive,2,2.0,15.0,40.773,25.11,249.68,0.1647,0.2209,0.0474,0.1857,0.0655,0.2507,0.0655,0.0596,0.2131,0.1310,0.2439,0.0543,0.1681,0.1525
1785432625.75,42,drive,3,2.0,15.0,40.773,25.11,249.68,0.1672,0.2195,0.0484,0.1852,0.0674,0.2507,0.0670,0.0596,0.2141,0.1344,0.2429,0.0557,0.1681,0.1535
1785432626.44,42,drive,0,2.5,15.0,40.773,25.11,249.68,0.1647,0.2219,0.0450,0.1877,0.0670,0.2507,0.0665,0.0587,0.2141,0.1329,0.2424,0.0562,0.1647,0.1535
1785432626.54,42,drive,1,2.5,15.0,40.773,25.11,249.68,0.1667,0.2219,0.0464,0.1867,0.0640,0.2512,0.0650,0.0596,0.2136,0.1334,0.2429,0.0562,0.1672,0.1530
1785432626.64,42,drive,2,2.5,15.0,40.773,25.11,249.68,0.1637,0.2214,0.0484,0.1867,0.0665,0.2488,0.0665,0.0601,0.2131,0.1334,0.2414,0.0577,0.1672,0.1525
1785432626.73,42,drive,3,2.5,15.0,40.773,25.11,249.68,0.1662,0.2219,0.0499,0.1857,0.0640,0.2512,0.0679,0.0601,0.2131,0.1334,0.2449,0.0572,0.1657,0.1520
1785432627.43,42,drive,0,3.0,15.0,40.773,25.11,249.68,0.1676,0.2204,0.0489,0.1852,0.0674,0.2517,0.0650,0.0601,0.2141,0.1354,0.2434,0.0557,0.1686,0.1500
1785432627.53,42,drive,1,3.0,15.0,40.773,25.11,249.68,0.1637,0.2214,0.0459,0.1848,0.0679,0.2512,0.0640,0.0528,0.2136,0.1334,0.2424,0.0562,0.1701,0.1540
1785432627.62,42,drive,2,3.0,15.0,40.773,25.11,249.68,0.1667,0.2180,0.0455,0.1872,0.0660,0.2527,0.0670,0.0601,0.2111,0.1344,0.2410,0.0557,0.1652,0.1525
1785432627.72,42,drive,3,3.0,15.0,40.773,25.11,249.68,0.1652,0.2214,0.0464,0.1867,0.0630,0.2512,0.0674,0.0577,0.2131,0.1334,0.2439,0.0557,0.1657,0.1535
1785432628.41,42,drive,0,3.5,15.0,40.773,25.11,249.68,0.1637,0.2214,0.0474,0.1887,0.0650,0.2502,0.0650,0.0582,0.2116,0.1344,0.2419,0.0587,0.1681,0.1535
1785432628.51,42,drive,1,3.5,15.0,40.773,25.11,249.68,0.1652,0.2224,0.0494,0.1857,0.0645,0.2527,0.0679,0.0562,0.2136,0.1349,0.2419,0.0552,0.1667,0.1510
1785432628.61,42,drive,2,3.5,15.0,40.773,25.11,249.68,0.1662,0.2209,0.0489,0.1877,0.0655,0.2493,0.0655,0.0596,0.2116,0.1344,0.2439,0.0547,0.1667,0.1540
1785432628.70,42,drive,3,3.5,15.0,40.773,25.11,249.68,0.1672,0.2239,0.0459,0.1872,0.0670,0.2532,0.0674,0.0606,0.2126,0.1339,0.2405,0.0567,0.1681,0.1535
1785432629.40,42,drive,0,4.0,15.0,40.773,25.11,249.68,0.1662,0.2243,0.0469,0.1891,0.0645,0.2507,0.0670,0.0587,0.2111,0.1349,0.2429,0.0577,0.1647,0.1540
1785432629.49,42,drive,1,4.0,15.0,40.773,25.11,249.68,0.1637,0.2219,0.0459,0.1857,0.0670,0.2512,0.0665,0.0582,0.2141,0.1349,0.2424,0.0538,0.1657,0.1530
1785432629.59,42,drive,2,4.0,15.0,40.773,25.11,249.68,0.1642,0.2199,0.0489,0.1833,0.0640,0.2502,0.0670,0.0616,0.2141,0.1339,0.2414,0.0547,0.1662,0.1530
1785432629.69,42,drive,3,4.0,15.0,40.773,25.11,249.68,0.1667,0.2199,0.0450,0.1857,0.0650,0.2517,0.0679,0.0591,0.2116,0.1349,0.2454,0.0547,0.1657,0.1520
1785432630.46,46,base,0,0.0,15.0,40.773,25.11,249.68,0.1657,0.2229,0.0459,0.1867,0.0650,0.2527,0.0665,0.0587,0.2126,0.1369,0.2419,0.0572,0.1662,0.1525
1785432630.56,46,base,1,0.0,15.0,40.773,25.11,249.68,0.1667,0.2234,0.0489,0.1857,0.0640,0.2507,0.0670,0.0557,0.2102,0.1359,0.2424,0.0562,0.1657,0.1540
1785432630.66,46,base,2,0.0,15.0,40.773,25.11,249.68,0.1657,0.2229,0.0484,0.1862,0.0626,0.2522,0.0679,0.0567,0.2116,0.1349,0.2410,0.0567,0.1657,0.1510
1785432630.75,46,base,3,0.0,15.0,40.773,25.11,249.68,0.1662,0.2243,0.0474,0.1872,0.0630,0.2507,0.0665,0.0596,0.2111,0.1329,0.2434,0.0577,0.1676,0.1520
1785432631.45,46,drive,0,0.5,15.0,40.773,25.11,249.68,0.1672,0.2219,0.0459,0.1877,0.0674,0.2522,0.0645,0.0606,0.2116,0.1329,0.2405,0.0572,0.1647,0.1525
1785432631.55,46,drive,1,0.5,15.0,40.773,25.11,249.68,0.1672,0.2204,0.0474,0.1867,0.0650,0.2507,0.0665,0.0567,0.2111,0.1349,0.2419,0.0552,0.1647,0.1549
1785432631.64,46,drive,2,0.5,15.0,40.773,25.11,249.68,0.1647,0.2229,0.0474,0.1882,0.0655,0.2507,0.0660,0.0596,0.2141,0.1339,0.2429,0.0547,0.1676,0.1535
1785432631.74,46,drive,3,0.5,15.0,40.773,25.11,249.68,0.1672,0.2234,0.0459,0.1872,0.0640,0.2522,0.0655,0.0587,0.2126,0.1364,0.2424,0.0577,0.1662,0.1540
1785432632.43,46,drive,0,1.0,15.0,40.773,25.11,249.68,0.1672,0.2224,0.0474,0.1867,0.0635,0.2502,0.0689,0.0596,0.2116,0.1320,0.2429,0.0562,0.1647,0.1544
1785432632.53,46,drive,1,1.0,15.0,40.773,25.11,249.68,0.1647,0.2224,0.0469,0.1882,0.0655,0.2512,0.0679,0.0611,0.2126,0.1315,0.2385,0.0562,0.1662,0.1505
1785432632.63,46,drive,2,1.0,15.0,40.773,25.11,249.68,0.1662,0.2229,0.0435,0.1872,0.0650,0.2502,0.0655,0.0587,0.2136,0.1344,0.2419,0.0557,0.1662,0.1540
1785432632.73,46,drive,3,1.0,15.0,40.773,25.11,249.68,0.1672,0.2199,0.0474,0.1877,0.0650,0.2527,0.0694,0.0572,0.2136,0.1344,0.2405,0.0552,0.1676,0.1540
1785432633.42,46,drive,0,1.5,15.0,40.773,25.11,249.68,0.1652,0.2234,0.0450,0.1882,0.0650,0.2517,0.0670,0.0582,0.2131,0.1349,0.2405,0.0552,0.1667,0.1530
1785432633.52,46,drive,1,1.5,15.0,40.773,25.11,249.68,0.1623,0.2229,0.0469,0.1882,0.0650,0.2502,0.0650,0.0587,0.2116,0.1354,0.2414,0.0567,0.1662,0.1535
1785432633.61,46,drive,2,1.5,15.0,40.773,25.11,249.68,0.1686,0.2243,0.0455,0.1848,0.0665,0.2502,0.0689,0.0601,0.2116,0.1359,0.2424,0.0552,0.1681,0.1520
1785432633.71,46,drive,3,1.5,15.0,40.773,25.11,249.68,0.1672,0.2229,0.0479,0.1867,0.0665,0.2502,0.0665,0.0606,0.2111,0.1344,0.2414,0.0562,0.1642,0.1530
1785432634.41,46,drive,0,2.0,15.0,40.773,25.11,249.68,0.1642,0.2219,0.0484,0.1887,0.0665,0.2483,0.0660,0.0601,0.2121,0.1373,0.2410,0.0552,0.1676,0.1530
1785432634.50,46,drive,1,2.0,15.0,40.773,25.11,249.68,0.1672,0.2209,0.0474,0.1862,0.0650,0.2532,0.0684,0.0572,0.2126,0.1344,0.2405,0.0557,0.1672,0.1520
1785432634.60,46,drive,2,2.0,15.0,40.773,25.11,249.68,0.1647,0.2190,0.0474,0.1906,0.0655,0.2507,0.0679,0.0596,0.2107,0.1344,0.2410,0.0562,0.1696,0.1530
1785432634.70,46,drive,3,2.0,15.0,40.773,25.11,249.68,0.1676,0.2229,0.0474,0.1872,0.0655,0.2502,0.0674,0.0577,0.2107,0.1349,0.2419,0.0567,0.1667,0.1530
1785432635.39,46,drive,0,2.5,15.0,40.773,25.11,249.68,0.1691,0.2195,0.0489,0.1891,0.0640,0.2502,0.0650,0.0596,0.2116,0.1349,0.2390,0.0562,0.1662,0.1525
1785432635.49,46,drive,1,2.5,15.0,40.773,25.11,249.68,0.1667,0.2209,0.0479,0.1877,0.0665,0.2517,0.0660,0.0572,0.2146,0.1364,0.2400,0.0543,0.1662,0.1525
1785432635.58,46,drive,2,2.5,15.0,40.773,25.11,249.68,0.1667,0.2209,0.0474,0.1882,0.0650,0.2517,0.0674,0.0587,0.2131,0.1354,0.2410,0.0543,0.1672,0.1535
1785432635.68,46,drive,3,2.5,15.0,40.773,25.11,249.68,0.1667,0.2224,0.0464,0.1877,0.0630,0.2507,0.0689,0.0567,0.2126,0.1359,0.2429,0.0572,0.1623,0.1544
1785432636.38,46,drive,0,3.0,15.0,40.773,25.11,249.68,0.1637,0.2243,0.0474,0.1867,0.0630,0.2507,0.0665,0.0577,0.2111,0.1344,0.2395,0.0547,0.1676,0.1525
1785432636.47,46,drive,1,3.0,15.0,40.773,25.11,249.68,0.1652,0.2224,0.0479,0.1882,0.0635,0.2517,0.0670,0.0591,0.2146,0.1339,0.2434,0.0577,0.1667,0.1530
1785432636.57,46,drive,2,3.0,15.0,40.773,25.11,249.68,0.1667,0.2219,0.0455,0.1891,0.0650,0.2493,0.0670,0.0601,0.2116,0.1349,0.2424,0.0567,0.1672,0.1520
1785432636.67,46,drive,3,3.0,15.0,40.773,25.11,249.68,0.1676,0.2214,0.0455,0.1887,0.0645,0.2512,0.0665,0.0601,0.2141,0.1359,0.2429,0.0523,0.1647,0.1525
1785432637.36,46,drive,0,3.5,15.0,40.773,25.11,249.68,0.1657,0.2219,0.0474,0.1896,0.0655,0.2507,0.0684,0.0591,0.2107,0.1339,0.2410,0.0562,0.1647,0.1525
1785432637.45,46,drive,1,3.5,15.0,40.773,25.11,249.68,0.1637,0.2209,0.0469,0.1862,0.0655,0.2512,0.0655,0.0587,0.2116,0.1364,0.2449,0.0533,0.1662,0.1535
1785432637.55,46,drive,2,3.5,15.0,40.773,25.11,249.68,0.1662,0.2204,0.0464,0.1867,0.0650,0.2522,0.0665,0.0587,0.2126,0.1354,0.2429,0.0547,0.1647,0.1530
1785432637.65,46,drive,3,3.5,15.0,40.773,25.11,249.68,0.1686,0.2214,0.0464,0.1867,0.0630,0.2527,0.0665,0.0587,0.2126,0.1344,0.2434,0.0557,0.1652,0.1515
1785432638.34,46,drive,0,4.0,15.0,40.773,25.11,249.68,0.1657,0.2219,0.0469,0.1896,0.0645,0.2522,0.0699,0.0591,0.2097,0.1339,0.2405,0.0572,0.1647,0.1544
1785432638.44,46,drive,1,4.0,15.0,40.773,25.11,249.68,0.1662,0.2214,0.0479,0.1887,0.0655,0.2517,0.0684,0.0587,0.2116,0.1369,0.2405,0.0572,0.1657,0.1520
1785432638.54,46,drive,2,4.0,15.0,40.773,25.11,249.68,0.1647,0.2219,0.0469,0.1901,0.0645,0.2517,0.0684,0.0587,0.2126,0.1325,0.2419,0.0591,0.1676,0.1530
1785432638.63,46,drive,3,4.0,15.0,40.773,25.11,249.68,0.1681,0.2219,0.0489,0.1891,0.0630,0.2502,0.0670,0.0596,0.2097,0.1364,0.2419,0.0538,0.1672,0.1530
1785432639.40,47,base,0,0.0,15.0,40.833,25.11,249.69,0.1676,0.2204,0.0450,0.1862,0.0650,0.2502,0.0674,0.0601,0.2131,0.1334,0.2414,0.0567,0.1652,0.1530
1785432639.50,47,base,1,0.0,15.0,40.833,25.11,249.69,0.1642,0.2219,0.0489,0.1901,0.0616,0.2507,0.0665,0.0606,0.2092,0.1344,0.2414,0.0562,0.1672,0.1510
1785432639.59,47,base,2,0.0,15.0,40.833,25.11,249.69,0.1672,0.2229,0.0464,0.1896,0.0621,0.2527,0.0689,0.0572,0.2111,0.1354,0.2439,0.0538,0.1657,0.1515
1785432639.69,47,base,3,0.0,15.0,40.833,25.11,249.69,0.1657,0.2214,0.0494,0.1911,0.0630,0.2527,0.0684,0.0621,0.2087,0.1354,0.2424,0.0557,0.1662,0.1520
1785432640.38,47,drive,0,0.5,15.0,40.833,25.11,249.69,0.1662,0.2229,0.0445,0.1911,0.0640,0.2498,0.0684,0.0587,0.2116,0.1369,0.2400,0.0538,0.1667,0.1530
1785432640.48,47,drive,1,0.5,15.0,40.833,25.11,249.69,0.1672,0.2239,0.0474,0.1891,0.0650,0.2517,0.0679,0.0587,0.2111,0.1388,0.2429,0.0567,0.1647,0.1515
1785432640.58,47,drive,2,0.5,15.0,40.833,25.11,249.69,0.1667,0.2199,0.0474,0.1906,0.0655,0.2527,0.0674,0.0587,0.2082,0.1369,0.2405,0.0538,0.1672,0.1525
1785432640.67,47,drive,3,0.5,15.0,40.833,25.11,249.69,0.1711,0.2204,0.0464,0.1891,0.0650,0.2507,0.0665,0.0582,0.2107,0.1359,0.2419,0.0543,0.1647,0.1540
1785432641.36,47,drive,0,1.0,15.0,40.833,25.11,249.69,0.1657,0.2229,0.0459,0.1921,0.0640,0.2527,0.0660,0.0577,0.2107,0.1359,0.2439,0.0567,0.1647,0.1540
1785432641.46,47,drive,1,1.0,15.0,40.833,25.11,249.69,0.1647,0.2219,0.0459,0.1891,0.0635,0.2527,0.0670,0.0577,0.2087,0.1344,0.2429,0.0552,0.1647,0.1549
1785432641.56,47,drive,2,1.0,15.0,40.833,25.11,249.69,0.1652,0.2199,0.0479,0.1877,0.0640,0.2537,0.0694,0.0596,0.2072,0.1349,0.2405,0.0562,0.1632,0.1530
1785432641.65,47,drive,3,1.0,15.0,40.833,25.11,249.69,0.1662,0.2204,0.0479,0.1887,0.0679,0.2532,0.0635,0.0587,0.2116,0.1344,0.2414,0.0547,0.1662,0.1535
1785432642.35,47,drive,0,1.5,15.0,40.833,25.11,249.69,0.1662,0.2234,0.0459,0.1862,0.0674,0.2542,0.0640,0.0572,0.2126,0.1378,0.2429,0.0562,0.1657,0.1510
1785432642.45,47,drive,1,1.5,15.0,40.833,25.11,249.69,0.1657,0.2209,0.0459,0.1896,0.0635,0.2546,0.0670,0.0582,0.2131,0.1383,0.2434,0.0557,0.1637,0.1520
1785432642.54,47,drive,2,1.5,15.0,40.833,25.11,249.69,0.1676,0.2180,0.0450,0.1916,0.0645,0.2498,0.0670,0.0601,0.2102,0.1364,0.2400,0.0552,0.1632,0.1544
1785432642.64,47,drive,3,1.5,15.0,40.833,25.11,249.69,0.1662,0.2209,0.0469,0.1896,0.0640,0.2522,0.0650,0.0591,0.2116,0.1369,0.2424,0.0547,0.1647,0.1535
1785432643.34,47,drive,0,2.0,15.0,40.833,25.11,249.69,0.1652,0.2199,0.0474,0.1906,0.0660,0.2493,0.0665,0.0582,0.2111,0.1393,0.2390,0.0543,0.1657,0.1540
1785432643.43,47,drive,1,2.0,15.0,40.833,25.11,249.69,0.1676,0.2224,0.0474,0.1891,0.0640,0.2517,0.0660,0.0591,0.2111,0.1344,0.2434,0.0557,0.1637,0.1530
1785432643.53,47,drive,2,2.0,15.0,40.833,25.11,249.69,0.1667,0.2214,0.0484,0.1906,0.0655,0.2517,0.0670,0.0577,0.2107,0.1383,0.2419,0.0567,0.1623,0.1525
1785432643.63,47,drive,3,2.0,15.0,40.833,25.11,249.69,0.1647,0.2253,0.0474,0.1911,0.0645,0.2502,0.0660,0.0616,0.2116,0.1354,0.2429,0.0547,0.1652,0.1505
1785432644.32,47,drive,0,2.5,15.0,40.833,25.11,249.69,0.1652,0.2258,0.0484,0.1887,0.0645,0.2546,0.0674,0.0572,0.2121,0.1354,0.2419,0.0538,0.1637,0.1520
1785432644.41,47,drive,1,2.5,15.0,40.833,25.11,249.69,0.1667,0.2195,0.0464,0.1926,0.0645,0.2522,0.0684,0.0587,0.2107,0.1378,0.2405,0.0552,0.1628,0.1554
1785432644.51,47,drive,2,2.5,15.0,40.833,25.11,249.69,0.1637,0.2224,0.0469,0.1887,0.0660,0.2507,0.0679,0.0582,0.2111,0.1349,0.2410,0.0552,0.1652,0.1510
1785432644.61,47,drive,3,2.5,15.0,40.833,25.11,249.69,0.1672,0.2229,0.0459,0.1901,0.0640,0.2532,0.0655,0.0572,0.2121,0.1378,0.2419,0.0533,0.1637,0.1520
1785432645.30,47,drive,0,3.0,15.0,40.833,25.11,249.69,0.1672,0.2219,0.0474,0.1901,0.0630,0.2517,0.0670,0.0591,0.2107,0.1383,0.2419,0.0572,0.1628,0.1515
1785432645.40,47,drive,1,3.0,15.0,40.833,25.11,249.69,0.1676,0.2229,0.0459,0.1921,0.0640,0.2517,0.0674,0.0577,0.2107,0.1364,0.2449,0.0572,0.1618,0.1520
1785432645.50,47,drive,2,3.0,15.0,40.833,25.11,249.69,0.1667,0.2243,0.0464,0.1921,0.0606,0.2522,0.0674,0.0596,0.2087,0.1398,0.2410,0.0538,0.1667,0.1535
1785432645.59,47,drive,3,3.0,15.0,40.833,25.11,249.69,0.1662,0.2219,0.0455,0.1906,0.0630,0.2512,0.0679,0.0587,0.2097,0.1364,0.2414,0.0562,0.1642,0.1505
1785432646.29,47,drive,0,3.5,15.0,40.833,25.11,249.69,0.1662,0.2224,0.0459,0.1921,0.0630,0.2527,0.0689,0.0572,0.2092,0.1383,0.2410,0.0552,0.1637,0.1549
1785432646.38,47,drive,1,3.5,15.0,40.833,25.11,249.69,0.1652,0.2248,0.0474,0.1911,0.0645,0.2512,0.0679,0.0606,0.2097,0.1373,0.2410,0.0552,0.1647,0.1525
1785432646.48,47,drive,2,3.5,15.0,40.833,25.11,249.69,0.1652,0.2234,0.0459,0.1906,0.0655,0.2522,0.0655,0.0587,0.2116,0.1388,0.2390,0.0547,0.1652,0.1535
1785432646.58,47,drive,3,3.5,15.0,40.833,25.11,249.69,0.1686,0.2229,0.0474,0.1901,0.0645,0.2532,0.0670,0.0577,0.2102,0.1373,0.2424,0.0567,0.1623,0.1515
1785432647.27,47,drive,0,4.0,15.0,40.833,25.11,249.69,0.1667,0.2219,0.0455,0.1950,0.0650,0.2532,0.0655,0.0621,0.2102,0.1378,0.2400,0.0538,0.1632,0.1544
1785432647.37,47,drive,1,4.0,15.0,40.833,25.11,249.69,0.1647,0.2243,0.0474,0.1911,0.0655,0.2507,0.0650,0.0572,0.2116,0.1398,0.2424,0.0567,0.1642,0.1535
1785432647.46,47,drive,2,4.0,15.0,40.833,25.11,249.69,0.1642,0.2239,0.0494,0.1950,0.0621,0.2527,0.0679,0.0582,0.2107,0.1373,0.2414,0.0557,0.1632,0.1530
1785432647.56,47,drive,3,4.0,15.0,40.833,25.11,249.69,0.1657,0.2234,0.0479,0.1887,0.0626,0.2546,0.0670,0.0577,0.2097,0.1388,0.2434,0.0562,0.1623,0.1505
1785432648.33,55,base,0,0.0,15.0,40.753,25.11,249.69,0.1691,0.2204,0.0484,0.1901,0.0655,0.2493,0.0665,0.0582,0.2131,0.1383,0.2375,0.0557,0.1647,0.1530
1785432648.43,55,base,1,0.0,15.0,40.753,25.11,249.69,0.1662,0.2224,0.0474,0.1921,0.0635,0.2532,0.0679,0.0596,0.2116,0.1373,0.2439,0.0538,0.1623,0.1505
1785432648.53,55,base,2,0.0,15.0,40.753,25.11,249.69,0.1662,0.2224,0.0469,0.1911,0.0650,0.2551,0.0660,0.0601,0.2097,0.1403,0.2390,0.0552,0.1632,0.1515
1785432648.63,55,base,3,0.0,15.0,40.753,25.11,249.69,0.1672,0.2224,0.0464,0.1906,0.0606,0.2517,0.0679,0.0587,0.2087,0.1383,0.2419,0.0557,0.1637,0.1500
1785432649.32,55,drive,0,0.5,15.0,40.753,25.11,249.69,0.1672,0.2229,0.0459,0.1911,0.0650,0.2507,0.0640,0.0606,0.2107,0.1378,0.2429,0.0538,0.1637,0.1505
1785432649.42,55,drive,1,0.5,15.0,40.753,25.11,249.69,0.1647,0.2219,0.0469,0.1950,0.0660,0.2522,0.0660,0.0587,0.2087,0.1364,0.2405,0.0557,0.1632,0.1530
1785432649.51,55,drive,2,0.5,15.0,40.753,25.11,249.69,0.1676,0.2239,0.0459,0.1901,0.0650,0.2522,0.0674,0.0601,0.2097,0.1403,0.2434,0.0557,0.1623,0.1525
1785432649.61,55,drive,3,0.5,15.0,40.753,25.11,249.69,0.1667,0.2219,0.0464,0.1916,0.0635,0.2512,0.0660,0.0591,0.2131,0.1388,0.2405,0.0547,0.1662,0.1525
1785432650.30,55,drive,0,1.0,15.0,40.753,25.11,249.69,0.1652,0.2209,0.0469,0.1931,0.0650,0.2542,0.0655,0.0587,0.2116,0.1393,0.2410,0.0552,0.1608,0.1530
1785432650.40,55,drive,1,1.0,15.0,40.753,25.11,249.69,0.1657,0.2229,0.0474,0.1921,0.0630,0.2522,0.0684,0.0591,0.2107,0.1383,0.2414,0.0562,0.1637,0.1520
1785432650.50,55,drive,2,1.0,15.0,40.753,25.11,249.69,0.1681,0.2229,0.0479,0.1935,0.0630,0.2537,0.0660,0.0591,0.2126,0.1373,0.2439,0.0567,0.1632,0.1505
1785432650.59,55,drive,3,1.0,15.0,40.753,25.11,249.69,0.1647,0.2224,0.0479,0.1916,0.0626,0.2527,0.0660,0.0596,0.2121,0.1398,0.2395,0.0552,0.1642,0.1544
1785432651.29,55,drive,0,1.5,15.0,40.753,25.11,249.69,0.1662,0.2229,0.0484,0.1940,0.0635,0.2532,0.0665,0.0587,0.2092,0.1364,0.2405,0.0557,0.1623,0.1540
1785432651.39,55,drive,1,1.5,15.0,40.753,25.11,249.69,0.1647,0.2234,0.0455,0.1926,0.0670,0.2512,0.0660,0.0596,0.2097,0.1398,0.2390,0.0552,0.1642,0.1505
1785432651.48,55,drive,2,1.5,15.0,40.753,25.11,249.69,0.1642,0.2234,0.0484,0.1916,0.0635,0.2537,0.0670,0.0606,0.2092,0.1383,0.2414,0.0547,0.1637,0.1510
1785432651.58,55,drive,3,1.5,15.0,40.753,25.11,249.69,0.1637,0.2224,0.0464,0.1926,0.0621,0.2537,0.0679,0.0587,0.2121,0.1398,0.2390,0.0582,0.1623,0.1549
1785432652.27,55,drive,0,2.0,15.0,40.753,25.11,249.69,0.1662,0.2214,0.0455,0.1911,0.0616,0.2517,0.0689,0.0572,0.2126,0.1388,0.2410,0.0567,0.1618,0.1520
1785432652.37,55,drive,1,2.0,15.0,40.753,25.11,249.69,0.1662,0.2229,0.0474,0.1906,0.0645,0.2522,0.0689,0.0601,0.2107,0.1398,0.2410,0.0538,0.1637,0.1515
1785432652.46,55,drive,2,2.0,15.0,40.753,25.11,249.69,0.1662,0.2229,0.0489,0.1901,0.0640,0.2517,0.0655,0.0591,0.2097,0.1383,0.2419,0.0547,0.1632,0.1520
1785432652.56,55,drive,3,2.0,15.0,40.753,25.11,249.69,0.1657,0.2243,0.0474,0.1921,0.0635,0.2532,0.0684,0.0582,0.2126,0.1378,0.2429,0.0557,0.1623,0.1510
1785432653.25,55,drive,0,2.5,15.0,40.753,25.11,249.69,0.1672,0.2268,0.0499,0.1921,0.0621,0.2546,0.0684,0.0591,0.2111,0.1378,0.2419,0.0577,0.1623,0.1535
1785432653.35,55,drive,1,2.5,15.0,40.753,25.11,249.69,0.1628,0.2219,0.0479,0.1935,0.0621,0.2527,0.0684,0.0606,0.2116,0.1413,0.2419,0.0567,0.1642,0.1520
1785432653.45,55,drive,2,2.5,15.0,40.753,25.11,249.69,0.1662,0.2219,0.0474,0.1931,0.0606,0.2527,0.0684,0.0572,0.2082,0.1388,0.2419,0.0552,0.1642,0.1505
1785432653.54,55,drive,3,2.5,15.0,40.753,25.11,249.69,0.1647,0.2239,0.0479,0.1935,0.0630,0.2522,0.0694,0.0587,0.2111,0.1378,0.2414,0.0543,0.1647,0.1530
1785432654.24,55,drive,0,3.0,15.0,40.753,25.11,249.69,0.1681,0.2224,0.0464,0.1911,0.0655,0.2522,0.0674,0.0596,0.2126,0.1373,0.2424,0.0572,0.1613,0.1549
1785432654.33,55,drive,1,3.0,15.0,40.753,25.11,249.69,0.1657,0.2239,0.0474,0.1911,0.0626,0.2507,0.0670,0.0582,0.2116,0.1378,0.2400,0.0562,0.1642,0.1515
1785432654.43,55,drive,2,3.0,15.0,40.753,25.11,249.69,0.1642,0.2229,0.0479,0.1921,0.0621,0.2517,0.0679,0.0582,0.2121,0.1398,0.2405,0.0567,0.1628,0.1510
1785432654.53,55,drive,3,3.0,15.0,40.753,25.11,249.69,0.1676,0.2224,0.0479,0.1911,0.0650,0.2522,0.0679,0.0572,0.2111,0.1383,0.2424,0.0538,0.1623,0.1515
1785432655.22,55,drive,0,3.5,15.0,40.753,25.11,249.69,0.1657,0.2229,0.0459,0.1935,0.0650,0.2517,0.0679,0.0596,0.2092,0.1383,0.2419,0.0552,0.1632,0.1525
1785432655.32,55,drive,1,3.5,15.0,40.753,25.11,249.69,0.1662,0.2248,0.0459,0.1935,0.0626,0.2488,0.0674,0.0596,0.2131,0.1388,0.2385,0.0552,0.1672,0.1520
1785432655.41,55,drive,2,3.5,15.0,40.753,25.11,249.69,0.1686,0.2224,0.0445,0.1926,0.0660,0.2517,0.0635,0.0577,0.2107,0.1398,0.2410,0.0562,0.1642,0.1520
1785432655.51,55,drive,3,3.5,15.0,40.753,25.11,249.69,0.1657,0.2243,0.0474,0.1940,0.0640,0.2527,0.0684,0.0596,0.2131,0.1388,0.2410,0.0562,0.1632,0.1535
1785432656.21,55,drive,0,4.0,15.0,40.753,25.11,249.69,0.1657,0.2229,0.0479,0.1931,0.0626,0.2537,0.0670,0.0567,0.2107,0.1408,0.2429,0.0538,0.1642,0.1520
1785432656.30,55,drive,1,4.0,15.0,40.753,25.11,249.69,0.1662,0.2229,0.0484,0.1926,0.0640,0.2512,0.0655,0.0596,0.2102,0.1388,0.2434,0.0543,0.1642,0.1530
1785432656.40,55,drive,2,4.0,15.0,40.753,25.11,249.69,0.1667,0.2229,0.0489,0.1926,0.0626,0.2542,0.0640,0.0591,0.2097,0.1393,0.2414,0.0552,0.1642,0.1496
1785432656.50,55,drive,3,4.0,15.0,40.753,25.11,249.69,0.1662,0.2204,0.0464,0.1935,0.0645,0.2522,0.0655,0.0572,0.2141,0.1383,0.2405,0.0557,0.1652,0.1515
1785432657.27,56,base,0,0.0,15.0,40.833,25.11,249.69,0.1652,0.2229,0.0464,0.1906,0.0640,0.2542,0.0689,0.0577,0.2116,0.1413,0.2439,0.0552,0.1628,0.1520
1785432657.37,56,base,1,0.0,15.0,40.833,25.11,249.69,0.1642,0.2229,0.0459,0.1916,0.0616,0.2517,0.0679,0.0591,0.2131,0.1403,0.2434,0.0543,0.1608,0.1525
1785432657.46,56,base,2,0.0,15.0,40.833,25.11,249.69,0.1647,0.2185,0.0489,0.1935,0.0630,0.2507,0.0665,0.0587,0.2116,0.1403,0.2414,0.0552,0.1632,0.1530
1785432657.56,56,base,3,0.0,15.0,40.833,25.11,249.69,0.1642,0.2258,0.0469,0.1940,0.0650,0.2551,0.0655,0.0572,0.2102,0.1398,0.2419,0.0557,0.1647,0.1520
1785432658.25,56,drive,0,0.5,15.0,40.833,25.11,249.69,0.1662,0.2229,0.0464,0.1926,0.0630,0.2532,0.0670,0.0582,0.2131,0.1393,0.2410,0.0567,0.1637,0.1530
1785432658.35,56,drive,1,0.5,15.0,40.833,25.11,249.69,0.1652,0.2248,0.0464,0.1906,0.0630,0.2527,0.0650,0.0577,0.2146,0.1393,0.2434,0.0552,0.1618,0.1515
1785432658.45,56,drive,2,0.5,15.0,40.833,25.11,249.69,0.1637,0.2234,0.0484,0.1926,0.0630,0.2507,0.0679,0.0582,0.2121,0.1408,0.2419,0.0562,0.1662,0.1525
1785432658.55,56,drive,3,0.5,15.0,40.833,25.11,249.69,0.1652,0.2224,0.0484,0.1931,0.0635,0.2546,0.0689,0.0587,0.2121,0.1403,0.2410,0.0538,0.1632,0.1525
1785432659.24,56,drive,0,1.0,15.0,40.833,25.11,249.69,0.1662,0.2234,0.0469,0.1926,0.0626,0.2532,0.0650,0.0577,0.2151,0.1403,0.2405,0.0543,0.1642,0.1530
1785432659.34,56,drive,1,1.0,15.0,40.833,25.11,249.69,0.1632,0.2204,0.0464,0.1906,0.0640,0.2546,0.0660,0.0587,0.2107,0.1413,0.2429,0.0547,0.1628,0.1535
1785432659.44,56,drive,2,1.0,15.0,40.833,25.11,249.69,0.1657,0.2239,0.0479,0.1901,0.0640,0.2522,0.0665,0.0591,0.2126,0.1369,0.2429,0.0577,0.1647,0.1515
1785432659.53,56,drive,3,1.0,15.0,40.833,25.11,249.69,0.1632,0.2253,0.0484,0.1955,0.0630,0.2507,0.0655,0.0601,0.2092,0.1373,0.2424,0.0577,0.1632,0.1530
1785432660.23,56,drive,0,1.5,15.0,40.833,25.11,249.69,0.1696,0.2268,0.0450,0.1896,0.0611,0.2498,0.0665,0.0587,0.2116,0.1403,0.2429,0.0567,0.1637,0.1540
1785432660.33,56,drive,1,1.5,15.0,40.833,25.11,249.69,0.1652,0.2199,0.0474,0.1940,0.0635,0.2546,0.0665,0.0601,0.2131,0.1413,0.2419,0.0538,0.1628,0.1554
1785432660.42,56,drive,2,1.5,15.0,40.833,25.11,249.69,0.1676,0.2224,0.0459,0.1935,0.0616,0.2551,0.0670,0.0601,0.2097,0.1427,0.2414,0.0572,0.1618,0.1520
1785432660.52,56,drive,3,1.5,15.0,40.833,25.11,249.69,0.1662,0.2248,0.0469,0.1921,0.0640,0.2532,0.0645,0.0591,0.2107,0.1413,0.2414,0.0582,0.1632,0.1510
1785432661.21,56,drive,0,2.0,15.0,40.833,25.11,249.69,0.1647,0.2234,0.0479,0.1945,0.0630,0.2542,0.0689,0.0596,0.2121,0.1408,0.2414,0.0577,0.1632,0.1500
1785432661.31,56,drive,1,2.0,15.0,40.833,25.11,249.69,0.1662,0.2214,0.0464,0.1935,0.0645,0.2527,0.0670,0.0587,0.2131,0.1403,0.2405,0.0523,0.1628,0.1540
1785432661.40,56,drive,2,2.0,15.0,40.833,25.11,249.69,0.1637,0.2224,0.0489,0.1916,0.0621,0.2507,0.0660,0.0601,0.2121,0.1403,0.2405,0.0562,0.1637,0.1530
1785432661.50,56,drive,3,2.0,15.0,40.833,25.11,249.69,0.1662,0.2209,0.0469,0.1906,0.0640,0.2527,0.0665,0.0591,0.2107,0.1398,0.2414,0.0547,0.1632,0.1554
1785432662.20,56,drive,0,2.5,15.0,40.833,25.11,249.69,0.1657,0.2248,0.0499,0.1921,0.0655,0.2537,0.0660,0.0577,0.2116,0.1427,0.2405,0.0562,0.1628,0.1549
1785432662.29,56,drive,1,2.5,15.0,40.833,25.11,249.69,0.1647,0.2248,0.0484,0.1931,0.0635,0.2551,0.0665,0.0596,0.2107,0.1413,0.2410,0.0562,0.1632,0.1486
1785432662.39,56,drive,2,2.5,15.0,40.833,25.11,249.69,0.1672,0.2219,0.0474,0.1916,0.0645,0.2542,0.0665,0.0611,0.2121,0.1388,0.2419,0.0557,0.1642,0.1515
1785432662.49,56,drive,3,2.5,15.0,40.833,25.11,249.69,0.1657,0.2234,0.0518,0.1931,0.0635,0.2517,0.0665,0.0587,0.2097,0.1398,0.2434,0.0567,0.1647,0.1515
1785432663.18,56,drive,0,3.0,15.0,40.833,25.11,249.69,0.1647,0.2224,0.0469,0.1931,0.0630,0.2517,0.0660,0.0567,0.2121,0.1408,0.2429,0.0552,0.1637,0.1525
1785432663.27,56,drive,1,3.0,15.0,40.833,25.11,249.69,0.1672,0.2258,0.0474,0.1921,0.0626,0.2522,0.0674,0.0567,0.2102,0.1413,0.2419,0.0557,0.1642,0.1525
1785432663.37,56,drive,2,3.0,15.0,40.833,25.11,249.69,0.1667,0.2224,0.0459,0.1901,0.0640,0.2537,0.0670,0.0591,0.2121,0.1442,0.2405,0.0562,0.1637,0.1525
1785432663.47,56,drive,3,3.0,15.0,40.833,25.11,249.69,0.1672,0.2224,0.0430,0.1911,0.0640,0.2532,0.0674,0.0596,0.2116,0.1398,0.2410,0.0557,0.1657,0.1500
1785432664.16,56,drive,0,3.5,15.0,40.833,25.11,249.69,0.1667,0.2214,0.0455,0.1921,0.0626,0.2517,0.0684,0.0591,0.2111,0.1398,0.2400,0.0572,0.1618,0.1505
1785432664.26,56,drive,1,3.5,15.0,40.833,25.11,249.69,0.1672,0.2229,0.0450,0.1901,0.0630,0.2527,0.0684,0.0562,0.2087,0.1413,0.2439,0.0552,0.1632,0.1520
1785432664.36,56,drive,2,3.5,15.0,40.833,25.11,249.69,0.1647,0.2219,0.0474,0.1935,0.0645,0.2527,0.0665,0.0577,0.2111,0.1393,0.2390,0.0562,0.1652,0.1525
1785432664.45,56,drive,3,3.5,15.0,40.833,25.11,249.69,0.1667,0.2209,0.0445,0.1921,0.0665,0.2517,0.0674,0.0596,0.2146,0.1398,0.2400,0.0533,0.1647,0.1530
1785432665.15,56,drive,0,4.0,15.0,40.833,25.11,249.69,0.1676,0.2234,0.0479,0.1921,0.0645,0.2556,0.0665,0.0577,0.2126,0.1408,0.2410,0.0547,0.1637,0.1540
1785432665.25,56,drive,1,4.0,15.0,40.833,25.11,249.69,0.1672,0.2234,0.0484,0.1931,0.0630,0.2551,0.0670,0.0591,0.2121,0.1417,0.2414,0.0572,0.1642,0.1510
1785432665.34,56,drive,2,4.0,15.0,40.833,25.11,249.69,0.1662,0.2234,0.0464,0.1926,0.0660,0.2507,0.0650,0.0587,0.2116,0.1432,0.2419,0.0543,0.1642,0.1525
1785432665.44,56,drive,3,4.0,15.0,40.833,25.11,249.69,0.1667,0.2224,0.0494,0.1921,0.0645,0.2537,0.0665,0.0582,0.2092,0.1447,0.2454,0.0543,0.1647,0.1544
1785432666.20,58,base,0,0.0,15.0,40.753,25.11,249.69,0.1676,0.2234,0.0464,0.1916,0.0626,0.2507,0.0679,0.0616,0.2107,0.1398,0.2419,0.0562,0.1623,0.1525
1785432666.30,58,base,1,0.0,15.0,40.753,25.11,249.69,0.1652,0.2209,0.0450,0.1931,0.0635,0.2546,0.0674,0.0562,0.2111,0.1442,0.2419,0.0547,0.1637,0.1540
1785432666.39,58,base,2,0.0,15.0,40.753,25.11,249.69,0.1676,0.2243,0.0484,0.1931,0.0621,0.2537,0.0704,0.0587,0.2092,0.1427,0.2429,0.0543,0.1628,0.1525
1785432666.49,58,base,3,0.0,15.0,40.753,25.11,249.69,0.1657,0.2239,0.0494,0.1891,0.0626,0.2546,0.0679,0.0601,0.2107,0.1432,0.2410,0.0557,0.1637,0.1540
1785432667.18,58,drive,0,0.5,15.0,40.753,25.11,249.69,0.1672,0.2229,0.0474,0.1906,0.0635,0.2542,0.0679,0.0567,0.2121,0.1427,0.2410,0.0562,0.1632,0.1525
1785432667.28,58,drive,1,0.5,15.0,40.753,25.11,249.69,0.1652,0.2239,0.0479,0.1935,0.0626,0.2537,0.0660,0.0596,0.2092,0.1422,0.2429,0.0562,0.1623,0.1520
1785432667.38,58,drive,2,0.5,15.0,40.753,25.11,249.69,0.1662,0.2229,0.0455,0.1940,0.0660,0.2551,0.0670,0.0582,0.2116,0.1432,0.2410,0.0543,0.1647,0.1510
1785432667.47,58,drive,3,0.5,15.0,40.753,25.11,249.69,0.1672,0.2239,0.0469,0.1926,0.0611,0.2517,0.0665,0.0577,0.2116,0.1417,0.2424,0.0543,0.1637,0.1530
1785432668.17,58,drive,0,1.0,15.0,40.753,25.11,249.69,0.1657,0.2224,0.0464,0.1931,0.0626,0.2537,0.0670,0.0587,0.2102,0.1427,0.2439,0.0572,0.1598,0.1520
1785432668.27,58,drive,1,1.0,15.0,40.753,25.11,249.69,0.1676,0.2229,0.0479,0.1906,0.0650,0.2527,0.0665,0.0587,0.2131,0.1432,0.2419,0.0543,0.1628,0.1520
1785432668.36,58,drive,2,1.0,15.0,40.753,25.11,249.69,0.1667,0.2234,0.0459,0.1916,0.0650,0.2517,0.0694,0.0591,0.2107,0.1408,0.2414,0.0552,0.1632,0.1510
1785432668.46,58,drive,3,1.0,15.0,40.753,25.11,249.69,0.1652,0.2234,0.0459,0.1921,0.0606,0.2542,0.0670,0.0572,0.2126,0.1447,0.2410,0.0562,0.1632,0.1530
1785432669.16,58,drive,0,1.5,15.0,40.753,25.11,249.69,0.1672,0.2234,0.0474,0.1950,0.0650,0.2532,0.0665,0.0606,0.2097,0.1413,0.2439,0.0552,0.1628,0.1515
1785432669.25,58,drive,1,1.5,15.0,40.753,25.11,249.69,0.1667,0.2214,0.0455,0.1921,0.0645,0.2512,0.0660,0.0601,0.2111,0.1427,0.2419,0.0547,0.1608,0.1559
1785432669.35,58,drive,2,1.5,15.0,40.753,25.11,249.69,0.1652,0.2219,0.0474,0.1911,0.0635,0.2542,0.0679,0.0577,0.2111,0.1388,0.2444,0.0543,0.1652,0.1520
1785432669.45,58,drive,3,1.5,15.0,40.753,25.11,249.69,0.1662,0.2199,0.0479,0.1935,0.0621,0.2502,0.0660,0.0596,0.2107,0.1398,0.2419,0.0552,0.1657,0.1530
1785432670.14,58,drive,0,2.0,15.0,40.753,25.11,249.69,0.1657,0.2234,0.0474,0.1921,0.0640,0.2532,0.0670,0.0591,0.2111,0.1413,0.2419,0.0533,0.1642,0.1535
1785432670.24,58,drive,1,2.0,15.0,40.753,25.11,249.69,0.1672,0.2224,0.0459,0.1960,0.0645,0.2537,0.0665,0.0582,0.2111,0.1403,0.2414,0.0567,0.1652,0.1525
1785432670.34,58,drive,2,2.0,15.0,40.753,25.11,249.69,0.1657,0.2253,0.0469,0.1911,0.0635,0.2527,0.0684,0.0601,0.2107,0.1427,0.2419,0.0562,0.1637,0.1520
1785432670.43,58,drive,3,2.0,15.0,40.753,25.11,249.69,0.1652,0.2243,0.0464,0.1916,0.0630,0.2527,0.0674,0.0582,0.2126,0.1422,0.2429,0.0557,0.1618,0.1530
1785432671.13,58,drive,0,2.5,15.0,40.753,25.11,249.69,0.1662,0.2253,0.0455,0.1931,0.0645,0.2546,0.0665,0.0591,0.2126,0.1427,0.2410,0.0572,0.1632,0.1525
1785432671.22,58,drive,1,2.5,15.0,40.753,25.11,249.69,0.1657,0.2219,0.0479,0.1911,0.0640,0.2546,0.0665,0.0587,0.2121,0.1437,0.2405,0.0538,0.1632,0.1525
1785432671.32,58,drive,2,2.5,15.0,40.753,25.11,249.69,0.1632,0.2243,0.0464,0.1931,0.0630,0.2532,0.0660,0.0582,0.2097,0.1437,0.2439,0.0557,0.1642,0.1540
1785432671.42,58,drive,3,2.5,15.0,40.753,25.11,249.69,0.1642,0.2199,0.0474,0.1926,0.0645,0.2522,0.0670,0.0611,0.2097,0.1413,0.2434,0.0562,0.1618,0.1510
1785432672.11,58,drive,0,3.0,15.0,40.753,25.11,249.69,0.1667,0.2229,0.0464,0.1906,0.0630,0.2517,0.0679,0.0591,0.2116,0.1408,0.2429,0.0577,0.1647,0.1520
1785432672.21,58,drive,1,3.0,15.0,40.753,25.11,249.69,0.1647,0.2224,0.0494,0.1931,0.0635,0.2522,0.0674,0.0606,0.2136,0.1422,0.2410,0.0567,0.1647,0.1500
1785432672.31,58,drive,2,3.0,15.0,40.753,25.11,249.69,0.1662,0.2224,0.0479,0.1940,0.0640,0.2532,0.0665,0.0616,0.2131,0.1408,0.2414,0.0547,0.1637,0.1525
1785432672.40,58,drive,3,3.0,15.0,40.753,25.11,249.69,0.1647,0.2229,0.0455,0.1921,0.0630,0.2542,0.0670,0.0572,0.2102,0.1437,0.2429,0.0552,0.1637,0.1525
1785432673.10,58,drive,0,3.5,15.0,40.753,25.11,249.69,0.1652,0.2243,0.0474,0.1896,0.0655,0.2512,0.0660,0.0582,0.2126,0.1408,0.2439,0.0557,0.1662,0.1520
1785432673.20,58,drive,1,3.5,15.0,40.753,25.11,249.69,0.1662,0.2229,0.0464,0.1906,0.0635,0.2532,0.0665,0.0587,0.2121,0.1417,0.2410,0.0552,0.1657,0.1510
1785432673.29,58,drive,2,3.5,15.0,40.753,25.11,249.69,0.1672,0.2224,0.0484,0.1931,0.0630,0.2537,0.0660,0.0591,0.2126,0.1408,0.2429,0.0562,0.1647,0.1510
1785432673.39,58,drive,3,3.5,15.0,40.753,25.11,249.69,0.1657,0.2214,0.0484,0.1940,0.0616,0.2537,0.0670,0.0601,0.2131,0.1437,0.2424,0.0538,0.1657,0.1510
1785432674.08,58,drive,0,4.0,15.0,40.753,25.11,249.69,0.1667,0.2229,0.0474,0.1916,0.0635,0.2546,0.0674,0.0591,0.2131,0.1432,0.2400,0.0552,0.1632,0.1525
1785432674.18,58,drive,1,4.0,15.0,40.753,25.11,249.69,0.1647,0.2239,0.0479,0.1935,0.0626,0.2517,0.0660,0.0596,0.2121,0.1417,0.2434,0.0562,0.1647,0.1540
1785432674.27,58,drive,2,4.0,15.0,40.753,25.11,249.69,0.1681,0.2224,0.0464,0.1916,0.0626,0.2551,0.0694,0.0577,0.2126,0.1422,0.2429,0.0557,0.1637,0.1525
1785432674.37,58,drive,3,4.0,15.0,40.753,25.11,249.69,0.1676,0.2234,0.0469,0.1935,0.0635,0.2527,0.0670,0.0582,0.2126,0.1388,0.2424,0.0547,0.1662,0.1535
1785432675.14,59,base,0,0.0,15.0,40.853,25.11,249.69,0.1672,0.2175,0.0474,0.1921,0.0616,0.2498,0.0684,0.0582,0.2116,0.1442,0.2414,0.0533,0.1637,0.1510
1785432675.23,59,base,1,0.0,15.0,40.853,25.11,249.69,0.1662,0.2229,0.0459,0.1935,0.0621,0.2527,0.0645,0.0582,0.2121,0.1432,0.2449,0.0543,0.1657,0.1515
1785432675.33,59,base,2,0.0,15.0,40.853,25.11,249.69,0.1657,0.2219,0.0474,0.1931,0.0640,0.2527,0.0670,0.0587,0.2131,0.1437,0.2429,0.0567,0.1637,0.1535
1785432675.43,59,base,3,0.0,15.0,40.853,25.11,249.69,0.1667,0.2214,0.0484,0.1945,0.0640,0.2522,0.0674,0.0591,0.2146,0.1427,0.2419,0.0543,0.1637,0.1520
1785432676.12,59,drive,0,0.5,15.0,40.853,25.11,249.69,0.1657,0.2234,0.0479,0.1926,0.0645,0.2517,0.0684,0.0572,0.2121,0.1427,0.2410,0.0543,0.1652,0.1510
1785432676.22,59,drive,1,0.5,15.0,40.853,25.11,249.69,0.1676,0.2219,0.0459,0.1926,0.0645,0.2527,0.0684,0.0587,0.2111,0.1422,0.2414,0.0562,0.1647,0.1530
1785432676.32,59,drive,2,0.5,15.0,40.853,25.11,249.69,0.1652,0.2219,0.0508,0.1911,0.0640,0.2522,0.0670,0.0587,0.2126,0.1442,0.2414,0.0552,0.1637,0.1520
1785432676.41,59,drive,3,0.5,15.0,40.853,25.11,249.69,0.1686,0.2204,0.0469,0.1926,0.0650,0.2498,0.0665,0.0591,0.2136,0.1447,0.2434,0.0562,0.1618,0.1505
1785432677.10,59,drive,0,1.0,15.0,40.853,25.11,249.69,0.1676,0.2224,0.0455,0.1926,0.0655,0.2532,0.0665,0.0587,0.2116,0.1447,0.2439,0.0557,0.1623,0.1525
1785432677.20,59,drive,1,1.0,15.0,40.853,25.11,249.69,0.1676,0.2204,0.0474,0.1931,0.0616,0.2542,0.0674,0.0596,0.2136,0.1432,0.2449,0.0547,0.1637,0.1515
1785432677.30,59,drive,2,1.0,15.0,40.853,25.11,249.69,0.1662,0.2229,0.0489,0.1931,0.0645,0.2551,0.0670,0.0611,0.2151,0.1427,0.2410,0.0552,0.1652,0.1520
1785432677.40,59,drive,3,1.0,15.0,40.853,25.11,249.69,0.1657,0.2214,0.0503,0.1950,0.0611,0.2522,0.0679,0.0572,0.2131,0.1422,0.2410,0.0552,0.1657,0.1535
1785432678.09,59,drive,0,1.5,15.0,40.853,25.11,249.69,0.1662,0.2229,0.0494,0.1926,0.0630,0.2542,0.0665,0.0591,0.2131,0.1413,0.2434,0.0547,0.1628,0.1530
1785432678.19,59,drive,1,1.5,15.0,40.853,25.11,249.69,0.1657,0.2229,0.0440,0.1906,0.0630,0.2542,0.0679,0.0582,0.2146,0.1452,0.2434,0.0547,0.1647,0.1520
1785432678.28,59,drive,2,1.5,15.0,40.853,25.11,249.69,0.1686,0.2204,0.0450,0.1926,0.0645,0.2532,0.0655,0.0611,0.2136,0.1452,0.2444,0.0528,0.1623,0.1530
1785432678.38,59,drive,3,1.5,15.0,40.853,25.11,249.69,0.1672,0.2209,0.0469,0.1940,0.0650,0.2527,0.0655,0.0611,0.2126,0.1447,0.2429,0.0547,0.1632,0.1515
1785432679.07,59,drive,0,2.0,15.0,40.853,25.11,249.69,0.1647,0.2214,0.0479,0.1950,0.0645,0.2502,0.0670,0.0621,0.2136,0.1408,0.2434,0.0567,0.1637,0.1535
1785432679.17,59,drive,1,2.0,15.0,40.853,25.11,249.69,0.1632,0.2239,0.0469,0.1911,0.0640,0.2542,0.0674,0.0582,0.2116,0.1452,0.2405,0.0547,0.1637,0.1525
1785432679.27,59,drive,2,2.0,15.0,40.853,25.11,249.69,0.1672,0.2209,0.0445,0.1935,0.0630,0.2551,0.0655,0.0587,0.2111,0.1452,0.2434,0.0562,0.1632,0.1540
1785432679.36,59,drive,3,2.0,15.0,40.853,25.11,249.69,0.1652,0.2190,0.0474,0.1921,0.0630,0.2527,0.0674,0.0562,0.2107,0.1427,0.2444,0.0547,0.1647,0.1549
1785432680.06,59,drive,0,2.5,15.0,40.853,25.11,249.69,0.1667,0.2234,0.0479,0.1935,0.0621,0.2546,0.0655,0.0591,0.2146,0.1437,0.2429,0.0533,0.1657,0.1540
1785432680.16,59,drive,1,2.5,15.0,40.853,25.11,249.69,0.1681,0.2209,0.0464,0.1940,0.0626,0.2522,0.0689,0.0562,0.2116,0.1427,0.2434,0.0562,0.1662,0.1544
1785432680.25,59,drive,2,2.5,15.0,40.853,25.11,249.69,0.1672,0.2209,0.0469,0.1906,0.0616,0.2517,0.0640,0.0596,0.2126,0.1432,0.2434,0.0547,0.1632,0.1549
1785432680.35,59,drive,3,2.5,15.0,40.853,25.11,249.69,0.1676,0.2224,0.0479,0.1926,0.0626,0.2522,0.0684,0.0591,0.2126,0.1427,0.2419,0.0572,0.1637,0.1510
1785432681.04,59,drive,0,3.0,15.0,40.853,25.11,249.69,0.1632,0.2219,0.0484,0.1935,0.0645,0.2527,0.0674,0.0606,0.2146,0.1437,0.2419,0.0557,0.1657,0.1535
1785432681.14,59,drive,1,3.0,15.0,40.853,25.11,249.69,0.1667,0.2224,0.0474,0.1935,0.0645,0.2527,0.0689,0.0596,0.2107,0.1413,0.2449,0.0562,0.1637,0.1515
1785432681.23,59,drive,2,3.0,15.0,40.853,25.11,249.69,0.1676,0.2229,0.0459,0.1950,0.0635,0.2527,0.0660,0.0591,0.2121,0.1422,0.2454,0.0577,0.1642,0.1544
1785432681.33,59,drive,3,3.0,15.0,40.853,25.11,249.69,0.1681,0.2224,0.0503,0.1916,0.0635,0.2512,0.0660,0.0587,0.2136,0.1427,0.2410,0.0557,0.1647,0.1520
1785432682.03,59,drive,0,3.5,15.0,40.853,25.11,249.69,0.1667,0.2219,0.0459,0.1921,0.0645,0.2546,0.0674,0.0572,0.2146,0.1442,0.2414,0.0557,0.1647,0.1535
1785432682.12,59,drive,1,3.5,15.0,40.853,25.11,249.69,0.1667,0.2209,0.0489,0.1940,0.0630,0.2527,0.0665,0.0591,0.2097,0.1442,0.2400,0.0552,0.1652,0.1535
1785432682.22,59,drive,2,3.5,15.0,40.853,25.11,249.69,0.1637,0.2219,0.0469,0.1931,0.0630,0.2537,0.0689,0.0591,0.2126,0.1422,0.2429,0.0562,0.1632,0.1520
1785432682.32,59,drive,3,3.5,15.0,40.853,25.11,249.69,0.1657,0.2204,0.0479,0.1911,0.0635,0.2522,0.0684,0.0587,0.2131,0.1422,0.2429,0.0552,0.1628,0.1520
1785432683.01,59,drive,0,4.0,15.0,40.853,25.11,249.69,0.1657,0.2204,0.0494,0.1916,0.0645,0.2522,0.0665,0.0601,0.2126,0.1427,0.2454,0.0543,0.1628,0.1544
1785432683.11,59,drive,1,4.0,15.0,40.853,25.11,249.69,0.1667,0.2234,0.0479,0.1926,0.0616,0.2502,0.0674,0.0596,0.2107,0.1413,0.2454,0.0547,0.1642,0.1530
1785432683.20,59,drive,2,4.0,15.0,40.853,25.11,249.69,0.1701,0.2234,0.0494,0.1896,0.0635,0.2532,0.0665,0.0596,0.2116,0.1442,0.2439,0.0567,0.1647,0.1530
1785432683.30,59,drive,3,4.0,15.0,40.853,25.11,249.69,0.1652,0.2243,0.0479,0.1926,0.0635,0.2542,0.0665,0.0601,0.2116,0.1417,0.2429,0.0547,0.1637,0.1544
1785432684.08,60,base,0,0.0,15.0,40.733,25.11,249.69,0.1672,0.2248,0.0479,0.1931,0.0630,0.2532,0.0674,0.0591,0.2116,0.1417,0.2410,0.0562,0.1642,0.1530
1785432684.17,60,base,1,0.0,15.0,40.733,25.11,249.69,0.1681,0.2229,0.0455,0.1921,0.0630,0.2532,0.0674,0.0596,0.2131,0.1427,0.2439,0.0572,0.1647,0.1520
1785432684.27,60,base,2,0.0,15.0,40.733,25.11,249.69,0.1667,0.2239,0.0459,0.1940,0.0645,0.2522,0.0645,0.0587,0.2136,0.1437,0.2414,0.0552,0.1657,0.1540
1785432684.37,60,base,3,0.0,15.0,40.733,25.11,249.69,0.1676,0.2239,0.0479,0.1940,0.0630,0.2532,0.0684,0.0596,0.2136,0.1427,0.2405,0.0572,0.1662,0.1525
1785432685.06,60,drive,0,0.5,15.0,40.733,25.11,249.69,0.1672,0.2224,0.0479,0.1935,0.0611,0.2522,0.0684,0.0567,0.2121,0.1422,0.2434,0.0533,0.1632,0.1559
1785432685.15,60,drive,1,0.5,15.0,40.733,25.11,249.69,0.1657,0.2239,0.0489,0.1891,0.0626,0.2527,0.0679,0.0591,0.2131,0.1432,0.2410,0.0547,0.1657,0.1515
1785432685.25,60,drive,2,0.5,15.0,40.733,25.11,249.69,0.1647,0.2219,0.0464,0.1926,0.0626,0.2532,0.0694,0.0577,0.2136,0.1427,0.2434,0.0552,0.1642,0.1520
1785432685.35,60,drive,3,0.5,15.0,40.733,25.11,249.69,0.1667,0.2234,0.0479,0.1950,0.0630,0.2542,0.0679,0.0587,0.2146,0.1447,0.2424,0.0543,0.1637,0.1535
1785432686.04,60,drive,0,1.0,15.0,40.733,25.11,249.69,0.1667,0.2204,0.0484,0.1935,0.0630,0.2527,0.0704,0.0587,0.2126,0.1447,0.2419,0.0552,0.1618,0.1515
1785432686.14,60,drive,1,1.0,15.0,40.733,25.11,249.69,0.1672,0.2239,0.0459,0.1926,0.0635,0.2537,0.0670,0.0577,0.2126,0.1427,0.2434,0.0543,0.1632,0.1515
1785432686.24,60,drive,2,1.0,15.0,40.733,25.11,249.69,0.1662,0.2234,0.0455,0.1955,0.0655,0.2542,0.0674,0.0582,0.2126,0.1432,0.2434,0.0547,0.1618,0.1510
1785432686.33,60,drive,3,1.0,15.0,40.733,25.11,249.69,0.1667,0.2219,0.0464,0.1911,0.0635,0.2542,0.0645,0.0606,0.2111,0.1437,0.2419,0.0557,0.1662,0.1540
1785432687.03,60,drive,0,1.5,15.0,40.733,25.11,249.69,0.1662,0.2209,0.0474,0.1926,0.0635,0.2532,0.0665,0.0587,0.2136,0.1442,0.2449,0.0552,0.1652,0.1500
1785432687.13,60,drive,1,1.5,15.0,40.733,25.11,249.69,0.1681,0.2248,0.0474,0.1926,0.0616,0.2551,0.0674,0.0591,0.2121,0.1442,0.2429,0.0552,0.1628,0.1530
1785432687.22,60,drive,2,1.5,15.0,40.733,25.11,249.69,0.1672,0.2234,0.0455,0.1945,0.0635,0.2537,0.0674,0.0567,0.2126,0.1432,0.2429,0.0557,0.1632,0.1535
1785432687.32,60,drive,3,1.5,15.0,40.733,25.11,249.69,0.1686,0.2209,0.0464,0.1926,0.0645,0.2527,0.0650,0.0572,0.2131,0.1461,0.2419,0.0552,0.1652,0.1530
1785432688.02,60,drive,0,2.0,15.0,40.733,25.11,249.69,0.1667,0.2190,0.0494,0.1935,0.0660,0.2532,0.0655,0.0591,0.2126,0.1457,0.2429,0.0543,0.1628,0.1544
1785432688.11,60,drive,1,2.0,15.0,40.733,25.11,249.69,0.1637,0.2253,0.0474,0.1926,0.0621,0.2522,0.0660,0.0567,0.2121,0.1447,0.2419,0.0547,0.1647,0.1515
1785432688.21,60,drive,2,2.0,15.0,40.733,25.11,249.69,0.1667,0.2224,0.0450,0.1921,0.0630,0.2532,0.0665,0.0552,0.2126,0.1432,0.2434,0.0562,0.1637,0.1530
1785432688.31,60,drive,3,2.0,15.0,40.733,25.11,249.69,0.1652,0.2224,0.0455,0.1940,0.0660,0.2532,0.0670,0.0587,0.2121,0.1476,0.2449,0.0547,0.1642,0.1540
1785432689.00,60,drive,0,2.5,15.0,40.733,25.11,249.69,0.1672,0.2214,0.0464,0.1916,0.0650,0.2537,0.0660,0.0587,0.2136,0.1452,0.2434,0.0547,0.1632,0.1525
1785432689.10,60,drive,1,2.5,15.0,40.733,25.11,249.69,0.1652,0.2253,0.0503,0.1935,0.0645,0.2517,0.0704,0.0582,0.2131,0.1427,0.2429,0.0562,0.1676,0.1520
1785432689.20,60,drive,2,2.5,15.0,40.733,25.11,249.69,0.1642,0.2234,0.0459,0.1926,0.0645,0.2527,0.0665,0.0601,0.2131,0.1432,0.2439,0.0547,0.1662,0.1510
1785432689.29,60,drive,3,2.5,15.0,40.733,25.11,249.69,0.1652,0.2209,0.0474,0.1926,0.0645,0.2507,0.0674,0.0596,0.2146,0.1427,0.2410,0.0567,0.1657,0.1535
1785432689.99,60,drive,0,3.0,15.0,40.733,25.11,249.69,0.1647,0.2234,0.0513,0.1945,0.0626,0.2507,0.0679,0.0557,0.2136,0.1427,0.2444,0.0552,0.1667,0.1525
1785432690.08,60,drive,1,3.0,15.0,40.733,25.11,249.69,0.1657,0.2224,0.0469,0.1916,0.0626,0.2561,0.0684,0.0582,0.2126,0.1437,0.2439,0.0528,0.1652,0.1515
1785432690.18,60,drive,2,3.0,15.0,40.733,25.11,249.69,0.1652,0.2209,0.0450,0.1916,0.0650,0.2542,0.0655,0.0582,0.2136,0.1432,0.2429,0.0547,0.1632,0.1535
1785432690.28,60,drive,3,3.0,15.0,40.733,25.11,249.69,0.1691,0.2243,0.0450,0.1906,0.0630,0.2517,0.0674,0.0562,0.2136,0.1422,0.2454,0.0562,0.1637,0.1530
1785432690.97,60,drive,0,3.5,15.0,40.733,25.11,249.69,0.1662,0.2224,0.0469,0.1945,0.0616,0.2522,0.0684,0.0616,0.2155,0.1452,0.2424,0.0547,0.1647,0.1525
1785432691.07,60,drive,1,3.5,15.0,40.733,25.11,249.69,0.1657,0.2224,0.0469,0.1926,0.0630,0.2522,0.0674,0.0591,0.2121,0.1427,0.2454,0.0538,0.1632,0.1540
1785432691.17,60,drive,2,3.5,15.0,40.733,25.11,249.69,0.1672,0.2234,0.0474,0.1926,0.0665,0.2532,0.0665,0.0591,0.2155,0.1452,0.2429,0.0547,0.1642,0.1535
1785432691.26,60,drive,3,3.5,15.0,40.733,25.11,249.69,0.1642,0.2239,0.0499,0.1960,0.0650,0.2512,0.0660,0.0577,0.2126,0.1422,0.2414,0.0562,0.1652,0.1549
1785432691.95,60,drive,0,4.0,15.0,40.733,25.11,249.69,0.1662,0.2239,0.0479,0.1931,0.0645,0.2522,0.0670,0.0591,0.2170,0.1447,0.2424,0.0557,0.1657,0.1520
1785432692.05,60,drive,1,4.0,15.0,40.733,25.11,249.69,0.1652,0.2234,0.0464,0.1940,0.0655,0.2527,0.0665,0.0587,0.2131,0.1417,0.2410,0.0557,0.1652,0.1500
1785432692.15,60,drive,2,4.0,15.0,40.733,25.11,249.69,0.1676,0.2243,0.0474,0.1931,0.0645,0.2527,0.0674,0.0587,0.2121,0.1432,0.2424,0.0557,0.1662,0.1500
1785432692.24,60,drive,3,4.0,15.0,40.733,25.11,249.69,0.1681,0.2248,0.0464,0.1950,0.0635,0.2542,0.0650,0.0611,0.2116,0.1452,0.2454,0.0567,0.1642,0.1515
1785432693.01,72,base,0,0.0,15.0,40.813,25.11,249.70,0.1667,0.2243,0.0469,0.1916,0.0635,0.2522,0.0660,0.0596,0.2131,0.1417,0.2434,0.0577,0.1623,0.1530
1785432693.11,72,base,1,0.0,15.0,40.813,25.11,249.70,0.1642,0.2229,0.0474,0.1950,0.0591,0.2522,0.0684,0.0582,0.2121,0.1437,0.2410,0.0552,0.1672,0.1515
1785432693.20,72,base,2,0.0,15.0,40.813,25.11,249.70,0.1657,0.2204,0.0464,0.1931,0.0674,0.2527,0.0660,0.0587,0.2151,0.1437,0.2439,0.0552,0.1642,0.1515
1785432693.30,72,base,3,0.0,15.0,40.813,25.11,249.70,0.1667,0.2209,0.0474,0.1931,0.0650,0.2512,0.0674,0.0582,0.2136,0.1427,0.2414,0.0567,0.1632,0.1510
1785432694.00,72,drive,0,0.5,15.0,40.813,25.11,249.70,0.1676,0.2224,0.0484,0.1945,0.0626,0.2532,0.0674,0.0587,0.2126,0.1422,0.2454,0.0547,0.1642,0.1520
1785432694.09,72,drive,1,0.5,15.0,40.813,25.11,249.70,0.1686,0.2248,0.0484,0.1911,0.0645,0.2527,0.0679,0.0611,0.2141,0.1437,0.2463,0.0543,0.1652,0.1535
1785432694.19,72,drive,2,0.5,15.0,40.813,25.11,249.70,0.1672,0.2234,0.0474,0.1940,0.0635,0.2532,0.0670,0.0616,0.2141,0.1422,0.2444,0.0547,0.1657,0.1496
1785432694.29,72,drive,3,0.5,15.0,40.813,25.11,249.70,0.1652,0.2209,0.0479,0.1935,0.0640,0.2542,0.0684,0.0591,0.2102,0.1437,0.2439,0.0528,0.1637,0.1535
1785432694.98,72,drive,0,1.0,15.0,40.813,25.11,249.70,0.1681,0.2224,0.0459,0.1935,0.0645,0.2532,0.0655,0.0601,0.2116,0.1437,0.2429,0.0543,0.1637,0.1520
1785432695.07,72,drive,1,1.0,15.0,40.813,25.11,249.70,0.1676,0.2239,0.0469,0.1906,0.0621,0.2527,0.0679,0.0601,0.2136,0.1422,0.2444,0.0562,0.1647,0.1496
1785432695.17,72,drive,2,1.0,15.0,40.813,25.11,249.70,0.1652,0.2219,0.0464,0.1926,0.0640,0.2532,0.0665,0.0577,0.2116,0.1442,0.2414,0.0538,0.1647,0.1540
1785432695.27,72,drive,3,1.0,15.0,40.813,25.11,249.70,0.1676,0.2239,0.0484,0.1945,0.0635,0.2546,0.0670,0.0577,0.2151,0.1452,0.2414,0.0533,0.1637,0.1544
1785432695.96,72,drive,0,1.5,15.0,40.813,25.11,249.70,0.1676,0.2243,0.0484,0.1950,0.0655,0.2512,0.0670,0.0562,0.2146,0.1452,0.2468,0.0528,0.1647,0.1525
1785432696.06,72,drive,1,1.5,15.0,40.813,25.11,249.70,0.1642,0.2234,0.0455,0.1945,0.0591,0.2527,0.0674,0.0591,0.2141,0.1466,0.2454,0.0547,0.1637,0.1554
1785432696.16,72,drive,2,1.5,15.0,40.813,25.11,249.70,0.1676,0.2229,0.0464,0.1935,0.0640,0.2542,0.0655,0.0582,0.2141,0.1452,0.2429,0.0562,0.1632,0.1520
1785432696.25,72,drive,3,1.5,15.0,40.813,25.11,249.70,0.1662,0.2229,0.0474,0.1945,0.0640,0.2512,0.0694,0.0596,0.2121,0.1457,0.2449,0.0547,0.1647,0.1525
1785432696.95,72,drive,0,2.0,15.0,40.813,25.11,249.70,0.1686,0.2224,0.0474,0.1921,0.0635,0.2502,0.0670,0.0591,0.2136,0.1442,0.2439,0.0562,0.1652,0.1564
1785432697.05,72,drive,1,2.0,15.0,40.813,25.11,249.70,0.1686,0.2224,0.0484,0.1916,0.0640,0.2532,0.0650,0.0577,0.2121,0.1447,0.2468,0.0533,0.1657,0.1540
1785432697.14,72,drive,2,2.0,15.0,40.813,25.11,249.70,0.1667,0.2239,0.0479,0.1921,0.0640,0.2537,0.0665,0.0596,0.2131,0.1442,0.2439,0.0567,0.1642,0.1510
1785432697.24,72,drive,3,2.0,15.0,40.813,25.11,249.70,0.1672,0.2234,0.0450,0.1921,0.0650,0.2532,0.0660,0.0591,0.2136,0.1466,0.2449,0.0577,0.1623,0.1510
1785432697.94,72,drive,0,2.5,15.0,40.813,25.11,249.70,0.1672,0.2224,0.0469,0.1926,0.0645,0.2561,0.0684,0.0577,0.2146,0.1466,0.2429,0.0528,0.1652,0.1505
1785432698.03,72,drive,1,2.5,15.0,40.813,25.11,249.70,0.1652,0.2248,0.0474,0.1940,0.0665,0.2537,0.0650,0.0596,0.2131,0.1461,0.2434,0.0547,0.1662,0.1525
1785432698.13,72,drive,2,2.5,15.0,40.813,25.11,249.70,0.1632,0.2214,0.0489,0.1945,0.0626,0.2522,0.0679,0.0591,0.2097,0.1447,0.2439,0.0562,0.1672,0.1549
1785432698.23,72,drive,3,2.5,15.0,40.813,25.11,249.70,0.1672,0.2219,0.0469,0.1935,0.0640,0.2537,0.0660,0.0591,0.2121,0.1442,0.2424,0.0557,0.1652,0.1530
1785432698.92,72,drive,0,3.0,15.0,40.813,25.11,249.70,0.1579,0.2141,0.0543,0.1926,0.0587,0.2522,0.0767,0.0538,0.2190,0.1505,0.2502,0.0459,0.1701,0.1637
1785432699.02,72,drive,1,3.0,15.0,40.813,25.11,249.70,0.1725,0.2165,0.0469,0.2023,0.0679,0.2449,0.0767,0.0596,0.2092,0.1427,0.2507,0.0489,0.1544,0.1647
1785432699.12,72,drive,2,3.0,15.0,40.813,25.11,249.70,0.1642,0.2131,0.0543,0.1891,0.0587,0.2581,0.0704,0.0528,0.2141,0.1574,0.2366,0.0503,0.1711,0.1554
1785432699.21,72,drive,3,3.0,15.0,40.813,25.11,249.70,0.1598,0.2151,0.0552,0.1940,0.0601,0.2527,0.0831,0.0547,0.2067,0.1510,0.2395,0.0528,0.1632,0.1613
1785432699.91,72,drive,0,3.5,15.0,40.813,25.11,249.70,0.1628,0.2224,0.0479,0.1945,0.0660,0.2488,0.0674,0.0587,0.2219,0.1496,0.2449,0.0572,0.1613,0.1535
1785432700.00,72,drive,1,3.5,15.0,40.813,25.11,249.70,0.1623,0.2214,0.0494,0.1926,0.0694,0.2527,0.0684,0.0528,0.2136,0.1432,0.2375,0.0528,0.1657,0.1579
1785432700.10,72,drive,2,3.5,15.0,40.813,25.11,249.70,0.1681,0.2229,0.0543,0.1950,0.0655,0.2449,0.0670,0.0567,0.2087,0.1452,0.2449,0.0630,0.1637,0.1520
1785432700.20,72,drive,3,3.5,15.0,40.813,25.11,249.70,0.1662,0.2287,0.0503,0.2019,0.0621,0.2527,0.0655,0.0572,0.2111,0.1378,0.2390,0.0621,0.1647,0.1549
1785432700.89,72,drive,0,4.0,15.0,40.813,25.11,249.70,0.1637,0.2214,0.0479,0.1852,0.0630,0.2517,0.0723,0.0591,0.2160,0.1510,0.2463,0.0596,0.1652,0.1525
1785432700.99,72,drive,1,4.0,15.0,40.813,25.11,249.70,0.1672,0.2195,0.0508,0.1945,0.0670,0.2483,0.0689,0.0577,0.2092,0.1466,0.2483,0.0562,0.1676,0.1520
1785432701.09,72,drive,2,4.0,15.0,40.813,25.11,249.70,0.1676,0.2199,0.0484,0.1945,0.0630,0.2483,0.0665,0.0601,0.2116,0.1442,0.2468,0.0577,0.1672,0.1530
1785432701.18,72,drive,3,4.0,15.0,40.813,25.11,249.70,0.1706,0.2190,0.0464,0.1911,0.0630,0.2507,0.0699,0.0591,0.2136,0.1466,0.2454,0.0552,0.1623,0.1510
1785432701.95,73,base,0,0.0,15.0,40.753,25.11,249.70,0.1740,0.2190,0.0489,0.1872,0.0645,0.2542,0.0655,0.0606,0.2141,0.1559,0.2463,0.0523,0.1593,0.1535
1785432702.04,73,base,1,0.0,15.0,40.753,25.11,249.70,0.1647,0.2214,0.0430,0.1945,0.0635,0.2581,0.0689,0.0601,0.2180,0.1461,0.2493,0.0508,0.1623,0.1540
1785432702.14,73,base,2,0.0,15.0,40.753,25.11,249.70,0.1676,0.2190,0.0533,0.1945,0.0718,0.2527,0.0645,0.0582,0.2126,0.1447,0.2395,0.0543,0.1691,0.1540
1785432702.24,73,base,3,0.0,15.0,40.753,25.11,249.70,0.1652,0.2248,0.0494,0.1926,0.0645,0.2522,0.0674,0.0562,0.2136,0.1457,0.2488,0.0533,0.1632,0.1500
1785432702.93,73,drive,0,0.5,15.0,40.753,25.11,249.70,0.1652,0.2185,0.0464,0.1965,0.0650,0.2517,0.0670,0.0587,0.2141,0.1471,0.2444,0.0547,0.1632,0.1515
1785432703.03,73,drive,1,0.5,15.0,40.753,25.11,249.70,0.1652,0.2190,0.0503,0.1970,0.0640,0.2517,0.0640,0.0621,0.2116,0.1447,0.2400,0.0577,0.1686,0.1540
1785432703.12,73,drive,2,0.5,15.0,40.753,25.11,249.70,0.1672,0.2190,0.0469,0.1950,0.0626,0.2542,0.0679,0.0601,0.2165,0.1442,0.2434,0.0523,0.1632,0.1520
1785432703.22,73,drive,3,0.5,15.0,40.753,25.11,249.70,0.1662,0.2180,0.0455,0.1950,0.0679,0.2532,0.0655,0.0596,0.2141,0.1476,0.2375,0.0572,0.1647,0.1525
1785432703.92,73,drive,0,1.0,15.0,40.753,25.11,249.70,0.1642,0.2229,0.0469,0.1891,0.0587,0.2483,0.0670,0.0562,0.2136,0.1496,0.2463,0.0591,0.1608,0.1520
1785432704.01,73,drive,1,1.0,15.0,40.753,25.11,249.70,0.1632,0.2204,0.0411,0.1955,0.0650,0.2586,0.0674,0.0596,0.2146,0.1471,0.2419,0.0533,0.1657,0.1554
1785432704.11,73,drive,2,1.0,15.0,40.753,25.11,249.70,0.1662,0.2195,0.0469,0.1931,0.0606,0.2561,0.0635,0.0601,0.2131,0.1500,0.2454,0.0543,0.1686,0.1530
1785432704.21,73,drive,3,1.0,15.0,40.753,25.11,249.70,0.1706,0.2219,0.0489,0.1901,0.0630,0.2537,0.0650,0.0630,0.2146,0.1486,0.2439,0.0572,0.1667,0.1530
1785432704.90,73,drive,0,1.5,15.0,40.753,25.11,249.70,0.1676,0.2204,0.0494,0.1901,0.0640,0.2551,0.0640,0.0611,0.2151,0.1486,0.2429,0.0518,0.1701,0.1520
1785432705.00,73,drive,1,1.5,15.0,40.753,25.11,249.70,0.1672,0.2234,0.0513,0.1945,0.0689,0.2551,0.0674,0.0547,0.2151,0.1466,0.2444,0.0547,0.1628,0.1544
1785432705.09,73,drive,2,1.5,15.0,40.753,25.11,249.70,0.1672,0.2317,0.0469,0.1935,0.0591,0.2532,0.0660,0.0582,0.2136,0.1452,0.2468,0.0538,0.1686,0.1540
1785432705.19,73,drive,3,1.5,15.0,40.753,25.11,249.70,0.1652,0.2239,0.0440,0.1882,0.0582,0.2507,0.0660,0.0601,0.2126,0.1437,0.2439,0.0552,0.1686,0.1491
1785432705.88,73,drive,0,2.0,15.0,40.753,25.11,249.70,0.1672,0.2273,0.0469,0.1921,0.0591,0.2527,0.0699,0.0567,0.2136,0.1427,0.2414,0.0523,0.1642,0.1559
1785432705.98,73,drive,1,2.0,15.0,40.753,25.11,249.70,0.1613,0.2190,0.0479,0.1911,0.0684,0.2542,0.0704,0.0606,0.2121,0.1452,0.2414,0.0577,0.1618,0.1544
1785432706.08,73,drive,2,2.0,15.0,40.753,25.11,249.70,0.1652,0.2219,0.0479,0.1887,0.0630,0.2493,0.0650,0.0577,0.2136,0.1486,0.2429,0.0596,0.1676,0.1554
1785432706.17,73,drive,3,2.0,15.0,40.753,25.11,249.70,0.1725,0.2214,0.0445,0.1916,0.0611,0.2537,0.0655,0.0611,0.2136,0.1457,0.2414,0.0567,0.1681,0.1496
1785432706.87,73,drive,0,2.5,15.0,40.753,25.11,249.70,0.1676,0.2204,0.0494,0.1965,0.0650,0.2561,0.0684,0.0601,0.2141,0.1461,0.2400,0.0523,0.1637,0.1520
1785432706.97,73,drive,1,2.5,15.0,40.753,25.11,249.70,0.1686,0.2219,0.0494,0.1921,0.0674,0.2522,0.0665,0.0567,0.2165,0.1417,0.2449,0.0587,0.1662,0.1525
1785432707.06,73,drive,2,2.5,15.0,40.753,25.11,249.70,0.1676,0.2204,0.0479,0.1896,0.0650,0.2551,0.0733,0.0616,0.2126,0.1491,0.2414,0.0543,0.1628,0.1486
1785432707.16,73,drive,3,2.5,15.0,40.753,25.11,249.70,0.1657,0.2263,0.0450,0.1975,0.0650,0.2546,0.0714,0.0587,0.2116,0.1432,0.2414,0.0543,0.1652,0.1569
1785432707.85,73,drive,0,3.0,15.0,40.753,25.11,249.70,0.1637,0.2224,0.0503,0.1906,0.0655,0.2527,0.0704,0.0567,0.2136,0.1457,0.2449,0.0557,0.1632,0.1544
1785432707.95,73,drive,1,3.0,15.0,40.753,25.11,249.70,0.1647,0.2165,0.0474,0.1887,0.0674,0.2522,0.0699,0.0606,0.2170,0.1486,0.2444,0.0591,0.1696,0.1535
1785432708.05,73,drive,2,3.0,15.0,40.753,25.11,249.70,0.1676,0.2248,0.0445,0.1935,0.0694,0.2551,0.0674,0.0572,0.2151,0.1471,0.2434,0.0543,0.1623,0.1540
1785432708.14,73,drive,3,3.0,15.0,40.753,25.11,249.70,0.1662,0.2243,0.0469,0.1945,0.0621,0.2517,0.0670,0.0567,0.2126,0.1413,0.2419,0.0538,0.1691,0.1520
1785432708.84,73,drive,0,3.5,15.0,40.753,25.11,249.70,0.1686,0.2263,0.0459,0.1931,0.0650,0.2488,0.0670,0.0552,0.2092,0.1427,0.2439,0.0557,0.1642,0.1559
1785432708.94,73,drive,1,3.5,15.0,40.753,25.11,249.70,0.1657,0.2258,0.0455,0.1916,0.0655,0.2522,0.0630,0.0582,0.2180,0.1481,0.2395,0.0577,0.1662,0.1525
1785432709.03,73,drive,2,3.5,15.0,40.753,25.11,249.70,0.1652,0.2234,0.0445,0.1935,0.0650,0.2502,0.0670,0.0572,0.2175,0.1452,0.2414,0.0538,0.1628,0.1530
1785432709.13,73,drive,3,3.5,15.0,40.753,25.11,249.70,0.1632,0.2224,0.0420,0.1960,0.0630,0.2527,0.0704,0.0567,0.2116,0.1447,0.2454,0.0562,0.1628,0.1535
1785432709.82,73,drive,0,4.0,15.0,40.753,25.11,249.70,0.1652,0.2224,0.0464,0.1931,0.0645,0.2561,0.0665,0.0577,0.2146,0.1427,0.2449,0.0533,0.1686,0.1471
1785432709.92,73,drive,1,4.0,15.0,40.753,25.11,249.70,0.1672,0.2239,0.0494,0.1950,0.0601,0.2556,0.0670,0.0557,0.2121,0.1432,0.2512,0.0557,0.1647,0.1481
1785432710.02,73,drive,2,4.0,15.0,40.753,25.11,249.70,0.1701,0.2248,0.0469,0.1945,0.0616,0.2537,0.0616,0.0591,0.2141,0.1457,0.2400,0.0528,0.1681,0.1525
1785432710.11,73,drive,3,4.0,15.0,40.753,25.11,249.70,0.1667,0.2219,0.0455,0.1975,0.0630,0.2561,0.0645,0.0596,0.2126,0.1447,0.2454,0.0547,0.1623,0.1505
1785432710.88,74,base,0,0.0,15.0,40.793,25.11,249.71,0.1623,0.2248,0.0464,0.1979,0.0596,0.2522,0.0689,0.0591,0.2146,0.1422,0.2458,0.0567,0.1657,0.1515
1785432710.98,74,base,1,0.0,15.0,40.793,25.11,249.71,0.1686,0.2204,0.0494,0.1887,0.0650,0.2546,0.0689,0.0606,0.2097,0.1486,0.2449,0.0572,0.1662,0.1505
1785432711.08,74,base,2,0.0,15.0,40.793,25.11,249.71,0.1652,0.2180,0.0499,0.1935,0.0714,0.2488,0.0674,0.0572,0.2126,0.1452,0.2385,0.0577,0.1632,0.1593
1785432711.17,74,base,3,0.0,15.0,40.793,25.11,249.71,0.1652,0.2199,0.0435,0.1950,0.0689,0.2488,0.0679,0.0499,0.2155,0.1427,0.2473,0.0577,0.1618,0.1554
1785432711.86,74,drive,0,0.5,15.0,40.793,25.11,249.71,0.1681,0.2224,0.0474,0.1965,0.0655,0.2527,0.0660,0.0567,0.2131,0.1466,0.2454,0.0533,0.1662,0.1540
1785432711.96,74,drive,1,0.5,15.0,40.793,25.11,249.71,0.1667,0.2297,0.0489,0.1931,0.0591,0.2542,0.0655,0.0543,0.2151,0.1461,0.2493,0.0562,0.1652,0.1520
1785432712.06,74,drive,2,0.5,15.0,40.793,25.11,249.71,0.1676,0.2214,0.0508,0.1935,0.0640,0.2507,0.0670,0.0572,0.2141,0.1447,0.2473,0.0587,0.1657,0.1510
1785432712.16,74,drive,3,0.5,15.0,40.793,25.11,249.71,0.1676,0.2224,0.0489,0.1940,0.0635,0.2517,0.0704,0.0587,0.2151,0.1481,0.2434,0.0547,0.1613,0.1505
1785432712.85,74,drive,0,1.0,15.0,40.793,25.11,249.71,0.1672,0.2126,0.0474,0.1955,0.0601,0.2522,0.0660,0.0640,0.2146,0.1432,0.2414,0.0552,0.1652,0.1520
1785432712.95,74,drive,1,1.0,15.0,40.793,25.11,249.71,0.1745,0.2258,0.0499,0.1931,0.0665,0.2527,0.0601,0.0606,0.2141,0.1496,0.2434,0.0528,0.1613,0.1535
1785432713.04,74,drive,2,1.0,15.0,40.793,25.11,249.71,0.1647,0.2214,0.0499,0.1926,0.0630,0.2502,0.0709,0.0611,0.2155,0.1486,0.2390,0.0577,0.1618,0.1559
1785432713.14,74,drive,3,1.0,15.0,40.793,25.11,249.71,0.1652,0.2180,0.0499,0.1926,0.0611,0.2537,0.0665,0.0650,0.2107,0.1452,0.2410,0.0547,0.1672,0.1486
1785432713.83,74,drive,0,1.5,15.0,40.793,25.11,249.71,0.1642,0.2204,0.0562,0.1901,0.0645,0.2449,0.0694,0.0596,0.2087,0.1471,0.2439,0.0611,0.1618,0.1496
1785432713.93,74,drive,1,1.5,15.0,40.793,25.11,249.71,0.1657,0.2243,0.0513,0.1970,0.0645,0.2551,0.0699,0.0538,0.2190,0.1481,0.2473,0.0557,0.1613,0.1564
1785432714.03,74,drive,2,1.5,15.0,40.793,25.11,249.71,0.1667,0.2165,0.0459,0.1921,0.0655,0.2517,0.0684,0.0611,0.2121,0.1471,0.2463,0.0523,0.1676,0.1510
1785432714.12,74,drive,3,1.5,15.0,40.793,25.11,249.71,0.1652,0.2180,0.0562,0.1935,0.0679,0.2439,0.0684,0.0591,0.2151,0.1486,0.2458,0.0645,0.1637,0.1500
1785432714.82,74,drive,0,2.0,15.0,40.793,25.11,249.71,0.1686,0.2190,0.0445,0.1911,0.0630,0.2537,0.0665,0.0587,0.2151,0.1486,0.2439,0.0562,0.1642,0.1535
1785432714.91,74,drive,1,2.0,15.0,40.793,25.11,249.71,0.1681,0.2204,0.0479,0.1935,0.0635,0.2532,0.0655,0.0577,0.2141,0.1461,0.2454,0.0533,0.1652,0.1535
1785432715.01,74,drive,2,2.0,15.0,40.793,25.11,249.71,0.1642,0.2214,0.0474,0.1940,0.0611,0.2527,0.0684,0.0601,0.2160,0.1476,0.2434,0.0567,0.1662,0.1520
1785432715.11,74,drive,3,2.0,15.0,40.793,25.11,249.71,0.1657,0.2199,0.0479,0.1935,0.0630,0.2546,0.0655,0.0572,0.2165,0.1457,0.2419,0.0547,0.1647,0.1535
1785432715.80,74,drive,0,2.5,15.0,40.793,25.11,249.71,0.1657,0.2204,0.0450,0.1935,0.0645,0.2522,0.0674,0.0591,0.2155,0.1476,0.2468,0.0557,0.1652,0.1520
1785432715.90,74,drive,1,2.5,15.0,40.793,25.11,249.71,0.1642,0.2190,0.0484,0.1955,0.0635,0.2542,0.0655,0.0577,0.2170,0.1457,0.2454,0.0557,0.1647,0.1525
1785432716.00,74,drive,2,2.5,15.0,40.793,25.11,249.71,0.1686,0.2224,0.0459,0.1940,0.0626,0.2512,0.0694,0.0582,0.2155,0.1476,0.2463,0.0547,0.1657,0.1525
1785432716.09,74,drive,3,2.5,15.0,40.793,25.11,249.71,0.1657,0.2263,0.0464,0.1911,0.0645,0.2493,0.0670,0.0572,0.2151,0.1466,0.2454,0.0533,0.1657,0.1520
1785432716.79,74,drive,0,3.0,15.0,40.793,25.11,249.71,0.1652,0.2224,0.0469,0.1940,0.0640,0.2527,0.0655,0.0596,0.2136,0.1471,0.2434,0.0552,0.1667,0.1510
1785432716.88,74,drive,1,3.0,15.0,40.793,25.11,249.71,0.1667,0.2258,0.0494,0.1931,0.0640,0.2546,0.0679,0.0591,0.2136,0.1457,0.2434,0.0567,0.1642,0.1530
1785432716.98,74,drive,2,3.0,15.0,40.793,25.11,249.71,0.1681,0.2243,0.0494,0.1916,0.0645,0.2527,0.0660,0.0596,0.2155,0.1457,0.2449,0.0567,0.1676,0.1530
1785432717.08,74,drive,3,3.0,15.0,40.793,25.11,249.71,0.1652,0.2234,0.0484,0.1940,0.0635,0.2537,0.0670,0.0587,0.2126,0.1457,0.2463,0.0547,0.1662,0.1520
1785432717.77,74,drive,0,3.5,15.0,40.793,25.11,249.71,0.1657,0.2229,0.0474,0.1940,0.0640,0.2532,0.0674,0.0587,0.2131,0.1461,0.2429,0.0538,0.1652,0.1525
1785432717.87,74,drive,1,3.5,15.0,40.793,25.11,249.71,0.1681,0.2219,0.0445,0.1935,0.0635,0.2551,0.0670,0.0557,0.2155,0.1496,0.2454,0.0552,0.1672,0.1535
1785432717.96,74,drive,2,3.5,15.0,40.793,25.11,249.71,0.1662,0.2243,0.0484,0.1916,0.0635,0.2527,0.0689,0.0591,0.2155,0.1461,0.2468,0.0557,0.1676,0.1515
1785432718.06,74,drive,3,3.5,15.0,40.793,25.11,249.71,0.1657,0.2199,0.0474,0.1945,0.0635,0.2517,0.0670,0.0587,0.2151,0.1471,0.2449,0.0538,0.1647,0.1544
1785432718.76,74,drive,0,4.0,15.0,40.793,25.11,249.71,0.1676,0.2214,0.0479,0.1921,0.0630,0.2556,0.0689,0.0577,0.2151,0.1471,0.2454,0.0577,0.1667,0.1530
1785432718.85,74,drive,1,4.0,15.0,40.793,25.11,249.71,0.1667,0.2209,0.0445,0.1945,0.0640,0.2537,0.0674,0.0591,0.2141,0.1452,0.2444,0.0552,0.1647,0.1544
1785432718.95,74,drive,2,4.0,15.0,40.793,25.11,249.71,0.1667,0.2234,0.0469,0.1940,0.0630,0.2551,0.0674,0.0577,0.2160,0.1496,0.2449,0.0538,0.1657,0.1510
1785432719.05,74,drive,3,4.0,15.0,40.793,25.11,249.71,0.1657,0.2219,0.0459,0.1950,0.0660,0.2532,0.0635,0.0591,0.2160,0.1471,0.2444,0.0562,0.1647,0.1520
1785432719.82,75,base,0,0.0,15.0,40.773,25.11,249.71,0.1667,0.2190,0.0474,0.1945,0.0635,0.2537,0.0670,0.0601,0.2165,0.1466,0.2449,0.0538,0.1676,0.1525
1785432719.91,75,base,1,0.0,15.0,40.773,25.11,249.71,0.1647,0.2229,0.0474,0.1931,0.0635,0.2537,0.0650,0.0591,0.2160,0.1466,0.2473,0.0557,0.1647,0.1525
1785432720.01,75,base,2,0.0,15.0,40.773,25.11,249.71,0.1681,0.2219,0.0494,0.1984,0.0640,0.2522,0.0660,0.0606,0.2155,0.1481,0.2449,0.0547,0.1662,0.1540
1785432720.11,75,base,3,0.0,15.0,40.773,25.11,249.71,0.1667,0.2234,0.0484,0.1940,0.0655,0.2551,0.0674,0.0596,0.2121,0.1447,0.2483,0.0538,0.1618,0.1549
1785432720.80,75,drive,0,0.5,15.0,40.773,25.11,249.71,0.1681,0.2190,0.0474,0.1955,0.0626,0.2512,0.0674,0.0601,0.2160,0.1486,0.2463,0.0538,0.1652,0.1530
1785432720.90,75,drive,1,0.5,15.0,40.773,25.11,249.71,0.1672,0.2224,0.0484,0.1940,0.0635,0.2522,0.0674,0.0606,0.2146,0.1471,0.2463,0.0567,0.1642,0.1525
1785432720.99,75,drive,2,0.5,15.0,40.773,25.11,249.71,0.1652,0.2243,0.0459,0.1945,0.0645,0.2551,0.0684,0.0572,0.2141,0.1481,0.2463,0.0533,0.1652,0.1520
1785432721.09,75,drive,3,0.5,15.0,40.773,25.11,249.71,0.1681,0.2219,0.0459,0.1940,0.0660,0.2556,0.0640,0.0591,0.2170,0.1476,0.2414,0.0572,0.1662,0.1510
1785432721.79,75,drive,0,1.0,15.0,40.773,25.11,249.71,0.1652,0.2219,0.0474,0.1935,0.0635,0.2532,0.0640,0.0582,0.2151,0.1476,0.2444,0.0562,0.1676,0.1520
1785432721.88,75,drive,1,1.0,15.0,40.773,25.11,249.71,0.1676,0.2214,0.0464,0.1926,0.0645,0.2517,0.0660,0.0582,0.2151,0.1471,0.2463,0.0552,0.1667,0.1505
1785432721.98,75,drive,2,1.0,15.0,40.773,25.11,249.71,0.1672,0.2224,0.0464,0.1931,0.0665,0.2537,0.0660,0.0606,0.2146,0.1461,0.2434,0.0538,0.1667,0.1515
1785432722.08,75,drive,3,1.0,15.0,40.773,25.11,249.71,0.1652,0.2219,0.0464,0.1935,0.0660,0.2537,0.0650,0.0587,0.2165,0.1466,0.2439,0.0528,0.1657,0.1564
1785432722.77,75,drive,0,1.5,15.0,40.773,25.11,249.71,0.1667,0.2195,0.0479,0.1965,0.0626,0.2527,0.0660,0.0567,0.2170,0.1471,0.2434,0.0543,0.1652,0.1515
1785432722.86,75,drive,1,1.5,15.0,40.773,25.11,249.71,0.1647,0.2204,0.0479,0.1931,0.0630,0.2542,0.0650,0.0591,0.2165,0.1461,0.2444,0.0533,0.1657,0.1510
1785432722.96,75,drive,2,1.5,15.0,40.773,25.11,249.71,0.1657,0.2229,0.0469,0.1931,0.0640,0.2561,0.0650,0.0587,0.2151,0.1500,0.2478,0.0538,0.1647,0.1540
1785432723.06,75,drive,3,1.5,15.0,40.773,25.11,249.71,0.1652,0.2199,0.0484,0.1931,0.0650,0.2546,0.0665,0.0577,0.2146,0.1486,0.2444,0.0533,0.1662,0.1530
1785432723.75,75,drive,0,2.0,15.0,40.773,25.11,249.71,0.1681,0.2204,0.0459,0.1921,0.0635,0.2566,0.0655,0.0577,0.2141,0.1486,0.2458,0.0547,0.1632,0.1535
1785432723.85,75,drive,1,2.0,15.0,40.773,25.11,249.71,0.1657,0.2224,0.0479,0.1935,0.0645,0.2512,0.0660,0.0616,0.2151,0.1461,0.2454,0.0557,0.1652,0.1535
1785432723.95,75,drive,2,2.0,15.0,40.773,25.11,249.71,0.1628,0.2209,0.0489,0.1945,0.0635,0.2532,0.0694,0.0582,0.2170,0.1481,0.2473,0.0552,0.1637,0.1500
1785432724.04,75,drive,3,2.0,15.0,40.773,25.11,249.71,0.1647,0.2243,0.0464,0.1926,0.0650,0.2527,0.0684,0.0582,0.2136,0.1471,0.2458,0.0543,0.1647,0.1510
1785432724.73,75,drive,0,2.5,15.0,40.773,25.11,249.71,0.1662,0.2229,0.0474,0.1935,0.0650,0.2546,0.0650,0.0596,0.2175,0.1486,0.2444,0.0533,0.1672,0.1520
1785432724.83,75,drive,1,2.5,15.0,40.773,25.11,249.71,0.1681,0.2204,0.0484,0.1960,0.0645,0.2537,0.0650,0.0596,0.2126,0.1457,0.2439,0.0557,0.1637,0.1510
1785432724.93,75,drive,2,2.5,15.0,40.773,25.11,249.71,0.1657,0.2204,0.0455,0.1950,0.0655,0.2551,0.0684,0.0587,0.2146,0.1481,0.2454,0.0547,0.1667,0.1515
1785432725.03,75,drive,3,2.5,15.0,40.773,25.11,249.71,0.1672,0.2204,0.0474,0.1935,0.0630,0.2527,0.0679,0.0587,0.2151,0.1486,0.2473,0.0552,0.1642,0.1510
1785432725.72,75,drive,0,3.0,15.0,40.773,25.11,249.71,0.1662,0.2229,0.0474,0.1935,0.0650,0.2556,0.0655,0.0591,0.2160,0.1491,0.2449,0.0567,0.1647,0.1520
1785432725.81,75,drive,1,3.0,15.0,40.773,25.11,249.71,0.1696,0.2229,0.0455,0.1931,0.0630,0.2542,0.0670,0.0606,0.2165,0.1471,0.2449,0.0538,0.1632,0.1510
1785432725.91,75,drive,2,3.0,15.0,40.773,25.11,249.71,0.1676,0.2234,0.0484,0.1935,0.0670,0.2556,0.0665,0.0572,0.2151,0.1481,0.2449,0.0562,0.1652,0.1520
1785432726.01,75,drive,3,3.0,15.0,40.773,25.11,249.71,0.1686,0.2204,0.0474,0.1950,0.0650,0.2532,0.0660,0.0591,0.2141,0.1471,0.2439,0.0533,0.1662,0.1540
1785432726.70,75,drive,0,3.5,15.0,40.773,25.11,249.71,0.1662,0.2195,0.0489,0.1940,0.0640,0.2542,0.0684,0.0577,0.2160,0.1500,0.2458,0.0547,0.1642,0.1530
1785432726.80,75,drive,1,3.5,15.0,40.773,25.11,249.71,0.1672,0.2224,0.0445,0.1945,0.0674,0.2556,0.0630,0.0587,0.2160,0.1481,0.2473,0.0557,0.1632,0.1540
1785432726.90,75,drive,2,3.5,15.0,40.773,25.11,249.71,0.1647,0.2224,0.0459,0.1931,0.0670,0.2527,0.0670,0.0596,0.2151,0.1500,0.2454,0.0518,0.1662,0.1535
1785432726.99,75,drive,3,3.5,15.0,40.773,25.11,249.71,0.1681,0.2204,0.0484,0.1945,0.0640,0.2546,0.0660,0.0582,0.2146,0.1486,0.2439,0.0557,0.1637,0.1520
1785432727.69,75,drive,0,4.0,15.0,40.773,25.11,249.71,0.1676,0.2214,0.0469,0.1950,0.0665,0.2566,0.0640,0.0591,0.2155,0.1486,0.2449,0.0552,0.1657,0.1515
1785432727.79,75,drive,1,4.0,15.0,40.773,25.11,249.71,0.1652,0.2219,0.0464,0.1945,0.0645,0.2507,0.0670,0.0582,0.2155,0.1491,0.2478,0.0577,0.1642,0.1525
1785432727.88,75,drive,2,4.0,15.0,40.773,25.11,249.71,0.1681,0.2234,0.0469,0.1935,0.0645,0.2532,0.0650,0.0587,0.2151,0.1481,0.2463,0.0557,0.1647,0.1510
1785432727.98,75,drive,3,4.0,15.0,40.773,25.11,249.71,0.1652,0.2209,0.0479,0.1935,0.0630,0.2551,0.0660,0.0591,0.2151,0.1486,0.2434,0.0562,0.1676,0.1515
1785432728.75,76,base,0,0.0,15.0,40.753,25.11,249.71,0.1686,0.2234,0.0494,0.1926,0.0645,0.2527,0.0665,0.0591,0.2155,0.1481,0.2444,0.0552,0.1642,0.1530
1785432728.85,76,base,1,0.0,15.0,40.753,25.11,249.71,0.1662,0.2195,0.0489,0.1931,0.0660,0.2537,0.0665,0.0577,0.2155,0.1471,0.2444,0.0577,0.1632,0.1515
1785432728.95,76,base,2,0.0,15.0,40.753,25.11,249.71,0.1652,0.2214,0.0450,0.1940,0.0665,0.2537,0.0660,0.0572,0.2170,0.1486,0.2449,0.0533,0.1642,0.1535
1785432729.04,76,base,3,0.0,15.0,40.753,25.11,249.71,0.1632,0.2219,0.0489,0.1935,0.0645,0.2532,0.0665,0.0601,0.2136,0.1486,0.2458,0.0562,0.1647,0.1544
1785432729.74,76,drive,0,0.5,15.0,40.753,25.11,249.71,0.1711,0.2253,0.0459,0.1799,0.0738,0.2566,0.0552,0.0655,0.2195,0.1452,0.2375,0.0684,0.1676,0.1466
1785432729.83,76,drive,1,0.5,15.0,40.753,25.11,249.71,0.1598,0.2229,0.0528,0.1896,0.0714,0.2556,0.0709,0.0503,0.2151,0.1505,0.2419,0.0552,0.1725,0.1540
1785432729.93,76,drive,2,0.5,15.0,40.753,25.11,249.71,0.1681,0.2155,0.0435,0.1999,0.0611,0.2507,0.0704,0.0596,0.2160,0.1457,0.2542,0.0547,0.1667,0.1623
1785432730.03,76,drive,3,0.5,15.0,40.753,25.11,249.71,0.1652,0.2146,0.0411,0.2048,0.0640,0.2468,0.0684,0.0665,0.2126,0.1417,0.2600,0.0577,0.1608,0.1588
1785432730.72,76,drive,0,1.0,15.0,40.753,25.11,249.71,0.1676,0.2214,0.0528,0.1926,0.0650,0.2546,0.0626,0.0577,0.2072,0.1457,0.2454,0.0543,0.1667,0.1525
1785432730.82,76,drive,1,1.0,15.0,40.753,25.11,249.71,0.1652,0.2224,0.0474,0.1906,0.0611,0.2532,0.0665,0.0587,0.2141,0.1505,0.2468,0.0572,0.1647,0.1559
1785432730.91,76,drive,2,1.0,15.0,40.753,25.11,249.71,0.1618,0.2239,0.0469,0.1989,0.0674,0.2546,0.0679,0.0591,0.2136,0.1452,0.2483,0.0503,0.1613,0.1515
1785432731.01,76,drive,3,1.0,15.0,40.753,25.11,249.71,0.1711,0.2195,0.0484,0.1828,0.0660,0.2556,0.0674,0.0601,0.2165,0.1598,0.2463,0.0543,0.1652,0.1491
1785432731.70,76,drive,0,1.5,15.0,40.753,25.11,249.71,0.1608,0.2209,0.0430,0.1940,0.0670,0.2488,0.0665,0.0596,0.2180,0.1461,0.2439,0.0582,0.1632,0.1559
1785432731.80,76,drive,1,1.5,15.0,40.753,25.11,249.71,0.1632,0.2204,0.0543,0.1916,0.0665,0.2468,0.0670,0.0591,0.2131,0.1486,0.2444,0.0684,0.1623,0.1569
1785432731.90,76,drive,2,1.5,15.0,40.753,25.11,249.71,0.1652,0.2204,0.0445,0.1921,0.0728,0.2507,0.0689,0.0582,0.2170,0.1520,0.2454,0.0577,0.1593,0.1530
1785432731.99,76,drive,3,1.5,15.0,40.753,25.11,249.71,0.1652,0.2312,0.0455,0.1935,0.0596,0.2561,0.0709,0.0577,0.2146,0.1466,0.2498,0.0543,0.1593,0.1535
1785432732.69,76,drive,0,2.0,15.0,40.753,25.11,249.71,0.1681,0.2283,0.0484,0.1916,0.0591,0.2542,0.0679,0.0587,0.2165,0.1491,0.2498,0.0528,0.1676,0.1510
1785432732.79,76,drive,1,2.0,15.0,40.753,25.11,249.71,0.1657,0.2219,0.0435,0.1921,0.0635,0.2527,0.0665,0.0655,0.2229,0.1491,0.2463,0.0489,0.1667,0.1500
1785432732.88,76,drive,2,2.0,15.0,40.753,25.11,249.71,0.1598,0.2219,0.0459,0.1955,0.0635,0.2571,0.0679,0.0591,0.2160,0.1471,0.2468,0.0591,0.1676,0.1500
1785432732.98,76,drive,3,2.0,15.0,40.753,25.11,249.71,0.1657,0.2268,0.0435,0.1935,0.0626,0.2561,0.0689,0.0567,0.2160,0.1476,0.2502,0.0518,0.1623,0.1525
1785432733.67,76,drive,0,2.5,15.0,40.753,25.11,249.71,0.1711,0.2326,0.0474,0.1955,0.0543,0.2517,0.0630,0.0582,0.2141,0.1554,0.2502,0.0567,0.1608,0.1505
1785432733.77,76,drive,1,2.5,15.0,40.753,25.11,249.71,0.1740,0.2243,0.0562,0.1848,0.0674,0.2502,0.0670,0.0533,0.2185,0.1466,0.2532,0.0547,0.1662,0.1427
1785432733.87,76,drive,2,2.5,15.0,40.753,25.11,249.71,0.1642,0.2239,0.0411,0.1955,0.0616,0.2630,0.0640,0.0635,0.2121,0.1530,0.2458,0.0523,0.1608,0.1471
1785432733.96,76,drive,3,2.5,15.0,40.753,25.11,249.71,0.1672,0.2224,0.0508,0.1921,0.0621,0.2532,0.0655,0.0577,0.2170,0.1510,0.2493,0.0601,0.1618,0.1535
1785432734.66,76,drive,0,3.0,15.0,40.753,25.11,249.71,0.1623,0.2214,0.0543,0.1950,0.0616,0.2581,0.0674,0.0577,0.2102,0.1476,0.2458,0.0533,0.1681,0.1496
1785432734.75,76,drive,1,3.0,15.0,40.753,25.11,249.71,0.1598,0.2283,0.0494,0.1926,0.0630,0.2527,0.0709,0.0528,0.2170,0.1417,0.2488,0.0645,0.1676,0.1505
1785432734.85,76,drive,2,3.0,15.0,40.753,25.11,249.71,0.1574,0.2204,0.0533,0.1931,0.0665,0.2542,0.0694,0.0596,0.2170,0.1520,0.2434,0.0611,0.1686,0.1515
1785432734.95,76,drive,3,3.0,15.0,40.753,25.11,249.71,0.1662,0.2263,0.0474,0.1984,0.0645,0.2542,0.0660,0.0587,0.2199,0.1422,0.2424,0.0572,0.1716,0.1496
1785432735.64,76,drive,0,3.5,15.0,40.753,25.11,249.71,0.1662,0.2195,0.0503,0.1877,0.0626,0.2532,0.0714,0.0611,0.2131,0.1574,0.2488,0.0557,0.1628,0.1481
1785432735.74,76,drive,1,3.5,15.0,40.753,25.11,249.71,0.1672,0.2214,0.0474,0.1838,0.0694,0.2507,0.0650,0.0587,0.2165,0.1520,0.2439,0.0562,0.1623,0.1491
1785432735.84,76,drive,2,3.5,15.0,40.753,25.11,249.71,0.1672,0.2297,0.0503,0.1921,0.0709,0.2581,0.0650,0.0577,0.2175,0.1437,0.2458,0.0591,0.1642,0.1496
1785432735.93,76,drive,3,3.5,15.0,40.753,25.11,249.71,0.1652,0.2317,0.0440,0.1926,0.0655,0.2556,0.0684,0.0572,0.2141,0.1457,0.2478,0.0630,0.1618,0.1505
1785432736.63,76,drive,0,4.0,15.0,40.753,25.11,249.71,0.1681,0.2268,0.0503,0.1989,0.0694,0.2561,0.0709,0.0547,0.2141,0.1530,0.2473,0.0552,0.1672,0.1515
1785432736.73,76,drive,1,4.0,15.0,40.753,25.11,249.71,0.1593,0.2214,0.0464,0.1975,0.0660,0.2532,0.0689,0.0528,0.2195,0.1515,0.2527,0.0523,0.1623,0.1544
1785432736.82,76,drive,2,4.0,15.0,40.753,25.11,249.71,0.1618,0.2278,0.0484,0.1911,0.0596,0.2551,0.0655,0.0528,0.2199,0.1496,0.2449,0.0557,0.1725,0.1525
1785432736.92,76,drive,3,4.0,15.0,40.753,25.11,249.71,0.1667,0.2243,0.0513,0.1926,0.0596,0.2571,0.0679,0.0606,0.2160,0.1481,0.2419,0.0513,0.1676,0.1544
1785432737.69,77,base,0,0.0,15.0,40.693,25.11,249.71,0.1652,0.2234,0.0455,0.1926,0.0660,0.2483,0.0728,0.0587,0.2136,0.1520,0.2473,0.0567,0.1652,0.1505
1785432737.78,77,base,1,0.0,15.0,40.693,25.11,249.71,0.1637,0.2116,0.0499,0.1921,0.0655,0.2454,0.0738,0.0557,0.2126,0.1515,0.2478,0.0616,0.1672,0.1574
1785432737.88,77,base,2,0.0,15.0,40.693,25.11,249.71,0.1632,0.2297,0.0499,0.1906,0.0670,0.2522,0.0655,0.0557,0.2151,0.1530,0.2439,0.0606,0.1652,0.1535
1785432737.98,77,base,3,0.0,15.0,40.693,25.11,249.71,0.1652,0.2204,0.0494,0.1950,0.0645,0.2537,0.0626,0.0621,0.2160,0.1466,0.2468,0.0513,0.1691,0.1496
1785432738.67,77,drive,0,0.5,15.0,40.693,25.11,249.71,0.1691,0.2229,0.0445,0.1921,0.0674,0.2551,0.0699,0.0562,0.2151,0.1535,0.2478,0.0494,0.1681,0.1540
1785432738.76,77,drive,1,0.5,15.0,40.693,25.11,249.71,0.1647,0.2151,0.0538,0.1921,0.0684,0.2546,0.0670,0.0591,0.2165,0.1476,0.2444,0.0567,0.1681,0.1496
1785432738.86,77,drive,2,0.5,15.0,40.693,25.11,249.71,0.1613,0.2283,0.0464,0.1935,0.0670,0.2527,0.0640,0.0621,0.2224,0.1437,0.2454,0.0567,0.1662,0.1505
1785432738.96,77,drive,3,0.5,15.0,40.693,25.11,249.71,0.1720,0.2204,0.0445,0.1950,0.0635,0.2507,0.0655,0.0606,0.2151,0.1510,0.2449,0.0523,0.1608,0.1515
1785432739.65,77,drive,0,1.0,15.0,40.693,25.11,249.71,0.1588,0.2297,0.0513,0.1887,0.0709,0.2517,0.0679,0.0606,0.2199,0.1525,0.2434,0.0621,0.1657,0.1486
1785432739.75,77,drive,1,1.0,15.0,40.693,25.11,249.71,0.1755,0.2116,0.0474,0.1921,0.0704,0.2463,0.0611,0.0635,0.2195,0.1481,0.2424,0.0572,0.1667,0.1510
1785432739.85,77,drive,2,1.0,15.0,40.693,25.11,249.71,0.1652,0.2209,0.0440,0.1960,0.0596,0.2664,0.0582,0.0577,0.2160,0.1544,0.2502,0.0552,0.1706,0.1471
1785432739.94,77,drive,3,1.0,15.0,40.693,25.11,249.71,0.1701,0.2234,0.0484,0.1979,0.0640,0.2600,0.0645,0.0650,0.2165,0.1510,0.2429,0.0489,0.1593,0.1500
1785432740.63,77,drive,0,1.5,15.0,40.693,25.11,249.71,0.1676,0.2146,0.0474,0.1950,0.0650,0.2527,0.0611,0.0630,0.2151,0.1535,0.2434,0.0538,0.1652,0.1540
1785432740.73,77,drive,1,1.5,15.0,40.693,25.11,249.71,0.1667,0.2155,0.0474,0.1965,0.0626,0.2532,0.0689,0.0635,0.2190,0.1535,0.2473,0.0538,0.1676,0.1496
1785432740.83,77,drive,2,1.5,15.0,40.693,25.11,249.71,0.1667,0.2234,0.0518,0.1950,0.0621,0.2488,0.0650,0.0635,0.2131,0.1505,0.2439,0.0630,0.1672,0.1540
1785432740.93,77,drive,3,1.5,15.0,40.693,25.11,249.71,0.1701,0.2283,0.0508,0.1940,0.0616,0.2561,0.0679,0.0621,0.2121,0.1481,0.2478,0.0567,0.1647,0.1525
1785432741.62,77,drive,0,2.0,15.0,40.693,25.11,249.71,0.1716,0.2209,0.0528,0.1926,0.0660,0.2537,0.0665,0.0621,0.2063,0.1505,0.2400,0.0577,0.1662,0.1588
1785432741.72,77,drive,1,2.0,15.0,40.693,25.11,249.71,0.1676,0.2243,0.0459,0.1950,0.0616,0.2561,0.0704,0.0596,0.2219,0.1471,0.2483,0.0455,0.1667,0.1515
1785432741.81,77,drive,2,2.0,15.0,40.693,25.11,249.71,0.1740,0.2234,0.0455,0.1955,0.0635,0.2610,0.0626,0.0606,0.2131,0.1510,0.2478,0.0557,0.1662,0.1491
1785432741.91,77,drive,3,2.0,15.0,40.693,25.11,249.71,0.1720,0.2268,0.0420,0.1989,0.0601,0.2498,0.0665,0.0557,0.2258,0.1530,0.2468,0.0474,0.1642,0.1613
1785432742.60,77,drive,0,2.5,15.0,40.693,25.11,249.71,0.1642,0.2283,0.0459,0.1960,0.0635,0.2551,0.0714,0.0591,0.2180,0.1457,0.2517,0.0552,0.1662,0.1535
1785432742.70,77,drive,1,2.5,15.0,40.693,25.11,249.71,0.1701,0.2239,0.0489,0.1945,0.0665,0.2522,0.0640,0.0572,0.2131,0.1481,0.2468,0.0577,0.1628,0.1530
1785432742.80,77,drive,2,2.5,15.0,40.693,25.11,249.71,0.1711,0.2214,0.0484,0.1994,0.0645,0.2556,0.0670,0.0601,0.2165,0.1500,0.2483,0.0499,0.1652,0.1510
1785432742.89,77,drive,3,2.5,15.0,40.693,25.11,249.71,0.1676,0.2204,0.0484,0.1965,0.0674,0.2546,0.0660,0.0616,0.2136,0.1457,0.2473,0.0552,0.1642,0.1510
1785432743.59,77,drive,0,3.0,15.0,40.693,25.11,249.71,0.1725,0.2268,0.0499,0.1906,0.0640,0.2517,0.0650,0.0562,0.2180,0.1442,0.2468,0.0591,0.1672,0.1530
1785432743.69,77,drive,1,3.0,15.0,40.693,25.11,249.71,0.1691,0.2253,0.0494,0.1955,0.0567,0.2551,0.0684,0.0679,0.2160,0.1520,0.2522,0.0557,0.1686,0.1500
1785432743.78,77,drive,2,3.0,15.0,40.693,25.11,249.71,0.1725,0.2287,0.0508,0.1984,0.0630,0.2561,0.0567,0.0606,0.2155,0.1442,0.2434,0.0582,0.1667,0.1510
1785432743.88,77,drive,3,3.0,15.0,40.693,25.11,249.71,0.1676,0.2239,0.0435,0.1945,0.0635,0.2517,0.0650,0.0606,0.2195,0.1510,0.2488,0.0562,0.1628,0.1505
1785432744.57,77,drive,0,3.5,15.0,40.693,25.11,249.71,0.1720,0.2239,0.0435,0.1955,0.0626,0.2576,0.0694,0.0587,0.2229,0.1505,0.2463,0.0557,0.1652,0.1500
1785432744.67,77,drive,1,3.5,15.0,40.693,25.11,249.71,0.1652,0.2287,0.0455,0.1921,0.0665,0.2512,0.0694,0.0528,0.2180,0.1471,0.2463,0.0528,0.1667,0.1530
1785432744.76,77,drive,2,3.5,15.0,40.693,25.11,249.71,0.1608,0.2243,0.0440,0.1887,0.0635,0.2522,0.0748,0.0567,0.2229,0.1486,0.2522,0.0489,0.1681,0.1520
1785432744.86,77,drive,3,3.5,15.0,40.693,25.11,249.71,0.1706,0.2219,0.0459,0.1887,0.0635,0.2532,0.0626,0.0567,0.2185,0.1505,0.2498,0.0606,0.1632,0.1476
1785432745.56,77,drive,0,4.0,15.0,40.693,25.11,249.71,0.1652,0.2204,0.0459,0.1950,0.0665,0.2527,0.0704,0.0601,0.2175,0.1505,0.2473,0.0538,0.1662,0.1515
1785432745.65,77,drive,1,4.0,15.0,40.693,25.11,249.71,0.1662,0.2243,0.0464,0.1955,0.0635,0.2556,0.0694,0.0596,0.2146,0.1491,0.2468,0.0547,0.1647,0.1530
1785432745.75,77,drive,2,4.0,15.0,40.693,25.11,249.71,0.1672,0.2219,0.0464,0.1955,0.0655,0.2551,0.0674,0.0591,0.2165,0.1515,0.2478,0.0543,0.1652,0.1535
1785432745.85,77,drive,3,4.0,15.0,40.693,25.11,249.71,0.1667,0.2263,0.0469,0.1935,0.0635,0.2537,0.0655,0.0591,0.2151,0.1486,0.2478,0.0567,0.1637,0.1491
1785432746.62,78,base,0,0.0,15.0,40.733,25.11,249.72,0.1672,0.2224,0.0494,0.1940,0.0630,0.2532,0.0660,0.0591,0.2170,0.1486,0.2454,0.0543,0.1662,0.1500
1785432746.72,78,base,1,0.0,15.0,40.733,25.11,249.72,0.1672,0.2224,0.0474,0.1945,0.0655,0.2517,0.0670,0.0582,0.2165,0.1500,0.2463,0.0567,0.1676,0.1544
1785432746.82,78,base,2,0.0,15.0,40.733,25.11,249.72,0.1672,0.2234,0.0469,0.1945,0.0660,0.2537,0.0670,0.0626,0.2160,0.1515,0.2483,0.0538,0.1642,0.1515
1785432746.92,78,base,3,0.0,15.0,40.733,25.11,249.72,0.1672,0.2219,0.0469,0.1921,0.0655,0.2522,0.0660,0.0562,0.2170,0.1481,0.2478,0.0552,0.1667,0.1535
1785432747.61,78,drive,0,0.5,15.0,40.733,25.11,249.72,0.1676,0.2229,0.0450,0.1945,0.0640,0.2551,0.0655,0.0591,0.2170,0.1515,0.2468,0.0557,0.1652,0.1520
1785432747.71,78,drive,1,0.5,15.0,40.733,25.11,249.72,0.1676,0.2243,0.0479,0.1945,0.0630,0.2532,0.0704,0.0616,0.2160,0.1491,0.2478,0.0557,0.1672,0.1515
1785432747.80,78,drive,2,0.5,15.0,40.733,25.11,249.72,0.1676,0.2214,0.0464,0.1955,0.0650,0.2542,0.0674,0.0572,0.2165,0.1505,0.2454,0.0562,0.1652,0.1530
1785432747.90,78,drive,3,0.5,15.0,40.733,25.11,249.72,0.1681,0.2224,0.0464,0.1921,0.0660,0.2537,0.0660,0.0591,0.2175,0.1520,0.2473,0.0577,0.1652,0.1520
1785432748.59,78,drive,0,1.0,15.0,40.733,25.11,249.72,0.1647,0.2268,0.0494,0.1940,0.0655,0.2556,0.0665,0.0596,0.2170,0.1505,0.2458,0.0577,0.1647,0.1525
1785432748.69,78,drive,1,1.0,15.0,40.733,25.11,249.72,0.1662,0.2263,0.0479,0.1926,0.0640,0.2571,0.0665,0.0577,0.2160,0.1510,0.2468,0.0552,0.1667,0.1510
1785432748.79,78,drive,2,1.0,15.0,40.733,25.11,249.72,0.1637,0.2258,0.0435,0.1935,0.0650,0.2542,0.0670,0.0601,0.2160,0.1505,0.2449,0.0567,0.1667,0.1515
1785432748.88,78,drive,3,1.0,15.0,40.733,25.11,249.72,0.1662,0.2253,0.0450,0.1921,0.0655,0.2571,0.0655,0.0587,0.2160,0.1515,0.2454,0.0547,0.1676,0.1520
1785432749.58,78,drive,0,1.5,15.0,40.733,25.11,249.72,0.1676,0.2224,0.0464,0.1955,0.0640,0.2542,0.0660,0.0616,0.2185,0.1496,0.2473,0.0552,0.1642,0.1530
1785432749.68,78,drive,1,1.5,15.0,40.733,25.11,249.72,0.1672,0.2239,0.0459,0.1945,0.0606,0.2546,0.0679,0.0601,0.2165,0.1491,0.2463,0.0572,0.1657,0.1515
1785432749.77,78,drive,2,1.5,15.0,40.733,25.11,249.72,0.1652,0.2248,0.0430,0.1935,0.0640,0.2537,0.0694,0.0572,0.2175,0.1510,0.2454,0.0543,0.1647,0.1535
1785432749.87,78,drive,3,1.5,15.0,40.733,25.11,249.72,0.1642,0.2209,0.0464,0.1916,0.0679,0.2546,0.0660,0.0591,0.2185,0.1500,0.2458,0.0562,0.1647,0.1510
1785432750.57,78,drive,0,2.0,15.0,40.733,25.11,249.72,0.1667,0.2243,0.0459,0.1955,0.0635,0.2527,0.0684,0.0587,0.2151,0.1491,0.2458,0.0567,0.1667,0.1515
1785432750.66,78,drive,1,2.0,15.0,40.733,25.11,249.72,0.1672,0.2214,0.0474,0.1940,0.0660,0.2551,0.0679,0.0601,0.2180,0.1500,0.2444,0.0538,0.1652,0.1525
1785432750.76,78,drive,2,2.0,15.0,40.733,25.11,249.72,0.1667,0.2234,0.0464,0.1926,0.0670,0.2542,0.0665,0.0596,0.2151,0.1505,0.2468,0.0538,0.1637,0.1544
1785432750.86,78,drive,3,2.0,15.0,40.733,25.11,249.72,0.1667,0.2234,0.0474,0.1931,0.0635,0.2546,0.0684,0.0582,0.2151,0.1500,0.2468,0.0547,0.1652,0.1525
1785432751.55,78,drive,0,2.5,15.0,40.733,25.11,249.72,0.1667,0.2263,0.0484,0.1955,0.0630,0.2546,0.0679,0.0587,0.2180,0.1491,0.2473,0.0567,0.1676,0.1510
1785432751.65,78,drive,1,2.5,15.0,40.733,25.11,249.72,0.1662,0.2239,0.0455,0.1945,0.0635,0.2556,0.0679,0.0591,0.2160,0.1510,0.2488,0.0547,0.1657,0.1500
1785432751.75,78,drive,2,2.5,15.0,40.733,25.11,249.72,0.1657,0.2180,0.0469,0.1931,0.0650,0.2546,0.0665,0.0572,0.2190,0.1530,0.2458,0.0552,0.1647,0.1520
1785432751.84,78,drive,3,2.5,15.0,40.733,25.11,249.72,0.1676,0.2234,0.0469,0.1950,0.0684,0.2532,0.0689,0.0596,0.2165,0.1496,0.2454,0.0552,0.1662,0.1540
1785432752.54,78,drive,0,3.0,15.0,40.733,25.11,249.72,0.1652,0.2224,0.0455,0.1945,0.0650,0.2556,0.0670,0.0591,0.2155,0.1505,0.2458,0.0538,0.1657,0.1510
1785432752.64,78,drive,1,3.0,15.0,40.733,25.11,249.72,0.1662,0.2258,0.0479,0.1940,0.0660,0.2556,0.0679,0.0596,0.2131,0.1510,0.2468,0.0562,0.1647,0.1520
1785432752.73,78,drive,2,3.0,15.0,40.733,25.11,249.72,0.1681,0.2219,0.0474,0.1911,0.0660,0.2527,0.0684,0.0577,0.2175,0.1505,0.2468,0.0538,0.1662,0.1520
1785432752.83,78,drive,3,3.0,15.0,40.733,25.11,249.72,0.1642,0.2209,0.0479,0.1965,0.0655,0.2532,0.0674,0.0606,0.2151,0.1525,0.2458,0.0552,0.1662,0.1520
1785432753.52,78,drive,0,3.5,15.0,40.733,25.11,249.72,0.1642,0.2234,0.0474,0.1970,0.0630,0.2542,0.0689,0.0582,0.2165,0.1510,0.2463,0.0557,0.1672,0.1535
1785432753.62,78,drive,1,3.5,15.0,40.733,25.11,249.72,0.1662,0.2219,0.0474,0.1950,0.0660,0.2527,0.0665,0.0582,0.2170,0.1515,0.2468,0.0567,0.1662,0.1530
1785432753.72,78,drive,2,3.5,15.0,40.733,25.11,249.72,0.1667,0.2253,0.0455,0.1935,0.0655,0.2532,0.0689,0.0577,0.2160,0.1515,0.2488,0.0557,0.1647,0.1525
1785432753.82,78,drive,3,3.5,15.0,40.733,25.11,249.72,0.1676,0.2234,0.0440,0.1950,0.0640,0.2551,0.0660,0.0596,0.2180,0.1510,0.2483,0.0572,0.1657,0.1535
1785432754.51,78,drive,0,4.0,15.0,40.733,25.11,249.72,0.1667,0.2248,0.0474,0.1926,0.0655,0.2537,0.0694,0.0606,0.2160,0.1500,0.2498,0.0582,0.1647,0.1500
1785432754.61,78,drive,1,4.0,15.0,40.733,25.11,249.72,0.1672,0.2224,0.0484,0.1916,0.0640,0.2551,0.0660,0.0582,0.2165,0.1520,0.2458,0.0538,0.1657,0.1505
1785432754.71,78,drive,2,4.0,15.0,40.733,25.11,249.72,0.1676,0.2239,0.0464,0.1950,0.0650,0.2561,0.0660,0.0577,0.2170,0.1520,0.2458,0.0557,0.1676,0.1515
1785432754.80,78,drive,3,4.0,15.0,40.733,25.11,249.72,0.1667,0.2253,0.0464,0.1935,0.0630,0.2542,0.0689,0.0582,0.2165,0.1491,0.2498,0.0547,0.1642,0.1525
1785432755.58,80,base,0,0.0,15.0,40.753,25.11,249.72,0.1691,0.2219,0.0425,0.1945,0.0670,0.2542,0.0665,0.0572,0.2165,0.1510,0.2463,0.0543,0.1667,0.1486
1785432755.67,80,base,1,0.0,15.0,40.753,25.11,249.72,0.1672,0.2239,0.0494,0.1935,0.0665,0.2532,0.0674,0.0591,0.2180,0.1491,0.2473,0.0562,0.1647,0.1505
1785432755.77,80,base,2,0.0,15.0,40.753,25.11,249.72,0.1696,0.2209,0.0445,0.1945,0.0670,0.2551,0.0670,0.0582,0.2165,0.1491,0.2458,0.0523,0.1647,0.1525
1785432755.87,80,base,3,0.0,15.0,40.753,25.11,249.72,0.1676,0.2258,0.0479,0.1931,0.0650,0.2561,0.0674,0.0587,0.2160,0.1500,0.2478,0.0562,0.1637,0.1535
1785432756.56,80,drive,0,0.5,15.0,40.753,25.11,249.72,0.1681,0.2224,0.0474,0.1955,0.0670,0.2542,0.0684,0.0572,0.2170,0.1515,0.2488,0.0547,0.1642,0.1544
1785432756.66,80,drive,1,0.5,15.0,40.753,25.11,249.72,0.1657,0.2234,0.0464,0.1940,0.0660,0.2537,0.0694,0.0587,0.2175,0.1515,0.2463,0.0552,0.1652,0.1520
1785432756.76,80,drive,2,0.5,15.0,40.753,25.11,249.72,0.1667,0.2243,0.0474,0.1950,0.0640,0.2542,0.0679,0.0582,0.2155,0.1500,0.2473,0.0572,0.1647,0.1510
1785432756.85,80,drive,3,0.5,15.0,40.753,25.11,249.72,0.1672,0.2248,0.0479,0.1955,0.0660,0.2566,0.0665,0.0591,0.2199,0.1535,0.2478,0.0572,0.1657,0.1520
1785432757.55,80,drive,0,1.0,15.0,40.753,25.11,249.72,0.1662,0.2239,0.0464,0.1960,0.0655,0.2522,0.0670,0.0587,0.2195,0.1505,0.2493,0.0538,0.1652,0.1549
1785432757.65,80,drive,1,1.0,15.0,40.753,25.11,249.72,0.1676,0.2248,0.0479,0.1950,0.0655,0.2551,0.0670,0.0577,0.2199,0.1510,0.2488,0.0552,0.1676,0.1540
1785432757.74,80,drive,2,1.0,15.0,40.753,25.11,249.72,0.1667,0.2243,0.0469,0.1940,0.0645,0.2551,0.0670,0.0587,0.2180,0.1486,0.2488,0.0547,0.1676,0.1549
1785432757.84,80,drive,3,1.0,15.0,40.753,25.11,249.72,0.1672,0.2214,0.0474,0.1960,0.0640,0.2542,0.0679,0.0596,0.2185,0.1496,0.2478,0.0552,0.1662,0.1530
1785432758.54,80,drive,0,1.5,15.0,40.753,25.11,249.72,0.1662,0.2234,0.0469,0.1945,0.0679,0.2556,0.0679,0.0582,0.2170,0.1544,0.2488,0.0547,0.1662,0.1540
1785432758.63,80,drive,1,1.5,15.0,40.753,25.11,249.72,0.1667,0.2243,0.0489,0.1940,0.0650,0.2546,0.0679,0.0591,0.2204,0.1496,0.2449,0.0552,0.1652,0.1500
1785432758.73,80,drive,2,1.5,15.0,40.753,25.11,249.72,0.1681,0.2248,0.0459,0.1960,0.0650,0.2556,0.0660,0.0582,0.2170,0.1500,0.2483,0.0547,0.1676,0.1520
1785432758.83,80,drive,3,1.5,15.0,40.753,25.11,249.72,0.1672,0.2263,0.0445,0.1955,0.0660,0.2546,0.0679,0.0601,0.2165,0.1505,0.2493,0.0582,0.1667,0.1515
1785432759.52,80,drive,0,2.0,15.0,40.753,25.11,249.72,0.1662,0.2219,0.0464,0.1960,0.0640,0.2551,0.0689,0.0601,0.2165,0.1505,0.2468,0.0557,0.1647,0.1525
1785432759.62,80,drive,1,2.0,15.0,40.753,25.11,249.72,0.1676,0.2243,0.0450,0.1921,0.0640,0.2532,0.0674,0.0591,0.2155,0.1530,0.2478,0.0582,0.1657,0.1505
1785432759.72,80,drive,2,2.0,15.0,40.753,25.11,249.72,0.1672,0.2273,0.0479,0.1931,0.0640,0.2561,0.0679,0.0591,0.2151,0.1520,0.2488,0.0572,0.1672,0.1525
1785432759.81,80,drive,3,2.0,15.0,40.753,25.11,249.72,0.1676,0.2263,0.0474,0.1935,0.0640,0.2542,0.0679,0.0596,0.2170,0.1515,0.2493,0.0572,0.1652,0.1530
1785432760.51,80,drive,0,2.5,15.0,40.753,25.11,249.72,0.1662,0.2239,0.0459,0.1931,0.0655,0.2561,0.0670,0.0577,0.2204,0.1500,0.2493,0.0552,0.1652,0.1530
1785432760.61,80,drive,1,2.5,15.0,40.753,25.11,249.72,0.1667,0.2214,0.0464,0.1945,0.0645,0.2546,0.0684,0.0577,0.2165,0.1515,0.2493,0.0528,0.1642,0.1525
1785432760.70,80,drive,2,2.5,15.0,40.753,25.11,249.72,0.1681,0.2239,0.0484,0.1945,0.0650,0.2537,0.0689,0.0611,0.2155,0.1505,0.2488,0.0518,0.1642,0.1544
1785432760.80,80,drive,3,2.5,15.0,40.753,25.11,249.72,0.1691,0.2248,0.0459,0.1935,0.0655,0.2571,0.0679,0.0572,0.2155,0.1544,0.2473,0.0538,0.1647,0.1535
1785432761.49,80,drive,0,3.0,15.0,40.753,25.11,249.72,0.1657,0.2214,0.0489,0.1960,0.0674,0.2542,0.0694,0.0572,0.2185,0.1525,0.2478,0.0547,0.1672,0.1535
1785432761.59,80,drive,1,3.0,15.0,40.753,25.11,249.72,0.1676,0.2224,0.0484,0.1945,0.0640,0.2537,0.0665,0.0587,0.2175,0.1510,0.2454,0.0543,0.1642,0.1535
1785432761.69,80,drive,2,3.0,15.0,40.753,25.11,249.72,0.1647,0.2239,0.0459,0.1945,0.0650,0.2551,0.0679,0.0596,0.2165,0.1505,0.2483,0.0557,0.1662,0.1510
1785432761.79,80,drive,3,3.0,15.0,40.753,25.11,249.72,0.1647,0.2239,0.0459,0.1940,0.0660,0.2546,0.0645,0.0587,0.2175,0.1500,0.2463,0.0552,0.1662,0.1520
1785432762.48,80,drive,0,3.5,15.0,40.753,25.11,249.72,0.1657,0.2253,0.0464,0.1965,0.0660,0.2542,0.0670,0.0582,0.2175,0.1510,0.2458,0.0562,0.1667,0.1540
1785432762.58,80,drive,1,3.5,15.0,40.753,25.11,249.72,0.1691,0.2253,0.0459,0.1950,0.0655,0.2551,0.0660,0.0596,0.2180,0.1520,0.2483,0.0547,0.1672,0.1530
1785432762.68,80,drive,2,3.5,15.0,40.753,25.11,249.72,0.1672,0.2229,0.0469,0.1965,0.0645,0.2551,0.0660,0.0572,0.2180,0.1520,0.2473,0.0567,0.1657,0.1530
1785432762.77,80,drive,3,3.5,15.0,40.753,25.11,249.72,0.1637,0.2253,0.0464,0.1960,0.0660,0.2546,0.0684,0.0582,0.2185,0.1520,0.2473,0.0543,0.1652,0.1505
1785432763.46,80,drive,0,4.0,15.0,40.753,25.11,249.72,0.1667,0.2263,0.0464,0.1955,0.0630,0.2542,0.0684,0.0591,0.2170,0.1510,0.2463,0.0547,0.1676,0.1510
1785432763.56,80,drive,1,4.0,15.0,40.753,25.11,249.72,0.1686,0.2263,0.0474,0.1955,0.0626,0.2546,0.0674,0.0596,0.2180,0.1510,0.2458,0.0547,0.1676,0.1505
1785432763.66,80,drive,2,4.0,15.0,40.753,25.11,249.72,0.1652,0.2239,0.0445,0.1940,0.0640,0.2571,0.0665,0.0596,0.2185,0.1491,0.2444,0.0557,0.1647,0.1540
1785432763.75,80,drive,3,4.0,15.0,40.753,25.11,249.72,0.1691,0.2263,0.0445,0.1945,0.0626,0.2571,0.0670,0.0601,0.2170,0.1520,0.2483,0.0552,0.1647,0.1515
1785432764.53,87,base,0,0.0,15.0,40.733,25.11,249.72,0.1652,0.2243,0.0459,0.1955,0.0640,0.2546,0.0699,0.0606,0.2185,0.1525,0.2463,0.0557,0.1657,0.1535
1785432764.62,87,base,1,0.0,15.0,40.733,25.11,249.72,0.1657,0.2239,0.0469,0.1940,0.0630,0.2546,0.0650,0.0587,0.2175,0.1520,0.2463,0.0562,0.1672,0.1525
1785432764.72,87,base,2,0.0,15.0,40.733,25.11,249.72,0.1657,0.2239,0.0484,0.1965,0.0684,0.2537,0.0670,0.0582,0.2170,0.1505,0.2473,0.0572,0.1672,0.1496
1785432764.82,87,base,3,0.0,15.0,40.733,25.11,249.72,0.1676,0.2199,0.0464,0.1931,0.0640,0.2537,0.0674,0.0596,0.2170,0.1535,0.2454,0.0557,0.1657,0.1540
1785432765.51,87,drive,0,0.5,15.0,40.733,25.11,249.72,0.1681,0.2258,0.0494,0.1950,0.0674,0.2571,0.0684,0.0587,0.2141,0.1510,0.2502,0.0572,0.1642,0.1525
1785432765.61,87,drive,1,0.5,15.0,40.733,25.11,249.72,0.1686,0.2229,0.0445,0.1940,0.0670,0.2571,0.0670,0.0596,0.2160,0.1540,0.2498,0.0528,0.1672,0.1535
1785432765.71,87,drive,2,0.5,15.0,40.733,25.11,249.72,0.1681,0.2253,0.0455,0.1950,0.0645,0.2546,0.0684,0.0591,0.2155,0.1505,0.2493,0.0562,0.1642,0.1535
1785432765.81,87,drive,3,0.5,15.0,40.733,25.11,249.72,0.1676,0.2243,0.0450,0.1926,0.0650,0.2556,0.0704,0.0587,0.2165,0.1535,0.2473,0.0577,0.1642,0.1540
1785432766.50,87,drive,0,1.0,15.0,40.733,25.11,249.72,0.1696,0.2253,0.0474,0.1960,0.0660,0.2571,0.0704,0.0528,0.2121,0.1540,0.2517,0.0552,0.1632,0.1544
1785432766.60,87,drive,1,1.0,15.0,40.733,25.11,249.72,0.1691,0.2258,0.0489,0.1979,0.0655,0.2537,0.0694,0.0587,0.2121,0.1544,0.2498,0.0572,0.1657,0.1530
1785432766.69,87,drive,2,1.0,15.0,40.733,25.11,249.72,0.1637,0.2253,0.0479,0.1984,0.0674,0.2561,0.0670,0.0567,0.2170,0.1564,0.2483,0.0552,0.1657,0.1535
1785432766.79,87,drive,3,1.0,15.0,40.733,25.11,249.72,0.1681,0.2234,0.0508,0.1965,0.0684,0.2561,0.0684,0.0567,0.2126,0.1549,0.2507,0.0533,0.1618,0.1549
1785432767.49,87,drive,0,1.5,15.0,40.733,25.11,249.72,0.1696,0.2243,0.0489,0.1994,0.0670,0.2542,0.0674,0.0567,0.2116,0.1608,0.2493,0.0557,0.1623,0.1540
1785432767.58,87,drive,1,1.5,15.0,40.733,25.11,249.72,0.1676,0.2243,0.0474,0.1975,0.0684,0.2561,0.0709,0.0552,0.2116,0.1608,0.2488,0.0572,0.1608,0.1525
1785432767.68,87,drive,2,1.5,15.0,40.733,25.11,249.72,0.1667,0.2224,0.0489,0.1975,0.0699,0.2556,0.0679,0.0543,0.2082,0.1637,0.2498,0.0557,0.1618,0.1540
1785432767.78,87,drive,3,1.5,15.0,40.733,25.11,249.72,0.1652,0.2243,0.0484,0.1979,0.0699,0.2542,0.0718,0.0547,0.2092,0.1598,0.2488,0.0543,0.1642,0.1549
1785432768.47,87,drive,0,2.0,15.0,40.733,25.11,249.72,0.1667,0.2258,0.0459,0.1984,0.0772,0.2561,0.0733,0.0523,0.2014,0.1647,0.2429,0.0543,0.1584,0.1559
1785432768.57,87,drive,1,2.0,15.0,40.733,25.11,249.72,0.1667,0.2234,0.0484,0.1979,0.0767,0.2546,0.0733,0.0547,0.2019,0.1642,0.2414,0.0562,0.1569,0.1544
1785432768.67,87,drive,2,2.0,15.0,40.733,25.11,249.72,0.1676,0.2224,0.0499,0.1984,0.0753,0.2561,0.0714,0.0528,0.2009,0.1623,0.2444,0.0557,0.1588,0.1544
1785432768.77,87,drive,3,2.0,15.0,40.733,25.11,249.72,0.1676,0.2224,0.0464,0.1984,0.0762,0.2566,0.0718,0.0528,0.2023,0.1623,0.2454,0.0538,0.1588,0.1564
1785432769.46,87,drive,0,2.5,15.0,40.733,25.11,249.72,0.1706,0.2243,0.0464,0.1940,0.0826,0.2605,0.0762,0.0543,0.1916,0.1540,0.2307,0.0572,0.1564,0.1564
1785432769.56,87,drive,1,2.5,15.0,40.733,25.11,249.72,0.1691,0.2273,0.0464,0.1887,0.0850,0.2605,0.0762,0.0543,0.1916,0.1559,0.2307,0.0572,0.1569,0.1549
1785432769.65,87,drive,2,2.5,15.0,40.733,25.11,249.72,0.1696,0.2253,0.0469,0.1916,0.0850,0.2600,0.0777,0.0543,0.1921,0.1525,0.2273,0.0567,0.1544,0.1520
1785432769.75,87,drive,3,2.5,15.0,40.733,25.11,249.72,0.1691,0.2239,0.0479,0.1911,0.0831,0.2595,0.0758,0.0513,0.1926,0.1535,0.2292,0.0547,0.1559,0.1540
1785432770.45,87,drive,0,3.0,15.0,40.733,25.11,249.72,0.1676,0.2229,0.0489,0.1838,0.0890,0.2659,0.0836,0.0538,0.1852,0.1349,0.2131,0.0557,0.1554,0.1559
1785432770.54,87,drive,1,3.0,15.0,40.733,25.11,249.72,0.1691,0.2268,0.0479,0.1804,0.0894,0.2664,0.0821,0.0538,0.1848,0.1349,0.2131,0.0557,0.1540,0.1515
1785432770.64,87,drive,2,3.0,15.0,40.733,25.11,249.72,0.1691,0.2278,0.0494,0.1833,0.0890,0.2674,0.0821,0.0528,0.1843,0.1339,0.2121,0.0557,0.1549,0.1525
1785432770.74,87,drive,3,3.0,15.0,40.733,25.11,249.72,0.1676,0.2273,0.0484,0.1833,0.0890,0.2674,0.0826,0.0533,0.1857,0.1344,0.2097,0.0582,0.1554,0.1549
1785432771.43,87,drive,0,3.5,15.0,40.733,25.11,249.72,0.1706,0.2297,0.0503,0.1760,0.0870,0.2732,0.0831,0.0572,0.1882,0.1207,0.2116,0.0601,0.1569,0.1549
1785432771.53,87,drive,1,3.5,15.0,40.733,25.11,249.72,0.1740,0.2283,0.0445,0.1784,0.0885,0.2708,0.0831,0.0572,0.1848,0.1193,0.2146,0.0606,0.1574,0.1549
1785432771.63,87,drive,2,3.5,15.0,40.733,25.11,249.72,0.1667,0.2263,0.0499,0.1760,0.0880,0.2722,0.0831,0.0596,0.1867,0.1188,0.2121,0.0606,0.1564,0.1544
1785432771.72,87,drive,3,3.5,15.0,40.733,25.11,249.72,0.1706,0.2278,0.0469,0.1769,0.0914,0.2698,0.0836,0.0601,0.1882,0.1178,0.2111,0.0577,0.1593,0.1554
1785432772.42,87,drive,0,4.0,15.0,40.733,25.11,249.72,0.1725,0.2283,0.0494,0.1799,0.0811,0.2683,0.0772,0.0606,0.2019,0.1320,0.2341,0.0567,0.1657,0.1544
1785432772.52,87,drive,1,4.0,15.0,40.733,25.11,249.72,0.1701,0.2322,0.0479,0.1794,0.0797,0.2683,0.0753,0.0596,0.2028,0.1295,0.2322,0.0596,0.1628,0.1544
1785432772.61,87,drive,2,4.0,15.0,40.733,25.11,249.72,0.1716,0.2292,0.0474,0.1823,0.0821,0.2678,0.0758,0.0606,0.2004,0.1325,0.2346,0.0587,0.1672,0.1584
1785432772.71,87,drive,3,4.0,15.0,40.733,25.11,249.72,0.1720,0.2287,0.0499,0.1813,0.0806,0.2669,0.0728,0.0596,0.2058,0.1295,0.2326,0.0591,0.1672,0.1544
1785432773.48,88,base,0,0.0,15.0,40.793,25.11,249.72,0.1681,0.2219,0.0450,0.1970,0.0660,0.2561,0.0670,0.0591,0.2160,0.1540,0.2478,0.0577,0.1652,0.1530
1785432773.58,88,base,1,0.0,15.0,40.793,25.11,249.72,0.1672,0.2263,0.0464,0.1965,0.0670,0.2546,0.0679,0.0587,0.2151,0.1530,0.2458,0.0557,0.1662,0.1520
1785432773.67,88,base,2,0.0,15.0,40.793,25.11,249.72,0.1667,0.2239,0.0479,0.1970,0.0645,0.2571,0.0674,0.0601,0.2165,0.1530,0.2463,0.0528,0.1657,0.1525
1785432773.77,88,base,3,0.0,15.0,40.793,25.11,249.72,0.1662,0.2234,0.0484,0.1960,0.0645,0.2551,0.0670,0.0591,0.2165,0.1525,0.2483,0.0562,0.1662,0.1510
1785432774.47,88,drive,0,0.5,15.0,40.793,25.11,249.72,0.1647,0.2209,0.0455,0.1945,0.0650,0.2576,0.0684,0.0572,0.2165,0.1510,0.2473,0.0572,0.1662,0.1540
1785432774.56,88,drive,1,0.5,15.0,40.793,25.11,249.72,0.1691,0.2234,0.0484,0.1931,0.0645,0.2551,0.0694,0.0587,0.2146,0.1535,0.2483,0.0533,0.1652,0.1510
1785432774.66,88,drive,2,0.5,15.0,40.793,25.11,249.72,0.1652,0.2204,0.0464,0.1940,0.0660,0.2551,0.0660,0.0601,0.2151,0.1525,0.2468,0.0572,0.1642,0.1515
1785432774.76,88,drive,3,0.5,15.0,40.793,25.11,249.72,0.1657,0.2234,0.0459,0.1960,0.0655,0.2546,0.0660,0.0591,0.2175,0.1549,0.2454,0.0557,0.1647,0.1530
1785432775.45,88,drive,0,1.0,15.0,40.793,25.11,249.72,0.1662,0.2263,0.0464,0.1955,0.0645,0.2551,0.0665,0.0587,0.2185,0.1530,0.2458,0.0543,0.1686,0.1520
1785432775.55,88,drive,1,1.0,15.0,40.793,25.11,249.72,0.1672,0.2224,0.0469,0.1965,0.0665,0.2542,0.0679,0.0606,0.2160,0.1535,0.2458,0.0557,0.1657,0.1535
1785432775.65,88,drive,2,1.0,15.0,40.793,25.11,249.72,0.1657,0.2239,0.0469,0.1960,0.0645,0.2561,0.0674,0.0582,0.2151,0.1530,0.2458,0.0543,0.1667,0.1530
1785432775.74,88,drive,3,1.0,15.0,40.793,25.11,249.72,0.1691,0.2248,0.0459,0.1960,0.0660,0.2527,0.0660,0.0587,0.2155,0.1549,0.2498,0.0538,0.1662,0.1515
1785432776.44,88,drive,0,1.5,15.0,40.793,25.11,249.72,0.1652,0.2253,0.0484,0.1950,0.0650,0.2551,0.0684,0.0596,0.2155,0.1535,0.2483,0.0538,0.1662,0.1530
1785432776.53,88,drive,1,1.5,15.0,40.793,25.11,249.72,0.1691,0.2229,0.0474,0.1945,0.0665,0.2581,0.0684,0.0596,0.2170,0.1544,0.2458,0.0547,0.1632,0.1564
1785432776.63,88,drive,2,1.5,15.0,40.793,25.11,249.72,0.1686,0.2224,0.0469,0.1931,0.0660,0.2551,0.0655,0.0596,0.2141,0.1525,0.2454,0.0528,0.1667,0.1535
1785432776.73,88,drive,3,1.5,15.0,40.793,25.11,249.72,0.1681,0.2243,0.0494,0.1945,0.0650,0.2556,0.0684,0.0616,0.2165,0.1515,0.2488,0.0567,0.1662,0.1530
1785432777.42,88,drive,0,2.0,15.0,40.793,25.11,249.72,0.1662,0.2229,0.0499,0.1940,0.0655,0.2551,0.0684,0.0591,0.2165,0.1544,0.2463,0.0572,0.1662,0.1520
1785432777.52,88,drive,1,2.0,15.0,40.793,25.11,249.72,0.1681,0.2234,0.0459,0.1926,0.0650,0.2537,0.0694,0.0562,0.2180,0.1520,0.2468,0.0557,0.1642,0.1535
1785432777.62,88,drive,2,2.0,15.0,40.793,25.11,249.72,0.1681,0.2224,0.0479,0.1931,0.0655,0.2556,0.0679,0.0577,0.2170,0.1535,0.2478,0.0567,0.1672,0.1505
1785432777.72,88,drive,3,2.0,15.0,40.793,25.11,249.72,0.1667,0.2234,0.0499,0.1921,0.0655,0.2551,0.0665,0.0621,0.2175,0.1520,0.2483,0.0577,0.1652,0.1540
1785432778.41,88,drive,0,2.5,15.0,40.793,25.11,249.72,0.1667,0.2219,0.0469,0.1945,0.0630,0.2556,0.0674,0.0582,0.2165,0.1520,0.2468,0.0533,0.1676,0.1525
1785432778.51,88,drive,1,2.5,15.0,40.793,25.11,249.72,0.1662,0.2214,0.0479,0.1960,0.0655,0.2561,0.0679,0.0601,0.2141,0.1525,0.2463,0.0557,0.1642,0.1510
1785432778.60,88,drive,2,2.5,15.0,40.793,25.11,249.72,0.1676,0.2248,0.0469,0.1940,0.0621,0.2546,0.0689,0.0591,0.2151,0.1525,0.2498,0.0572,0.1657,0.1510
1785432778.70,88,drive,3,2.5,15.0,40.793,25.11,249.72,0.1662,0.2229,0.0484,0.1970,0.0655,0.2551,0.0660,0.0601,0.2160,0.1505,0.2468,0.0547,0.1672,0.1520
1785432779.40,88,drive,0,3.0,15.0,40.793,25.11,249.72,0.1657,0.2229,0.0469,0.1931,0.0660,0.2561,0.0670,0.0587,0.2175,0.1525,0.2449,0.0547,0.1667,0.1530
1785432779.49,88,drive,1,3.0,15.0,40.793,25.11,249.72,0.1667,0.2248,0.0455,0.1935,0.0630,0.2561,0.0660,0.0606,0.2180,0.1525,0.2478,0.0567,0.1647,0.1525
1785432779.59,88,drive,2,3.0,15.0,40.793,25.11,249.72,0.1676,0.2214,0.0464,0.1931,0.0665,0.2561,0.0670,0.0591,0.2160,0.1540,0.2468,0.0547,0.1657,0.1505
1785432779.69,88,drive,3,3.0,15.0,40.793,25.11,249.72,0.1681,0.2273,0.0469,0.1931,0.0645,0.2566,0.0674,0.0591,0.2155,0.1515,0.2483,0.0572,0.1647,0.1515
1785432780.38,88,drive,0,3.5,15.0,40.793,25.11,249.72,0.1662,0.2224,0.0489,0.1926,0.0645,0.2551,0.0689,0.0596,0.2170,0.1525,0.2468,0.0572,0.1657,0.1520
1785432780.48,88,drive,1,3.5,15.0,40.793,25.11,249.72,0.1681,0.2253,0.0484,0.1940,0.0665,0.2566,0.0684,0.0596,0.2165,0.1530,0.2483,0.0572,0.1637,0.1525
1785432780.58,88,drive,2,3.5,15.0,40.793,25.11,249.72,0.1672,0.2248,0.0489,0.1955,0.0655,0.2551,0.0665,0.0587,0.2170,0.1540,0.2463,0.0567,0.1667,0.1535
1785432780.67,88,drive,3,3.5,15.0,40.793,25.11,249.72,0.1672,0.2234,0.0459,0.1955,0.0674,0.2532,0.0679,0.0587,0.2160,0.1530,0.2458,0.0562,0.1657,0.1530
1785432781.37,88,drive,0,4.0,15.0,40.793,25.11,249.72,0.1672,0.2214,0.0479,0.1955,0.0640,0.2561,0.0674,0.0572,0.2160,0.1515,0.2488,0.0538,0.1662,0.1510
1785432781.47,88,drive,1,4.0,15.0,40.793,25.11,249.72,0.1662,0.2229,0.0508,0.1960,0.0650,0.2566,0.0674,0.0601,0.2146,0.1530,0.2468,0.0557,0.1647,0.1510
1785432781.56,88,drive,2,4.0,15.0,40.793,25.11,249.72,0.1662,0.2239,0.0479,0.1921,0.0670,0.2542,0.0679,0.0587,0.2165,0.1544,0.2493,0.0552,0.1647,0.1520
1785432781.66,88,drive,3,4.0,15.0,40.793,25.11,249.72,0.1676,0.2253,0.0484,0.1935,0.0665,0.2551,0.0699,0.0601,0.2160,0.1535,0.2498,0.0552,0.1657,0.1505
1785432782.43,89,base,0,0.0,15.0,40.713,25.11,249.72,0.1779,0.2234,0.0430,0.1950,0.0728,0.2493,0.0606,0.0723,0.2209,0.1422,0.2507,0.0552,0.1540,0.1481
1785432782.53,89,base,1,0.0,15.0,40.713,25.11,249.72,0.1730,0.2229,0.0391,0.2072,0.0684,0.2444,0.0645,0.0645,0.2126,0.1461,0.2400,0.0577,0.1559,0.1530
1785432782.62,89,base,2,0.0,15.0,40.713,25.11,249.72,0.1569,0.2204,0.0440,0.1965,0.0606,0.2610,0.0670,0.0591,0.2141,0.1554,0.2454,0.0567,0.1598,0.1525
1785432782.72,89,base,3,0.0,15.0,40.713,25.11,249.72,0.1637,0.2278,0.0440,0.1940,0.0655,0.2581,0.0611,0.0630,0.2180,0.1520,0.2390,0.0655,0.1647,0.1505
1785432783.42,89,drive,0,0.5,15.0,40.713,25.11,249.72,0.1647,0.2219,0.0543,0.1945,0.0723,0.2600,0.0684,0.0587,0.2190,0.1496,0.2488,0.0533,0.1686,0.1520
1785432783.51,89,drive,1,0.5,15.0,40.713,25.11,249.72,0.1637,0.2253,0.0513,0.1945,0.0645,0.2561,0.0684,0.0577,0.2185,0.1515,0.2546,0.0557,0.1647,0.1496
1785432783.61,89,drive,2,0.5,15.0,40.713,25.11,249.72,0.1628,0.2224,0.0513,0.2014,0.0640,0.2478,0.0679,0.0587,0.2165,0.1515,0.2478,0.0611,0.1672,0.1496
1785432783.71,89,drive,3,0.5,15.0,40.713,25.11,249.72,0.1662,0.2224,0.0538,0.1965,0.0640,0.2634,0.0699,0.0611,0.2087,0.1530,0.2429,0.0577,0.1657,0.1515
1785432784.40,89,drive,0,1.0,15.0,40.713,25.11,249.72,0.1676,0.2165,0.0513,0.1935,0.0670,0.2556,0.0699,0.0626,0.2146,0.1559,0.2449,0.0557,0.1696,0.1496
1785432784.50,89,drive,1,1.0,15.0,40.713,25.11,249.72,0.1657,0.2234,0.0489,0.1970,0.0674,0.2537,0.0650,0.0572,0.2170,0.1496,0.2439,0.0582,0.1647,0.1530
1785432784.60,89,drive,2,1.0,15.0,40.713,25.11,249.72,0.1667,0.2229,0.0455,0.1955,0.0689,0.2517,0.0689,0.0562,0.2165,0.1500,0.2498,0.0567,0.1628,0.1510
1785432784.69,89,drive,3,1.0,15.0,40.713,25.11,249.72,0.1672,0.2229,0.0440,0.1935,0.0635,0.2595,0.0689,0.0601,0.2151,0.1530,0.2493,0.0523,0.1652,0.1486
1785432785.39,89,drive,0,1.5,15.0,40.713,25.11,249.72,0.1647,0.2204,0.0494,0.1891,0.0645,0.2561,0.0694,0.0645,0.2116,0.1559,0.2468,0.0591,0.1603,0.1554
1785432785.49,89,drive,1,1.5,15.0,40.713,25.11,249.72,0.1672,0.2204,0.0479,0.1931,0.0611,0.2542,0.0621,0.0582,0.2146,0.1535,0.2522,0.0562,0.1686,0.1510
1785432785.58,89,drive,2,1.5,15.0,40.713,25.11,249.72,0.1662,0.2229,0.0469,0.1979,0.0621,0.2576,0.0650,0.0611,0.2160,0.1530,0.2493,0.0552,0.1686,0.1496
1785432785.68,89,drive,3,1.5,15.0,40.713,25.11,249.72,0.1647,0.2239,0.0503,0.1994,0.0660,0.2586,0.0699,0.0591,0.2175,0.1525,0.2478,0.0518,0.1657,0.1540
1785432786.38,89,drive,0,2.0,15.0,40.713,25.11,249.72,0.1681,0.2278,0.0464,0.1906,0.0621,0.2586,0.0699,0.0630,0.2151,0.1520,0.2478,0.0547,0.1613,0.1471
1785432786.47,89,drive,1,2.0,15.0,40.713,25.11,249.72,0.1603,0.2229,0.0484,0.1940,0.0650,0.2551,0.0704,0.0587,0.2195,0.1530,0.2473,0.0538,0.1662,0.1530
1785432786.57,89,drive,2,2.0,15.0,40.713,25.11,249.72,0.1691,0.2199,0.0445,0.1975,0.0684,0.2542,0.0670,0.0611,0.2209,0.1496,0.2488,0.0528,0.1720,0.1505
1785432786.67,89,drive,3,2.0,15.0,40.713,25.11,249.72,0.1676,0.2239,0.0484,0.1901,0.0621,0.2542,0.0684,0.0655,0.2204,0.1500,0.2434,0.0582,0.1667,0.1500
1785432787.36,89,drive,0,2.5,15.0,40.713,25.11,249.72,0.1706,0.2258,0.0479,0.1979,0.0626,0.2586,0.0660,0.0562,0.2151,0.1505,0.2454,0.0513,0.1672,0.1559
1785432787.46,89,drive,1,2.5,15.0,40.713,25.11,249.72,0.1608,0.2204,0.0469,0.1979,0.0674,0.2532,0.0699,0.0621,0.2175,0.1535,0.2468,0.0557,0.1628,0.1486
1785432787.55,89,drive,2,2.5,15.0,40.713,25.11,249.72,0.1672,0.2258,0.0489,0.1848,0.0660,0.2561,0.0714,0.0567,0.2165,0.1535,0.2473,0.0562,0.1681,0.1544
1785432787.65,89,drive,3,2.5,15.0,40.713,25.11,249.72,0.1667,0.2234,0.0489,0.1965,0.0640,0.2586,0.0699,0.0557,0.2151,0.1535,0.2439,0.0508,0.1642,0.1579
1785432788.35,89,drive,0,3.0,15.0,40.713,25.11,249.72,0.1667,0.2243,0.0430,0.1945,0.0645,0.2556,0.0689,0.0582,0.2195,0.1496,0.2502,0.0547,0.1657,0.1525
1785432788.44,89,drive,1,3.0,15.0,40.713,25.11,249.72,0.1662,0.2278,0.0479,0.1955,0.0679,0.2551,0.0670,0.0552,0.2131,0.1535,0.2458,0.0577,0.1613,0.1525
1785432788.54,89,drive,2,3.0,15.0,40.713,25.11,249.72,0.1647,0.2190,0.0430,0.1916,0.0665,0.2586,0.0665,0.0606,0.2175,0.1559,0.2458,0.0543,0.1676,0.1525
1785432788.64,89,drive,3,3.0,15.0,40.713,25.11,249.72,0.1667,0.2219,0.0420,0.1921,0.0699,0.2566,0.0670,0.0635,0.2180,0.1520,0.2458,0.0567,0.1632,0.1491
1785432789.33,89,drive,0,3.5,15.0,40.713,25.11,249.72,0.1657,0.2224,0.0455,0.1965,0.0674,0.2546,0.0679,0.0572,0.2170,0.1564,0.2449,0.0562,0.1652,0.1505
1785432789.43,89,drive,1,3.5,15.0,40.713,25.11,249.72,0.1657,0.2263,0.0459,0.1994,0.0660,0.2586,0.0699,0.0611,0.2151,0.1500,0.2429,0.0547,0.1652,0.1515
1785432789.52,89,drive,2,3.5,15.0,40.713,25.11,249.72,0.1632,0.2258,0.0450,0.1950,0.0616,0.2537,0.0704,0.0572,0.2195,0.1559,0.2517,0.0528,0.1672,0.1505
1785432789.62,89,drive,3,3.5,15.0,40.713,25.11,249.72,0.1662,0.2229,0.0430,0.1994,0.0665,0.2586,0.0611,0.0572,0.2170,0.1496,0.2468,0.0523,0.1672,0.1520
1785432790.31,89,drive,0,4.0,15.0,40.713,25.11,249.72,0.1691,0.2199,0.0479,0.1921,0.0660,0.2546,0.0694,0.0606,0.2175,0.1515,0.2512,0.0572,0.1667,0.1505
1785432790.41,89,drive,1,4.0,15.0,40.713,25.11,249.72,0.1667,0.2214,0.0469,0.1955,0.0660,0.2561,0.0723,0.0611,0.2170,0.1530,0.2458,0.0562,0.1632,0.1544
1785432790.51,89,drive,2,4.0,15.0,40.713,25.11,249.72,0.1701,0.2214,0.0464,0.1926,0.0616,0.2556,0.0645,0.0640,0.2199,0.1549,0.2507,0.0552,0.1681,0.1486
1785432790.61,89,drive,3,4.0,15.0,40.713,25.11,249.72,0.1623,0.2243,0.0459,0.1935,0.0650,0.2581,0.0723,0.0621,0.2209,0.1530,0.2483,0.0503,0.1628,0.1476
1785432791.38,90,base,0,0.0,15.0,40.753,25.11,249.73,0.1686,0.2283,0.0459,0.1950,0.0621,0.2522,0.0655,0.0557,0.2165,0.1486,0.2527,0.0557,0.1652,0.1549
1785432791.48,90,base,1,0.0,15.0,40.753,25.11,249.73,0.1686,0.2248,0.0455,0.1926,0.0611,0.2546,0.0679,0.0616,0.2165,0.1530,0.2512,0.0587,0.1662,0.1520
1785432791.58,90,base,2,0.0,15.0,40.753,25.11,249.73,0.1672,0.2283,0.0484,0.1931,0.0650,0.2522,0.0670,0.0557,0.2195,0.1525,0.2478,0.0582,0.1667,0.1510
1785432791.67,90,base,3,0.0,15.0,40.753,25.11,249.73,0.1672,0.2278,0.0474,0.1945,0.0621,0.2566,0.0660,0.0611,0.2151,0.1491,0.2483,0.0567,0.1716,0.1515
1785432792.37,90,drive,0,0.5,15.0,40.753,25.11,249.73,0.1667,0.2209,0.0440,0.1989,0.0591,0.2571,0.0674,0.0640,0.2165,0.1510,0.2502,0.0552,0.1691,0.1471
1785432792.47,90,drive,1,0.5,15.0,40.753,25.11,249.73,0.1657,0.2239,0.0508,0.1984,0.0689,0.2586,0.0640,0.0582,0.2131,0.1486,0.2463,0.0518,0.1672,0.1510
1785432792.56,90,drive,2,0.5,15.0,40.753,25.11,249.73,0.1676,0.2199,0.0440,0.1916,0.0626,0.2542,0.0674,0.0577,0.2165,0.1544,0.2478,0.0562,0.1662,0.1549
1785432792.66,90,drive,3,0.5,15.0,40.753,25.11,249.73,0.1696,0.2224,0.0440,0.1950,0.0684,0.2551,0.0689,0.0596,0.2151,0.1520,0.2458,0.0528,0.1632,0.1510
1785432793.35,90,drive,0,1.0,15.0,40.753,25.11,249.73,0.1701,0.2258,0.0464,0.1965,0.0616,0.2556,0.0665,0.0601,0.2160,0.1505,0.2468,0.0567,0.1701,0.1569
1785432793.45,90,drive,1,1.0,15.0,40.753,25.11,249.73,0.1613,0.2287,0.0474,0.1960,0.0670,0.2571,0.0718,0.0582,0.2190,0.1500,0.2522,0.0552,0.1637,0.1496
1785432793.54,90,drive,2,1.0,15.0,40.753,25.11,249.73,0.1632,0.2209,0.0464,0.1931,0.0635,0.2556,0.0655,0.0601,0.2195,0.1535,0.2502,0.0577,0.1686,0.1520
1785432793.64,90,drive,3,1.0,15.0,40.753,25.11,249.73,0.1667,0.2258,0.0494,0.1901,0.0660,0.2498,0.0655,0.0577,0.2170,0.1559,0.2498,0.0577,0.1632,0.1515
1785432794.34,90,drive,0,1.5,15.0,40.753,25.11,249.73,0.1676,0.2229,0.0484,0.1940,0.0670,0.2576,0.0670,0.0635,0.2160,0.1540,0.2463,0.0528,0.1672,0.1500
1785432794.43,90,drive,1,1.5,15.0,40.753,25.11,249.73,0.1676,0.2243,0.0469,0.1921,0.0621,0.2551,0.0665,0.0567,0.2175,0.1530,0.2488,0.0557,0.1672,0.1505
1785432794.53,90,drive,2,1.5,15.0,40.753,25.11,249.73,0.1672,0.2204,0.0459,0.1940,0.0674,0.2546,0.0709,0.0591,0.2195,0.1520,0.2458,0.0523,0.1637,0.1505
1785432794.63,90,drive,3,1.5,15.0,40.753,25.11,249.73,0.1657,0.2229,0.0484,0.1921,0.0674,0.2556,0.0660,0.0577,0.2116,0.1540,0.2444,0.0587,0.1647,0.1584
1785432795.32,90,drive,0,2.0,15.0,40.753,25.11,249.73,0.1706,0.2234,0.0464,0.1960,0.0640,0.2532,0.0645,0.0587,0.2141,0.1544,0.2542,0.0518,0.1623,0.1515
1785432795.42,90,drive,1,2.0,15.0,40.753,25.11,249.73,0.1657,0.2224,0.0489,0.1935,0.0694,0.2551,0.0714,0.0611,0.2209,0.1549,0.2483,0.0567,0.1672,0.1510
1785432795.52,90,drive,2,2.0,15.0,40.753,25.11,249.73,0.1662,0.2204,0.0459,0.1916,0.0616,0.2532,0.0733,0.0557,0.2204,0.1481,0.2488,0.0582,0.1667,0.1525
1785432795.61,90,drive,3,2.0,15.0,40.753,25.11,249.73,0.1667,0.2195,0.0459,0.1960,0.0684,0.2542,0.0718,0.0626,0.2170,0.1500,0.2473,0.0562,0.1701,0.1530
1785432796.31,90,drive,0,2.5,15.0,40.753,25.11,249.73,0.1652,0.2185,0.0479,0.1935,0.0645,0.2537,0.0674,0.0572,0.2170,0.1540,0.2463,0.0582,0.1657,0.1549
1785432796.41,90,drive,1,2.5,15.0,40.753,25.11,249.73,0.1672,0.2199,0.0489,0.1940,0.0674,0.2590,0.0674,0.0611,0.2209,0.1559,0.2478,0.0508,0.1652,0.1476
1785432796.50,90,drive,2,2.5,15.0,40.753,25.11,249.73,0.1657,0.2229,0.0489,0.1931,0.0626,0.2527,0.0655,0.0587,0.2160,0.1549,0.2512,0.0572,0.1672,0.1525
1785432796.60,90,drive,3,2.5,15.0,40.753,25.11,249.73,0.1667,0.2239,0.0445,0.1955,0.0645,0.2620,0.0665,0.0596,0.2165,0.1530,0.2507,0.0518,0.1691,0.1500
1785432797.30,90,drive,0,3.0,15.0,40.753,25.11,249.73,0.1706,0.2229,0.0450,0.1911,0.0645,0.2566,0.0665,0.0562,0.2214,0.1540,0.2488,0.0567,0.1691,0.1491
1785432797.39,90,drive,1,3.0,15.0,40.753,25.11,249.73,0.1672,0.2287,0.0459,0.1994,0.0640,0.2561,0.0679,0.0572,0.2146,0.1496,0.2454,0.0523,0.1676,0.1520
1785432797.49,90,drive,2,3.0,15.0,40.753,25.11,249.73,0.1642,0.2253,0.0450,0.1950,0.0626,0.2561,0.0699,0.0635,0.2199,0.1544,0.2517,0.0562,0.1652,0.1540
1785432797.59,90,drive,3,3.0,15.0,40.753,25.11,249.73,0.1716,0.2278,0.0440,0.1901,0.0655,0.2581,0.0709,0.0606,0.2126,0.1520,0.2473,0.0601,0.1613,0.1530
1785432798.28,90,drive,0,3.5,15.0,40.753,25.11,249.73,0.1686,0.2229,0.0450,0.1911,0.0655,0.2615,0.0689,0.0552,0.2199,0.1535,0.2507,0.0557,0.1662,0.1486
1785432798.38,90,drive,1,3.5,15.0,40.753,25.11,249.73,0.1642,0.2243,0.0420,0.1955,0.0630,0.2551,0.0718,0.0626,0.2195,0.1491,0.2473,0.0562,0.1662,0.1505
1785432798.48,90,drive,2,3.5,15.0,40.753,25.11,249.73,0.1647,0.2204,0.0484,0.1931,0.0679,0.2561,0.0694,0.0562,0.2165,0.1510,0.2414,0.0547,0.1652,0.1564
1785432798.57,90,drive,3,3.5,15.0,40.753,25.11,249.73,0.1750,0.2263,0.0459,0.1921,0.0660,0.2571,0.0601,0.0587,0.2185,0.1530,0.2468,0.0513,0.1696,0.1505
1785432799.27,90,drive,0,4.0,15.0,40.753,25.11,249.73,0.1676,0.2253,0.0503,0.1887,0.0670,0.2512,0.0689,0.0582,0.2175,0.1569,0.2478,0.0611,0.1628,0.1515
1785432799.36,90,drive,1,4.0,15.0,40.753,25.11,249.73,0.1686,0.2248,0.0538,0.1926,0.0640,0.2566,0.0655,0.0621,0.2165,0.1530,0.2527,0.0557,0.1676,0.1393
1785432799.46,90,drive,2,4.0,15.0,40.753,25.11,249.73,0.1637,0.2258,0.0469,0.2023,0.0635,0.2556,0.0655,0.0562,0.2239,0.1457,0.2478,0.0518,0.1686,0.1549
1785432799.56,90,drive,3,4.0,15.0,40.753,25.11,249.73,0.1642,0.2302,0.0464,0.1979,0.0543,0.2551,0.0679,0.0601,0.2180,0.1510,0.2566,0.0528,0.1681,0.1452
1785432800.33,91,base,0,0.0,15.0,40.733,25.11,249.73,0.1647,0.2283,0.0479,0.1935,0.0655,0.2542,0.0704,0.0543,0.2151,0.1564,0.2483,0.0587,0.1593,0.1510
1785432800.43,91,base,1,0.0,15.0,40.733,25.11,249.73,0.1672,0.2243,0.0435,0.1926,0.0670,0.2625,0.0699,0.0601,0.2107,0.1530,0.2473,0.0474,0.1632,0.1535
1785432800.53,91,base,2,0.0,15.0,40.733,25.11,249.73,0.1667,0.2248,0.0459,0.1999,0.0655,0.2571,0.0738,0.0596,0.2155,0.1515,0.2478,0.0567,0.1613,0.1505
1785432800.62,91,base,3,0.0,15.0,40.733,25.11,249.73,0.1657,0.2160,0.0469,0.1955,0.0562,0.2537,0.0689,0.0645,0.2160,0.1505,0.2463,0.0562,0.1657,0.1510
1785432801.32,91,drive,0,0.5,15.0,40.733,25.11,249.73,0.1672,0.2307,0.0494,0.1935,0.0616,0.2561,0.0679,0.0547,0.2155,0.1559,0.2522,0.0543,0.1696,0.1540
1785432801.42,91,drive,1,0.5,15.0,40.733,25.11,249.73,0.1657,0.2317,0.0489,0.1960,0.0601,0.2581,0.0679,0.0547,0.2136,0.1481,0.2473,0.0552,0.1720,0.1549
1785432801.51,91,drive,2,0.5,15.0,40.733,25.11,249.73,0.1691,0.2234,0.0474,0.1960,0.0665,0.2625,0.0684,0.0626,0.2136,0.1525,0.2483,0.0562,0.1647,0.1544
1785432801.61,91,drive,3,0.5,15.0,40.733,25.11,249.73,0.1676,0.2239,0.0420,0.1960,0.0645,0.2502,0.0714,0.0577,0.2253,0.1515,0.2517,0.0591,0.1676,0.1515
1785432802.31,91,drive,0,1.0,15.0,40.733,25.11,249.73,0.1647,0.2248,0.0533,0.1960,0.0630,0.2566,0.0660,0.0591,0.2160,0.1535,0.2449,0.0543,0.1662,0.1520
1785432802.40,91,drive,1,1.0,15.0,40.733,25.11,249.73,0.1662,0.2111,0.0489,0.1955,0.0738,0.2542,0.0670,0.0655,0.2180,0.1540,0.2439,0.0543,0.1657,0.1486
1785432802.50,91,drive,2,1.0,15.0,40.733,25.11,249.73,0.1667,0.2204,0.0518,0.1994,0.0640,0.2566,0.0611,0.0591,0.2155,0.1540,0.2439,0.0562,0.1750,0.1525
1785432802.60,91,drive,3,1.0,15.0,40.733,25.11,249.73,0.1623,0.2229,0.0406,0.1916,0.0650,0.2644,0.0674,0.0591,0.2248,0.1540,0.2502,0.0440,0.1657,0.1515
1785432803.29,91,drive,0,1.5,15.0,40.733,25.11,249.73,0.1676,0.2180,0.0455,0.1911,0.0767,0.2556,0.0723,0.0660,0.2185,0.1515,0.2468,0.0567,0.1603,0.1491
1785432803.39,91,drive,1,1.5,15.0,40.733,25.11,249.73,0.1681,0.2268,0.0503,0.1945,0.0626,0.2473,0.0684,0.0582,0.2160,0.1520,0.2537,0.0591,0.1637,0.1510
1785432803.49,91,drive,2,1.5,15.0,40.733,25.11,249.73,0.1628,0.2234,0.0489,0.1945,0.0655,0.2678,0.0699,0.0621,0.2175,0.1520,0.2434,0.0557,0.1657,0.1588
1785432803.58,91,drive,3,1.5,15.0,40.733,25.11,249.73,0.1667,0.2258,0.0450,0.1950,0.0630,0.2571,0.0679,0.0596,0.2170,0.1515,0.2473,0.0572,0.1672,0.1525
1785432804.28,91,drive,0,2.0,15.0,40.733,25.11,249.73,0.1672,0.2248,0.0479,0.1945,0.0670,0.2551,0.0684,0.0591,0.2180,0.1515,0.2478,0.0557,0.1676,0.1530
1785432804.37,91,drive,1,2.0,15.0,40.733,25.11,249.73,0.1676,0.2243,0.0469,0.1955,0.0670,0.2527,0.0660,0.0582,0.2175,0.1544,0.2478,0.0557,0.1662,0.1540
1785432804.47,91,drive,2,2.0,15.0,40.733,25.11,249.73,0.1662,0.2258,0.0469,0.1931,0.0650,0.2571,0.0694,0.0577,0.2151,0.1554,0.2493,0.0567,0.1657,0.1491
1785432804.57,91,drive,3,2.0,15.0,40.733,25.11,249.73,0.1676,0.2263,0.0469,0.1950,0.0626,0.2556,0.0674,0.0596,0.2185,0.1535,0.2468,0.0552,0.1662,0.1520
1785432805.26,91,drive,0,2.5,15.0,40.733,25.11,249.73,0.1686,0.2268,0.0455,0.1945,0.0684,0.2551,0.0694,0.0587,0.2170,0.1559,0.2449,0.0543,0.1662,0.1505
1785432805.36,91,drive,1,2.5,15.0,40.733,25.11,249.73,0.1686,0.2239,0.0479,0.1935,0.0660,0.2571,0.0684,0.0577,0.2155,0.1549,0.2488,0.0543,0.1667,0.1525
1785432805.46,91,drive,2,2.5,15.0,40.733,25.11,249.73,0.1691,0.2263,0.0469,0.1940,0.0679,0.2566,0.0650,0.0577,0.2195,0.1535,0.2473,0.0557,0.1642,0.1530
1785432805.55,91,drive,3,2.5,15.0,40.733,25.11,249.73,0.1657,0.2268,0.0474,0.1935,0.0640,0.2581,0.0670,0.0587,0.2165,0.1535,0.2493,0.0567,0.1652,0.1530
1785432806.25,91,drive,0,3.0,15.0,40.733,25.11,249.73,0.1667,0.2268,0.0469,0.1940,0.0660,0.2566,0.0684,0.0591,0.2155,0.1540,0.2498,0.0567,0.1657,0.1530
1785432806.35,91,drive,1,3.0,15.0,40.733,25.11,249.73,0.1681,0.2258,0.0489,0.1940,0.0645,0.2595,0.0704,0.0577,0.2160,0.1520,0.2454,0.0562,0.1676,0.1520
1785432806.44,91,drive,2,3.0,15.0,40.733,25.11,249.73,0.1662,0.2239,0.0459,0.1965,0.0665,0.2551,0.0684,0.0591,0.2175,0.1535,0.2473,0.0552,0.1657,0.1505
1785432806.54,91,drive,3,3.0,15.0,40.733,25.11,249.73,0.1657,0.2239,0.0464,0.1921,0.0670,0.2571,0.0674,0.0582,0.2180,0.1549,0.2458,0.0552,0.1647,0.1520
1785432807.24,91,drive,0,3.5,15.0,40.733,25.11,249.73,0.1657,0.2253,0.0469,0.1945,0.0650,0.2546,0.0684,0.0601,0.2160,0.1530,0.2468,0.0543,0.1667,0.1515
1785432807.33,91,drive,1,3.5,15.0,40.733,25.11,249.73,0.1662,0.2258,0.0469,0.1916,0.0660,0.2576,0.0674,0.0567,0.2175,0.1530,0.2478,0.0582,0.1652,0.1520
1785432807.43,91,drive,2,3.5,15.0,40.733,25.11,249.73,0.1642,0.2248,0.0464,0.1940,0.0684,0.2571,0.0684,0.0596,0.2170,0.1520,0.2458,0.0572,0.1657,0.1520
1785432807.53,91,drive,3,3.5,15.0,40.733,25.11,249.73,0.1667,0.2278,0.0455,0.1935,0.0660,0.2571,0.0660,0.0601,0.2190,0.1530,0.2468,0.0552,0.1657,0.1515
1785432808.22,91,drive,0,4.0,15.0,40.733,25.11,249.73,0.1672,0.2239,0.0459,0.1950,0.0684,0.2571,0.0665,0.0591,0.2190,0.1554,0.2507,0.0543,0.1662,0.1535
1785432808.32,91,drive,1,4.0,15.0,40.733,25.11,249.73,0.1676,0.2243,0.0474,0.1940,0.0645,0.2595,0.0679,0.0582,0.2165,0.1525,0.2483,0.0562,0.1657,0.1544
1785432808.41,91,drive,2,4.0,15.0,40.733,25.11,249.73,0.1652,0.2263,0.0469,0.1935,0.0694,0.2556,0.0709,0.0572,0.2175,0.1525,0.2483,0.0552,0.1662,0.1535
1785432808.51,91,drive,3,4.0,15.0,40.733,25.11,249.73,0.1672,0.2253,0.0474,0.1940,0.0665,0.2561,0.0679,0.0582,0.2151,0.1540,0.2473,0.0562,0.1652,0.1515
1785432809.28,92,base,0,0.0,15.0,40.753,25.11,249.73,0.1657,0.2234,0.0455,0.1965,0.0655,0.2551,0.0684,0.0596,0.2160,0.1569,0.2488,0.0552,0.1662,0.1515
1785432809.38,92,base,1,0.0,15.0,40.753,25.11,249.73,0.1632,0.2268,0.0494,0.1940,0.0635,0.2566,0.0670,0.0582,0.2155,0.1515,0.2473,0.0552,0.1686,0.1515
1785432809.48,92,base,2,0.0,15.0,40.753,25.11,249.73,0.1662,0.2239,0.0455,0.1940,0.0660,0.2571,0.0679,0.0591,0.2185,0.1540,0.2488,0.0552,0.1657,0.1515
1785432809.58,92,base,3,0.0,15.0,40.753,25.11,249.73,0.1623,0.2214,0.0464,0.1950,0.0670,0.2566,0.0674,0.0601,0.2185,0.1540,0.2478,0.0538,0.1667,0.1525
1785432810.27,92,drive,0,0.5,15.0,40.753,25.11,249.73,0.1657,0.2263,0.0489,0.1955,0.0665,0.2546,0.0674,0.0587,0.2160,0.1525,0.2488,0.0538,0.1676,0.1530
1785432810.37,92,drive,1,0.5,15.0,40.753,25.11,249.73,0.1672,0.2239,0.0479,0.1940,0.0670,0.2546,0.0674,0.0591,0.2190,0.1544,0.2473,0.0552,0.1647,0.1510
1785432810.46,92,drive,2,0.5,15.0,40.753,25.11,249.73,0.1662,0.2243,0.0494,0.1965,0.0635,0.2571,0.0674,0.0601,0.2175,0.1530,0.2493,0.0543,0.1672,0.1520
1785432810.56,92,drive,3,0.5,15.0,40.753,25.11,249.73,0.1696,0.2239,0.0464,0.1950,0.0665,0.2581,0.0684,0.0606,0.2165,0.1486,0.2493,0.0543,0.1652,0.1510
1785432811.26,92,drive,0,1.0,15.0,40.753,25.11,249.73,0.1681,0.2273,0.0464,0.1970,0.0674,0.2551,0.0645,0.0601,0.2175,0.1559,0.2478,0.0543,0.1662,0.1535
1785432811.35,92,drive,1,1.0,15.0,40.753,25.11,249.73,0.1676,0.2258,0.0479,0.1960,0.0660,0.2556,0.0684,0.0596,0.2155,0.1525,0.2473,0.0552,0.1672,0.1530
1785432811.45,92,drive,2,1.0,15.0,40.753,25.11,249.73,0.1681,0.2253,0.0484,0.1931,0.0645,0.2561,0.0689,0.0582,0.2165,0.1515,0.2478,0.0547,0.1662,0.1525
1785432811.55,92,drive,3,1.0,15.0,40.753,25.11,249.73,0.1676,0.2234,0.0464,0.1950,0.0670,0.2542,0.0684,0.0596,0.2190,0.1535,0.2454,0.0552,0.1681,0.1540
1785432812.24,92,drive,0,1.5,15.0,40.753,25.11,249.73,0.1681,0.2239,0.0484,0.1945,0.0650,0.2561,0.0689,0.0577,0.2175,0.1554,0.2454,0.0547,0.1681,0.1535
1785432812.34,92,drive,1,1.5,15.0,40.753,25.11,249.73,0.1681,0.2229,0.0474,0.1931,0.0650,0.2571,0.0665,0.0596,0.2170,0.1549,0.2473,0.0557,0.1657,0.1525
1785432812.44,92,drive,2,1.5,15.0,40.753,25.11,249.73,0.1676,0.2248,0.0474,0.1945,0.0650,0.2546,0.0689,0.0596,0.2160,0.1525,0.2463,0.0567,0.1672,0.1515
1785432812.53,92,drive,3,1.5,15.0,40.753,25.11,249.73,0.1672,0.2243,0.0484,0.1960,0.0660,0.2546,0.0679,0.0582,0.2151,0.1544,0.2478,0.0547,0.1667,0.1540
1785432813.23,92,drive,0,2.0,15.0,40.753,25.11,249.73,0.1691,0.2209,0.0469,0.1950,0.0630,0.2586,0.0665,0.0587,0.2175,0.1535,0.2483,0.0547,0.1632,0.1520
1785432813.33,92,drive,1,2.0,15.0,40.753,25.11,249.73,0.1657,0.2224,0.0484,0.1950,0.0635,0.2556,0.0679,0.0611,0.2146,0.1525,0.2478,0.0557,0.1686,0.1510
1785432813.42,92,drive,2,2.0,15.0,40.753,25.11,249.73,0.1662,0.2253,0.0489,0.1935,0.0655,0.2561,0.0684,0.0587,0.2160,0.1530,0.2468,0.0582,0.1676,0.1530
1785432813.52,92,drive,3,2.0,15.0,40.753,25.11,249.73,0.1647,0.2239,0.0469,0.1955,0.0655,0.2561,0.0679,0.0587,0.2185,0.1535,0.2478,0.0533,0.1657,0.1544
1785432814.21,92,drive,0,2.5,15.0,40.753,25.11,249.73,0.1520,0.2195,0.0518,0.1960,0.0645,0.2556,0.0806,0.0543,0.2214,0.1564,0.2507,0.0557,0.1681,0.1525
1785432814.31,92,drive,1,2.5,15.0,40.753,25.11,249.73,0.1598,0.2258,0.0508,0.2023,0.0572,0.2512,0.0689,0.0611,0.2160,0.1593,0.2507,0.0538,0.1642,0.1588
1785432814.41,92,drive,2,2.5,15.0,40.753,25.11,249.73,0.1691,0.2268,0.0450,0.2038,0.0645,0.2498,0.0601,0.0621,0.2116,0.1500,0.2517,0.0635,0.1662,0.1520
1785432814.50,92,drive,3,2.5,15.0,40.753,25.11,249.73,0.1544,0.2326,0.0450,0.1901,0.0606,0.2537,0.0635,0.0538,0.2195,0.1559,0.2527,0.0591,0.1632,0.1554
1785432815.20,92,drive,0,3.0,15.0,40.753,25.11,249.73,0.1691,0.2224,0.0479,0.1945,0.0611,0.2546,0.0640,0.0591,0.2165,0.1535,0.2498,0.0577,0.1632,0.1515
1785432815.30,92,drive,1,3.0,15.0,40.753,25.11,249.73,0.1667,0.2361,0.0464,0.1921,0.0674,0.2581,0.0753,0.0523,0.2160,0.1515,0.2507,0.0557,0.1579,0.1520
1785432815.39,92,drive,2,3.0,15.0,40.753,25.11,249.73,0.1662,0.2243,0.0494,0.1960,0.0650,0.2546,0.0674,0.0591,0.2204,0.1525,0.2458,0.0547,0.1672,0.1530
1785432815.49,92,drive,3,3.0,15.0,40.753,25.11,249.73,0.1632,0.2283,0.0469,0.1906,0.0640,0.2566,0.0772,0.0547,0.2175,0.1505,0.2454,0.0577,0.1603,0.1549
1785432816.18,92,drive,0,3.5,15.0,40.753,25.11,249.73,0.1735,0.2224,0.0484,0.1877,0.0665,0.2551,0.0718,0.0596,0.2151,0.1588,0.2478,0.0567,0.1628,0.1505
1785432816.28,92,drive,1,3.5,15.0,40.753,25.11,249.73,0.1647,0.2258,0.0508,0.1911,0.0704,0.2512,0.0714,0.0655,0.2141,0.1520,0.2405,0.0552,0.1632,0.1598
1785432816.38,92,drive,2,3.5,15.0,40.753,25.11,249.73,0.1672,0.2214,0.0435,0.1823,0.0689,0.2581,0.0704,0.0616,0.2053,0.1588,0.2429,0.0611,0.1642,0.1535
1785432816.47,92,drive,3,3.5,15.0,40.753,25.11,249.73,0.1838,0.2243,0.0499,0.1813,0.0645,0.2600,0.0655,0.0596,0.2160,0.1623,0.2463,0.0489,0.1613,0.1525
1785432817.17,92,drive,0,4.0,15.0,40.753,25.11,249.73,0.1730,0.2243,0.0396,0.1970,0.0689,0.2561,0.0660,0.0547,0.2141,0.1500,0.2527,0.0538,0.1657,0.1491
1785432817.27,92,drive,1,4.0,15.0,40.753,25.11,249.73,0.1701,0.2326,0.0440,0.1916,0.0660,0.2605,0.0704,0.0591,0.2155,0.1569,0.2507,0.0499,0.1613,0.1520
1785432817.36,92,drive,2,4.0,15.0,40.753,25.11,249.73,0.1628,0.2258,0.0489,0.1950,0.0611,0.2590,0.0635,0.0601,0.2111,0.1500,0.2458,0.0572,0.1662,0.1540
1785432817.46,92,drive,3,4.0,15.0,40.753,25.11,249.73,0.1574,0.2248,0.0469,0.2019,0.0665,0.2576,0.0674,0.0577,0.2214,0.1505,0.2454,0.0489,0.1662,0.1549
1785432818.24,93,base,0,0.0,15.0,40.733,25.11,249.73,0.1613,0.2243,0.0518,0.2014,0.0665,0.2595,0.0621,0.0596,0.2107,0.1588,0.2390,0.0587,0.1652,0.1554
1785432818.33,93,base,1,0.0,15.0,40.733,25.11,249.73,0.1618,0.2248,0.0528,0.1950,0.0699,0.2473,0.0723,0.0562,0.2199,0.1525,0.2546,0.0587,0.1608,0.1476
1785432818.43,93,base,2,0.0,15.0,40.733,25.11,249.73,0.1745,0.2297,0.0552,0.1906,0.0718,0.2551,0.0679,0.0557,0.2146,0.1535,0.2473,0.0469,0.1632,0.1579
1785432818.53,93,base,3,0.0,15.0,40.733,25.11,249.73,0.1691,0.2199,0.0494,0.1877,0.0758,0.2507,0.0767,0.0533,0.2195,0.1471,0.2483,0.0582,0.1608,0.1544
1785432819.22,93,drive,0,0.5,15.0,40.733,25.11,249.73,0.1691,0.2224,0.0503,0.1955,0.0655,0.2532,0.0704,0.0611,0.2136,0.1510,0.2444,0.0606,0.1652,0.1525
1785432819.32,93,drive,1,0.5,15.0,40.733,25.11,249.73,0.1637,0.2287,0.0484,0.1965,0.0699,0.2576,0.0679,0.0587,0.2175,0.1471,0.2458,0.0577,0.1598,0.1496
1785432819.42,93,drive,2,0.5,15.0,40.733,25.11,249.73,0.1667,0.2287,0.0484,0.1979,0.0645,0.2576,0.0660,0.0445,0.2175,0.1549,0.2473,0.0547,0.1672,0.1554
1785432819.51,93,drive,3,0.5,15.0,40.733,25.11,249.73,0.1711,0.2175,0.0479,0.1940,0.0645,0.2576,0.0670,0.0611,0.2121,0.1549,0.2502,0.0591,0.1647,0.1544
1785432820.21,93,drive,0,1.0,15.0,40.733,25.11,249.73,0.1672,0.2219,0.0518,0.1984,0.0728,0.2551,0.0723,0.0508,0.2102,0.1515,0.2473,0.0523,0.1662,0.1569
1785432820.31,93,drive,1,1.0,15.0,40.733,25.11,249.73,0.1706,0.2229,0.0420,0.1940,0.0650,0.2664,0.0606,0.0616,0.2195,0.1559,0.2473,0.0577,0.1603,0.1486
1785432820.40,93,drive,2,1.0,15.0,40.733,25.11,249.73,0.1662,0.2278,0.0489,0.1960,0.0650,0.2581,0.0674,0.0591,0.2209,0.1525,0.2454,0.0547,0.1676,0.1466
1785432820.50,93,drive,3,1.0,15.0,40.733,25.11,249.73,0.1613,0.2214,0.0391,0.1999,0.0670,0.2610,0.0655,0.0587,0.2121,0.1540,0.2434,0.0552,0.1608,0.1476
1785432821.20,93,drive,0,1.5,15.0,40.733,25.11,249.73,0.1657,0.2199,0.0435,0.1950,0.0689,0.2566,0.0655,0.0533,0.2151,0.1535,0.2444,0.0606,0.1711,0.1496
1785432821.29,93,drive,1,1.5,15.0,40.733,25.11,249.73,0.1637,0.2248,0.0513,0.1931,0.0655,0.2542,0.0674,0.0640,0.2224,0.1520,0.2366,0.0552,0.1657,0.1530
1785432821.39,93,drive,2,1.5,15.0,40.733,25.11,249.73,0.1642,0.2160,0.0484,0.1935,0.0601,0.2556,0.0640,0.0606,0.2180,0.1579,0.2478,0.0479,0.1769,0.1500
1785432821.49,93,drive,3,1.5,15.0,40.733,25.11,249.73,0.1686,0.2224,0.0445,0.1916,0.0621,0.2561,0.0689,0.0572,0.2141,0.1520,0.2556,0.0572,0.1642,0.1486
1785432822.18,93,drive,0,2.0,15.0,40.733,25.11,249.73,0.1647,0.2268,0.0464,0.1916,0.0640,0.2566,0.0704,0.0582,0.2131,0.1588,0.2498,0.0552,0.1657,0.1481
1785432822.28,93,drive,1,2.0,15.0,40.733,25.11,249.73,0.1652,0.2219,0.0474,0.1970,0.0640,0.2625,0.0772,0.0538,0.2175,0.1588,0.2517,0.0547,0.1672,0.1520
1785432822.38,93,drive,2,2.0,15.0,40.733,25.11,249.73,0.1720,0.2253,0.0469,0.1975,0.0665,0.2590,0.0704,0.0587,0.2185,0.1515,0.2517,0.0528,0.1691,0.1510
1785432822.47,93,drive,3,2.0,15.0,40.733,25.11,249.73,0.1647,0.2253,0.0455,0.1921,0.0640,0.2542,0.0645,0.0518,0.2219,0.1559,0.2473,0.0611,0.1730,0.1574
1785432823.17,93,drive,0,2.5,15.0,40.733,25.11,249.73,0.1647,0.2268,0.0523,0.1931,0.0630,0.2576,0.0679,0.0616,0.2239,0.1530,0.2473,0.0543,0.1667,0.1491
1785432823.26,93,drive,1,2.5,15.0,40.733,25.11,249.73,0.1662,0.2239,0.0538,0.1867,0.0611,0.2639,0.0670,0.0543,0.2131,0.1618,0.2478,0.0518,0.1662,0.1549
1785432823.36,93,drive,2,2.5,15.0,40.733,25.11,249.73,0.1696,0.2190,0.0396,0.1935,0.0640,0.2537,0.0679,0.0650,0.2116,0.1549,0.2522,0.0572,0.1637,0.1476
1785432823.46,93,drive,3,2.5,15.0,40.733,25.11,249.73,0.1608,0.2278,0.0479,0.1911,0.0626,0.2615,0.0694,0.0552,0.2204,0.1603,0.2502,0.0538,0.1628,0.1466
1785432824.15,93,drive,0,3.0,15.0,40.733,25.11,249.73,0.1613,0.2234,0.0528,0.2019,0.0635,0.2527,0.0650,0.0552,0.2141,0.1593,0.2410,0.0518,0.1701,0.1525
1785432824.25,93,drive,1,3.0,15.0,40.733,25.11,249.73,0.1676,0.2229,0.0528,0.2009,0.0645,0.2546,0.0714,0.0552,0.2131,0.1559,0.2390,0.0499,0.1686,0.1603
1785432824.35,93,drive,2,3.0,15.0,40.733,25.11,249.73,0.1706,0.2204,0.0484,0.1945,0.0626,0.2571,0.0626,0.0596,0.2131,0.1510,0.2512,0.0508,0.1662,0.1559
1785432824.45,93,drive,3,3.0,15.0,40.733,25.11,249.73,0.1632,0.2243,0.0459,0.1950,0.0679,0.2532,0.0674,0.0567,0.2258,0.1535,0.2468,0.0523,0.1706,0.1535
1785432825.14,93,drive,0,3.5,15.0,40.733,25.11,249.73,0.1701,0.2234,0.0415,0.1989,0.0689,0.2586,0.0674,0.0606,0.2209,0.1520,0.2512,0.0518,0.1647,0.1579
1785432825.24,93,drive,1,3.5,15.0,40.733,25.11,249.73,0.1623,0.2258,0.0503,0.1950,0.0606,0.2522,0.0743,0.0591,0.2131,0.1544,0.2532,0.0523,0.1701,0.1598
1785432825.33,93,drive,2,3.5,15.0,40.733,25.11,249.73,0.1691,0.2190,0.0450,0.2009,0.0626,0.2595,0.0704,0.0596,0.2224,0.1579,0.2488,0.0415,0.1657,0.1515
1785432825.43,93,drive,3,3.5,15.0,40.733,25.11,249.73,0.1706,0.2331,0.0543,0.1950,0.0626,0.2546,0.0660,0.0557,0.2195,0.1544,0.2502,0.0513,0.1696,0.1535
1785432826.13,93,drive,0,4.0,15.0,40.733,25.11,249.73,0.1637,0.2229,0.0464,0.1931,0.0684,0.2590,0.0660,0.0596,0.2146,0.1554,0.2498,0.0513,0.1681,0.1505
1785432826.22,93,drive,1,4.0,15.0,40.733,25.11,249.73,0.1667,0.2253,0.0489,0.1950,0.0626,0.2542,0.0674,0.0635,0.2121,0.1544,0.2429,0.0587,0.1632,0.1535
1785432826.32,93,drive,2,4.0,15.0,40.733,25.11,249.73,0.1691,0.2175,0.0489,0.1955,0.0645,0.2566,0.0665,0.0596,0.2146,0.1574,0.2478,0.0533,0.1730,0.1549
1785432826.42,93,drive,3,4.0,15.0,40.733,25.11,249.73,0.1774,0.2214,0.0459,0.1931,0.0655,0.2517,0.0621,0.0601,0.2151,0.1535,0.2522,0.0635,0.1701,0.1510
1785432827.19,94,base,0,0.0,15.0,40.693,25.11,249.73,0.1628,0.2170,0.0440,0.1975,0.0689,0.2586,0.0709,0.0635,0.2224,0.1520,0.2424,0.0552,0.1711,0.1510
1785432827.28,94,base,1,0.0,15.0,40.693,25.11,249.73,0.1642,0.2312,0.0459,0.1945,0.0689,0.2615,0.0718,0.0626,0.2209,0.1535,0.2444,0.0494,0.1657,0.1520
1785432827.38,94,base,2,0.0,15.0,40.693,25.11,249.73,0.1632,0.2312,0.0381,0.1955,0.0718,0.2537,0.0689,0.0557,0.2239,0.1515,0.2488,0.0572,0.1652,0.1530
1785432827.48,94,base,3,0.0,15.0,40.693,25.11,249.73,0.1720,0.2258,0.0425,0.1931,0.0674,0.2610,0.0684,0.0547,0.2116,0.1535,0.2517,0.0499,0.1681,0.1515
1785432828.17,94,drive,0,0.5,15.0,40.693,25.11,249.73,0.1716,0.2263,0.0513,0.1950,0.0689,0.2546,0.0621,0.0601,0.2190,0.1535,0.2429,0.0543,0.1662,0.1491
1785432828.27,94,drive,1,0.5,15.0,40.693,25.11,249.73,0.1691,0.2219,0.0494,0.1970,0.0660,0.2542,0.0655,0.0606,0.2199,0.1574,0.2429,0.0518,0.1686,0.1540
1785432828.37,94,drive,2,0.5,15.0,40.693,25.11,249.73,0.1574,0.2180,0.0499,0.1940,0.0689,0.2566,0.0635,0.0626,0.2175,0.1554,0.2424,0.0523,0.1720,0.1461
1785432828.46,94,drive,3,0.5,15.0,40.693,25.11,249.73,0.1691,0.2234,0.0523,0.1960,0.0635,0.2527,0.0674,0.0552,0.2092,0.1525,0.2488,0.0640,0.1647,0.1535
1785432829.16,94,drive,0,1.0,15.0,40.693,25.11,249.73,0.1623,0.2224,0.0562,0.1931,0.0684,0.2590,0.0699,0.0557,0.2209,0.1608,0.2439,0.0523,0.1676,0.1559
1785432829.26,94,drive,1,1.0,15.0,40.693,25.11,249.73,0.1593,0.2273,0.0528,0.1984,0.0674,0.2610,0.0704,0.0567,0.2180,0.1491,0.2449,0.0591,0.1642,0.1520
1785432829.35,94,drive,2,1.0,15.0,40.693,25.11,249.73,0.1686,0.2229,0.0494,0.1896,0.0665,0.2600,0.0714,0.0547,0.2146,0.1569,0.2444,0.0572,0.1623,0.1584
1785432829.45,94,drive,3,1.0,15.0,40.693,25.11,249.73,0.1764,0.2312,0.0440,0.1945,0.0630,0.2566,0.0630,0.0640,0.2146,0.1471,0.2517,0.0538,0.1662,0.1447
1785432830.15,94,drive,0,1.5,15.0,40.693,25.11,249.73,0.1720,0.2165,0.0508,0.1945,0.0674,0.2586,0.0694,0.0582,0.2165,0.1491,0.2493,0.0552,0.1672,0.1486
1785432830.24,94,drive,1,1.5,15.0,40.693,25.11,249.73,0.1706,0.2268,0.0450,0.1979,0.0606,0.2590,0.0665,0.0616,0.2121,0.1515,0.2493,0.0518,0.1725,0.1481
1785432830.34,94,drive,2,1.5,15.0,40.693,25.11,249.73,0.1691,0.2239,0.0420,0.1970,0.0635,0.2590,0.0596,0.0591,0.2199,0.1559,0.2507,0.0557,0.1691,0.1520
1785432830.44,94,drive,3,1.5,15.0,40.693,25.11,249.73,0.1623,0.2234,0.0474,0.1940,0.0665,0.2532,0.0674,0.0587,0.2214,0.1481,0.2454,0.0572,0.1716,0.1549
1785432831.13,94,drive,0,2.0,15.0,40.693,25.11,249.73,0.1657,0.2312,0.0445,0.1975,0.0674,0.2581,0.0723,0.0567,0.2180,0.1481,0.2483,0.0582,0.1623,0.1500
1785432831.23,94,drive,1,2.0,15.0,40.693,25.11,249.73,0.1647,0.2214,0.0533,0.1965,0.0709,0.2498,0.0684,0.0582,0.2126,0.1540,0.2483,0.0611,0.1652,0.1530
1785432831.33,94,drive,2,2.0,15.0,40.693,25.11,249.73,0.1740,0.2268,0.0587,0.1975,0.0640,0.2551,0.0679,0.0660,0.2141,0.1535,0.2444,0.0567,0.1696,0.1530
1785432831.42,94,drive,3,2.0,15.0,40.693,25.11,249.73,0.1588,0.2253,0.0327,0.2014,0.0679,0.2669,0.0699,0.0596,0.2180,0.1510,0.2463,0.0469,0.1647,0.1554
1785432832.12,94,drive,0,2.5,15.0,40.693,25.11,249.73,0.1662,0.2219,0.0533,0.1950,0.0606,0.2551,0.0694,0.0640,0.2131,0.1525,0.2478,0.0567,0.1696,0.1510
1785432832.22,94,drive,1,2.5,15.0,40.693,25.11,249.73,0.1623,0.2258,0.0469,0.1999,0.0640,0.2571,0.0699,0.0587,0.2160,0.1520,0.2449,0.0562,0.1676,0.1525
1785432832.31,94,drive,2,2.5,15.0,40.693,25.11,249.73,0.1681,0.2199,0.0440,0.1950,0.0684,0.2571,0.0694,0.0582,0.2209,0.1525,0.2473,0.0562,0.1652,0.1549
1785432832.41,94,drive,3,2.5,15.0,40.693,25.11,249.73,0.1686,0.2258,0.0474,0.1979,0.0655,0.2551,0.0616,0.0582,0.2209,0.1544,0.2473,0.0528,0.1730,0.1510
1785432833.11,94,drive,0,3.0,15.0,40.693,25.11,249.73,0.1701,0.2224,0.0494,0.1901,0.0645,0.2620,0.0689,0.0591,0.2146,0.1544,0.2483,0.0533,0.1642,0.1466
1785432833.20,94,drive,1,3.0,15.0,40.693,25.11,249.73,0.1672,0.2239,0.0474,0.1931,0.0674,0.2654,0.0694,0.0591,0.2204,0.1544,0.2463,0.0547,0.1637,0.1515
1785432833.30,94,drive,2,3.0,15.0,40.693,25.11,249.73,0.1706,0.2263,0.0469,0.1950,0.0640,0.2556,0.0596,0.0591,0.2146,0.1510,0.2483,0.0577,0.1701,0.1540
1785432833.40,94,drive,3,3.0,15.0,40.693,25.11,249.73,0.1667,0.2170,0.0450,0.1926,0.0743,0.2576,0.0704,0.0689,0.2160,0.1496,0.2449,0.0557,0.1608,0.1461
1785432834.09,94,drive,0,3.5,15.0,40.693,25.11,249.73,0.1706,0.2234,0.0479,0.1921,0.0655,0.2605,0.0645,0.0601,0.2146,0.1544,0.2478,0.0538,0.1647,0.1505
1785432834.19,94,drive,1,3.5,15.0,40.693,25.11,249.73,0.1647,0.2243,0.0489,0.1970,0.0670,0.2561,0.0689,0.0572,0.2146,0.1496,0.2478,0.0562,0.1676,0.1525
1785432834.29,94,drive,2,3.5,15.0,40.693,25.11,249.73,0.1667,0.2229,0.0396,0.1979,0.0655,0.2532,0.0665,0.0591,0.2195,0.1525,0.2507,0.0611,0.1696,0.1461
1785432834.38,94,drive,3,3.5,15.0,40.693,25.11,249.73,0.1681,0.2219,0.0547,0.1970,0.0679,0.2546,0.0665,0.0572,0.2126,0.1525,0.2473,0.0591,0.1613,0.1588
1785432835.08,94,drive,0,4.0,15.0,40.693,25.11,249.73,0.1652,0.2248,0.0450,0.1960,0.0679,0.2542,0.0684,0.0587,0.2165,0.1540,0.2473,0.0552,0.1701,0.1515
1785432835.17,94,drive,1,4.0,15.0,40.693,25.11,249.73,0.1667,0.2243,0.0450,0.1945,0.0679,0.2576,0.0665,0.0587,0.2175,0.1544,0.2493,0.0557,0.1652,0.1530
1785432835.27,94,drive,2,4.0,15.0,40.693,25.11,249.73,0.1676,0.2229,0.0469,0.1955,0.0645,0.2561,0.0665,0.0587,0.2151,0.1544,0.2439,0.0582,0.1667,0.1525
1785432835.37,94,drive,3,4.0,15.0,40.693,25.11,249.73,0.1676,0.2243,0.0484,0.1945,0.0670,0.2586,0.0674,0.0596,0.2160,0.1530,0.2468,0.0567,0.1662,0.1520
1785432836.14,99,base,0,0.0,15.0,40.773,25.11,249.73,0.1711,0.2248,0.0508,0.2043,0.0709,0.2551,0.0723,0.0611,0.2170,0.1564,0.2498,0.0572,0.1686,0.1554
1785432836.24,99,base,1,0.0,15.0,40.773,25.11,249.73,0.1691,0.2258,0.0489,0.1989,0.0689,0.2586,0.0684,0.0630,0.2214,0.1535,0.2498,0.0577,0.1686,0.1520
1785432836.33,99,base,2,0.0,15.0,40.773,25.11,249.73,0.1681,0.2253,0.0479,0.2004,0.0650,0.2576,0.0723,0.0587,0.2165,0.1554,0.2512,0.0572,0.1672,0.1540
1785432836.43,99,base,3,0.0,15.0,40.773,25.11,249.73,0.1681,0.2253,0.0489,0.2009,0.0660,0.2551,0.0699,0.0567,0.2204,0.1559,0.2498,0.0572,0.1691,0.1544
1785432837.12,99,drive,0,0.5,15.0,40.773,25.11,249.73,0.1696,0.2263,0.0474,0.2048,0.0650,0.2556,0.0704,0.0591,0.2204,0.1549,0.2498,0.0587,0.1701,0.1549
1785432837.22,99,drive,1,0.5,15.0,40.773,25.11,249.73,0.1676,0.2243,0.0503,0.2058,0.0640,0.2546,0.0714,0.0591,0.2190,0.1554,0.2507,0.0582,0.1691,0.1540
1785432837.32,99,drive,2,0.5,15.0,40.773,25.11,249.73,0.1711,0.2263,0.0474,0.2058,0.0679,0.2551,0.0714,0.0596,0.2180,0.1549,0.2498,0.0587,0.1681,0.1544
1785432837.41,99,drive,3,0.5,15.0,40.773,25.11,249.73,0.1701,0.2253,0.0508,0.2043,0.0645,0.2556,0.0704,0.0587,0.2175,0.1535,0.2483,0.0596,0.1691,0.1530
1785432838.11,99,drive,0,1.0,15.0,40.773,25.11,249.73,0.1706,0.2292,0.0503,0.2165,0.0679,0.2532,0.0723,0.0611,0.2204,0.1520,0.2488,0.0606,0.1750,0.1535
1785432838.21,99,drive,1,1.0,15.0,40.773,25.11,249.73,0.1706,0.2287,0.0513,0.2092,0.0674,0.2537,0.0733,0.0572,0.2170,0.1486,0.2507,0.0596,0.1725,0.1564
1785432838.30,99,drive,2,1.0,15.0,40.773,25.11,249.73,0.1706,0.2248,0.0508,0.2097,0.0674,0.2571,0.0738,0.0582,0.2185,0.1549,0.2483,0.0582,0.1706,0.1569
1785432838.40,99,drive,3,1.0,15.0,40.773,25.11,249.73,0.1711,0.2248,0.0508,0.2092,0.0684,0.2576,0.0694,0.0567,0.2199,0.1535,0.2478,0.0587,0.1701,0.1549
1785432839.10,99,drive,0,1.5,15.0,40.773,25.11,249.73,0.1686,0.2278,0.0484,0.2146,0.0733,0.2590,0.0758,0.0552,0.2116,0.1481,0.2454,0.0606,0.1745,0.1574
1785432839.19,99,drive,1,1.5,15.0,40.773,25.11,249.73,0.1711,0.2268,0.0508,0.2160,0.0723,0.2576,0.0762,0.0552,0.2165,0.1481,0.2454,0.0591,0.1740,0.1569
1785432839.29,99,drive,2,1.5,15.0,40.773,25.11,249.73,0.1691,0.2258,0.0508,0.2160,0.0714,0.2581,0.0743,0.0523,0.2151,0.1486,0.2434,0.0596,0.1740,0.1574
1785432839.39,99,drive,3,1.5,15.0,40.773,25.11,249.73,0.1716,0.2229,0.0508,0.2131,0.0723,0.2561,0.0738,0.0547,0.2170,0.1466,0.2454,0.0611,0.1755,0.1554
1785432840.08,99,drive,0,2.0,15.0,40.773,25.11,249.73,0.1725,0.2258,0.0494,0.2165,0.0753,0.2576,0.0748,0.0572,0.2180,0.1466,0.2434,0.0601,0.1745,0.1569
1785432840.18,99,drive,1,2.0,15.0,40.773,25.11,249.73,0.1701,0.2248,0.0494,0.2170,0.0723,0.2561,0.0738,0.0547,0.2180,0.1466,0.2444,0.0591,0.1760,0.1559
1785432840.28,99,drive,2,2.0,15.0,40.773,25.11,249.73,0.1701,0.2268,0.0484,0.2141,0.0723,0.2586,0.0709,0.0572,0.2175,0.1500,0.2449,0.0611,0.1740,0.1544
1785432840.37,99,drive,3,2.0,15.0,40.773,25.11,249.73,0.1716,0.2278,0.0479,0.2175,0.0767,0.2576,0.0753,0.0552,0.2165,0.1471,0.2424,0.0621,0.1764,0.1574
1785432841.07,99,drive,0,2.5,15.0,40.773,25.11,249.73,0.1716,0.2278,0.0503,0.2136,0.0733,0.2605,0.0782,0.0582,0.2170,0.1442,0.2449,0.0591,0.1764,0.1540
1785432841.17,99,drive,1,2.5,15.0,40.773,25.11,249.73,0.1725,0.2273,0.0479,0.2155,0.0738,0.2571,0.0728,0.0547,0.2151,0.1481,0.2424,0.0587,0.1755,0.1564
1785432841.26,99,drive,2,2.5,15.0,40.773,25.11,249.73,0.1676,0.2253,0.0513,0.2170,0.0733,0.2600,0.0733,0.0547,0.2151,0.1481,0.2424,0.0596,0.1794,0.1569
1785432841.36,99,drive,3,2.5,15.0,40.773,25.11,249.73,0.1691,0.2273,0.0484,0.2165,0.0738,0.2576,0.0738,0.0577,0.2175,0.1466,0.2439,0.0591,0.1769,0.1584
1785432842.06,99,drive,0,3.0,15.0,40.773,25.11,249.73,0.1711,0.2297,0.0503,0.2151,0.0738,0.2566,0.0733,0.0538,0.2141,0.1457,0.2414,0.0596,0.1764,0.1559
1785432842.15,99,drive,1,3.0,15.0,40.773,25.11,249.73,0.1701,0.2234,0.0508,0.2146,0.0728,0.2581,0.0743,0.0572,0.2170,0.1452,0.2410,0.0611,0.1774,0.1554
1785432842.25,99,drive,2,3.0,15.0,40.773,25.11,249.73,0.1725,0.2258,0.0489,0.2136,0.0753,0.2561,0.0733,0.0552,0.2170,0.1466,0.2419,0.0596,0.1755,0.1574
1785432842.35,99,drive,3,3.0,15.0,40.773,25.11,249.73,0.1711,0.2268,0.0508,0.2121,0.0743,0.2576,0.0743,0.0562,0.2170,0.1447,0.2405,0.0616,0.1784,0.1564
1785432843.04,99,drive,0,3.5,15.0,40.773,25.11,249.73,0.1720,0.2278,0.0489,0.2165,0.0728,0.2595,0.0733,0.0577,0.2141,0.1452,0.2419,0.0611,0.1760,0.1584
1785432843.14,99,drive,1,3.5,15.0,40.773,25.11,249.73,0.1720,0.2243,0.0508,0.2160,0.0753,0.2590,0.0753,0.0552,0.2160,0.1471,0.2414,0.0616,0.1764,0.1559
1785432843.24,99,drive,2,3.5,15.0,40.773,25.11,249.73,0.1696,0.2243,0.0523,0.2160,0.0753,0.2586,0.0748,0.0562,0.2146,0.1457,0.2439,0.0601,0.1789,0.1564
1785432843.33,99,drive,3,3.5,15.0,40.773,25.11,249.73,0.1711,0.2248,0.0489,0.2136,0.0728,0.2581,0.0733,0.0547,0.2151,0.1461,0.2434,0.0572,0.1769,0.1540
1785432844.03,99,drive,0,4.0,15.0,40.773,25.11,249.73,0.1681,0.2253,0.0499,0.2151,0.0718,0.2595,0.0733,0.0543,0.2160,0.1461,0.2434,0.0626,0.1750,0.1540
1785432844.12,99,drive,1,4.0,15.0,40.773,25.11,249.73,0.1686,0.2292,0.0508,0.2151,0.0733,0.2595,0.0733,0.0577,0.2155,0.1447,0.2424,0.0611,0.1769,0.1549
1785432844.22,99,drive,2,4.0,15.0,40.773,25.11,249.73,0.1696,0.2248,0.0503,0.2131,0.0738,0.2576,0.0762,0.0567,0.2141,0.1486,0.2419,0.0601,0.1735,0.1564
1785432844.32,99,drive,3,4.0,15.0,40.773,25.11,249.73,0.1706,0.2243,0.0508,0.2141,0.0767,0.2590,0.0738,0.0538,0.2160,0.1481,0.2424,0.0591,0.1755,0.1593
1785432845.09,101,base,0,0.0,15.0,40.733,25.11,249.74,0.1681,0.2248,0.0499,0.2009,0.0670,0.2561,0.0709,0.0621,0.2160,0.1579,0.2454,0.0591,0.1691,0.1530
1785432845.19,101,base,1,0.0,15.0,40.733,25.11,249.74,0.1672,0.2248,0.0479,0.2009,0.0684,0.2576,0.0679,0.0582,0.2185,0.1559,0.2483,0.0562,0.1672,0.1549
1785432845.29,101,base,2,0.0,15.0,40.733,25.11,249.74,0.1691,0.2283,0.0499,0.1984,0.0660,0.2590,0.0674,0.0616,0.2180,0.1549,0.2483,0.0562,0.1691,0.1549
1785432845.38,101,base,3,0.0,15.0,40.733,25.11,249.74,0.1681,0.2297,0.0508,0.2009,0.0684,0.2566,0.0684,0.0611,0.2180,0.1549,0.2463,0.0582,0.1676,0.1540
1785432846.08,101,drive,0,0.5,15.0,40.733,25.11,249.74,0.1794,0.2297,0.0538,0.2092,0.0733,0.2605,0.0728,0.0606,0.2097,0.1593,0.2630,0.0601,0.1652,0.1652
1785432846.18,101,drive,1,0.5,15.0,40.733,25.11,249.74,0.1804,0.2287,0.0513,0.2072,0.0733,0.2610,0.0733,0.0626,0.2116,0.1593,0.2625,0.0577,0.1652,0.1652
1785432846.27,101,drive,2,0.5,15.0,40.733,25.11,249.74,0.1774,0.2287,0.0538,0.2087,0.0743,0.2605,0.0762,0.0635,0.2116,0.1579,0.2654,0.0621,0.1642,0.1632
1785432846.37,101,drive,3,0.5,15.0,40.733,25.11,249.74,0.1769,0.2322,0.0543,0.2058,0.0772,0.2610,0.0748,0.0626,0.2102,0.1584,0.2639,0.0655,0.1647,0.1632
1785432847.06,101,drive,0,1.0,15.0,40.733,25.11,249.74,0.1764,0.2317,0.0533,0.2082,0.0753,0.2586,0.0753,0.0601,0.2102,0.1569,0.2659,0.0606,0.1647,0.1628
1785432847.16,101,drive,1,1.0,15.0,40.733,25.11,249.74,0.1779,0.2292,0.0552,0.2072,0.0748,0.2600,0.0762,0.0611,0.2126,0.1584,0.2630,0.0616,0.1652,0.1647
1785432847.26,101,drive,2,1.0,15.0,40.733,25.11,249.74,0.1784,0.2302,0.0538,0.2063,0.0714,0.2615,0.0758,0.0611,0.2126,0.1598,0.2620,0.0611,0.1657,0.1608
1785432847.36,101,drive,3,1.0,15.0,40.733,25.11,249.74,0.1804,0.2297,0.0538,0.2063,0.0762,0.2615,0.0743,0.0621,0.2072,0.1584,0.2630,0.0616,0.1662,0.1628
1785432848.05,101,drive,0,1.5,15.0,40.733,25.11,249.74,0.1760,0.2302,0.0543,0.2048,0.0758,0.2600,0.0758,0.0650,0.2097,0.1564,0.2620,0.0616,0.1632,0.1628
1785432848.15,101,drive,1,1.5,15.0,40.733,25.11,249.74,0.1760,0.2317,0.0523,0.2067,0.0748,0.2630,0.0762,0.0626,0.2107,0.1593,0.2634,0.0611,0.1637,0.1628
1785432848.25,101,drive,2,1.5,15.0,40.733,25.11,249.74,0.1764,0.2317,0.0528,0.2077,0.0767,0.2600,0.0743,0.0635,0.2107,0.1574,0.2634,0.0601,0.1628,0.1642
1785432848.34,101,drive,3,1.5,15.0,40.733,25.11,249.74,0.1784,0.2317,0.0543,0.2058,0.0762,0.2600,0.0758,0.0626,0.2107,0.1544,0.2625,0.0596,0.1657,0.1642
1785432849.04,101,drive,0,2.0,15.0,40.733,25.11,249.74,0.1799,0.2322,0.0538,0.2072,0.0758,0.2625,0.0753,0.0611,0.2107,0.1588,0.2644,0.0630,0.1647,0.1647
1785432849.13,101,drive,1,2.0,15.0,40.733,25.11,249.74,0.1779,0.2297,0.0533,0.2082,0.0758,0.2586,0.0762,0.0635,0.2102,0.1584,0.2605,0.0601,0.1637,0.1623
1785432849.23,101,drive,2,2.0,15.0,40.733,25.11,249.74,0.1764,0.2326,0.0547,0.2063,0.0748,0.2605,0.0758,0.0621,0.2102,0.1598,0.2634,0.0587,0.1647,0.1632
1785432849.33,101,drive,3,2.0,15.0,40.733,25.11,249.74,0.1784,0.2302,0.0547,0.2072,0.0767,0.2605,0.0767,0.0611,0.2102,0.1584,0.2610,0.0611,0.1667,0.1637
1785432850.02,101,drive,0,2.5,15.0,40.733,25.11,249.74,0.1799,0.2287,0.0513,0.2072,0.0743,0.2610,0.0767,0.0626,0.2102,0.1574,0.2654,0.0616,0.1662,0.1632
1785432850.12,101,drive,1,2.5,15.0,40.733,25.11,249.74,0.1784,0.2317,0.0528,0.2053,0.0738,0.2600,0.0762,0.0635,0.2116,0.1584,0.2654,0.0616,0.1642,0.1637
1785432850.21,101,drive,2,2.5,15.0,40.733,25.11,249.74,0.1794,0.2307,0.0528,0.2053,0.0743,0.2595,0.0748,0.0601,0.2102,0.1574,0.2649,0.0606,0.1637,0.1608
1785432850.31,101,drive,3,2.5,15.0,40.733,25.11,249.74,0.1769,0.2322,0.0533,0.2087,0.0748,0.2610,0.0767,0.0626,0.2107,0.1593,0.2644,0.0601,0.1628,0.1598
1785432851.01,101,drive,0,3.0,15.0,40.733,25.11,249.74,0.1804,0.2331,0.0543,0.2048,0.0748,0.2625,0.0758,0.0582,0.2107,0.1574,0.2674,0.0621,0.1637,0.1647
1785432851.10,101,drive,1,3.0,15.0,40.733,25.11,249.74,0.1779,0.2317,0.0523,0.2058,0.0738,0.2595,0.0753,0.0621,0.2102,0.1569,0.2659,0.0616,0.1637,0.1647
1785432851.20,101,drive,2,3.0,15.0,40.733,25.11,249.74,0.1799,0.2312,0.0543,0.2043,0.0748,0.2600,0.0753,0.0626,0.2107,0.1569,0.2639,0.0601,0.1637,0.1632
1785432851.30,101,drive,3,3.0,15.0,40.733,25.11,249.74,0.1769,0.2287,0.0547,0.2053,0.0767,0.2625,0.0758,0.0606,0.2111,0.1603,0.2625,0.0611,0.1637,0.1632
1785432851.99,101,drive,0,3.5,15.0,40.733,25.11,249.74,0.1799,0.2297,0.0538,0.2067,0.0738,0.2586,0.0772,0.0621,0.2102,0.1588,0.2625,0.0601,0.1657,0.1647
1785432852.09,101,drive,1,3.5,15.0,40.733,25.11,249.74,0.1794,0.2312,0.0523,0.2102,0.0709,0.2605,0.0738,0.0630,0.2116,0.1584,0.2620,0.0611,0.1647,0.1642
1785432852.18,101,drive,2,3.5,15.0,40.733,25.11,249.74,0.1769,0.2331,0.0543,0.2082,0.0728,0.2620,0.0762,0.0616,0.2087,0.1598,0.2654,0.0611,0.1632,0.1608
1785432852.28,101,drive,3,3.5,15.0,40.733,25.11,249.74,0.1794,0.2331,0.0528,0.2063,0.0748,0.2639,0.0767,0.0601,0.2102,0.1579,0.2639,0.0621,0.1637,0.1642
1785432852.98,101,drive,0,4.0,15.0,40.733,25.11,249.74,0.1774,0.2317,0.0547,0.2097,0.0738,0.2615,0.0733,0.0611,0.2097,0.1588,0.2634,0.0601,0.1637,0.1662
1785432853.07,101,drive,1,4.0,15.0,40.733,25.11,249.74,0.1794,0.2312,0.0538,0.2058,0.0767,0.2620,0.0753,0.0587,0.2116,0.1574,0.2639,0.0611,0.1637,0.1652
1785432853.17,101,drive,2,4.0,15.0,40.733,25.11,249.74,0.1760,0.2336,0.0567,0.2087,0.0733,0.2600,0.0758,0.0626,0.2111,0.1588,0.2595,0.0630,0.1667,0.1623
1785432853.27,101,drive,3,4.0,15.0,40.733,25.11,249.74,0.1799,0.2326,0.0518,0.2077,0.0753,0.2605,0.0762,0.0616,0.2092,0.1579,0.2644,0.0606,0.1628,0.1657
1785432854.04,102,base,0,0.0,15.0,40.713,25.11,249.74,0.1681,0.2287,0.0489,0.1999,0.0674,0.2551,0.0670,0.0601,0.2155,0.1554,0.2488,0.0596,0.1667,0.1540
1785432854.14,102,base,1,0.0,15.0,40.713,25.11,249.74,0.1681,0.2239,0.0518,0.1979,0.0674,0.2571,0.0699,0.0621,0.2175,0.1544,0.2498,0.0543,0.1686,0.1530
1785432854.24,102,base,2,0.0,15.0,40.713,25.11,249.74,0.1676,0.2243,0.0494,0.1975,0.0670,0.2546,0.0709,0.0611,0.2155,0.1559,0.2493,0.0587,0.1667,0.1549
1785432854.33,102,base,3,0.0,15.0,40.713,25.11,249.74,0.1696,0.2258,0.0499,0.1999,0.0679,0.2551,0.0689,0.0601,0.2165,0.1579,0.2498,0.0557,0.1657,0.1559
1785432855.03,102,drive,0,0.5,15.0,40.713,25.11,249.74,0.1686,0.2292,0.0489,0.1975,0.0699,0.2595,0.0704,0.0582,0.2165,0.1544,0.2493,0.0562,0.1676,0.1515
1785432855.13,102,drive,1,0.5,15.0,40.713,25.11,249.74,0.1686,0.2263,0.0474,0.1989,0.0699,0.2551,0.0689,0.0601,0.2165,0.1549,0.2488,0.0582,0.1681,0.1544
1785432855.22,102,drive,2,0.5,15.0,40.713,25.11,249.74,0.1672,0.2243,0.0518,0.1989,0.0674,0.2566,0.0709,0.0587,0.2141,0.1540,0.2488,0.0557,0.1662,0.1540
1785432855.32,102,drive,3,0.5,15.0,40.713,25.11,249.74,0.1676,0.2297,0.0494,0.1994,0.0679,0.2586,0.0679,0.0611,0.2175,0.1559,0.2454,0.0582,0.1701,0.1549
1785432856.02,102,drive,0,1.0,15.0,40.713,25.11,249.74,0.1686,0.2258,0.0503,0.1989,0.0689,0.2556,0.0733,0.0591,0.2155,0.1535,0.2483,0.0567,0.1701,0.1540
1785432856.11,102,drive,1,1.0,15.0,40.713,25.11,249.74,0.1676,0.2292,0.0494,0.2019,0.0679,0.2571,0.0714,0.0572,0.2160,0.1535,0.2454,0.0577,0.1681,0.1535
1785432856.21,102,drive,2,1.0,15.0,40.713,25.11,249.74,0.1691,0.2273,0.0489,0.2004,0.0689,0.2600,0.0709,0.0606,0.2160,0.1564,0.2488,0.0577,0.1652,0.1554
1785432856.31,102,drive,3,1.0,15.0,40.713,25.11,249.74,0.1706,0.2243,0.0474,0.1984,0.0699,0.2571,0.0704,0.0591,0.2160,0.1549,0.2507,0.0572,0.1672,0.1549
1785432857.00,102,drive,0,1.5,15.0,40.713,25.11,249.74,0.1676,0.2263,0.0494,0.2019,0.0679,0.2571,0.0689,0.0596,0.2190,0.1544,0.2473,0.0577,0.1681,0.1544
1785432857.10,102,drive,1,1.5,15.0,40.713,25.11,249.74,0.1701,0.2263,0.0489,0.1979,0.0660,0.2581,0.0704,0.0601,0.2160,0.1554,0.2473,0.0567,0.1681,0.1549
1785432857.20,102,drive,2,1.5,15.0,40.713,25.11,249.74,0.1720,0.2229,0.0513,0.1989,0.0694,0.2586,0.0689,0.0606,0.2175,0.1540,0.2458,0.0547,0.1691,0.1549
1785432857.29,102,drive,3,1.5,15.0,40.713,25.11,249.74,0.1672,0.2273,0.0489,0.1984,0.0674,0.2581,0.0694,0.0611,0.2160,0.1549,0.2488,0.0533,0.1662,0.1549
1785432857.99,102,drive,0,2.0,15.0,40.713,25.11,249.74,0.1667,0.2243,0.0538,0.1984,0.0704,0.2546,0.0714,0.0630,0.2185,0.1510,0.2493,0.0587,0.1662,0.1535
1785432858.09,102,drive,1,2.0,15.0,40.713,25.11,249.74,0.1696,0.2248,0.0474,0.1984,0.0689,0.2581,0.0689,0.0601,0.2165,0.1559,0.2468,0.0562,0.1701,0.1554
1785432858.18,102,drive,2,2.0,15.0,40.713,25.11,249.74,0.1701,0.2253,0.0494,0.1965,0.0684,0.2571,0.0704,0.0606,0.2175,0.1540,0.2488,0.0567,0.1652,0.1530
1785432858.28,102,drive,3,2.0,15.0,40.713,25.11,249.74,0.1672,0.2263,0.0494,0.1994,0.0684,0.2595,0.0679,0.0601,0.2165,0.1544,0.2483,0.0547,0.1667,0.1540
1785432858.97,102,drive,0,2.5,15.0,40.713,25.11,249.74,0.1686,0.2278,0.0484,0.1979,0.0694,0.2571,0.0714,0.0616,0.2165,0.1549,0.2488,0.0582,0.1662,0.1530
1785432859.07,102,drive,1,2.5,15.0,40.713,25.11,249.74,0.1676,0.2278,0.0484,0.1975,0.0689,0.2576,0.0704,0.0591,0.2170,0.1564,0.2488,0.0572,0.1672,0.1544
1785432859.17,102,drive,2,2.5,15.0,40.713,25.11,249.74,0.1691,0.2268,0.0464,0.1984,0.0694,0.2586,0.0699,0.0606,0.2175,0.1520,0.2478,0.0572,0.1667,0.1530
1785432859.27,102,drive,3,2.5,15.0,40.713,25.11,249.74,0.1691,0.2268,0.0494,0.1960,0.0694,0.2551,0.0723,0.0621,0.2155,0.1559,0.2488,0.0577,0.1662,0.1564
1785432859.96,102,drive,0,3.0,15.0,40.713,25.11,249.74,0.1672,0.2248,0.0508,0.1989,0.0679,0.2566,0.0694,0.0616,0.2155,0.1544,0.2483,0.0572,0.1667,0.1540
1785432860.06,102,drive,1,3.0,15.0,40.713,25.11,249.74,0.1696,0.2253,0.0469,0.1960,0.0674,0.2566,0.0709,0.0611,0.2146,0.1544,0.2463,0.0572,0.1672,0.1540
1785432860.16,102,drive,2,3.0,15.0,40.713,25.11,249.74,0.1676,0.2283,0.0489,0.1989,0.0679,0.2537,0.0718,0.0611,0.2180,0.1564,0.2507,0.0577,0.1652,0.1535
1785432860.25,102,drive,3,3.0,15.0,40.713,25.11,249.74,0.1681,0.2248,0.0489,0.1994,0.0665,0.2576,0.0704,0.0606,0.2155,0.1540,0.2483,0.0577,0.1662,0.1540
1785432860.95,102,drive,0,3.5,15.0,40.713,25.11,249.74,0.1686,0.2278,0.0484,0.2014,0.0679,0.2561,0.0699,0.0596,0.2160,0.1569,0.2478,0.0557,0.1667,0.1554
1785432861.04,102,drive,1,3.5,15.0,40.713,25.11,249.74,0.1672,0.2253,0.0474,0.1975,0.0689,0.2566,0.0709,0.0596,0.2180,0.1535,0.2429,0.0577,0.1662,0.1544
1785432861.14,102,drive,2,3.5,15.0,40.713,25.11,249.74,0.1686,0.2239,0.0494,0.2004,0.0689,0.2581,0.0699,0.0591,0.2190,0.1554,0.2454,0.0567,0.1647,0.1540
1785432861.24,102,drive,3,3.5,15.0,40.713,25.11,249.74,0.1672,0.2258,0.0489,0.1984,0.0689,0.2581,0.0714,0.0611,0.2151,0.1554,0.2468,0.0577,0.1662,0.1549
1785432861.93,102,drive,0,4.0,15.0,40.713,25.11,249.74,0.1676,0.2248,0.0489,0.2004,0.0684,0.2551,0.0704,0.0591,0.2180,0.1559,0.2454,0.0572,0.1667,0.1564
1785432862.03,102,drive,1,4.0,15.0,40.713,25.11,249.74,0.1696,0.2214,0.0494,0.2004,0.0679,0.2561,0.0670,0.0611,0.2175,0.1525,0.2458,0.0577,0.1681,0.1559
1785432862.13,102,drive,2,4.0,15.0,40.713,25.11,249.74,0.1681,0.2239,0.0499,0.2023,0.0679,0.2571,0.0684,0.0596,0.2185,0.1544,0.2493,0.0591,0.1667,0.1530
1785432862.23,102,drive,3,4.0,15.0,40.713,25.11,249.74,0.1676,0.2258,0.0474,0.1999,0.0684,0.2571,0.0684,0.0596,0.2151,0.1564,0.2493,0.0596,0.1647,0.1549
1785432862.99,103,base,0,0.0,15.0,40.733,25.11,249.74,0.1691,0.2268,0.0489,0.1999,0.0689,0.2590,0.0674,0.0611,0.2141,0.1540,0.2498,0.0591,0.1657,0.1540
1785432863.09,103,base,1,0.0,15.0,40.733,25.11,249.74,0.1676,0.2239,0.0479,0.1984,0.0694,0.2581,0.0684,0.0601,0.2165,0.1574,0.2473,0.0572,0.1667,0.1549
1785432863.19,103,base,2,0.0,15.0,40.733,25.11,249.74,0.1672,0.2253,0.0518,0.2004,0.0660,0.2566,0.0689,0.0601,0.2175,0.1540,0.2498,0.0582,0.1657,0.1535
1785432863.28,103,base,3,0.0,15.0,40.733,25.11,249.74,0.1667,0.2248,0.0479,0.1975,0.0689,0.2537,0.0699,0.0606,0.2170,0.1544,0.2473,0.0567,0.1657,0.1549
1785432863.98,103,drive,0,0.5,15.0,40.733,25.11,249.74,0.1676,0.2229,0.0503,0.1979,0.0674,0.2556,0.0704,0.0606,0.2170,0.1554,0.2468,0.0591,0.1681,0.1549
1785432864.08,103,drive,1,0.5,15.0,40.733,25.11,249.74,0.1681,0.2268,0.0499,0.2009,0.0714,0.2566,0.0679,0.0577,0.2170,0.1530,0.2488,0.0567,0.1672,0.1544
1785432864.17,103,drive,2,0.5,15.0,40.733,25.11,249.74,0.1691,0.2253,0.0513,0.2009,0.0699,0.2551,0.0704,0.0591,0.2170,0.1549,0.2478,0.0572,0.1681,0.1544
1785432864.27,103,drive,3,0.5,15.0,40.733,25.11,249.74,0.1686,0.2224,0.0474,0.1984,0.0689,0.2581,0.0674,0.0621,0.2155,0.1554,0.2478,0.0557,0.1662,0.1564
1785432864.96,103,drive,0,1.0,15.0,40.733,25.11,249.74,0.1696,0.2234,0.0474,0.1989,0.0660,0.2581,0.0704,0.0601,0.2155,0.1544,0.2483,0.0591,0.1652,0.1535
1785432865.06,103,drive,1,1.0,15.0,40.733,25.11,249.74,0.1691,0.2248,0.0474,0.1960,0.0679,0.2566,0.0694,0.0611,0.2160,0.1540,0.2478,0.0562,0.1657,0.1544
1785432865.16,103,drive,2,1.0,15.0,40.733,25.11,249.74,0.1686,0.2234,0.0494,0.1975,0.0674,0.2571,0.0694,0.0606,0.2160,0.1554,0.2483,0.0567,0.1691,0.1535
1785432865.25,103,drive,3,1.0,15.0,40.733,25.11,249.74,0.1691,0.2248,0.0499,0.1979,0.0670,0.2566,0.0704,0.0596,0.2141,0.1530,0.2483,0.0572,0.1667,0.1554
1785432865.95,103,drive,0,1.5,15.0,40.733,25.11,249.74,0.1691,0.2278,0.0494,0.1984,0.0694,0.2571,0.0704,0.0606,0.2175,0.1530,0.2458,0.0577,0.1652,0.1540
1785432866.05,103,drive,1,1.5,15.0,40.733,25.11,249.74,0.1686,0.2263,0.0499,0.1965,0.0689,0.2590,0.0699,0.0587,0.2146,0.1559,0.2458,0.0577,0.1681,0.1525
1785432866.14,103,drive,2,1.5,15.0,40.733,25.11,249.74,0.1691,0.2258,0.0474,0.1984,0.0679,0.2551,0.0718,0.0591,0.2165,0.1535,0.2502,0.0557,0.1657,0.1559
1785432866.24,103,drive,3,1.5,15.0,40.733,25.11,249.74,0.1711,0.2287,0.0489,0.2014,0.0674,0.2551,0.0674,0.0577,0.2155,0.1520,0.2493,0.0543,0.1686,0.1559
1785432866.94,103,drive,0,2.0,15.0,40.733,25.11,249.74,0.1672,0.2258,0.0494,0.1984,0.0670,0.2561,0.0674,0.0601,0.2185,0.1544,0.2463,0.0577,0.1657,0.1544
1785432867.03,103,drive,1,2.0,15.0,40.733,25.11,249.74,0.1706,0.2263,0.0484,0.1975,0.0674,0.2556,0.0714,0.0621,0.2165,0.1554,0.2493,0.0591,0.1676,0.1559
1785432867.13,103,drive,2,2.0,15.0,40.733,25.11,249.74,0.1667,0.2243,0.0494,0.1994,0.0699,0.2590,0.0689,0.0611,0.2170,0.1544,0.2449,0.0577,0.1686,0.1554
1785432867.23,103,drive,3,2.0,15.0,40.733,25.11,249.74,0.1696,0.2253,0.0503,0.1999,0.0684,0.2590,0.0684,0.0601,0.2151,0.1549,0.2483,0.0552,0.1667,0.1549
1785432867.92,103,drive,0,2.5,15.0,40.733,25.11,249.74,0.1676,0.2283,0.0489,0.1965,0.0674,0.2605,0.0689,0.0596,0.2165,0.1554,0.2473,0.0591,0.1676,0.1544
1785432868.02,103,drive,1,2.5,15.0,40.733,25.11,249.74,0.1676,0.2248,0.0484,0.1994,0.0670,0.2566,0.0694,0.0596,0.2155,0.1540,0.2468,0.0591,0.1642,0.1510
1785432868.12,103,drive,2,2.5,15.0,40.733,25.11,249.74,0.1706,0.2253,0.0503,0.1984,0.0684,0.2561,0.0699,0.0601,0.2165,0.1559,0.2458,0.0567,0.1647,0.1564
1785432868.21,103,drive,3,2.5,15.0,40.733,25.11,249.74,0.1676,0.2253,0.0489,0.1965,0.0684,0.2586,0.0694,0.0626,0.2175,0.1554,0.2449,0.0567,0.1657,0.1574
1785432868.91,103,drive,0,3.0,15.0,40.733,25.11,249.74,0.1691,0.2263,0.0494,0.1994,0.0684,0.2561,0.0679,0.0626,0.2155,0.1525,0.2473,0.0567,0.1667,0.1525
1785432869.01,103,drive,1,3.0,15.0,40.733,25.11,249.74,0.1686,0.2258,0.0499,0.1984,0.0679,0.2595,0.0670,0.0587,0.2155,0.1554,0.2493,0.0582,0.1667,0.1535
1785432869.10,103,drive,2,3.0,15.0,40.733,25.11,249.74,0.1647,0.2224,0.0484,0.1975,0.0684,0.2546,0.0699,0.0626,0.2160,0.1544,0.2473,0.0577,0.1667,0.1554
1785432869.20,103,drive,3,3.0,15.0,40.733,25.11,249.74,0.1691,0.2258,0.0508,0.1994,0.0645,0.2586,0.0704,0.0596,0.2141,0.1530,0.2468,0.0582,0.1657,0.1549
1785432869.89,103,drive,0,3.5,15.0,40.733,25.11,249.74,0.1672,0.2248,0.0489,0.1994,0.0670,0.2527,0.0689,0.0640,0.2141,0.1535,0.2454,0.0567,0.1667,0.1559
1785432869.99,103,drive,1,3.5,15.0,40.733,25.11,249.74,0.1681,0.2229,0.0494,0.1955,0.0684,0.2571,0.0694,0.0606,0.2151,0.1549,0.2478,0.0572,0.1662,0.1544
1785432870.09,103,drive,2,3.5,15.0,40.733,25.11,249.74,0.1676,0.2243,0.0499,0.1970,0.0679,0.2561,0.0699,0.0601,0.2155,0.1554,0.2463,0.0567,0.1667,0.1525
1785432870.19,103,drive,3,3.5,15.0,40.733,25.11,249.74,0.1657,0.2239,0.0479,0.1984,0.0689,0.2581,0.0714,0.0587,0.2155,0.1549,0.2468,0.0587,0.1667,0.1540
1785432870.88,103,drive,0,4.0,15.0,40.733,25.11,249.74,0.1672,0.2248,0.0479,0.2009,0.0689,0.2556,0.0684,0.0601,0.2180,0.1535,0.2463,0.0577,0.1667,0.1549
1785432870.97,103,drive,1,4.0,15.0,40.733,25.11,249.74,0.1672,0.2253,0.0479,0.1989,0.0679,0.2561,0.0709,0.0611,0.2155,0.1515,0.2483,0.0596,0.1662,0.1540
1785432871.07,103,drive,2,4.0,15.0,40.733,25.11,249.74,0.1691,0.2234,0.0489,0.1994,0.0674,0.2551,0.0689,0.0635,0.2155,0.1540,0.2493,0.0596,0.1667,0.1554
1785432871.17,103,drive,3,4.0,15.0,40.733,25.11,249.74,0.1691,0.2219,0.0499,0.1979,0.0665,0.2546,0.0689,0.0591,0.2180,0.1540,0.2478,0.0572,0.1667,0.1554
1785432871.95,104,base,0,0.0,15.0,40.713,25.11,249.74,0.1676,0.2239,0.0469,0.1999,0.0684,0.2586,0.0694,0.0606,0.2151,0.1535,0.2468,0.0587,0.1647,0.1549
1785432872.04,104,base,1,0.0,15.0,40.713,25.11,249.74,0.1672,0.2278,0.0484,0.1989,0.0674,0.2571,0.0699,0.0606,0.2151,0.1535,0.2473,0.0587,0.1672,0.1549
1785432872.14,104,base,2,0.0,15.0,40.713,25.11,249.74,0.1662,0.2243,0.0494,0.1984,0.0679,0.2595,0.0718,0.0621,0.2141,0.1530,0.2458,0.0582,0.1662,0.1540
1785432872.24,104,base,3,0.0,15.0,40.713,25.11,249.74,0.1706,0.2273,0.0464,0.1970,0.0684,0.2595,0.0723,0.0606,0.2151,0.1540,0.2483,0.0567,0.1647,0.1505
1785432872.93,104,drive,0,0.5,15.0,40.713,25.11,249.74,0.1667,0.2248,0.0508,0.1984,0.0694,0.2561,0.0709,0.0601,0.2155,0.1540,0.2473,0.0567,0.1676,0.1510
1785432873.03,104,drive,1,0.5,15.0,40.713,25.11,249.74,0.1657,0.2253,0.0503,0.1999,0.0689,0.2566,0.0679,0.0582,0.2170,0.1525,0.2458,0.0582,0.1647,0.1554
1785432873.13,104,drive,2,0.5,15.0,40.713,25.11,249.74,0.1657,0.2234,0.0508,0.1999,0.0694,0.2586,0.0689,0.0596,0.2151,0.1540,0.2454,0.0562,0.1657,0.1559
1785432873.22,104,drive,3,0.5,15.0,40.713,25.11,249.74,0.1672,0.2248,0.0479,0.1989,0.0689,0.2561,0.0679,0.0587,0.2160,0.1559,0.2458,0.0582,0.1691,0.1535
1785432873.92,104,drive,0,1.0,15.0,40.713,25.11,249.74,0.1686,0.2248,0.0484,0.1989,0.0684,0.2571,0.0709,0.0591,0.2160,0.1530,0.2463,0.0577,0.1681,0.1535
1785432874.02,104,drive,1,1.0,15.0,40.713,25.11,249.74,0.1686,0.2234,0.0499,0.1994,0.0709,0.2576,0.0684,0.0616,0.2155,0.1540,0.2468,0.0577,0.1686,0.1525
1785432874.11,104,drive,2,1.0,15.0,40.713,25.11,249.74,0.1696,0.2258,0.0494,0.1979,0.0689,0.2537,0.0694,0.0601,0.2146,0.1544,0.2478,0.0611,0.1672,0.1535
1785432874.21,104,drive,3,1.0,15.0,40.713,25.11,249.74,0.1662,0.2263,0.0474,0.1999,0.0684,0.2581,0.0699,0.0591,0.2131,0.1549,0.2507,0.0567,0.1662,0.1535
1785432874.90,104,drive,0,1.5,15.0,40.713,25.11,249.74,0.1662,0.2243,0.0503,0.1970,0.0694,0.2581,0.0674,0.0587,0.2180,0.1554,0.2488,0.0562,0.1657,0.1569
1785432875.00,104,drive,1,1.5,15.0,40.713,25.11,249.74,0.1662,0.2258,0.0499,0.1975,0.0684,0.2581,0.0699,0.0621,0.2155,0.1564,0.2439,0.0557,0.1676,0.1520
1785432875.10,104,drive,2,1.5,15.0,40.713,25.11,249.74,0.1711,0.2268,0.0499,0.1994,0.0674,0.2566,0.0699,0.0591,0.2155,0.1544,0.2483,0.0591,0.1672,0.1535
1785432875.20,104,drive,3,1.5,15.0,40.713,25.11,249.74,0.1676,0.2243,0.0499,0.1989,0.0679,0.2576,0.0699,0.0621,0.2155,0.1515,0.2444,0.0596,0.1672,0.1530
1785432875.89,104,drive,0,2.0,15.0,40.713,25.11,249.74,0.1676,0.2243,0.0484,0.1979,0.0660,0.2586,0.0709,0.0591,0.2155,0.1520,0.2458,0.0591,0.1652,0.1540
1785432875.99,104,drive,1,2.0,15.0,40.713,25.11,249.74,0.1686,0.2258,0.0489,0.1979,0.0699,0.2590,0.0684,0.0616,0.2141,0.1520,0.2468,0.0577,0.1662,0.1535
1785432876.09,104,drive,2,2.0,15.0,40.713,25.11,249.74,0.1672,0.2263,0.0479,0.1994,0.0684,0.2586,0.0709,0.0596,0.2151,0.1535,0.2473,0.0582,0.1652,0.1535
1785432876.18,104,drive,3,2.0,15.0,40.713,25.11,249.74,0.1676,0.2258,0.0499,0.1960,0.0674,0.2576,0.0718,0.0616,0.2146,0.1520,0.2463,0.0572,0.1676,0.1530
1785432876.88,104,drive,0,2.5,15.0,40.713,25.11,249.74,0.1681,0.2234,0.0489,0.1970,0.0704,0.2551,0.0694,0.0611,0.2131,0.1540,0.2473,0.0587,0.1667,0.1525
1785432876.97,104,drive,1,2.5,15.0,40.713,25.11,249.74,0.1691,0.2278,0.0503,0.1989,0.0679,0.2590,0.0709,0.0591,0.2131,0.1549,0.2488,0.0562,0.1657,0.1554
1785432877.07,104,drive,2,2.5,15.0,40.713,25.11,249.74,0.1686,0.2253,0.0494,0.1989,0.0718,0.2590,0.0699,0.0611,0.2151,0.1530,0.2483,0.0562,0.1672,0.1535
1785432877.17,104,drive,3,2.5,15.0,40.713,25.11,249.74,0.1696,0.2248,0.0513,0.1970,0.0709,0.2571,0.0733,0.0601,0.2141,0.1544,0.2468,0.0552,0.1647,0.1540
1785432877.86,104,drive,0,3.0,15.0,40.713,25.11,249.74,0.1701,0.2243,0.0489,0.1994,0.0684,0.2581,0.0679,0.0616,0.2155,0.1535,0.2463,0.0582,0.1667,0.1540
1785432877.96,104,drive,1,3.0,15.0,40.713,25.11,249.74,0.1701,0.2273,0.0464,0.1965,0.0684,0.2556,0.0709,0.0596,0.2141,0.1535,0.2478,0.0611,0.1667,0.1520
1785432878.06,104,drive,2,3.0,15.0,40.713,25.11,249.74,0.1681,0.2234,0.0484,0.2009,0.0684,0.2566,0.0679,0.0606,0.2160,0.1530,0.2473,0.0552,0.1657,0.1525
1785432878.16,104,drive,3,3.0,15.0,40.713,25.11,249.74,0.1672,0.2248,0.0479,0.1965,0.0704,0.2600,0.0704,0.0616,0.2141,0.1520,0.2468,0.0591,0.1667,0.1530
1785432878.85,104,drive,0,3.5,15.0,40.713,25.11,249.74,0.1691,0.2263,0.0508,0.2009,0.0689,0.2566,0.0704,0.0596,0.2131,0.1500,0.2454,0.0591,0.1662,0.1544
1785432878.95,104,drive,1,3.5,15.0,40.713,25.11,249.74,0.1701,0.2273,0.0484,0.1989,0.0694,0.2576,0.0718,0.0611,0.2155,0.1540,0.2498,0.0557,0.1652,0.1530
1785432879.05,104,drive,2,3.5,15.0,40.713,25.11,249.74,0.1681,0.2248,0.0494,0.1999,0.0670,0.2561,0.0728,0.0601,0.2146,0.1525,0.2463,0.0577,0.1642,0.1544
1785432879.14,104,drive,3,3.5,15.0,40.713,25.11,249.74,0.1686,0.2239,0.0479,0.1960,0.0699,0.2551,0.0684,0.0621,0.2160,0.1525,0.2468,0.0611,0.1672,0.1544
1785432879.84,104,drive,0,4.0,15.0,40.713,25.11,249.74,0.1667,0.2258,0.0513,0.1989,0.0660,0.2586,0.0684,0.0611,0.2165,0.1549,0.2449,0.0587,0.1672,0.1540
1785432879.93,104,drive,1,4.0,15.0,40.713,25.11,249.74,0.1686,0.2239,0.0503,0.2019,0.0684,0.2571,0.0699,0.0591,0.2141,0.1540,0.2444,0.0577,0.1667,0.1540
1785432880.03,104,drive,2,4.0,15.0,40.713,25.11,249.74,0.1701,0.2243,0.0494,0.1979,0.0694,0.2581,0.0689,0.0591,0.2155,0.1554,0.2468,0.0562,0.1662,0.1535
1785432880.13,104,drive,3,4.0,15.0,40.713,25.11,249.74,0.1676,0.2253,0.0513,0.1960,0.0699,0.2556,0.0714,0.0582,0.2151,0.1515,0.2468,0.0596,0.1652,0.1540
1785432880.90,105,base,0,0.0,15.0,40.773,25.11,249.74,0.1676,0.2248,0.0469,0.1975,0.0660,0.2576,0.0709,0.0611,0.2146,0.1549,0.2468,0.0591,0.1667,0.1530
1785432880.99,105,base,1,0.0,15.0,40.773,25.11,249.74,0.1676,0.2263,0.0489,0.1975,0.0679,0.2590,0.0709,0.0616,0.2146,0.1510,0.2473,0.0591,0.1667,0.1540
1785432881.09,105,base,2,0.0,15.0,40.773,25.11,249.74,0.1662,0.2287,0.0489,0.1989,0.0694,0.2556,0.0689,0.0611,0.2146,0.1540,0.2478,0.0567,0.1642,0.1544
1785432881.19,105,base,3,0.0,15.0,40.773,25.11,249.74,0.1672,0.2243,0.0503,0.1994,0.0660,0.2581,0.0674,0.0606,0.2131,0.1515,0.2449,0.0577,0.1652,0.1535
1785432881.88,105,drive,0,0.5,15.0,40.773,25.11,249.74,0.1676,0.2248,0.0464,0.1975,0.0704,0.2576,0.0699,0.0596,0.2136,0.1525,0.2483,0.0567,0.1667,0.1530
1785432881.98,105,drive,1,0.5,15.0,40.773,25.11,249.74,0.1672,0.2248,0.0499,0.1979,0.0674,0.2581,0.0694,0.0582,0.2151,0.1520,0.2458,0.0567,0.1657,0.1535
1785432882.08,105,drive,2,0.5,15.0,40.773,25.11,249.74,0.1667,0.2214,0.0503,0.1979,0.0684,0.2576,0.0714,0.0601,0.2146,0.1564,0.2473,0.0577,0.1652,0.1540
1785432882.17,105,drive,3,0.5,15.0,40.773,25.11,249.74,0.1672,0.2263,0.0489,0.1970,0.0684,0.2581,0.0694,0.0596,0.2146,0.1520,0.2498,0.0591,0.1667,0.1535
1785432882.87,105,drive,0,1.0,15.0,40.773,25.11,249.74,0.1657,0.2239,0.0518,0.2009,0.0699,0.2566,0.0709,0.0611,0.2155,0.1520,0.2439,0.0587,0.1657,0.1540
1785432882.97,105,drive,1,1.0,15.0,40.773,25.11,249.74,0.1691,0.2268,0.0494,0.1960,0.0684,0.2576,0.0718,0.0582,0.2136,0.1525,0.2473,0.0587,0.1632,0.1544
1785432883.06,105,drive,2,1.0,15.0,40.773,25.11,249.74,0.1657,0.2278,0.0499,0.1970,0.0699,0.2576,0.0694,0.0596,0.2131,0.1540,0.2458,0.0572,0.1667,0.1525
1785432883.16,105,drive,3,1.0,15.0,40.773,25.11,249.74,0.1691,0.2253,0.0503,0.2004,0.0679,0.2576,0.0679,0.0616,0.2121,0.1530,0.2444,0.0591,0.1667,0.1554
1785432883.86,105,drive,0,1.5,15.0,40.773,25.11,249.74,0.1686,0.2258,0.0503,0.1970,0.0699,0.2566,0.0674,0.0582,0.2146,0.1569,0.2449,0.0572,0.1662,0.1564
1785432883.95,105,drive,1,1.5,15.0,40.773,25.11,249.74,0.1691,0.2209,0.0508,0.2004,0.0660,0.2581,0.0718,0.0630,0.2136,0.1544,0.2458,0.0582,0.1652,0.1535
1785432884.05,105,drive,2,1.5,15.0,40.773,25.11,249.74,0.1691,0.2229,0.0484,0.1984,0.0694,0.2581,0.0699,0.0606,0.2136,0.1569,0.2463,0.0557,0.1672,0.1544
1785432884.15,105,drive,3,1.5,15.0,40.773,25.11,249.74,0.1681,0.2243,0.0484,0.1979,0.0665,0.2576,0.0699,0.0621,0.2131,0.1540,0.2478,0.0552,0.1657,0.1525
1785432884.84,105,drive,0,2.0,15.0,40.773,25.11,249.74,0.1686,0.2268,0.0479,0.1979,0.0684,0.2590,0.0704,0.0606,0.2160,0.1535,0.2463,0.0582,0.1657,0.1535
1785432884.94,105,drive,1,2.0,15.0,40.773,25.11,249.74,0.1672,0.2248,0.0479,0.1999,0.0674,0.2571,0.0684,0.0591,0.2155,0.1530,0.2478,0.0582,0.1652,0.1569
1785432885.04,105,drive,2,2.0,15.0,40.773,25.11,249.74,0.1676,0.2263,0.0464,0.1989,0.0699,0.2556,0.0679,0.0601,0.2126,0.1525,0.2463,0.0567,0.1623,0.1535
1785432885.13,105,drive,3,2.0,15.0,40.773,25.11,249.74,0.1672,0.2263,0.0474,0.1979,0.0689,0.2571,0.0689,0.0601,0.2155,0.1544,0.2468,0.0582,0.1657,0.1535
1785432885.83,105,drive,0,2.5,15.0,40.773,25.11,249.74,0.1681,0.2229,0.0479,0.2004,0.0699,0.2551,0.0694,0.0630,0.2175,0.1530,0.2488,0.0582,0.1657,0.1569
1785432885.93,105,drive,1,2.5,15.0,40.773,25.11,249.74,0.1667,0.2253,0.0494,0.1984,0.0670,0.2586,0.0709,0.0596,0.2121,0.1540,0.2463,0.0557,0.1672,0.1549
1785432886.02,105,drive,2,2.5,15.0,40.773,25.11,249.74,0.1676,0.2263,0.0503,0.2009,0.0689,0.2590,0.0699,0.0587,0.2155,0.1515,0.2449,0.0591,0.1652,0.1540
1785432886.12,105,drive,3,2.5,15.0,40.773,25.11,249.74,0.1691,0.2278,0.0499,0.1989,0.0674,0.2542,0.0689,0.0601,0.2146,0.1520,0.2439,0.0591,0.1657,0.1540
1785432886.82,105,drive,0,3.0,15.0,40.773,25.11,249.74,0.1696,0.2278,0.0479,0.1970,0.0684,0.2590,0.0694,0.0596,0.2146,0.1525,0.2478,0.0572,0.1632,0.1540
1785432886.91,105,drive,1,3.0,15.0,40.773,25.11,249.74,0.1662,0.2258,0.0513,0.1979,0.0699,0.2586,0.0694,0.0591,0.2165,0.1535,0.2439,0.0567,0.1657,0.1510
1785432887.01,105,drive,2,3.0,15.0,40.773,25.11,249.74,0.1686,0.2243,0.0464,0.2004,0.0689,0.2566,0.0689,0.0611,0.2136,0.1540,0.2483,0.0572,0.1676,0.1544
1785432887.11,105,drive,3,3.0,15.0,40.773,25.11,249.74,0.1676,0.2248,0.0499,0.1970,0.0660,0.2556,0.0684,0.0601,0.2165,0.1530,0.2434,0.0567,0.1652,0.1554
1785432887.80,105,drive,0,3.5,15.0,40.773,25.11,249.74,0.1696,0.2234,0.0508,0.1994,0.0674,0.2590,0.0714,0.0601,0.2151,0.1540,0.2493,0.0567,0.1652,0.1549
1785432887.90,105,drive,1,3.5,15.0,40.773,25.11,249.74,0.1691,0.2253,0.0484,0.1965,0.0679,0.2566,0.0694,0.0557,0.2175,0.1544,0.2468,0.0577,0.1657,0.1544
1785432887.99,105,drive,2,3.5,15.0,40.773,25.11,249.74,0.1711,0.2258,0.0489,0.1970,0.0684,0.2551,0.0674,0.0616,0.2155,0.1520,0.2468,0.0587,0.1657,0.1544
1785432888.09,105,drive,3,3.5,15.0,40.773,25.11,249.74,0.1681,0.2234,0.0489,0.1970,0.0689,0.2551,0.0689,0.0630,0.2180,0.1530,0.2468,0.0572,0.1662,0.1530
1785432888.79,105,drive,0,4.0,15.0,40.773,25.11,249.74,0.1681,0.2248,0.0479,0.1989,0.0679,0.2571,0.0694,0.0572,0.2146,0.1549,0.2468,0.0601,0.1667,0.1530
1785432888.88,105,drive,1,4.0,15.0,40.773,25.11,249.74,0.1657,0.2229,0.0503,0.2004,0.0699,0.2576,0.0723,0.0616,0.2146,0.1520,0.2468,0.0567,0.1657,0.1549
1785432888.98,105,drive,2,4.0,15.0,40.773,25.11,249.74,0.1676,0.2258,0.0503,0.1989,0.0694,0.2586,0.0684,0.0582,0.2155,0.1549,0.2444,0.0552,0.1667,0.1554
1785432889.08,105,drive,3,4.0,15.0,40.773,25.11,249.74,0.1691,0.2263,0.0484,0.1960,0.0694,0.2561,0.0694,0.0630,0.2136,0.1535,0.2458,0.0567,0.1652,0.1535
1785432889.85,106,base,0,0.0,15.0,40.773,25.11,249.75,0.1686,0.2263,0.0469,0.1979,0.0684,0.2571,0.0674,0.0601,0.2165,0.1520,0.2434,0.0577,0.1652,0.1544
1785432889.94,106,base,1,0.0,15.0,40.773,25.11,249.75,0.1652,0.2258,0.0479,0.1970,0.0684,0.2586,0.0718,0.0587,0.2121,0.1525,0.2473,0.0591,0.1662,0.1520
1785432890.04,106,base,2,0.0,15.0,40.773,25.11,249.75,0.1701,0.2243,0.0474,0.1984,0.0699,0.2551,0.0714,0.0621,0.2165,0.1525,0.2463,0.0567,0.1642,0.1559
1785432890.14,106,base,3,0.0,15.0,40.773,25.11,249.75,0.1691,0.2253,0.0508,0.1965,0.0674,0.2571,0.0718,0.0577,0.2155,0.1540,0.2458,0.0572,0.1662,0.1535
1785432890.83,106,drive,0,0.5,15.0,40.773,25.11,249.75,0.1696,0.2209,0.0523,0.1984,0.0679,0.2571,0.0723,0.0611,0.2146,0.1549,0.2444,0.0582,0.1686,0.1515
1785432890.93,106,drive,1,0.5,15.0,40.773,25.11,249.75,0.1676,0.2263,0.0464,0.1994,0.0694,0.2542,0.0694,0.0621,0.2165,0.1520,0.2473,0.0591,0.1667,0.1525
1785432891.03,106,drive,2,0.5,15.0,40.773,25.11,249.75,0.1672,0.2263,0.0479,0.1984,0.0665,0.2561,0.0709,0.0606,0.2155,0.1525,0.2478,0.0596,0.1667,0.1554
1785432891.13,106,drive,3,0.5,15.0,40.773,25.11,249.75,0.1691,0.2243,0.0489,0.1984,0.0670,0.2576,0.0699,0.0606,0.2146,0.1520,0.2463,0.0577,0.1637,0.1540
1785432891.82,106,drive,0,1.0,15.0,40.773,25.11,249.75,0.1676,0.2253,0.0479,0.1999,0.0679,0.2576,0.0699,0.0606,0.2160,0.1530,0.2434,0.0577,0.1672,0.1549
1785432891.92,106,drive,1,1.0,15.0,40.773,25.11,249.75,0.1667,0.2258,0.0469,0.1979,0.0674,0.2581,0.0699,0.0606,0.2146,0.1540,0.2444,0.0562,0.1647,0.1525
1785432892.01,106,drive,2,1.0,15.0,40.773,25.11,249.75,0.1701,0.2263,0.0484,0.1970,0.0689,0.2561,0.0689,0.0591,0.2136,0.1554,0.2463,0.0557,0.1662,0.1540
1785432892.11,106,drive,3,1.0,15.0,40.773,25.11,249.75,0.1701,0.2268,0.0455,0.1994,0.0689,0.2571,0.0704,0.0596,0.2175,0.1540,0.2473,0.0587,0.1662,0.1549
1785432892.81,106,drive,0,1.5,15.0,40.773,25.11,249.75,0.1672,0.2263,0.0508,0.1965,0.0655,0.2586,0.0665,0.0596,0.2155,0.1540,0.2458,0.0587,0.1652,0.1564
1785432892.91,106,drive,1,1.5,15.0,40.773,25.11,249.75,0.1686,0.2239,0.0503,0.1999,0.0694,0.2556,0.0689,0.0611,0.2160,0.1520,0.2483,0.0591,0.1672,0.1549
1785432893.00,106,drive,2,1.5,15.0,40.773,25.11,249.75,0.1672,0.2268,0.0489,0.1989,0.0694,0.2551,0.0723,0.0596,0.2146,0.1510,0.2458,0.0587,0.1657,0.1544
1785432893.10,106,drive,3,1.5,15.0,40.773,25.11,249.75,0.1686,0.2253,0.0494,0.1989,0.0694,0.2556,0.0694,0.0611,0.2146,0.1535,0.2463,0.0587,0.1662,0.1530
1785432893.79,106,drive,0,2.0,15.0,40.773,25.11,249.75,0.1686,0.2273,0.0479,0.1975,0.0684,0.2551,0.0674,0.0601,0.2151,0.1554,0.2478,0.0557,0.1647,0.1559
1785432893.89,106,drive,1,2.0,15.0,40.773,25.11,249.75,0.1711,0.2243,0.0508,0.1979,0.0674,0.2586,0.0684,0.0582,0.2141,0.1540,0.2473,0.0582,0.1662,0.1544
1785432893.99,106,drive,2,2.0,15.0,40.773,25.11,249.75,0.1652,0.2234,0.0499,0.1970,0.0684,0.2561,0.0709,0.0601,0.2151,0.1515,0.2458,0.0577,0.1647,0.1549
1785432894.09,106,drive,3,2.0,15.0,40.773,25.11,249.75,0.1657,0.2248,0.0513,0.1965,0.0670,0.2600,0.0709,0.0591,0.2175,0.1549,0.2454,0.0567,0.1691,0.1535
1785432894.78,106,drive,0,2.5,15.0,40.773,25.11,249.75,0.1711,0.2239,0.0494,0.1975,0.0689,0.2546,0.0689,0.0606,0.2155,0.1530,0.2488,0.0591,0.1647,0.1535
1785432894.87,106,drive,1,2.5,15.0,40.773,25.11,249.75,0.1686,0.2253,0.0503,0.1979,0.0679,0.2556,0.0704,0.0611,0.2151,0.1515,0.2463,0.0591,0.1662,0.1530
1785432894.97,106,drive,2,2.5,15.0,40.773,25.11,249.75,0.1676,0.2243,0.0484,0.1975,0.0714,0.2561,0.0699,0.0606,0.2146,0.1510,0.2473,0.0587,0.1667,0.1520
1785432895.07,106,drive,3,2.5,15.0,40.773,25.11,249.75,0.1676,0.2248,0.0499,0.2009,0.0689,0.2571,0.0699,0.0606,0.2136,0.1530,0.2488,0.0596,0.1672,0.1535
1785432895.76,106,drive,0,3.0,15.0,40.773,25.11,249.75,0.1681,0.2234,0.0494,0.1994,0.0674,0.2561,0.0689,0.0596,0.2170,0.1530,0.2468,0.0577,0.1632,0.1530
1785432895.86,106,drive,1,3.0,15.0,40.773,25.11,249.75,0.1686,0.2268,0.0499,0.1975,0.0684,0.2571,0.0689,0.0582,0.2146,0.1540,0.2458,0.0572,0.1652,0.1520
1785432895.96,106,drive,2,3.0,15.0,40.773,25.11,249.75,0.1686,0.2229,0.0474,0.1994,0.0699,0.2561,0.0679,0.0621,0.2136,0.1510,0.2463,0.0567,0.1676,0.1549
1785432896.05,106,drive,3,3.0,15.0,40.773,25.11,249.75,0.1652,0.2248,0.0518,0.1979,0.0665,0.2581,0.0704,0.0582,0.2151,0.1535,0.2454,0.0543,0.1647,0.1554
1785432896.75,106,drive,0,3.5,15.0,40.773,25.11,249.75,0.1676,0.2224,0.0469,0.1999,0.0684,0.2576,0.0679,0.0601,0.2146,0.1540,0.2468,0.0572,0.1676,0.1515
1785432896.85,106,drive,1,3.5,15.0,40.773,25.11,249.75,0.1647,0.2258,0.0499,0.1999,0.0674,0.2586,0.0704,0.0611,0.2141,0.1535,0.2419,0.0567,0.1667,0.1520
1785432896.94,106,drive,2,3.5,15.0,40.773,25.11,249.75,0.1662,0.2263,0.0474,0.1955,0.0665,0.2576,0.0704,0.0591,0.2155,0.1525,0.2434,0.0587,0.1657,0.1520
1785432897.04,106,drive,3,3.5,15.0,40.773,25.11,249.75,0.1681,0.2263,0.0513,0.1994,0.0684,0.2561,0.0699,0.0582,0.2170,0.1505,0.2454,0.0587,0.1676,0.1540
1785432897.73,106,drive,0,4.0,15.0,40.773,25.11,249.75,0.1672,0.2283,0.0484,0.1960,0.0689,0.2566,0.0670,0.0630,0.2126,0.1535,0.2468,0.0587,0.1667,0.1544
1785432897.83,106,drive,1,4.0,15.0,40.773,25.11,249.75,0.1672,0.2253,0.0484,0.1960,0.0699,0.2590,0.0733,0.0596,0.2136,0.1540,0.2458,0.0582,0.1637,0.1544
1785432897.93,106,drive,2,4.0,15.0,40.773,25.11,249.75,0.1662,0.2243,0.0499,0.1999,0.0670,0.2571,0.0709,0.0606,0.2151,0.1549,0.2473,0.0557,0.1637,0.1535
1785432898.03,106,drive,3,4.0,15.0,40.773,25.11,249.75,0.1691,0.2258,0.0489,0.1989,0.0674,0.2561,0.0689,0.0611,0.2146,0.1515,0.2454,0.0596,0.1672,0.1515
1785432898.80,107,base,0,0.0,15.0,40.833,25.11,249.75,0.1701,0.2248,0.0474,0.1999,0.0660,0.2566,0.0704,0.0616,0.2141,0.1520,0.2444,0.0587,0.1647,0.1544
1785432898.90,107,base,1,0.0,15.0,40.833,25.11,249.75,0.1716,0.2248,0.0469,0.1979,0.0704,0.2566,0.0699,0.0591,0.2146,0.1535,0.2449,0.0543,0.1628,0.1544
1785432898.99,107,base,2,0.0,15.0,40.833,25.11,249.75,0.1711,0.2258,0.0474,0.2004,0.0694,0.2571,0.0709,0.0587,0.2141,0.1505,0.2468,0.0567,0.1642,0.1549
1785432899.09,107,base,3,0.0,15.0,40.833,25.11,249.75,0.1672,0.2263,0.0499,0.1984,0.0679,0.2576,0.0704,0.0582,0.2141,0.1535,0.2458,0.0577,0.1647,0.1540
1785432899.79,107,drive,0,0.5,15.0,40.833,25.11,249.75,0.1681,0.2263,0.0489,0.1970,0.0674,0.2576,0.0699,0.0606,0.2126,0.1554,0.2458,0.0572,0.1667,0.1530
1785432899.88,107,drive,1,0.5,15.0,40.833,25.11,249.75,0.1691,0.2268,0.0489,0.1955,0.0689,0.2566,0.0718,0.0582,0.2136,0.1540,0.2439,0.0591,0.1657,0.1530
1785432899.98,107,drive,2,0.5,15.0,40.833,25.11,249.75,0.1681,0.2243,0.0479,0.1955,0.0684,0.2576,0.0684,0.0587,0.2136,0.1520,0.2458,0.0591,0.1667,0.1549
1785432900.08,107,drive,3,0.5,15.0,40.833,25.11,249.75,0.1647,0.2253,0.0499,0.1989,0.0709,0.2576,0.0704,0.0587,0.2126,0.1530,0.2458,0.0567,0.1667,0.1535
1785432900.77,107,drive,0,1.0,15.0,40.833,25.11,249.75,0.1691,0.2273,0.0523,0.1979,0.0660,0.2551,0.0709,0.0606,0.2131,0.1520,0.2463,0.0587,0.1686,0.1530
1785432900.87,107,drive,1,1.0,15.0,40.833,25.11,249.75,0.1652,0.2224,0.0499,0.1989,0.0684,0.2556,0.0694,0.0601,0.2141,0.1525,0.2463,0.0587,0.1662,0.1544
1785432900.97,107,drive,2,1.0,15.0,40.833,25.11,249.75,0.1676,0.2243,0.0484,0.1989,0.0684,0.2581,0.0704,0.0606,0.2160,0.1525,0.2454,0.0577,0.1647,0.1530
1785432901.06,107,drive,3,1.0,15.0,40.833,25.11,249.75,0.1672,0.2253,0.0499,0.1975,0.0674,0.2581,0.0718,0.0601,0.2151,0.1535,0.2468,0.0591,0.1657,0.1515
1785432901.76,107,drive,0,1.5,15.0,40.833,25.11,249.75,0.1686,0.2278,0.0474,0.1994,0.0689,0.2546,0.0718,0.0572,0.2131,0.1554,0.2439,0.0582,0.1637,0.1540
1785432901.86,107,drive,1,1.5,15.0,40.833,25.11,249.75,0.1662,0.2253,0.0494,0.1979,0.0670,0.2561,0.0704,0.0601,0.2146,0.1496,0.2454,0.0591,0.1652,0.1554
1785432901.95,107,drive,2,1.5,15.0,40.833,25.11,249.75,0.1696,0.2253,0.0469,0.1994,0.0684,0.2551,0.0718,0.0606,0.2141,0.1525,0.2463,0.0596,0.1642,0.1535
1785432902.05,107,drive,3,1.5,15.0,40.833,25.11,249.75,0.1657,0.2243,0.0494,0.2009,0.0674,0.2586,0.0694,0.0606,0.2141,0.1530,0.2444,0.0577,0.1657,0.1535
1785432902.74,107,drive,0,2.0,15.0,40.833,25.11,249.75,0.1681,0.2224,0.0479,0.1970,0.0704,0.2561,0.0699,0.0626,0.2136,0.1554,0.2468,0.0582,0.1662,0.1544
1785432902.84,107,drive,1,2.0,15.0,40.833,25.11,249.75,0.1662,0.2243,0.0479,0.1994,0.0709,0.2571,0.0679,0.0621,0.2141,0.1530,0.2444,0.0611,0.1647,0.1540
1785432902.93,107,drive,2,2.0,15.0,40.833,25.11,249.75,0.1676,0.2273,0.0489,0.1999,0.0699,0.2576,0.0684,0.0591,0.2180,0.1549,0.2434,0.0587,0.1662,0.1535
1785432903.03,107,drive,3,2.0,15.0,40.833,25.11,249.75,0.1691,0.2224,0.0474,0.2004,0.0699,0.2586,0.0714,0.0601,0.2136,0.1535,0.2468,0.0557,0.1652,0.1554
1785432903.73,107,drive,0,2.5,15.0,40.833,25.11,249.75,0.1706,0.2224,0.0469,0.1989,0.0689,0.2542,0.0704,0.0621,0.2136,0.1520,0.2473,0.0577,0.1667,0.1554
1785432903.82,107,drive,1,2.5,15.0,40.833,25.11,249.75,0.1691,0.2268,0.0469,0.1979,0.0699,0.2561,0.0679,0.0616,0.2136,0.1540,0.2429,0.0596,0.1667,0.1540
1785432903.92,107,drive,2,2.5,15.0,40.833,25.11,249.75,0.1676,0.2229,0.0503,0.2004,0.0684,0.2571,0.0694,0.0606,0.2141,0.1554,0.2449,0.0557,0.1667,0.1540
1785432904.02,107,drive,3,2.5,15.0,40.833,25.11,249.75,0.1686,0.2248,0.0508,0.2004,0.0684,0.2561,0.0709,0.0630,0.2131,0.1530,0.2463,0.0567,0.1642,0.1544
1785432904.71,107,drive,0,3.0,15.0,40.833,25.11,249.75,0.1701,0.2248,0.0479,0.1994,0.0674,0.2590,0.0699,0.0616,0.2131,0.1540,0.2463,0.0601,0.1662,0.1544
1785432904.81,107,drive,1,3.0,15.0,40.833,25.11,249.75,0.1667,0.2273,0.0508,0.1955,0.0679,0.2576,0.0709,0.0587,0.2155,0.1549,0.2454,0.0606,0.1662,0.1515
1785432904.91,107,drive,2,3.0,15.0,40.833,25.11,249.75,0.1672,0.2253,0.0508,0.1984,0.0655,0.2595,0.0694,0.0611,0.2151,0.1530,0.2449,0.0572,0.1676,0.1540
1785432905.01,107,drive,3,3.0,15.0,40.833,25.11,249.75,0.1681,0.2248,0.0489,0.1975,0.0670,0.2566,0.0709,0.0587,0.2151,0.1530,0.2454,0.0582,0.1676,0.1535
1785432905.70,107,drive,0,3.5,15.0,40.833,25.11,249.75,0.1672,0.2239,0.0484,0.1975,0.0694,0.2566,0.0709,0.0606,0.2126,0.1549,0.2429,0.0577,0.1672,0.1535
1785432905.80,107,drive,1,3.5,15.0,40.833,25.11,249.75,0.1676,0.2248,0.0479,0.1970,0.0684,0.2566,0.0689,0.0582,0.2155,0.1540,0.2444,0.0572,0.1652,0.1549
1785432905.90,107,drive,2,3.5,15.0,40.833,25.11,249.75,0.1716,0.2248,0.0503,0.1999,0.0679,0.2581,0.0694,0.0577,0.2146,0.1535,0.2444,0.0562,0.1662,0.1544
1785432905.99,107,drive,3,3.5,15.0,40.833,25.11,249.75,0.1662,0.2243,0.0474,0.1984,0.0660,0.2561,0.0699,0.0621,0.2121,0.1535,0.2458,0.0591,0.1662,0.1540
1785432906.69,107,drive,0,4.0,15.0,40.833,25.11,249.75,0.1696,0.2239,0.0484,0.1955,0.0684,0.2571,0.0704,0.0596,0.2136,0.1540,0.2483,0.0567,0.1667,0.1544
1785432906.78,107,drive,1,4.0,15.0,40.833,25.11,249.75,0.1681,0.2234,0.0484,0.1970,0.0704,0.2590,0.0699,0.0601,0.2151,0.1530,0.2454,0.0572,0.1652,0.1540
1785432906.88,107,drive,2,4.0,15.0,40.833,25.11,249.75,0.1662,0.2248,0.0464,0.1989,0.0709,0.2556,0.0723,0.0572,0.2170,0.1535,0.2463,0.0596,0.1637,0.1525
1785432906.98,107,drive,3,4.0,15.0,40.833,25.11,249.75,0.1681,0.2243,0.0484,0.1999,0.0679,0.2595,0.0674,0.0577,0.2151,0.1549,0.2449,0.0577,0.1667,0.1554
1785432907.75,108,base,0,0.0,15.0,40.753,25.11,249.75,0.1686,0.2268,0.0489,0.1979,0.0665,0.2595,0.0704,0.0606,0.2141,0.1540,0.2419,0.0582,0.1676,0.1520
1785432907.84,108,base,1,0.0,15.0,40.753,25.11,249.75,0.1691,0.2234,0.0494,0.1965,0.0679,0.2586,0.0704,0.0606,0.2155,0.1549,0.2444,0.0557,0.1681,0.1540
1785432907.94,108,base,2,0.0,15.0,40.753,25.11,249.75,0.1681,0.2263,0.0508,0.1984,0.0660,0.2566,0.0709,0.0630,0.2111,0.1520,0.2468,0.0601,0.1647,0.1525
1785432908.04,108,base,3,0.0,15.0,40.753,25.11,249.75,0.1686,0.2243,0.0499,0.1994,0.0674,0.2571,0.0709,0.0616,0.2111,0.1530,0.2434,0.0572,0.1657,0.1535
1785432908.73,108,drive,0,0.5,15.0,40.753,25.11,249.75,0.1676,0.2253,0.0508,0.1975,0.0679,0.2576,0.0709,0.0587,0.2141,0.1515,0.2454,0.0567,0.1667,0.1520
1785432908.83,108,drive,1,0.5,15.0,40.753,25.11,249.75,0.1676,0.2243,0.0484,0.1975,0.0694,0.2561,0.0709,0.0582,0.2131,0.1525,0.2449,0.0596,0.1647,0.1530
1785432908.93,108,drive,2,0.5,15.0,40.753,25.11,249.75,0.1681,0.2253,0.0484,0.1975,0.0679,0.2586,0.0718,0.0626,0.2141,0.1510,0.2454,0.0572,0.1662,0.1544
1785432909.02,108,drive,3,0.5,15.0,40.753,25.11,249.75,0.1676,0.2234,0.0489,0.1979,0.0684,0.2581,0.0699,0.0606,0.2131,0.1544,0.2463,0.0552,0.1667,0.1544
1785432909.72,108,drive,0,1.0,15.0,40.753,25.11,249.75,0.1681,0.2258,0.0479,0.2009,0.0679,0.2561,0.0709,0.0596,0.2141,0.1530,0.2454,0.0577,0.1672,0.1535
1785432909.82,108,drive,1,1.0,15.0,40.753,25.11,249.75,0.1691,0.2243,0.0494,0.1975,0.0655,0.2566,0.0704,0.0616,0.2151,0.1525,0.2439,0.0567,0.1691,0.1520
1785432909.91,108,drive,2,1.0,15.0,40.753,25.11,249.75,0.1691,0.2253,0.0489,0.1979,0.0684,0.2581,0.0728,0.0587,0.2126,0.1535,0.2458,0.0587,0.1647,0.1540
1785432910.01,108,drive,3,1.0,15.0,40.753,25.11,249.75,0.1696,0.2234,0.0479,0.2009,0.0694,0.2537,0.0689,0.0601,0.2160,0.1525,0.2439,0.0591,0.1672,0.1554
1785432910.71,108,drive,0,1.5,15.0,40.753,25.11,249.75,0.1696,0.2234,0.0513,0.2004,0.0694,0.2542,0.0699,0.0611,0.2121,0.1520,0.2454,0.0606,0.1642,0.1540
1785432910.80,108,drive,1,1.5,15.0,40.753,25.11,249.75,0.1706,0.2224,0.0479,0.1999,0.0689,0.2566,0.0674,0.0596,0.2160,0.1540,0.2444,0.0572,0.1652,0.1554
1785432910.90,108,drive,2,1.5,15.0,40.753,25.11,249.75,0.1667,0.2239,0.0474,0.1999,0.0674,0.2566,0.0704,0.0587,0.2165,0.1544,0.2458,0.0582,0.1662,0.1554
1785432911.00,108,drive,3,1.5,15.0,40.753,25.11,249.75,0.1657,0.2273,0.0503,0.1989,0.0679,0.2566,0.0714,0.0606,0.2146,0.1535,0.2473,0.0572,0.1642,0.1549
1785432911.69,108,drive,0,2.0,15.0,40.753,25.11,249.75,0.1676,0.2268,0.0494,0.1989,0.0699,0.2586,0.0699,0.0611,0.2141,0.1510,0.2434,0.0587,0.1662,0.1505
1785432911.79,108,drive,1,2.0,15.0,40.753,25.11,249.75,0.1701,0.2248,0.0494,0.1960,0.0694,0.2556,0.0714,0.0591,0.2151,0.1540,0.2468,0.0587,0.1657,0.1544
1785432911.89,108,drive,2,2.0,15.0,40.753,25.11,249.75,0.1701,0.2243,0.0503,0.1975,0.0699,0.2556,0.0684,0.0601,0.2146,0.1520,0.2454,0.0582,0.1647,0.1564
1785432911.98,108,drive,3,2.0,15.0,40.753,25.11,249.75,0.1657,0.2268,0.0494,0.1979,0.0709,0.2586,0.0699,0.0606,0.2160,0.1525,0.2424,0.0577,0.1642,0.1544
1785432912.68,108,drive,0,2.5,15.0,40.753,25.11,249.75,0.1691,0.2234,0.0499,0.1979,0.0704,0.2576,0.0694,0.0591,0.2155,0.1525,0.2434,0.0577,0.1647,0.1535
1785432912.78,108,drive,1,2.5,15.0,40.753,25.11,249.75,0.1691,0.2263,0.0494,0.1994,0.0689,0.2581,0.0709,0.0606,0.2155,0.1540,0.2478,0.0587,0.1681,0.1559
1785432912.87,108,drive,2,2.5,15.0,40.753,25.11,249.75,0.1667,0.2248,0.0494,0.1979,0.0704,0.2586,0.0689,0.0611,0.2146,0.1535,0.2468,0.0567,0.1647,0.1544
1785432912.97,108,drive,3,2.5,15.0,40.753,25.11,249.75,0.1696,0.2263,0.0494,0.1975,0.0684,0.2527,0.0718,0.0596,0.2155,0.1530,0.2468,0.0601,0.1672,0.1535
1785432913.66,108,drive,0,3.0,15.0,40.753,25.11,249.75,0.1667,0.2258,0.0513,0.1960,0.0674,0.2586,0.0718,0.0606,0.2116,0.1520,0.2473,0.0587,0.1681,0.1549
1785432913.76,108,drive,1,3.0,15.0,40.753,25.11,249.75,0.1676,0.2248,0.0503,0.1975,0.0699,0.2556,0.0723,0.0621,0.2126,0.1510,0.2444,0.0567,0.1657,0.1549
1785432913.86,108,drive,2,3.0,15.0,40.753,25.11,249.75,0.1691,0.2239,0.0484,0.1999,0.0684,0.2576,0.0684,0.0611,0.2136,0.1510,0.2468,0.0572,0.1676,0.1505
1785432913.96,108,drive,3,3.0,15.0,40.753,25.11,249.75,0.1696,0.2243,0.0513,0.1940,0.0684,0.2566,0.0718,0.0596,0.2141,0.1559,0.2468,0.0562,0.1672,0.1559
1785432914.65,108,drive,0,3.5,15.0,40.753,25.11,249.75,0.1686,0.2273,0.0499,0.1965,0.0684,0.2576,0.0694,0.0591,0.2170,0.1520,0.2449,0.0582,0.1662,0.1549
1785432914.75,108,drive,1,3.5,15.0,40.753,25.11,249.75,0.1686,0.2263,0.0489,0.1999,0.0684,0.2566,0.0709,0.0601,0.2151,0.1525,0.2463,0.0572,0.1647,0.1559
1785432914.85,108,drive,2,3.5,15.0,40.753,25.11,249.75,0.1696,0.2239,0.0484,0.2004,0.0723,0.2566,0.0699,0.0601,0.2151,0.1544,0.2444,0.0572,0.1657,0.1544
1785432914.94,108,drive,3,3.5,15.0,40.753,25.11,249.75,0.1711,0.2263,0.0479,0.1979,0.0679,0.2571,0.0709,0.0601,0.2116,0.1520,0.2458,0.0587,0.1652,0.1549
1785432915.64,108,drive,0,4.0,15.0,40.753,25.11,249.75,0.1691,0.2268,0.0503,0.1979,0.0694,0.2590,0.0699,0.0572,0.2160,0.1530,0.2434,0.0587,0.1676,0.1544
1785432915.73,108,drive,1,4.0,15.0,40.753,25.11,249.75,0.1691,0.2239,0.0479,0.1970,0.0684,0.2610,0.0714,0.0616,0.2146,0.1505,0.2444,0.0577,0.1657,0.1544
1785432915.83,108,drive,2,4.0,15.0,40.753,25.11,249.75,0.1681,0.2263,0.0518,0.1979,0.0704,0.2571,0.0704,0.0616,0.2136,0.1540,0.2429,0.0587,0.1657,0.1544
1785432915.93,108,drive,3,4.0,15.0,40.753,25.11,249.75,0.1657,0.2248,0.0484,0.2023,0.0699,0.2581,0.0689,0.0591,0.2146,0.1540,0.2444,0.0577,0.1652,0.1554
1785432916.70,116,base,0,0.0,15.0,40.713,25.11,249.75,0.1681,0.2263,0.0499,0.1970,0.0709,0.2576,0.0704,0.0596,0.2155,0.1530,0.2429,0.0552,0.1652,0.1530
1785432916.80,116,base,1,0.0,15.0,40.713,25.11,249.75,0.1681,0.2258,0.0518,0.1989,0.0679,0.2595,0.0704,0.0616,0.2136,0.1535,0.2454,0.0577,0.1667,0.1515
1785432916.90,116,base,2,0.0,15.0,40.713,25.11,249.75,0.1676,0.2263,0.0494,0.1970,0.0694,0.2556,0.0694,0.0616,0.2146,0.1540,0.2434,0.0572,0.1657,0.1540
1785432916.99,116,base,3,0.0,15.0,40.713,25.11,249.75,0.1676,0.2268,0.0489,0.1975,0.0679,0.2571,0.0699,0.0596,0.2136,0.1540,0.2439,0.0577,0.1647,0.1540
1785432917.69,116,drive,0,0.5,15.0,40.713,25.11,249.75,0.1676,0.2263,0.0489,0.1984,0.0684,0.2590,0.0689,0.0611,0.2136,0.1525,0.2429,0.0562,0.1647,0.1540
1785432917.79,116,drive,1,0.5,15.0,40.713,25.11,249.75,0.1686,0.2253,0.0474,0.1994,0.0679,0.2571,0.0699,0.0611,0.2136,0.1520,0.2444,0.0582,0.1632,0.1540
1785432917.88,116,drive,2,0.5,15.0,40.713,25.11,249.75,0.1681,0.2253,0.0489,0.1994,0.0699,0.2566,0.0704,0.0606,0.2146,0.1520,0.2424,0.0582,0.1652,0.1559
1785432917.98,116,drive,3,0.5,15.0,40.713,25.11,249.75,0.1647,0.2258,0.0499,0.1994,0.0679,0.2566,0.0684,0.0591,0.2141,0.1530,0.2454,0.0552,0.1667,0.1540
1785432918.68,116,drive,0,1.0,15.0,40.713,25.11,249.75,0.1672,0.2243,0.0499,0.2004,0.0718,0.2571,0.0699,0.0601,0.2126,0.1544,0.2458,0.0582,0.1632,0.1554
1785432918.77,116,drive,1,1.0,15.0,40.713,25.11,249.75,0.1672,0.2229,0.0523,0.1989,0.0699,0.2566,0.0733,0.0582,0.2131,0.1525,0.2458,0.0562,0.1676,0.1520
1785432918.87,116,drive,2,1.0,15.0,40.713,25.11,249.75,0.1706,0.2248,0.0474,0.1994,0.0670,0.2581,0.0709,0.0591,0.2111,0.1540,0.2449,0.0601,0.1657,0.1540
1785432918.97,116,drive,3,1.0,15.0,40.713,25.11,249.75,0.1676,0.2268,0.0503,0.1979,0.0694,0.2566,0.0674,0.0611,0.2160,0.1515,0.2454,0.0591,0.1647,0.1549
1785432919.66,116,drive,0,1.5,15.0,40.713,25.11,249.75,0.1691,0.2268,0.0484,0.1979,0.0689,0.2566,0.0704,0.0591,0.2146,0.1549,0.2473,0.0587,0.1667,0.1540
1785432919.76,116,drive,1,1.5,15.0,40.713,25.11,249.75,0.1662,0.2243,0.0494,0.1989,0.0689,0.2551,0.0714,0.0611,0.2126,0.1515,0.2493,0.0606,0.1667,0.1525
1785432919.86,116,drive,2,1.5,15.0,40.713,25.11,249.75,0.1676,0.2224,0.0494,0.1999,0.0699,0.2561,0.0699,0.0601,0.2121,0.1535,0.2429,0.0582,0.1681,0.1549
1785432919.95,116,drive,3,1.5,15.0,40.713,25.11,249.75,0.1691,0.2268,0.0479,0.1984,0.0660,0.2590,0.0723,0.0591,0.2151,0.1544,0.2444,0.0591,0.1672,0.1540
1785432920.65,116,drive,0,2.0,15.0,40.713,25.11,249.75,0.1681,0.2283,0.0484,0.1970,0.0694,0.2581,0.0689,0.0611,0.2136,0.1535,0.2449,0.0611,0.1647,0.1540
1785432920.75,116,drive,1,2.0,15.0,40.713,25.11,249.75,0.1686,0.2278,0.0494,0.2014,0.0684,0.2571,0.0718,0.0596,0.2116,0.1515,0.2449,0.0591,0.1642,0.1554
1785432920.84,116,drive,2,2.0,15.0,40.713,25.11,249.75,0.1686,0.2268,0.0484,0.2009,0.0674,0.2566,0.0699,0.0630,0.2136,0.1530,0.2449,0.0606,0.1647,0.1530
1785432920.94,116,drive,3,2.0,15.0,40.713,25.11,249.75,0.1681,0.2268,0.0499,0.1984,0.0694,0.2586,0.0699,0.0606,0.2131,0.1535,0.2444,0.0577,0.1662,0.1510
1785432921.63,116,drive,0,2.5,15.0,40.713,25.11,249.75,0.1681,0.2273,0.0489,0.1975,0.0684,0.2561,0.0689,0.0596,0.2151,0.1520,0.2458,0.0601,0.1657,0.1535
1785432921.73,116,drive,1,2.5,15.0,40.713,25.11,249.75,0.1676,0.2258,0.0494,0.1975,0.0655,0.2590,0.0704,0.0596,0.2151,0.1530,0.2439,0.0577,0.1642,0.1554
1785432921.83,116,drive,2,2.5,15.0,40.713,25.11,249.75,0.1662,0.2263,0.0503,0.2019,0.0689,0.2586,0.0679,0.0621,0.2136,0.1535,0.2410,0.0582,0.1676,0.1525
1785432921.93,116,drive,3,2.5,15.0,40.713,25.11,249.75,0.1647,0.2243,0.0484,0.1979,0.0689,0.2561,0.0694,0.0621,0.2146,0.1554,0.2434,0.0552,0.1647,0.1559
1785432922.62,116,drive,0,3.0,15.0,40.713,25.11,249.75,0.1681,0.2258,0.0484,0.1965,0.0684,0.2586,0.0699,0.0596,0.2126,0.1544,0.2454,0.0572,0.1667,0.1540
1785432922.72,116,drive,1,3.0,15.0,40.713,25.11,249.75,0.1667,0.2243,0.0503,0.1989,0.0674,0.2571,0.0679,0.0601,0.2131,0.1530,0.2444,0.0591,0.1676,0.1544
1785432922.82,116,drive,2,3.0,15.0,40.713,25.11,249.75,0.1676,0.2243,0.0489,0.1994,0.0704,0.2595,0.0689,0.0606,0.2131,0.1559,0.2439,0.0572,0.1676,0.1564
1785432922.91,116,drive,3,3.0,15.0,40.713,25.11,249.75,0.1672,0.2253,0.0479,0.1970,0.0694,0.2576,0.0733,0.0601,0.2141,0.1540,0.2458,0.0577,0.1657,0.1535
1785432923.61,116,drive,0,3.5,15.0,40.713,25.11,249.75,0.1672,0.2258,0.0479,0.1965,0.0684,0.2581,0.0694,0.0621,0.2131,0.1491,0.2473,0.0572,0.1647,0.1515
1785432923.70,116,drive,1,3.5,15.0,40.713,25.11,249.75,0.1691,0.2253,0.0494,0.1999,0.0704,0.2542,0.0684,0.0582,0.2146,0.1525,0.2454,0.0577,0.1608,0.1564
1785432923.80,116,drive,2,3.5,15.0,40.713,25.11,249.75,0.1686,0.2243,0.0479,0.1984,0.0704,0.2571,0.0704,0.0606,0.2136,0.1530,0.2458,0.0572,0.1637,0.1554
1785432923.90,116,drive,3,3.5,15.0,40.713,25.11,249.75,0.1686,0.2234,0.0464,0.1999,0.0689,0.2581,0.0709,0.0611,0.2136,0.1540,0.2463,0.0567,0.1637,0.1559
1785432924.59,116,drive,0,4.0,15.0,40.713,25.11,249.75,0.1676,0.2253,0.0469,0.2004,0.0684,0.2571,0.0704,0.0621,0.2131,0.1530,0.2439,0.0582,0.1642,0.1544
1785432924.69,116,drive,1,4.0,15.0,40.713,25.11,249.75,0.1691,0.2253,0.0464,0.1945,0.0699,0.2566,0.0699,0.0596,0.2131,0.1525,0.2463,0.0582,0.1652,0.1549
1785432924.79,116,drive,2,4.0,15.0,40.713,25.11,249.75,0.1691,0.2248,0.0489,0.1965,0.0679,0.2595,0.0704,0.0601,0.2155,0.1535,0.2463,0.0572,0.1667,0.1535
1785432924.89,116,drive,3,4.0,15.0,40.713,25.11,249.75,0.1667,0.2243,0.0479,0.1984,0.0684,0.2561,0.0684,0.0621,0.2146,0.1510,0.2454,0.0611,0.1681,0.1544
1785432925.65,119,base,0,0.0,15.0,40.753,25.11,249.75,0.1647,0.2268,0.0503,0.1989,0.0684,0.2581,0.0694,0.0601,0.2131,0.1530,0.2444,0.0567,0.1662,0.1559
1785432925.75,119,base,1,0.0,15.0,40.753,25.11,249.75,0.1676,0.2234,0.0503,0.1989,0.0679,0.2561,0.0718,0.0621,0.2131,0.1544,0.2444,0.0591,0.1672,0.1549
1785432925.85,119,base,2,0.0,15.0,40.753,25.11,249.75,0.1686,0.2253,0.0513,0.1975,0.0684,0.2600,0.0704,0.0621,0.2136,0.1510,0.2463,0.0587,0.1672,0.1549
1785432925.94,119,base,3,0.0,15.0,40.753,25.11,249.75,0.1672,0.2258,0.0489,0.1965,0.0694,0.2561,0.0704,0.0601,0.2146,0.1530,0.2444,0.0587,0.1667,0.1530
1785432926.64,119,drive,0,0.5,15.0,40.753,25.11,249.75,0.1672,0.2273,0.0489,0.1989,0.0674,0.2605,0.0674,0.0611,0.2131,0.1549,0.2429,0.0572,0.1652,0.1559
1785432926.74,119,drive,1,0.5,15.0,40.753,25.11,249.75,0.1662,0.2283,0.0503,0.1989,0.0694,0.2566,0.0709,0.0596,0.2126,0.1520,0.2449,0.0611,0.1662,0.1540
1785432926.83,119,drive,2,0.5,15.0,40.753,25.11,249.75,0.1696,0.2273,0.0508,0.1960,0.0665,0.2586,0.0699,0.0577,0.2136,0.1535,0.2458,0.0596,0.1652,0.1530
1785432926.93,119,drive,3,0.5,15.0,40.753,25.11,249.75,0.1696,0.2287,0.0464,0.1965,0.0714,0.2571,0.0694,0.0601,0.2131,0.1540,0.2454,0.0582,0.1647,0.1540
1785432927.63,119,drive,0,1.0,15.0,40.753,25.11,249.75,0.1706,0.2268,0.0484,0.1950,0.0723,0.2576,0.0699,0.0591,0.2151,0.1525,0.2449,0.0591,0.1642,0.1540
1785432927.72,119,drive,1,1.0,15.0,40.753,25.11,249.75,0.1691,0.2224,0.0479,0.1979,0.0684,0.2551,0.0689,0.0626,0.2131,0.1554,0.2473,0.0601,0.1672,0.1535
1785432927.82,119,drive,2,1.0,15.0,40.753,25.11,249.75,0.1696,0.2243,0.0469,0.1970,0.0674,0.2586,0.0699,0.0616,0.2116,0.1544,0.2449,0.0567,0.1642,0.1549
1785432927.92,119,drive,3,1.0,15.0,40.753,25.11,249.75,0.1691,0.2278,0.0479,0.1965,0.0704,0.2581,0.0699,0.0596,0.2160,0.1540,0.2449,0.0572,0.1647,0.1510
1785432928.61,119,drive,0,1.5,15.0,40.753,25.11,249.75,0.1681,0.2239,0.0479,0.1999,0.0674,0.2586,0.0709,0.0596,0.2121,0.1520,0.2444,0.0587,0.1647,0.1549
1785432928.71,119,drive,1,1.5,15.0,40.753,25.11,249.75,0.1676,0.2253,0.0474,0.1975,0.0674,0.2571,0.0704,0.0601,0.2155,0.1510,0.2449,0.0562,0.1637,0.1540
1785432928.81,119,drive,2,1.5,15.0,40.753,25.11,249.75,0.1696,0.2253,0.0469,0.1999,0.0694,0.2576,0.0709,0.0606,0.2155,0.1530,0.2463,0.0601,0.1613,0.1549
1785432928.90,119,drive,3,1.5,15.0,40.753,25.11,249.75,0.1696,0.2263,0.0484,0.1965,0.0694,0.2566,0.0679,0.0587,0.2160,0.1549,0.2439,0.0572,0.1647,0.1544
1785432929.60,119,drive,0,2.0,15.0,40.753,25.11,249.75,0.1662,0.2263,0.0489,0.1970,0.0670,0.2576,0.0704,0.0582,0.2136,0.1540,0.2439,0.0567,0.1662,0.1559
1785432929.69,119,drive,1,2.0,15.0,40.753,25.11,249.75,0.1696,0.2234,0.0508,0.1979,0.0689,0.2590,0.0704,0.0567,0.2146,0.1535,0.2444,0.0577,0.1657,0.1554
1785432929.79,119,drive,2,2.0,15.0,40.753,25.11,249.75,0.1676,0.2229,0.0484,0.1965,0.0670,0.2581,0.0704,0.0596,0.2146,0.1549,0.2449,0.0557,0.1657,0.1530
1785432929.89,119,drive,3,2.0,15.0,40.753,25.11,249.75,0.1686,0.2268,0.0518,0.1979,0.0704,0.2561,0.0718,0.0596,0.2141,0.1515,0.2444,0.0582,0.1632,0.1515
1785432930.58,119,drive,0,2.5,15.0,40.753,25.11,249.75,0.1686,0.2263,0.0479,0.1979,0.0679,0.2571,0.0699,0.0596,0.2155,0.1530,0.2473,0.0572,0.1652,0.1549
1785432930.68,119,drive,1,2.5,15.0,40.753,25.11,249.75,0.1676,0.2224,0.0499,0.1970,0.0674,0.2586,0.0699,0.0606,0.2136,0.1515,0.2458,0.0582,0.1632,0.1549
1785432930.78,119,drive,2,2.5,15.0,40.753,25.11,249.75,0.1652,0.2243,0.0474,0.1989,0.0689,0.2576,0.0670,0.0606,0.2136,0.1535,0.2439,0.0587,0.1662,0.1540
1785432930.87,119,drive,3,2.5,15.0,40.753,25.11,249.75,0.1676,0.2258,0.0503,0.1955,0.0689,0.2595,0.0679,0.0577,0.2141,0.1525,0.2488,0.0572,0.1642,0.1554
1785432931.57,119,drive,0,3.0,15.0,40.753,25.11,249.75,0.1696,0.2263,0.0469,0.1975,0.0674,0.2590,0.0699,0.0587,0.2160,0.1535,0.2478,0.0577,0.1667,0.1540
1785432931.66,119,drive,1,3.0,15.0,40.753,25.11,249.75,0.1686,0.2273,0.0499,0.1999,0.0684,0.2595,0.0723,0.0596,0.2170,0.1549,0.2458,0.0577,0.1676,0.1525
1785432931.76,119,drive,2,3.0,15.0,40.753,25.11,249.75,0.1696,0.2273,0.0494,0.1999,0.0704,0.2600,0.0709,0.0616,0.2141,0.1549,0.2478,0.0582,0.1681,0.1549
1785432931.86,119,drive,3,3.0,15.0,40.753,25.11,249.75,0.1686,0.2263,0.0499,0.1989,0.0694,0.2590,0.0714,0.0616,0.2151,0.1549,0.2458,0.0567,0.1672,0.1544
1785432932.55,119,drive,0,3.5,15.0,40.753,25.11,249.75,0.1696,0.2258,0.0508,0.1984,0.0679,0.2595,0.0714,0.0596,0.2155,0.1569,0.2458,0.0601,0.1681,0.1549
1785432932.65,119,drive,1,3.5,15.0,40.753,25.11,249.75,0.1696,0.2268,0.0489,0.2009,0.0674,0.2586,0.0699,0.0621,0.2155,0.1549,0.2468,0.0606,0.1672,0.1510
1785432932.75,119,drive,2,3.5,15.0,40.753,25.11,249.75,0.1691,0.2263,0.0489,0.2014,0.0694,0.2595,0.0714,0.0616,0.2175,0.1554,0.2424,0.0567,0.1681,0.1540
1785432932.84,119,drive,3,3.5,15.0,40.753,25.11,249.75,0.1691,0.2253,0.0464,0.1999,0.0699,0.2590,0.0709,0.0601,0.2165,0.1549,0.2473,0.0567,0.1672,0.1544
1785432933.54,119,drive,0,4.0,15.0,40.753,25.11,249.75,0.1691,0.2253,0.0484,0.1984,0.0665,0.2595,0.0709,0.0601,0.2180,0.1544,0.2473,0.0587,0.1676,0.1525
1785432933.64,119,drive,1,4.0,15.0,40.753,25.11,249.75,0.1667,0.2268,0.0499,0.1979,0.0694,0.2581,0.0694,0.0596,0.2160,0.1549,0.2473,0.0562,0.1681,0.1535
1785432933.73,119,drive,2,4.0,15.0,40.753,25.11,249.75,0.1686,0.2292,0.0499,0.2023,0.0694,0.2576,0.0704,0.0616,0.2141,0.1540,0.2458,0.0582,0.1676,0.1540
1785432933.83,119,drive,3,4.0,15.0,40.753,25.11,249.75,0.1672,0.2268,0.0499,0.2014,0.0674,0.2600,0.0709,0.0616,0.2165,0.1564,0.2439,0.0577,0.1681,0.1535
1785432934.61,121,base,0,0.0,15.0,40.793,25.11,249.75,0.1716,0.2292,0.0503,0.2014,0.0694,0.2605,0.0684,0.0616,0.2170,0.1549,0.2468,0.0601,0.1676,0.1535
1785432934.70,121,base,1,0.0,15.0,40.793,25.11,249.75,0.1686,0.2248,0.0489,0.2009,0.0709,0.2586,0.0684,0.0621,0.2175,0.1554,0.2478,0.0587,0.1667,0.1549
1785432934.80,121,base,2,0.0,15.0,40.793,25.11,249.75,0.1696,0.2283,0.0464,0.2009,0.0679,0.2571,0.0718,0.0621,0.2180,0.1549,0.2478,0.0587,0.1657,0.1525
1785432934.90,121,base,3,0.0,15.0,40.793,25.11,249.75,0.1706,0.2273,0.0508,0.1984,0.0670,0.2590,0.0699,0.0582,0.2155,0.1549,0.2454,0.0582,0.1676,0.1540
1785432935.59,121,drive,0,0.5,15.0,40.793,25.11,249.75,0.1711,0.2278,0.0508,0.2009,0.0709,0.2581,0.0709,0.0630,0.2190,0.1535,0.2449,0.0577,0.1686,0.1544
1785432935.69,121,drive,1,0.5,15.0,40.793,25.11,249.75,0.1691,0.2287,0.0484,0.2009,0.0709,0.2571,0.0699,0.0591,0.2190,0.1549,0.2478,0.0582,0.1706,0.1535
1785432935.79,121,drive,2,0.5,15.0,40.793,25.11,249.75,0.1701,0.2248,0.0499,0.1999,0.0709,0.2566,0.0704,0.0606,0.2175,0.1535,0.2458,0.0577,0.1681,0.1540
1785432935.88,121,drive,3,0.5,15.0,40.793,25.11,249.75,0.1696,0.2278,0.0508,0.1999,0.0699,0.2586,0.0699,0.0596,0.2170,0.1535,0.2493,0.0601,0.1672,0.1530
1785432936.58,121,drive,0,1.0,15.0,40.793,25.11,249.75,0.1701,0.2292,0.0479,0.2043,0.0699,0.2586,0.0699,0.0606,0.2185,0.1554,0.2439,0.0562,0.1691,0.1540
1785432936.67,121,drive,1,1.0,15.0,40.793,25.11,249.75,0.1686,0.2273,0.0494,0.2028,0.0704,0.2571,0.0709,0.0591,0.2160,0.1549,0.2468,0.0582,0.1676,0.1549
1785432936.77,121,drive,2,1.0,15.0,40.793,25.11,249.75,0.1701,0.2253,0.0499,0.2028,0.0704,0.2571,0.0704,0.0606,0.2195,0.1569,0.2483,0.0582,0.1657,0.1549
1785432936.87,121,drive,3,1.0,15.0,40.793,25.11,249.75,0.1686,0.2268,0.0469,0.2014,0.0694,0.2600,0.0709,0.0616,0.2170,0.1559,0.2483,0.0591,0.1681,0.1549
1785432937.56,121,drive,0,1.5,15.0,40.793,25.11,249.75,0.1681,0.2273,0.0499,0.1999,0.0689,0.2581,0.0709,0.0587,0.2170,0.1549,0.2483,0.0582,0.1676,0.1544
1785432937.66,121,drive,1,1.5,15.0,40.793,25.11,249.75,0.1691,0.2263,0.0513,0.2014,0.0704,0.2610,0.0709,0.0621,0.2185,0.1554,0.2468,0.0562,0.1676,0.1530
1785432937.76,121,drive,2,1.5,15.0,40.793,25.11,249.75,0.1691,0.2297,0.0489,0.2004,0.0694,0.2590,0.0699,0.0596,0.2165,0.1549,0.2434,0.0577,0.1701,0.1564
1785432937.85,121,drive,3,1.5,15.0,40.793,25.11,249.75,0.1681,0.2278,0.0479,0.2014,0.0699,0.2620,0.0684,0.0587,0.2165,0.1549,0.2483,0.0577,0.1672,0.1549
1785432938.55,121,drive,0,2.0,15.0,40.793,25.11,249.75,0.1701,0.2273,0.0503,0.1979,0.0665,0.2576,0.0679,0.0601,0.2155,0.1544,0.2463,0.0587,0.1662,0.1554
1785432938.65,121,drive,1,2.0,15.0,40.793,25.11,249.75,0.1696,0.2278,0.0474,0.2009,0.0714,0.2586,0.0694,0.0611,0.2165,0.1544,0.2468,0.0587,0.1691,0.1549
1785432938.74,121,drive,2,2.0,15.0,40.793,25.11,249.75,0.1691,0.2268,0.0499,0.2004,0.0674,0.2590,0.0714,0.0596,0.2165,0.1554,0.2463,0.0582,0.1686,0.1549
1785432938.84,121,drive,3,2.0,15.0,40.793,25.11,249.75,0.1691,0.2268,0.0489,0.2014,0.0699,0.2586,0.0699,0.0621,0.2160,0.1554,0.2458,0.0567,0.1676,0.1549
1785432939.54,121,drive,0,2.5,15.0,40.793,25.11,249.75,0.1672,0.2273,0.0503,0.2004,0.0665,0.2590,0.0723,0.0611,0.2160,0.1540,0.2468,0.0582,0.1672,0.1515
1785432939.63,121,drive,1,2.5,15.0,40.793,25.11,249.75,0.1681,0.2268,0.0503,0.2019,0.0704,0.2595,0.0743,0.0616,0.2165,0.1544,0.2454,0.0557,0.1701,0.1544
1785432939.73,121,drive,2,2.5,15.0,40.793,25.11,249.75,0.1701,0.2268,0.0494,0.2004,0.0704,0.2600,0.0699,0.0616,0.2175,0.1540,0.2473,0.0572,0.1676,0.1540
1785432939.83,121,drive,3,2.5,15.0,40.793,25.11,249.75,0.1691,0.2273,0.0503,0.1999,0.0674,0.2605,0.0709,0.0587,0.2180,0.1584,0.2458,0.0557,0.1672,0.1559
1785432940.52,121,drive,0,3.0,15.0,40.793,25.11,249.75,0.1681,0.2268,0.0494,0.1984,0.0704,0.2600,0.0728,0.0601,0.2175,0.1564,0.2458,0.0572,0.1667,0.1525
1785432940.62,121,drive,1,3.0,15.0,40.793,25.11,249.75,0.1662,0.2278,0.0494,0.1999,0.0674,0.2581,0.0709,0.0611,0.2160,0.1535,0.2478,0.0582,0.1701,0.1530
1785432940.72,121,drive,2,3.0,15.0,40.793,25.11,249.75,0.1696,0.2283,0.0469,0.2043,0.0699,0.2581,0.0665,0.0621,0.2180,0.1559,0.2468,0.0591,0.1681,0.1530
1785432940.81,121,drive,3,3.0,15.0,40.793,25.11,249.75,0.1686,0.2273,0.0494,0.2009,0.0689,0.2581,0.0709,0.0616,0.2175,0.1544,0.2498,0.0577,0.1701,0.1544
1785432941.51,121,drive,0,3.5,15.0,40.793,25.11,249.75,0.1691,0.2278,0.0503,0.1984,0.0699,0.2581,0.0728,0.0596,0.2180,0.1530,0.2483,0.0562,0.1667,0.1540
1785432941.61,121,drive,1,3.5,15.0,40.793,25.11,249.75,0.1667,0.2263,0.0518,0.2009,0.0689,0.2595,0.0684,0.0601,0.2185,0.1520,0.2439,0.0596,0.1691,0.1569
1785432941.70,121,drive,2,3.5,15.0,40.793,25.11,249.75,0.1686,0.2263,0.0508,0.1994,0.0679,0.2551,0.0704,0.0596,0.2165,0.1544,0.2468,0.0577,0.1701,0.1544
1785432941.80,121,drive,3,3.5,15.0,40.793,25.11,249.75,0.1681,0.2273,0.0484,0.2028,0.0689,0.2610,0.0704,0.0596,0.2160,0.1554,0.2473,0.0596,0.1686,0.1569
1785432942.50,121,drive,0,4.0,15.0,40.793,25.11,249.75,0.1691,0.2283,0.0508,0.2004,0.0670,0.2581,0.0738,0.0611,0.2165,0.1554,0.2493,0.0567,0.1686,0.1549
1785432942.59,121,drive,1,4.0,15.0,40.793,25.11,249.75,0.1716,0.2273,0.0508,0.1999,0.0718,0.2615,0.0699,0.0577,0.2170,0.1559,0.2478,0.0582,0.1686,0.1515
1785432942.69,121,drive,2,4.0,15.0,40.793,25.11,249.75,0.1686,0.2283,0.0484,0.2004,0.0704,0.2600,0.0733,0.0582,0.2195,0.1544,0.2488,0.0591,0.1652,0.1525
1785432942.79,121,drive,3,4.0,15.0,40.793,25.11,249.75,0.1681,0.2297,0.0494,0.1989,0.0689,0.2595,0.0709,0.0611,0.2155,0.1559,0.2468,0.0567,0.1691,0.1535
1785432943.56,122,base,0,0.0,15.0,40.813,25.11,249.75,0.1667,0.2283,0.0489,0.2004,0.0699,0.2576,0.0694,0.0587,0.2199,0.1574,0.2498,0.0547,0.1686,0.1535
1785432943.65,122,base,1,0.0,15.0,40.813,25.11,249.75,0.1701,0.2287,0.0489,0.2009,0.0694,0.2600,0.0718,0.0606,0.2155,0.1559,0.2473,0.0572,0.1676,0.1525
1785432943.75,122,base,2,0.0,15.0,40.813,25.11,249.75,0.1681,0.2283,0.0489,0.1994,0.0694,0.2595,0.0723,0.0621,0.2146,0.1559,0.2483,0.0591,0.1672,0.1535
1785432943.85,122,base,3,0.0,15.0,40.813,25.11,249.75,0.1681,0.2302,0.0464,0.2014,0.0718,0.2581,0.0723,0.0591,0.2165,0.1540,0.2468,0.0591,0.1667,0.1544
1785432944.54,122,drive,0,0.5,15.0,40.813,25.11,249.75,0.1711,0.2268,0.0494,0.1994,0.0714,0.2576,0.0699,0.0577,0.2141,0.1554,0.2478,0.0577,0.1662,0.1520
1785432944.64,122,drive,1,0.5,15.0,40.813,25.11,249.75,0.1686,0.2292,0.0474,0.2019,0.0665,0.2610,0.0699,0.0621,0.2180,0.1535,0.2468,0.0606,0.1676,0.1530
1785432944.73,122,drive,2,0.5,15.0,40.813,25.11,249.75,0.1686,0.2297,0.0503,0.1999,0.0704,0.2586,0.0694,0.0596,0.2160,0.1549,0.2493,0.0572,0.1696,0.1525
1785432944.83,122,drive,3,0.5,15.0,40.813,25.11,249.75,0.1706,0.2283,0.0494,0.1994,0.0694,0.2610,0.0709,0.0601,0.2160,0.1530,0.2473,0.0601,0.1667,0.1544
1785432945.53,122,drive,0,1.0,15.0,40.813,25.11,249.75,0.1681,0.2273,0.0489,0.2023,0.0694,0.2600,0.0704,0.0606,0.2175,0.1554,0.2473,0.0567,0.1686,0.1549
1785432945.62,122,drive,1,1.0,15.0,40.813,25.11,249.75,0.1686,0.2297,0.0479,0.2004,0.0670,0.2600,0.0699,0.0616,0.2190,0.1549,0.2483,0.0567,0.1696,0.1544
1785432945.72,122,drive,2,1.0,15.0,40.813,25.11,249.75,0.1716,0.2312,0.0474,0.2004,0.0689,0.2605,0.0714,0.0596,0.2175,0.1559,0.2493,0.0587,0.1696,0.1540
1785432945.82,122,drive,3,1.0,15.0,40.813,25.11,249.75,0.1686,0.2278,0.0484,0.2004,0.0709,0.2595,0.0699,0.0616,0.2190,0.1559,0.2463,0.0572,0.1686,0.1544
1785432946.51,122,drive,0,1.5,15.0,40.813,25.11,249.75,0.1681,0.2283,0.0489,0.2009,0.0704,0.2610,0.0704,0.0635,0.2165,0.1535,0.2478,0.0562,0.1676,0.1530
1785432946.61,122,drive,1,1.5,15.0,40.813,25.11,249.75,0.1691,0.2263,0.0503,0.2009,0.0679,0.2620,0.0709,0.0591,0.2170,0.1554,0.2478,0.0582,0.1711,0.1544
1785432946.71,122,drive,2,1.5,15.0,40.813,25.11,249.75,0.1711,0.2283,0.0484,0.2009,0.0714,0.2625,0.0699,0.0606,0.2180,0.1564,0.2458,0.0587,0.1676,0.1535
1785432946.80,122,drive,3,1.5,15.0,40.813,25.11,249.75,0.1686,0.2268,0.0489,0.2038,0.0689,0.2600,0.0704,0.0601,0.2165,0.1544,0.2478,0.0582,0.1686,0.1525
1785432947.50,122,drive,0,2.0,15.0,40.813,25.11,249.75,0.1701,0.2287,0.0494,0.2009,0.0709,0.2586,0.0704,0.0591,0.2175,0.1569,0.2478,0.0577,0.1681,0.1530
1785432947.60,122,drive,1,2.0,15.0,40.813,25.11,249.75,0.1696,0.2287,0.0508,0.2033,0.0699,0.2600,0.0684,0.0606,0.2185,0.1549,0.2454,0.0577,0.1686,0.1549
1785432947.69,122,drive,2,2.0,15.0,40.813,25.11,249.75,0.1720,0.2292,0.0494,0.1999,0.0694,0.2590,0.0709,0.0601,0.2151,0.1559,0.2468,0.0587,0.1672,0.1530
1785432947.79,122,drive,3,2.0,15.0,40.813,25.11,249.75,0.1691,0.2307,0.0489,0.2014,0.0694,0.2615,0.0709,0.0606,0.2160,0.1544,0.2478,0.0606,0.1681,0.1535
1785432948.49,122,drive,0,2.5,15.0,40.813,25.11,249.75,0.1681,0.2283,0.0489,0.1999,0.0689,0.2571,0.0714,0.0621,0.2160,0.1554,0.2468,0.0591,0.1662,0.1535
1785432948.58,122,drive,1,2.5,15.0,40.813,25.11,249.75,0.1696,0.2273,0.0474,0.2019,0.0704,0.2620,0.0704,0.0601,0.2180,0.1574,0.2449,0.0606,0.1676,0.1544
1785432948.68,122,drive,2,2.5,15.0,40.813,25.11,249.75,0.1706,0.2297,0.0479,0.2009,0.0694,0.2571,0.0709,0.0601,0.2170,0.1569,0.2478,0.0596,0.1676,0.1549
1785432948.78,122,drive,3,2.5,15.0,40.813,25.11,249.75,0.1662,0.2287,0.0503,0.1989,0.0704,0.2595,0.0699,0.0596,0.2151,0.1564,0.2468,0.0572,0.1681,0.1564
1785432949.47,122,drive,0,3.0,15.0,40.813,25.11,249.75,0.1696,0.2292,0.0484,0.2009,0.0684,0.2581,0.0709,0.0596,0.2160,0.1559,0.2473,0.0601,0.1672,0.1544
1785432949.57,122,drive,1,3.0,15.0,40.813,25.11,249.75,0.1696,0.2292,0.0503,0.2004,0.0699,0.2595,0.0718,0.0621,0.2175,0.1520,0.2473,0.0596,0.1686,0.1535
1785432949.67,122,drive,2,3.0,15.0,40.813,25.11,249.75,0.1701,0.2283,0.0469,0.2019,0.0679,0.2590,0.0709,0.0611,0.2165,0.1554,0.2473,0.0577,0.1662,0.1559
1785432949.76,122,drive,3,3.0,15.0,40.813,25.11,249.75,0.1696,0.2273,0.0474,0.1979,0.0714,0.2586,0.0714,0.0606,0.2185,0.1559,0.2512,0.0582,0.1676,0.1544
1785432950.46,122,drive,0,3.5,15.0,40.813,25.11,249.75,0.1681,0.2268,0.0503,0.1999,0.0694,0.2581,0.0714,0.0616,0.2180,0.1530,0.2473,0.0587,0.1676,0.1540
1785432950.56,122,drive,1,3.5,15.0,40.813,25.11,249.75,0.1706,0.2302,0.0499,0.1994,0.0684,0.2610,0.0704,0.0596,0.2175,0.1549,0.2488,0.0601,0.1706,0.1530
1785432950.65,122,drive,2,3.5,15.0,40.813,25.11,249.75,0.1701,0.2283,0.0489,0.1989,0.0723,0.2610,0.0694,0.0621,0.2180,0.1540,0.2493,0.0596,0.1667,0.1535
1785432950.75,122,drive,3,3.5,15.0,40.813,25.11,249.75,0.1701,0.2292,0.0499,0.2038,0.0684,0.2615,0.0718,0.0591,0.2165,0.1554,0.2478,0.0572,0.1676,0.1535
1785432951.45,122,drive,0,4.0,15.0,40.813,25.11,249.75,0.1706,0.2297,0.0489,0.2033,0.0679,0.2586,0.0733,0.0611,0.2155,0.1544,0.2498,0.0591,0.1672,0.1535
1785432951.54,122,drive,1,4.0,15.0,40.813,25.11,249.75,0.1701,0.2302,0.0484,0.2009,0.0694,0.2581,0.0714,0.0596,0.2165,0.1564,0.2478,0.0596,0.1681,0.1525
1785432951.64,122,drive,2,4.0,15.0,40.813,25.11,249.75,0.1686,0.2283,0.0494,0.2023,0.0714,0.2605,0.0704,0.0621,0.2170,0.1574,0.2468,0.0591,0.1657,0.1554
1785432951.74,122,drive,3,4.0,15.0,40.813,25.11,249.75,0.1676,0.2278,0.0489,0.1999,0.0718,0.2576,0.0699,0.0596,0.2185,0.1559,0.2478,0.0591,0.1696,0.1549
1785432952.51,123,base,0,0.0,15.0,40.693,25.11,249.75,0.1686,0.2297,0.0499,0.1994,0.0704,0.2610,0.0684,0.0611,0.2185,0.1549,0.2463,0.0572,0.1696,0.1544
1785432952.61,123,base,1,0.0,15.0,40.693,25.11,249.75,0.1696,0.2273,0.0503,0.2019,0.0689,0.2615,0.0704,0.0587,0.2170,0.1544,0.2468,0.0567,0.1696,0.1554
1785432952.70,123,base,2,0.0,15.0,40.693,25.11,249.75,0.1691,0.2287,0.0494,0.2023,0.0665,0.2610,0.0699,0.0596,0.2190,0.1569,0.2454,0.0591,0.1720,0.1549
1785432952.80,123,base,3,0.0,15.0,40.693,25.11,249.75,0.1676,0.2297,0.0503,0.2009,0.0689,0.2625,0.0714,0.0587,0.2185,0.1544,0.2468,0.0567,0.1701,0.1544
1785432953.49,123,drive,0,0.5,15.0,40.693,25.11,249.75,0.1681,0.2297,0.0469,0.2028,0.0704,0.2576,0.0694,0.0635,0.2170,0.1554,0.2478,0.0606,0.1691,0.1535
1785432953.59,123,drive,1,0.5,15.0,40.693,25.11,249.75,0.1701,0.2302,0.0484,0.1994,0.0723,0.2581,0.0689,0.0606,0.2190,0.1569,0.2468,0.0587,0.1701,0.1535
1785432953.69,123,drive,2,0.5,15.0,40.693,25.11,249.75,0.1691,0.2287,0.0499,0.2009,0.0709,0.2595,0.0714,0.0591,0.2190,0.1554,0.2458,0.0601,0.1696,0.1559
1785432953.78,123,drive,3,0.5,15.0,40.693,25.11,249.75,0.1706,0.2283,0.0494,0.2009,0.0709,0.2625,0.0689,0.0591,0.2170,0.1588,0.2463,0.0587,0.1696,0.1535
1785432954.48,123,drive,0,1.0,15.0,40.693,25.11,249.75,0.1686,0.2312,0.0484,0.2028,0.0694,0.2600,0.0733,0.0606,0.2165,0.1569,0.2498,0.0587,0.1691,0.1525
1785432954.57,123,drive,1,1.0,15.0,40.693,25.11,249.75,0.1691,0.2287,0.0489,0.2019,0.0679,0.2605,0.0718,0.0606,0.2190,0.1569,0.2478,0.0572,0.1686,0.1540
1785432954.67,123,drive,2,1.0,15.0,40.693,25.11,249.75,0.1696,0.2297,0.0489,0.1994,0.0738,0.2590,0.0699,0.0596,0.2195,0.1564,0.2493,0.0611,0.1691,0.1525
1785432954.77,123,drive,3,1.0,15.0,40.693,25.11,249.75,0.1701,0.2278,0.0499,0.2004,0.0694,0.2595,0.0704,0.0596,0.2146,0.1574,0.2468,0.0582,0.1672,0.1525
1785432955.46,123,drive,0,1.5,15.0,40.693,25.11,249.75,0.1706,0.2307,0.0484,0.1999,0.0694,0.2600,0.0723,0.0591,0.2175,0.1574,0.2493,0.0596,0.1681,0.1535
1785432955.56,123,drive,1,1.5,15.0,40.693,25.11,249.75,0.1701,0.2278,0.0474,0.2019,0.0699,0.2615,0.0718,0.0572,0.2190,0.1549,0.2478,0.0567,0.1686,0.1549
1785432955.66,123,drive,2,1.5,15.0,40.693,25.11,249.75,0.1696,0.2312,0.0489,0.2019,0.0684,0.2605,0.0694,0.0611,0.2151,0.1544,0.2488,0.0611,0.1701,0.1535
1785432955.75,123,drive,3,1.5,15.0,40.693,25.11,249.75,0.1686,0.2283,0.0494,0.1989,0.0689,0.2615,0.0718,0.0606,0.2151,0.1574,0.2468,0.0587,0.1681,0.1564
1785432956.45,123,drive,0,2.0,15.0,40.693,25.11,249.75,0.1701,0.2292,0.0494,0.2014,0.0699,0.2586,0.0684,0.0616,0.2160,0.1559,0.2463,0.0601,0.1696,0.1540
1785432956.54,123,drive,1,2.0,15.0,40.693,25.11,249.75,0.1691,0.2292,0.0484,0.2033,0.0704,0.2605,0.0699,0.0601,0.2204,0.1544,0.2493,0.0587,0.1681,0.1544
1785432956.64,123,drive,2,2.0,15.0,40.693,25.11,249.75,0.1706,0.2297,0.0479,0.2033,0.0699,0.2595,0.0704,0.0601,0.2195,0.1559,0.2483,0.0601,0.1711,0.1530
1785432956.74,123,drive,3,2.0,15.0,40.693,25.11,249.75,0.1725,0.2297,0.0489,0.2009,0.0704,0.2620,0.0709,0.0606,0.2185,0.1579,0.2483,0.0591,0.1701,0.1510
1785432957.43,123,drive,0,2.5,15.0,40.693,25.11,249.75,0.1686,0.2317,0.0503,0.2038,0.0699,0.2610,0.0728,0.0606,0.2175,0.1544,0.2483,0.0572,0.1696,0.1530
1785432957.53,123,drive,1,2.5,15.0,40.693,25.11,249.75,0.1716,0.2302,0.0494,0.2014,0.0689,0.2610,0.0709,0.0611,0.2180,0.1540,0.2473,0.0577,0.1701,0.1510
1785432957.63,123,drive,2,2.5,15.0,40.693,25.11,249.75,0.1691,0.2292,0.0484,0.2014,0.0684,0.2600,0.0723,0.0606,0.2190,0.1549,0.2473,0.0606,0.1720,0.1525
1785432957.72,123,drive,3,2.5,15.0,40.693,25.11,249.75,0.1701,0.2302,0.0508,0.2048,0.0689,0.2605,0.0718,0.0596,0.2185,0.1569,0.2498,0.0587,0.1701,0.1564
1785432958.42,123,drive,0,3.0,15.0,40.693,25.11,249.75,0.1701,0.2283,0.0513,0.2048,0.0694,0.2634,0.0709,0.0611,0.2195,0.1579,0.2483,0.0567,0.1696,0.1540
1785432958.52,123,drive,1,3.0,15.0,40.693,25.11,249.75,0.1706,0.2307,0.0455,0.2038,0.0689,0.2625,0.0723,0.0611,0.2185,0.1579,0.2493,0.0606,0.1701,0.1549
1785432958.61,123,drive,2,3.0,15.0,40.693,25.11,249.75,0.1706,0.2307,0.0503,0.2028,0.0738,0.2625,0.0699,0.0616,0.2209,0.1579,0.2483,0.0601,0.1701,0.1540
1785432958.71,123,drive,3,3.0,15.0,40.693,25.11,249.75,0.1686,0.2292,0.0479,0.2038,0.0699,0.2595,0.0714,0.0596,0.2214,0.1569,0.2498,0.0591,0.1696,0.1554
1785432959.40,123,drive,0,3.5,15.0,40.693,25.11,249.75,0.1740,0.2292,0.0508,0.2058,0.0718,0.2586,0.0723,0.0591,0.2209,0.1559,0.2463,0.0587,0.1716,0.1549
1785432959.50,123,drive,1,3.5,15.0,40.693,25.11,249.75,0.1716,0.2312,0.0518,0.2028,0.0679,0.2620,0.0718,0.0587,0.2204,0.1579,0.2498,0.0582,0.1716,0.1544
1785432959.59,123,drive,2,3.5,15.0,40.693,25.11,249.75,0.1676,0.2312,0.0494,0.2023,0.0704,0.2610,0.0694,0.0611,0.2214,0.1564,0.2488,0.0587,0.1706,0.1540
1785432959.69,123,drive,3,3.5,15.0,40.693,25.11,249.75,0.1706,0.2283,0.0474,0.2033,0.0694,0.2615,0.0728,0.0601,0.2199,0.1574,0.2507,0.0582,0.1701,0.1510
1785432960.38,123,drive,0,4.0,15.0,40.693,25.11,249.75,0.1711,0.2307,0.0484,0.2038,0.0699,0.2625,0.0733,0.0577,0.2209,0.1574,0.2488,0.0587,0.1711,0.1559
1785432960.48,123,drive,1,4.0,15.0,40.693,25.11,249.75,0.1706,0.2322,0.0484,0.1999,0.0704,0.2625,0.0709,0.0591,0.2185,0.1579,0.2488,0.0577,0.1735,0.1574
1785432960.58,123,drive,2,4.0,15.0,40.693,25.11,249.75,0.1716,0.2307,0.0494,0.2048,0.0704,0.2620,0.0718,0.0630,0.2214,0.1564,0.2454,0.0596,0.1720,0.1535
1785432960.76,123,drive,3,4.0,15.0,40.693,25.11,249.75,0.1691,0.2331,0.0508,0.2009,0.0709,0.2620,0.0718,0.0611,0.2185,0.1598,0.2517,0.0621,0.1711,0.1559
1785432961.58,127,base,0,0.0,15.0,40.833,25.11,249.75,0.1676,0.2322,0.0508,0.2033,0.0704,0.2639,0.0723,0.0616,0.2204,0.1574,0.2483,0.0591,0.1720,0.1549
1785432961.67,127,base,1,0.0,15.0,40.833,25.11,249.75,0.1716,0.2312,0.0518,0.2033,0.0704,0.2625,0.0709,0.0591,0.2175,0.1574,0.2502,0.0601,0.1676,0.1544
1785432961.77,127,base,2,0.0,15.0,40.833,25.11,249.75,0.1706,0.2307,0.0499,0.2023,0.0704,0.2600,0.0723,0.0626,0.2224,0.1579,0.2478,0.0582,0.1720,0.1544
1785432961.87,127,base,3,0.0,15.0,40.833,25.11,249.75,0.1711,0.2331,0.0464,0.1989,0.0699,0.2620,0.0704,0.0611,0.2195,0.1564,0.2498,0.0596,0.1706,0.1554
1785432962.56,127,drive,0,0.5,15.0,40.833,25.11,249.75,0.1706,0.2302,0.0469,0.2038,0.0718,0.2615,0.0714,0.0611,0.2190,0.1579,0.2478,0.0582,0.1706,0.1549
1785432962.66,127,drive,1,0.5,15.0,40.833,25.11,249.75,0.1701,0.2317,0.0513,0.2038,0.0709,0.2620,0.0704,0.0611,0.2204,0.1598,0.2478,0.0611,0.1720,0.1544
1785432962.76,127,drive,2,0.5,15.0,40.833,25.11,249.75,0.1716,0.2341,0.0494,0.2063,0.0718,0.2649,0.0699,0.0611,0.2204,0.1593,0.2468,0.0572,0.1711,0.1549
1785432962.85,127,drive,3,0.5,15.0,40.833,25.11,249.75,0.1686,0.2317,0.0479,0.2038,0.0694,0.2615,0.0709,0.0616,0.2190,0.1584,0.2498,0.0606,0.1716,0.1540
1785432963.55,127,drive,0,1.0,15.0,40.833,25.11,249.75,0.1730,0.2317,0.0484,0.2053,0.0723,0.2625,0.0738,0.0611,0.2219,0.1584,0.2488,0.0562,0.1696,0.1540
1785432963.64,127,drive,1,1.0,15.0,40.833,25.11,249.75,0.1701,0.2317,0.0484,0.2028,0.0699,0.2630,0.0699,0.0616,0.2185,0.1574,0.2493,0.0582,0.1701,0.1530
1785432963.74,127,drive,2,1.0,15.0,40.833,25.11,249.75,0.1686,0.2322,0.0518,0.2038,0.0699,0.2615,0.0738,0.0606,0.2199,0.1574,0.2473,0.0582,0.1691,0.1540
1785432963.84,127,drive,3,1.0,15.0,40.833,25.11,249.75,0.1755,0.2307,0.0459,0.2038,0.0709,0.2610,0.0723,0.0621,0.2209,0.1574,0.2493,0.0606,0.1706,0.1549
1785432964.53,127,drive,0,1.5,15.0,40.833,25.11,249.75,0.1711,0.2307,0.0489,0.2063,0.0679,0.2610,0.0743,0.0616,0.2185,0.1569,0.2473,0.0572,0.1701,0.1554
1785432964.63,127,drive,1,1.5,15.0,40.833,25.11,249.75,0.1725,0.2302,0.0474,0.2053,0.0694,0.2625,0.0733,0.0601,0.2214,0.1579,0.2493,0.0557,0.1696,0.1520
1785432964.73,127,drive,2,1.5,15.0,40.833,25.11,249.75,0.1706,0.2307,0.0479,0.2053,0.0699,0.2630,0.0709,0.0630,0.2214,0.1569,0.2478,0.0582,0.1711,0.1554
1785432964.82,127,drive,3,1.5,15.0,40.833,25.11,249.75,0.1681,0.2312,0.0479,0.2063,0.0694,0.2615,0.0709,0.0596,0.2190,0.1593,0.2478,0.0587,0.1725,0.1574
1785432965.52,127,drive,0,2.0,15.0,40.833,25.11,249.75,0.1711,0.2331,0.0494,0.2023,0.0689,0.2634,0.0728,0.0606,0.2180,0.1569,0.2502,0.0601,0.1696,0.1530
1785432965.61,127,drive,1,2.0,15.0,40.833,25.11,249.75,0.1711,0.2326,0.0469,0.2028,0.0704,0.2639,0.0728,0.0611,0.2199,0.1569,0.2488,0.0596,0.1730,0.1544
1785432965.71,127,drive,2,2.0,15.0,40.833,25.11,249.75,0.1725,0.2297,0.0479,0.2053,0.0723,0.2615,0.0714,0.0601,0.2214,0.1574,0.2463,0.0611,0.1706,0.1544
1785432965.81,127,drive,3,2.0,15.0,40.833,25.11,249.75,0.1720,0.2317,0.0494,0.2053,0.0709,0.2625,0.0718,0.0611,0.2175,0.1574,0.2507,0.0591,0.1681,0.1564
1785432966.50,127,drive,0,2.5,15.0,40.833,25.11,249.75,0.1691,0.2307,0.0479,0.2033,0.0709,0.2620,0.0728,0.0616,0.2209,0.1574,0.2498,0.0582,0.1711,0.1549
1785432966.60,127,drive,1,2.5,15.0,40.833,25.11,249.75,0.1676,0.2322,0.0513,0.2023,0.0684,0.2625,0.0738,0.0606,0.2190,0.1579,0.2449,0.0582,0.1735,0.1554
1785432966.70,127,drive,2,2.5,15.0,40.833,25.11,249.75,0.1716,0.2331,0.0503,0.2023,0.0694,0.2644,0.0728,0.0596,0.2224,0.1584,0.2463,0.0587,0.1711,0.1535
1785432966.79,127,drive,3,2.5,15.0,40.833,25.11,249.75,0.1701,0.2302,0.0489,0.2028,0.0723,0.2644,0.0718,0.0591,0.2199,0.1598,0.2483,0.0582,0.1720,0.1540
1785432967.49,127,drive,0,3.0,15.0,40.833,25.11,249.75,0.1716,0.2326,0.0489,0.2033,0.0728,0.2625,0.0699,0.0606,0.2185,0.1579,0.2493,0.0567,0.1716,0.1564
1785432967.58,127,drive,1,3.0,15.0,40.833,25.11,249.75,0.1716,0.2312,0.0508,0.2043,0.0699,0.2600,0.0718,0.0626,0.2199,0.1549,0.2468,0.0606,0.1730,0.1540
1785432967.68,127,drive,2,3.0,15.0,40.833,25.11,249.75,0.1711,0.2322,0.0499,0.2019,0.0723,0.2605,0.0704,0.0601,0.2209,0.1579,0.2468,0.0591,0.1706,0.1554
1785432967.78,127,drive,3,3.0,15.0,40.833,25.11,249.75,0.1706,0.2317,0.0508,0.2048,0.0709,0.2649,0.0709,0.0611,0.2199,0.1608,0.2478,0.0587,0.1725,0.1530
1785432968.47,127,drive,0,3.5,15.0,40.833,25.11,249.75,0.1706,0.2312,0.0489,0.2023,0.0733,0.2630,0.0723,0.0591,0.2185,0.1579,0.2463,0.0591,0.1696,0.1569
1785432968.57,127,drive,1,3.5,15.0,40.833,25.11,249.75,0.1725,0.2331,0.0494,0.2019,0.0714,0.2634,0.0709,0.0591,0.2190,0.1584,0.2493,0.0567,0.1691,0.1574
1785432968.67,127,drive,2,3.5,15.0,40.833,25.11,249.75,0.1725,0.2326,0.0499,0.2009,0.0718,0.2639,0.0718,0.0621,0.2204,0.1579,0.2488,0.0591,0.1706,0.1505
1785432968.76,127,drive,3,3.5,15.0,40.833,25.11,249.75,0.1725,0.2351,0.0474,0.2053,0.0704,0.2634,0.0738,0.0606,0.2199,0.1574,0.2488,0.0582,0.1711,0.1554
1785432969.46,127,drive,0,4.0,15.0,40.833,25.11,249.75,0.1716,0.2292,0.0489,0.2038,0.0743,0.2639,0.0718,0.0596,0.2204,0.1569,0.2483,0.0577,0.1716,0.1544
1785432969.55,127,drive,1,4.0,15.0,40.833,25.11,249.75,0.1740,0.2292,0.0513,0.2058,0.0699,0.2644,0.0694,0.0616,0.2204,0.1588,0.2468,0.0557,0.1696,0.1559
1785432969.65,127,drive,2,4.0,15.0,40.833,25.11,249.75,0.1716,0.2312,0.0459,0.2033,0.0709,0.2639,0.0728,0.0596,0.2219,0.1574,0.2488,0.0591,0.1686,0.1574
1785432969.75,127,drive,3,4.0,15.0,40.833,25.11,249.75,0.1740,0.2317,0.0489,0.2048,0.0689,0.2630,0.0718,0.0587,0.2190,0.1584,0.2493,0.0601,0.1696,0.1554
