t,ch,phase,rep,drive_v,dbm,bfm,temp_c,mA,pd0,pd1,pd2,pd3,pd4,pd5,pd6,pd7,pd8,pd9,pd10,pd11,pd12,pd13
1784800555.87,0,base,0,0.0,5.0,3.957,25.11,34.01,0.0181,0.0885,0.0034,0.0953,0.0147,0.1007,0.0171,0.0186,0.1867,0.0249,0.1178,0.0015,0.1789,0.0064
1784800555.96,0,base,1,0.0,5.0,3.957,25.11,34.01,0.0215,0.0826,0.0034,0.0997,0.0156,0.1036,0.0210,0.0147,0.1901,0.0352,0.1168,0.0029,0.1877,0.0068
1784800556.06,0,base,2,0.0,5.0,3.957,25.11,34.01,0.0401,0.0890,0.0024,0.1070,0.0054,0.1002,0.0406,0.0103,0.1877,0.0215,0.1281,0.0147,0.1804,0.0020
1784800556.15,0,base,3,0.0,5.0,3.957,25.11,34.01,0.0166,0.0899,0.0215,0.1017,0.0239,0.1036,0.0088,0.0323,0.1843,0.0112,0.1183,0.0083,0.1808,0.0391
1784800556.84,0,drive,0,1.5,5.0,3.957,25.11,34.01,0.0200,0.0919,0.0059,0.1026,0.0029,0.1036,0.0093,0.0064,0.1017,0.0171,0.0293,0.0166,0.0992,0.0020
1784800556.93,0,drive,1,1.5,5.0,3.957,25.11,34.01,0.0283,0.0919,0.0029,0.1031,0.0039,0.1002,0.0117,0.0093,0.0973,0.0196,0.0298,0.0137,0.0963,0.0010
1784800557.02,0,drive,2,1.5,5.0,3.957,25.11,34.01,0.0274,0.0850,0.0015,0.1134,0.0034,0.1065,0.0108,0.0117,0.1031,0.0166,0.0293,0.0010,0.1061,0.0015
1784800557.12,0,drive,3,1.5,5.0,3.957,25.11,34.01,0.0220,0.0963,0.0039,0.1051,0.0005,0.1109,0.0034,0.0083,0.0997,0.0161,0.0367,0.0010,0.1022,0.0083
1784800557.88,1,base,0,0.0,5.0,4.157,25.11,34.01,0.0122,0.0914,0.0034,0.1031,0.0029,0.1046,0.0103,0.0093,0.1970,0.0117,0.1183,0.0078,0.1799,0.0108
1784800557.97,1,base,1,0.0,5.0,4.157,25.11,34.01,0.0342,0.0870,0.0029,0.0914,0.0078,0.1017,0.0156,0.0103,0.1843,0.0220,0.1207,0.0117,0.1935,0.0005
1784800558.06,1,base,2,0.0,5.0,4.157,25.11,34.01,0.0171,0.0890,0.0029,0.0968,0.0156,0.1070,0.0039,0.0112,0.1891,0.0196,0.1207,0.0078,0.1804,0.0054
1784800558.16,1,base,3,0.0,5.0,4.157,25.11,34.01,0.0279,0.0850,0.0010,0.1012,0.0039,0.1061,0.0059,0.0122,0.1896,0.0220,0.1305,0.0024,0.1882,0.0015
1784800558.84,1,drive,0,1.5,5.0,4.157,25.11,34.01,0.0239,0.0929,0.0010,0.1036,0.0010,0.1070,0.0210,0.0078,0.2102,0.0147,0.1535,0.0020,0.2126,0.0020
1784800558.94,1,drive,1,1.5,5.0,4.157,25.11,34.01,0.0235,0.0904,0.0117,0.1026,0.0049,0.1036,0.0088,0.0122,0.1999,0.0156,0.1417,0.0068,0.2116,0.0098
1784800559.03,1,drive,2,1.5,5.0,4.157,25.11,34.01,0.0220,0.0948,0.0049,0.0982,0.0068,0.1026,0.0054,0.0088,0.2107,0.0132,0.1500,0.0078,0.2097,0.0147
1784800559.13,1,drive,3,1.5,5.0,4.157,25.11,34.01,0.0259,0.0978,0.0088,0.1031,0.0044,0.1036,0.0078,0.0122,0.2170,0.0117,0.1564,0.0068,0.2126,0.0044
1784800559.89,2,base,0,0.0,5.0,4.177,25.11,34.02,0.0166,0.0943,0.0064,0.1017,0.0024,0.1085,0.0103,0.0068,0.1872,0.0112,0.1354,0.0088,0.1794,0.0093
1784800559.98,2,base,1,0.0,5.0,4.177,25.11,34.02,0.0269,0.0943,0.0049,0.0982,0.0010,0.1109,0.0068,0.0103,0.1799,0.0132,0.1271,0.0117,0.1867,0.0000
1784800560.08,2,base,2,0.0,5.0,4.177,25.11,34.02,0.0200,0.0899,0.0088,0.0973,0.0064,0.1041,0.0064,0.0108,0.1813,0.0112,0.1188,0.0103,0.1877,0.0098
1784800560.17,2,base,3,0.0,5.0,4.177,25.11,34.02,0.0244,0.0885,0.0015,0.1051,0.0029,0.1051,0.0044,0.0117,0.1867,0.0205,0.1227,0.0049,0.1818,0.0000
1784800560.86,2,drive,0,1.5,5.0,4.177,25.11,34.02,0.0239,0.0904,0.0093,0.1061,0.0034,0.0934,0.0068,0.0068,0.1882,0.0127,0.1310,0.0156,0.1896,0.0054
1784800560.95,2,drive,1,1.5,5.0,4.177,25.11,34.02,0.0308,0.0875,0.0068,0.0987,0.0020,0.0958,0.0083,0.0049,0.1843,0.0112,0.1315,0.0147,0.1882,0.0024
1784800561.05,2,drive,2,1.5,5.0,4.177,25.11,34.02,0.0230,0.1002,0.0015,0.1065,0.0005,0.0992,0.0103,0.0073,0.1867,0.0181,0.1305,0.0029,0.1891,0.0024
1784800561.14,2,drive,3,1.5,5.0,4.177,25.11,34.02,0.0264,0.0870,0.0029,0.1017,0.0054,0.1002,0.0098,0.0122,0.1872,0.0196,0.1232,0.0088,0.1965,0.0010
1784800561.90,3,base,0,0.0,5.0,4.197,25.11,34.02,0.0191,0.0890,0.0064,0.1031,0.0015,0.0958,0.0108,0.0064,0.1994,0.0142,0.1241,0.0083,0.1804,0.0049
1784800561.99,3,base,1,0.0,5.0,4.197,25.11,34.02,0.0142,0.0890,0.0049,0.1017,0.0039,0.1012,0.0083,0.0103,0.1872,0.0137,0.1183,0.0068,0.1848,0.0108
1784800562.09,3,base,2,0.0,5.0,4.197,25.11,34.02,0.0156,0.0909,0.0034,0.1007,0.0000,0.1031,0.0049,0.0083,0.1916,0.0112,0.1261,0.0059,0.1848,0.0117
1784800562.18,3,base,3,0.0,5.0,4.197,25.11,34.02,0.0220,0.0899,0.0005,0.1007,0.0034,0.1022,0.0161,0.0068,0.1882,0.0176,0.1256,0.0127,0.1804,0.0000
1784800562.87,3,drive,0,1.5,5.0,4.197,25.11,34.02,0.0288,0.0943,0.0142,0.1144,0.0034,0.1002,0.0093,0.0049,0.1975,0.0132,0.1320,0.0122,0.1828,0.0059
1784800562.96,3,drive,1,1.5,5.0,4.197,25.11,34.02,0.0279,0.0914,0.0161,0.1056,0.0015,0.1007,0.0073,0.0103,0.1926,0.0112,0.1310,0.0122,0.1852,0.0186
1784800563.06,3,drive,2,1.5,5.0,4.197,25.11,34.02,0.0254,0.0934,0.0029,0.0978,0.0093,0.1012,0.0264,0.0166,0.1896,0.0376,0.1305,0.0064,0.1784,0.0049
1784800563.15,3,drive,3,1.5,5.0,4.197,25.11,34.02,0.0220,0.0924,0.0210,0.1100,0.0039,0.1026,0.0088,0.0093,0.2033,0.0103,0.1295,0.0117,0.1843,0.0161
1784800563.91,4,base,0,0.0,5.0,4.177,25.11,34.03,0.0205,0.0865,0.0034,0.0992,0.0244,0.0987,0.0020,0.0308,0.1896,0.0127,0.1359,0.0039,0.1872,0.0161
1784800564.00,4,base,1,0.0,5.0,4.177,25.11,34.03,0.0327,0.0914,0.0020,0.0968,0.0054,0.1056,0.0210,0.0073,0.1882,0.0220,0.1276,0.0078,0.1931,0.0029
1784800564.10,4,base,2,0.0,5.0,4.177,25.11,34.03,0.0352,0.0850,0.0010,0.1075,0.0044,0.1046,0.0318,0.0098,0.1935,0.0205,0.1285,0.0103,0.1740,0.0010
1784800564.19,4,base,3,0.0,5.0,4.177,25.11,34.03,0.0288,0.0890,0.0161,0.1017,0.0010,0.1095,0.0103,0.0088,0.1828,0.0112,0.1281,0.0137,0.1818,0.0073
1784800564.88,4,drive,0,1.5,5.0,4.177,25.11,34.03,0.0181,0.0875,0.0161,0.0943,0.0108,0.1109,0.0064,0.0200,0.1935,0.0127,0.1183,0.0054,0.1852,0.0239
1784800564.97,4,drive,1,1.5,5.0,4.177,25.11,34.03,0.0215,0.0792,0.0024,0.0978,0.0137,0.0963,0.0137,0.0191,0.1906,0.0230,0.1285,0.0054,0.1843,0.0049
1784800565.06,4,drive,2,1.5,5.0,4.177,25.11,34.03,0.0264,0.0904,0.0044,0.1046,0.0024,0.1075,0.0122,0.0064,0.1921,0.0137,0.1334,0.0220,0.1828,0.0010
1784800565.16,4,drive,3,1.5,5.0,4.177,25.11,34.03,0.0239,0.0894,0.0230,0.1002,0.0005,0.1022,0.0064,0.0073,0.1955,0.0103,0.1300,0.0132,0.1857,0.0152
1784800565.92,5,base,0,0.0,5.0,4.177,25.11,34.03,0.0235,0.0899,0.0000,0.0992,0.0000,0.1026,0.0039,0.0049,0.1882,0.0122,0.1246,0.0015,0.1872,0.0000
1784800566.01,5,base,1,0.0,5.0,4.177,25.11,34.03,0.0210,0.0894,0.0020,0.1002,0.0005,0.1026,0.0015,0.0064,0.1906,0.0103,0.1285,0.0024,0.1833,0.0005
1784800566.11,5,base,2,0.0,5.0,4.177,25.11,34.03,0.0215,0.0909,0.0000,0.1007,0.0005,0.1036,0.0029,0.0039,0.1877,0.0132,0.1232,0.0024,0.1872,0.0000
1784800566.20,5,base,3,0.0,5.0,4.177,25.11,34.03,0.0186,0.0934,0.0000,0.1012,0.0005,0.1041,0.0083,0.0024,0.1891,0.0108,0.1251,0.0020,0.1833,0.0000
1784800566.89,5,drive,0,1.5,5.0,4.177,25.11,34.03,0.0215,0.0890,0.0000,0.0997,0.0005,0.1026,0.0029,0.0044,0.1887,0.0127,0.1256,0.0020,0.1887,0.0000
1784800566.98,5,drive,1,1.5,5.0,4.177,25.11,34.03,0.0191,0.0948,0.0000,0.0997,0.0044,0.1046,0.0039,0.0029,0.1891,0.0088,0.1329,0.0020,0.1828,0.0005
1784800567.08,5,drive,2,1.5,5.0,4.177,25.11,34.03,0.0225,0.0919,0.0000,0.0973,0.0010,0.1051,0.0029,0.0054,0.1911,0.0093,0.1300,0.0010,0.1857,0.0000
1784800567.17,5,drive,3,1.5,5.0,4.177,25.11,34.03,0.0210,0.0904,0.0005,0.0987,0.0000,0.1046,0.0024,0.0039,0.1931,0.0083,0.1339,0.0015,0.1862,0.0000
1784800567.93,6,base,0,0.0,5.0,4.177,25.11,34.04,0.0235,0.0909,0.0000,0.1012,0.0005,0.1026,0.0029,0.0029,0.1887,0.0093,0.1246,0.0029,0.1901,0.0000
1784800568.03,6,base,1,0.0,5.0,4.177,25.11,34.04,0.0191,0.0938,0.0000,0.1002,0.0010,0.1041,0.0015,0.0034,0.1872,0.0117,0.1271,0.0005,0.1877,0.0000
1784800568.12,6,base,2,0.0,5.0,4.177,25.11,34.04,0.0171,0.0914,0.0005,0.0982,0.0000,0.1056,0.0034,0.0049,0.1882,0.0098,0.1305,0.0010,0.1857,0.0000
1784800568.21,6,base,3,0.0,5.0,4.177,25.11,34.04,0.0161,0.0870,0.0000,0.1007,0.0005,0.1070,0.0005,0.0034,0.1882,0.0117,0.1256,0.0024,0.1857,0.0000
1784800568.90,6,drive,0,1.5,5.0,4.177,25.11,34.04,0.0186,0.0919,0.0000,0.1007,0.0000,0.1031,0.0039,0.0171,0.1984,0.0103,0.1383,0.0015,0.1848,0.0005
1784800569.00,6,drive,1,1.5,5.0,4.177,25.11,34.04,0.0205,0.0904,0.0000,0.0987,0.0000,0.1070,0.0015,0.0191,0.1970,0.0132,0.1408,0.0010,0.1833,0.0010
1784800569.09,6,drive,2,1.5,5.0,4.177,25.11,34.04,0.0235,0.0943,0.0005,0.1007,0.0000,0.1046,0.0039,0.0191,0.1989,0.0122,0.1383,0.0015,0.1838,0.0005
1784800569.18,6,drive,3,1.5,5.0,4.177,25.11,34.04,0.0205,0.0938,0.0000,0.0992,0.0000,0.1036,0.0034,0.0186,0.1975,0.0147,0.1364,0.0010,0.1789,0.0000
1784800569.94,7,base,0,0.0,5.0,4.217,25.11,34.04,0.0205,0.0890,0.0000,0.1017,0.0000,0.1041,0.0024,0.0064,0.1896,0.0112,0.1266,0.0015,0.1867,0.0000
1784800570.03,7,base,1,0.0,5.0,4.217,25.11,34.04,0.0215,0.0904,0.0005,0.1012,0.0005,0.1061,0.0039,0.0029,0.1901,0.0127,0.1281,0.0005,0.1877,0.0005
1784800570.13,7,base,2,0.0,5.0,4.217,25.11,34.04,0.0225,0.0909,0.0010,0.0992,0.0005,0.1051,0.0015,0.0088,0.1891,0.0112,0.1271,0.0015,0.1818,0.0000
1784800570.22,7,base,3,0.0,5.0,4.217,25.11,34.04,0.0210,0.0885,0.0010,0.0987,0.0000,0.1061,0.0039,0.0020,0.1882,0.0117,0.1271,0.0015,0.1887,0.0005
1784800570.91,7,drive,0,1.5,5.0,4.217,25.11,34.04,0.0166,0.0934,0.0000,0.0963,0.0005,0.1046,0.0020,0.0186,0.1950,0.0117,0.1359,0.0020,0.1833,0.0015
1784800571.00,7,drive,1,1.5,5.0,4.217,25.11,34.04,0.0196,0.0875,0.0010,0.1031,0.0015,0.1007,0.0039,0.0181,0.1984,0.0132,0.1339,0.0039,0.1813,0.0000
1784800571.10,7,drive,2,1.5,5.0,4.217,25.11,34.04,0.0210,0.0899,0.0005,0.1026,0.0000,0.1026,0.0024,0.0191,0.1965,0.0127,0.1373,0.0005,0.1823,0.0000
1784800571.19,7,drive,3,1.5,5.0,4.217,25.11,34.04,0.0200,0.0894,0.0000,0.0978,0.0005,0.1026,0.0029,0.0176,0.1984,0.0122,0.1388,0.0029,0.1857,0.0005
1784800571.95,8,base,0,0.0,5.0,4.197,25.11,34.05,0.0191,0.0899,0.0000,0.1007,0.0000,0.1036,0.0039,0.0039,0.1891,0.0132,0.1261,0.0000,0.1833,0.0000
1784800572.04,8,base,1,0.0,5.0,4.197,25.11,34.05,0.0225,0.0880,0.0029,0.1031,0.0000,0.1022,0.0034,0.0024,0.1921,0.0117,0.1217,0.0039,0.1813,0.0000
1784800572.14,8,base,2,0.0,5.0,4.197,25.11,34.05,0.0210,0.0924,0.0000,0.1012,0.0005,0.0997,0.0034,0.0054,0.1867,0.0103,0.1256,0.0020,0.1872,0.0010
1784800572.23,8,base,3,0.0,5.0,4.197,25.11,34.05,0.0210,0.0909,0.0000,0.0982,0.0020,0.1051,0.0010,0.0034,0.1891,0.0152,0.1290,0.0024,0.1833,0.0015
1784800572.92,8,drive,0,1.5,5.0,4.197,25.11,34.05,0.0152,0.0894,0.0000,0.0982,0.0000,0.1051,0.0034,0.0044,0.1872,0.0103,0.1310,0.0039,0.1857,0.0010
1784800573.01,8,drive,1,1.5,5.0,4.197,25.11,34.05,0.0191,0.0914,0.0020,0.1026,0.0000,0.1036,0.0020,0.0054,0.1935,0.0112,0.1261,0.0010,0.1872,0.0000
1784800573.11,8,drive,2,1.5,5.0,4.197,25.11,34.05,0.0196,0.0914,0.0000,0.1022,0.0015,0.1041,0.0034,0.0020,0.1887,0.0098,0.1271,0.0039,0.1828,0.0010
1784800573.20,8,drive,3,1.5,5.0,4.197,25.11,34.05,0.0200,0.0919,0.0000,0.0978,0.0010,0.1041,0.0010,0.0039,0.1896,0.0103,0.1276,0.0005,0.1843,0.0000
1784800573.96,9,base,0,0.0,5.0,4.197,25.11,34.05,0.0220,0.0885,0.0000,0.0982,0.0000,0.1051,0.0024,0.0064,0.1862,0.0108,0.1290,0.0039,0.1852,0.0000
1784800574.06,9,base,1,0.0,5.0,4.197,25.11,34.05,0.0186,0.0909,0.0005,0.0997,0.0000,0.1061,0.0029,0.0034,0.1911,0.0127,0.1266,0.0029,0.1838,0.0000
1784800574.15,9,base,2,0.0,5.0,4.197,25.11,34.05,0.0220,0.0914,0.0000,0.0987,0.0005,0.1041,0.0020,0.0049,0.1862,0.0098,0.1281,0.0024,0.1823,0.0005
1784800574.25,9,base,3,0.0,5.0,4.197,25.11,34.05,0.0225,0.0929,0.0000,0.1017,0.0010,0.1056,0.0024,0.0039,0.1921,0.0093,0.1276,0.0010,0.1872,0.0000
1784800574.93,9,drive,0,1.5,5.0,4.197,25.11,34.05,0.0191,0.0904,0.0005,0.0987,0.0005,0.1061,0.0015,0.0039,0.1906,0.0117,0.1276,0.0020,0.1882,0.0000
1784800575.03,9,drive,1,1.5,5.0,4.197,25.11,34.05,0.0156,0.0894,0.0005,0.0973,0.0005,0.1041,0.0039,0.0029,0.1887,0.0112,0.1256,0.0029,0.1857,0.0000
1784800575.12,9,drive,2,1.5,5.0,4.197,25.11,34.05,0.0220,0.0924,0.0000,0.0982,0.0010,0.1017,0.0034,0.0029,0.1891,0.0122,0.1285,0.0024,0.1828,0.0024
1784800575.22,9,drive,3,1.5,5.0,4.197,25.11,34.05,0.0200,0.0914,0.0000,0.0997,0.0015,0.1007,0.0039,0.0039,0.1931,0.0122,0.1271,0.0044,0.1852,0.0005
1784800575.97,10,base,0,0.0,5.0,4.157,25.11,34.06,0.0205,0.0899,0.0010,0.0973,0.0000,0.1061,0.0024,0.0020,0.1877,0.0132,0.1246,0.0020,0.1833,0.0000
1784800576.06,10,base,1,0.0,5.0,4.157,25.11,34.06,0.0205,0.0865,0.0000,0.1041,0.0005,0.1031,0.0039,0.0068,0.1887,0.0112,0.1271,0.0015,0.1862,0.0000
1784800576.16,10,base,2,0.0,5.0,4.157,25.11,34.06,0.0181,0.0919,0.0005,0.0982,0.0005,0.1017,0.0020,0.0015,0.1896,0.0093,0.1237,0.0029,0.1833,0.0000
1784800576.25,10,base,3,0.0,5.0,4.157,25.11,34.06,0.0196,0.0909,0.0005,0.1041,0.0000,0.1031,0.0015,0.0039,0.1891,0.0132,0.1256,0.0015,0.1877,0.0000
1784800576.94,10,drive,0,1.5,5.0,4.157,25.11,34.06,0.0205,0.0914,0.0005,0.1002,0.0000,0.1007,0.0020,0.0049,0.1887,0.0098,0.1232,0.0029,0.1843,0.0005
1784800577.03,10,drive,1,1.5,5.0,4.157,25.11,34.06,0.0196,0.0880,0.0000,0.1002,0.0000,0.1046,0.0015,0.0068,0.1877,0.0093,0.1271,0.0020,0.1848,0.0000
1784800577.12,10,drive,2,1.5,5.0,4.157,25.11,34.06,0.0191,0.0904,0.0000,0.1022,0.0005,0.1065,0.0044,0.0039,0.1872,0.0103,0.1271,0.0020,0.1818,0.0005
1784800577.22,10,drive,3,1.5,5.0,4.157,25.11,34.06,0.0210,0.0919,0.0000,0.1031,0.0000,0.1041,0.0059,0.0049,0.1891,0.0098,0.1246,0.0005,0.1896,0.0000
1784800577.98,11,base,0,0.0,5.0,4.177,25.11,34.06,0.0235,0.0934,0.0005,0.0997,0.0010,0.1080,0.0024,0.0073,0.1862,0.0108,0.1281,0.0020,0.1843,0.0010
1784800578.08,11,base,1,0.0,5.0,4.177,25.11,34.06,0.0239,0.0890,0.0000,0.1031,0.0000,0.1061,0.0034,0.0039,0.1848,0.0122,0.1295,0.0029,0.1852,0.0005
1784800578.17,11,base,2,0.0,5.0,4.177,25.11,34.06,0.0264,0.0890,0.0088,0.0958,0.0098,0.1022,0.0196,0.0269,0.1848,0.0259,0.1300,0.0176,0.1857,0.0073
1784800578.27,11,base,3,0.0,5.0,4.177,25.11,34.06,0.0371,0.0826,0.0137,0.1051,0.0244,0.0890,0.0132,0.0249,0.1931,0.0254,0.1422,0.0191,0.1711,0.0122
1784800578.95,11,drive,0,1.5,5.0,4.177,25.11,34.06,0.0254,0.0997,0.0108,0.0973,0.0142,0.0924,0.0288,0.0117,0.1911,0.0186,0.1285,0.0181,0.1804,0.0225
1784800579.04,11,drive,1,1.5,5.0,4.177,25.11,34.06,0.0411,0.0860,0.0015,0.1041,0.0068,0.1041,0.0239,0.0078,0.1887,0.0337,0.1329,0.0078,0.1857,0.0015
1784800579.14,11,drive,2,1.5,5.0,4.177,25.11,34.06,0.0283,0.0880,0.0024,0.1056,0.0068,0.1017,0.0342,0.0137,0.1891,0.0347,0.1285,0.0068,0.1931,0.0029
1784800579.23,11,drive,3,1.5,5.0,4.177,25.11,34.06,0.0186,0.0894,0.0073,0.1012,0.0308,0.1007,0.0039,0.0283,0.1867,0.0103,0.1197,0.0073,0.1877,0.0220
1784800579.99,12,base,0,0.0,5.0,4.177,25.11,34.07,0.0274,0.0919,0.0264,0.0997,0.0010,0.0899,0.0078,0.0103,0.1833,0.0093,0.1310,0.0117,0.1823,0.0254
1784800580.09,12,base,1,0.0,5.0,4.177,25.11,34.07,0.0191,0.0914,0.0152,0.0968,0.0244,0.1080,0.0044,0.0318,0.1872,0.0103,0.1329,0.0068,0.1877,0.0210
1784800580.18,12,base,2,0.0,5.0,4.177,25.11,34.07,0.0259,0.0899,0.0269,0.0938,0.0015,0.1012,0.0059,0.0068,0.2004,0.0137,0.1315,0.0176,0.1867,0.0166
1784800580.28,12,base,3,0.0,5.0,4.177,25.11,34.07,0.0191,0.0934,0.0098,0.1031,0.0274,0.1012,0.0083,0.0191,0.1867,0.0098,0.1290,0.0029,0.1833,0.0132
1784800580.96,12,drive,0,1.5,5.0,4.177,25.11,34.07,0.0215,0.0934,0.0073,0.1046,0.0049,0.1114,0.0034,0.0098,0.1926,0.0112,0.1378,0.0039,0.1833,0.0044
1784800581.06,12,drive,1,1.5,5.0,4.177,25.11,34.07,0.0215,0.0792,0.0039,0.1022,0.0083,0.1002,0.0039,0.0171,0.1833,0.0166,0.1246,0.0044,0.1931,0.0044
1784800581.15,12,drive,2,1.5,5.0,4.177,25.11,34.07,0.0259,0.0875,0.0103,0.0948,0.0005,0.1031,0.0034,0.0059,0.1828,0.0142,0.1227,0.0147,0.1901,0.0054
1784800581.24,12,drive,3,1.5,5.0,4.177,25.11,34.07,0.0235,0.0806,0.0098,0.0978,0.0112,0.1022,0.0034,0.0220,0.1838,0.0122,0.1246,0.0064,0.1896,0.0073
1784800582.01,13,base,0,0.0,5.0,4.157,25.11,34.07,0.0230,0.0963,0.0117,0.1031,0.0049,0.1026,0.0068,0.0064,0.1813,0.0161,0.1202,0.0029,0.1848,0.0132
1784800582.10,13,base,1,0.0,5.0,4.157,25.11,34.07,0.0249,0.0948,0.0015,0.1022,0.0044,0.1007,0.0083,0.0137,0.1833,0.0161,0.1339,0.0059,0.1804,0.0078
1784800582.19,13,base,2,0.0,5.0,4.157,25.11,34.07,0.0259,0.0938,0.0049,0.1061,0.0117,0.0992,0.0078,0.0088,0.1887,0.0147,0.1217,0.0059,0.1818,0.0054
1784800582.29,13,base,3,0.0,5.0,4.157,25.11,34.07,0.0215,0.0909,0.0024,0.1012,0.0078,0.1022,0.0044,0.0054,0.1877,0.0064,0.1246,0.0049,0.1872,0.0059
1784800582.97,13,drive,0,1.5,5.0,4.157,25.11,34.07,0.0269,0.0841,0.0020,0.0899,0.0103,0.0987,0.0054,0.0117,0.1906,0.0200,0.1408,0.0064,0.1857,0.0034
1784800583.07,13,drive,1,1.5,5.0,4.157,25.11,34.07,0.0313,0.0865,0.0034,0.0968,0.0064,0.1046,0.0029,0.0103,0.1916,0.0171,0.1383,0.0044,0.1887,0.0054
1784800583.16,13,drive,2,1.5,5.0,4.157,25.11,34.07,0.0274,0.0875,0.0015,0.0953,0.0064,0.0973,0.0054,0.0064,0.1940,0.0186,0.1422,0.0122,0.1794,0.0034
1784800583.26,13,drive,3,1.5,5.0,4.157,25.11,34.07,0.0181,0.0914,0.0029,0.1090,0.0073,0.1002,0.0039,0.0103,0.1945,0.0103,0.1373,0.0044,0.1843,0.0054
1784800584.01,14,base,0,0.0,5.0,4.197,25.11,34.08,0.0288,0.0894,0.0049,0.0948,0.0034,0.1041,0.0147,0.0064,0.1882,0.0181,0.1281,0.0093,0.1872,0.0054
1784800584.11,14,base,1,0.0,5.0,4.197,25.11,34.08,0.0264,0.0875,0.0029,0.0953,0.0039,0.1095,0.0132,0.0098,0.1994,0.0152,0.1285,0.0024,0.1872,0.0049
1784800584.20,14,base,2,0.0,5.0,4.197,25.11,34.08,0.0200,0.0865,0.0181,0.1061,0.0000,0.1051,0.0068,0.0020,0.1789,0.0112,0.1325,0.0054,0.1906,0.0064
1784800584.29,14,base,3,0.0,5.0,4.197,25.11,34.08,0.0186,0.0924,0.0098,0.0992,0.0024,0.1026,0.0083,0.0073,0.1843,0.0112,0.1232,0.0059,0.1862,0.0103
1784800584.98,14,drive,0,1.5,5.0,4.197,25.11,34.08,0.0215,0.0914,0.0064,0.1012,0.0029,0.1051,0.0039,0.0088,0.1935,0.0137,0.1300,0.0098,0.1931,0.0010
1784800585.08,14,drive,1,1.5,5.0,4.197,25.11,34.08,0.0171,0.0855,0.0103,0.0997,0.0015,0.1070,0.0059,0.0103,0.1931,0.0132,0.1266,0.0088,0.1921,0.0088
1784800585.17,14,drive,2,1.5,5.0,4.197,25.11,34.08,0.0210,0.0821,0.0029,0.0958,0.0039,0.0997,0.0088,0.0196,0.1872,0.0127,0.1188,0.0108,0.1779,0.0059
1784800585.27,14,drive,3,1.5,5.0,4.197,25.11,34.08,0.0259,0.0885,0.0024,0.1031,0.0083,0.1041,0.0064,0.0098,0.1843,0.0166,0.1251,0.0054,0.1882,0.0034
1784800586.03,15,base,0,0.0,5.0,4.177,25.11,34.08,0.0210,0.0943,0.0054,0.1017,0.0024,0.1051,0.0078,0.0068,0.1891,0.0088,0.1256,0.0054,0.1848,0.0098
1784800586.12,15,base,1,0.0,5.0,4.177,25.11,34.08,0.0254,0.0885,0.0024,0.0929,0.0064,0.1007,0.0127,0.0073,0.1921,0.0122,0.1310,0.0098,0.1843,0.0064
1784800586.22,15,base,2,0.0,5.0,4.177,25.11,34.08,0.0279,0.0890,0.0005,0.1031,0.0044,0.1080,0.0093,0.0137,0.1955,0.0103,0.1305,0.0112,0.1833,0.0015
1784800586.31,15,base,3,0.0,5.0,4.177,25.11,34.08,0.0161,0.0909,0.0044,0.1056,0.0068,0.1061,0.0112,0.0103,0.1916,0.0166,0.1266,0.0049,0.1823,0.0034
1784800586.99,15,drive,0,1.5,5.0,4.177,25.11,34.08,0.0210,0.0953,0.0044,0.1075,0.0029,0.1119,0.0098,0.0098,0.1808,0.0215,0.1251,0.0015,0.1833,0.0044
1784800587.09,15,drive,1,1.5,5.0,4.177,25.11,34.08,0.0259,0.0870,0.0024,0.1026,0.0117,0.1061,0.0049,0.0142,0.1901,0.0098,0.1237,0.0054,0.1843,0.0024
1784800587.18,15,drive,2,1.5,5.0,4.177,25.11,34.08,0.0244,0.0938,0.0015,0.1007,0.0068,0.1012,0.0117,0.0078,0.1852,0.0230,0.1276,0.0029,0.1804,0.0034
1784800587.27,15,drive,3,1.5,5.0,4.177,25.11,34.08,0.0200,0.0836,0.0054,0.0929,0.0049,0.0992,0.0122,0.0093,0.1896,0.0156,0.1305,0.0064,0.1833,0.0064
1784800588.03,16,base,0,0.0,5.0,4.197,25.11,34.08,0.0293,0.0914,0.0064,0.0973,0.0029,0.1100,0.0098,0.0078,0.1823,0.0171,0.1251,0.0054,0.1867,0.0073
1784800588.13,16,base,1,0.0,5.0,4.197,25.11,34.08,0.0220,0.0860,0.0078,0.0987,0.0078,0.1090,0.0054,0.0196,0.1872,0.0205,0.1207,0.0073,0.1862,0.0049
1784800588.22,16,base,2,0.0,5.0,4.197,25.11,34.08,0.0215,0.0855,0.0064,0.1002,0.0000,0.1051,0.0078,0.0078,0.1857,0.0073,0.1315,0.0044,0.1940,0.0044
1784800588.31,16,base,3,0.0,5.0,4.197,25.11,34.08,0.0205,0.0953,0.0083,0.1012,0.0015,0.1022,0.0093,0.0029,0.1833,0.0152,0.1222,0.0034,0.1852,0.0088
1784800589.00,16,drive,0,1.5,5.0,4.197,25.11,34.08,0.0279,0.0890,0.0064,0.0997,0.0044,0.1105,0.0078,0.0166,0.1931,0.0156,0.1349,0.0108,0.1833,0.0015
1784800589.09,16,drive,1,1.5,5.0,4.197,25.11,34.08,0.0254,0.0948,0.0024,0.0992,0.0083,0.1168,0.0147,0.0088,0.1896,0.0088,0.1300,0.0147,0.1808,0.0015
1784800589.19,16,drive,2,1.5,5.0,4.197,25.11,34.08,0.0215,0.0904,0.0039,0.1012,0.0029,0.1124,0.0083,0.0230,0.1901,0.0200,0.1329,0.0059,0.1813,0.0059
1784800589.28,16,drive,3,1.5,5.0,4.197,25.11,34.08,0.0215,0.0802,0.0049,0.1007,0.0064,0.1119,0.0186,0.0132,0.1945,0.0210,0.1251,0.0117,0.1799,0.0015
1784800590.05,17,base,0,0.0,5.0,4.197,25.11,34.09,0.0239,0.0826,0.0039,0.0987,0.0068,0.1017,0.0078,0.0098,0.1867,0.0239,0.1276,0.0049,0.1813,0.0049
1784800590.14,17,base,1,0.0,5.0,4.197,25.11,34.09,0.0147,0.0938,0.0059,0.1036,0.0034,0.1012,0.0088,0.0108,0.2009,0.0098,0.1241,0.0073,0.1857,0.0171
1784800590.23,17,base,2,0.0,5.0,4.197,25.11,34.09,0.0132,0.0904,0.0020,0.1036,0.0059,0.1056,0.0068,0.0088,0.1955,0.0083,0.1320,0.0029,0.1794,0.0127
1784800590.33,17,base,3,0.0,5.0,4.197,25.11,34.09,0.0225,0.0890,0.0020,0.0943,0.0034,0.1026,0.0176,0.0054,0.1867,0.0137,0.1271,0.0147,0.1823,0.0010
1784800591.02,17,drive,0,1.5,5.0,4.197,25.11,34.09,0.0254,0.0841,0.0029,0.1041,0.0088,0.1031,0.0171,0.0117,0.1857,0.0196,0.1281,0.0093,0.1901,0.0020
1784800591.11,17,drive,1,1.5,5.0,4.197,25.11,34.09,0.0215,0.0885,0.0039,0.1031,0.0098,0.1026,0.0156,0.0103,0.1867,0.0283,0.1222,0.0044,0.1940,0.0034
1784800591.20,17,drive,2,1.5,5.0,4.197,25.11,34.09,0.0269,0.0890,0.0176,0.1007,0.0044,0.0958,0.0112,0.0044,0.1838,0.0122,0.1222,0.0235,0.1848,0.0039
1784800591.30,17,drive,3,1.5,5.0,4.197,25.11,34.09,0.0225,0.0816,0.0054,0.0978,0.0200,0.1026,0.0073,0.0196,0.1872,0.0137,0.1183,0.0064,0.1887,0.0073
1784800592.05,18,base,0,0.0,5.0,4.177,25.11,34.09,0.0225,0.0929,0.0176,0.0997,0.0093,0.0943,0.0054,0.0215,0.2004,0.0103,0.1349,0.0098,0.1852,0.0293
1784800592.15,18,base,1,0.0,5.0,4.177,25.11,34.09,0.0381,0.0875,0.0064,0.0880,0.0015,0.1031,0.0112,0.0083,0.1960,0.0166,0.1246,0.0274,0.1857,0.0010
1784800592.24,18,base,2,0.0,5.0,4.177,25.11,34.09,0.0191,0.0938,0.0068,0.1041,0.0230,0.1022,0.0059,0.0357,0.1882,0.0078,0.1447,0.0044,0.1901,0.0108
1784800592.33,18,base,3,0.0,5.0,4.177,25.11,34.09,0.0264,0.0953,0.0010,0.1080,0.0073,0.1056,0.0264,0.0088,0.1887,0.0318,0.1237,0.0044,0.1945,0.0029
1784800593.02,18,drive,0,1.5,5.0,4.177,25.11,34.09,0.0225,0.0982,0.0029,0.0978,0.0166,0.1017,0.0152,0.0142,0.1916,0.0235,0.1241,0.0020,0.1725,0.0049
1784800593.11,18,drive,1,1.5,5.0,4.177,25.11,34.09,0.0342,0.0836,0.0078,0.0992,0.0024,0.1061,0.0093,0.0078,0.1755,0.0132,0.1271,0.0313,0.1891,0.0010
1784800593.21,18,drive,2,1.5,5.0,4.177,25.11,34.09,0.0205,0.0968,0.0093,0.0987,0.0279,0.1026,0.0044,0.0279,0.1843,0.0117,0.1251,0.0020,0.1916,0.0083
1784800593.30,18,drive,3,1.5,5.0,4.177,25.11,34.09,0.0337,0.0850,0.0020,0.0855,0.0029,0.1012,0.0332,0.0093,0.1901,0.0259,0.1285,0.0152,0.1774,0.0039
1784800594.06,19,base,0,0.0,5.0,4.197,25.11,34.10,0.0283,0.0880,0.0020,0.0850,0.0005,0.0924,0.0156,0.0112,0.2067,0.0220,0.1320,0.0210,0.1794,0.0024
1784800594.16,19,base,1,0.0,5.0,4.197,25.11,34.10,0.0230,0.0899,0.0059,0.1012,0.0147,0.1022,0.0147,0.0191,0.1906,0.0318,0.1271,0.0044,0.1823,0.0088
1784800594.25,19,base,2,0.0,5.0,4.197,25.11,34.10,0.0235,0.0894,0.0010,0.1002,0.0005,0.1075,0.0005,0.0054,0.1891,0.0088,0.1305,0.0039,0.1877,0.0034
1784800594.35,19,base,3,0.0,5.0,4.197,25.11,34.10,0.0200,0.0924,0.0000,0.1017,0.0000,0.1051,0.0034,0.0029,0.1872,0.0112,0.1300,0.0034,0.1848,0.0000
1784800595.03,19,drive,0,1.5,5.0,4.197,25.11,34.10,0.0200,0.0929,0.0010,0.1012,0.0000,0.0831,0.0000,0.0083,0.1950,0.0049,0.1447,0.0034,0.1833,0.0000
1784800595.13,19,drive,1,1.5,5.0,4.197,25.11,34.10,0.0210,0.0890,0.0000,0.1017,0.0000,0.0850,0.0015,0.0059,0.1911,0.0098,0.1461,0.0010,0.1794,0.0024
1784800595.22,19,drive,2,1.5,5.0,4.197,25.11,34.10,0.0254,0.0885,0.0010,0.1007,0.0000,0.0831,0.0029,0.0020,0.1960,0.0064,0.1466,0.0005,0.1813,0.0010
1784800595.31,19,drive,3,1.5,5.0,4.197,25.11,34.10,0.0191,0.0953,0.0000,0.0982,0.0005,0.0855,0.0029,0.0068,0.1911,0.0049,0.1491,0.0020,0.1857,0.0010
1784800596.08,20,base,0,0.0,5.0,4.177,25.11,34.10,0.0191,0.0904,0.0000,0.1041,0.0010,0.1056,0.0039,0.0044,0.1911,0.0132,0.1295,0.0034,0.1843,0.0010
1784800596.17,20,base,1,0.0,5.0,4.177,25.11,34.10,0.0196,0.0924,0.0010,0.1051,0.0000,0.1041,0.0034,0.0068,0.1887,0.0108,0.1271,0.0020,0.1872,0.0000
1784800596.26,20,base,2,0.0,5.0,4.177,25.11,34.10,0.0225,0.0860,0.0010,0.0997,0.0000,0.1012,0.0015,0.0054,0.1906,0.0112,0.1256,0.0015,0.1887,0.0000
1784800596.36,20,base,3,0.0,5.0,4.177,25.11,34.10,0.0200,0.0865,0.0000,0.1012,0.0000,0.1041,0.0034,0.0049,0.1887,0.0073,0.1271,0.0010,0.1852,0.0000
1784800597.05,20,drive,0,1.5,5.0,4.177,25.11,34.10,0.0225,0.0924,0.0020,0.0978,0.0005,0.1031,0.0020,0.0288,0.2053,0.0142,0.1457,0.0034,0.1794,0.0000
1784800597.14,20,drive,1,1.5,5.0,4.177,25.11,34.10,0.0239,0.0890,0.0010,0.0997,0.0000,0.1065,0.0020,0.0288,0.2033,0.0171,0.1457,0.0015,0.1808,0.0000
1784800597.23,20,drive,2,1.5,5.0,4.177,25.11,34.10,0.0264,0.0943,0.0005,0.1002,0.0005,0.1061,0.0020,0.0308,0.2014,0.0161,0.1481,0.0024,0.1784,0.0000
1784800597.33,20,drive,3,1.5,5.0,4.177,25.11,34.10,0.0200,0.0938,0.0005,0.1002,0.0000,0.1007,0.0029,0.0332,0.2043,0.0161,0.1476,0.0005,0.1813,0.0000
1784800598.09,21,base,0,0.0,5.0,4.197,25.11,34.11,0.0215,0.0953,0.0005,0.1017,0.0000,0.1051,0.0039,0.0083,0.1896,0.0117,0.1285,0.0034,0.1852,0.0000
1784800598.18,21,base,1,0.0,5.0,4.197,25.11,34.11,0.0200,0.0914,0.0000,0.1007,0.0015,0.1051,0.0024,0.0049,0.1872,0.0112,0.1271,0.0010,0.1838,0.0005
1784800598.28,21,base,2,0.0,5.0,4.197,25.11,34.11,0.0205,0.0899,0.0000,0.0997,0.0010,0.1012,0.0029,0.0024,0.1891,0.0103,0.1261,0.0024,0.1843,0.0005
1784800598.37,21,base,3,0.0,5.0,4.197,25.11,34.11,0.0215,0.0894,0.0000,0.0992,0.0000,0.1046,0.0000,0.0059,0.1896,0.0132,0.1261,0.0010,0.1872,0.0005
1784800599.06,21,drive,0,1.5,5.0,4.197,25.11,34.11,0.0210,0.0870,0.0000,0.0948,0.0010,0.1041,0.0020,0.0034,0.1891,0.0137,0.1290,0.0015,0.1828,0.0010
1784800599.15,21,drive,1,1.5,5.0,4.197,25.11,34.11,0.0215,0.0914,0.0000,0.1026,0.0000,0.1012,0.0024,0.0044,0.1877,0.0112,0.1276,0.0039,0.1862,0.0000
1784800599.24,21,drive,2,1.5,5.0,4.197,25.11,34.11,0.0205,0.0894,0.0034,0.0978,0.0005,0.1017,0.0015,0.0034,0.1862,0.0088,0.1305,0.0024,0.1804,0.0000
1784800599.34,21,drive,3,1.5,5.0,4.197,25.11,34.11,0.0200,0.0894,0.0000,0.1007,0.0010,0.1007,0.0059,0.0015,0.1872,0.0122,0.1310,0.0010,0.1852,0.0005
1784800600.10,22,base,0,0.0,5.0,4.177,25.11,34.11,0.0220,0.0904,0.0000,0.1080,0.0015,0.1012,0.0034,0.0039,0.1896,0.0127,0.1281,0.0024,0.1823,0.0005
1784800600.19,22,base,1,0.0,5.0,4.177,25.11,34.11,0.0186,0.0885,0.0015,0.1007,0.0000,0.1036,0.0034,0.0020,0.1901,0.0093,0.1261,0.0010,0.1872,0.0000
1784800600.29,22,base,2,0.0,5.0,4.177,25.11,34.11,0.0220,0.0924,0.0005,0.1026,0.0020,0.1031,0.0049,0.0024,0.1887,0.0132,0.1256,0.0024,0.1828,0.0005
1784800600.38,22,base,3,0.0,5.0,4.177,25.11,34.11,0.0196,0.0899,0.0005,0.1012,0.0005,0.1026,0.0049,0.0044,0.1887,0.0108,0.1266,0.0024,0.1862,0.0000
1784800601.07,22,drive,0,1.5,5.0,4.177,25.11,34.11,0.0215,0.0899,0.0000,0.1105,0.0010,0.0963,0.0029,0.0015,0.1921,0.0103,0.1349,0.0054,0.1911,0.0010
1784800601.16,22,drive,1,1.5,5.0,4.177,25.11,34.11,0.0210,0.0885,0.0010,0.1080,0.0020,0.1017,0.0029,0.0010,0.1926,0.0073,0.1339,0.0034,0.1852,0.0000
1784800601.26,22,drive,2,1.5,5.0,4.177,25.11,34.11,0.0215,0.0870,0.0010,0.1129,0.0005,0.0963,0.0034,0.0034,0.1882,0.0049,0.1359,0.0020,0.1843,0.0010
1784800601.35,22,drive,3,1.5,5.0,4.177,25.11,34.11,0.0210,0.0919,0.0024,0.1109,0.0010,0.0948,0.0039,0.0024,0.1862,0.0078,0.1339,0.0044,0.1882,0.0015
1784800602.11,23,base,0,0.0,5.0,4.197,25.11,34.11,0.0215,0.0919,0.0005,0.1012,0.0015,0.1031,0.0044,0.0029,0.1891,0.0132,0.1281,0.0020,0.1867,0.0000
1784800602.20,23,base,1,0.0,5.0,4.197,25.11,34.11,0.0205,0.0904,0.0010,0.0997,0.0005,0.1051,0.0024,0.0034,0.1891,0.0093,0.1256,0.0020,0.1828,0.0000
1784800602.30,23,base,2,0.0,5.0,4.197,25.11,34.11,0.0235,0.0914,0.0005,0.0978,0.0000,0.1036,0.0024,0.0059,0.1867,0.0147,0.1266,0.0020,0.1848,0.0000
1784800602.39,23,base,3,0.0,5.0,4.197,25.11,34.11,0.0196,0.0914,0.0000,0.1022,0.0000,0.1036,0.0034,0.0049,0.1877,0.0117,0.1261,0.0024,0.1862,0.0000
1784800603.08,23,drive,0,1.5,5.0,4.197,25.11,34.11,0.0200,0.0899,0.0000,0.1017,0.0005,0.1041,0.0049,0.0029,0.1676,0.0176,0.0909,0.0000,0.1843,0.0010
1784800603.17,23,drive,1,1.5,5.0,4.197,25.11,34.11,0.0200,0.0929,0.0005,0.1017,0.0000,0.1041,0.0034,0.0029,0.1686,0.0147,0.0894,0.0034,0.1808,0.0005
1784800603.27,23,drive,2,1.5,5.0,4.197,25.11,34.11,0.0181,0.0924,0.0005,0.0992,0.0000,0.1026,0.0024,0.0044,0.1701,0.0137,0.0924,0.0010,0.1818,0.0000
1784800603.36,23,drive,3,1.5,5.0,4.197,25.11,34.11,0.0215,0.0885,0.0000,0.1026,0.0005,0.1031,0.0034,0.0039,0.1696,0.0161,0.0924,0.0000,0.1848,0.0015
1784800604.12,24,base,0,0.0,5.0,4.197,25.11,34.12,0.0166,0.0904,0.0005,0.1002,0.0000,0.1036,0.0029,0.0044,0.1891,0.0103,0.1271,0.0034,0.1867,0.0000
1784800604.21,24,base,1,0.0,5.0,4.197,25.11,34.12,0.0205,0.0885,0.0005,0.1017,0.0000,0.1061,0.0020,0.0059,0.1901,0.0088,0.1261,0.0024,0.1872,0.0000
1784800604.31,24,base,2,0.0,5.0,4.197,25.11,34.12,0.0196,0.0943,0.0000,0.1017,0.0005,0.1002,0.0015,0.0029,0.1921,0.0103,0.1266,0.0005,0.1848,0.0000
1784800604.40,24,base,3,0.0,5.0,4.197,25.11,34.12,0.0200,0.0880,0.0000,0.1002,0.0010,0.1056,0.0039,0.0029,0.1887,0.0093,0.1251,0.0005,0.1843,0.0005
1784800605.09,24,drive,0,1.5,5.0,4.197,25.11,34.12,0.0244,0.0899,0.0000,0.1075,0.0000,0.0963,0.0039,0.0005,0.1843,0.0068,0.1373,0.0020,0.1852,0.0010
1784800605.18,24,drive,1,1.5,5.0,4.197,25.11,34.12,0.0220,0.0904,0.0010,0.1065,0.0000,0.0934,0.0010,0.0010,0.1887,0.0068,0.1354,0.0024,0.1887,0.0000
1784800605.28,24,drive,2,1.5,5.0,4.197,25.11,34.12,0.0205,0.0899,0.0000,0.1085,0.0000,0.0924,0.0034,0.0005,0.1828,0.0064,0.1364,0.0039,0.1818,0.0005
1784800605.37,24,drive,3,1.5,5.0,4.197,25.11,34.12,0.0205,0.0875,0.0000,0.1085,0.0000,0.0929,0.0029,0.0005,0.1823,0.0054,0.1373,0.0039,0.1813,0.0000
1784800606.13,25,base,0,0.0,5.0,4.197,25.11,34.12,0.0161,0.0885,0.0000,0.1012,0.0000,0.1051,0.0024,0.0059,0.1926,0.0098,0.1237,0.0020,0.1887,0.0005
1784800606.22,25,base,1,0.0,5.0,4.197,25.11,34.12,0.0186,0.0929,0.0000,0.1002,0.0000,0.1036,0.0015,0.0029,0.1887,0.0088,0.1256,0.0024,0.1843,0.0000
1784800606.31,25,base,2,0.0,5.0,4.197,25.11,34.12,0.0191,0.0919,0.0024,0.1007,0.0000,0.1051,0.0044,0.0049,0.1911,0.0112,0.1261,0.0010,0.1833,0.0000
1784800606.41,25,base,3,0.0,5.0,4.197,25.11,34.12,0.0196,0.0885,0.0005,0.1012,0.0000,0.1031,0.0024,0.0073,0.1862,0.0103,0.1295,0.0010,0.1862,0.0000
1784800607.09,25,drive,0,1.5,5.0,4.197,25.11,34.12,0.0215,0.0894,0.0000,0.1017,0.0000,0.1046,0.0020,0.0068,0.1916,0.0122,0.1320,0.0010,0.1877,0.0010
1784800607.19,25,drive,1,1.5,5.0,4.197,25.11,34.12,0.0230,0.0943,0.0005,0.0997,0.0005,0.1061,0.0024,0.0054,0.1921,0.0152,0.1285,0.0010,0.1799,0.0010
1784800607.28,25,drive,2,1.5,5.0,4.197,25.11,34.12,0.0205,0.0943,0.0000,0.0968,0.0010,0.1031,0.0039,0.0054,0.1950,0.0122,0.1300,0.0010,0.1779,0.0010
1784800607.38,25,drive,3,1.5,5.0,4.197,25.11,34.12,0.0205,0.0909,0.0000,0.1012,0.0000,0.1031,0.0034,0.0064,0.1916,0.0108,0.1290,0.0034,0.1833,0.0005
1784800608.14,26,base,0,0.0,5.0,4.197,25.11,34.13,0.0205,0.0929,0.0000,0.1036,0.0000,0.1026,0.0020,0.0024,0.1887,0.0068,0.1271,0.0005,0.1838,0.0000
1784800608.24,26,base,1,0.0,5.0,4.197,25.11,34.13,0.0210,0.0929,0.0000,0.1002,0.0000,0.1026,0.0015,0.0039,0.1906,0.0122,0.1261,0.0015,0.1843,0.0010
1784800608.33,26,base,2,0.0,5.0,4.197,25.11,34.13,0.0215,0.0909,0.0000,0.1026,0.0005,0.1022,0.0059,0.0039,0.1887,0.0122,0.1251,0.0024,0.1857,0.0000
1784800608.42,26,base,3,0.0,5.0,4.197,25.11,34.13,0.0186,0.0894,0.0000,0.0997,0.0000,0.1012,0.0015,0.0059,0.1916,0.0108,0.1271,0.0024,0.1862,0.0010
1784800609.11,26,drive,0,1.5,5.0,4.197,25.11,34.13,0.0230,0.0904,0.0005,0.0963,0.0000,0.0841,0.0010,0.0147,0.1926,0.0137,0.1569,0.0015,0.1818,0.0010
1784800609.20,26,drive,1,1.5,5.0,4.197,25.11,34.13,0.0220,0.0919,0.0000,0.0973,0.0000,0.0811,0.0010,0.0132,0.1887,0.0098,0.1554,0.0015,0.1794,0.0010
1784800609.30,26,drive,2,1.5,5.0,4.197,25.11,34.13,0.0210,0.0914,0.0005,0.0968,0.0005,0.0821,0.0015,0.0147,0.1960,0.0117,0.1549,0.0005,0.1799,0.0000
1784800609.39,26,drive,3,1.5,5.0,4.197,25.11,34.13,0.0230,0.0924,0.0005,0.0978,0.0005,0.0836,0.0005,0.0166,0.1935,0.0108,0.1593,0.0010,0.1764,0.0005
1784800610.15,27,base,0,0.0,5.0,4.197,25.11,34.13,0.0181,0.0934,0.0005,0.1022,0.0010,0.1026,0.0029,0.0044,0.1891,0.0093,0.1290,0.0024,0.1882,0.0000
1784800610.25,27,base,1,0.0,5.0,4.197,25.11,34.13,0.0200,0.0885,0.0000,0.0982,0.0005,0.1017,0.0029,0.0034,0.1901,0.0093,0.1261,0.0010,0.1852,0.0000
1784800610.34,27,base,2,0.0,5.0,4.197,25.11,34.13,0.0235,0.0904,0.0000,0.0997,0.0000,0.1026,0.0039,0.0024,0.1921,0.0093,0.1202,0.0044,0.1857,0.0005
1784800610.43,27,base,3,0.0,5.0,4.197,25.11,34.13,0.0181,0.0914,0.0000,0.1031,0.0000,0.1041,0.0024,0.0044,0.1916,0.0127,0.1241,0.0005,0.1843,0.0000
1784800611.12,27,drive,0,1.5,5.0,4.197,25.11,34.13,0.0161,0.0968,0.0005,0.0987,0.0000,0.1036,0.0029,0.0039,0.1877,0.0108,0.1261,0.0029,0.1828,0.0000
1784800611.22,27,drive,1,1.5,5.0,4.197,25.11,34.13,0.0210,0.0865,0.0000,0.0992,0.0000,0.1046,0.0039,0.0034,0.1887,0.0171,0.1266,0.0020,0.1877,0.0000
1784800611.31,27,drive,2,1.5,5.0,4.197,25.11,34.13,0.0244,0.0924,0.0024,0.1022,0.0000,0.1056,0.0034,0.0054,0.1882,0.0132,0.1251,0.0015,0.1867,0.0005
1784800611.40,27,drive,3,1.5,5.0,4.197,25.11,34.13,0.0191,0.0885,0.0005,0.0987,0.0005,0.1051,0.0039,0.0044,0.1891,0.0117,0.1271,0.0034,0.1867,0.0005
1784800612.16,28,base,0,0.0,5.0,4.157,25.11,34.13,0.0210,0.0890,0.0000,0.0997,0.0000,0.1022,0.0020,0.0064,0.1896,0.0108,0.1281,0.0020,0.1867,0.0000
1784800612.25,28,base,1,0.0,5.0,4.157,25.11,34.13,0.0181,0.0890,0.0005,0.0997,0.0000,0.1051,0.0029,0.0068,0.1857,0.0098,0.1276,0.0024,0.1838,0.0000
1784800612.35,28,base,2,0.0,5.0,4.157,25.11,34.13,0.0171,0.0914,0.0000,0.0978,0.0005,0.1022,0.0020,0.0064,0.1896,0.0112,0.1281,0.0049,0.1857,0.0000
1784800612.44,28,base,3,0.0,5.0,4.157,25.11,34.13,0.0215,0.0894,0.0005,0.0958,0.0010,0.1022,0.0020,0.0049,0.1901,0.0117,0.1261,0.0010,0.1852,0.0005
1784800613.13,28,drive,0,1.5,5.0,4.157,25.11,34.13,0.0235,0.0924,0.0010,0.1007,0.0000,0.1007,0.0049,0.0054,0.1882,0.0078,0.1305,0.0000,0.1818,0.0000
1784800613.22,28,drive,1,1.5,5.0,4.157,25.11,34.13,0.0225,0.0894,0.0000,0.1031,0.0005,0.1017,0.0029,0.0015,0.1901,0.0122,0.1281,0.0044,0.1857,0.0000
1784800613.32,28,drive,2,1.5,5.0,4.157,25.11,34.13,0.0191,0.0914,0.0000,0.0987,0.0000,0.1026,0.0034,0.0064,0.1891,0.0083,0.1315,0.0015,0.1862,0.0000
1784800613.41,28,drive,3,1.5,5.0,4.157,25.11,34.13,0.0210,0.0914,0.0005,0.0992,0.0005,0.1026,0.0010,0.0073,0.1901,0.0083,0.1266,0.0010,0.1862,0.0005
1784800614.17,29,base,0,0.0,5.0,4.197,25.11,34.14,0.0215,0.0890,0.0005,0.1002,0.0005,0.0982,0.0024,0.0020,0.1906,0.0073,0.1290,0.0005,0.1901,0.0000
1784800614.27,29,base,1,0.0,5.0,4.197,25.11,34.14,0.0210,0.0938,0.0005,0.1036,0.0015,0.1041,0.0044,0.0034,0.1891,0.0093,0.1276,0.0049,0.1857,0.0010
1784800614.36,29,base,2,0.0,5.0,4.197,25.11,34.14,0.0215,0.0880,0.0000,0.1007,0.0005,0.1012,0.0059,0.0044,0.1916,0.0103,0.1261,0.0020,0.1848,0.0000
1784800614.46,29,base,3,0.0,5.0,4.197,25.11,34.14,0.0210,0.0914,0.0000,0.1007,0.0000,0.1017,0.0064,0.0029,0.1887,0.0108,0.1261,0.0049,0.1872,0.0000
1784800615.14,29,drive,0,1.5,5.0,4.197,25.11,34.14,0.0220,0.0914,0.0010,0.1017,0.0015,0.1056,0.0024,0.0039,0.1916,0.0132,0.1271,0.0000,0.1843,0.0024
1784800615.24,29,drive,1,1.5,5.0,4.197,25.11,34.14,0.0239,0.0904,0.0034,0.1012,0.0000,0.1051,0.0010,0.0064,0.1862,0.0137,0.1241,0.0020,0.1867,0.0000
1784800615.33,29,drive,2,1.5,5.0,4.197,25.11,34.14,0.0215,0.0909,0.0000,0.0992,0.0005,0.1065,0.0039,0.0059,0.1896,0.0098,0.1261,0.0015,0.1828,0.0000
1784800615.43,29,drive,3,1.5,5.0,4.197,25.11,34.14,0.0200,0.0899,0.0000,0.0987,0.0015,0.1046,0.0024,0.0064,0.1867,0.0127,0.1281,0.0010,0.1867,0.0000
1784800616.18,30,base,0,0.0,5.0,4.197,25.11,34.14,0.0156,0.0919,0.0005,0.1026,0.0000,0.1026,0.0054,0.0044,0.1891,0.0127,0.1295,0.0005,0.1838,0.0010
1784800616.28,30,base,1,0.0,5.0,4.197,25.11,34.14,0.0186,0.0885,0.0000,0.1012,0.0005,0.1026,0.0049,0.0039,0.1916,0.0103,0.1271,0.0010,0.1852,0.0010
1784800616.37,30,base,2,0.0,5.0,4.197,25.11,34.14,0.0181,0.0943,0.0000,0.0968,0.0000,0.1031,0.0020,0.0029,0.1906,0.0098,0.1281,0.0010,0.1843,0.0005
1784800616.47,30,base,3,0.0,5.0,4.197,25.11,34.14,0.0215,0.0865,0.0000,0.0992,0.0010,0.1031,0.0020,0.0064,0.1931,0.0112,0.1251,0.0024,0.1828,0.0000
1784800617.15,30,drive,0,1.5,5.0,4.197,25.11,34.14,0.0181,0.0924,0.0000,0.1017,0.0010,0.1046,0.0029,0.0059,0.1887,0.0108,0.1246,0.0010,0.1872,0.0010
1784800617.25,30,drive,1,1.5,5.0,4.197,25.11,34.14,0.0220,0.0914,0.0024,0.0987,0.0005,0.1022,0.0034,0.0039,0.1877,0.0112,0.1261,0.0010,0.1857,0.0005
1784800617.34,30,drive,2,1.5,5.0,4.197,25.11,34.14,0.0196,0.0934,0.0010,0.0992,0.0000,0.1002,0.0029,0.0073,0.1916,0.0122,0.1237,0.0015,0.1867,0.0005
1784800617.43,30,drive,3,1.5,5.0,4.197,25.11,34.14,0.0196,0.0924,0.0015,0.1031,0.0000,0.1056,0.0039,0.0054,0.1901,0.0132,0.1261,0.0029,0.1808,0.0005
1784800618.19,31,base,0,0.0,5.0,4.197,25.11,34.15,0.0220,0.0934,0.0000,0.0968,0.0010,0.1056,0.0034,0.0049,0.1935,0.0103,0.1261,0.0039,0.1848,0.0005
1784800618.29,31,base,1,0.0,5.0,4.197,25.11,34.15,0.0225,0.0929,0.0000,0.1022,0.0000,0.1036,0.0034,0.0044,0.1867,0.0108,0.1300,0.0020,0.1843,0.0000
1784800618.38,31,base,2,0.0,5.0,4.197,25.11,34.15,0.0230,0.0875,0.0010,0.0987,0.0005,0.1041,0.0024,0.0054,0.1906,0.0117,0.1271,0.0010,0.1867,0.0000
1784800618.48,31,base,3,0.0,5.0,4.197,25.11,34.15,0.0225,0.0914,0.0005,0.1036,0.0005,0.1031,0.0029,0.0064,0.1882,0.0122,0.1290,0.0020,0.1838,0.0000
1784800619.16,31,drive,0,1.5,5.0,4.197,25.11,34.15,0.0215,0.0885,0.0005,0.1007,0.0000,0.1070,0.0024,0.0044,0.1911,0.0098,0.1285,0.0015,0.1867,0.0015
1784800619.26,31,drive,1,1.5,5.0,4.197,25.11,34.15,0.0200,0.0875,0.0005,0.1022,0.0000,0.1046,0.0029,0.0034,0.1906,0.0112,0.1256,0.0044,0.1838,0.0000
1784800619.35,31,drive,2,1.5,5.0,4.197,25.11,34.15,0.0259,0.0909,0.0000,0.1012,0.0000,0.1017,0.0039,0.0044,0.1906,0.0103,0.1290,0.0015,0.1867,0.0034
1784800619.45,31,drive,3,1.5,5.0,4.197,25.11,34.15,0.0191,0.0885,0.0000,0.1012,0.0015,0.1026,0.0034,0.0064,0.1862,0.0078,0.1256,0.0015,0.1838,0.0005
1784800620.20,32,base,0,0.0,5.0,4.197,25.11,34.15,0.0215,0.0880,0.0010,0.1017,0.0000,0.1002,0.0024,0.0029,0.1906,0.0112,0.1251,0.0054,0.1848,0.0000
1784800620.30,32,base,1,0.0,5.0,4.197,25.11,34.15,0.0205,0.0919,0.0000,0.1041,0.0000,0.1031,0.0034,0.0068,0.1906,0.0122,0.1300,0.0015,0.1838,0.0000
1784800620.39,32,base,2,0.0,5.0,4.197,25.11,34.15,0.0220,0.0894,0.0005,0.1026,0.0000,0.1046,0.0064,0.0068,0.1848,0.0132,0.1256,0.0024,0.1818,0.0005
1784800620.48,32,base,3,0.0,5.0,4.197,25.11,34.15,0.0215,0.0929,0.0005,0.0997,0.0000,0.1031,0.0020,0.0059,0.1896,0.0108,0.1251,0.0020,0.1862,0.0000
1784800621.17,32,drive,0,1.5,5.0,4.197,25.11,34.15,0.0210,0.0909,0.0000,0.1017,0.0000,0.1061,0.0034,0.0029,0.1872,0.0098,0.1266,0.0020,0.1823,0.0000
1784800621.26,32,drive,1,1.5,5.0,4.197,25.11,34.15,0.0186,0.0846,0.0015,0.1036,0.0005,0.1036,0.0015,0.0049,0.1891,0.0117,0.1256,0.0020,0.1838,0.0000
1784800621.36,32,drive,2,1.5,5.0,4.197,25.11,34.15,0.0205,0.0894,0.0005,0.0968,0.0005,0.1036,0.0054,0.0059,0.1857,0.0142,0.1271,0.0010,0.1838,0.0000
1784800621.45,32,drive,3,1.5,5.0,4.197,25.11,34.15,0.0210,0.0929,0.0010,0.1002,0.0005,0.1056,0.0015,0.0049,0.1891,0.0108,0.1276,0.0034,0.1882,0.0000
1784800622.22,33,base,0,0.0,5.0,4.197,25.11,34.15,0.0200,0.0870,0.0000,0.0982,0.0005,0.1007,0.0044,0.0059,0.1911,0.0108,0.1276,0.0039,0.1838,0.0000
1784800622.31,33,base,1,0.0,5.0,4.197,25.11,34.15,0.0200,0.0934,0.0000,0.1007,0.0015,0.1036,0.0034,0.0054,0.1872,0.0122,0.1246,0.0024,0.1808,0.0005
1784800622.40,33,base,2,0.0,5.0,4.197,25.11,34.15,0.0249,0.0904,0.0000,0.1012,0.0015,0.1051,0.0029,0.0020,0.1857,0.0098,0.1271,0.0024,0.1862,0.0005
1784800622.50,33,base,3,0.0,5.0,4.197,25.11,34.15,0.0166,0.0953,0.0010,0.0992,0.0005,0.1036,0.0010,0.0059,0.1896,0.0103,0.1241,0.0000,0.1877,0.0000
1784800623.18,33,drive,0,1.5,5.0,4.197,25.11,34.15,0.0166,0.0919,0.0005,0.0968,0.0000,0.1056,0.0049,0.0039,0.1911,0.0093,0.1300,0.0024,0.1838,0.0005
1784800623.28,33,drive,1,1.5,5.0,4.197,25.11,34.15,0.0176,0.0914,0.0000,0.0978,0.0000,0.1046,0.0015,0.0044,0.1896,0.0152,0.1241,0.0005,0.1813,0.0000
1784800623.37,33,drive,2,1.5,5.0,4.197,25.11,34.15,0.0210,0.0904,0.0005,0.1002,0.0000,0.1007,0.0034,0.0039,0.1935,0.0122,0.1241,0.0020,0.1828,0.0000
1784800623.47,33,drive,3,1.5,5.0,4.197,25.11,34.15,0.0205,0.0929,0.0020,0.1007,0.0000,0.1026,0.0029,0.0029,0.1862,0.0108,0.1256,0.0015,0.1848,0.0000
1784800624.23,34,base,0,0.0,5.0,4.177,25.11,34.16,0.0181,0.0894,0.0005,0.0973,0.0010,0.1061,0.0044,0.0044,0.1896,0.0122,0.1256,0.0010,0.1857,0.0000
1784800624.32,34,base,1,0.0,5.0,4.177,25.11,34.16,0.0186,0.0909,0.0005,0.1017,0.0005,0.1026,0.0029,0.0024,0.1877,0.0117,0.1251,0.0015,0.1857,0.0000
1784800624.41,34,base,2,0.0,5.0,4.177,25.11,34.16,0.0205,0.0929,0.0000,0.1002,0.0010,0.1031,0.0034,0.0064,0.1877,0.0127,0.1266,0.0015,0.1843,0.0010
1784800624.51,34,base,3,0.0,5.0,4.177,25.11,34.16,0.0196,0.0919,0.0000,0.1002,0.0000,0.1022,0.0010,0.0034,0.1862,0.0112,0.1285,0.0020,0.1818,0.0000
1784800625.20,34,drive,0,1.5,5.0,4.177,25.11,34.16,0.0191,0.0894,0.0000,0.1017,0.0005,0.0816,0.0005,0.0015,0.1794,0.0029,0.1476,0.0034,0.1833,0.0000
1784800625.29,34,drive,1,1.5,5.0,4.177,25.11,34.16,0.0205,0.0914,0.0000,0.1041,0.0000,0.0782,0.0010,0.0000,0.1808,0.0083,0.1447,0.0024,0.1818,0.0000
1784800625.38,34,drive,2,1.5,5.0,4.177,25.11,34.16,0.0210,0.0909,0.0000,0.1070,0.0005,0.0787,0.0005,0.0005,0.1843,0.0015,0.1452,0.0020,0.1848,0.0000
1784800625.48,34,drive,3,1.5,5.0,4.177,25.11,34.16,0.0210,0.0904,0.0010,0.1056,0.0000,0.0787,0.0000,0.0010,0.1828,0.0054,0.1457,0.0024,0.1779,0.0005
1784800626.24,35,base,0,0.0,5.0,4.197,25.11,34.16,0.0191,0.0929,0.0000,0.0997,0.0024,0.1041,0.0005,0.0034,0.1911,0.0103,0.1276,0.0020,0.1833,0.0000
1784800626.33,35,base,1,0.0,5.0,4.197,25.11,34.16,0.0215,0.0880,0.0000,0.1026,0.0010,0.1041,0.0020,0.0059,0.1891,0.0137,0.1281,0.0020,0.1843,0.0000
1784800626.42,35,base,2,0.0,5.0,4.197,25.11,34.16,0.0181,0.0914,0.0010,0.1022,0.0000,0.1051,0.0034,0.0049,0.1877,0.0112,0.1251,0.0010,0.1877,0.0000
1784800626.52,35,base,3,0.0,5.0,4.197,25.11,34.16,0.0191,0.0909,0.0000,0.0978,0.0000,0.1026,0.0020,0.0044,0.1891,0.0117,0.1251,0.0015,0.1833,0.0000
1784800627.21,35,drive,0,1.5,5.0,4.197,25.11,34.16,0.0230,0.0924,0.0000,0.1026,0.0005,0.1012,0.0044,0.0029,0.1891,0.0117,0.1246,0.0020,0.1838,0.0000
1784800627.30,35,drive,1,1.5,5.0,4.197,25.11,34.16,0.0230,0.0924,0.0000,0.1012,0.0020,0.1056,0.0024,0.0073,0.1896,0.0122,0.1266,0.0029,0.1838,0.0005
1784800627.39,35,drive,2,1.5,5.0,4.197,25.11,34.16,0.0210,0.0938,0.0000,0.1026,0.0005,0.1041,0.0024,0.0034,0.1906,0.0127,0.1285,0.0029,0.1862,0.0000
1784800627.49,35,drive,3,1.5,5.0,4.197,25.11,34.16,0.0200,0.0943,0.0005,0.1026,0.0000,0.1031,0.0029,0.0054,0.1916,0.0112,0.1276,0.0020,0.1833,0.0000
1784800628.25,36,base,0,0.0,5.0,4.197,25.11,34.17,0.0205,0.0909,0.0015,0.1041,0.0010,0.1070,0.0034,0.0044,0.1906,0.0068,0.1261,0.0024,0.1872,0.0000
1784800628.34,36,base,1,0.0,5.0,4.197,25.11,34.17,0.0215,0.0919,0.0000,0.0987,0.0000,0.1056,0.0034,0.0024,0.1896,0.0117,0.1241,0.0005,0.1852,0.0005
1784800628.44,36,base,2,0.0,5.0,4.197,25.11,34.17,0.0205,0.0919,0.0000,0.1026,0.0000,0.1041,0.0029,0.0059,0.1891,0.0122,0.1295,0.0005,0.1867,0.0000
1784800628.53,36,base,3,0.0,5.0,4.197,25.11,34.17,0.0220,0.0929,0.0000,0.1012,0.0010,0.1065,0.0024,0.0049,0.1862,0.0117,0.1256,0.0029,0.1877,0.0000
1784800629.21,36,drive,0,1.5,5.0,4.197,25.11,34.17,0.0186,0.0924,0.0000,0.0978,0.0000,0.0953,0.0020,0.0078,0.1901,0.0205,0.1457,0.0024,0.1857,0.0005
1784800629.31,36,drive,1,1.5,5.0,4.197,25.11,34.17,0.0181,0.0870,0.0005,0.0973,0.0000,0.0953,0.0000,0.0054,0.1896,0.0210,0.1486,0.0020,0.1896,0.0000
1784800629.40,36,drive,2,1.5,5.0,4.197,25.11,34.17,0.0176,0.0885,0.0005,0.0934,0.0005,0.0968,0.0049,0.0034,0.1935,0.0191,0.1457,0.0054,0.1867,0.0000
1784800629.50,36,drive,3,1.5,5.0,4.197,25.11,34.17,0.0244,0.0885,0.0000,0.0963,0.0000,0.0938,0.0024,0.0068,0.1921,0.0186,0.1476,0.0020,0.1867,0.0000
1784800630.26,37,base,0,0.0,5.0,4.197,25.11,34.17,0.0220,0.0914,0.0000,0.1012,0.0000,0.1036,0.0020,0.0064,0.1901,0.0108,0.1271,0.0005,0.1862,0.0000
1784800630.35,37,base,1,0.0,5.0,4.197,25.11,34.17,0.0200,0.0909,0.0000,0.1017,0.0010,0.1031,0.0034,0.0039,0.1945,0.0103,0.1251,0.0005,0.1828,0.0000
1784800630.45,37,base,2,0.0,5.0,4.197,25.11,34.17,0.0205,0.0875,0.0000,0.1002,0.0000,0.1041,0.0010,0.0059,0.1887,0.0098,0.1271,0.0015,0.1852,0.0005
1784800630.54,37,base,3,0.0,5.0,4.197,25.11,34.17,0.0196,0.0904,0.0000,0.1022,0.0000,0.1022,0.0044,0.0034,0.1891,0.0112,0.1232,0.0010,0.1862,0.0005
1784800631.23,37,drive,0,1.5,5.0,4.197,25.11,34.17,0.0210,0.0909,0.0000,0.1041,0.0000,0.1109,0.0054,0.0073,0.1882,0.0093,0.1085,0.0005,0.1833,0.0000
1784800631.32,37,drive,1,1.5,5.0,4.197,25.11,34.17,0.0196,0.0929,0.0005,0.1065,0.0010,0.1085,0.0054,0.0078,0.1862,0.0142,0.1095,0.0005,0.1862,0.0020
1784800631.42,37,drive,2,1.5,5.0,4.197,25.11,34.17,0.0200,0.0948,0.0000,0.1046,0.0005,0.1090,0.0059,0.0073,0.1882,0.0112,0.1100,0.0010,0.1852,0.0000
1784800631.51,37,drive,3,1.5,5.0,4.197,25.11,34.17,0.0244,0.0934,0.0000,0.1070,0.0010,0.1119,0.0044,0.0059,0.1901,0.0112,0.1109,0.0029,0.1818,0.0010
1784800632.29,38,base,0,0.0,5.0,4.237,25.11,34.18,0.0220,0.0929,0.0010,0.1002,0.0000,0.1041,0.0064,0.0064,0.1862,0.0112,0.1266,0.0020,0.1838,0.0000
1784800632.38,38,base,1,0.0,5.0,4.237,25.11,34.18,0.0161,0.0938,0.0000,0.1026,0.0000,0.1041,0.0010,0.0049,0.1911,0.0108,0.1266,0.0029,0.1867,0.0000
1784800632.47,38,base,2,0.0,5.0,4.237,25.11,34.18,0.0186,0.0875,0.0000,0.1031,0.0005,0.1017,0.0029,0.0054,0.1887,0.0108,0.1251,0.0015,0.1833,0.0005
1784800632.57,38,base,3,0.0,5.0,4.237,25.11,34.18,0.0191,0.0865,0.0010,0.1026,0.0000,0.1026,0.0049,0.0029,0.1862,0.0122,0.1237,0.0029,0.1843,0.0010
1784800633.25,38,drive,0,1.5,5.0,4.237,25.11,34.18,0.0269,0.0899,0.0024,0.0987,0.0000,0.0904,0.0024,0.0039,0.1926,0.0196,0.1334,0.0020,0.1852,0.0010
1784800633.35,38,drive,1,1.5,5.0,4.237,25.11,34.18,0.0200,0.0914,0.0005,0.0978,0.0000,0.0909,0.0005,0.0049,0.1935,0.0220,0.1359,0.0010,0.1882,0.0000
1784800633.44,38,drive,2,1.5,5.0,4.237,25.11,34.18,0.0225,0.0894,0.0005,0.0963,0.0000,0.0904,0.0034,0.0054,0.1901,0.0220,0.1334,0.0020,0.1877,0.0000
1784800633.54,38,drive,3,1.5,5.0,4.237,25.11,34.18,0.0235,0.0880,0.0000,0.0992,0.0005,0.0914,0.0015,0.0029,0.1926,0.0210,0.1349,0.0020,0.1882,0.0005
1784800634.30,39,base,0,0.0,5.0,4.157,25.11,34.18,0.0220,0.0894,0.0005,0.1017,0.0005,0.1056,0.0015,0.0029,0.1882,0.0142,0.1246,0.0020,0.1857,0.0005
1784800634.39,39,base,1,0.0,5.0,4.157,25.11,34.18,0.0186,0.0909,0.0005,0.1031,0.0000,0.1036,0.0024,0.0049,0.1872,0.0098,0.1300,0.0000,0.1848,0.0005
1784800634.48,39,base,2,0.0,5.0,4.157,25.11,34.18,0.0181,0.0914,0.0015,0.1007,0.0000,0.1080,0.0044,0.0054,0.1911,0.0103,0.1271,0.0005,0.1838,0.0000
1784800634.58,39,base,3,0.0,5.0,4.157,25.11,34.18,0.0200,0.0963,0.0005,0.1036,0.0000,0.1046,0.0024,0.0044,0.1911,0.0093,0.1266,0.0010,0.1867,0.0000
1784800635.27,39,drive,0,1.5,5.0,4.157,25.11,34.18,0.0249,0.0968,0.0000,0.1031,0.0000,0.1080,0.0034,0.0029,0.1955,0.0137,0.1295,0.0020,0.1911,0.0039
1784800635.36,39,drive,1,1.5,5.0,4.157,25.11,34.18,0.0274,0.0885,0.0005,0.1036,0.0015,0.1075,0.0049,0.0068,0.1935,0.0176,0.1276,0.0049,0.1955,0.0029
1784800635.45,39,drive,2,1.5,5.0,4.157,25.11,34.18,0.0264,0.0924,0.0015,0.1041,0.0020,0.1061,0.0064,0.0093,0.1970,0.0161,0.1295,0.0034,0.1901,0.0034
1784800635.55,39,drive,3,1.5,5.0,4.157,25.11,34.18,0.0264,0.0924,0.0010,0.1007,0.0005,0.1070,0.0044,0.0073,0.1940,0.0156,0.1305,0.0029,0.1896,0.0024
1784800636.31,40,base,0,0.0,5.0,4.197,25.11,34.18,0.0215,0.0846,0.0005,0.1012,0.0000,0.1002,0.0034,0.0073,0.1911,0.0108,0.1305,0.0010,0.1848,0.0000
1784800636.40,40,base,1,0.0,5.0,4.197,25.11,34.18,0.0200,0.0919,0.0005,0.1022,0.0000,0.1026,0.0034,0.0044,0.1901,0.0083,0.1266,0.0005,0.1852,0.0000
1784800636.50,40,base,2,0.0,5.0,4.197,25.11,34.18,0.0191,0.0948,0.0000,0.0978,0.0000,0.1041,0.0029,0.0034,0.1887,0.0127,0.1251,0.0015,0.1852,0.0015
1784800636.59,40,base,3,0.0,5.0,4.197,25.11,34.18,0.0200,0.0934,0.0000,0.0987,0.0000,0.1012,0.0054,0.0049,0.1911,0.0112,0.1290,0.0020,0.1848,0.0005
1784800637.28,40,drive,0,1.5,5.0,4.197,25.11,34.18,0.0205,0.0909,0.0029,0.1026,0.0000,0.1022,0.0024,0.0059,0.1877,0.0049,0.1427,0.0010,0.1877,0.0000
1784800637.37,40,drive,1,1.5,5.0,4.197,25.11,34.18,0.0264,0.0934,0.0000,0.1031,0.0000,0.1007,0.0029,0.0039,0.1901,0.0064,0.1437,0.0024,0.1877,0.0015
1784800637.47,40,drive,2,1.5,5.0,4.197,25.11,34.18,0.0176,0.0894,0.0020,0.0992,0.0010,0.0987,0.0054,0.0083,0.1916,0.0064,0.1393,0.0024,0.1882,0.0010
1784800637.56,40,drive,3,1.5,5.0,4.197,25.11,34.18,0.0220,0.0914,0.0005,0.0997,0.0005,0.0992,0.0034,0.0049,0.1891,0.0108,0.1383,0.0020,0.1877,0.0000
1784800638.33,41,base,0,0.0,5.0,4.217,25.11,34.19,0.0220,0.0875,0.0000,0.1007,0.0005,0.1031,0.0039,0.0059,0.1872,0.0103,0.1261,0.0010,0.1833,0.0000
1784800638.43,41,base,1,0.0,5.0,4.217,25.11,34.19,0.0171,0.0890,0.0010,0.0987,0.0010,0.1041,0.0034,0.0054,0.1872,0.0117,0.1241,0.0015,0.1838,0.0005
1784800638.52,41,base,2,0.0,5.0,4.217,25.11,34.19,0.0186,0.0929,0.0000,0.0992,0.0010,0.1026,0.0024,0.0029,0.1887,0.0142,0.1246,0.0024,0.1862,0.0000
1784800638.62,41,base,3,0.0,5.0,4.217,25.11,34.19,0.0200,0.0924,0.0000,0.1012,0.0000,0.1026,0.0059,0.0024,0.1872,0.0093,0.1256,0.0015,0.1823,0.0010
1784800639.31,41,drive,0,1.5,5.0,4.217,25.11,34.19,0.0196,0.0880,0.0005,0.1002,0.0000,0.1022,0.0024,0.0034,0.1887,0.0088,0.1276,0.0020,0.1843,0.0000
1784800639.40,41,drive,1,1.5,5.0,4.217,25.11,34.19,0.0137,0.0870,0.0000,0.1031,0.0000,0.1002,0.0054,0.0034,0.1877,0.0103,0.1310,0.0020,0.1833,0.0010
1784800639.49,41,drive,2,1.5,5.0,4.217,25.11,34.19,0.0259,0.0909,0.0000,0.1012,0.0000,0.1051,0.0029,0.0054,0.1911,0.0132,0.1266,0.0015,0.1867,0.0005
1784800639.59,41,drive,3,1.5,5.0,4.217,25.11,34.19,0.0186,0.0899,0.0010,0.0978,0.0010,0.1017,0.0049,0.0034,0.1921,0.0093,0.1266,0.0054,0.1818,0.0005
1784800640.36,42,base,0,0.0,5.0,4.217,25.10,34.19,0.0215,0.0909,0.0010,0.1007,0.0005,0.1046,0.0044,0.0054,0.1887,0.0093,0.1232,0.0049,0.1828,0.0015
1784800640.45,42,base,1,0.0,5.0,4.217,25.10,34.19,0.0205,0.0909,0.0005,0.0982,0.0010,0.1061,0.0015,0.0068,0.1867,0.0156,0.1246,0.0015,0.1848,0.0000
1784800640.55,42,base,2,0.0,5.0,4.217,25.10,34.19,0.0196,0.0890,0.0015,0.1002,0.0005,0.1002,0.0020,0.0059,0.1896,0.0122,0.1271,0.0020,0.1857,0.0000
1784800640.64,42,base,3,0.0,5.0,4.217,25.10,34.19,0.0166,0.0899,0.0005,0.0997,0.0005,0.1022,0.0039,0.0024,0.1911,0.0122,0.1251,0.0010,0.1872,0.0010
1784800641.33,42,drive,0,1.5,5.0,4.217,25.10,34.19,0.0215,0.0885,0.0000,0.0992,0.0005,0.1046,0.0044,0.0054,0.1887,0.0112,0.1295,0.0039,0.1857,0.0005
1784800641.42,42,drive,1,1.5,5.0,4.217,25.10,34.19,0.0235,0.0929,0.0000,0.0963,0.0005,0.1051,0.0024,0.0034,0.1877,0.0122,0.1295,0.0015,0.1857,0.0000
1784800641.52,42,drive,2,1.5,5.0,4.217,25.10,34.19,0.0239,0.0914,0.0000,0.0997,0.0000,0.1026,0.0034,0.0039,0.1887,0.0117,0.1315,0.0059,0.1838,0.0015
1784800641.61,42,drive,3,1.5,5.0,4.217,25.10,34.19,0.0230,0.0904,0.0005,0.1026,0.0005,0.1036,0.0034,0.0049,0.1877,0.0142,0.1256,0.0029,0.1867,0.0000
1784800642.37,43,base,0,0.0,5.0,4.177,25.10,34.20,0.0200,0.0894,0.0000,0.1007,0.0015,0.1041,0.0049,0.0034,0.1887,0.0088,0.1266,0.0010,0.1901,0.0010
1784800642.46,43,base,1,0.0,5.0,4.177,25.10,34.20,0.0235,0.0899,0.0000,0.0997,0.0000,0.1012,0.0024,0.0068,0.1916,0.0108,0.1285,0.0020,0.1818,0.0020
1784800642.56,43,base,2,0.0,5.0,4.177,25.10,34.20,0.0200,0.0904,0.0015,0.1007,0.0010,0.1046,0.0024,0.0029,0.1887,0.0108,0.1281,0.0000,0.1838,0.0005
1784800642.65,43,base,3,0.0,5.0,4.177,25.10,34.20,0.0186,0.0938,0.0000,0.1007,0.0015,0.1075,0.0029,0.0054,0.1896,0.0137,0.1266,0.0010,0.1862,0.0000
1784800643.34,43,drive,0,1.5,5.0,4.177,25.10,34.20,0.0205,0.0904,0.0000,0.1007,0.0000,0.1012,0.0034,0.0034,0.1906,0.0073,0.1285,0.0015,0.1867,0.0005
1784800643.43,43,drive,1,1.5,5.0,4.177,25.10,34.20,0.0181,0.0914,0.0024,0.1031,0.0010,0.1031,0.0034,0.0064,0.1862,0.0122,0.1237,0.0015,0.1852,0.0005
1784800643.53,43,drive,2,1.5,5.0,4.177,25.10,34.20,0.0235,0.0919,0.0005,0.1022,0.0005,0.1070,0.0029,0.0029,0.1896,0.0117,0.1256,0.0020,0.1838,0.0015
1784800643.62,43,drive,3,1.5,5.0,4.177,25.10,34.20,0.0186,0.0934,0.0000,0.0963,0.0000,0.1046,0.0034,0.0029,0.1887,0.0137,0.1241,0.0034,0.1843,0.0005
1784800644.38,44,base,0,0.0,5.0,4.157,25.10,34.20,0.0200,0.0938,0.0000,0.1002,0.0015,0.1012,0.0039,0.0039,0.1916,0.0122,0.1227,0.0024,0.1872,0.0010
1784800644.47,44,base,1,0.0,5.0,4.157,25.10,34.20,0.0205,0.0909,0.0005,0.1051,0.0000,0.1061,0.0024,0.0044,0.1828,0.0132,0.1241,0.0015,0.1867,0.0000
1784800644.56,44,base,2,0.0,5.0,4.157,25.10,34.20,0.0196,0.0899,0.0000,0.1026,0.0000,0.1026,0.0044,0.0049,0.1872,0.0103,0.1266,0.0039,0.1867,0.0000
1784800644.66,44,base,3,0.0,5.0,4.157,25.10,34.20,0.0181,0.0909,0.0000,0.0982,0.0020,0.1036,0.0029,0.0024,0.1926,0.0108,0.1276,0.0024,0.1828,0.0020
1784800645.35,44,drive,0,1.5,5.0,4.157,25.10,34.20,0.0205,0.0938,0.0000,0.0968,0.0005,0.1056,0.0010,0.0049,0.1891,0.0137,0.1271,0.0015,0.1867,0.0005
1784800645.44,44,drive,1,1.5,5.0,4.157,25.10,34.20,0.0205,0.0909,0.0000,0.1017,0.0010,0.1012,0.0024,0.0049,0.1891,0.0103,0.1276,0.0005,0.1848,0.0000
1784800645.53,44,drive,2,1.5,5.0,4.157,25.10,34.20,0.0191,0.0890,0.0000,0.1007,0.0000,0.1041,0.0024,0.0054,0.1916,0.0103,0.1266,0.0015,0.1823,0.0005
1784800645.63,44,drive,3,1.5,5.0,4.157,25.10,34.20,0.0259,0.0899,0.0020,0.1002,0.0020,0.1056,0.0020,0.0078,0.1887,0.0078,0.1295,0.0024,0.1813,0.0000
1784800646.39,45,base,0,0.0,5.0,4.197,25.10,34.20,0.0269,0.0919,0.0005,0.1002,0.0000,0.1046,0.0029,0.0034,0.1916,0.0088,0.1241,0.0005,0.1882,0.0000
1784800646.48,45,base,1,0.0,5.0,4.197,25.10,34.20,0.0210,0.0894,0.0000,0.1031,0.0000,0.1022,0.0010,0.0044,0.1896,0.0108,0.1285,0.0020,0.1877,0.0000
1784800646.58,45,base,2,0.0,5.0,4.197,25.10,34.20,0.0196,0.0938,0.0020,0.1012,0.0024,0.1056,0.0010,0.0059,0.1891,0.0098,0.1281,0.0010,0.1848,0.0000
1784800646.67,45,base,3,0.0,5.0,4.197,25.10,34.20,0.0200,0.0938,0.0005,0.0997,0.0005,0.1041,0.0068,0.0024,0.1877,0.0098,0.1266,0.0005,0.1857,0.0010
1784800647.36,45,drive,0,1.5,5.0,4.197,25.10,34.20,0.0171,0.0929,0.0000,0.1012,0.0005,0.1031,0.0020,0.0029,0.1935,0.0103,0.1256,0.0024,0.1891,0.0000
1784800647.46,45,drive,1,1.5,5.0,4.197,25.10,34.20,0.0176,0.0914,0.0005,0.0987,0.0005,0.1031,0.0044,0.0064,0.1857,0.0142,0.1212,0.0020,0.1848,0.0034
1784800647.55,45,drive,2,1.5,5.0,4.197,25.10,34.20,0.0196,0.0909,0.0010,0.0982,0.0000,0.1031,0.0020,0.0078,0.1852,0.0122,0.1266,0.0005,0.1848,0.0010
1784800647.65,45,drive,3,1.5,5.0,4.197,25.10,34.20,0.0200,0.0924,0.0005,0.0982,0.0000,0.1022,0.0029,0.0049,0.1862,0.0152,0.1290,0.0020,0.1877,0.0010
1784800648.42,46,base,0,0.0,5.0,4.197,25.10,34.21,0.0200,0.0909,0.0000,0.1002,0.0005,0.1056,0.0024,0.0039,0.1877,0.0132,0.1246,0.0010,0.1828,0.0000
1784800648.51,46,base,1,0.0,5.0,4.197,25.10,34.21,0.0191,0.0934,0.0000,0.1026,0.0005,0.1041,0.0029,0.0029,0.1887,0.0117,0.1276,0.0015,0.1857,0.0000
1784800648.61,46,base,2,0.0,5.0,4.197,25.10,34.21,0.0244,0.0894,0.0010,0.1007,0.0000,0.1026,0.0024,0.0029,0.1896,0.0088,0.1281,0.0015,0.1833,0.0005
1784800648.70,46,base,3,0.0,5.0,4.197,25.10,34.21,0.0215,0.0909,0.0005,0.0987,0.0015,0.1046,0.0024,0.0049,0.1891,0.0103,0.1271,0.0020,0.1823,0.0000
1784800649.39,46,drive,0,1.5,5.0,4.197,25.10,34.21,0.0156,0.0890,0.0005,0.0987,0.0020,0.1056,0.0044,0.0059,0.1901,0.0112,0.1266,0.0000,0.1862,0.0020
1784800649.48,46,drive,1,1.5,5.0,4.197,25.10,34.21,0.0215,0.0899,0.0010,0.0997,0.0000,0.1012,0.0039,0.0054,0.1891,0.0083,0.1276,0.0024,0.1823,0.0010
1784800649.58,46,drive,2,1.5,5.0,4.197,25.10,34.21,0.0215,0.0904,0.0000,0.1026,0.0005,0.1041,0.0015,0.0059,0.1896,0.0083,0.1271,0.0020,0.1823,0.0000
1784800649.67,46,drive,3,1.5,5.0,4.197,25.10,34.21,0.0200,0.0929,0.0000,0.0978,0.0005,0.1041,0.0024,0.0049,0.1906,0.0088,0.1276,0.0010,0.1843,0.0000
1784800650.42,47,base,0,0.0,5.0,4.197,25.10,34.21,0.0205,0.0894,0.0005,0.1017,0.0005,0.1036,0.0029,0.0049,0.1887,0.0093,0.1261,0.0015,0.1833,0.0005
1784800650.52,47,base,1,0.0,5.0,4.197,25.10,34.21,0.0225,0.0890,0.0000,0.0997,0.0005,0.1031,0.0024,0.0064,0.1882,0.0122,0.1285,0.0005,0.1848,0.0000
1784800650.61,47,base,2,0.0,5.0,4.197,25.10,34.21,0.0191,0.0938,0.0005,0.1017,0.0015,0.1046,0.0024,0.0064,0.1911,0.0112,0.1251,0.0010,0.1833,0.0015
1784800650.71,47,base,3,0.0,5.0,4.197,25.10,34.21,0.0147,0.0948,0.0000,0.0978,0.0000,0.1036,0.0044,0.0049,0.1887,0.0108,0.1256,0.0020,0.1794,0.0000
1784800651.40,47,drive,0,1.5,5.0,4.197,25.10,34.21,0.0200,0.0899,0.0000,0.1007,0.0000,0.1031,0.0034,0.0059,0.1872,0.0112,0.1300,0.0020,0.1887,0.0005
1784800651.49,47,drive,1,1.5,5.0,4.197,25.10,34.21,0.0191,0.0904,0.0005,0.0982,0.0005,0.1036,0.0039,0.0068,0.1931,0.0078,0.1290,0.0005,0.1823,0.0000
1784800651.59,47,drive,2,1.5,5.0,4.197,25.10,34.21,0.0191,0.0894,0.0000,0.1007,0.0015,0.1022,0.0044,0.0044,0.1838,0.0127,0.1271,0.0020,0.1848,0.0005
1784800651.68,47,drive,3,1.5,5.0,4.197,25.10,34.21,0.0210,0.0929,0.0000,0.1031,0.0000,0.1026,0.0029,0.0059,0.1862,0.0117,0.1251,0.0005,0.1857,0.0020
1784800652.44,48,base,0,0.0,5.0,4.197,25.10,34.22,0.0196,0.0929,0.0020,0.0997,0.0000,0.1051,0.0034,0.0059,0.1872,0.0108,0.1261,0.0005,0.1804,0.0000
1784800652.53,48,base,1,0.0,5.0,4.197,25.10,34.22,0.0230,0.0914,0.0005,0.0997,0.0039,0.1012,0.0020,0.0039,0.1896,0.0098,0.1251,0.0024,0.1852,0.0000
1784800652.63,48,base,2,0.0,5.0,4.197,25.10,34.22,0.0196,0.0904,0.0005,0.1017,0.0000,0.1017,0.0044,0.0064,0.1901,0.0117,0.1246,0.0015,0.1848,0.0000
1784800652.72,48,base,3,0.0,5.0,4.197,25.10,34.22,0.0181,0.0934,0.0000,0.1031,0.0005,0.1031,0.0015,0.0039,0.1906,0.0132,0.1256,0.0015,0.1862,0.0000
1784800653.41,48,drive,0,1.5,5.0,4.197,25.10,34.22,0.0191,0.0904,0.0000,0.0978,0.0005,0.0948,0.0005,0.0005,0.1716,0.0015,0.1642,0.0005,0.1848,0.0005
1784800653.50,48,drive,1,1.5,5.0,4.197,25.10,34.22,0.0259,0.0904,0.0010,0.0958,0.0005,0.0968,0.0010,0.0005,0.1711,0.0029,0.1642,0.0010,0.1789,0.0015
1784800653.59,48,drive,2,1.5,5.0,4.197,25.10,34.22,0.0230,0.0943,0.0000,0.1007,0.0000,0.0973,0.0010,0.0005,0.1706,0.0015,0.1681,0.0015,0.1808,0.0000
1784800653.69,48,drive,3,1.5,5.0,4.197,25.10,34.22,0.0200,0.0924,0.0005,0.0978,0.0000,0.0958,0.0000,0.0005,0.1716,0.0005,0.1642,0.0005,0.1774,0.0015
1784800654.45,49,base,0,0.0,5.0,4.197,25.10,34.22,0.0205,0.0938,0.0005,0.1002,0.0000,0.1031,0.0049,0.0029,0.1891,0.0078,0.1281,0.0010,0.1891,0.0005
1784800654.54,49,base,1,0.0,5.0,4.197,25.10,34.22,0.0152,0.0934,0.0000,0.1012,0.0000,0.1031,0.0029,0.0054,0.1882,0.0083,0.1256,0.0010,0.1857,0.0000
1784800654.64,49,base,2,0.0,5.0,4.197,25.10,34.22,0.0215,0.0899,0.0005,0.0992,0.0015,0.1017,0.0029,0.0054,0.1891,0.0108,0.1261,0.0029,0.1882,0.0000
1784800654.73,49,base,3,0.0,5.0,4.197,25.10,34.22,0.0205,0.0914,0.0000,0.0997,0.0005,0.1026,0.0044,0.0029,0.1896,0.0108,0.1261,0.0020,0.1843,0.0000
1784800655.42,49,drive,0,1.5,5.0,4.197,25.10,34.22,0.0225,0.0865,0.0005,0.0987,0.0005,0.0919,0.0078,0.0049,0.1950,0.0235,0.1525,0.0049,0.1848,0.0005
1784800655.51,49,drive,1,1.5,5.0,4.197,25.10,34.22,0.0171,0.0904,0.0005,0.0963,0.0005,0.0914,0.0054,0.0039,0.1950,0.0220,0.1598,0.0024,0.1838,0.0010
1784800655.61,49,drive,2,1.5,5.0,4.197,25.10,34.22,0.0186,0.0850,0.0005,0.0958,0.0000,0.0924,0.0054,0.0088,0.1906,0.0254,0.1544,0.0024,0.1852,0.0005
1784800655.70,49,drive,3,1.5,5.0,4.197,25.10,34.22,0.0200,0.0885,0.0000,0.0987,0.0029,0.0929,0.0068,0.0034,0.1931,0.0235,0.1554,0.0015,0.1852,0.0010
1784800656.46,50,base,0,0.0,5.0,4.177,25.10,34.22,0.0225,0.0914,0.0000,0.1017,0.0005,0.1026,0.0020,0.0029,0.1911,0.0103,0.1295,0.0015,0.1872,0.0010
1784800656.55,50,base,1,0.0,5.0,4.177,25.10,34.22,0.0235,0.0899,0.0000,0.1007,0.0000,0.1065,0.0010,0.0034,0.1896,0.0142,0.1276,0.0015,0.1852,0.0010
1784800656.65,50,base,2,0.0,5.0,4.177,25.10,34.22,0.0200,0.0909,0.0000,0.1017,0.0010,0.1026,0.0039,0.0029,0.1911,0.0127,0.1261,0.0015,0.1857,0.0005
1784800656.74,50,base,3,0.0,5.0,4.177,25.10,34.22,0.0220,0.0865,0.0000,0.1031,0.0005,0.1065,0.0024,0.0049,0.1877,0.0117,0.1295,0.0005,0.1808,0.0000
1784800657.43,50,drive,0,1.5,5.0,4.177,25.10,34.22,0.0215,0.0919,0.0000,0.1114,0.0010,0.1124,0.0132,0.0029,0.1872,0.0029,0.1232,0.0020,0.1764,0.0005
1784800657.52,50,drive,1,1.5,5.0,4.177,25.10,34.22,0.0215,0.0909,0.0015,0.1119,0.0010,0.1100,0.0137,0.0034,0.1877,0.0015,0.1217,0.0029,0.1799,0.0000
1784800657.62,50,drive,2,1.5,5.0,4.177,25.10,34.22,0.0205,0.0914,0.0000,0.1114,0.0020,0.1100,0.0108,0.0029,0.1891,0.0024,0.1222,0.0029,0.1774,0.0000
1784800657.71,50,drive,3,1.5,5.0,4.177,25.10,34.22,0.0205,0.0894,0.0010,0.1134,0.0020,0.1109,0.0112,0.0034,0.1872,0.0029,0.1276,0.0010,0.1774,0.0005
1784800658.47,51,base,0,0.0,5.0,4.177,25.10,34.23,0.0196,0.0909,0.0000,0.1007,0.0000,0.1051,0.0073,0.0039,0.1877,0.0117,0.1271,0.0005,0.1848,0.0000
1784800658.56,51,base,1,0.0,5.0,4.177,25.10,34.23,0.0186,0.0836,0.0000,0.1017,0.0000,0.1012,0.0039,0.0024,0.1896,0.0142,0.1266,0.0024,0.1833,0.0000
1784800658.66,51,base,2,0.0,5.0,4.177,25.10,34.23,0.0181,0.0924,0.0010,0.0968,0.0005,0.1031,0.0044,0.0059,0.1877,0.0112,0.1271,0.0020,0.1828,0.0005
1784800658.75,51,base,3,0.0,5.0,4.177,25.10,34.23,0.0230,0.0934,0.0000,0.1012,0.0024,0.1036,0.0010,0.0054,0.1891,0.0098,0.1251,0.0010,0.1852,0.0005
1784800659.44,51,drive,0,1.5,5.0,4.177,25.10,34.23,0.0210,0.0880,0.0000,0.1007,0.0000,0.1056,0.0029,0.0059,0.1916,0.0078,0.1276,0.0010,0.1838,0.0000
1784800659.53,51,drive,1,1.5,5.0,4.177,25.10,34.23,0.0220,0.0880,0.0000,0.1002,0.0000,0.1017,0.0029,0.0039,0.1867,0.0112,0.1251,0.0024,0.1843,0.0000
1784800659.62,51,drive,2,1.5,5.0,4.177,25.10,34.23,0.0205,0.0919,0.0005,0.1026,0.0005,0.1046,0.0034,0.0044,0.1906,0.0088,0.1276,0.0020,0.1804,0.0015
1784800659.72,51,drive,3,1.5,5.0,4.177,25.10,34.23,0.0220,0.0909,0.0005,0.1002,0.0005,0.1046,0.0029,0.0044,0.1891,0.0137,0.1251,0.0010,0.1882,0.0000
1784800660.48,52,base,0,0.0,5.0,4.177,25.10,34.23,0.0176,0.0924,0.0005,0.1007,0.0000,0.1036,0.0044,0.0044,0.1852,0.0112,0.1266,0.0005,0.1818,0.0000
1784800660.57,52,base,1,0.0,5.0,4.177,25.10,34.23,0.0191,0.0899,0.0000,0.0997,0.0000,0.1031,0.0039,0.0068,0.1896,0.0137,0.1276,0.0029,0.1852,0.0005
1784800660.67,52,base,2,0.0,5.0,4.177,25.10,34.23,0.0210,0.0914,0.0010,0.0973,0.0015,0.1022,0.0024,0.0039,0.1887,0.0103,0.1261,0.0029,0.1896,0.0000
1784800660.76,52,base,3,0.0,5.0,4.177,25.10,34.23,0.0225,0.0890,0.0005,0.1012,0.0000,0.1026,0.0039,0.0059,0.1872,0.0117,0.1232,0.0005,0.1838,0.0000
1784800661.45,52,drive,0,1.5,5.0,4.177,25.10,34.23,0.0166,0.0860,0.0005,0.0885,0.0005,0.0718,0.0020,0.0064,0.1911,0.0582,0.0860,0.0015,0.1838,0.0000
1784800661.54,52,drive,1,1.5,5.0,4.177,25.10,34.23,0.0191,0.0919,0.0015,0.0894,0.0010,0.0670,0.0044,0.0059,0.1838,0.0547,0.0846,0.0005,0.1843,0.0000
1784800661.64,52,drive,2,1.5,5.0,4.177,25.10,34.23,0.0196,0.0938,0.0005,0.0885,0.0000,0.0714,0.0049,0.0044,0.1906,0.0552,0.0850,0.0005,0.1828,0.0000
1784800661.73,52,drive,3,1.5,5.0,4.177,25.10,34.23,0.0244,0.0919,0.0010,0.0885,0.0029,0.0704,0.0010,0.0073,0.1911,0.0587,0.0846,0.0015,0.1799,0.0000
1784800662.49,53,base,0,0.0,5.0,4.217,25.10,34.24,0.0176,0.0904,0.0015,0.1007,0.0005,0.1036,0.0049,0.0034,0.1901,0.0127,0.1261,0.0020,0.1877,0.0005
1784800662.59,53,base,1,0.0,5.0,4.217,25.10,34.24,0.0181,0.0904,0.0005,0.1012,0.0010,0.0997,0.0029,0.0039,0.1838,0.0117,0.1266,0.0015,0.1857,0.0005
1784800662.68,53,base,2,0.0,5.0,4.217,25.10,34.24,0.0186,0.0890,0.0000,0.1026,0.0000,0.1051,0.0039,0.0044,0.1921,0.0112,0.1241,0.0020,0.1833,0.0005
1784800662.77,53,base,3,0.0,5.0,4.217,25.10,34.24,0.0220,0.0914,0.0000,0.1017,0.0000,0.1031,0.0059,0.0059,0.1911,0.0103,0.1251,0.0015,0.1843,0.0005
1784800663.46,53,drive,0,1.5,5.0,4.217,25.10,34.24,0.0186,0.0890,0.0000,0.1129,0.0024,0.1320,0.0181,0.0039,0.1857,0.0020,0.1628,0.0073,0.1838,0.0010
1784800663.56,53,drive,1,1.5,5.0,4.217,25.10,34.24,0.0205,0.0909,0.0015,0.1163,0.0015,0.1315,0.0181,0.0054,0.1882,0.0015,0.1637,0.0020,0.1808,0.0005
1784800663.65,53,drive,2,1.5,5.0,4.217,25.10,34.24,0.0230,0.0909,0.0015,0.1144,0.0010,0.1281,0.0186,0.0034,0.1877,0.0015,0.1667,0.0024,0.1852,0.0024
1784800663.75,53,drive,3,1.5,5.0,4.217,25.10,34.24,0.0239,0.0919,0.0010,0.1114,0.0024,0.1295,0.0142,0.0029,0.1921,0.0020,0.1632,0.0034,0.1857,0.0005
1784800664.51,54,base,0,0.0,5.0,4.197,25.10,34.24,0.0200,0.0894,0.0000,0.0997,0.0000,0.1031,0.0015,0.0054,0.1882,0.0142,0.1246,0.0015,0.1823,0.0005
1784800664.61,54,base,1,0.0,5.0,4.197,25.10,34.24,0.0259,0.0904,0.0000,0.0992,0.0029,0.1022,0.0015,0.0039,0.1891,0.0122,0.1285,0.0029,0.1848,0.0005
1784800664.70,54,base,2,0.0,5.0,4.197,25.10,34.24,0.0196,0.0948,0.0005,0.1012,0.0000,0.1065,0.0054,0.0064,0.1872,0.0103,0.1271,0.0029,0.1848,0.0005
1784800664.80,54,base,3,0.0,5.0,4.197,25.10,34.24,0.0186,0.0919,0.0000,0.0987,0.0000,0.1085,0.0029,0.0049,0.1901,0.0108,0.1276,0.0005,0.1823,0.0010
1784800665.49,54,drive,0,1.5,5.0,4.197,25.10,34.24,0.0210,0.0929,0.0000,0.1041,0.0000,0.0948,0.0034,0.0015,0.1823,0.0112,0.1461,0.0034,0.1848,0.0005
1784800665.58,54,drive,1,1.5,5.0,4.197,25.10,34.24,0.0244,0.0890,0.0010,0.1056,0.0000,0.0938,0.0059,0.0020,0.1838,0.0142,0.1452,0.0010,0.1828,0.0044
1784800665.67,54,drive,2,1.5,5.0,4.197,25.10,34.24,0.0215,0.0890,0.0005,0.1070,0.0000,0.0943,0.0034,0.0034,0.1828,0.0112,0.1476,0.0039,0.1862,0.0005
1784800665.77,54,drive,3,1.5,5.0,4.197,25.10,34.24,0.0225,0.0938,0.0000,0.1022,0.0005,0.0934,0.0020,0.0015,0.1848,0.0137,0.1452,0.0020,0.1852,0.0000
1784800666.53,55,base,0,0.0,5.0,4.197,25.10,34.24,0.0196,0.0899,0.0010,0.0987,0.0005,0.1051,0.0054,0.0064,0.1872,0.0142,0.1271,0.0020,0.1828,0.0005
1784800666.62,55,base,1,0.0,5.0,4.197,25.10,34.24,0.0220,0.0904,0.0010,0.0992,0.0005,0.1022,0.0034,0.0049,0.1882,0.0108,0.1266,0.0024,0.1828,0.0010
1784800666.72,55,base,2,0.0,5.0,4.197,25.10,34.24,0.0200,0.0924,0.0010,0.1036,0.0029,0.1007,0.0068,0.0015,0.1872,0.0112,0.1261,0.0029,0.1828,0.0000
1784800666.81,55,base,3,0.0,5.0,4.197,25.10,34.24,0.0171,0.0899,0.0029,0.1031,0.0000,0.1017,0.0024,0.0073,0.1872,0.0112,0.1251,0.0010,0.1833,0.0010
1784800667.50,55,drive,0,1.5,5.0,4.197,25.10,34.24,0.0166,0.0904,0.0005,0.0982,0.0010,0.1031,0.0024,0.0024,0.1891,0.0103,0.1246,0.0020,0.1872,0.0005
1784800667.59,55,drive,1,1.5,5.0,4.197,25.10,34.24,0.0191,0.0870,0.0015,0.0982,0.0020,0.1061,0.0020,0.0073,0.1901,0.0103,0.1261,0.0005,0.1828,0.0000
1784800667.68,55,drive,2,1.5,5.0,4.197,25.10,34.24,0.0200,0.0929,0.0005,0.1026,0.0000,0.1061,0.0024,0.0049,0.1901,0.0122,0.1256,0.0024,0.1843,0.0015
1784800667.78,55,drive,3,1.5,5.0,4.197,25.10,34.24,0.0205,0.0894,0.0000,0.1026,0.0000,0.1022,0.0024,0.0039,0.1882,0.0108,0.1261,0.0020,0.1867,0.0020
1784800668.54,56,base,0,0.0,5.0,4.197,25.10,34.25,0.0200,0.0938,0.0000,0.1031,0.0000,0.1002,0.0073,0.0039,0.1940,0.0098,0.1276,0.0005,0.1848,0.0000
1784800668.63,56,base,1,0.0,5.0,4.197,25.10,34.25,0.0181,0.0885,0.0005,0.1012,0.0000,0.1046,0.0015,0.0059,0.1911,0.0083,0.1271,0.0010,0.1843,0.0000
1784800668.73,56,base,2,0.0,5.0,4.197,25.10,34.25,0.0171,0.0899,0.0000,0.1026,0.0005,0.1031,0.0024,0.0054,0.1906,0.0108,0.1261,0.0024,0.1808,0.0000
1784800668.82,56,base,3,0.0,5.0,4.197,25.10,34.25,0.0210,0.0929,0.0015,0.0963,0.0005,0.1031,0.0024,0.0034,0.1896,0.0103,0.1266,0.0020,0.1862,0.0000
1784800669.51,56,drive,0,1.5,5.0,4.197,25.10,34.25,0.0220,0.0919,0.0000,0.0982,0.0000,0.1017,0.0039,0.0020,0.1891,0.0108,0.1285,0.0024,0.1872,0.0005
1784800669.61,56,drive,1,1.5,5.0,4.197,25.10,34.25,0.0215,0.0924,0.0005,0.0973,0.0000,0.1017,0.0039,0.0044,0.1887,0.0156,0.1261,0.0020,0.1867,0.0010
1784800669.70,56,drive,2,1.5,5.0,4.197,25.10,34.25,0.0191,0.0909,0.0000,0.0992,0.0005,0.1046,0.0029,0.0034,0.1906,0.0103,0.1271,0.0000,0.1857,0.0005
1784800669.79,56,drive,3,1.5,5.0,4.197,25.10,34.25,0.0200,0.0904,0.0000,0.1022,0.0000,0.1002,0.0034,0.0054,0.1867,0.0083,0.1261,0.0005,0.1823,0.0000
1784800670.56,57,base,0,0.0,5.0,4.177,25.10,34.25,0.0196,0.0919,0.0029,0.1007,0.0005,0.1017,0.0015,0.0029,0.1921,0.0103,0.1261,0.0010,0.1862,0.0000
1784800670.66,57,base,1,0.0,5.0,4.177,25.10,34.25,0.0196,0.0919,0.0000,0.1022,0.0000,0.1041,0.0034,0.0064,0.1891,0.0088,0.1300,0.0020,0.1838,0.0005
1784800670.75,57,base,2,0.0,5.0,4.177,25.10,34.25,0.0259,0.0914,0.0005,0.0997,0.0000,0.1031,0.0024,0.0059,0.1882,0.0122,0.1237,0.0015,0.1838,0.0000
1784800670.85,57,base,3,0.0,5.0,4.177,25.10,34.25,0.0215,0.0880,0.0005,0.1017,0.0000,0.1051,0.0039,0.0015,0.1882,0.0108,0.1241,0.0015,0.1867,0.0005
1784800671.54,57,drive,0,1.5,5.0,4.177,25.10,34.25,0.0235,0.0919,0.0000,0.1026,0.0005,0.1056,0.0034,0.0029,0.1896,0.0117,0.1271,0.0015,0.1877,0.0000
1784800671.63,57,drive,1,1.5,5.0,4.177,25.10,34.25,0.0230,0.0880,0.0005,0.1002,0.0029,0.1051,0.0039,0.0039,0.1877,0.0093,0.1285,0.0015,0.1833,0.0005
1784800671.73,57,drive,2,1.5,5.0,4.177,25.10,34.25,0.0200,0.0890,0.0005,0.1022,0.0005,0.1056,0.0020,0.0073,0.1901,0.0117,0.1276,0.0034,0.1887,0.0000
1784800671.82,57,drive,3,1.5,5.0,4.177,25.10,34.25,0.0176,0.0919,0.0005,0.1002,0.0005,0.1036,0.0034,0.0078,0.1906,0.0108,0.1281,0.0020,0.1862,0.0000
1784800672.59,58,base,0,0.0,5.0,4.197,25.10,34.25,0.0176,0.0929,0.0000,0.1022,0.0005,0.1051,0.0029,0.0039,0.1906,0.0117,0.1285,0.0020,0.1804,0.0000
1784800672.69,58,base,1,0.0,5.0,4.197,25.10,34.25,0.0191,0.0914,0.0010,0.0982,0.0005,0.0997,0.0029,0.0034,0.1887,0.0103,0.1246,0.0020,0.1882,0.0000
1784800672.78,58,base,2,0.0,5.0,4.197,25.10,34.25,0.0220,0.0909,0.0000,0.1002,0.0000,0.1051,0.0024,0.0049,0.1896,0.0122,0.1261,0.0010,0.1852,0.0010
1784800672.87,58,base,3,0.0,5.0,4.197,25.10,34.25,0.0191,0.0943,0.0005,0.0997,0.0000,0.1080,0.0020,0.0039,0.1916,0.0108,0.1246,0.0010,0.1852,0.0024
1784800673.56,58,drive,0,1.5,5.0,4.197,25.10,34.25,0.0215,0.0894,0.0000,0.1002,0.0000,0.1036,0.0034,0.0073,0.1872,0.0132,0.1281,0.0039,0.1857,0.0000
1784800673.66,58,drive,1,1.5,5.0,4.197,25.10,34.25,0.0205,0.0904,0.0000,0.1036,0.0005,0.1041,0.0029,0.0054,0.1901,0.0078,0.1271,0.0000,0.1843,0.0000
1784800673.75,58,drive,2,1.5,5.0,4.197,25.10,34.25,0.0205,0.0899,0.0005,0.1002,0.0000,0.1051,0.0015,0.0054,0.1887,0.0152,0.1266,0.0020,0.1877,0.0005
1784800673.85,58,drive,3,1.5,5.0,4.197,25.10,34.25,0.0230,0.0850,0.0005,0.0997,0.0000,0.1070,0.0034,0.0039,0.1862,0.0132,0.1246,0.0005,0.1799,0.0000
1784800674.62,59,base,0,0.0,5.0,4.177,25.10,34.26,0.0191,0.0885,0.0010,0.1012,0.0000,0.1051,0.0020,0.0049,0.1896,0.0112,0.1295,0.0015,0.1833,0.0005
1784800674.71,59,base,1,0.0,5.0,4.177,25.10,34.26,0.0230,0.0909,0.0010,0.0992,0.0029,0.1036,0.0010,0.0034,0.1877,0.0122,0.1261,0.0010,0.1852,0.0005
1784800674.81,59,base,2,0.0,5.0,4.177,25.10,34.26,0.0220,0.0909,0.0000,0.1012,0.0000,0.1061,0.0029,0.0034,0.1901,0.0112,0.1281,0.0020,0.1872,0.0000
1784800674.90,59,base,3,0.0,5.0,4.177,25.10,34.26,0.0215,0.0894,0.0000,0.0978,0.0005,0.1070,0.0020,0.0044,0.1877,0.0122,0.1256,0.0024,0.1843,0.0005
1784800675.59,59,drive,0,1.5,5.0,4.177,25.10,34.26,0.0186,0.0904,0.0005,0.1007,0.0005,0.1041,0.0015,0.0078,0.1906,0.0112,0.1266,0.0010,0.1828,0.0005
1784800675.68,59,drive,1,1.5,5.0,4.177,25.10,34.26,0.0205,0.0904,0.0000,0.0997,0.0005,0.1031,0.0020,0.0073,0.1916,0.0093,0.1251,0.0024,0.1867,0.0034
1784800675.78,59,drive,2,1.5,5.0,4.177,25.10,34.26,0.0230,0.0924,0.0000,0.1002,0.0005,0.1041,0.0024,0.0005,0.1906,0.0093,0.1261,0.0010,0.1857,0.0005
1784800675.87,59,drive,3,1.5,5.0,4.177,25.10,34.26,0.0210,0.0929,0.0000,0.1007,0.0010,0.1002,0.0039,0.0029,0.1872,0.0103,0.1237,0.0015,0.1862,0.0000
1784800676.64,60,base,0,0.0,5.0,4.197,25.10,34.26,0.0220,0.0914,0.0015,0.1026,0.0000,0.1026,0.0024,0.0044,0.1906,0.0132,0.1246,0.0010,0.1891,0.0000
1784800676.74,60,base,1,0.0,5.0,4.197,25.10,34.26,0.0186,0.0909,0.0015,0.1012,0.0010,0.1041,0.0010,0.0049,0.1911,0.0098,0.1295,0.0015,0.1843,0.0005
1784800676.83,60,base,2,0.0,5.0,4.197,25.10,34.26,0.0210,0.0919,0.0000,0.0963,0.0000,0.1046,0.0034,0.0024,0.1896,0.0112,0.1246,0.0029,0.1852,0.0005
1784800676.92,60,base,3,0.0,5.0,4.197,25.10,34.26,0.0225,0.0904,0.0005,0.1012,0.0010,0.1046,0.0024,0.0034,0.1901,0.0137,0.1261,0.0054,0.1848,0.0000
1784800677.61,60,drive,0,1.5,5.0,4.197,25.10,34.26,0.0205,0.0890,0.0005,0.1002,0.0005,0.1065,0.0010,0.0029,0.1906,0.0083,0.1251,0.0029,0.1823,0.0005
1784800677.71,60,drive,1,1.5,5.0,4.197,25.10,34.26,0.0200,0.0880,0.0000,0.1031,0.0000,0.1046,0.0029,0.0049,0.1891,0.0152,0.1310,0.0015,0.1833,0.0010
1784800677.80,60,drive,2,1.5,5.0,4.197,25.10,34.26,0.0200,0.0914,0.0000,0.1022,0.0000,0.1056,0.0029,0.0059,0.1872,0.0132,0.1261,0.0020,0.1838,0.0000
1784800677.90,60,drive,3,1.5,5.0,4.197,25.10,34.26,0.0196,0.0885,0.0015,0.0973,0.0020,0.1026,0.0020,0.0029,0.1935,0.0122,0.1261,0.0015,0.1872,0.0000
1784800678.65,61,base,0,0.0,5.0,4.197,25.10,34.26,0.0200,0.0919,0.0000,0.1026,0.0005,0.1041,0.0039,0.0044,0.1906,0.0108,0.1261,0.0010,0.1828,0.0000
1784800678.75,61,base,1,0.0,5.0,4.197,25.10,34.26,0.0205,0.0934,0.0010,0.1012,0.0005,0.1046,0.0034,0.0064,0.1931,0.0108,0.1227,0.0015,0.1838,0.0000
1784800678.84,61,base,2,0.0,5.0,4.197,25.10,34.26,0.0186,0.0929,0.0000,0.1012,0.0000,0.1065,0.0015,0.0029,0.1935,0.0112,0.1261,0.0024,0.1838,0.0005
1784800678.94,61,base,3,0.0,5.0,4.197,25.10,34.26,0.0210,0.0924,0.0005,0.0997,0.0010,0.1051,0.0034,0.0039,0.1867,0.0117,0.1237,0.0020,0.1848,0.0000
1784800679.62,61,drive,0,1.5,5.0,4.197,25.10,34.26,0.0161,0.0919,0.0000,0.0968,0.0010,0.1051,0.0039,0.0054,0.1872,0.0127,0.1237,0.0029,0.1838,0.0005
1784800679.72,61,drive,1,1.5,5.0,4.197,25.10,34.26,0.0220,0.0904,0.0024,0.1022,0.0000,0.1017,0.0024,0.0049,0.1882,0.0117,0.1276,0.0029,0.1877,0.0005
1784800679.81,61,drive,2,1.5,5.0,4.197,25.10,34.26,0.0239,0.0919,0.0000,0.1022,0.0000,0.1017,0.0034,0.0054,0.1926,0.0127,0.1246,0.0010,0.1857,0.0000
1784800679.91,61,drive,3,1.5,5.0,4.197,25.10,34.26,0.0205,0.0890,0.0005,0.0973,0.0010,0.1017,0.0039,0.0034,0.1921,0.0117,0.1281,0.0024,0.1843,0.0010
1784800680.67,62,base,0,0.0,5.0,4.197,25.10,34.27,0.0215,0.0899,0.0005,0.0978,0.0015,0.1056,0.0020,0.0054,0.1872,0.0088,0.1251,0.0034,0.1843,0.0029
1784800680.76,62,base,1,0.0,5.0,4.197,25.10,34.27,0.0220,0.0894,0.0010,0.0997,0.0000,0.1046,0.0010,0.0039,0.1916,0.0088,0.1276,0.0020,0.1852,0.0000
1784800680.85,62,base,2,0.0,5.0,4.197,25.10,34.27,0.0210,0.0919,0.0010,0.0987,0.0005,0.1041,0.0034,0.0049,0.1867,0.0112,0.1281,0.0015,0.1872,0.0010
1784800680.95,62,base,3,0.0,5.0,4.197,25.10,34.27,0.0210,0.0909,0.0005,0.1002,0.0005,0.1051,0.0029,0.0054,0.1857,0.0112,0.1237,0.0020,0.1843,0.0000
1784800681.64,62,drive,0,1.5,5.0,4.197,25.10,34.27,0.0181,0.0919,0.0005,0.1007,0.0010,0.1051,0.0015,0.0054,0.1891,0.0108,0.1256,0.0005,0.1882,0.0000
1784800681.73,62,drive,1,1.5,5.0,4.197,25.10,34.27,0.0215,0.0938,0.0000,0.1002,0.0000,0.1041,0.0034,0.0020,0.1901,0.0093,0.1266,0.0044,0.1843,0.0010
1784800681.83,62,drive,2,1.5,5.0,4.197,25.10,34.27,0.0210,0.0968,0.0005,0.0982,0.0010,0.1026,0.0029,0.0044,0.1921,0.0103,0.1246,0.0020,0.1828,0.0010
1784800681.92,62,drive,3,1.5,5.0,4.197,25.10,34.27,0.0205,0.0938,0.0005,0.1007,0.0000,0.1075,0.0010,0.0049,0.1852,0.0093,0.1276,0.0024,0.1857,0.0005
1784800682.69,63,base,0,0.0,5.0,4.177,25.10,34.27,0.0215,0.0914,0.0005,0.0958,0.0005,0.0978,0.0034,0.0064,0.1882,0.0083,0.1241,0.0024,0.1848,0.0005
1784800682.79,63,base,1,0.0,5.0,4.177,25.10,34.27,0.0220,0.0914,0.0015,0.1002,0.0000,0.1046,0.0015,0.0059,0.1935,0.0093,0.1276,0.0015,0.1833,0.0005
1784800682.88,63,base,2,0.0,5.0,4.177,25.10,34.27,0.0215,0.0938,0.0010,0.1002,0.0000,0.1046,0.0029,0.0068,0.1872,0.0098,0.1256,0.0029,0.1804,0.0005
1784800682.98,63,base,3,0.0,5.0,4.177,25.10,34.27,0.0196,0.0953,0.0005,0.0963,0.0005,0.1036,0.0024,0.0029,0.1896,0.0122,0.1290,0.0015,0.1794,0.0000
1784800683.66,63,drive,0,1.5,5.0,4.177,25.10,34.27,0.0205,0.0894,0.0015,0.1065,0.0000,0.1026,0.0083,0.0039,0.1945,0.0098,0.1158,0.0010,0.1808,0.0010
1784800683.76,63,drive,1,1.5,5.0,4.177,25.10,34.27,0.0200,0.0958,0.0000,0.1109,0.0005,0.1056,0.0112,0.0044,0.1916,0.0083,0.1149,0.0015,0.1818,0.0010
1784800683.85,63,drive,2,1.5,5.0,4.177,25.10,34.27,0.0205,0.0943,0.0010,0.1095,0.0005,0.1046,0.0083,0.0049,0.1926,0.0064,0.1114,0.0005,0.1823,0.0015
1784800683.95,63,drive,3,1.5,5.0,4.177,25.10,34.27,0.0215,0.0929,0.0005,0.1046,0.0015,0.1046,0.0049,0.0073,0.1940,0.0064,0.1124,0.0044,0.1799,0.0005
1784800684.72,64,base,0,0.0,5.0,4.197,25.10,34.28,0.0205,0.0909,0.0010,0.0982,0.0005,0.1065,0.0039,0.0024,0.1882,0.0088,0.1246,0.0024,0.1818,0.0005
1784800684.81,64,base,1,0.0,5.0,4.197,25.10,34.28,0.0171,0.0938,0.0015,0.1007,0.0000,0.1051,0.0049,0.0034,0.1911,0.0108,0.1290,0.0024,0.1882,0.0010
1784800684.91,64,base,2,0.0,5.0,4.197,25.10,34.28,0.0196,0.0909,0.0000,0.0997,0.0010,0.1041,0.0054,0.0039,0.1862,0.0088,0.1261,0.0010,0.1843,0.0005
1784800685.00,64,base,3,0.0,5.0,4.197,25.10,34.28,0.0200,0.0885,0.0010,0.1022,0.0015,0.1041,0.0029,0.0078,0.1901,0.0112,0.1241,0.0024,0.1818,0.0000
1784800685.69,64,drive,0,1.5,5.0,4.197,25.10,34.28,0.0191,0.0894,0.0000,0.1007,0.0010,0.1056,0.0039,0.0044,0.1896,0.0098,0.1295,0.0020,0.1838,0.0005
1784800685.78,64,drive,1,1.5,5.0,4.197,25.10,34.28,0.0161,0.0924,0.0005,0.1002,0.0005,0.1022,0.0010,0.0034,0.1931,0.0103,0.1290,0.0020,0.1848,0.0000
1784800685.88,64,drive,2,1.5,5.0,4.197,25.10,34.28,0.0210,0.0890,0.0000,0.1007,0.0010,0.1026,0.0049,0.0059,0.1877,0.0088,0.1256,0.0010,0.1828,0.0000
1784800685.97,64,drive,3,1.5,5.0,4.197,25.10,34.28,0.0215,0.0909,0.0000,0.0978,0.0000,0.1002,0.0044,0.0054,0.1872,0.0103,0.1183,0.0024,0.1823,0.0005
1784800686.73,65,base,0,0.0,5.0,4.197,25.10,34.28,0.0181,0.0919,0.0000,0.1012,0.0005,0.1002,0.0039,0.0044,0.1901,0.0103,0.1251,0.0010,0.1848,0.0000
1784800686.82,65,base,1,0.0,5.0,4.197,25.10,34.28,0.0176,0.0924,0.0005,0.0982,0.0000,0.1056,0.0020,0.0044,0.1896,0.0122,0.1256,0.0034,0.1862,0.0000
1784800686.92,65,base,2,0.0,5.0,4.197,25.10,34.28,0.0200,0.0890,0.0005,0.0982,0.0005,0.1022,0.0029,0.0049,0.1862,0.0127,0.1237,0.0020,0.1862,0.0005
1784800687.01,65,base,3,0.0,5.0,4.197,25.10,34.28,0.0235,0.0919,0.0000,0.1017,0.0000,0.1036,0.0020,0.0034,0.1901,0.0103,0.1266,0.0015,0.1877,0.0015
1784800687.70,65,drive,0,1.5,5.0,4.197,25.10,34.28,0.0200,0.0909,0.0000,0.0978,0.0000,0.1080,0.0024,0.0029,0.1911,0.0127,0.1266,0.0024,0.1833,0.0000
1784800687.79,65,drive,1,1.5,5.0,4.197,25.10,34.28,0.0210,0.0880,0.0024,0.0997,0.0000,0.1031,0.0024,0.0068,0.1877,0.0122,0.1256,0.0020,0.1872,0.0005
1784800687.89,65,drive,2,1.5,5.0,4.197,25.10,34.28,0.0191,0.0890,0.0029,0.0992,0.0020,0.1051,0.0039,0.0049,0.1901,0.0083,0.1251,0.0020,0.1838,0.0000
1784800687.98,65,drive,3,1.5,5.0,4.197,25.10,34.28,0.0186,0.0894,0.0005,0.1002,0.0005,0.1056,0.0015,0.0044,0.1901,0.0103,0.1237,0.0015,0.1828,0.0010
1784800688.74,66,base,0,0.0,5.0,4.177,25.10,34.28,0.0215,0.0919,0.0005,0.0982,0.0005,0.1051,0.0039,0.0039,0.1916,0.0103,0.1285,0.0000,0.1843,0.0000
1784800688.83,66,base,1,0.0,5.0,4.177,25.10,34.28,0.0196,0.0919,0.0000,0.1002,0.0005,0.1041,0.0020,0.0049,0.1931,0.0122,0.1276,0.0015,0.1852,0.0024
1784800688.93,66,base,2,0.0,5.0,4.177,25.10,34.28,0.0215,0.0894,0.0000,0.1002,0.0000,0.1012,0.0044,0.0044,0.1887,0.0103,0.1285,0.0020,0.1823,0.0005
1784800689.02,66,base,3,0.0,5.0,4.177,25.10,34.28,0.0264,0.0943,0.0015,0.0997,0.0000,0.1036,0.0044,0.0034,0.1940,0.0103,0.1261,0.0010,0.1823,0.0000
1784800689.71,66,drive,0,1.5,5.0,4.177,25.10,34.28,0.0210,0.0880,0.0010,0.1046,0.0005,0.1046,0.0024,0.0029,0.1882,0.0103,0.1285,0.0010,0.1828,0.0000
1784800689.80,66,drive,1,1.5,5.0,4.177,25.10,34.28,0.0220,0.0904,0.0000,0.1036,0.0000,0.1022,0.0024,0.0078,0.1877,0.0127,0.1271,0.0015,0.1823,0.0000
1784800689.90,66,drive,2,1.5,5.0,4.177,25.10,34.28,0.0220,0.0914,0.0000,0.1002,0.0005,0.1046,0.0029,0.0054,0.1911,0.0103,0.1256,0.0015,0.1862,0.0000
1784800689.99,66,drive,3,1.5,5.0,4.177,25.10,34.28,0.0191,0.0875,0.0000,0.1002,0.0000,0.1007,0.0034,0.0039,0.1891,0.0112,0.1256,0.0024,0.1852,0.0000
1784800690.75,67,base,0,0.0,5.0,4.197,25.10,34.29,0.0220,0.0865,0.0005,0.0958,0.0000,0.1026,0.0024,0.0034,0.1901,0.0127,0.1266,0.0015,0.1867,0.0000
1784800690.84,67,base,1,0.0,5.0,4.197,25.10,34.29,0.0210,0.0904,0.0000,0.1022,0.0000,0.1075,0.0049,0.0034,0.1911,0.0108,0.1246,0.0020,0.1852,0.0000
1784800690.94,67,base,2,0.0,5.0,4.197,25.10,34.29,0.0215,0.0909,0.0000,0.1046,0.0000,0.1041,0.0044,0.0044,0.1882,0.0127,0.1227,0.0010,0.1848,0.0000
1784800691.03,67,base,3,0.0,5.0,4.197,25.10,34.29,0.0176,0.0934,0.0000,0.1012,0.0005,0.1056,0.0034,0.0054,0.1931,0.0098,0.1261,0.0020,0.1857,0.0000
1784800691.72,67,drive,0,1.5,5.0,4.197,25.10,34.29,0.0205,0.0914,0.0000,0.1017,0.0005,0.1031,0.0020,0.0049,0.1887,0.0112,0.1232,0.0015,0.1848,0.0000
1784800691.81,67,drive,1,1.5,5.0,4.197,25.10,34.29,0.0200,0.0904,0.0010,0.0987,0.0000,0.1056,0.0010,0.0059,0.1872,0.0132,0.1271,0.0015,0.1843,0.0020
1784800691.91,67,drive,2,1.5,5.0,4.197,25.10,34.29,0.0235,0.0904,0.0000,0.1002,0.0000,0.1036,0.0034,0.0029,0.1887,0.0156,0.1261,0.0020,0.1852,0.0024
1784800692.00,67,drive,3,1.5,5.0,4.197,25.10,34.29,0.0196,0.0924,0.0000,0.1007,0.0000,0.1046,0.0024,0.0024,0.1891,0.0117,0.1261,0.0015,0.1843,0.0005
1784800692.76,68,base,0,0.0,5.0,4.197,25.10,34.29,0.0186,0.0890,0.0000,0.1002,0.0000,0.1051,0.0024,0.0064,0.1867,0.0103,0.1281,0.0029,0.1828,0.0010
1784800692.85,68,base,1,0.0,5.0,4.197,25.10,34.29,0.0191,0.0890,0.0000,0.1026,0.0000,0.1046,0.0020,0.0059,0.1906,0.0112,0.1290,0.0034,0.1818,0.0000
1784800692.95,68,base,2,0.0,5.0,4.197,25.10,34.29,0.0186,0.0934,0.0000,0.1002,0.0000,0.1041,0.0039,0.0059,0.1921,0.0093,0.1290,0.0005,0.1838,0.0000
1784800693.04,68,base,3,0.0,5.0,4.197,25.10,34.29,0.0200,0.0909,0.0005,0.1046,0.0000,0.1041,0.0034,0.0064,0.1887,0.0103,0.1266,0.0020,0.1867,0.0020
1784800693.73,68,drive,0,1.5,5.0,4.197,25.10,34.29,0.0220,0.0914,0.0000,0.1007,0.0005,0.1017,0.0015,0.0049,0.1896,0.0093,0.1276,0.0020,0.1848,0.0000
1784800693.82,68,drive,1,1.5,5.0,4.197,25.10,34.29,0.0205,0.0904,0.0000,0.1031,0.0000,0.1065,0.0024,0.0015,0.1833,0.0103,0.1261,0.0010,0.1857,0.0000
1784800693.92,68,drive,2,1.5,5.0,4.197,25.10,34.29,0.0186,0.0934,0.0000,0.0997,0.0010,0.1031,0.0034,0.0020,0.1867,0.0108,0.1261,0.0005,0.1867,0.0000
1784800694.01,68,drive,3,1.5,5.0,4.197,25.10,34.29,0.0230,0.0899,0.0000,0.0968,0.0005,0.1022,0.0015,0.0044,0.1872,0.0112,0.1251,0.0024,0.1882,0.0005
1784800694.77,69,base,0,0.0,5.0,4.177,25.10,34.30,0.0235,0.0929,0.0005,0.1031,0.0000,0.1026,0.0054,0.0034,0.1872,0.0127,0.1276,0.0020,0.1838,0.0010
1784800694.86,69,base,1,0.0,5.0,4.177,25.10,34.30,0.0210,0.0870,0.0020,0.0997,0.0005,0.1022,0.0029,0.0064,0.1872,0.0098,0.1256,0.0010,0.1848,0.0005
1784800694.96,69,base,2,0.0,5.0,4.177,25.10,34.30,0.0205,0.0909,0.0029,0.1002,0.0010,0.1085,0.0044,0.0024,0.1857,0.0093,0.1285,0.0015,0.1882,0.0010
1784800695.05,69,base,3,0.0,5.0,4.177,25.10,34.30,0.0205,0.0890,0.0000,0.0997,0.0000,0.1056,0.0029,0.0020,0.1945,0.0098,0.1285,0.0015,0.1828,0.0005
1784800695.74,69,drive,0,1.5,5.0,4.177,25.10,34.30,0.0210,0.0919,0.0000,0.1007,0.0010,0.1022,0.0010,0.0068,0.1901,0.0093,0.1266,0.0010,0.1867,0.0000
1784800695.83,69,drive,1,1.5,5.0,4.177,25.10,34.30,0.0210,0.0899,0.0005,0.1036,0.0000,0.1041,0.0024,0.0034,0.1877,0.0112,0.1256,0.0020,0.1862,0.0000
1784800695.93,69,drive,2,1.5,5.0,4.177,25.10,34.30,0.0210,0.0914,0.0005,0.1012,0.0000,0.1012,0.0029,0.0029,0.1921,0.0132,0.1271,0.0020,0.1848,0.0005
1784800696.02,69,drive,3,1.5,5.0,4.177,25.10,34.30,0.0205,0.0904,0.0010,0.1007,0.0000,0.1031,0.0015,0.0039,0.1896,0.0127,0.1251,0.0020,0.1867,0.0015
1784800696.78,70,base,0,0.0,5.0,4.197,25.10,34.30,0.0210,0.0909,0.0005,0.0978,0.0010,0.0997,0.0024,0.0059,0.1882,0.0152,0.1271,0.0020,0.1852,0.0005
1784800696.87,70,base,1,0.0,5.0,4.197,25.10,34.30,0.0186,0.0919,0.0000,0.1012,0.0000,0.1051,0.0034,0.0054,0.1901,0.0093,0.1256,0.0020,0.1838,0.0005
1784800696.97,70,base,2,0.0,5.0,4.197,25.10,34.30,0.0220,0.0914,0.0000,0.1007,0.0010,0.1051,0.0015,0.0083,0.1891,0.0112,0.1256,0.0020,0.1848,0.0005
1784800697.06,70,base,3,0.0,5.0,4.197,25.10,34.30,0.0215,0.0929,0.0000,0.1007,0.0005,0.1080,0.0034,0.0059,0.1916,0.0122,0.1256,0.0024,0.1843,0.0005
1784800697.75,70,drive,0,1.5,5.0,4.197,25.10,34.30,0.0176,0.0885,0.0005,0.1031,0.0005,0.1031,0.0015,0.0044,0.1901,0.0152,0.1271,0.0020,0.1848,0.0000
1784800697.84,70,drive,1,1.5,5.0,4.197,25.10,34.30,0.0186,0.0875,0.0015,0.0987,0.0000,0.1031,0.0034,0.0024,0.1896,0.0068,0.1339,0.0010,0.1828,0.0000
1784800697.94,70,drive,2,1.5,5.0,4.197,25.10,34.30,0.0220,0.0899,0.0000,0.0963,0.0005,0.0997,0.0024,0.0044,0.1896,0.0108,0.1227,0.0010,0.1852,0.0010
1784800698.03,70,drive,3,1.5,5.0,4.197,25.10,34.30,0.0191,0.0943,0.0005,0.1012,0.0000,0.1022,0.0024,0.0049,0.1901,0.0103,0.1295,0.0010,0.1838,0.0000
1784800698.79,71,base,0,0.0,5.0,4.197,25.10,34.30,0.0210,0.0904,0.0005,0.1017,0.0000,0.1065,0.0015,0.0039,0.1891,0.0093,0.1285,0.0010,0.1852,0.0010
1784800698.88,71,base,1,0.0,5.0,4.197,25.10,34.30,0.0215,0.0875,0.0010,0.0978,0.0005,0.1056,0.0024,0.0029,0.1896,0.0127,0.1251,0.0024,0.1877,0.0000
1784800698.98,71,base,2,0.0,5.0,4.197,25.10,34.30,0.0225,0.0929,0.0000,0.1041,0.0000,0.1046,0.0020,0.0010,0.1901,0.0083,0.1276,0.0024,0.1818,0.0000
1784800699.07,71,base,3,0.0,5.0,4.197,25.10,34.30,0.0196,0.0904,0.0005,0.1031,0.0005,0.1046,0.0049,0.0044,0.1896,0.0098,0.1271,0.0010,0.1804,0.0010
1784800699.76,71,drive,0,1.5,5.0,4.197,25.10,34.30,0.0225,0.0885,0.0000,0.0987,0.0000,0.1031,0.0024,0.0054,0.1882,0.0108,0.1251,0.0020,0.1823,0.0010
1784800699.86,71,drive,1,1.5,5.0,4.197,25.10,34.30,0.0191,0.0909,0.0000,0.1022,0.0024,0.1046,0.0029,0.0039,0.1891,0.0083,0.1237,0.0010,0.1857,0.0000
1784800699.95,71,drive,2,1.5,5.0,4.197,25.10,34.30,0.0161,0.0870,0.0000,0.1007,0.0000,0.1075,0.0024,0.0024,0.1911,0.0117,0.1261,0.0024,0.1867,0.0000
1784800700.04,71,drive,3,1.5,5.0,4.197,25.10,34.30,0.0200,0.0894,0.0000,0.0992,0.0010,0.1017,0.0015,0.0054,0.1921,0.0103,0.1251,0.0015,0.1862,0.0000
1784800700.80,72,base,0,0.0,5.0,4.217,25.10,34.31,0.0166,0.0904,0.0005,0.1002,0.0000,0.1051,0.0020,0.0078,0.1877,0.0122,0.1261,0.0010,0.1857,0.0005
1784800700.90,72,base,1,0.0,5.0,4.217,25.10,34.31,0.0200,0.0899,0.0005,0.0997,0.0005,0.1022,0.0039,0.0034,0.1896,0.0098,0.1290,0.0005,0.1862,0.0000
1784800700.99,72,base,2,0.0,5.0,4.217,25.10,34.31,0.0196,0.0919,0.0005,0.1017,0.0000,0.1017,0.0029,0.0039,0.1896,0.0112,0.1251,0.0020,0.1867,0.0010
1784800701.09,72,base,3,0.0,5.0,4.217,25.10,34.31,0.0196,0.0880,0.0010,0.1036,0.0000,0.1051,0.0034,0.0034,0.1877,0.0122,0.1266,0.0010,0.1887,0.0000
1784800701.77,72,drive,0,1.5,5.0,4.217,25.10,34.31,0.0215,0.0904,0.0010,0.0978,0.0015,0.1041,0.0024,0.0064,0.1896,0.0117,0.1281,0.0020,0.1804,0.0000
1784800701.87,72,drive,1,1.5,5.0,4.217,25.10,34.31,0.0215,0.0890,0.0015,0.0963,0.0000,0.1075,0.0039,0.0049,0.1867,0.0108,0.1271,0.0015,0.1818,0.0000
1784800701.96,72,drive,2,1.5,5.0,4.217,25.10,34.31,0.0205,0.0890,0.0005,0.0987,0.0005,0.1022,0.0029,0.0044,0.1906,0.0112,0.1271,0.0029,0.1833,0.0000
1784800702.06,72,drive,3,1.5,5.0,4.217,25.10,34.31,0.0176,0.0875,0.0010,0.0992,0.0000,0.1041,0.0034,0.0059,0.1862,0.0108,0.1276,0.0015,0.1852,0.0000
1784800702.83,73,base,0,0.0,5.0,4.197,25.10,34.31,0.0191,0.0875,0.0020,0.1007,0.0000,0.1031,0.0020,0.0068,0.1887,0.0103,0.1241,0.0010,0.1833,0.0000
1784800702.92,73,base,1,0.0,5.0,4.197,25.10,34.31,0.0181,0.0880,0.0010,0.1017,0.0000,0.1051,0.0039,0.0044,0.1887,0.0098,0.1281,0.0010,0.1848,0.0000
1784800703.02,73,base,2,0.0,5.0,4.197,25.10,34.31,0.0196,0.0875,0.0024,0.1007,0.0010,0.1022,0.0034,0.0029,0.1862,0.0098,0.1227,0.0034,0.1823,0.0005
1784800703.11,73,base,3,0.0,5.0,4.197,25.10,34.31,0.0264,0.0841,0.0005,0.1007,0.0000,0.1002,0.0015,0.0059,0.1872,0.0112,0.1241,0.0020,0.1877,0.0000
1784800703.80,73,drive,0,1.5,5.0,4.197,25.10,34.31,0.0220,0.0894,0.0015,0.0997,0.0000,0.1017,0.0039,0.0020,0.1877,0.0112,0.1276,0.0024,0.1848,0.0000
1784800703.89,73,drive,1,1.5,5.0,4.197,25.10,34.31,0.0215,0.0914,0.0000,0.0992,0.0005,0.1046,0.0029,0.0068,0.1877,0.0108,0.1281,0.0024,0.1804,0.0000
1784800703.99,73,drive,2,1.5,5.0,4.197,25.10,34.31,0.0186,0.0909,0.0000,0.0992,0.0005,0.1026,0.0029,0.0064,0.1906,0.0127,0.1276,0.0005,0.1852,0.0005
1784800704.08,73,drive,3,1.5,5.0,4.197,25.10,34.31,0.0181,0.0938,0.0005,0.0978,0.0010,0.1080,0.0024,0.0073,0.1901,0.0112,0.1241,0.0020,0.1857,0.0000
1784800704.84,74,base,0,0.0,5.0,4.217,25.10,34.31,0.0215,0.0885,0.0000,0.1007,0.0010,0.1041,0.0029,0.0054,0.1872,0.0132,0.1285,0.0005,0.1857,0.0010
1784800704.93,74,base,1,0.0,5.0,4.217,25.10,34.31,0.0215,0.0938,0.0000,0.1031,0.0024,0.1031,0.0034,0.0059,0.1867,0.0117,0.1261,0.0010,0.1862,0.0010
1784800705.02,74,base,2,0.0,5.0,4.217,25.10,34.31,0.0161,0.0924,0.0000,0.0992,0.0000,0.1031,0.0024,0.0059,0.1896,0.0078,0.1290,0.0015,0.1833,0.0005
1784800705.12,74,base,3,0.0,5.0,4.217,25.10,34.31,0.0200,0.0924,0.0010,0.1022,0.0000,0.1031,0.0044,0.0098,0.1887,0.0103,0.1281,0.0029,0.1852,0.0000
1784800705.81,74,drive,0,1.5,5.0,4.217,25.10,34.31,0.0191,0.0865,0.0005,0.0982,0.0000,0.1075,0.0044,0.0068,0.1891,0.0137,0.1310,0.0020,0.1848,0.0010
1784800705.90,74,drive,1,1.5,5.0,4.217,25.10,34.31,0.0196,0.0919,0.0000,0.0987,0.0000,0.1022,0.0034,0.0044,0.1916,0.0122,0.1276,0.0029,0.1887,0.0005
1784800706.00,74,drive,2,1.5,5.0,4.217,25.10,34.31,0.0176,0.0894,0.0015,0.1026,0.0005,0.1036,0.0059,0.0015,0.1901,0.0103,0.1251,0.0024,0.1852,0.0000
1784800706.09,74,drive,3,1.5,5.0,4.217,25.10,34.31,0.0210,0.0885,0.0000,0.1031,0.0005,0.1051,0.0049,0.0044,0.1887,0.0093,0.1256,0.0000,0.1848,0.0005
1784800706.85,75,base,0,0.0,5.0,4.177,25.10,34.32,0.0205,0.0904,0.0005,0.0982,0.0000,0.1036,0.0029,0.0049,0.1896,0.0098,0.1295,0.0015,0.1823,0.0000
1784800706.94,75,base,1,0.0,5.0,4.177,25.10,34.32,0.0225,0.0914,0.0000,0.1031,0.0005,0.1026,0.0049,0.0039,0.1896,0.0147,0.1256,0.0010,0.1843,0.0000
1784800707.04,75,base,2,0.0,5.0,4.177,25.10,34.32,0.0210,0.0890,0.0000,0.1002,0.0010,0.1036,0.0044,0.0044,0.1926,0.0098,0.1276,0.0034,0.1833,0.0005
1784800707.13,75,base,3,0.0,5.0,4.177,25.10,34.32,0.0200,0.0894,0.0005,0.0982,0.0010,0.1051,0.0034,0.0044,0.1862,0.0088,0.1246,0.0010,0.1813,0.0000
1784800707.82,75,drive,0,1.5,5.0,4.177,25.10,34.32,0.0215,0.0890,0.0020,0.1046,0.0000,0.1022,0.0020,0.0044,0.1896,0.0108,0.1276,0.0024,0.1843,0.0000
1784800707.91,75,drive,1,1.5,5.0,4.177,25.10,34.32,0.0196,0.0929,0.0000,0.1012,0.0000,0.1026,0.0024,0.0044,0.1872,0.0112,0.1300,0.0034,0.1799,0.0010
1784800708.00,75,drive,2,1.5,5.0,4.177,25.10,34.32,0.0200,0.0894,0.0005,0.0987,0.0000,0.1056,0.0049,0.0044,0.1891,0.0103,0.1237,0.0010,0.1843,0.0000
1784800708.10,75,drive,3,1.5,5.0,4.177,25.10,34.32,0.0191,0.0919,0.0000,0.0968,0.0005,0.1031,0.0010,0.0039,0.1896,0.0098,0.1261,0.0015,0.1887,0.0005
1784800708.86,76,base,0,0.0,5.0,4.197,25.10,34.32,0.0186,0.0899,0.0000,0.0987,0.0000,0.1056,0.0044,0.0064,0.1891,0.0098,0.1281,0.0054,0.1852,0.0005
1784800708.95,76,base,1,0.0,5.0,4.197,25.10,34.32,0.0210,0.0885,0.0010,0.0978,0.0005,0.1017,0.0020,0.0034,0.1911,0.0156,0.1222,0.0034,0.1823,0.0005
1784800709.04,76,base,2,0.0,5.0,4.197,25.10,34.32,0.0205,0.0904,0.0000,0.0992,0.0020,0.1012,0.0034,0.0044,0.1891,0.0147,0.1227,0.0029,0.1867,0.0000
1784800709.14,76,base,3,0.0,5.0,4.197,25.10,34.32,0.0196,0.0885,0.0005,0.1022,0.0000,0.1031,0.0039,0.0078,0.1877,0.0112,0.1271,0.0024,0.1862,0.0000
1784800709.83,76,drive,0,1.5,5.0,4.197,25.10,34.32,0.0191,0.0929,0.0005,0.0992,0.0005,0.1061,0.0039,0.0044,0.1891,0.0127,0.1261,0.0024,0.1852,0.0000
1784800709.92,76,drive,1,1.5,5.0,4.197,25.10,34.32,0.0244,0.0914,0.0000,0.1026,0.0000,0.1017,0.0034,0.0054,0.1891,0.0088,0.1246,0.0024,0.1857,0.0000
1784800710.02,76,drive,2,1.5,5.0,4.197,25.10,34.32,0.0186,0.0904,0.0005,0.1002,0.0005,0.1056,0.0034,0.0064,0.1887,0.0088,0.1261,0.0015,0.1838,0.0015
1784800710.11,76,drive,3,1.5,5.0,4.197,25.10,34.32,0.0235,0.0919,0.0005,0.0997,0.0010,0.1051,0.0024,0.0068,0.1901,0.0112,0.1300,0.0010,0.1867,0.0000
1784800710.87,77,base,0,0.0,5.0,4.177,25.10,34.32,0.0171,0.0919,0.0000,0.0992,0.0000,0.1056,0.0054,0.0059,0.1857,0.0093,0.1281,0.0024,0.1848,0.0000
1784800710.97,77,base,1,0.0,5.0,4.177,25.10,34.32,0.0191,0.0899,0.0010,0.0997,0.0000,0.1007,0.0010,0.0059,0.1896,0.0132,0.1295,0.0020,0.1896,0.0000
1784800711.06,77,base,2,0.0,5.0,4.177,25.10,34.32,0.0161,0.0899,0.0000,0.1007,0.0000,0.1070,0.0054,0.0049,0.1896,0.0112,0.1281,0.0005,0.1862,0.0005
1784800711.16,77,base,3,0.0,5.0,4.177,25.10,34.32,0.0191,0.0948,0.0020,0.0987,0.0000,0.1036,0.0034,0.0054,0.1877,0.0127,0.1281,0.0005,0.1857,0.0000
1784800711.85,77,drive,0,1.5,5.0,4.177,25.10,34.32,0.0161,0.0909,0.0000,0.1002,0.0010,0.1041,0.0034,0.0039,0.1882,0.0127,0.1251,0.0024,0.1833,0.0005
1784800711.95,77,drive,1,1.5,5.0,4.177,25.10,34.32,0.0191,0.0904,0.0000,0.1036,0.0000,0.1026,0.0029,0.0049,0.1877,0.0108,0.1276,0.0029,0.1867,0.0000
1784800712.04,77,drive,2,1.5,5.0,4.177,25.10,34.32,0.0200,0.0909,0.0000,0.1002,0.0000,0.1026,0.0034,0.0049,0.1901,0.0108,0.1251,0.0015,0.1828,0.0000
1784800712.13,77,drive,3,1.5,5.0,4.177,25.10,34.32,0.0269,0.0890,0.0000,0.0968,0.0010,0.1061,0.0034,0.0068,0.1906,0.0103,0.1241,0.0015,0.1852,0.0010
1784800712.90,78,base,0,0.0,5.0,4.197,25.10,34.33,0.0181,0.0919,0.0005,0.0982,0.0005,0.1041,0.0005,0.0059,0.1896,0.0103,0.1266,0.0020,0.1848,0.0005
1784800712.99,78,base,1,0.0,5.0,4.197,25.10,34.33,0.0205,0.0890,0.0005,0.0992,0.0010,0.1036,0.0044,0.0049,0.1906,0.0098,0.1276,0.0020,0.1857,0.0010
1784800713.09,78,base,2,0.0,5.0,4.197,25.10,34.33,0.0200,0.0885,0.0000,0.1002,0.0000,0.1056,0.0059,0.0039,0.1901,0.0112,0.1266,0.0010,0.1867,0.0015
1784800713.18,78,base,3,0.0,5.0,4.197,25.10,34.33,0.0220,0.0880,0.0005,0.0978,0.0005,0.1031,0.0005,0.0059,0.1882,0.0122,0.1281,0.0015,0.1862,0.0000
1784800713.87,78,drive,0,1.5,5.0,4.197,25.10,34.33,0.0171,0.0938,0.0000,0.0992,0.0005,0.1041,0.0054,0.0073,0.1877,0.0117,0.1251,0.0005,0.1857,0.0000
1784800713.97,78,drive,1,1.5,5.0,4.197,25.10,34.33,0.0239,0.0919,0.0000,0.0992,0.0000,0.1036,0.0039,0.0034,0.1872,0.0103,0.1300,0.0005,0.1852,0.0000
1784800714.06,78,drive,2,1.5,5.0,4.197,25.10,34.33,0.0161,0.0885,0.0000,0.0997,0.0010,0.1046,0.0024,0.0064,0.1891,0.0098,0.1281,0.0020,0.1848,0.0000
1784800714.16,78,drive,3,1.5,5.0,4.197,25.10,34.33,0.0186,0.0914,0.0000,0.1022,0.0000,0.1012,0.0034,0.0029,0.1896,0.0117,0.1246,0.0000,0.1862,0.0005
1784800714.92,79,base,0,0.0,5.0,4.217,25.10,34.33,0.0176,0.0929,0.0000,0.0968,0.0005,0.1036,0.0039,0.0029,0.1896,0.0127,0.1246,0.0005,0.1848,0.0005
1784800715.02,79,base,1,0.0,5.0,4.217,25.10,34.33,0.0220,0.0909,0.0000,0.1002,0.0000,0.1036,0.0024,0.0029,0.1887,0.0127,0.1281,0.0024,0.1823,0.0000
1784800715.11,79,base,2,0.0,5.0,4.217,25.10,34.33,0.0205,0.0894,0.0005,0.1017,0.0000,0.1031,0.0029,0.0078,0.1852,0.0108,0.1271,0.0010,0.1818,0.0005
1784800715.21,79,base,3,0.0,5.0,4.217,25.10,34.33,0.0210,0.0899,0.0000,0.1046,0.0010,0.1056,0.0024,0.0029,0.1872,0.0127,0.1261,0.0049,0.1852,0.0005
1784800715.90,79,drive,0,1.5,5.0,4.217,25.10,34.33,0.0186,0.0919,0.0000,0.1026,0.0005,0.1031,0.0044,0.0059,0.1901,0.0103,0.1281,0.0020,0.1867,0.0010
1784800715.99,79,drive,1,1.5,5.0,4.217,25.10,34.33,0.0239,0.0894,0.0000,0.1002,0.0000,0.1041,0.0039,0.0044,0.1911,0.0108,0.1276,0.0020,0.1896,0.0000
1784800716.08,79,drive,2,1.5,5.0,4.217,25.10,34.33,0.0215,0.0924,0.0000,0.0973,0.0000,0.1065,0.0044,0.0044,0.1891,0.0112,0.1276,0.0024,0.1818,0.0015
1784800716.18,79,drive,3,1.5,5.0,4.217,25.10,34.33,0.0156,0.0894,0.0000,0.1002,0.0005,0.1017,0.0039,0.0059,0.1901,0.0161,0.1300,0.0024,0.1857,0.0000
1784800716.94,80,base,0,0.0,5.0,4.217,25.10,34.33,0.0171,0.0924,0.0005,0.1002,0.0000,0.1046,0.0010,0.0020,0.1921,0.0132,0.1232,0.0024,0.1838,0.0000
1784800717.03,80,base,1,0.0,5.0,4.217,25.10,34.33,0.0205,0.0909,0.0000,0.0992,0.0005,0.1041,0.0024,0.0044,0.1916,0.0103,0.1256,0.0010,0.1852,0.0000
1784800717.12,80,base,2,0.0,5.0,4.217,25.10,34.33,0.0259,0.0860,0.0000,0.1002,0.0005,0.1017,0.0024,0.0073,0.1872,0.0142,0.1251,0.0005,0.1843,0.0000
1784800717.22,80,base,3,0.0,5.0,4.217,25.10,34.33,0.0181,0.0929,0.0000,0.1017,0.0005,0.1031,0.0024,0.0059,0.1901,0.0088,0.1251,0.0015,0.1818,0.0005
1784800717.91,80,drive,0,1.5,5.0,4.217,25.10,34.33,0.0225,0.0904,0.0000,0.0987,0.0000,0.0885,0.0068,0.0078,0.1838,0.0015,0.1647,0.0020,0.1838,0.0000
1784800718.00,80,drive,1,1.5,5.0,4.217,25.10,34.33,0.0225,0.0943,0.0000,0.0968,0.0000,0.0870,0.0039,0.0054,0.1833,0.0005,0.1686,0.0010,0.1833,0.0005
1784800718.10,80,drive,2,1.5,5.0,4.217,25.10,34.33,0.0264,0.0899,0.0024,0.0968,0.0015,0.0821,0.0039,0.0044,0.1843,0.0000,0.1652,0.0010,0.1838,0.0000
1784800718.19,80,drive,3,1.5,5.0,4.217,25.10,34.33,0.0244,0.0899,0.0005,0.0982,0.0005,0.0875,0.0034,0.0073,0.1833,0.0000,0.1647,0.0015,0.1808,0.0000
1784800718.96,81,base,0,0.0,5.0,4.177,25.10,34.34,0.0210,0.0919,0.0010,0.0997,0.0000,0.1007,0.0020,0.0054,0.1926,0.0108,0.1232,0.0005,0.1862,0.0000
1784800719.05,81,base,1,0.0,5.0,4.177,25.10,34.34,0.0171,0.0899,0.0000,0.0992,0.0000,0.1051,0.0024,0.0039,0.1901,0.0093,0.1237,0.0015,0.1852,0.0005
1784800719.15,81,base,2,0.0,5.0,4.177,25.10,34.34,0.0176,0.0894,0.0010,0.1031,0.0000,0.1080,0.0020,0.0039,0.1867,0.0108,0.1271,0.0015,0.1862,0.0015
1784800719.24,81,base,3,0.0,5.0,4.177,25.10,34.34,0.0196,0.0919,0.0000,0.1012,0.0005,0.1061,0.0024,0.0044,0.1872,0.0142,0.1271,0.0010,0.1852,0.0005
1784800719.93,81,drive,0,1.5,5.0,4.177,25.10,34.34,0.0220,0.0929,0.0029,0.1061,0.0015,0.1188,0.0083,0.0054,0.1931,0.0503,0.0997,0.0029,0.1862,0.0005
1784800720.02,81,drive,1,1.5,5.0,4.177,25.10,34.34,0.0215,0.0904,0.0000,0.1051,0.0005,0.1188,0.0054,0.0059,0.1911,0.0513,0.1002,0.0024,0.1882,0.0005
1784800720.12,81,drive,2,1.5,5.0,4.177,25.10,34.34,0.0225,0.0909,0.0000,0.1031,0.0000,0.1193,0.0078,0.0059,0.1921,0.0499,0.0963,0.0029,0.1848,0.0010
1784800720.21,81,drive,3,1.5,5.0,4.177,25.10,34.34,0.0181,0.0943,0.0005,0.1041,0.0010,0.1188,0.0073,0.0054,0.1940,0.0508,0.0968,0.0020,0.1848,0.0005
1784800720.97,82,base,0,0.0,5.0,4.177,25.10,34.34,0.0210,0.0909,0.0005,0.0992,0.0000,0.1022,0.0034,0.0044,0.1877,0.0112,0.1285,0.0015,0.1867,0.0000
1784800721.07,82,base,1,0.0,5.0,4.177,25.10,34.34,0.0196,0.0934,0.0000,0.0973,0.0000,0.1031,0.0039,0.0054,0.1906,0.0112,0.1281,0.0024,0.1848,0.0000
1784800721.16,82,base,2,0.0,5.0,4.177,25.10,34.34,0.0200,0.0865,0.0010,0.1026,0.0000,0.1036,0.0024,0.0093,0.1857,0.0103,0.1237,0.0010,0.1877,0.0005
1784800721.25,82,base,3,0.0,5.0,4.177,25.10,34.34,0.0254,0.0934,0.0005,0.0987,0.0000,0.1041,0.0020,0.0059,0.1896,0.0093,0.1266,0.0020,0.1848,0.0000
1784800721.94,82,drive,0,1.5,5.0,4.177,25.10,34.34,0.0215,0.0890,0.0010,0.1012,0.0000,0.1046,0.0020,0.0112,0.1901,0.0073,0.1320,0.0010,0.1848,0.0005
1784800722.04,82,drive,1,1.5,5.0,4.177,25.10,34.34,0.0225,0.0909,0.0010,0.1036,0.0000,0.1002,0.0020,0.0064,0.1887,0.0103,0.1329,0.0020,0.1872,0.0005
1784800722.13,82,drive,2,1.5,5.0,4.177,25.10,34.34,0.0200,0.0875,0.0005,0.1017,0.0010,0.1002,0.0029,0.0078,0.1872,0.0098,0.1305,0.0044,0.1872,0.0000
1784800722.22,82,drive,3,1.5,5.0,4.177,25.10,34.34,0.0225,0.0870,0.0005,0.1002,0.0000,0.0997,0.0064,0.0049,0.1906,0.0068,0.1281,0.0015,0.1833,0.0005
1784800722.98,83,base,0,0.0,5.0,4.177,25.10,34.34,0.0205,0.0890,0.0000,0.1041,0.0000,0.1022,0.0029,0.0049,0.1901,0.0098,0.1246,0.0020,0.1838,0.0005
1784800723.08,83,base,1,0.0,5.0,4.177,25.10,34.34,0.0196,0.0919,0.0005,0.0992,0.0000,0.1041,0.0020,0.0034,0.1872,0.0108,0.1295,0.0039,0.1843,0.0000
1784800723.17,83,base,2,0.0,5.0,4.177,25.10,34.34,0.0196,0.0924,0.0000,0.1017,0.0005,0.1061,0.0029,0.0054,0.1867,0.0103,0.1241,0.0029,0.1852,0.0015
1784800723.26,83,base,3,0.0,5.0,4.177,25.10,34.34,0.0220,0.0894,0.0015,0.0982,0.0005,0.1031,0.0073,0.0068,0.1882,0.0088,0.1271,0.0015,0.1862,0.0000
1784800723.95,83,drive,0,1.5,5.0,4.177,25.10,34.34,0.0200,0.0909,0.0000,0.1012,0.0000,0.1065,0.0088,0.0034,0.1906,0.0181,0.1295,0.0029,0.1848,0.0010
1784800724.05,83,drive,1,1.5,5.0,4.177,25.10,34.34,0.0244,0.0909,0.0005,0.0982,0.0005,0.1041,0.0073,0.0044,0.1906,0.0171,0.1320,0.0015,0.1848,0.0000
1784800724.14,83,drive,2,1.5,5.0,4.177,25.10,34.34,0.0210,0.0924,0.0005,0.0987,0.0000,0.1070,0.0059,0.0059,0.1921,0.0166,0.1320,0.0015,0.1852,0.0024
1784800724.23,83,drive,3,1.5,5.0,4.177,25.10,34.34,0.0235,0.0938,0.0000,0.0982,0.0015,0.1061,0.0054,0.0020,0.1911,0.0147,0.1310,0.0015,0.1867,0.0010
1784800724.99,84,base,0,0.0,5.0,4.197,25.10,34.35,0.0200,0.0938,0.0005,0.1031,0.0005,0.1041,0.0029,0.0049,0.1906,0.0132,0.1256,0.0020,0.1857,0.0015
1784800725.09,84,base,1,0.0,5.0,4.197,25.10,34.35,0.0215,0.0919,0.0000,0.1012,0.0000,0.1041,0.0015,0.0039,0.1916,0.0117,0.1300,0.0020,0.1852,0.0000
1784800725.18,84,base,2,0.0,5.0,4.197,25.10,34.35,0.0171,0.0890,0.0005,0.0987,0.0015,0.1051,0.0015,0.0059,0.1916,0.0108,0.1251,0.0029,0.1862,0.0000
1784800725.28,84,base,3,0.0,5.0,4.197,25.10,34.35,0.0205,0.0934,0.0000,0.1017,0.0005,0.1036,0.0029,0.0073,0.1891,0.0088,0.1261,0.0039,0.1848,0.0000
1784800725.96,84,drive,0,1.5,5.0,4.197,25.10,34.35,0.0205,0.0914,0.0000,0.0987,0.0005,0.1041,0.0034,0.0073,0.1891,0.0098,0.1320,0.0010,0.1848,0.0015
1784800726.05,84,drive,1,1.5,5.0,4.197,25.10,34.35,0.0249,0.0880,0.0024,0.0992,0.0010,0.1022,0.0024,0.0044,0.1921,0.0108,0.1290,0.0044,0.1867,0.0000
1784800726.15,84,drive,2,1.5,5.0,4.197,25.10,34.35,0.0235,0.0894,0.0000,0.1012,0.0005,0.1026,0.0015,0.0049,0.1935,0.0093,0.1290,0.0020,0.1857,0.0010
1784800726.24,84,drive,3,1.5,5.0,4.197,25.10,34.35,0.0264,0.0919,0.0000,0.1002,0.0000,0.1017,0.0054,0.0068,0.1911,0.0088,0.1295,0.0024,0.1833,0.0000
1784800727.00,85,base,0,0.0,5.0,4.177,25.10,34.35,0.0210,0.0924,0.0024,0.1002,0.0000,0.1031,0.0020,0.0068,0.1882,0.0147,0.1241,0.0010,0.1838,0.0005
1784800727.10,85,base,1,0.0,5.0,4.177,25.10,34.35,0.0220,0.0934,0.0000,0.1002,0.0000,0.1065,0.0034,0.0020,0.1891,0.0108,0.1261,0.0020,0.1872,0.0010
1784800727.19,85,base,2,0.0,5.0,4.177,25.10,34.35,0.0196,0.0909,0.0000,0.1026,0.0020,0.1070,0.0039,0.0068,0.1882,0.0117,0.1227,0.0024,0.1828,0.0005
1784800727.28,85,base,3,0.0,5.0,4.177,25.10,34.35,0.0200,0.0890,0.0005,0.1012,0.0010,0.1036,0.0039,0.0049,0.1911,0.0117,0.1276,0.0015,0.1857,0.0005
1784800727.97,85,drive,0,1.5,5.0,4.177,25.10,34.35,0.0191,0.0904,0.0010,0.1012,0.0000,0.1017,0.0034,0.0059,0.1906,0.0078,0.1281,0.0024,0.1838,0.0020
1784800728.07,85,drive,1,1.5,5.0,4.177,25.10,34.35,0.0249,0.0899,0.0010,0.1007,0.0010,0.1026,0.0010,0.0078,0.1887,0.0098,0.1310,0.0020,0.1843,0.0010
1784800728.16,85,drive,2,1.5,5.0,4.177,25.10,34.35,0.0205,0.0934,0.0000,0.1012,0.0015,0.1002,0.0029,0.0044,0.1906,0.0098,0.1227,0.0015,0.1833,0.0005
1784800728.25,85,drive,3,1.5,5.0,4.177,25.10,34.35,0.0230,0.0929,0.0010,0.0982,0.0000,0.1070,0.0010,0.0068,0.1906,0.0127,0.1256,0.0024,0.1887,0.0000
1784800729.01,86,base,0,0.0,5.0,4.197,25.10,34.35,0.0200,0.0899,0.0000,0.1026,0.0005,0.1051,0.0024,0.0059,0.1867,0.0098,0.1246,0.0020,0.1882,0.0000
1784800729.10,86,base,1,0.0,5.0,4.197,25.10,34.35,0.0215,0.0938,0.0005,0.1002,0.0005,0.1046,0.0039,0.0054,0.1901,0.0112,0.1285,0.0024,0.1838,0.0020
1784800729.20,86,base,2,0.0,5.0,4.197,25.10,34.35,0.0161,0.0924,0.0000,0.1012,0.0010,0.1036,0.0024,0.0059,0.1911,0.0152,0.1246,0.0020,0.1828,0.0000
1784800729.29,86,base,3,0.0,5.0,4.197,25.10,34.35,0.0215,0.0934,0.0000,0.0997,0.0000,0.1036,0.0029,0.0044,0.1838,0.0112,0.1232,0.0020,0.1848,0.0010
1784800729.98,86,drive,0,1.5,5.0,4.197,25.10,34.35,0.0220,0.0909,0.0015,0.1022,0.0005,0.1002,0.0049,0.0073,0.1887,0.0112,0.1193,0.0020,0.1838,0.0005
1784800730.07,86,drive,1,1.5,5.0,4.197,25.10,34.35,0.0220,0.0919,0.0000,0.1017,0.0010,0.0997,0.0020,0.0054,0.1891,0.0132,0.1207,0.0010,0.1818,0.0010
1784800730.17,86,drive,2,1.5,5.0,4.197,25.10,34.35,0.0210,0.0885,0.0005,0.1026,0.0000,0.0982,0.0039,0.0044,0.1887,0.0142,0.1202,0.0015,0.1857,0.0010
1784800730.26,86,drive,3,1.5,5.0,4.197,25.10,34.35,0.0210,0.0890,0.0015,0.1031,0.0000,0.0992,0.0039,0.0049,0.1896,0.0137,0.1183,0.0015,0.1852,0.0005
1784800731.02,87,base,0,0.0,5.0,4.197,25.10,34.36,0.0215,0.0924,0.0000,0.1017,0.0005,0.1036,0.0039,0.0039,0.1901,0.0088,0.1256,0.0029,0.1867,0.0034
1784800731.12,87,base,1,0.0,5.0,4.197,25.10,34.36,0.0220,0.0909,0.0000,0.1041,0.0000,0.1051,0.0024,0.0054,0.1862,0.0108,0.1251,0.0024,0.1877,0.0000
1784800731.21,87,base,2,0.0,5.0,4.197,25.10,34.36,0.0220,0.0894,0.0005,0.1017,0.0015,0.1012,0.0020,0.0024,0.1882,0.0108,0.1295,0.0010,0.1848,0.0000
1784800731.31,87,base,3,0.0,5.0,4.197,25.10,34.36,0.0196,0.0938,0.0000,0.1031,0.0010,0.1051,0.0020,0.0039,0.1916,0.0108,0.1295,0.0000,0.1877,0.0010
1784800732.00,87,drive,0,1.5,5.0,4.197,25.10,34.36,0.0205,0.0924,0.0005,0.1017,0.0005,0.1002,0.0039,0.0073,0.1891,0.0112,0.1197,0.0010,0.1833,0.0005
1784800732.09,87,drive,1,1.5,5.0,4.197,25.10,34.36,0.0215,0.0880,0.0005,0.1022,0.0005,0.1031,0.0049,0.0059,0.1916,0.0127,0.1222,0.0015,0.1857,0.0000
1784800732.18,87,drive,2,1.5,5.0,4.197,25.10,34.36,0.0220,0.0919,0.0010,0.1051,0.0005,0.1012,0.0044,0.0049,0.1926,0.0108,0.1212,0.0005,0.1833,0.0020
1784800732.28,87,drive,3,1.5,5.0,4.197,25.10,34.36,0.0225,0.0929,0.0000,0.0992,0.0000,0.1031,0.0024,0.0064,0.1896,0.0098,0.1197,0.0010,0.1833,0.0010
1784800733.03,88,base,0,0.0,5.0,4.197,25.10,34.36,0.0196,0.0914,0.0000,0.1007,0.0005,0.1065,0.0010,0.0039,0.1896,0.0127,0.1237,0.0034,0.1867,0.0000
1784800733.13,88,base,1,0.0,5.0,4.197,25.10,34.36,0.0230,0.0929,0.0000,0.1002,0.0000,0.1046,0.0020,0.0044,0.1921,0.0103,0.1227,0.0015,0.1838,0.0000
1784800733.22,88,base,2,0.0,5.0,4.197,25.10,34.36,0.0215,0.0934,0.0015,0.1026,0.0005,0.1070,0.0049,0.0034,0.1867,0.0112,0.1266,0.0015,0.1852,0.0000
1784800733.32,88,base,3,0.0,5.0,4.197,25.10,34.36,0.0244,0.0924,0.0000,0.0997,0.0000,0.1056,0.0044,0.0059,0.1867,0.0108,0.1305,0.0010,0.1838,0.0010
1784800734.01,88,drive,0,1.5,5.0,4.197,25.10,34.36,0.0235,0.0934,0.0000,0.1012,0.0000,0.1012,0.0020,0.0039,0.1901,0.0088,0.1261,0.0005,0.1843,0.0000
1784800734.10,88,drive,1,1.5,5.0,4.197,25.10,34.36,0.0191,0.0929,0.0000,0.0997,0.0005,0.1061,0.0024,0.0039,0.1896,0.0108,0.1266,0.0039,0.1882,0.0005
1784800734.19,88,drive,2,1.5,5.0,4.197,25.10,34.36,0.0230,0.0890,0.0034,0.1017,0.0000,0.1056,0.0029,0.0044,0.1896,0.0103,0.1251,0.0024,0.1857,0.0000
1784800734.29,88,drive,3,1.5,5.0,4.197,25.10,34.36,0.0215,0.0894,0.0000,0.0978,0.0015,0.1031,0.0024,0.0044,0.1887,0.0112,0.1251,0.0010,0.1833,0.0005
1784800735.05,89,base,0,0.0,5.0,4.177,25.10,34.36,0.0205,0.0904,0.0000,0.1022,0.0005,0.1031,0.0015,0.0049,0.1940,0.0112,0.1251,0.0015,0.1867,0.0000
1784800735.14,89,base,1,0.0,5.0,4.177,25.10,34.36,0.0186,0.0914,0.0000,0.1007,0.0010,0.1022,0.0044,0.0020,0.1906,0.0093,0.1295,0.0015,0.1857,0.0000
1784800735.24,89,base,2,0.0,5.0,4.177,25.10,34.36,0.0215,0.0904,0.0005,0.1002,0.0000,0.0987,0.0034,0.0029,0.1838,0.0147,0.1271,0.0020,0.1848,0.0005
1784800735.33,89,base,3,0.0,5.0,4.177,25.10,34.36,0.0196,0.0904,0.0000,0.0992,0.0000,0.1031,0.0024,0.0059,0.1891,0.0108,0.1281,0.0005,0.1843,0.0000
1784800736.02,89,drive,0,1.5,5.0,4.177,25.10,34.36,0.0191,0.0929,0.0000,0.1036,0.0010,0.1041,0.0015,0.0059,0.1857,0.0103,0.1256,0.0044,0.1848,0.0000
1784800736.11,89,drive,1,1.5,5.0,4.177,25.10,34.36,0.0210,0.0919,0.0005,0.1002,0.0000,0.1061,0.0010,0.0068,0.1891,0.0103,0.1266,0.0029,0.1848,0.0000
1784800736.21,89,drive,2,1.5,5.0,4.177,25.10,34.36,0.0191,0.0909,0.0000,0.1012,0.0005,0.1056,0.0024,0.0039,0.1906,0.0137,0.1266,0.0005,0.1867,0.0005
1784800736.30,89,drive,3,1.5,5.0,4.177,25.10,34.36,0.0196,0.0904,0.0000,0.1017,0.0005,0.1017,0.0024,0.0054,0.1882,0.0127,0.1261,0.0005,0.1887,0.0000
1784800737.07,90,base,0,0.0,5.0,4.197,25.10,34.37,0.0196,0.0899,0.0000,0.1026,0.0000,0.1022,0.0020,0.0020,0.1901,0.0112,0.1241,0.0024,0.1872,0.0010
1784800737.16,90,base,1,0.0,5.0,4.197,25.10,34.37,0.0230,0.0880,0.0005,0.1002,0.0005,0.1031,0.0039,0.0054,0.1877,0.0098,0.1266,0.0029,0.1794,0.0005
1784800737.26,90,base,2,0.0,5.0,4.197,25.10,34.37,0.0210,0.0899,0.0000,0.1026,0.0000,0.1017,0.0010,0.0039,0.1891,0.0098,0.1285,0.0010,0.1857,0.0005
1784800737.35,90,base,3,0.0,5.0,4.197,25.10,34.37,0.0230,0.0899,0.0000,0.0997,0.0000,0.1056,0.0020,0.0049,0.1877,0.0117,0.1266,0.0029,0.1887,0.0000
1784800738.04,90,drive,0,1.5,5.0,4.197,25.10,34.37,0.0205,0.0890,0.0000,0.1007,0.0000,0.1036,0.0029,0.0044,0.1862,0.0103,0.1281,0.0000,0.1848,0.0005
1784800738.13,90,drive,1,1.5,5.0,4.197,25.10,34.37,0.0220,0.0934,0.0005,0.1026,0.0000,0.1085,0.0044,0.0024,0.1901,0.0103,0.1256,0.0015,0.1833,0.0005
1784800738.23,90,drive,2,1.5,5.0,4.197,25.10,34.37,0.0181,0.0938,0.0000,0.1051,0.0015,0.1065,0.0020,0.0064,0.1901,0.0093,0.1271,0.0010,0.1838,0.0000
1784800738.32,90,drive,3,1.5,5.0,4.197,25.10,34.37,0.0186,0.0929,0.0005,0.1007,0.0000,0.1031,0.0020,0.0073,0.1838,0.0112,0.1251,0.0044,0.1852,0.0005
1784800739.08,91,base,0,0.0,5.0,4.177,25.10,34.37,0.0210,0.0894,0.0000,0.1036,0.0000,0.1031,0.0034,0.0034,0.1911,0.0098,0.1241,0.0024,0.1852,0.0029
1784800739.17,91,base,1,0.0,5.0,4.177,25.10,34.37,0.0205,0.0885,0.0005,0.0997,0.0005,0.1022,0.0024,0.0029,0.1901,0.0132,0.1237,0.0020,0.1872,0.0000
1784800739.27,91,base,2,0.0,5.0,4.177,25.10,34.37,0.0220,0.0899,0.0000,0.1007,0.0000,0.1026,0.0010,0.0049,0.1896,0.0117,0.1246,0.0015,0.1862,0.0005
1784800739.36,91,base,3,0.0,5.0,4.177,25.10,34.37,0.0230,0.0865,0.0000,0.1026,0.0000,0.1046,0.0020,0.0049,0.1882,0.0112,0.1256,0.0000,0.1852,0.0000
1784800740.05,91,drive,0,1.5,5.0,4.177,25.10,34.37,0.0181,0.0885,0.0005,0.1002,0.0005,0.1031,0.0010,0.0083,0.1887,0.0112,0.1266,0.0020,0.1857,0.0005
1784800740.14,91,drive,1,1.5,5.0,4.177,25.10,34.37,0.0200,0.0875,0.0000,0.1031,0.0000,0.1026,0.0034,0.0039,0.1891,0.0112,0.1290,0.0010,0.1857,0.0034
1784800740.24,91,drive,2,1.5,5.0,4.177,25.10,34.37,0.0176,0.0929,0.0005,0.1022,0.0005,0.0982,0.0039,0.0029,0.1916,0.0117,0.1261,0.0024,0.1843,0.0000
1784800740.33,91,drive,3,1.5,5.0,4.177,25.10,34.37,0.0225,0.0909,0.0005,0.1026,0.0000,0.1026,0.0024,0.0064,0.1872,0.0108,0.1266,0.0024,0.1828,0.0000
1784800741.11,92,base,0,0.0,5.0,4.197,25.10,34.37,0.0196,0.0909,0.0015,0.1017,0.0005,0.1036,0.0034,0.0034,0.1891,0.0117,0.1295,0.0015,0.1872,0.0015
1784800741.20,92,base,1,0.0,5.0,4.197,25.10,34.37,0.0171,0.0934,0.0000,0.1017,0.0000,0.1041,0.0029,0.0054,0.1887,0.0117,0.1266,0.0015,0.1823,0.0015
1784800741.30,92,base,2,0.0,5.0,4.197,25.10,34.37,0.0181,0.0875,0.0000,0.1022,0.0000,0.1046,0.0024,0.0059,0.1916,0.0117,0.1241,0.0039,0.1833,0.0005
1784800741.39,92,base,3,0.0,5.0,4.197,25.10,34.37,0.0196,0.0909,0.0005,0.0992,0.0005,0.1026,0.0034,0.0068,0.1901,0.0098,0.1285,0.0015,0.1872,0.0000
1784800742.08,92,drive,0,1.5,5.0,4.197,25.10,34.37,0.0200,0.0899,0.0000,0.1022,0.0005,0.1026,0.0044,0.0024,0.1921,0.0078,0.1232,0.0024,0.1823,0.0000
1784800742.18,92,drive,1,1.5,5.0,4.197,25.10,34.37,0.0200,0.0899,0.0000,0.1036,0.0024,0.1041,0.0024,0.0020,0.1916,0.0103,0.1285,0.0010,0.1887,0.0000
1784800742.27,92,drive,2,1.5,5.0,4.197,25.10,34.37,0.0200,0.0855,0.0000,0.1002,0.0000,0.1017,0.0024,0.0049,0.1887,0.0117,0.1251,0.0015,0.1862,0.0005
1784800742.37,92,drive,3,1.5,5.0,4.197,25.10,34.37,0.0205,0.0929,0.0005,0.1026,0.0000,0.1031,0.0034,0.0029,0.1877,0.0073,0.1295,0.0020,0.1852,0.0000
1784800743.13,93,base,0,0.0,5.0,4.237,25.10,34.38,0.0225,0.0890,0.0000,0.1017,0.0000,0.1012,0.0024,0.0059,0.1891,0.0127,0.1256,0.0020,0.1857,0.0005
1784800743.23,93,base,1,0.0,5.0,4.237,25.10,34.38,0.0230,0.0924,0.0000,0.1012,0.0005,0.1031,0.0024,0.0068,0.1901,0.0093,0.1271,0.0029,0.1862,0.0005
1784800743.32,93,base,2,0.0,5.0,4.237,25.10,34.38,0.0210,0.0929,0.0010,0.0997,0.0000,0.1031,0.0015,0.0054,0.1921,0.0088,0.1285,0.0010,0.1848,0.0000
1784800743.41,93,base,3,0.0,5.0,4.237,25.10,34.38,0.0186,0.0948,0.0000,0.1012,0.0005,0.1022,0.0049,0.0039,0.1911,0.0122,0.1271,0.0005,0.1877,0.0000
1784800744.10,93,drive,0,1.5,5.0,4.237,25.10,34.38,0.0210,0.0890,0.0000,0.1031,0.0020,0.1031,0.0044,0.0044,0.1852,0.0122,0.1237,0.0034,0.1843,0.0000
1784800744.19,93,drive,1,1.5,5.0,4.237,25.10,34.38,0.0196,0.0914,0.0005,0.1002,0.0005,0.1051,0.0029,0.0029,0.1896,0.0137,0.1232,0.0024,0.1823,0.0000
1784800744.29,93,drive,2,1.5,5.0,4.237,25.10,34.38,0.0191,0.0865,0.0000,0.0987,0.0005,0.1022,0.0015,0.0054,0.1906,0.0142,0.1261,0.0029,0.1843,0.0005
1784800744.38,93,drive,3,1.5,5.0,4.237,25.10,34.38,0.0215,0.0938,0.0005,0.0973,0.0005,0.1026,0.0010,0.0064,0.1916,0.0098,0.1266,0.0020,0.1843,0.0005
1784800745.15,94,base,0,0.0,5.0,4.197,25.10,34.38,0.0210,0.0865,0.0010,0.1100,0.0000,0.1031,0.0073,0.0054,0.1891,0.0098,0.1271,0.0015,0.1852,0.0005
1784800745.24,94,base,1,0.0,5.0,4.197,25.10,34.38,0.0205,0.0894,0.0000,0.0997,0.0034,0.1002,0.0029,0.0029,0.1887,0.0108,0.1285,0.0024,0.1838,0.0000
1784800745.34,94,base,2,0.0,5.0,4.197,25.10,34.38,0.0215,0.0914,0.0000,0.1012,0.0010,0.1046,0.0015,0.0034,0.1906,0.0122,0.1271,0.0024,0.1852,0.0000
1784800745.43,94,base,3,0.0,5.0,4.197,25.10,34.38,0.0205,0.0924,0.0005,0.1022,0.0005,0.1041,0.0029,0.0034,0.1877,0.0127,0.1241,0.0020,0.1857,0.0000
1784800746.11,94,drive,0,1.5,5.0,4.197,25.10,34.38,0.0196,0.0924,0.0000,0.1017,0.0010,0.1026,0.0029,0.0073,0.1852,0.0122,0.1276,0.0015,0.1838,0.0000
1784800746.21,94,drive,1,1.5,5.0,4.197,25.10,34.38,0.0156,0.0894,0.0000,0.0987,0.0000,0.1026,0.0054,0.0044,0.1882,0.0132,0.1266,0.0010,0.1828,0.0000
1784800746.30,94,drive,2,1.5,5.0,4.197,25.10,34.38,0.0210,0.0904,0.0005,0.1022,0.0000,0.1036,0.0024,0.0059,0.1911,0.0108,0.1241,0.0010,0.1843,0.0005
1784800746.40,94,drive,3,1.5,5.0,4.197,25.10,34.38,0.0200,0.0934,0.0010,0.1022,0.0005,0.1002,0.0015,0.0054,0.1935,0.0088,0.1276,0.0010,0.1877,0.0005
1784800747.16,95,base,0,0.0,5.0,4.177,25.10,34.38,0.0191,0.0919,0.0000,0.1012,0.0005,0.1007,0.0044,0.0034,0.1882,0.0108,0.1237,0.0044,0.1843,0.0000
1784800747.25,95,base,1,0.0,5.0,4.177,25.10,34.38,0.0200,0.0870,0.0005,0.1026,0.0000,0.1061,0.0020,0.0049,0.1882,0.0132,0.1251,0.0010,0.1823,0.0000
1784800747.35,95,base,2,0.0,5.0,4.177,25.10,34.38,0.0200,0.0919,0.0005,0.0987,0.0005,0.1036,0.0029,0.0034,0.1906,0.0073,0.1271,0.0029,0.1755,0.0000
1784800747.44,95,base,3,0.0,5.0,4.177,25.10,34.38,0.0205,0.0904,0.0000,0.1007,0.0005,0.1022,0.0024,0.0024,0.1887,0.0108,0.1281,0.0010,0.1867,0.0010
1784800748.13,95,drive,0,1.5,5.0,4.177,25.10,34.38,0.0196,0.0924,0.0005,0.0973,0.0005,0.1061,0.0020,0.0039,0.1887,0.0103,0.1285,0.0034,0.1867,0.0000
1784800748.23,95,drive,1,1.5,5.0,4.177,25.10,34.38,0.0181,0.0860,0.0005,0.1012,0.0000,0.1065,0.0034,0.0034,0.1906,0.0098,0.1241,0.0010,0.1852,0.0005
1784800748.32,95,drive,2,1.5,5.0,4.177,25.10,34.38,0.0205,0.0914,0.0010,0.0978,0.0000,0.1036,0.0029,0.0049,0.1891,0.0073,0.1261,0.0024,0.1828,0.0000
1784800748.41,95,drive,3,1.5,5.0,4.177,25.10,34.38,0.0210,0.0909,0.0000,0.0987,0.0010,0.1041,0.0024,0.0034,0.1867,0.0127,0.1261,0.0015,0.1852,0.0000
1784800749.19,96,base,0,0.0,5.0,4.197,25.10,34.39,0.0220,0.0875,0.0000,0.0982,0.0000,0.1036,0.0020,0.0044,0.1857,0.0103,0.1251,0.0024,0.1843,0.0000
1784800749.28,96,base,1,0.0,5.0,4.197,25.10,34.39,0.0186,0.0914,0.0010,0.0997,0.0010,0.1026,0.0039,0.0073,0.1872,0.0156,0.1222,0.0010,0.1818,0.0005
1784800749.37,96,base,2,0.0,5.0,4.197,25.10,34.39,0.0186,0.0924,0.0000,0.1012,0.0005,0.1017,0.0064,0.0024,0.1916,0.0103,0.1246,0.0044,0.1867,0.0000
1784800749.47,96,base,3,0.0,5.0,4.197,25.10,34.39,0.0200,0.0894,0.0000,0.1026,0.0000,0.1022,0.0044,0.0073,0.1882,0.0093,0.1246,0.0015,0.1843,0.0005
1784800750.16,96,drive,0,1.5,5.0,4.197,25.10,34.39,0.0220,0.0890,0.0005,0.1012,0.0020,0.1036,0.0020,0.0034,0.1891,0.0112,0.1261,0.0010,0.1857,0.0000
1784800750.25,96,drive,1,1.5,5.0,4.197,25.10,34.39,0.0230,0.0909,0.0000,0.1041,0.0005,0.1051,0.0024,0.0083,0.1901,0.0098,0.1256,0.0039,0.1808,0.0000
1784800750.35,96,drive,2,1.5,5.0,4.197,25.10,34.39,0.0196,0.0909,0.0000,0.0982,0.0005,0.1061,0.0010,0.0059,0.1887,0.0098,0.1256,0.0015,0.1848,0.0005
1784800750.44,96,drive,3,1.5,5.0,4.197,25.10,34.39,0.0220,0.0865,0.0005,0.1026,0.0000,0.1051,0.0024,0.0073,0.1906,0.0122,0.1281,0.0020,0.1852,0.0000
1784800751.21,97,base,0,0.0,5.0,4.177,25.10,34.39,0.0186,0.0894,0.0005,0.1017,0.0005,0.1051,0.0034,0.0024,0.1901,0.0083,0.1261,0.0024,0.1828,0.0000
1784800751.30,97,base,1,0.0,5.0,4.177,25.10,34.39,0.0200,0.0885,0.0010,0.0987,0.0000,0.1007,0.0039,0.0044,0.1862,0.0147,0.1251,0.0024,0.1848,0.0000
1784800751.39,97,base,2,0.0,5.0,4.177,25.10,34.39,0.0205,0.0973,0.0000,0.1012,0.0010,0.1041,0.0015,0.0044,0.1872,0.0108,0.1266,0.0015,0.1857,0.0005
1784800751.49,97,base,3,0.0,5.0,4.177,25.10,34.39,0.0210,0.0909,0.0005,0.1012,0.0000,0.1075,0.0039,0.0059,0.1906,0.0117,0.1246,0.0010,0.1838,0.0000
1784800752.18,97,drive,0,1.5,5.0,4.177,25.10,34.39,0.0235,0.0919,0.0005,0.1075,0.0000,0.0978,0.0039,0.0152,0.2009,0.0078,0.1178,0.0005,0.1818,0.0010
1784800752.28,97,drive,1,1.5,5.0,4.177,25.10,34.39,0.0215,0.0904,0.0000,0.1061,0.0010,0.0987,0.0029,0.0147,0.2023,0.0073,0.1217,0.0010,0.1833,0.0000
1784800752.37,97,drive,2,1.5,5.0,4.177,25.10,34.39,0.0210,0.0890,0.0000,0.1080,0.0010,0.0987,0.0039,0.0137,0.2028,0.0112,0.1222,0.0010,0.1843,0.0010
1784800752.47,97,drive,3,1.5,5.0,4.177,25.10,34.39,0.0200,0.0885,0.0005,0.1085,0.0000,0.0992,0.0039,0.0166,0.1989,0.0073,0.1183,0.0020,0.1794,0.0000
1784800753.23,98,base,0,0.0,5.0,4.197,25.10,34.39,0.0191,0.0899,0.0005,0.0997,0.0005,0.1051,0.0034,0.0054,0.1896,0.0108,0.1285,0.0020,0.1848,0.0024
1784800753.33,98,base,1,0.0,5.0,4.197,25.10,34.39,0.0200,0.0885,0.0000,0.0992,0.0000,0.1051,0.0049,0.0020,0.1891,0.0137,0.1261,0.0024,0.1891,0.0005
1784800753.42,98,base,2,0.0,5.0,4.197,25.10,34.39,0.0200,0.0909,0.0010,0.0997,0.0000,0.1051,0.0020,0.0068,0.1901,0.0156,0.1237,0.0015,0.1848,0.0000
1784800753.52,98,base,3,0.0,5.0,4.197,25.10,34.39,0.0225,0.0914,0.0005,0.1017,0.0000,0.1075,0.0015,0.0039,0.1891,0.0098,0.1217,0.0020,0.1852,0.0000
1784800754.21,98,drive,0,1.5,5.0,4.197,25.10,34.39,0.0215,0.0890,0.0000,0.1017,0.0000,0.1026,0.0034,0.0103,0.1955,0.0137,0.1105,0.0024,0.1838,0.0005
1784800754.30,98,drive,1,1.5,5.0,4.197,25.10,34.39,0.0215,0.0919,0.0000,0.1041,0.0005,0.1017,0.0039,0.0083,0.1935,0.0156,0.1095,0.0015,0.1867,0.0000
1784800754.40,98,drive,2,1.5,5.0,4.197,25.10,34.39,0.0205,0.0885,0.0000,0.1012,0.0010,0.1012,0.0029,0.0098,0.1935,0.0147,0.1100,0.0034,0.1867,0.0005
1784800754.49,98,drive,3,1.5,5.0,4.197,25.10,34.39,0.0210,0.0914,0.0000,0.1051,0.0000,0.1065,0.0010,0.0117,0.1960,0.0127,0.1080,0.0015,0.1877,0.0005
1784800755.27,99,base,0,0.0,5.0,4.237,25.10,34.39,0.0200,0.0899,0.0020,0.1026,0.0005,0.0973,0.0034,0.0039,0.1887,0.0093,0.1261,0.0029,0.1867,0.0005
1784800755.36,99,base,1,0.0,5.0,4.237,25.10,34.39,0.0200,0.0904,0.0005,0.1007,0.0000,0.1012,0.0020,0.0039,0.1877,0.0088,0.1290,0.0015,0.1848,0.0005
1784800755.46,99,base,2,0.0,5.0,4.237,25.10,34.39,0.0210,0.0894,0.0010,0.1002,0.0010,0.1036,0.0044,0.0029,0.1872,0.0122,0.1212,0.0010,0.1838,0.0005
1784800755.55,99,base,3,0.0,5.0,4.237,25.10,34.39,0.0196,0.0894,0.0005,0.1012,0.0000,0.1056,0.0044,0.0024,0.1901,0.0088,0.1285,0.0005,0.1833,0.0000
1784800756.24,99,drive,0,1.5,5.0,4.237,25.10,34.39,0.0210,0.0914,0.0005,0.0943,0.0005,0.1075,0.0059,0.0015,0.1838,0.0078,0.1535,0.0020,0.1852,0.0005
1784800756.34,99,drive,1,1.5,5.0,4.237,25.10,34.39,0.0205,0.0909,0.0000,0.0973,0.0015,0.1056,0.0064,0.0020,0.1872,0.0112,0.1544,0.0039,0.1823,0.0000
1784800756.43,99,drive,2,1.5,5.0,4.237,25.10,34.39,0.0225,0.0899,0.0000,0.0948,0.0000,0.1051,0.0083,0.0024,0.1828,0.0108,0.1530,0.0049,0.1843,0.0005
1784800756.53,99,drive,3,1.5,5.0,4.237,25.10,34.39,0.0210,0.0924,0.0010,0.0943,0.0005,0.1056,0.0083,0.0020,0.1838,0.0127,0.1530,0.0015,0.1838,0.0005
1784800757.28,100,base,0,0.0,5.0,4.197,25.10,34.40,0.0215,0.0904,0.0000,0.1046,0.0005,0.1051,0.0034,0.0029,0.1921,0.0112,0.1241,0.0020,0.1818,0.0000
1784800757.38,100,base,1,0.0,5.0,4.197,25.10,34.40,0.0225,0.0870,0.0005,0.0982,0.0000,0.1041,0.0029,0.0034,0.1891,0.0127,0.1241,0.0015,0.1843,0.0000
1784800757.47,100,base,2,0.0,5.0,4.197,25.10,34.40,0.0181,0.0890,0.0015,0.1007,0.0010,0.1046,0.0034,0.0015,0.1891,0.0103,0.1305,0.0020,0.1862,0.0005
1784800757.57,100,base,3,0.0,5.0,4.197,25.10,34.40,0.0205,0.0943,0.0000,0.1017,0.0005,0.1031,0.0020,0.0054,0.1887,0.0112,0.1246,0.0010,0.1843,0.0010
1784800758.26,100,drive,0,1.5,5.0,4.197,25.10,34.40,0.0411,0.1056,0.0108,0.0782,0.0235,0.1149,0.0152,0.0279,0.1935,0.0254,0.1080,0.0225,0.1843,0.0088
1784800758.35,100,drive,1,1.5,5.0,4.197,25.10,34.40,0.0186,0.0885,0.0132,0.0767,0.0152,0.1070,0.0327,0.0156,0.1945,0.0239,0.1305,0.0186,0.1877,0.0142
1784800758.45,100,drive,2,1.5,5.0,4.197,25.10,34.40,0.0332,0.0777,0.0147,0.0787,0.0161,0.1007,0.0200,0.0147,0.1818,0.0127,0.1290,0.0098,0.1848,0.0205
1784800758.54,100,drive,3,1.5,5.0,4.197,25.10,34.40,0.0357,0.0919,0.0112,0.0723,0.0176,0.1080,0.0225,0.0147,0.1965,0.0176,0.1193,0.0186,0.1877,0.0117
1784800759.32,101,base,0,0.0,5.0,4.197,25.10,34.40,0.0205,0.0982,0.0078,0.1051,0.0093,0.1090,0.0054,0.0142,0.1887,0.0108,0.1364,0.0059,0.1857,0.0108
1784800759.41,101,base,1,0.0,5.0,4.197,25.10,34.40,0.0254,0.0934,0.0088,0.0978,0.0024,0.1119,0.0049,0.0039,0.1950,0.0103,0.1329,0.0064,0.1804,0.0083
1784800759.51,101,base,2,0.0,5.0,4.197,25.10,34.40,0.0337,0.0880,0.0010,0.0938,0.0020,0.1036,0.0112,0.0083,0.1813,0.0166,0.1271,0.0073,0.1813,0.0015
1784800759.60,101,base,3,0.0,5.0,4.197,25.10,34.40,0.0225,0.0963,0.0083,0.1017,0.0093,0.1129,0.0020,0.0171,0.1852,0.0088,0.1344,0.0054,0.1838,0.0039
1784800760.30,101,drive,0,1.5,5.0,4.197,25.10,34.40,0.0239,0.0880,0.0220,0.1285,0.0288,0.1007,0.0024,0.0337,0.1808,0.0103,0.1466,0.0039,0.1911,0.0152
1784800760.39,101,drive,1,1.5,5.0,4.197,25.10,34.40,0.0239,0.1026,0.0005,0.1207,0.0098,0.0899,0.0152,0.0137,0.1931,0.0122,0.1393,0.0083,0.1755,0.0015
1784800760.49,101,drive,2,1.5,5.0,4.197,25.10,34.40,0.0528,0.0865,0.0088,0.1251,0.0068,0.0919,0.0088,0.0108,0.1955,0.0200,0.1349,0.0181,0.1891,0.0020
1784800760.58,101,drive,3,1.5,5.0,4.197,25.10,34.40,0.0210,0.1095,0.0054,0.1305,0.0059,0.0963,0.0068,0.0196,0.1916,0.0205,0.1442,0.0005,0.1887,0.0049
1784800761.34,102,base,0,0.0,5.0,4.217,25.10,34.40,0.0200,0.1031,0.0200,0.1007,0.0108,0.1065,0.0205,0.0142,0.1872,0.0235,0.1193,0.0049,0.1764,0.0127
1784800761.43,102,base,1,0.0,5.0,4.217,25.10,34.40,0.0166,0.0919,0.0176,0.1002,0.0166,0.1080,0.0108,0.0064,0.1960,0.0196,0.1295,0.0073,0.1848,0.0015
1784800761.52,102,base,2,0.0,5.0,4.217,25.10,34.40,0.0244,0.0855,0.0020,0.1056,0.0171,0.1041,0.0108,0.0161,0.1901,0.0083,0.1261,0.0181,0.1896,0.0117
1784800761.62,102,base,3,0.0,5.0,4.217,25.10,34.40,0.0337,0.0860,0.0044,0.1056,0.0137,0.1061,0.0059,0.0142,0.1901,0.0152,0.1266,0.0078,0.1926,0.0039
1784800762.30,102,drive,0,1.5,5.0,4.217,25.10,34.40,0.0342,0.0978,0.0156,0.0958,0.0093,0.0978,0.0122,0.0078,0.2023,0.0176,0.1369,0.0049,0.1921,0.0147
1784800762.40,102,drive,1,1.5,5.0,4.217,25.10,34.40,0.0274,0.0938,0.0127,0.1100,0.0083,0.1095,0.0127,0.0064,0.1867,0.0293,0.1266,0.0156,0.1818,0.0127
1784800762.49,102,drive,2,1.5,5.0,4.217,25.10,34.40,0.0200,0.1002,0.0093,0.1193,0.0093,0.1075,0.0049,0.0161,0.1882,0.0249,0.1373,0.0049,0.1779,0.0083
1784800762.59,102,drive,3,1.5,5.0,4.217,25.10,34.40,0.0337,0.0997,0.0122,0.1065,0.0073,0.1212,0.0132,0.0127,0.1950,0.0117,0.1178,0.0127,0.1823,0.0147
1784800763.35,103,base,0,0.0,5.0,4.197,25.10,34.41,0.0318,0.0904,0.0137,0.1002,0.0068,0.0978,0.0122,0.0108,0.1867,0.0122,0.1300,0.0083,0.1813,0.0064
1784800763.44,103,base,1,0.0,5.0,4.197,25.10,34.41,0.0220,0.0904,0.0024,0.1022,0.0044,0.1026,0.0142,0.0191,0.1911,0.0161,0.1427,0.0083,0.1828,0.0039
1784800763.54,103,base,2,0.0,5.0,4.197,25.10,34.41,0.0264,0.0865,0.0073,0.0953,0.0039,0.1051,0.0186,0.0191,0.1867,0.0122,0.1281,0.0039,0.1852,0.0108
1784800763.63,103,base,3,0.0,5.0,4.197,25.10,34.41,0.0259,0.0924,0.0049,0.0948,0.0024,0.0958,0.0068,0.0078,0.1901,0.0176,0.1222,0.0230,0.1911,0.0132
1784800764.32,103,drive,0,1.5,5.0,4.197,25.10,34.41,0.0235,0.0904,0.0132,0.1090,0.0068,0.0919,0.0156,0.0186,0.1916,0.0127,0.1437,0.0122,0.1764,0.0152
1784800764.41,103,drive,1,1.5,5.0,4.197,25.10,34.41,0.0323,0.0865,0.0059,0.1002,0.0122,0.0924,0.0186,0.0142,0.1896,0.0171,0.1496,0.0078,0.1857,0.0137
1784800764.51,103,drive,2,1.5,5.0,4.197,25.10,34.41,0.0225,0.0963,0.0068,0.1017,0.0078,0.0953,0.0152,0.0186,0.2033,0.0093,0.1408,0.0127,0.1789,0.0015
1784800764.60,103,drive,3,1.5,5.0,4.197,25.10,34.41,0.0244,0.0943,0.0093,0.0982,0.0156,0.1031,0.0054,0.0225,0.1999,0.0049,0.1403,0.0098,0.1882,0.0132
1784800765.36,104,base,0,0.0,5.0,4.197,25.10,34.41,0.0293,0.0865,0.0108,0.1031,0.0024,0.1046,0.0044,0.0078,0.1852,0.0127,0.1295,0.0098,0.1882,0.0117
1784800765.46,104,base,1,0.0,5.0,4.197,25.10,34.41,0.0254,0.0806,0.0176,0.1124,0.0044,0.1041,0.0098,0.0205,0.1916,0.0205,0.1149,0.0083,0.1882,0.0161
1784800765.55,104,base,2,0.0,5.0,4.197,25.10,34.41,0.0196,0.0919,0.0049,0.0992,0.0161,0.1065,0.0225,0.0196,0.1989,0.0215,0.1183,0.0059,0.1833,0.0156
1784800765.65,104,base,3,0.0,5.0,4.197,25.10,34.41,0.0298,0.0938,0.0137,0.0992,0.0152,0.1017,0.0059,0.0200,0.1833,0.0127,0.1334,0.0108,0.1838,0.0073
1784800766.34,104,drive,0,1.5,5.0,4.197,25.10,34.41,0.0254,0.0943,0.0083,0.1022,0.0117,0.1036,0.0103,0.0108,0.1852,0.0176,0.1329,0.0108,0.1804,0.0088
1784800766.44,104,drive,1,1.5,5.0,4.197,25.10,34.41,0.0274,0.0934,0.0044,0.1041,0.0054,0.0982,0.0098,0.0117,0.1921,0.0176,0.1266,0.0235,0.1960,0.0029
1784800766.53,104,drive,2,1.5,5.0,4.197,25.10,34.41,0.0239,0.0875,0.0127,0.0924,0.0122,0.1139,0.0059,0.0156,0.1862,0.0137,0.1232,0.0112,0.1843,0.0059
1784800766.62,104,drive,3,1.5,5.0,4.197,25.10,34.41,0.0293,0.0982,0.0068,0.0982,0.0098,0.1026,0.0103,0.0127,0.1818,0.0244,0.1193,0.0078,0.1828,0.0024
1784800767.38,105,base,0,0.0,5.0,4.177,25.10,34.41,0.0327,0.0909,0.0098,0.1061,0.0049,0.1036,0.0147,0.0073,0.1950,0.0191,0.1334,0.0044,0.1906,0.0064
1784800767.48,105,base,1,0.0,5.0,4.177,25.10,34.41,0.0337,0.1026,0.0034,0.0943,0.0122,0.1041,0.0122,0.0088,0.1838,0.0152,0.1256,0.0117,0.1838,0.0064
1784800767.57,105,base,2,0.0,5.0,4.177,25.10,34.41,0.0235,0.0890,0.0039,0.0992,0.0044,0.1036,0.0098,0.0083,0.1848,0.0186,0.1320,0.0117,0.1901,0.0044
1784800767.67,105,base,3,0.0,5.0,4.177,25.10,34.41,0.0156,0.0846,0.0039,0.0982,0.0093,0.0992,0.0176,0.0147,0.1950,0.0181,0.1325,0.0093,0.1994,0.0088
1784800768.36,105,drive,0,1.5,5.0,4.177,25.10,34.41,0.0279,0.0929,0.0073,0.0953,0.0054,0.1036,0.0078,0.0137,0.1906,0.0103,0.1295,0.0166,0.1877,0.0112
1784800768.45,105,drive,1,1.5,5.0,4.177,25.10,34.41,0.0264,0.0973,0.0108,0.0958,0.0068,0.1105,0.0112,0.0103,0.1794,0.0191,0.1212,0.0059,0.1916,0.0132
1784800768.55,105,drive,2,1.5,5.0,4.177,25.10,34.41,0.0166,0.0938,0.0152,0.1031,0.0152,0.1114,0.0068,0.0166,0.1813,0.0181,0.1271,0.0068,0.1911,0.0073
1784800768.64,105,drive,3,1.5,5.0,4.177,25.10,34.41,0.0244,0.0831,0.0073,0.1056,0.0161,0.0948,0.0147,0.0127,0.1906,0.0122,0.1320,0.0103,0.1833,0.0034
1784800769.40,106,base,0,0.0,5.0,4.197,25.09,34.42,0.0196,0.0924,0.0044,0.1002,0.0083,0.1041,0.0137,0.0142,0.1823,0.0264,0.1290,0.0083,0.1672,0.0108
1784800769.50,106,base,1,0.0,5.0,4.197,25.09,34.42,0.0132,0.0963,0.0152,0.1105,0.0034,0.1041,0.0161,0.0083,0.1867,0.0210,0.1246,0.0103,0.1862,0.0147
1784800769.59,106,base,2,0.0,5.0,4.197,25.09,34.42,0.0249,0.0831,0.0161,0.1070,0.0039,0.1022,0.0103,0.0142,0.1896,0.0161,0.1398,0.0093,0.1808,0.0127
1784800769.69,106,base,3,0.0,5.0,4.197,25.09,34.42,0.0230,0.0909,0.0147,0.0973,0.0132,0.1090,0.0088,0.0200,0.1945,0.0181,0.1168,0.0137,0.1828,0.0083
1784800770.37,106,drive,0,1.5,5.0,4.197,25.09,34.42,0.0293,0.0904,0.0024,0.0924,0.0127,0.1036,0.0152,0.0083,0.1911,0.0132,0.1305,0.0127,0.1813,0.0083
1784800770.47,106,drive,1,1.5,5.0,4.197,25.09,34.42,0.0264,0.0948,0.0088,0.0938,0.0068,0.1070,0.0152,0.0156,0.1891,0.0176,0.1168,0.0059,0.1882,0.0137
1784800770.56,106,drive,2,1.5,5.0,4.197,25.09,34.42,0.0298,0.0943,0.0044,0.0982,0.0103,0.1065,0.0064,0.0191,0.1916,0.0225,0.1383,0.0064,0.1843,0.0054
1784800770.66,106,drive,3,1.5,5.0,4.197,25.09,34.42,0.0230,0.0919,0.0161,0.0899,0.0044,0.1105,0.0132,0.0039,0.1872,0.0235,0.1222,0.0186,0.1838,0.0103
1784800771.42,107,base,0,0.0,5.0,4.177,25.09,34.42,0.0244,0.0943,0.0078,0.1017,0.0078,0.1041,0.0112,0.0127,0.1965,0.0108,0.1281,0.0103,0.1970,0.0054
1784800771.52,107,base,1,0.0,5.0,4.177,25.09,34.42,0.0352,0.0914,0.0034,0.1080,0.0112,0.1056,0.0127,0.0137,0.1896,0.0176,0.1232,0.0127,0.1823,0.0039
1784800771.61,107,base,2,0.0,5.0,4.177,25.09,34.42,0.0264,0.0802,0.0112,0.1090,0.0108,0.0963,0.0098,0.0176,0.1891,0.0215,0.1256,0.0137,0.1887,0.0112
1784800771.71,107,base,3,0.0,5.0,4.177,25.09,34.42,0.0205,0.0875,0.0132,0.1036,0.0127,0.1041,0.0117,0.0147,0.1823,0.0191,0.1300,0.0054,0.1808,0.0122
1784800772.40,107,drive,0,1.5,5.0,4.177,25.09,34.42,0.0308,0.0875,0.0034,0.0982,0.0073,0.1075,0.0137,0.0210,0.1872,0.0181,0.1246,0.0073,0.1823,0.0020
1784800772.49,107,drive,1,1.5,5.0,4.177,25.09,34.42,0.0259,0.0850,0.0015,0.0943,0.0132,0.0997,0.0161,0.0181,0.1872,0.0220,0.1354,0.0132,0.1745,0.0064
1784800772.59,107,drive,2,1.5,5.0,4.177,25.09,34.42,0.0196,0.0850,0.0103,0.0865,0.0161,0.1065,0.0088,0.0186,0.2004,0.0181,0.1290,0.0186,0.1887,0.0093
1784800772.68,107,drive,3,1.5,5.0,4.177,25.09,34.42,0.0196,0.0973,0.0127,0.0909,0.0054,0.0958,0.0112,0.0088,0.1916,0.0181,0.1251,0.0152,0.1838,0.0068
1784800773.45,108,base,0,0.0,5.0,4.197,25.09,34.42,0.0230,0.0885,0.0137,0.1007,0.0152,0.1036,0.0078,0.0132,0.1901,0.0093,0.1305,0.0161,0.1838,0.0108
1784800773.55,108,base,1,0.0,5.0,4.197,25.09,34.42,0.0235,0.0899,0.0044,0.1124,0.0073,0.1031,0.0122,0.0210,0.1843,0.0171,0.1334,0.0078,0.1804,0.0108
1784800773.64,108,base,2,0.0,5.0,4.197,25.09,34.42,0.0264,0.0841,0.0112,0.0997,0.0064,0.1002,0.0108,0.0176,0.1960,0.0254,0.1281,0.0098,0.1872,0.0083
1784800773.74,108,base,3,0.0,5.0,4.197,25.09,34.42,0.0191,0.0753,0.0142,0.1075,0.0103,0.0909,0.0161,0.0235,0.1799,0.0147,0.1315,0.0127,0.1779,0.0132
1784800774.43,108,drive,0,1.5,5.0,4.197,25.09,34.42,0.0176,0.0899,0.0122,0.0943,0.0049,0.1041,0.0176,0.0103,0.1862,0.0142,0.1227,0.0088,0.1848,0.0112
1784800774.52,108,drive,1,1.5,5.0,4.197,25.09,34.42,0.0269,0.0821,0.0064,0.1090,0.0117,0.1026,0.0024,0.0137,0.1896,0.0220,0.1207,0.0171,0.1818,0.0049
1784800774.61,108,drive,2,1.5,5.0,4.197,25.09,34.42,0.0225,0.0836,0.0078,0.0953,0.0122,0.0973,0.0171,0.0088,0.1862,0.0215,0.1251,0.0142,0.1813,0.0108
1784800774.71,108,drive,3,1.5,5.0,4.197,25.09,34.42,0.0200,0.0826,0.0078,0.1022,0.0093,0.1065,0.0049,0.0225,0.1887,0.0147,0.1241,0.0191,0.1843,0.0132
1784800775.48,109,base,0,0.0,5.0,4.217,25.09,34.42,0.0249,0.0987,0.0152,0.1065,0.0078,0.1046,0.0064,0.0152,0.1896,0.0088,0.1466,0.0093,0.1818,0.0103
1784800775.58,109,base,1,0.0,5.0,4.217,25.09,34.42,0.0298,0.0870,0.0108,0.0982,0.0015,0.1202,0.0137,0.0083,0.1657,0.0147,0.1315,0.0186,0.1872,0.0078
1784800775.67,109,base,2,0.0,5.0,4.217,25.09,34.42,0.0259,0.0953,0.0015,0.1090,0.0083,0.1046,0.0205,0.0098,0.1955,0.0156,0.1305,0.0039,0.2033,0.0000
1784800775.77,109,base,3,0.0,5.0,4.217,25.09,34.42,0.0220,0.0963,0.0127,0.1012,0.0029,0.0802,0.0078,0.0054,0.2072,0.0122,0.1305,0.0132,0.1818,0.0098
1784800776.46,109,drive,0,1.5,5.0,4.217,25.09,34.42,0.0308,0.0826,0.0098,0.0982,0.0039,0.1085,0.0068,0.0054,0.1877,0.0166,0.1276,0.0093,0.1857,0.0015
1784800776.55,109,drive,1,1.5,5.0,4.217,25.09,34.42,0.0171,0.0938,0.0010,0.0841,0.0015,0.1041,0.0147,0.0064,0.1877,0.0186,0.1281,0.0112,0.1799,0.0000
1784800776.65,109,drive,2,1.5,5.0,4.217,25.09,34.42,0.0318,0.0885,0.0005,0.1119,0.0010,0.1075,0.0073,0.0078,0.1901,0.0098,0.1305,0.0064,0.1857,0.0005
1784800776.74,109,drive,3,1.5,5.0,4.217,25.09,34.42,0.0181,0.0904,0.0083,0.0987,0.0020,0.0880,0.0112,0.0039,0.1911,0.0122,0.1266,0.0186,0.1843,0.0073
1784800777.51,110,base,0,0.0,5.0,4.197,25.09,34.43,0.0445,0.0865,0.0024,0.0802,0.0039,0.1046,0.0103,0.0059,0.1926,0.0244,0.1266,0.0318,0.1887,0.0005
1784800777.60,110,base,1,0.0,5.0,4.197,25.09,34.43,0.0269,0.0924,0.0186,0.1046,0.0010,0.1153,0.0044,0.0054,0.1955,0.0122,0.1310,0.0112,0.1838,0.0171
1784800777.69,110,base,2,0.0,5.0,4.197,25.09,34.43,0.0244,0.0894,0.0196,0.0958,0.0083,0.0973,0.0059,0.0264,0.1843,0.0142,0.1193,0.0103,0.1862,0.0200
1784800777.79,110,base,3,0.0,5.0,4.197,25.09,34.43,0.0342,0.0870,0.0093,0.0953,0.0015,0.1002,0.0064,0.0083,0.1779,0.0166,0.1217,0.0308,0.1867,0.0015
1784800778.48,110,drive,0,1.5,5.0,4.197,25.09,34.43,0.0235,0.0904,0.0225,0.1031,0.0015,0.1124,0.0049,0.0093,0.1867,0.0088,0.1320,0.0054,0.1857,0.0137
1784800778.57,110,drive,1,1.5,5.0,4.197,25.09,34.43,0.0327,0.0865,0.0142,0.0953,0.0015,0.1012,0.0127,0.0073,0.1838,0.0147,0.1241,0.0303,0.1804,0.0015
1784800778.66,110,drive,2,1.5,5.0,4.197,25.09,34.43,0.0318,0.0904,0.0020,0.1075,0.0010,0.1080,0.0215,0.0093,0.1994,0.0181,0.1359,0.0235,0.1882,0.0000
1784800778.76,110,drive,3,1.5,5.0,4.197,25.09,34.43,0.0176,0.0924,0.0049,0.0978,0.0230,0.1080,0.0054,0.0298,0.1906,0.0117,0.1251,0.0064,0.1818,0.0161
1784800779.51,111,base,0,0.0,5.0,4.217,25.09,34.43,0.0152,0.0909,0.0005,0.0982,0.0005,0.1017,0.0024,0.0059,0.1891,0.0147,0.1266,0.0005,0.1862,0.0010
1784800779.61,111,base,1,0.0,5.0,4.217,25.09,34.43,0.0215,0.0914,0.0005,0.0992,0.0000,0.1046,0.0020,0.0068,0.1877,0.0112,0.1241,0.0034,0.1857,0.0000
1784800779.70,111,base,2,0.0,5.0,4.217,25.09,34.43,0.0205,0.0904,0.0015,0.0963,0.0000,0.1022,0.0039,0.0044,0.1857,0.0098,0.1285,0.0024,0.1823,0.0000
1784800779.80,111,base,3,0.0,5.0,4.217,25.09,34.43,0.0215,0.0924,0.0005,0.0997,0.0000,0.1046,0.0024,0.0078,0.1867,0.0103,0.1271,0.0020,0.1833,0.0000
1784800780.49,111,drive,0,1.5,5.0,4.217,25.09,34.43,0.0249,0.0880,0.0000,0.1070,0.0000,0.1026,0.0024,0.0088,0.1911,0.0171,0.1144,0.0029,0.1813,0.0000
1784800780.58,111,drive,1,1.5,5.0,4.217,25.09,34.43,0.0215,0.0934,0.0000,0.1056,0.0005,0.1012,0.0034,0.0059,0.1926,0.0166,0.1144,0.0020,0.1833,0.0005
1784800780.68,111,drive,2,1.5,5.0,4.217,25.09,34.43,0.0215,0.0929,0.0000,0.1031,0.0000,0.1012,0.0020,0.0059,0.1896,0.0152,0.1183,0.0010,0.1828,0.0000
1784800780.77,111,drive,3,1.5,5.0,4.217,25.09,34.43,0.0235,0.0914,0.0000,0.1085,0.0000,0.1065,0.0024,0.0049,0.1926,0.0181,0.1139,0.0024,0.1838,0.0005
1784800781.55,112,base,0,0.0,5.0,4.177,25.09,34.43,0.0181,0.0894,0.0000,0.0992,0.0000,0.1036,0.0015,0.0064,0.1872,0.0112,0.1266,0.0020,0.1813,0.0000
1784800781.64,112,base,1,0.0,5.0,4.177,25.09,34.43,0.0191,0.0904,0.0000,0.1026,0.0000,0.1031,0.0020,0.0039,0.1916,0.0103,0.1271,0.0020,0.1833,0.0005
1784800781.74,112,base,2,0.0,5.0,4.177,25.09,34.43,0.0225,0.0914,0.0000,0.0948,0.0005,0.1026,0.0039,0.0044,0.1882,0.0117,0.1276,0.0010,0.1843,0.0005
1784800781.83,112,base,3,0.0,5.0,4.177,25.09,34.43,0.0200,0.0929,0.0005,0.0992,0.0000,0.0997,0.0024,0.0044,0.1882,0.0112,0.1261,0.0015,0.1828,0.0000
1784800782.52,112,drive,0,1.5,5.0,4.177,25.09,34.43,0.0200,0.0890,0.0000,0.0929,0.0000,0.1046,0.0054,0.0093,0.1926,0.0108,0.1246,0.0010,0.1843,0.0000
1784800782.61,112,drive,1,1.5,5.0,4.177,25.09,34.43,0.0239,0.0894,0.0000,0.0948,0.0000,0.1036,0.0049,0.0098,0.1979,0.0098,0.1256,0.0010,0.1828,0.0000
1784800782.71,112,drive,2,1.5,5.0,4.177,25.09,34.43,0.0186,0.0943,0.0000,0.0992,0.0000,0.1041,0.0054,0.0122,0.1979,0.0112,0.1241,0.0000,0.1852,0.0000
1784800782.80,112,drive,3,1.5,5.0,4.177,25.09,34.43,0.0225,0.0909,0.0000,0.0943,0.0005,0.1046,0.0044,0.0132,0.1960,0.0127,0.1266,0.0000,0.1838,0.0000
1784800783.57,113,base,0,0.0,5.0,4.137,25.09,34.44,0.0210,0.0894,0.0000,0.1012,0.0000,0.1036,0.0034,0.0044,0.1882,0.0132,0.1232,0.0005,0.1843,0.0000
1784800783.66,113,base,1,0.0,5.0,4.137,25.09,34.44,0.0205,0.0914,0.0000,0.1022,0.0000,0.1031,0.0024,0.0054,0.1882,0.0122,0.1251,0.0015,0.1862,0.0000
1784800783.76,113,base,2,0.0,5.0,4.137,25.09,34.44,0.0166,0.0904,0.0005,0.0997,0.0000,0.1056,0.0024,0.0068,0.1887,0.0132,0.1256,0.0010,0.1852,0.0000
1784800783.85,113,base,3,0.0,5.0,4.137,25.09,34.44,0.0235,0.0914,0.0005,0.1017,0.0000,0.1051,0.0020,0.0034,0.1891,0.0108,0.1256,0.0010,0.1843,0.0010
1784800784.54,113,drive,0,1.5,5.0,4.137,25.09,34.44,0.0196,0.0894,0.0005,0.1144,0.0005,0.1022,0.0024,0.0122,0.1989,0.0068,0.1339,0.0015,0.1887,0.0005
1784800784.63,113,drive,1,1.5,5.0,4.137,25.09,34.44,0.0205,0.0938,0.0034,0.1100,0.0005,0.1017,0.0000,0.0073,0.2023,0.0049,0.1369,0.0024,0.1867,0.0000
1784800784.73,113,drive,2,1.5,5.0,4.137,25.09,34.44,0.0196,0.0909,0.0000,0.1129,0.0005,0.1017,0.0005,0.0127,0.1994,0.0059,0.1359,0.0039,0.1833,0.0005
1784800784.82,113,drive,3,1.5,5.0,4.137,25.09,34.44,0.0215,0.0909,0.0005,0.1109,0.0010,0.0943,0.0024,0.0117,0.1994,0.0039,0.1373,0.0015,0.1862,0.0000
1784800785.60,114,base,0,0.0,5.0,4.197,25.09,34.44,0.0191,0.0929,0.0000,0.1002,0.0015,0.1041,0.0020,0.0059,0.1882,0.0137,0.1290,0.0039,0.1828,0.0010
1784800785.69,114,base,1,0.0,5.0,4.197,25.09,34.44,0.0200,0.0890,0.0005,0.0958,0.0000,0.1051,0.0005,0.0064,0.1852,0.0127,0.1256,0.0039,0.1857,0.0000
1784800785.78,114,base,2,0.0,5.0,4.197,25.09,34.44,0.0215,0.0929,0.0005,0.1026,0.0000,0.1036,0.0029,0.0029,0.1891,0.0112,0.1271,0.0029,0.1852,0.0000
1784800785.88,114,base,3,0.0,5.0,4.197,25.09,34.44,0.0298,0.0890,0.0137,0.0870,0.0137,0.1075,0.0239,0.0156,0.1931,0.0205,0.1139,0.0088,0.1833,0.0196
1784800786.56,114,drive,0,1.5,5.0,4.197,25.09,34.44,0.0235,0.1046,0.0181,0.1041,0.0108,0.1153,0.0239,0.0137,0.1926,0.0269,0.1320,0.0132,0.1926,0.0171
1784800786.66,114,drive,1,1.5,5.0,4.197,25.09,34.44,0.0381,0.0831,0.0088,0.1095,0.0088,0.0992,0.0196,0.0244,0.1799,0.0283,0.1369,0.0137,0.1813,0.0205
1784800786.75,114,drive,2,1.5,5.0,4.197,25.09,34.44,0.0279,0.0968,0.0210,0.0997,0.0020,0.1061,0.0068,0.0142,0.1848,0.0137,0.1344,0.0112,0.1882,0.0279
1784800786.85,114,drive,3,1.5,5.0,4.197,25.09,34.44,0.0327,0.0997,0.0044,0.1046,0.0093,0.1095,0.0244,0.0083,0.1940,0.0318,0.1251,0.0088,0.1911,0.0059
1784800787.62,115,base,0,0.0,5.0,4.197,25.09,34.44,0.0181,0.0953,0.0010,0.1002,0.0034,0.1007,0.0117,0.0083,0.1926,0.0161,0.1276,0.0034,0.1799,0.0005
1784800787.72,115,base,1,0.0,5.0,4.197,25.09,34.44,0.0152,0.0865,0.0127,0.1007,0.0020,0.0894,0.0073,0.0059,0.1906,0.0112,0.1246,0.0137,0.1828,0.0103
1784800787.81,115,base,2,0.0,5.0,4.197,25.09,34.44,0.0191,0.0987,0.0034,0.0978,0.0137,0.0973,0.0039,0.0059,0.1931,0.0205,0.1202,0.0044,0.1735,0.0098
1784800787.91,115,base,3,0.0,5.0,4.197,25.09,34.44,0.0196,0.0885,0.0000,0.1153,0.0010,0.1065,0.0191,0.0103,0.1911,0.0171,0.1344,0.0005,0.1960,0.0015
1784800788.59,115,drive,0,1.5,5.0,4.197,25.09,34.44,0.0376,0.0914,0.0059,0.0992,0.0005,0.1070,0.0073,0.0083,0.2058,0.0152,0.1315,0.0010,0.1823,0.0073
1784800788.69,115,drive,1,1.5,5.0,4.197,25.09,34.44,0.0239,0.0723,0.0034,0.0997,0.0152,0.0987,0.0152,0.0279,0.1945,0.0186,0.1271,0.0029,0.1916,0.0029
1784800788.78,115,drive,2,1.5,5.0,4.197,25.09,34.44,0.0323,0.0846,0.0015,0.1022,0.0176,0.0987,0.0156,0.0152,0.1940,0.0337,0.1173,0.0078,0.1730,0.0049
1784800788.88,115,drive,3,1.5,5.0,4.197,25.09,34.44,0.0210,0.0802,0.0020,0.1144,0.0137,0.1022,0.0176,0.0132,0.1940,0.0176,0.1227,0.0147,0.1833,0.0010
1784800789.65,116,base,0,0.0,5.0,4.197,25.09,34.45,0.0210,0.0904,0.0068,0.0953,0.0171,0.1031,0.0156,0.0176,0.1887,0.0161,0.1276,0.0093,0.1696,0.0078
1784800789.74,116,base,1,0.0,5.0,4.197,25.09,34.45,0.0225,0.0929,0.0103,0.1026,0.0034,0.0973,0.0156,0.0083,0.1989,0.0215,0.1212,0.0122,0.1808,0.0210
1784800789.83,116,base,2,0.0,5.0,4.197,25.09,34.45,0.0205,0.0865,0.0152,0.0919,0.0103,0.1031,0.0156,0.0181,0.1789,0.0239,0.1227,0.0132,0.1877,0.0059
1784800789.93,116,base,3,0.0,5.0,4.197,25.09,34.45,0.0171,0.1056,0.0049,0.1080,0.0147,0.1051,0.0117,0.0044,0.1862,0.0073,0.1320,0.0132,0.1813,0.0073
1784800790.62,116,drive,0,1.5,5.0,4.197,25.09,34.45,0.0327,0.1026,0.0181,0.1168,0.0044,0.1056,0.0029,0.0108,0.1862,0.0166,0.1261,0.0235,0.1764,0.0161
1784800790.71,116,drive,1,1.5,5.0,4.197,25.09,34.45,0.0347,0.0924,0.0176,0.1144,0.0059,0.1105,0.0137,0.0176,0.1818,0.0147,0.1300,0.0093,0.1784,0.0171
1784800790.81,116,drive,2,1.5,5.0,4.197,25.09,34.45,0.0411,0.0846,0.0088,0.1012,0.0088,0.1002,0.0225,0.0244,0.1906,0.0279,0.1202,0.0176,0.1642,0.0088
1784800790.90,116,drive,3,1.5,5.0,4.197,25.09,34.45,0.0313,0.0738,0.0078,0.1051,0.0127,0.1026,0.0191,0.0108,0.1979,0.0225,0.1393,0.0112,0.1818,0.0024
1784800791.67,117,base,0,0.0,5.0,4.177,25.09,34.45,0.0254,0.0885,0.0024,0.0987,0.0059,0.0894,0.0196,0.0093,0.1931,0.0166,0.1285,0.0156,0.1799,0.0088
1784800791.77,117,base,1,0.0,5.0,4.177,25.09,34.45,0.0196,0.0865,0.0064,0.1007,0.0088,0.0982,0.0147,0.0137,0.1906,0.0230,0.1232,0.0054,0.1843,0.0064
1784800791.86,117,base,2,0.0,5.0,4.177,25.09,34.45,0.0239,0.0811,0.0093,0.1046,0.0064,0.1022,0.0093,0.0205,0.1945,0.0152,0.1310,0.0156,0.1774,0.0059
1784800791.95,117,base,3,0.0,5.0,4.177,25.09,34.45,0.0332,0.0973,0.0064,0.0968,0.0049,0.1007,0.0083,0.0171,0.1926,0.0137,0.1373,0.0152,0.1779,0.0108
1784800792.64,117,drive,0,1.5,5.0,4.177,25.09,34.45,0.0210,0.1017,0.0152,0.1080,0.0112,0.1080,0.0161,0.0073,0.1950,0.0196,0.1295,0.0098,0.1877,0.0210
1784800792.73,117,drive,1,1.5,5.0,4.177,25.09,34.45,0.0352,0.0968,0.0147,0.1109,0.0132,0.1007,0.0137,0.0196,0.1872,0.0196,0.1325,0.0142,0.1848,0.0186
1784800792.83,117,drive,2,1.5,5.0,4.177,25.09,34.45,0.0318,0.0973,0.0088,0.1056,0.0122,0.1017,0.0103,0.0108,0.1950,0.0274,0.1427,0.0098,0.1891,0.0112
1784800792.92,117,drive,3,1.5,5.0,4.177,25.09,34.45,0.0352,0.1017,0.0122,0.1026,0.0068,0.1007,0.0137,0.0127,0.1955,0.0161,0.1300,0.0132,0.1935,0.0098
1784800793.68,118,base,0,0.0,5.0,4.197,25.09,34.45,0.0269,0.0870,0.0127,0.1124,0.0068,0.0958,0.0098,0.0152,0.1848,0.0176,0.1315,0.0093,0.1852,0.0117
1784800793.78,118,base,1,0.0,5.0,4.197,25.09,34.45,0.0205,0.0865,0.0176,0.1017,0.0132,0.0953,0.0093,0.0205,0.1872,0.0103,0.1256,0.0083,0.1955,0.0152
1784800793.87,118,base,2,0.0,5.0,4.197,25.09,34.45,0.0161,0.0924,0.0044,0.1046,0.0103,0.1061,0.0078,0.0171,0.1896,0.0152,0.1276,0.0103,0.1935,0.0122
1784800793.97,118,base,3,0.0,5.0,4.197,25.09,34.45,0.0196,0.0943,0.0132,0.1012,0.0073,0.1105,0.0059,0.0112,0.1945,0.0166,0.1153,0.0044,0.1887,0.0152
1784800794.66,118,drive,0,1.5,5.0,4.197,25.09,34.45,0.0249,0.0841,0.0127,0.0934,0.0171,0.0943,0.0103,0.0127,0.1857,0.0210,0.1295,0.0117,0.1818,0.0171
1784800794.75,118,drive,1,1.5,5.0,4.197,25.09,34.45,0.0288,0.0841,0.0112,0.1085,0.0093,0.1085,0.0078,0.0186,0.1838,0.0059,0.1281,0.0142,0.1808,0.0161
1784800794.85,118,drive,2,1.5,5.0,4.197,25.09,34.45,0.0215,0.0963,0.0073,0.1100,0.0039,0.1158,0.0166,0.0059,0.1935,0.0196,0.1271,0.0088,0.1891,0.0039
1784800794.94,118,drive,3,1.5,5.0,4.197,25.09,34.45,0.0225,0.0890,0.0024,0.1051,0.0176,0.0909,0.0117,0.0181,0.1857,0.0230,0.1325,0.0103,0.1843,0.0059
1784800795.70,119,base,0,0.0,5.0,4.177,25.09,34.45,0.0318,0.0860,0.0147,0.1075,0.0078,0.1022,0.0068,0.0200,0.1735,0.0103,0.1300,0.0112,0.1857,0.0103
1784800795.80,119,base,1,0.0,5.0,4.177,25.09,34.45,0.0225,0.0894,0.0137,0.0953,0.0117,0.1100,0.0142,0.0156,0.1818,0.0298,0.1217,0.0044,0.1789,0.0098
1784800795.89,119,base,2,0.0,5.0,4.177,25.09,34.45,0.0288,0.0958,0.0044,0.1051,0.0098,0.1046,0.0186,0.0176,0.1838,0.0186,0.1388,0.0068,0.1818,0.0044
1784800795.99,119,base,3,0.0,5.0,4.177,25.09,34.45,0.0274,0.0919,0.0142,0.1065,0.0200,0.1051,0.0073,0.0098,0.1769,0.0137,0.1237,0.0127,0.1720,0.0093
1784800796.67,119,drive,0,1.5,5.0,4.177,25.09,34.45,0.0259,0.0875,0.0029,0.1065,0.0181,0.1070,0.0142,0.0147,0.1979,0.0073,0.1251,0.0156,0.1848,0.0088
1784800796.76,119,drive,1,1.5,5.0,4.177,25.09,34.45,0.0249,0.0850,0.0176,0.0924,0.0122,0.1065,0.0108,0.0083,0.1784,0.0244,0.1373,0.0098,0.1882,0.0024
1784800796.86,119,drive,2,1.5,5.0,4.177,25.09,34.45,0.0303,0.0836,0.0112,0.1051,0.0049,0.1012,0.0127,0.0093,0.1887,0.0181,0.1339,0.0098,0.1882,0.0059
1784800796.95,119,drive,3,1.5,5.0,4.177,25.09,34.45,0.0239,0.0875,0.0142,0.1031,0.0098,0.1119,0.0029,0.0122,0.1804,0.0156,0.1237,0.0117,0.1808,0.0083
1784800797.71,120,base,0,0.0,5.0,4.237,25.09,34.46,0.0259,0.0924,0.0068,0.1002,0.0024,0.1036,0.0132,0.0044,0.1852,0.0205,0.1241,0.0127,0.1789,0.0059
1784800797.80,120,base,1,0.0,5.0,4.237,25.09,34.46,0.0239,0.0875,0.0034,0.0934,0.0127,0.1022,0.0200,0.0147,0.1843,0.0249,0.1232,0.0059,0.1808,0.0049
1784800797.90,120,base,2,0.0,5.0,4.237,25.09,34.46,0.0215,0.0826,0.0024,0.0953,0.0122,0.1051,0.0196,0.0186,0.1857,0.0205,0.1183,0.0054,0.1852,0.0029
1784800797.99,120,base,3,0.0,5.0,4.237,25.09,34.46,0.0318,0.0909,0.0020,0.0958,0.0127,0.1022,0.0235,0.0078,0.1887,0.0200,0.1207,0.0152,0.1706,0.0020
1784800798.69,120,drive,0,1.5,5.0,4.237,25.09,34.46,0.0235,0.0885,0.0122,0.0968,0.0005,0.1134,0.0015,0.0112,0.1779,0.0127,0.1349,0.0044,0.1848,0.0039
1784800798.78,120,drive,1,1.5,5.0,4.237,25.09,34.46,0.0181,0.0924,0.0029,0.0982,0.0073,0.1070,0.0029,0.0078,0.1940,0.0083,0.1300,0.0010,0.1828,0.0073
1784800798.88,120,drive,2,1.5,5.0,4.237,25.09,34.46,0.0176,0.0894,0.0010,0.0978,0.0073,0.0997,0.0054,0.0064,0.1940,0.0176,0.1315,0.0049,0.1774,0.0024
1784800798.97,120,drive,3,1.5,5.0,4.237,25.09,34.46,0.0210,0.0885,0.0049,0.0973,0.0117,0.0997,0.0039,0.0142,0.1906,0.0156,0.1149,0.0064,0.1852,0.0049
1784800799.74,121,base,0,0.0,5.0,4.197,25.09,34.46,0.0205,0.0938,0.0039,0.1017,0.0166,0.1036,0.0132,0.0152,0.1857,0.0308,0.1285,0.0029,0.1887,0.0034
1784800799.84,121,base,1,0.0,5.0,4.197,25.09,34.46,0.0342,0.0963,0.0044,0.0958,0.0039,0.0929,0.0127,0.0044,0.2028,0.0196,0.1246,0.0323,0.1818,0.0015
1784800799.93,121,base,2,0.0,5.0,4.197,25.09,34.46,0.0205,0.1095,0.0083,0.1007,0.0230,0.1065,0.0078,0.0186,0.1887,0.0137,0.1281,0.0029,0.1823,0.0108
1784800800.03,121,base,3,0.0,5.0,4.197,25.09,34.46,0.0264,0.1002,0.0015,0.1022,0.0098,0.1051,0.0327,0.0088,0.1887,0.0332,0.1271,0.0034,0.1828,0.0029
1784800800.71,121,drive,0,1.5,5.0,4.197,25.09,34.46,0.0254,0.0904,0.0147,0.1046,0.0000,0.1197,0.0093,0.0078,0.1877,0.0137,0.1295,0.0132,0.1828,0.0073
1784800800.81,121,drive,1,1.5,5.0,4.197,25.09,34.46,0.0186,0.0894,0.0156,0.1007,0.0059,0.1075,0.0054,0.0166,0.1887,0.0137,0.1276,0.0083,0.1833,0.0239
1784800800.90,121,drive,2,1.5,5.0,4.197,25.09,34.46,0.0308,0.0865,0.0034,0.1002,0.0064,0.1031,0.0318,0.0078,0.1901,0.0318,0.1315,0.0073,0.1774,0.0034
1784800801.00,121,drive,3,1.5,5.0,4.197,25.09,34.46,0.0230,0.0850,0.0010,0.1007,0.0093,0.0997,0.0303,0.0112,0.1935,0.0269,0.1237,0.0054,0.1745,0.0015
1784800801.77,122,base,0,0.0,5.0,4.177,25.09,34.46,0.0303,0.0929,0.0225,0.1017,0.0010,0.1065,0.0083,0.0049,0.1960,0.0156,0.1334,0.0147,0.1813,0.0132
1784800801.86,122,base,1,0.0,5.0,4.177,25.09,34.46,0.0205,0.0885,0.0210,0.1017,0.0274,0.1046,0.0064,0.0347,0.1838,0.0132,0.1241,0.0044,0.1862,0.0269
1784800801.95,122,base,2,0.0,5.0,4.177,25.09,34.46,0.0215,0.0885,0.0010,0.1017,0.0005,0.1022,0.0034,0.0049,0.1901,0.0112,0.1251,0.0015,0.1857,0.0000
1784800802.05,122,base,3,0.0,5.0,4.177,25.09,34.46,0.0225,0.0909,0.0005,0.1012,0.0010,0.1017,0.0024,0.0024,0.1921,0.0112,0.1285,0.0020,0.1818,0.0005
1784800802.74,122,drive,0,1.5,5.0,4.177,25.09,34.46,0.0210,0.0890,0.0005,0.1002,0.0005,0.1031,0.0054,0.0024,0.1901,0.0103,0.1246,0.0005,0.1818,0.0024
1784800802.84,122,drive,1,1.5,5.0,4.177,25.09,34.46,0.0205,0.0875,0.0000,0.1007,0.0005,0.1051,0.0015,0.0064,0.1901,0.0122,0.1261,0.0005,0.1906,0.0000
1784800802.93,122,drive,2,1.5,5.0,4.177,25.09,34.46,0.0205,0.0943,0.0000,0.0987,0.0000,0.1051,0.0005,0.0029,0.1887,0.0108,0.1237,0.0020,0.1838,0.0000
1784800803.02,122,drive,3,1.5,5.0,4.177,25.09,34.46,0.0200,0.0904,0.0000,0.0982,0.0000,0.1026,0.0020,0.0054,0.1872,0.0103,0.1276,0.0020,0.1828,0.0000
1784800803.80,123,base,0,0.0,5.0,4.197,25.09,34.47,0.0215,0.0919,0.0000,0.1017,0.0005,0.1031,0.0034,0.0059,0.1877,0.0127,0.1246,0.0005,0.1843,0.0000
1784800803.89,123,base,1,0.0,5.0,4.197,25.09,34.47,0.0196,0.0958,0.0000,0.1017,0.0000,0.1012,0.0059,0.0029,0.1891,0.0117,0.1246,0.0005,0.1838,0.0005
1784800803.99,123,base,2,0.0,5.0,4.197,25.09,34.47,0.0220,0.0904,0.0000,0.1007,0.0005,0.1061,0.0024,0.0088,0.1877,0.0103,0.1256,0.0020,0.1823,0.0010
1784800804.08,123,base,3,0.0,5.0,4.197,25.09,34.47,0.0171,0.0909,0.0000,0.1007,0.0015,0.1036,0.0005,0.0039,0.1887,0.0083,0.1237,0.0015,0.1808,0.0000
1784800804.76,123,drive,0,1.5,5.0,4.197,25.09,34.47,0.0196,0.0914,0.0005,0.1002,0.0000,0.1046,0.0044,0.0034,0.1896,0.0127,0.1241,0.0015,0.1818,0.0000
1784800804.86,123,drive,1,1.5,5.0,4.197,25.09,34.47,0.0225,0.0870,0.0010,0.0973,0.0010,0.1061,0.0020,0.0039,0.1891,0.0117,0.1251,0.0010,0.1823,0.0000
1784800804.95,123,drive,2,1.5,5.0,4.197,25.09,34.47,0.0239,0.0929,0.0000,0.1012,0.0000,0.1061,0.0029,0.0049,0.1921,0.0093,0.1261,0.0000,0.1843,0.0000
1784800805.05,123,drive,3,1.5,5.0,4.197,25.09,34.47,0.0186,0.0894,0.0015,0.0987,0.0010,0.1022,0.0020,0.0044,0.1882,0.0103,0.1251,0.0010,0.1843,0.0005
1784800805.82,124,base,0,0.0,5.0,4.177,25.09,34.47,0.0161,0.0899,0.0005,0.0997,0.0000,0.1031,0.0020,0.0029,0.1896,0.0132,0.1237,0.0015,0.1852,0.0000
1784800805.92,124,base,1,0.0,5.0,4.177,25.09,34.47,0.0176,0.0919,0.0000,0.1017,0.0024,0.1026,0.0034,0.0044,0.1882,0.0088,0.1276,0.0000,0.1843,0.0005
1784800806.01,124,base,2,0.0,5.0,4.177,25.09,34.47,0.0200,0.0929,0.0000,0.0973,0.0000,0.1017,0.0029,0.0083,0.1906,0.0103,0.1266,0.0010,0.1857,0.0000
1784800806.11,124,base,3,0.0,5.0,4.177,25.09,34.47,0.0186,0.0909,0.0000,0.0997,0.0000,0.1017,0.0054,0.0049,0.1887,0.0117,0.1256,0.0010,0.1833,0.0000
1784800806.80,124,drive,0,1.5,5.0,4.177,25.09,34.47,0.0176,0.0875,0.0000,0.0992,0.0005,0.1065,0.0020,0.0024,0.1906,0.0122,0.1266,0.0000,0.1838,0.0000
1784800806.90,124,drive,1,1.5,5.0,4.177,25.09,34.47,0.0200,0.0880,0.0000,0.1022,0.0005,0.1007,0.0044,0.0039,0.1901,0.0112,0.1271,0.0024,0.1828,0.0000
1784800806.99,124,drive,2,1.5,5.0,4.177,25.09,34.47,0.0196,0.0899,0.0000,0.1026,0.0000,0.1041,0.0044,0.0034,0.1901,0.0166,0.1251,0.0015,0.1838,0.0005
1784800807.08,124,drive,3,1.5,5.0,4.177,25.09,34.47,0.0200,0.0924,0.0000,0.1022,0.0000,0.1061,0.0039,0.0049,0.1916,0.0098,0.1271,0.0015,0.1818,0.0005
1784800807.84,125,base,0,0.0,5.0,4.217,25.09,34.47,0.0191,0.0938,0.0010,0.0997,0.0000,0.1036,0.0024,0.0039,0.1901,0.0122,0.1271,0.0005,0.1823,0.0000
1784800807.94,125,base,1,0.0,5.0,4.217,25.09,34.47,0.0191,0.0909,0.0020,0.0997,0.0000,0.1051,0.0024,0.0044,0.1901,0.0117,0.1281,0.0039,0.1838,0.0005
1784800808.03,125,base,2,0.0,5.0,4.217,25.09,34.47,0.0166,0.0924,0.0000,0.1017,0.0000,0.1026,0.0020,0.0039,0.1882,0.0098,0.1237,0.0029,0.1818,0.0005
1784800808.13,125,base,3,0.0,5.0,4.217,25.09,34.47,0.0220,0.0914,0.0000,0.0982,0.0020,0.1017,0.0039,0.0059,0.1891,0.0088,0.1237,0.0024,0.1848,0.0000
1784800808.82,125,drive,0,1.5,5.0,4.217,25.09,34.47,0.0249,0.0904,0.0000,0.0997,0.0000,0.1075,0.0015,0.0112,0.1965,0.0093,0.1447,0.0020,0.1804,0.0005
1784800808.92,125,drive,1,1.5,5.0,4.217,25.09,34.47,0.0235,0.0899,0.0000,0.0958,0.0015,0.1095,0.0024,0.0127,0.2004,0.0064,0.1476,0.0024,0.1784,0.0000
1784800809.01,125,drive,2,1.5,5.0,4.217,25.09,34.47,0.0230,0.0909,0.0000,0.0978,0.0039,0.1119,0.0010,0.0142,0.2014,0.0078,0.1447,0.0034,0.1808,0.0015
1784800809.11,125,drive,3,1.5,5.0,4.217,25.09,34.47,0.0249,0.0934,0.0005,0.0968,0.0010,0.1080,0.0029,0.0127,0.2009,0.0083,0.1447,0.0029,0.1784,0.0015
1784800809.87,126,base,0,0.0,5.0,4.197,25.09,34.48,0.0220,0.0914,0.0010,0.0997,0.0015,0.1046,0.0029,0.0034,0.1882,0.0117,0.1232,0.0049,0.1848,0.0000
1784800809.97,126,base,1,0.0,5.0,4.197,25.09,34.48,0.0225,0.0870,0.0005,0.0992,0.0000,0.1026,0.0068,0.0054,0.1852,0.0122,0.1232,0.0010,0.1862,0.0000
1784800810.06,126,base,2,0.0,5.0,4.197,25.09,34.48,0.0186,0.0899,0.0015,0.0997,0.0000,0.1041,0.0029,0.0064,0.1931,0.0127,0.1237,0.0024,0.1808,0.0000
1784800810.16,126,base,3,0.0,5.0,4.197,25.09,34.48,0.0239,0.0973,0.0005,0.1012,0.0024,0.1046,0.0024,0.0044,0.1882,0.0098,0.1246,0.0020,0.1813,0.0015
1784800810.84,126,drive,0,1.5,5.0,4.197,25.09,34.48,0.0205,0.0914,0.0020,0.0963,0.0010,0.1075,0.0039,0.0103,0.2028,0.0073,0.1461,0.0020,0.1828,0.0000
1784800810.94,126,drive,1,1.5,5.0,4.197,25.09,34.48,0.0249,0.0919,0.0000,0.0963,0.0000,0.1070,0.0020,0.0142,0.2023,0.0083,0.1447,0.0029,0.1833,0.0005
1784800811.03,126,drive,2,1.5,5.0,4.197,25.09,34.48,0.0239,0.0909,0.0020,0.0953,0.0000,0.1070,0.0024,0.0122,0.2019,0.0093,0.1442,0.0010,0.1794,0.0005
1784800811.13,126,drive,3,1.5,5.0,4.197,25.09,34.48,0.0239,0.0885,0.0010,0.0978,0.0005,0.1090,0.0044,0.0127,0.1979,0.0093,0.1461,0.0039,0.1784,0.0005
1784800811.90,127,base,0,0.0,5.0,4.197,25.09,34.48,0.0220,0.0938,0.0000,0.0997,0.0000,0.1017,0.0039,0.0073,0.1882,0.0117,0.1251,0.0020,0.1828,0.0005
1784800812.00,127,base,1,0.0,5.0,4.197,25.09,34.48,0.0205,0.0885,0.0020,0.0982,0.0000,0.1036,0.0024,0.0068,0.1867,0.0078,0.1276,0.0005,0.1877,0.0024
1784800812.09,127,base,2,0.0,5.0,4.197,25.09,34.48,0.0176,0.0914,0.0000,0.0973,0.0010,0.1022,0.0034,0.0068,0.1887,0.0098,0.1251,0.0020,0.1857,0.0000
1784800812.19,127,base,3,0.0,5.0,4.197,25.09,34.48,0.0200,0.0934,0.0010,0.0987,0.0015,0.1036,0.0024,0.0024,0.1935,0.0137,0.1241,0.0059,0.1823,0.0005
1784800812.88,127,drive,0,1.5,5.0,4.197,25.09,34.48,0.0283,0.0987,0.0010,0.1036,0.0005,0.1085,0.0049,0.0073,0.1945,0.0147,0.1320,0.0039,0.1887,0.0020
1784800812.97,127,drive,1,1.5,5.0,4.197,25.09,34.48,0.0264,0.0948,0.0000,0.1065,0.0024,0.1095,0.0059,0.0073,0.1940,0.0147,0.1281,0.0024,0.1901,0.0010
1784800813.07,127,drive,2,1.5,5.0,4.197,25.09,34.48,0.0259,0.0904,0.0010,0.1036,0.0005,0.1046,0.0049,0.0083,0.1960,0.0161,0.1300,0.0034,0.1867,0.0044
1784800813.16,127,drive,3,1.5,5.0,4.197,25.09,34.48,0.0298,0.0953,0.0000,0.1036,0.0024,0.1056,0.0068,0.0073,0.1940,0.0181,0.1266,0.0054,0.1906,0.0029
