t,ch,phase,rep,drive_v,dbm,bfm,temp_c,mA,pd0,pd1,pd2,pd3,pd4,pd5,pd6,pd7,pd8,pd9,pd10,pd11,pd12,pd13
1785436165.13,8,base,0,0.0,15.0,25.683,25.11,163.27,0.1442,0.1979,0.0479,0.1408,0.0528,0.1960,0.0601,0.0523,0.1652,0.1295,0.1608,0.0533,0.1975,0.1144
1785436165.23,8,base,1,0.0,15.0,25.683,25.11,163.27,0.1476,0.2023,0.0445,0.1413,0.0572,0.1965,0.0616,0.0479,0.1730,0.1329,0.1618,0.0508,0.2038,0.1119
1785436165.33,8,base,2,0.0,15.0,25.683,25.11,163.27,0.1491,0.2033,0.0464,0.1461,0.0538,0.1999,0.0626,0.0484,0.1764,0.1325,0.1632,0.0518,0.2072,0.1129
1785436165.43,8,base,3,0.0,15.0,25.683,25.11,163.27,0.1481,0.2053,0.0484,0.1461,0.0557,0.1999,0.0626,0.0469,0.1750,0.1344,0.1657,0.0538,0.2111,0.1144
1785436166.13,8,drive,0,0.5,15.0,25.683,25.11,163.27,0.1515,0.2111,0.0474,0.1515,0.0552,0.2028,0.0660,0.0503,0.1838,0.1388,0.1549,0.0533,0.2248,0.1153
1785436166.22,8,drive,1,0.5,15.0,25.683,25.11,163.27,0.1525,0.2131,0.0469,0.1525,0.0567,0.2028,0.0635,0.0489,0.1857,0.1349,0.1535,0.0533,0.2234,0.1139
1785436166.32,8,drive,2,0.5,15.0,25.683,25.11,163.27,0.1520,0.2126,0.0440,0.1520,0.0552,0.2033,0.0640,0.0494,0.1843,0.1378,0.1530,0.0518,0.2248,0.1149
1785436166.42,8,drive,3,0.5,15.0,25.683,25.11,163.27,0.1544,0.2146,0.0479,0.1554,0.0562,0.2048,0.0640,0.0479,0.1838,0.1369,0.1530,0.0533,0.2248,0.1134
1785436167.12,8,drive,0,1.0,15.0,25.683,25.11,163.27,0.1535,0.2170,0.0455,0.1554,0.0562,0.2063,0.0665,0.0499,0.1882,0.1398,0.1554,0.0533,0.2292,0.1124
1785436167.22,8,drive,1,1.0,15.0,25.683,25.11,163.27,0.1486,0.2175,0.0469,0.1554,0.0562,0.2082,0.0650,0.0474,0.1896,0.1417,0.1574,0.0538,0.2292,0.1144
1785436167.32,8,drive,2,1.0,15.0,25.683,25.11,163.27,0.1530,0.2146,0.0464,0.1569,0.0547,0.2053,0.0645,0.0469,0.1911,0.1427,0.1593,0.0523,0.2322,0.1153
1785436167.42,8,drive,3,1.0,15.0,25.683,25.11,163.27,0.1535,0.2151,0.0474,0.1579,0.0572,0.2048,0.0650,0.0489,0.1911,0.1398,0.1613,0.0543,0.2341,0.1134
1785436168.12,8,drive,0,1.5,15.0,25.683,25.11,163.27,0.1520,0.2151,0.0450,0.1569,0.0567,0.2077,0.0645,0.0489,0.1965,0.1432,0.1706,0.0518,0.2375,0.1139
1785436168.21,8,drive,1,1.5,15.0,25.683,25.11,163.27,0.1530,0.2180,0.0479,0.1574,0.0582,0.2082,0.0650,0.0503,0.1984,0.1413,0.1745,0.0533,0.2375,0.1139
1785436168.31,8,drive,2,1.5,15.0,25.683,25.11,163.27,0.1544,0.2175,0.0464,0.1579,0.0567,0.2063,0.0645,0.0474,0.1975,0.1447,0.1764,0.0543,0.2385,0.1153
1785436168.41,8,drive,3,1.5,15.0,25.683,25.11,163.27,0.1530,0.2199,0.0469,0.1584,0.0543,0.2107,0.0630,0.0479,0.1970,0.1437,0.1769,0.0547,0.2370,0.1129
1785436169.11,8,drive,0,2.0,15.0,25.683,25.11,163.27,0.1525,0.2209,0.0435,0.1598,0.0538,0.2121,0.0640,0.0474,0.1999,0.1486,0.1804,0.0523,0.2356,0.1124
1785436169.21,8,drive,1,2.0,15.0,25.683,25.11,163.27,0.1544,0.2219,0.0469,0.1603,0.0562,0.2131,0.0640,0.0464,0.1979,0.1505,0.1833,0.0523,0.2336,0.1149
1785436169.31,8,drive,2,2.0,15.0,25.683,25.11,163.27,0.1559,0.2195,0.0474,0.1593,0.0567,0.2131,0.0650,0.0479,0.1979,0.1496,0.1808,0.0543,0.2336,0.1134
1785436169.41,8,drive,3,2.0,15.0,25.683,25.11,163.27,0.1525,0.2229,0.0450,0.1598,0.0567,0.2146,0.0655,0.0479,0.1979,0.1476,0.1818,0.0538,0.2351,0.1139
1785436170.11,8,drive,0,2.5,15.0,25.683,25.11,163.27,0.1549,0.2224,0.0469,0.1613,0.0552,0.2141,0.0655,0.0489,0.1989,0.1491,0.1813,0.0552,0.2346,0.1114
1785436170.20,8,drive,1,2.5,15.0,25.683,25.11,163.27,0.1554,0.2219,0.0435,0.1628,0.0552,0.2170,0.0630,0.0489,0.2014,0.1520,0.1833,0.0523,0.2336,0.1139
1785436170.30,8,drive,2,2.5,15.0,25.683,25.11,163.27,0.1564,0.2224,0.0455,0.1603,0.0577,0.2165,0.0640,0.0474,0.1994,0.1500,0.1857,0.0547,0.2331,0.1139
1785436170.40,8,drive,3,2.5,15.0,25.683,25.11,163.27,0.1544,0.2219,0.0469,0.1618,0.0552,0.2146,0.0640,0.0503,0.2038,0.1505,0.1852,0.0538,0.2341,0.1158
1785436171.10,8,drive,0,3.0,15.0,25.683,25.11,163.27,0.1549,0.2219,0.0469,0.1628,0.0543,0.2204,0.0660,0.0489,0.2067,0.1520,0.1921,0.0518,0.2385,0.1134
1785436171.20,8,drive,1,3.0,15.0,25.683,25.11,163.27,0.1544,0.2248,0.0450,0.1642,0.0557,0.2209,0.0645,0.0474,0.2053,0.1540,0.1931,0.0547,0.2405,0.1109
1785436171.30,8,drive,2,3.0,15.0,25.683,25.11,163.27,0.1540,0.2253,0.0474,0.1628,0.0557,0.2209,0.0645,0.0479,0.2072,0.1525,0.1931,0.0528,0.2405,0.1139
1785436171.39,8,drive,3,3.0,15.0,25.683,25.11,163.27,0.1540,0.2243,0.0459,0.1628,0.0538,0.2229,0.0650,0.0474,0.2087,0.1530,0.1955,0.0543,0.2395,0.1134
1785436172.09,8,drive,0,3.5,15.0,25.683,25.11,163.27,0.1554,0.2258,0.0455,0.1623,0.0562,0.2253,0.0640,0.0479,0.2097,0.1564,0.2004,0.0533,0.2390,0.1124
1785436172.19,8,drive,1,3.5,15.0,25.683,25.11,163.27,0.1540,0.2273,0.0474,0.1623,0.0567,0.2229,0.0650,0.0484,0.2121,0.1515,0.1994,0.0562,0.2414,0.1119
1785436172.29,8,drive,2,3.5,15.0,25.683,25.11,163.27,0.1564,0.2258,0.0455,0.1613,0.0547,0.2248,0.0670,0.0494,0.2087,0.1540,0.1984,0.0518,0.2419,0.1119
1785436172.39,8,drive,3,3.5,15.0,25.683,25.11,163.27,0.1564,0.2263,0.0469,0.1603,0.0547,0.2258,0.0635,0.0489,0.2097,0.1530,0.2004,0.0528,0.2405,0.1134
1785436173.09,8,drive,0,4.0,15.0,25.683,25.11,163.27,0.1549,0.2268,0.0455,0.1608,0.0577,0.2224,0.0645,0.0484,0.2092,0.1510,0.2028,0.0547,0.2375,0.1153
1785436173.19,8,drive,1,4.0,15.0,25.683,25.11,163.27,0.1559,0.2253,0.0474,0.1613,0.0557,0.2253,0.0630,0.0484,0.2058,0.1535,0.2033,0.0557,0.2375,0.1134
1785436173.29,8,drive,2,4.0,15.0,25.683,25.11,163.27,0.1574,0.2224,0.0484,0.1623,0.0543,0.2243,0.0640,0.0469,0.2082,0.1535,0.2019,0.0533,0.2361,0.1153
1785436173.38,8,drive,3,4.0,15.0,25.683,25.11,163.27,0.1544,0.2204,0.0445,0.1618,0.0577,0.2239,0.0660,0.0494,0.2077,0.1540,0.2004,0.0528,0.2366,0.1134
1785436174.37,9,base,0,0.0,15.0,40.753,25.11,249.82,0.1559,0.2204,0.0484,0.1618,0.0587,0.2224,0.0670,0.0503,0.2033,0.1510,0.1975,0.0518,0.2361,0.1134
1785436174.47,9,base,1,0.0,15.0,40.753,25.11,249.82,0.1525,0.2195,0.0489,0.1623,0.0572,0.2224,0.0640,0.0503,0.2067,0.1515,0.1975,0.0533,0.2356,0.1139
1785436174.57,9,base,2,0.0,15.0,40.753,25.11,249.82,0.1535,0.2199,0.0469,0.1628,0.0572,0.2214,0.0640,0.0489,0.2067,0.1510,0.2009,0.0543,0.2356,0.1134
1785436174.66,9,base,3,0.0,15.0,40.753,25.11,249.82,0.1530,0.2195,0.0489,0.1598,0.0562,0.2219,0.0626,0.0499,0.2063,0.1500,0.2004,0.0562,0.2346,0.1158
1785436175.36,9,drive,0,0.5,15.0,40.753,25.11,249.82,0.1554,0.2180,0.0479,0.1608,0.0582,0.2219,0.0630,0.0489,0.2053,0.1496,0.2014,0.0533,0.2351,0.1129
1785436175.46,9,drive,1,0.5,15.0,40.753,25.11,249.82,0.1530,0.2170,0.0464,0.1637,0.0582,0.2204,0.0635,0.0494,0.2082,0.1500,0.2009,0.0538,0.2375,0.1129
1785436175.56,9,drive,2,0.5,15.0,40.753,25.11,249.82,0.1535,0.2170,0.0469,0.1623,0.0591,0.2209,0.0665,0.0499,0.2048,0.1515,0.1999,0.0547,0.2380,0.1124
1785436175.66,9,drive,3,0.5,15.0,40.753,25.11,249.82,0.1540,0.2146,0.0469,0.1628,0.0606,0.2209,0.0621,0.0489,0.2067,0.1481,0.1994,0.0547,0.2341,0.1129
1785436176.36,9,drive,0,1.0,15.0,40.753,25.11,249.82,0.1535,0.2126,0.0469,0.1672,0.0582,0.2224,0.0640,0.0513,0.2087,0.1486,0.2072,0.0562,0.2375,0.1134
1785436176.46,9,drive,1,1.0,15.0,40.753,25.11,249.82,0.1505,0.2195,0.0479,0.1662,0.0606,0.2243,0.0616,0.0484,0.2092,0.1461,0.2067,0.0547,0.2375,0.1134
1785436176.56,9,drive,2,1.0,15.0,40.753,25.11,249.82,0.1525,0.2160,0.0484,0.1662,0.0596,0.2239,0.0611,0.0523,0.2097,0.1486,0.2063,0.0547,0.2370,0.1129
1785436176.65,9,drive,3,1.0,15.0,40.753,25.11,249.82,0.1535,0.2170,0.0455,0.1662,0.0567,0.2234,0.0630,0.0513,0.2097,0.1496,0.2092,0.0552,0.2370,0.1119
1785436177.35,9,drive,0,1.5,15.0,40.753,25.11,249.82,0.1530,0.2146,0.0474,0.1696,0.0572,0.2258,0.0655,0.0489,0.2107,0.1496,0.2116,0.0547,0.2366,0.1139
1785436177.45,9,drive,1,1.5,15.0,40.753,25.11,249.82,0.1544,0.2146,0.0464,0.1676,0.0591,0.2248,0.0640,0.0499,0.2102,0.1471,0.2136,0.0557,0.2375,0.1134
1785436177.55,9,drive,2,1.5,15.0,40.753,25.11,249.82,0.1535,0.2141,0.0479,0.1686,0.0572,0.2268,0.0616,0.0494,0.2107,0.1520,0.2136,0.0562,0.2370,0.1153
1785436177.65,9,drive,3,1.5,15.0,40.753,25.11,249.82,0.1554,0.2151,0.0494,0.1706,0.0582,0.2278,0.0616,0.0503,0.2082,0.1491,0.2111,0.0552,0.2336,0.1134
1785436178.35,9,drive,0,2.0,15.0,40.753,25.11,249.82,0.1564,0.2155,0.0464,0.1706,0.0562,0.2326,0.0645,0.0513,0.2053,0.1466,0.2155,0.0567,0.2322,0.1124
1785436178.45,9,drive,1,2.0,15.0,40.753,25.11,249.82,0.1544,0.2155,0.0479,0.1696,0.0543,0.2302,0.0645,0.0484,0.2058,0.1505,0.2136,0.0547,0.2307,0.1139
1785436178.55,9,drive,2,2.0,15.0,40.753,25.11,249.82,0.1535,0.2155,0.0464,0.1711,0.0591,0.2307,0.0640,0.0518,0.2082,0.1491,0.2131,0.0557,0.2302,0.1144
1785436178.64,9,drive,3,2.0,15.0,40.753,25.11,249.82,0.1544,0.2190,0.0455,0.1706,0.0577,0.2322,0.0650,0.0489,0.2067,0.1500,0.2136,0.0543,0.2326,0.1149
1785436179.34,9,drive,0,2.5,15.0,40.753,25.11,249.82,0.1554,0.2180,0.0459,0.1716,0.0572,0.2336,0.0635,0.0499,0.2053,0.1515,0.2155,0.0547,0.2234,0.1134
1785436179.44,9,drive,1,2.5,15.0,40.753,25.11,249.82,0.1554,0.2151,0.0484,0.1735,0.0557,0.2326,0.0655,0.0508,0.2048,0.1491,0.2170,0.0523,0.2248,0.1134
1785436179.54,9,drive,2,2.5,15.0,40.753,25.11,249.82,0.1554,0.2126,0.0484,0.1720,0.0557,0.2341,0.0645,0.0459,0.2019,0.1491,0.2146,0.0528,0.2248,0.1139
1785436179.64,9,drive,3,2.5,15.0,40.753,25.11,249.82,0.1535,0.2141,0.0494,0.1716,0.0543,0.2341,0.0660,0.0494,0.2014,0.1510,0.2155,0.0552,0.2219,0.1149
1785436180.34,9,drive,0,3.0,15.0,40.753,25.11,249.82,0.1540,0.2131,0.0494,0.1701,0.0572,0.2341,0.0645,0.0479,0.2014,0.1510,0.2175,0.0543,0.2204,0.1158
1785436180.44,9,drive,1,3.0,15.0,40.753,25.11,249.82,0.1530,0.2121,0.0484,0.1681,0.0562,0.2336,0.0650,0.0494,0.2019,0.1525,0.2146,0.0557,0.2229,0.1149
1785436180.53,9,drive,2,3.0,15.0,40.753,25.11,249.82,0.1540,0.2146,0.0435,0.1711,0.0572,0.2341,0.0655,0.0508,0.2043,0.1505,0.2141,0.0557,0.2204,0.1124
1785436180.63,9,drive,3,3.0,15.0,40.753,25.11,249.82,0.1564,0.2151,0.0459,0.1667,0.0552,0.2322,0.0630,0.0479,0.1999,0.1510,0.2175,0.0562,0.2209,0.1114
1785436181.33,9,drive,0,3.5,15.0,40.753,25.11,249.82,0.1525,0.2155,0.0455,0.1676,0.0557,0.2331,0.0679,0.0499,0.1999,0.1510,0.2170,0.0528,0.2190,0.1149
1785436181.43,9,drive,1,3.5,15.0,40.753,25.11,249.82,0.1549,0.2136,0.0469,0.1681,0.0562,0.2336,0.0670,0.0484,0.2004,0.1554,0.2151,0.0557,0.2204,0.1129
1785436181.53,9,drive,2,3.5,15.0,40.753,25.11,249.82,0.1559,0.2131,0.0474,0.1686,0.0562,0.2331,0.0665,0.0508,0.2023,0.1525,0.2165,0.0543,0.2190,0.1139
1785436181.63,9,drive,3,3.5,15.0,40.753,25.11,249.82,0.1564,0.2141,0.0459,0.1686,0.0557,0.2346,0.0645,0.0494,0.1999,0.1549,0.2175,0.0543,0.2199,0.1153
1785436182.33,9,drive,0,4.0,15.0,40.753,25.11,249.82,0.1525,0.2097,0.0459,0.1676,0.0557,0.2326,0.0670,0.0494,0.1989,0.1574,0.2199,0.0547,0.2185,0.1129
1785436182.43,9,drive,1,4.0,15.0,40.753,25.11,249.82,0.1535,0.2067,0.0494,0.1696,0.0543,0.2346,0.0670,0.0499,0.2004,0.1579,0.2190,0.0533,0.2185,0.1149
1785436182.52,9,drive,2,4.0,15.0,40.753,25.11,249.82,0.1530,0.2131,0.0484,0.1686,0.0587,0.2356,0.0665,0.0474,0.2009,0.1603,0.2204,0.0533,0.2165,0.1139
1785436182.62,9,drive,3,4.0,15.0,40.753,25.11,249.82,0.1540,0.2111,0.0464,0.1667,0.0572,0.2322,0.0689,0.0508,0.2004,0.1564,0.2190,0.0538,0.2199,0.1129
1785436183.42,78,base,0,0.0,15.0,40.773,25.11,249.82,0.1540,0.2126,0.0464,0.1706,0.0577,0.2341,0.0694,0.0494,0.1970,0.1579,0.2175,0.0533,0.2151,0.1149
1785436183.52,78,base,1,0.0,15.0,40.773,25.11,249.82,0.1540,0.2107,0.0469,0.1725,0.0591,0.2346,0.0670,0.0489,0.1979,0.1588,0.2180,0.0533,0.2151,0.1149
1785436183.61,78,base,2,0.0,15.0,40.773,25.11,249.82,0.1540,0.2131,0.0479,0.1706,0.0591,0.2356,0.0679,0.0479,0.1975,0.1598,0.2170,0.0518,0.2141,0.1134
1785436183.71,78,base,3,0.0,15.0,40.773,25.11,249.82,0.1540,0.2126,0.0484,0.1725,0.0591,0.2351,0.0655,0.0474,0.1955,0.1584,0.2185,0.0538,0.2160,0.1149
1785436184.41,78,drive,0,0.5,15.0,40.773,25.11,249.82,0.1554,0.2111,0.0459,0.1750,0.0596,0.2331,0.0684,0.0489,0.1940,0.1579,0.2180,0.0523,0.2111,0.1139
1785436184.51,78,drive,1,0.5,15.0,40.773,25.11,249.82,0.1559,0.2136,0.0464,0.1760,0.0577,0.2346,0.0694,0.0494,0.1940,0.1588,0.2165,0.0533,0.2116,0.1153
1785436184.61,78,drive,2,0.5,15.0,40.773,25.11,249.82,0.1540,0.2111,0.0494,0.1789,0.0572,0.2331,0.0679,0.0474,0.1950,0.1574,0.2160,0.0538,0.2116,0.1149
1785436184.71,78,drive,3,0.5,15.0,40.773,25.11,249.82,0.1549,0.2121,0.0474,0.1774,0.0587,0.2361,0.0694,0.0459,0.1955,0.1559,0.2151,0.0543,0.2102,0.1139
1785436185.41,78,drive,0,1.0,15.0,40.773,25.11,249.82,0.1564,0.2121,0.0484,0.1808,0.0572,0.2336,0.0709,0.0484,0.1921,0.1544,0.2141,0.0557,0.2107,0.1114
1785436185.51,78,drive,1,1.0,15.0,40.773,25.11,249.82,0.1569,0.2111,0.0464,0.1813,0.0606,0.2361,0.0674,0.0474,0.1926,0.1554,0.2146,0.0528,0.2107,0.1144
1785436185.60,78,drive,2,1.0,15.0,40.773,25.11,249.82,0.1554,0.2131,0.0479,0.1823,0.0611,0.2336,0.0684,0.0474,0.1935,0.1544,0.2126,0.0557,0.2087,0.1129
1785436185.70,78,drive,3,1.0,15.0,40.773,25.11,249.82,0.1564,0.2077,0.0464,0.1813,0.0606,0.2346,0.0674,0.0484,0.1931,0.1535,0.2107,0.0533,0.2082,0.1144
1785436186.40,78,drive,0,1.5,15.0,40.773,25.11,249.82,0.1554,0.2087,0.0464,0.1823,0.0596,0.2346,0.0689,0.0494,0.1921,0.1530,0.2151,0.0543,0.2053,0.1134
1785436186.50,78,drive,1,1.5,15.0,40.773,25.11,249.82,0.1554,0.2077,0.0464,0.1848,0.0577,0.2326,0.0665,0.0484,0.1911,0.1496,0.2121,0.0557,0.2053,0.1134
1785436186.60,78,drive,2,1.5,15.0,40.773,25.11,249.82,0.1554,0.2092,0.0455,0.1838,0.0606,0.2336,0.0674,0.0484,0.1891,0.1515,0.2141,0.0547,0.2058,0.1149
1785436186.70,78,drive,3,1.5,15.0,40.773,25.11,249.82,0.1554,0.2087,0.0469,0.1808,0.0601,0.2351,0.0670,0.0479,0.1911,0.1491,0.2165,0.0533,0.2048,0.1134
1785436187.40,78,drive,0,2.0,15.0,40.773,25.11,249.82,0.1549,0.2063,0.0469,0.1857,0.0572,0.2326,0.0679,0.0464,0.1931,0.1476,0.2175,0.0528,0.2043,0.1149
1785436187.49,78,drive,1,2.0,15.0,40.773,25.11,249.82,0.1559,0.2067,0.0464,0.1833,0.0601,0.2346,0.0689,0.0464,0.1950,0.1476,0.2170,0.0533,0.2043,0.1129
1785436187.59,78,drive,2,2.0,15.0,40.773,25.11,249.82,0.1544,0.2058,0.0479,0.1857,0.0582,0.2322,0.0665,0.0469,0.1926,0.1471,0.2160,0.0533,0.2063,0.1149
1785436187.69,78,drive,3,2.0,15.0,40.773,25.11,249.82,0.1535,0.2053,0.0479,0.1848,0.0601,0.2331,0.0674,0.0484,0.1935,0.1466,0.2155,0.0547,0.2033,0.1139
1785436188.39,78,drive,0,2.5,15.0,40.773,25.11,249.82,0.1569,0.2058,0.0469,0.1843,0.0591,0.2317,0.0665,0.0499,0.1950,0.1437,0.2219,0.0538,0.2023,0.1134
1785436188.49,78,drive,1,2.5,15.0,40.773,25.11,249.82,0.1559,0.2028,0.0464,0.1838,0.0601,0.2302,0.0665,0.0494,0.1945,0.1457,0.2190,0.0547,0.2014,0.1139
1785436188.59,78,drive,2,2.5,15.0,40.773,25.11,249.82,0.1540,0.2033,0.0484,0.1843,0.0567,0.2331,0.0665,0.0518,0.1955,0.1437,0.2204,0.0528,0.2014,0.1149
1785436188.68,78,drive,3,2.5,15.0,40.773,25.11,249.82,0.1569,0.2033,0.0464,0.1828,0.0587,0.2297,0.0679,0.0479,0.1926,0.1442,0.2224,0.0543,0.2019,0.1139
1785436189.38,78,drive,0,3.0,15.0,40.773,25.11,249.82,0.1549,0.1999,0.0479,0.1872,0.0587,0.2302,0.0655,0.0503,0.1965,0.1447,0.2224,0.0533,0.1999,0.1144
1785436189.48,78,drive,1,3.0,15.0,40.773,25.11,249.82,0.1510,0.2023,0.0484,0.1867,0.0562,0.2317,0.0640,0.0484,0.1960,0.1457,0.2234,0.0538,0.2009,0.1124
1785436189.58,78,drive,2,3.0,15.0,40.773,25.11,249.82,0.1544,0.2009,0.0464,0.1887,0.0557,0.2278,0.0635,0.0474,0.1960,0.1432,0.2219,0.0552,0.1989,0.1149
1785436189.68,78,drive,3,3.0,15.0,40.773,25.11,249.82,0.1530,0.2014,0.0469,0.1857,0.0557,0.2292,0.0650,0.0469,0.1945,0.1476,0.2234,0.0528,0.2004,0.1163
1785436190.38,78,drive,0,3.5,15.0,40.773,25.11,249.82,0.1530,0.1999,0.0469,0.1838,0.0562,0.2307,0.0630,0.0479,0.1950,0.1457,0.2219,0.0547,0.1950,0.1124
1785436190.48,78,drive,1,3.5,15.0,40.773,25.11,249.82,0.1554,0.1999,0.0469,0.1823,0.0567,0.2302,0.0655,0.0469,0.1931,0.1476,0.2234,0.0523,0.1945,0.1129
1785436190.58,78,drive,2,3.5,15.0,40.773,25.11,249.82,0.1530,0.2009,0.0455,0.1857,0.0557,0.2297,0.0650,0.0499,0.1916,0.1481,0.2219,0.0528,0.1935,0.1144
1785436190.67,78,drive,3,3.5,15.0,40.773,25.11,249.82,0.1554,0.2004,0.0494,0.1848,0.0572,0.2317,0.0640,0.0494,0.1945,0.1481,0.2229,0.0533,0.1916,0.1139
1785436191.37,78,drive,0,4.0,15.0,40.773,25.11,249.82,0.1554,0.1975,0.0474,0.1843,0.0547,0.2302,0.0626,0.0489,0.1931,0.1466,0.2209,0.0528,0.1945,0.1134
1785436191.47,78,drive,1,4.0,15.0,40.773,25.11,249.82,0.1554,0.1960,0.0474,0.1852,0.0543,0.2312,0.0635,0.0489,0.1906,0.1520,0.2214,0.0538,0.1926,0.1134
1785436191.57,78,drive,2,4.0,15.0,40.773,25.11,249.82,0.1544,0.1975,0.0474,0.1862,0.0552,0.2292,0.0640,0.0469,0.1931,0.1496,0.2219,0.0518,0.1901,0.1129
1785436191.67,78,drive,3,4.0,15.0,40.773,25.11,249.82,0.1535,0.1965,0.0469,0.1848,0.0538,0.2307,0.0635,0.0474,0.1931,0.1496,0.2239,0.0543,0.1901,0.1144
1785436192.48,14,base,0,0.0,15.0,40.793,25.11,249.82,0.1549,0.1940,0.0459,0.1852,0.0547,0.2292,0.0630,0.0489,0.1916,0.1515,0.2185,0.0547,0.1887,0.1149
1785436192.58,14,base,1,0.0,15.0,40.793,25.11,249.82,0.1525,0.1945,0.0459,0.1843,0.0547,0.2287,0.0621,0.0499,0.1911,0.1500,0.2214,0.0533,0.1891,0.1139
1785436192.68,14,base,2,0.0,15.0,40.793,25.11,249.82,0.1544,0.1945,0.0474,0.1828,0.0552,0.2302,0.0630,0.0503,0.1940,0.1530,0.2219,0.0523,0.1882,0.1158
1785436192.78,14,base,3,0.0,15.0,40.793,25.11,249.82,0.1535,0.1989,0.0464,0.1818,0.0547,0.2292,0.0630,0.0479,0.1926,0.1520,0.2229,0.0552,0.1882,0.1129
1785436193.48,14,drive,0,0.5,15.0,40.793,25.11,249.82,0.1554,0.1940,0.0484,0.1823,0.0543,0.2302,0.0621,0.0494,0.1935,0.1505,0.2204,0.0538,0.1882,0.1139
1785436193.57,14,drive,1,0.5,15.0,40.793,25.11,249.82,0.1549,0.1916,0.0469,0.1838,0.0547,0.2302,0.0630,0.0489,0.1955,0.1486,0.2214,0.0538,0.1891,0.1153
1785436193.67,14,drive,2,0.5,15.0,40.793,25.11,249.82,0.1549,0.1940,0.0469,0.1808,0.0552,0.2287,0.0606,0.0489,0.1945,0.1540,0.2209,0.0567,0.1896,0.1153
1785436193.77,14,drive,3,0.5,15.0,40.793,25.11,249.82,0.1544,0.1911,0.0455,0.1789,0.0543,0.2292,0.0621,0.0474,0.1950,0.1510,0.2195,0.0538,0.1896,0.1139
1785436194.47,14,drive,0,1.0,15.0,40.793,25.11,249.82,0.1549,0.1911,0.0464,0.1779,0.0557,0.2268,0.0621,0.0499,0.1950,0.1535,0.2180,0.0562,0.1891,0.1153
1785436194.57,14,drive,1,1.0,15.0,40.793,25.11,249.82,0.1535,0.1931,0.0445,0.1784,0.0567,0.2287,0.0611,0.0499,0.1955,0.1520,0.2209,0.0557,0.1896,0.1129
1785436194.67,14,drive,2,1.0,15.0,40.793,25.11,249.82,0.1520,0.1935,0.0464,0.1769,0.0562,0.2292,0.0645,0.0455,0.1955,0.1535,0.2209,0.0533,0.1921,0.1139
1785436194.76,14,drive,3,1.0,15.0,40.793,25.11,249.82,0.1535,0.1911,0.0459,0.1794,0.0562,0.2268,0.0626,0.0494,0.1950,0.1520,0.2209,0.0533,0.1931,0.1144
1785436195.46,14,drive,0,1.5,15.0,40.793,25.11,249.82,0.1544,0.1872,0.0503,0.1774,0.0547,0.2258,0.0635,0.0479,0.1970,0.1520,0.2214,0.0543,0.1916,0.1153
1785436195.56,14,drive,1,1.5,15.0,40.793,25.11,249.82,0.1544,0.1887,0.0499,0.1784,0.0572,0.2268,0.0635,0.0494,0.1965,0.1505,0.2219,0.0557,0.1891,0.1139
1785436195.66,14,drive,2,1.5,15.0,40.793,25.11,249.82,0.1525,0.1891,0.0474,0.1769,0.0562,0.2292,0.0621,0.0499,0.1960,0.1496,0.2204,0.0543,0.1901,0.1139
1785436195.76,14,drive,3,1.5,15.0,40.793,25.11,249.82,0.1530,0.1857,0.0479,0.1769,0.0582,0.2258,0.0655,0.0494,0.1965,0.1510,0.2224,0.0552,0.1906,0.1149
1785436196.46,14,drive,0,2.0,15.0,40.793,25.11,249.82,0.1559,0.1867,0.0464,0.1784,0.0562,0.2278,0.0645,0.0459,0.1965,0.1510,0.2234,0.0582,0.1926,0.1134
1785436196.55,14,drive,1,2.0,15.0,40.793,25.11,249.82,0.1515,0.1862,0.0474,0.1769,0.0538,0.2258,0.0626,0.0503,0.1965,0.1500,0.2239,0.0547,0.1921,0.1124
1785436196.65,14,drive,2,2.0,15.0,40.793,25.11,249.82,0.1500,0.1891,0.0479,0.1740,0.0533,0.2253,0.0621,0.0469,0.1960,0.1491,0.2243,0.0572,0.1921,0.1144
1785436196.75,14,drive,3,2.0,15.0,40.793,25.11,249.82,0.1510,0.1877,0.0455,0.1755,0.0567,0.2263,0.0660,0.0469,0.1950,0.1476,0.2239,0.0543,0.1926,0.1144
1785436197.45,14,drive,0,2.5,15.0,40.793,25.11,249.82,0.1540,0.1857,0.0469,0.1774,0.0567,0.2234,0.0616,0.0484,0.1970,0.1491,0.2204,0.0562,0.1911,0.1124
1785436197.55,14,drive,1,2.5,15.0,40.793,25.11,249.82,0.1535,0.1843,0.0494,0.1774,0.0572,0.2224,0.0645,0.0474,0.1955,0.1486,0.2258,0.0543,0.1916,0.1124
1785436197.65,14,drive,2,2.5,15.0,40.793,25.11,249.82,0.1515,0.1867,0.0489,0.1789,0.0538,0.2239,0.0630,0.0474,0.1940,0.1466,0.2234,0.0567,0.1916,0.1134
1785436197.75,14,drive,3,2.5,15.0,40.793,25.11,249.82,0.1535,0.1887,0.0489,0.1750,0.0567,0.2263,0.0635,0.0508,0.1955,0.1457,0.2239,0.0547,0.1916,0.1119
1785436198.45,14,drive,0,3.0,15.0,40.793,25.11,249.82,0.1564,0.1843,0.0455,0.1789,0.0557,0.2248,0.0611,0.0484,0.1960,0.1471,0.2219,0.0562,0.1901,0.1134
1785436198.54,14,drive,1,3.0,15.0,40.793,25.11,249.82,0.1510,0.1862,0.0494,0.1794,0.0552,0.2278,0.0635,0.0494,0.1960,0.1427,0.2229,0.0538,0.1896,0.1124
1785436198.64,14,drive,2,3.0,15.0,40.793,25.11,249.82,0.1535,0.1901,0.0469,0.1794,0.0552,0.2258,0.0650,0.0479,0.1960,0.1447,0.2219,0.0567,0.1877,0.1124
1785436198.74,14,drive,3,3.0,15.0,40.793,25.11,249.82,0.1530,0.1872,0.0494,0.1799,0.0606,0.2253,0.0626,0.0523,0.1955,0.1452,0.2224,0.0557,0.1896,0.1134
1785436199.44,14,drive,0,3.5,15.0,40.793,25.11,249.82,0.1549,0.1882,0.0459,0.1799,0.0587,0.2273,0.0630,0.0494,0.1965,0.1437,0.2214,0.0552,0.1891,0.1129
1785436199.54,14,drive,1,3.5,15.0,40.793,25.11,249.82,0.1530,0.1891,0.0489,0.1828,0.0582,0.2278,0.0640,0.0499,0.1950,0.1432,0.2204,0.0567,0.1906,0.1114
1785436199.64,14,drive,2,3.5,15.0,40.793,25.11,249.82,0.1544,0.1857,0.0479,0.1833,0.0606,0.2239,0.0655,0.0484,0.1931,0.1417,0.2214,0.0557,0.1891,0.1144
1785436199.74,14,drive,3,3.5,15.0,40.793,25.11,249.82,0.1520,0.1867,0.0479,0.1823,0.0577,0.2258,0.0660,0.0494,0.1926,0.1432,0.2209,0.0552,0.1911,0.1139
1785436200.44,14,drive,0,4.0,15.0,40.793,25.11,249.82,0.1549,0.1872,0.0474,0.1838,0.0582,0.2253,0.0621,0.0494,0.1975,0.1413,0.2199,0.0567,0.1887,0.1144
1785436200.53,14,drive,1,4.0,15.0,40.793,25.11,249.82,0.1540,0.1887,0.0469,0.1857,0.0587,0.2278,0.0640,0.0489,0.1950,0.1422,0.2224,0.0557,0.1877,0.1139
1785436200.63,14,drive,2,4.0,15.0,40.793,25.11,249.82,0.1559,0.1852,0.0494,0.1852,0.0601,0.2248,0.0640,0.0494,0.1975,0.1413,0.2209,0.0557,0.1906,0.1158
1785436200.73,14,drive,3,4.0,15.0,40.793,25.11,249.82,0.1579,0.1901,0.0464,0.1877,0.0596,0.2273,0.0621,0.0479,0.1989,0.1413,0.2224,0.0577,0.1887,0.1163
1785436201.51,15,base,0,0.0,15.0,40.853,25.11,249.82,0.1564,0.1911,0.0479,0.1872,0.0591,0.2248,0.0640,0.0503,0.1965,0.1398,0.2243,0.0562,0.1887,0.1134
1785436201.61,15,base,1,0.0,15.0,40.853,25.11,249.82,0.1559,0.1877,0.0459,0.1901,0.0596,0.2258,0.0621,0.0494,0.1979,0.1393,0.2219,0.0547,0.1916,0.1134
1785436201.71,15,base,2,0.0,15.0,40.853,25.11,249.82,0.1549,0.1882,0.0455,0.1896,0.0601,0.2229,0.0630,0.0484,0.2009,0.1383,0.2239,0.0552,0.1916,0.1134
1785436201.81,15,base,3,0.0,15.0,40.853,25.11,249.82,0.1525,0.1872,0.0464,0.1887,0.0596,0.2273,0.0645,0.0499,0.1994,0.1388,0.2214,0.0557,0.1906,0.1124
1785436202.51,15,drive,0,0.5,15.0,40.853,25.11,249.82,0.1549,0.1887,0.0479,0.1911,0.0611,0.2248,0.0640,0.0513,0.2014,0.1359,0.2263,0.0562,0.1896,0.1124
1785436202.61,15,drive,1,0.5,15.0,40.853,25.11,249.82,0.1574,0.1882,0.0499,0.1926,0.0611,0.2273,0.0601,0.0469,0.2019,0.1388,0.2268,0.0567,0.1901,0.1129
1785436202.70,15,drive,2,0.5,15.0,40.853,25.11,249.82,0.1584,0.1891,0.0484,0.1931,0.0606,0.2287,0.0635,0.0489,0.2004,0.1378,0.2273,0.0557,0.1896,0.1129
1785436202.80,15,drive,3,0.5,15.0,40.853,25.11,249.82,0.1564,0.1838,0.0489,0.1911,0.0596,0.2273,0.0630,0.0513,0.2023,0.1393,0.2268,0.0572,0.1921,0.1149
1785436203.50,15,drive,0,1.0,15.0,40.853,25.11,249.82,0.1540,0.1911,0.0479,0.1921,0.0582,0.2258,0.0635,0.0494,0.2058,0.1388,0.2312,0.0562,0.1950,0.1149
1785436203.60,15,drive,1,1.0,15.0,40.853,25.11,249.82,0.1535,0.1877,0.0484,0.1935,0.0606,0.2273,0.0621,0.0489,0.2048,0.1373,0.2287,0.0557,0.1940,0.1114
1785436203.70,15,drive,2,1.0,15.0,40.853,25.11,249.82,0.1554,0.1877,0.0479,0.1926,0.0616,0.2283,0.0611,0.0503,0.2053,0.1398,0.2287,0.0547,0.1950,0.1149
1785436203.80,15,drive,3,1.0,15.0,40.853,25.11,249.82,0.1574,0.1872,0.0469,0.1950,0.0606,0.2263,0.0621,0.0499,0.2063,0.1398,0.2307,0.0577,0.1926,0.1144
1785436204.50,15,drive,0,1.5,15.0,40.853,25.11,249.82,0.1569,0.1882,0.0484,0.1950,0.0621,0.2258,0.0611,0.0503,0.2053,0.1413,0.2317,0.0557,0.1945,0.1144
1785436204.59,15,drive,1,1.5,15.0,40.853,25.11,249.82,0.1574,0.1872,0.0464,0.1970,0.0616,0.2243,0.0606,0.0484,0.2067,0.1383,0.2312,0.0557,0.1940,0.1139
1785436204.69,15,drive,2,1.5,15.0,40.853,25.11,249.82,0.1544,0.1872,0.0469,0.1955,0.0606,0.2268,0.0606,0.0494,0.2102,0.1373,0.2322,0.0562,0.1955,0.1149
1785436204.79,15,drive,3,1.5,15.0,40.853,25.11,249.82,0.1549,0.1872,0.0484,0.1975,0.0596,0.2239,0.0611,0.0474,0.2102,0.1378,0.2336,0.0572,0.1950,0.1144
1785436205.49,15,drive,0,2.0,15.0,40.853,25.11,249.82,0.1559,0.1882,0.0479,0.1994,0.0611,0.2263,0.0601,0.0484,0.2072,0.1373,0.2341,0.0567,0.1931,0.1149
1785436205.59,15,drive,1,2.0,15.0,40.853,25.11,249.82,0.1564,0.1877,0.0474,0.1965,0.0601,0.2283,0.0640,0.0499,0.2072,0.1378,0.2356,0.0567,0.1940,0.1109
1785436205.69,15,drive,2,2.0,15.0,40.853,25.11,249.82,0.1584,0.1848,0.0455,0.1994,0.0630,0.2263,0.0596,0.0518,0.2097,0.1373,0.2356,0.0557,0.1935,0.1134
1785436205.79,15,drive,3,2.0,15.0,40.853,25.11,249.82,0.1549,0.1857,0.0474,0.1989,0.0611,0.2278,0.0630,0.0484,0.2102,0.1388,0.2341,0.0567,0.1931,0.1124
1785436206.49,15,drive,0,2.5,15.0,40.853,25.11,249.82,0.1559,0.1848,0.0474,0.1994,0.0606,0.2253,0.0616,0.0499,0.2092,0.1388,0.2375,0.0572,0.1950,0.1134
1785436206.58,15,drive,1,2.5,15.0,40.853,25.11,249.82,0.1574,0.1891,0.0494,0.2004,0.0606,0.2263,0.0596,0.0503,0.2102,0.1393,0.2341,0.0582,0.1950,0.1134
1785436206.68,15,drive,2,2.5,15.0,40.853,25.11,249.82,0.1569,0.1857,0.0479,0.1984,0.0611,0.2243,0.0606,0.0503,0.2097,0.1403,0.2375,0.0538,0.1921,0.1149
1785436206.78,15,drive,3,2.5,15.0,40.853,25.11,249.82,0.1569,0.1857,0.0479,0.1989,0.0611,0.2248,0.0601,0.0499,0.2097,0.1388,0.2370,0.0577,0.1926,0.1139
1785436207.48,15,drive,0,3.0,15.0,40.853,25.11,249.82,0.1564,0.1867,0.0474,0.2019,0.0616,0.2253,0.0611,0.0499,0.2082,0.1408,0.2385,0.0567,0.1921,0.1149
1785436207.58,15,drive,1,3.0,15.0,40.853,25.11,249.82,0.1559,0.1877,0.0479,0.2009,0.0587,0.2253,0.0611,0.0484,0.2087,0.1413,0.2400,0.0572,0.1921,0.1129
1785436207.68,15,drive,2,3.0,15.0,40.853,25.11,249.82,0.1574,0.1877,0.0484,0.2019,0.0621,0.2258,0.0611,0.0499,0.2072,0.1403,0.2366,0.0582,0.1926,0.1129
1785436207.78,15,drive,3,3.0,15.0,40.853,25.11,249.82,0.1574,0.1852,0.0474,0.2014,0.0611,0.2287,0.0587,0.0459,0.2077,0.1398,0.2366,0.0582,0.1882,0.1114
1785436208.48,15,drive,0,3.5,15.0,40.853,25.11,249.82,0.1559,0.1857,0.0479,0.2058,0.0601,0.2278,0.0616,0.0484,0.2072,0.1422,0.2361,0.0552,0.1911,0.1153
1785436208.58,15,drive,1,3.5,15.0,40.853,25.11,249.82,0.1559,0.1857,0.0474,0.2053,0.0601,0.2263,0.0616,0.0494,0.2067,0.1432,0.2351,0.0577,0.1901,0.1144
1785436208.68,15,drive,2,3.5,15.0,40.853,25.11,249.82,0.1579,0.1852,0.0459,0.2033,0.0606,0.2292,0.0606,0.0469,0.2063,0.1447,0.2380,0.0567,0.1911,0.1134
1785436208.78,15,drive,3,3.5,15.0,40.853,25.11,249.82,0.1574,0.1857,0.0479,0.2009,0.0601,0.2312,0.0606,0.0494,0.2038,0.1457,0.2366,0.0557,0.1887,0.1139
1785436209.48,15,drive,0,4.0,15.0,40.853,25.11,249.82,0.1574,0.1882,0.0484,0.2058,0.0587,0.2292,0.0606,0.0469,0.2058,0.1432,0.2370,0.0557,0.1887,0.1149
1785436209.58,15,drive,1,4.0,15.0,40.853,25.11,249.82,0.1574,0.1882,0.0484,0.2058,0.0572,0.2278,0.0606,0.0499,0.2072,0.1432,0.2380,0.0557,0.1901,0.1144
1785436209.67,15,drive,2,4.0,15.0,40.853,25.11,249.82,0.1549,0.1882,0.0474,0.2063,0.0587,0.2283,0.0606,0.0484,0.2058,0.1442,0.2370,0.0572,0.1896,0.1144
1785436209.77,15,drive,3,4.0,15.0,40.853,25.11,249.82,0.1564,0.1882,0.0464,0.2058,0.0577,0.2287,0.0630,0.0494,0.2043,0.1437,0.2366,0.0572,0.1877,0.1149
1785436210.56,17,base,0,0.0,15.0,40.753,25.11,249.82,0.1544,0.1896,0.0459,0.2058,0.0577,0.2307,0.0606,0.0474,0.2033,0.1432,0.2346,0.0577,0.1882,0.1149
1785436210.66,17,base,1,0.0,15.0,40.753,25.11,249.82,0.1574,0.1906,0.0469,0.2077,0.0577,0.2292,0.0626,0.0474,0.2023,0.1457,0.2370,0.0582,0.1877,0.1124
1785436210.76,17,base,2,0.0,15.0,40.753,25.11,249.82,0.1569,0.1872,0.0464,0.2063,0.0587,0.2312,0.0606,0.0489,0.2028,0.1461,0.2356,0.0582,0.1882,0.1124
1785436210.85,17,base,3,0.0,15.0,40.753,25.11,249.82,0.1569,0.1901,0.0464,0.2087,0.0596,0.2273,0.0606,0.0503,0.2043,0.1452,0.2366,0.0582,0.1891,0.1149
1785436211.55,17,drive,0,0.5,15.0,40.753,25.11,249.82,0.1569,0.1872,0.0474,0.2082,0.0591,0.2292,0.0621,0.0469,0.2058,0.1471,0.2366,0.0567,0.1901,0.1168
1785436211.65,17,drive,1,0.5,15.0,40.753,25.11,249.82,0.1564,0.1911,0.0494,0.2082,0.0582,0.2312,0.0630,0.0469,0.2038,0.1471,0.2370,0.0577,0.1877,0.1134
1785436211.75,17,drive,2,0.5,15.0,40.753,25.11,249.82,0.1593,0.1906,0.0474,0.2072,0.0591,0.2273,0.0611,0.0508,0.2063,0.1457,0.2370,0.0582,0.1906,0.1149
1785436211.85,17,drive,3,0.5,15.0,40.753,25.11,249.82,0.1574,0.1896,0.0469,0.2077,0.0572,0.2307,0.0626,0.0450,0.2067,0.1461,0.2390,0.0562,0.1882,0.1153
1785436212.55,17,drive,0,1.0,15.0,40.753,25.11,249.82,0.1579,0.1901,0.0474,0.2097,0.0587,0.2302,0.0606,0.0494,0.2082,0.1452,0.2341,0.0591,0.1901,0.1134
1785436212.65,17,drive,1,1.0,15.0,40.753,25.11,249.82,0.1593,0.1916,0.0479,0.2097,0.0577,0.2307,0.0626,0.0479,0.2082,0.1466,0.2366,0.0591,0.1921,0.1119
1785436212.75,17,drive,2,1.0,15.0,40.753,25.11,249.82,0.1593,0.1916,0.0469,0.2077,0.0587,0.2287,0.0650,0.0479,0.2072,0.1457,0.2375,0.0552,0.1896,0.1129
1785436212.85,17,drive,3,1.0,15.0,40.753,25.11,249.82,0.1598,0.1911,0.0489,0.2097,0.0572,0.2297,0.0626,0.0494,0.2063,0.1486,0.2351,0.0577,0.1926,0.1134
1785436213.55,17,drive,0,1.5,15.0,40.753,25.11,249.82,0.1588,0.1906,0.0503,0.2107,0.0582,0.2307,0.0626,0.0494,0.2092,0.1457,0.2356,0.0591,0.1926,0.1124
1785436213.64,17,drive,1,1.5,15.0,40.753,25.11,249.82,0.1588,0.1906,0.0479,0.2102,0.0567,0.2326,0.0640,0.0484,0.2077,0.1476,0.2375,0.0601,0.1896,0.1134
1785436213.74,17,drive,2,1.5,15.0,40.753,25.11,249.82,0.1588,0.1901,0.0459,0.2082,0.0591,0.2326,0.0616,0.0484,0.2087,0.1461,0.2385,0.0591,0.1911,0.1139
1785436213.84,17,drive,3,1.5,15.0,40.753,25.11,249.82,0.1579,0.1921,0.0479,0.2077,0.0547,0.2297,0.0650,0.0494,0.2082,0.1457,0.2385,0.0582,0.1931,0.1149
1785436214.54,17,drive,0,2.0,15.0,40.753,25.11,249.82,0.1574,0.1916,0.0484,0.2097,0.0562,0.2336,0.0640,0.0474,0.2092,0.1476,0.2375,0.0596,0.1960,0.1119
1785436214.64,17,drive,1,2.0,15.0,40.753,25.11,249.82,0.1588,0.1926,0.0484,0.2082,0.0572,0.2322,0.0630,0.0508,0.2092,0.1452,0.2400,0.0587,0.1940,0.1129
1785436214.74,17,drive,2,2.0,15.0,40.753,25.11,249.82,0.1588,0.1906,0.0489,0.2087,0.0572,0.2297,0.0621,0.0479,0.2092,0.1466,0.2380,0.0601,0.1935,0.1109
1785436214.84,17,drive,3,2.0,15.0,40.753,25.11,249.82,0.1593,0.1916,0.0469,0.2087,0.0582,0.2302,0.0626,0.0479,0.2116,0.1481,0.2390,0.0591,0.1950,0.1139
1785436215.54,17,drive,0,2.5,15.0,40.753,25.11,249.82,0.1584,0.1926,0.0474,0.2092,0.0562,0.2312,0.0645,0.0474,0.2107,0.1461,0.2410,0.0611,0.1955,0.1129
1785436215.63,17,drive,1,2.5,15.0,40.753,25.11,249.82,0.1608,0.1891,0.0464,0.2092,0.0577,0.2292,0.0621,0.0469,0.2131,0.1471,0.2410,0.0582,0.1965,0.1134
1785436215.73,17,drive,2,2.5,15.0,40.753,25.11,249.82,0.1584,0.1921,0.0479,0.2082,0.0591,0.2287,0.0621,0.0489,0.2116,0.1471,0.2390,0.0572,0.1950,0.1139
1785436215.83,17,drive,3,2.5,15.0,40.753,25.11,249.82,0.1584,0.1906,0.0474,0.2102,0.0572,0.2317,0.0626,0.0494,0.2111,0.1476,0.2385,0.0587,0.1935,0.1139
1785436216.53,17,drive,0,3.0,15.0,40.753,25.11,249.82,0.1588,0.1901,0.0479,0.2097,0.0582,0.2302,0.0640,0.0489,0.2131,0.1466,0.2414,0.0596,0.1965,0.1139
1785436216.63,17,drive,1,3.0,15.0,40.753,25.11,249.82,0.1608,0.1896,0.0494,0.2107,0.0577,0.2292,0.0635,0.0489,0.2111,0.1491,0.2429,0.0591,0.1960,0.1153
1785436216.73,17,drive,2,3.0,15.0,40.753,25.11,249.82,0.1579,0.1901,0.0494,0.2116,0.0567,0.2297,0.0626,0.0499,0.2126,0.1500,0.2410,0.0577,0.1989,0.1129
1785436216.83,17,drive,3,3.0,15.0,40.753,25.11,249.82,0.1584,0.1916,0.0469,0.2092,0.0567,0.2297,0.0650,0.0503,0.2146,0.1496,0.2410,0.0572,0.1965,0.1139
1785436217.53,17,drive,0,3.5,15.0,40.753,25.11,249.82,0.1588,0.1911,0.0479,0.2092,0.0572,0.2292,0.0626,0.0499,0.2141,0.1491,0.2414,0.0582,0.1989,0.1144
1785436217.62,17,drive,1,3.5,15.0,40.753,25.11,249.82,0.1584,0.1931,0.0484,0.2097,0.0557,0.2287,0.0630,0.0484,0.2160,0.1500,0.2419,0.0582,0.1984,0.1124
1785436217.72,17,drive,2,3.5,15.0,40.753,25.11,249.82,0.1603,0.1921,0.0474,0.2107,0.0572,0.2292,0.0601,0.0508,0.2141,0.1491,0.2429,0.0591,0.1965,0.1153
1785436217.82,17,drive,3,3.5,15.0,40.753,25.11,249.82,0.1588,0.1926,0.0450,0.2097,0.0572,0.2312,0.0635,0.0528,0.2136,0.1500,0.2419,0.0577,0.1965,0.1139
1785436218.52,17,drive,0,4.0,15.0,40.753,25.11,249.82,0.1588,0.1901,0.0474,0.2136,0.0587,0.2283,0.0621,0.0518,0.2160,0.1500,0.2414,0.0601,0.1960,0.1153
1785436218.62,17,drive,1,4.0,15.0,40.753,25.11,249.82,0.1593,0.1921,0.0469,0.2111,0.0567,0.2287,0.0626,0.0513,0.2155,0.1481,0.2429,0.0577,0.1955,0.1134
1785436218.72,17,drive,2,4.0,15.0,40.753,25.11,249.82,0.1579,0.1911,0.0489,0.2116,0.0587,0.2297,0.0645,0.0508,0.2151,0.1476,0.2414,0.0596,0.1970,0.1119
1785436218.82,17,drive,3,4.0,15.0,40.753,25.11,249.82,0.1569,0.1926,0.0479,0.2121,0.0611,0.2283,0.0626,0.0494,0.2141,0.1525,0.2439,0.0587,0.1935,0.1124
1785436219.61,27,base,0,0.0,15.0,40.773,25.11,249.82,0.1598,0.1931,0.0464,0.2111,0.0582,0.2273,0.0630,0.0508,0.2136,0.1476,0.2414,0.0591,0.1955,0.1144
1785436219.70,27,base,1,0.0,15.0,40.773,25.11,249.82,0.1584,0.1945,0.0484,0.2111,0.0587,0.2297,0.0650,0.0494,0.2126,0.1496,0.2410,0.0611,0.1960,0.1119
1785436219.80,27,base,2,0.0,15.0,40.773,25.11,249.82,0.1628,0.1935,0.0474,0.2116,0.0567,0.2283,0.0621,0.0489,0.2102,0.1500,0.2439,0.0611,0.1935,0.1129
1785436219.90,27,base,3,0.0,15.0,40.773,25.11,249.82,0.1593,0.1945,0.0469,0.2146,0.0596,0.2287,0.0611,0.0523,0.2141,0.1491,0.2390,0.0601,0.1950,0.1144
1785436220.60,27,drive,0,0.5,15.0,40.773,25.11,249.82,0.1588,0.1911,0.0459,0.2136,0.0596,0.2307,0.0611,0.0513,0.2121,0.1491,0.2405,0.0596,0.1921,0.1124
1785436220.70,27,drive,1,0.5,15.0,40.773,25.11,249.82,0.1603,0.1940,0.0494,0.2146,0.0567,0.2283,0.0630,0.0489,0.2126,0.1505,0.2385,0.0577,0.1931,0.1139
1785436220.80,27,drive,2,0.5,15.0,40.773,25.11,249.82,0.1588,0.1940,0.0484,0.2141,0.0606,0.2253,0.0640,0.0503,0.2141,0.1486,0.2390,0.0596,0.1911,0.1139
1785436220.90,27,drive,3,0.5,15.0,40.773,25.11,249.82,0.1618,0.1931,0.0503,0.2141,0.0606,0.2297,0.0616,0.0479,0.2136,0.1496,0.2390,0.0611,0.1921,0.1129
1785436221.59,27,drive,0,1.0,15.0,40.773,25.11,249.82,0.1598,0.1935,0.0499,0.2160,0.0587,0.2278,0.0635,0.0494,0.2111,0.1496,0.2366,0.0587,0.1916,0.1149
1785436221.69,27,drive,1,1.0,15.0,40.773,25.11,249.82,0.1603,0.1926,0.0494,0.2107,0.0596,0.2278,0.0635,0.0513,0.2151,0.1500,0.2375,0.0606,0.1940,0.1134
1785436221.79,27,drive,2,1.0,15.0,40.773,25.11,249.82,0.1593,0.1911,0.0484,0.2160,0.0591,0.2268,0.0626,0.0499,0.2107,0.1476,0.2351,0.0591,0.1906,0.1144
1785436221.89,27,drive,3,1.0,15.0,40.773,25.11,249.82,0.1579,0.1931,0.0474,0.2160,0.0587,0.2273,0.0645,0.0528,0.2131,0.1491,0.2380,0.0577,0.1911,0.1144
1785436222.59,27,drive,0,1.5,15.0,40.773,25.11,249.82,0.1623,0.1960,0.0484,0.2146,0.0591,0.2292,0.0630,0.0503,0.2136,0.1476,0.2361,0.0591,0.1901,0.1105
1785436222.69,27,drive,1,1.5,15.0,40.773,25.11,249.82,0.1613,0.1940,0.0479,0.2165,0.0577,0.2273,0.0660,0.0503,0.2131,0.1476,0.2370,0.0601,0.1926,0.1139
1785436222.79,27,drive,2,1.5,15.0,40.773,25.11,249.82,0.1598,0.1955,0.0459,0.2175,0.0587,0.2263,0.0626,0.0518,0.2165,0.1500,0.2361,0.0606,0.1916,0.1124
1785436222.88,27,drive,3,1.5,15.0,40.773,25.11,249.82,0.1608,0.1950,0.0474,0.2160,0.0587,0.2287,0.0621,0.0494,0.2126,0.1500,0.2361,0.0601,0.1901,0.1144
1785436223.58,27,drive,0,2.0,15.0,40.773,25.11,249.82,0.1593,0.1931,0.0469,0.2185,0.0591,0.2273,0.0674,0.0503,0.2136,0.1486,0.2351,0.0591,0.1877,0.1134
1785436223.68,27,drive,1,2.0,15.0,40.773,25.11,249.82,0.1608,0.1940,0.0484,0.2180,0.0591,0.2297,0.0626,0.0503,0.2121,0.1496,0.2336,0.0587,0.1891,0.1158
1785436223.78,27,drive,2,2.0,15.0,40.773,25.11,249.82,0.1603,0.1965,0.0479,0.2175,0.0572,0.2283,0.0635,0.0513,0.2121,0.1486,0.2366,0.0606,0.1872,0.1129
1785436223.88,27,drive,3,2.0,15.0,40.773,25.11,249.82,0.1613,0.1940,0.0489,0.2185,0.0587,0.2283,0.0626,0.0499,0.2146,0.1491,0.2346,0.0591,0.1921,0.1134
1785436224.58,27,drive,0,2.5,15.0,40.773,25.11,249.82,0.1603,0.1945,0.0445,0.2185,0.0601,0.2287,0.0630,0.0518,0.2141,0.1491,0.2351,0.0596,0.1891,0.1139
1785436224.68,27,drive,1,2.5,15.0,40.773,25.11,249.82,0.1632,0.1989,0.0479,0.2180,0.0611,0.2283,0.0626,0.0489,0.2155,0.1486,0.2322,0.0596,0.1882,0.1124
1785436224.78,27,drive,2,2.5,15.0,40.773,25.11,249.82,0.1598,0.1984,0.0474,0.2195,0.0591,0.2273,0.0635,0.0499,0.2141,0.1481,0.2326,0.0611,0.1867,0.1129
1785436224.87,27,drive,3,2.5,15.0,40.773,25.11,249.82,0.1647,0.2009,0.0459,0.2195,0.0601,0.2278,0.0640,0.0503,0.2155,0.1481,0.2341,0.0606,0.1901,0.1158
1785436225.57,27,drive,0,3.0,15.0,40.773,25.11,249.82,0.1613,0.1999,0.0484,0.2214,0.0596,0.2287,0.0601,0.0508,0.2141,0.1486,0.2302,0.0587,0.1896,0.1144
1785436225.67,27,drive,1,3.0,15.0,40.773,25.11,249.82,0.1603,0.1970,0.0469,0.2185,0.0606,0.2287,0.0621,0.0484,0.2155,0.1486,0.2322,0.0606,0.1911,0.1139
1785436225.77,27,drive,2,3.0,15.0,40.773,25.11,249.82,0.1618,0.1940,0.0494,0.2219,0.0591,0.2283,0.0630,0.0523,0.2155,0.1476,0.2312,0.0596,0.1916,0.1134
1785436225.87,27,drive,3,3.0,15.0,40.773,25.11,249.82,0.1623,0.1984,0.0479,0.2219,0.0601,0.2268,0.0616,0.0538,0.2141,0.1461,0.2292,0.0621,0.1911,0.1144
1785436226.57,27,drive,0,3.5,15.0,40.773,25.11,249.82,0.1613,0.1975,0.0484,0.2209,0.0611,0.2283,0.0630,0.0499,0.2165,0.1442,0.2302,0.0606,0.1891,0.1134
1785436226.67,27,drive,1,3.5,15.0,40.773,25.11,249.82,0.1632,0.1975,0.0464,0.2234,0.0606,0.2287,0.0630,0.0499,0.2180,0.1466,0.2312,0.0606,0.1931,0.1144
1785436226.77,27,drive,2,3.5,15.0,40.773,25.11,249.82,0.1623,0.1970,0.0469,0.2229,0.0601,0.2302,0.0650,0.0508,0.2170,0.1452,0.2297,0.0611,0.1911,0.1144
1785436226.87,27,drive,3,3.5,15.0,40.773,25.11,249.82,0.1618,0.1970,0.0489,0.2234,0.0596,0.2283,0.0630,0.0508,0.2151,0.1442,0.2292,0.0601,0.1931,0.1139
1785436227.57,27,drive,0,4.0,15.0,40.773,25.11,249.82,0.1623,0.1975,0.0479,0.2239,0.0587,0.2297,0.0616,0.0523,0.2175,0.1442,0.2307,0.0587,0.1940,0.1134
1785436227.66,27,drive,1,4.0,15.0,40.773,25.11,249.82,0.1603,0.1970,0.0479,0.2234,0.0601,0.2297,0.0626,0.0508,0.2170,0.1413,0.2331,0.0587,0.1935,0.1124
1785436227.76,27,drive,2,4.0,15.0,40.773,25.11,249.82,0.1623,0.1965,0.0484,0.2209,0.0596,0.2307,0.0630,0.0489,0.2209,0.1432,0.2297,0.0596,0.1940,0.1129
1785436227.86,27,drive,3,4.0,15.0,40.773,25.11,249.82,0.1608,0.1994,0.0489,0.2248,0.0606,0.2307,0.0616,0.0503,0.2175,0.1417,0.2317,0.0601,0.1931,0.1114
1785436228.69,28,base,0,0.0,15.0,40.733,25.11,249.82,0.1500,0.2009,0.0601,0.2219,0.0562,0.2380,0.0679,0.0425,0.2239,0.1413,0.2302,0.0582,0.2023,0.1114
1785436228.78,28,base,1,0.0,15.0,40.733,25.11,249.82,0.1691,0.1970,0.0450,0.2209,0.0626,0.2297,0.0621,0.0557,0.2229,0.1383,0.2287,0.0640,0.1906,0.1129
1785436228.88,28,base,2,0.0,15.0,40.733,25.11,249.82,0.1637,0.1989,0.0484,0.2165,0.0606,0.2292,0.0606,0.0562,0.2243,0.1457,0.2195,0.0665,0.1926,0.1129
1785436228.98,28,base,3,0.0,15.0,40.733,25.11,249.82,0.1706,0.1935,0.0435,0.2229,0.0660,0.2190,0.0621,0.0557,0.2248,0.1378,0.2312,0.0660,0.1891,0.1124
1785436229.68,28,drive,0,0.5,15.0,40.733,25.11,249.82,0.1613,0.2009,0.0479,0.2253,0.0616,0.2312,0.0635,0.0533,0.2224,0.1383,0.2302,0.0591,0.2014,0.1114
1785436229.78,28,drive,1,0.5,15.0,40.733,25.11,249.82,0.1618,0.1999,0.0489,0.2273,0.0626,0.2263,0.0630,0.0474,0.2214,0.1413,0.2297,0.0611,0.1891,0.1163
1785436229.88,28,drive,2,0.5,15.0,40.733,25.11,249.82,0.1603,0.2043,0.0455,0.2297,0.0591,0.2287,0.0611,0.0494,0.2248,0.1383,0.2331,0.0596,0.1965,0.1183
1785436229.98,28,drive,3,0.5,15.0,40.733,25.11,249.82,0.1588,0.2019,0.0489,0.2273,0.0591,0.2292,0.0640,0.0518,0.2219,0.1320,0.2307,0.0606,0.1965,0.1139
1785436230.68,28,drive,0,1.0,15.0,40.733,25.11,249.82,0.1735,0.1979,0.0474,0.2287,0.0606,0.2297,0.0630,0.0474,0.2292,0.1388,0.2385,0.0587,0.1950,0.1134
1785436230.77,28,drive,1,1.0,15.0,40.733,25.11,249.82,0.1603,0.2067,0.0430,0.2199,0.0577,0.2292,0.0733,0.0489,0.2248,0.1285,0.2356,0.0591,0.1901,0.1149
1785436230.87,28,drive,2,1.0,15.0,40.733,25.11,249.82,0.1632,0.2067,0.0342,0.2243,0.0567,0.2283,0.0621,0.0508,0.2229,0.1413,0.2258,0.0611,0.1940,0.1197
1785436230.97,28,drive,3,1.0,15.0,40.733,25.11,249.82,0.1652,0.2019,0.0435,0.2248,0.0596,0.2278,0.0626,0.0508,0.2287,0.1344,0.2346,0.0567,0.1955,0.1158
1785436231.67,28,drive,0,1.5,15.0,40.733,25.11,249.82,0.1657,0.2009,0.0455,0.2209,0.0582,0.2326,0.0621,0.0445,0.2204,0.1398,0.2366,0.0567,0.1975,0.1041
1785436231.77,28,drive,1,1.5,15.0,40.733,25.11,249.82,0.1642,0.1955,0.0464,0.2204,0.0630,0.2278,0.0621,0.0518,0.2239,0.1393,0.2312,0.0679,0.1984,0.1119
1785436231.87,28,drive,2,1.5,15.0,40.733,25.11,249.82,0.1632,0.1979,0.0479,0.2219,0.0557,0.2258,0.0650,0.0523,0.2209,0.1417,0.2331,0.0577,0.1935,0.1100
1785436231.97,28,drive,3,1.5,15.0,40.733,25.11,249.82,0.1598,0.2048,0.0499,0.2243,0.0523,0.2307,0.0630,0.0479,0.2175,0.1359,0.2370,0.0582,0.1994,0.1153
1785436232.67,28,drive,0,2.0,15.0,40.733,25.11,249.82,0.1662,0.2019,0.0469,0.2219,0.0547,0.2283,0.0684,0.0547,0.2209,0.1388,0.2336,0.0626,0.1911,0.1095
1785436232.77,28,drive,1,2.0,15.0,40.733,25.11,249.82,0.1613,0.2058,0.0469,0.2278,0.0577,0.2287,0.0596,0.0503,0.2170,0.1408,0.2302,0.0645,0.1960,0.1178
1785436232.86,28,drive,2,2.0,15.0,40.733,25.11,249.82,0.1637,0.1994,0.0552,0.2224,0.0611,0.2239,0.0660,0.0494,0.2185,0.1378,0.2351,0.0577,0.1945,0.1139
1785436232.96,28,drive,3,2.0,15.0,40.733,25.11,249.82,0.1696,0.1965,0.0464,0.2160,0.0621,0.2287,0.0650,0.0464,0.2224,0.1320,0.2346,0.0587,0.2014,0.1100
1785436233.66,28,drive,0,2.5,15.0,40.733,25.11,249.82,0.1603,0.2004,0.0450,0.2155,0.0582,0.2273,0.0660,0.0494,0.2204,0.1408,0.2287,0.0630,0.1926,0.1144
1785436233.76,28,drive,1,2.5,15.0,40.733,25.11,249.82,0.1598,0.2009,0.0396,0.2214,0.0562,0.2326,0.0626,0.0567,0.2146,0.1422,0.2322,0.0601,0.1926,0.1188
1785436233.86,28,drive,2,2.5,15.0,40.733,25.11,249.82,0.1647,0.2102,0.0508,0.2224,0.0552,0.2263,0.0630,0.0499,0.2131,0.1403,0.2361,0.0674,0.1872,0.1158
1785436233.96,28,drive,3,2.5,15.0,40.733,25.11,249.82,0.1588,0.2043,0.0450,0.2253,0.0611,0.2278,0.0591,0.0489,0.2248,0.1325,0.2322,0.0626,0.1931,0.1036
1785436234.66,28,drive,0,3.0,15.0,40.733,25.11,249.82,0.1647,0.2077,0.0489,0.2287,0.0547,0.2278,0.0601,0.0445,0.2204,0.1354,0.2356,0.0547,0.2014,0.1129
1785436234.76,28,drive,1,3.0,15.0,40.733,25.11,249.82,0.1637,0.2009,0.0499,0.2331,0.0538,0.2248,0.0694,0.0499,0.2170,0.1300,0.2317,0.0577,0.1970,0.1217
1785436234.85,28,drive,2,3.0,15.0,40.733,25.11,249.82,0.1706,0.2053,0.0543,0.2229,0.0626,0.2263,0.0538,0.0435,0.2146,0.1373,0.2390,0.0606,0.1911,0.1090
1785436234.95,28,drive,3,3.0,15.0,40.733,25.11,249.82,0.1672,0.1950,0.0474,0.2170,0.0606,0.2312,0.0635,0.0479,0.2136,0.1383,0.2410,0.0606,0.1901,0.1070
1785436235.65,28,drive,0,3.5,15.0,40.733,25.11,249.82,0.1642,0.2014,0.0430,0.2151,0.0670,0.2180,0.0650,0.0508,0.2258,0.1369,0.2302,0.0630,0.1857,0.1207
1785436235.75,28,drive,1,3.5,15.0,40.733,25.11,249.82,0.1672,0.1916,0.0538,0.2185,0.0582,0.2204,0.0660,0.0503,0.2102,0.1329,0.2361,0.0714,0.1955,0.1158
1785436235.85,28,drive,2,3.5,15.0,40.733,25.11,249.82,0.1667,0.2009,0.0420,0.2297,0.0533,0.2307,0.0616,0.0572,0.2102,0.1369,0.2322,0.0567,0.1931,0.1158
1785436235.95,28,drive,3,3.5,15.0,40.733,25.11,249.82,0.1632,0.1950,0.0552,0.2180,0.0606,0.2204,0.0704,0.0528,0.2229,0.1383,0.2351,0.0606,0.1882,0.1031
1785436236.65,28,drive,0,4.0,15.0,40.733,25.11,249.82,0.1593,0.2063,0.0455,0.2317,0.0557,0.2263,0.0562,0.0499,0.2136,0.1427,0.2351,0.0635,0.1872,0.1119
1785436236.74,28,drive,1,4.0,15.0,40.733,25.11,249.82,0.1686,0.1984,0.0489,0.2180,0.0528,0.2224,0.0650,0.0547,0.2155,0.1329,0.2322,0.0582,0.1955,0.1114
1785436236.84,28,drive,2,4.0,15.0,40.733,25.11,249.82,0.1647,0.1979,0.0508,0.2248,0.0567,0.2248,0.0616,0.0489,0.2097,0.1378,0.2356,0.0577,0.1896,0.1114
1785436236.94,28,drive,3,4.0,15.0,40.733,25.11,249.82,0.1657,0.2043,0.0489,0.2224,0.0587,0.2209,0.0626,0.0499,0.2185,0.1378,0.2336,0.0582,0.1867,0.1158
1785436237.75,29,base,0,0.0,15.0,40.773,25.11,249.82,0.1647,0.1975,0.0484,0.2214,0.0640,0.2243,0.0606,0.0469,0.2111,0.1378,0.2307,0.0616,0.1887,0.1193
1785436237.84,29,base,1,0.0,15.0,40.773,25.11,249.82,0.1647,0.2053,0.0469,0.2283,0.0557,0.2234,0.0621,0.0455,0.2107,0.1398,0.2331,0.0567,0.1843,0.1124
1785436237.94,29,base,2,0.0,15.0,40.773,25.11,249.82,0.1657,0.1975,0.0513,0.2234,0.0611,0.2263,0.0621,0.0513,0.2116,0.1457,0.2331,0.0596,0.1808,0.1139
1785436238.04,29,base,3,0.0,15.0,40.773,25.11,249.82,0.1667,0.2014,0.0489,0.2185,0.0572,0.2253,0.0587,0.0572,0.2155,0.1413,0.2268,0.0547,0.1896,0.1105
1785436238.74,29,drive,0,0.5,15.0,40.773,25.11,249.82,0.1672,0.2053,0.0494,0.2209,0.0557,0.2234,0.0601,0.0591,0.2063,0.1417,0.2292,0.0616,0.1901,0.1105
1785436238.84,29,drive,1,0.5,15.0,40.773,25.11,249.82,0.1637,0.2028,0.0543,0.2204,0.0567,0.2199,0.0621,0.0557,0.2107,0.1398,0.2278,0.0626,0.1906,0.1149
1785436238.94,29,drive,2,0.5,15.0,40.773,25.11,249.82,0.1647,0.2023,0.0455,0.2219,0.0572,0.2312,0.0626,0.0523,0.1999,0.1403,0.2336,0.0645,0.1872,0.1090
1785436239.03,29,drive,3,0.5,15.0,40.773,25.11,249.82,0.1647,0.2028,0.0450,0.2160,0.0567,0.2263,0.0655,0.0508,0.2097,0.1408,0.2312,0.0616,0.1843,0.1139
1785436239.74,29,drive,0,1.0,15.0,40.773,25.11,249.82,0.1574,0.2092,0.0440,0.2214,0.0596,0.2243,0.0733,0.0543,0.2082,0.1378,0.2307,0.0635,0.1769,0.1139
1785436239.83,29,drive,1,1.0,15.0,40.773,25.11,249.82,0.1588,0.2009,0.0455,0.2258,0.0562,0.2239,0.0606,0.0513,0.2058,0.1320,0.2331,0.0611,0.1887,0.1114
1785436239.93,29,drive,2,1.0,15.0,40.773,25.11,249.82,0.1652,0.2063,0.0474,0.2165,0.0582,0.2248,0.0621,0.0508,0.2077,0.1452,0.2336,0.0601,0.1857,0.1153
1785436240.03,29,drive,3,1.0,15.0,40.773,25.11,249.82,0.1696,0.2033,0.0484,0.2224,0.0572,0.2248,0.0587,0.0523,0.2126,0.1422,0.2331,0.0611,0.1877,0.1090
1785436240.73,29,drive,0,1.5,15.0,40.773,25.11,249.82,0.1623,0.2048,0.0455,0.2204,0.0587,0.2234,0.0601,0.0508,0.2102,0.1393,0.2307,0.0552,0.1852,0.1124
1785436240.83,29,drive,1,1.5,15.0,40.773,25.11,249.82,0.1608,0.2053,0.0494,0.2195,0.0596,0.2253,0.0626,0.0411,0.2077,0.1442,0.2336,0.0591,0.1857,0.1168
1785436240.92,29,drive,2,1.5,15.0,40.773,25.11,249.82,0.1637,0.2004,0.0459,0.2204,0.0567,0.2239,0.0630,0.0552,0.2077,0.1432,0.2287,0.0616,0.1813,0.1095
1785436241.02,29,drive,3,1.5,15.0,40.773,25.11,249.82,0.1623,0.2063,0.0376,0.2204,0.0587,0.2287,0.0635,0.0513,0.2043,0.1432,0.2292,0.0489,0.1867,0.1129
1785436241.72,29,drive,0,2.0,15.0,40.773,25.11,249.82,0.1735,0.2077,0.0489,0.2170,0.0587,0.2234,0.0635,0.0494,0.2077,0.1491,0.2341,0.0650,0.1833,0.1153
1785436241.82,29,drive,1,2.0,15.0,40.773,25.11,249.82,0.1623,0.2038,0.0547,0.2195,0.0582,0.2165,0.0606,0.0484,0.2053,0.1447,0.2326,0.0660,0.1852,0.1158
1785436241.92,29,drive,2,2.0,15.0,40.773,25.11,249.82,0.1632,0.2058,0.0484,0.2219,0.0562,0.2229,0.0611,0.0503,0.2053,0.1427,0.2331,0.0591,0.1862,0.1139
1785436242.02,29,drive,3,2.0,15.0,40.773,25.11,249.82,0.1642,0.2028,0.0494,0.2229,0.0567,0.2234,0.0626,0.0518,0.2028,0.1417,0.2302,0.0630,0.1843,0.1139
1785436242.72,29,drive,0,2.5,15.0,40.773,25.11,249.82,0.1667,0.2023,0.0474,0.2204,0.0601,0.2239,0.0591,0.0484,0.2072,0.1432,0.2297,0.0626,0.1843,0.1129
1785436242.82,29,drive,1,2.5,15.0,40.773,25.11,249.82,0.1647,0.2033,0.0489,0.2199,0.0591,0.2234,0.0626,0.0499,0.2033,0.1437,0.2292,0.0591,0.1857,0.1134
1785436242.91,29,drive,2,2.5,15.0,40.773,25.11,249.82,0.1618,0.2058,0.0469,0.2209,0.0577,0.2243,0.0630,0.0489,0.2043,0.1432,0.2307,0.0606,0.1852,0.1134
1785436243.01,29,drive,3,2.5,15.0,40.773,25.11,249.82,0.1652,0.2063,0.0450,0.2214,0.0582,0.2258,0.0601,0.0489,0.2053,0.1447,0.2317,0.0621,0.1833,0.1149
1785436243.71,29,drive,0,3.0,15.0,40.773,25.11,249.82,0.1642,0.2067,0.0469,0.2195,0.0557,0.2243,0.0621,0.0484,0.2058,0.1442,0.2312,0.0616,0.1848,0.1119
1785436243.81,29,drive,1,3.0,15.0,40.773,25.11,249.82,0.1632,0.2053,0.0479,0.2204,0.0567,0.2258,0.0611,0.0503,0.2058,0.1461,0.2302,0.0587,0.1867,0.1149
1785436243.91,29,drive,2,3.0,15.0,40.773,25.11,249.82,0.1647,0.2053,0.0474,0.2204,0.0591,0.2248,0.0616,0.0474,0.2033,0.1461,0.2317,0.0611,0.1867,0.1124
1785436244.01,29,drive,3,3.0,15.0,40.773,25.11,249.82,0.1642,0.2067,0.0489,0.2209,0.0567,0.2239,0.0611,0.0484,0.2053,0.1457,0.2302,0.0606,0.1862,0.1119
1785436244.71,29,drive,0,3.5,15.0,40.773,25.11,249.82,0.1657,0.2048,0.0489,0.2234,0.0572,0.2243,0.0611,0.0508,0.2053,0.1481,0.2302,0.0601,0.1882,0.1149
1785436244.81,29,drive,1,3.5,15.0,40.773,25.11,249.82,0.1637,0.2063,0.0499,0.2195,0.0587,0.2214,0.0635,0.0499,0.2058,0.1471,0.2297,0.0591,0.1891,0.1144
1785436244.90,29,drive,2,3.5,15.0,40.773,25.11,249.82,0.1613,0.2058,0.0499,0.2195,0.0596,0.2243,0.0630,0.0499,0.2043,0.1457,0.2312,0.0611,0.1872,0.1144
1785436245.00,29,drive,3,3.5,15.0,40.773,25.11,249.82,0.1628,0.2043,0.0503,0.2185,0.0572,0.2229,0.0621,0.0503,0.2043,0.1447,0.2326,0.0611,0.1877,0.1139
1785436245.70,29,drive,0,4.0,15.0,40.773,25.11,249.82,0.1657,0.2087,0.0464,0.2224,0.0596,0.2229,0.0630,0.0513,0.2048,0.1466,0.2317,0.0611,0.1862,0.1124
1785436245.80,29,drive,1,4.0,15.0,40.773,25.11,249.82,0.1632,0.2048,0.0474,0.2209,0.0587,0.2248,0.0616,0.0499,0.2082,0.1471,0.2297,0.0596,0.1872,0.1139
1785436245.89,29,drive,2,4.0,15.0,40.773,25.11,249.82,0.1662,0.2043,0.0484,0.2185,0.0587,0.2263,0.0626,0.0523,0.2063,0.1476,0.2317,0.0611,0.1862,0.1129
1785436245.99,29,drive,3,4.0,15.0,40.773,25.11,249.82,0.1632,0.2058,0.0479,0.2209,0.0582,0.2224,0.0626,0.0489,0.2028,0.1461,0.2317,0.0606,0.1867,0.1124
1785436246.78,30,base,0,0.0,15.0,40.753,25.11,249.82,0.1652,0.2058,0.0469,0.2234,0.0572,0.2229,0.0611,0.0508,0.2082,0.1461,0.2312,0.0606,0.1867,0.1139
1785436246.88,30,base,1,0.0,15.0,40.753,25.11,249.82,0.1632,0.2067,0.0459,0.2224,0.0591,0.2229,0.0626,0.0508,0.2043,0.1496,0.2292,0.0582,0.1872,0.1114
1785436246.98,30,base,2,0.0,15.0,40.753,25.11,249.82,0.1642,0.2077,0.0459,0.2224,0.0572,0.2219,0.0582,0.0518,0.2077,0.1491,0.2292,0.0611,0.1867,0.1149
1785436247.08,30,base,3,0.0,15.0,40.753,25.11,249.82,0.1613,0.2058,0.0494,0.2204,0.0562,0.2248,0.0621,0.0513,0.2067,0.1505,0.2307,0.0596,0.1862,0.1134
1785436247.78,30,drive,0,0.5,15.0,40.753,25.11,249.82,0.1652,0.2077,0.0459,0.2195,0.0591,0.2224,0.0621,0.0508,0.2063,0.1486,0.2326,0.0616,0.1867,0.1139
1785436247.87,30,drive,1,0.5,15.0,40.753,25.11,249.82,0.1652,0.2077,0.0484,0.2209,0.0587,0.2234,0.0616,0.0494,0.2077,0.1505,0.2322,0.0567,0.1857,0.1139
1785436247.97,30,drive,2,0.5,15.0,40.753,25.11,249.82,0.1676,0.2082,0.0469,0.2214,0.0587,0.2229,0.0611,0.0518,0.2048,0.1491,0.2302,0.0587,0.1852,0.1134
1785436248.07,30,drive,3,0.5,15.0,40.753,25.11,249.82,0.1632,0.2072,0.0464,0.2209,0.0587,0.2224,0.0626,0.0523,0.2077,0.1500,0.2336,0.0606,0.1857,0.1149
1785436248.81,30,drive,0,1.0,15.0,40.753,25.11,249.82,0.1632,0.2067,0.0484,0.2199,0.0587,0.2234,0.0630,0.0479,0.2072,0.1486,0.2307,0.0611,0.1857,0.1139
1785436248.93,30,drive,1,1.0,15.0,40.753,25.11,249.82,0.1667,0.2058,0.0479,0.2209,0.0582,0.2209,0.0621,0.0513,0.2072,0.1505,0.2292,0.0606,0.1896,0.1149
1785436249.03,30,drive,2,1.0,15.0,40.753,25.11,249.82,0.1652,0.2063,0.0479,0.2199,0.0591,0.2219,0.0611,0.0513,0.2082,0.1496,0.2312,0.0611,0.1877,0.1149
1785436249.13,30,drive,3,1.0,15.0,40.753,25.11,249.82,0.1652,0.2082,0.0455,0.2219,0.0577,0.2219,0.0606,0.0518,0.2082,0.1496,0.2302,0.0587,0.1872,0.1139
1785436249.83,30,drive,0,1.5,15.0,40.753,25.11,249.82,0.1662,0.2087,0.0484,0.2229,0.0577,0.2204,0.0611,0.0508,0.2063,0.1510,0.2302,0.0611,0.1867,0.1149
1785436249.93,30,drive,1,1.5,15.0,40.753,25.11,249.82,0.1652,0.2082,0.0479,0.2234,0.0606,0.2234,0.0596,0.0513,0.2072,0.1515,0.2297,0.0616,0.1877,0.1144
1785436250.03,30,drive,2,1.5,15.0,40.753,25.11,249.82,0.1642,0.2067,0.0484,0.2209,0.0577,0.2195,0.0630,0.0499,0.2092,0.1476,0.2317,0.0596,0.1877,0.1129
1785436250.13,30,drive,3,1.5,15.0,40.753,25.11,249.82,0.1642,0.2072,0.0484,0.2224,0.0567,0.2195,0.0606,0.0518,0.2058,0.1496,0.2312,0.0621,0.1867,0.1144
1785436250.84,30,drive,0,2.0,15.0,40.753,25.11,249.82,0.1667,0.2067,0.0464,0.2209,0.0582,0.2239,0.0630,0.0494,0.2058,0.1500,0.2297,0.0606,0.1862,0.1119
1785436250.94,30,drive,1,2.0,15.0,40.753,25.11,249.82,0.1676,0.2063,0.0469,0.2195,0.0572,0.2214,0.0606,0.0518,0.2063,0.1520,0.2326,0.0611,0.1891,0.1144
1785436251.04,30,drive,2,2.0,15.0,40.753,25.11,249.82,0.1672,0.2072,0.0479,0.2214,0.0591,0.2190,0.0611,0.0513,0.2053,0.1486,0.2312,0.0596,0.1887,0.1139
1785436251.14,30,drive,3,2.0,15.0,40.753,25.11,249.82,0.1628,0.2053,0.0479,0.2219,0.0587,0.2204,0.0626,0.0508,0.2072,0.1481,0.2312,0.0601,0.1887,0.1105
1785436251.86,30,drive,0,2.5,15.0,40.753,25.11,249.82,0.1662,0.2067,0.0474,0.2204,0.0601,0.2204,0.0596,0.0503,0.2053,0.1520,0.2331,0.0611,0.1906,0.1158
1785436251.96,30,drive,1,2.5,15.0,40.753,25.11,249.82,0.1647,0.2067,0.0469,0.2204,0.0591,0.2204,0.0611,0.0489,0.2067,0.1510,0.2317,0.0601,0.1906,0.1144
1785436252.06,30,drive,2,2.5,15.0,40.753,25.11,249.82,0.1652,0.2063,0.0455,0.2214,0.0616,0.2239,0.0621,0.0513,0.2072,0.1510,0.2307,0.0596,0.1901,0.1129
1785436252.15,30,drive,3,2.5,15.0,40.753,25.11,249.82,0.1657,0.2087,0.0464,0.2209,0.0591,0.2209,0.0606,0.0474,0.2063,0.1510,0.2297,0.0596,0.1882,0.1144
1785436252.87,30,drive,0,3.0,15.0,40.753,25.11,249.82,0.1637,0.1999,0.0538,0.2253,0.0543,0.2131,0.0723,0.0499,0.1975,0.1510,0.2375,0.0547,0.1838,0.1197
1785436252.97,30,drive,1,3.0,15.0,40.753,25.11,249.82,0.1745,0.2111,0.0445,0.2180,0.0650,0.2204,0.0557,0.0562,0.2058,0.1530,0.2287,0.0670,0.1833,0.1134
1785436253.07,30,drive,2,3.0,15.0,40.753,25.11,249.82,0.1623,0.2063,0.0562,0.2307,0.0596,0.2239,0.0606,0.0543,0.1979,0.1515,0.2297,0.0630,0.1872,0.1158
1785436253.17,30,drive,3,3.0,15.0,40.753,25.11,249.82,0.1662,0.2151,0.0420,0.2151,0.0723,0.2234,0.0572,0.0523,0.2190,0.1378,0.2243,0.0611,0.1877,0.1065
1785436253.88,30,drive,0,3.5,15.0,40.753,25.11,249.82,0.1657,0.2072,0.0459,0.2234,0.0611,0.2214,0.0591,0.0523,0.2053,0.1457,0.2307,0.0587,0.1848,0.1124
1785436253.98,30,drive,1,3.5,15.0,40.753,25.11,249.82,0.1608,0.2063,0.0503,0.2209,0.0587,0.2204,0.0606,0.0499,0.2053,0.1442,0.2292,0.0621,0.1891,0.1139
1785436254.08,30,drive,2,3.5,15.0,40.753,25.11,249.82,0.1706,0.2102,0.0479,0.2322,0.0591,0.2204,0.0611,0.0499,0.2043,0.1457,0.2292,0.0601,0.1891,0.1139
1785436254.18,30,drive,3,3.5,15.0,40.753,25.11,249.82,0.1667,0.2067,0.0494,0.2195,0.0635,0.2190,0.0557,0.0513,0.2038,0.1520,0.2307,0.0596,0.1872,0.1149
1785436254.89,30,drive,0,4.0,15.0,40.753,25.11,249.82,0.1647,0.2107,0.0513,0.2190,0.0621,0.2180,0.0626,0.0494,0.2014,0.1510,0.2302,0.0655,0.1872,0.1134
1785436254.99,30,drive,1,4.0,15.0,40.753,25.11,249.82,0.1647,0.2087,0.0430,0.2229,0.0670,0.2204,0.0621,0.0371,0.2092,0.1486,0.2302,0.0596,0.1891,0.1144
1785436255.11,30,drive,2,4.0,15.0,40.753,25.11,249.82,0.1667,0.2077,0.0459,0.2224,0.0723,0.2155,0.0596,0.0401,0.2116,0.1496,0.2302,0.0577,0.1848,0.1232
1785436255.22,30,drive,3,4.0,15.0,40.753,25.11,249.82,0.1637,0.2111,0.0362,0.2214,0.0679,0.2151,0.0621,0.0401,0.2102,0.1510,0.2292,0.0626,0.1852,0.1168
1785436256.08,31,base,0,0.0,15.0,40.833,25.11,249.82,0.1647,0.2170,0.0518,0.2229,0.0538,0.2185,0.0626,0.0528,0.2087,0.1417,0.2239,0.0626,0.1901,0.1158
1785436256.18,31,base,1,0.0,15.0,40.833,25.11,249.82,0.1691,0.2082,0.0469,0.2243,0.0572,0.2175,0.0601,0.0523,0.2097,0.1500,0.2185,0.0533,0.1891,0.1202
1785436256.28,31,base,2,0.0,15.0,40.833,25.11,249.82,0.1676,0.2058,0.0479,0.2199,0.0621,0.2219,0.0665,0.0489,0.2058,0.1486,0.2283,0.0552,0.1838,0.1139
1785436256.38,31,base,3,0.0,15.0,40.833,25.11,249.82,0.1662,0.2111,0.0484,0.2263,0.0552,0.2141,0.0587,0.0523,0.2058,0.1486,0.2346,0.0630,0.1867,0.1090
1785436257.08,31,drive,0,0.5,15.0,40.833,25.11,249.82,0.1647,0.2155,0.0445,0.2273,0.0552,0.2239,0.0616,0.0538,0.2058,0.1461,0.2278,0.0596,0.1882,0.1188
1785436257.17,31,drive,1,0.5,15.0,40.833,25.11,249.82,0.1637,0.2107,0.0499,0.2287,0.0591,0.2165,0.0577,0.0508,0.2023,0.1520,0.2287,0.0621,0.1799,0.1090
1785436257.27,31,drive,2,0.5,15.0,40.833,25.11,249.82,0.1725,0.2048,0.0523,0.2199,0.0606,0.2190,0.0621,0.0577,0.2067,0.1452,0.2219,0.0518,0.1896,0.1168
1785436257.37,31,drive,3,0.5,15.0,40.833,25.11,249.82,0.1667,0.2170,0.0484,0.2307,0.0533,0.2195,0.0557,0.0543,0.2038,0.1520,0.2268,0.0626,0.1808,0.1144
1785436258.07,31,drive,0,1.0,15.0,40.833,25.11,249.82,0.1642,0.2111,0.0445,0.2263,0.0606,0.2190,0.0582,0.0523,0.2048,0.1466,0.2224,0.0640,0.1818,0.1149
1785436258.17,31,drive,1,1.0,15.0,40.833,25.11,249.82,0.1657,0.2131,0.0479,0.2258,0.0582,0.2239,0.0577,0.0435,0.2019,0.1510,0.2239,0.0601,0.1891,0.1119
1785436258.27,31,drive,2,1.0,15.0,40.833,25.11,249.82,0.1632,0.2092,0.0508,0.2190,0.0655,0.2214,0.0591,0.0455,0.2058,0.1486,0.2239,0.0611,0.1901,0.1153
1785436258.37,31,drive,3,1.0,15.0,40.833,25.11,249.82,0.1667,0.2077,0.0508,0.2312,0.0538,0.2214,0.0621,0.0543,0.2009,0.1530,0.2263,0.0587,0.1852,0.1134
1785436259.09,31,drive,0,1.5,15.0,40.833,25.11,249.82,0.1628,0.2160,0.0445,0.2190,0.0572,0.2229,0.0660,0.0450,0.1994,0.1466,0.2258,0.0679,0.1833,0.1119
1785436259.19,31,drive,1,1.5,15.0,40.833,25.11,249.82,0.1618,0.2072,0.0469,0.2297,0.0645,0.2175,0.0591,0.0557,0.1989,0.1413,0.2287,0.0621,0.1857,0.1134
1785436259.29,31,drive,2,1.5,15.0,40.833,25.11,249.82,0.1720,0.2116,0.0464,0.2239,0.0650,0.2180,0.0630,0.0533,0.1970,0.1476,0.2283,0.0630,0.1779,0.1178
1785436259.39,31,drive,3,1.5,15.0,40.833,25.11,249.82,0.1672,0.2126,0.0513,0.2273,0.0538,0.2224,0.0621,0.0445,0.1950,0.1505,0.2273,0.0533,0.1808,0.1188
1785436260.09,31,drive,0,2.0,15.0,40.833,25.11,249.82,0.1691,0.2151,0.0494,0.2253,0.0591,0.2292,0.0621,0.0440,0.1955,0.1471,0.2239,0.0591,0.1804,0.1173
1785436260.19,31,drive,1,2.0,15.0,40.833,25.11,249.82,0.1598,0.2165,0.0484,0.2268,0.0601,0.2219,0.0572,0.0513,0.2077,0.1398,0.2199,0.0626,0.1882,0.1095
1785436260.29,31,drive,2,2.0,15.0,40.833,25.11,249.82,0.1637,0.2111,0.0503,0.2229,0.0640,0.2239,0.0577,0.0450,0.1975,0.1486,0.2199,0.0626,0.1916,0.1129
1785436260.39,31,drive,3,2.0,15.0,40.833,25.11,249.82,0.1642,0.2170,0.0459,0.2248,0.0645,0.2141,0.0547,0.0503,0.2063,0.1471,0.2209,0.0630,0.1857,0.1178
1785436261.09,31,drive,0,2.5,15.0,40.833,25.11,249.82,0.1711,0.2063,0.0513,0.2224,0.0577,0.2204,0.0655,0.0494,0.1979,0.1452,0.2248,0.0621,0.1755,0.1173
1785436261.19,31,drive,1,2.5,15.0,40.833,25.11,249.82,0.1652,0.2116,0.0523,0.2239,0.0611,0.2209,0.0591,0.0469,0.2014,0.1457,0.2229,0.0567,0.1867,0.1134
1785436261.29,31,drive,2,2.5,15.0,40.833,25.11,249.82,0.1613,0.2131,0.0474,0.2209,0.0572,0.2243,0.0645,0.0567,0.2116,0.1437,0.2209,0.0606,0.1862,0.1090
1785436261.39,31,drive,3,2.5,15.0,40.833,25.11,249.82,0.1681,0.2121,0.0508,0.2302,0.0601,0.2234,0.0626,0.0479,0.1989,0.1442,0.2248,0.0518,0.1838,0.1144
1785436262.10,31,drive,0,3.0,15.0,40.833,25.11,249.82,0.1672,0.2116,0.0445,0.2268,0.0606,0.2273,0.0626,0.0499,0.2028,0.1476,0.2268,0.0543,0.1862,0.1105
1785436262.20,31,drive,1,3.0,15.0,40.833,25.11,249.82,0.1608,0.2087,0.0508,0.2239,0.0562,0.2199,0.0621,0.0503,0.2009,0.1457,0.2195,0.0596,0.1877,0.1163
1785436262.29,31,drive,2,3.0,15.0,40.833,25.11,249.82,0.1711,0.2082,0.0469,0.2312,0.0591,0.2229,0.0572,0.0601,0.1965,0.1481,0.2180,0.0630,0.1799,0.1095
1785436262.39,31,drive,3,3.0,15.0,40.833,25.11,249.82,0.1672,0.2102,0.0562,0.2239,0.0596,0.2195,0.0616,0.0499,0.1984,0.1481,0.2234,0.0552,0.1784,0.1095
1785436263.09,31,drive,0,3.5,15.0,40.833,25.11,249.82,0.1691,0.2063,0.0450,0.2258,0.0596,0.2317,0.0650,0.0547,0.1940,0.1452,0.2199,0.0596,0.1769,0.1158
1785436263.19,31,drive,1,3.5,15.0,40.833,25.11,249.82,0.1564,0.2170,0.0503,0.2253,0.0626,0.2141,0.0645,0.0533,0.2111,0.1466,0.2146,0.0591,0.1789,0.1178
1785436263.29,31,drive,2,3.5,15.0,40.833,25.11,249.82,0.1569,0.2136,0.0396,0.2287,0.0543,0.2322,0.0621,0.0601,0.1931,0.1452,0.2185,0.0665,0.1828,0.1114
1785436263.39,31,drive,3,3.5,15.0,40.833,25.11,249.82,0.1618,0.2151,0.0435,0.2307,0.0547,0.2287,0.0572,0.0528,0.1960,0.1535,0.2234,0.0591,0.1833,0.1153
1785436264.08,31,drive,0,4.0,15.0,40.833,25.11,249.82,0.1672,0.2165,0.0459,0.2268,0.0582,0.2165,0.0587,0.0552,0.2009,0.1413,0.2175,0.0630,0.1799,0.1178
1785436264.18,31,drive,1,4.0,15.0,40.833,25.11,249.82,0.1667,0.2185,0.0435,0.2273,0.0655,0.2273,0.0621,0.0445,0.2043,0.1417,0.2229,0.0596,0.1799,0.1139
1785436264.28,31,drive,2,4.0,15.0,40.833,25.11,249.82,0.1672,0.2107,0.0494,0.2283,0.0630,0.2204,0.0616,0.0518,0.2063,0.1461,0.2195,0.0606,0.1833,0.1144
1785436264.38,31,drive,3,4.0,15.0,40.833,25.11,249.82,0.1628,0.2141,0.0533,0.2214,0.0611,0.2199,0.0577,0.0464,0.2004,0.1447,0.2185,0.0635,0.1804,0.1158
1785436265.23,102,base,0,0.0,15.0,40.773,25.11,249.82,0.1672,0.2146,0.0523,0.2263,0.0606,0.2195,0.0601,0.0567,0.2038,0.1466,0.2121,0.0606,0.1789,0.1100
1785436265.33,102,base,1,0.0,15.0,40.773,25.11,249.82,0.1608,0.2199,0.0425,0.2297,0.0591,0.2209,0.0650,0.0464,0.1999,0.1383,0.2219,0.0645,0.1764,0.1153
1785436265.43,102,base,2,0.0,15.0,40.773,25.11,249.82,0.1730,0.2053,0.0489,0.2278,0.0601,0.2209,0.0503,0.0523,0.1970,0.1471,0.2180,0.0616,0.1862,0.1114
1785436265.53,102,base,3,0.0,15.0,40.773,25.11,249.82,0.1657,0.2126,0.0499,0.2278,0.0606,0.2268,0.0533,0.0528,0.1975,0.1486,0.2204,0.0582,0.1818,0.1144
1785436266.26,102,drive,0,0.5,15.0,40.773,25.11,249.82,0.1652,0.2151,0.0489,0.2361,0.0650,0.2199,0.0582,0.0513,0.2023,0.1373,0.2121,0.0601,0.1818,0.1129
1785436266.36,102,drive,1,0.5,15.0,40.773,25.11,249.82,0.1642,0.2165,0.0503,0.2322,0.0621,0.2111,0.0591,0.0518,0.2097,0.1383,0.2185,0.0606,0.1808,0.1158
1785436266.46,102,drive,2,0.5,15.0,40.773,25.11,249.82,0.1647,0.2151,0.0469,0.2283,0.0645,0.2165,0.0596,0.0425,0.2048,0.1408,0.2190,0.0640,0.1804,0.1197
1785436266.55,102,drive,3,0.5,15.0,40.773,25.11,249.82,0.1676,0.2175,0.0464,0.2273,0.0630,0.2214,0.0577,0.0503,0.2019,0.1403,0.2195,0.0601,0.1794,0.1124
1785436267.26,102,drive,0,1.0,15.0,40.773,25.11,249.82,0.1681,0.2165,0.0455,0.2341,0.0645,0.2243,0.0601,0.0513,0.1979,0.1388,0.2170,0.0552,0.1799,0.1158
1785436267.36,102,drive,1,1.0,15.0,40.773,25.11,249.82,0.1618,0.2175,0.0484,0.2287,0.0601,0.2219,0.0606,0.0479,0.1984,0.1403,0.2165,0.0601,0.1789,0.1227
1785436267.46,102,drive,2,1.0,15.0,40.773,25.11,249.82,0.1662,0.2165,0.0499,0.2302,0.0606,0.2190,0.0601,0.0503,0.1950,0.1422,0.2146,0.0797,0.1804,0.1139
1785436267.56,102,drive,3,1.0,15.0,40.773,25.11,249.82,0.1657,0.2107,0.0469,0.2307,0.0582,0.2283,0.0621,0.0499,0.1994,0.1442,0.2175,0.0543,0.1799,0.1144
1785436268.27,102,drive,0,1.5,15.0,40.773,25.11,249.82,0.1637,0.2239,0.0494,0.2287,0.0591,0.2180,0.0587,0.0455,0.2063,0.1378,0.2239,0.0596,0.1848,0.1114
1785436268.37,102,drive,1,1.5,15.0,40.773,25.11,249.82,0.1711,0.2121,0.0489,0.2322,0.0621,0.2180,0.0606,0.0533,0.2048,0.1408,0.2175,0.0499,0.1838,0.1139
1785436268.47,102,drive,2,1.5,15.0,40.773,25.11,249.82,0.1628,0.2190,0.0445,0.2253,0.0601,0.2229,0.0645,0.0469,0.2087,0.1427,0.2224,0.0538,0.1813,0.1144
1785436268.58,102,drive,3,1.5,15.0,40.773,25.11,249.82,0.1647,0.2165,0.0518,0.2287,0.0591,0.2263,0.0630,0.0499,0.1984,0.1398,0.2185,0.0557,0.1823,0.1124
1785436269.35,102,drive,0,2.0,15.0,40.773,25.11,249.82,0.1667,0.2160,0.0469,0.2297,0.0616,0.2195,0.0596,0.0513,0.2019,0.1388,0.2151,0.0591,0.1813,0.1134
1785436269.56,102,drive,1,2.0,15.0,40.773,25.11,249.82,0.1667,0.2136,0.0445,0.2283,0.0611,0.2199,0.0587,0.0499,0.2023,0.1369,0.2165,0.0611,0.1838,0.1134
1785436269.68,102,drive,2,2.0,15.0,40.773,25.11,249.82,0.1681,0.2155,0.0459,0.2297,0.0635,0.2199,0.0587,0.0523,0.2019,0.1413,0.2175,0.0596,0.1823,0.1144
1785436269.80,102,drive,3,2.0,15.0,40.773,25.11,249.82,0.1686,0.2170,0.0469,0.2283,0.0645,0.2224,0.0577,0.0489,0.2009,0.1383,0.2180,0.0587,0.1828,0.1144
1785436270.66,102,drive,0,2.5,15.0,40.773,25.11,249.82,0.1652,0.2160,0.0474,0.2278,0.0621,0.2195,0.0596,0.0503,0.2023,0.1383,0.2170,0.0596,0.1804,0.1144
1785436270.83,102,drive,1,2.5,15.0,40.773,25.11,249.82,0.1667,0.2185,0.0484,0.2292,0.0616,0.2195,0.0577,0.0499,0.2004,0.1383,0.2190,0.0601,0.1838,0.1153
1785436270.94,102,drive,2,2.5,15.0,40.773,25.11,249.82,0.1676,0.2170,0.0474,0.2307,0.0596,0.2224,0.0591,0.0523,0.1994,0.1383,0.2151,0.0606,0.1828,0.1134
1785436271.04,102,drive,3,2.5,15.0,40.773,25.11,249.82,0.1672,0.2160,0.0484,0.2292,0.0616,0.2185,0.0601,0.0508,0.2009,0.1403,0.2141,0.0587,0.1838,0.1144
1785436271.74,102,drive,0,3.0,15.0,40.773,25.11,249.82,0.1676,0.2165,0.0479,0.2287,0.0611,0.2195,0.0611,0.0499,0.2028,0.1364,0.2170,0.0591,0.1852,0.1124
1785436271.85,102,drive,1,3.0,15.0,40.773,25.11,249.82,0.1701,0.2170,0.0474,0.2297,0.0611,0.2219,0.0591,0.0528,0.2033,0.1378,0.2165,0.0591,0.1823,0.1168
1785436271.95,102,drive,2,3.0,15.0,40.773,25.11,249.82,0.1681,0.2151,0.0474,0.2312,0.0611,0.2239,0.0601,0.0503,0.2028,0.1359,0.2175,0.0611,0.1852,0.1134
1785436272.05,102,drive,3,3.0,15.0,40.773,25.11,249.82,0.1686,0.2170,0.0459,0.2287,0.0596,0.2195,0.0591,0.0503,0.2019,0.1398,0.2185,0.0611,0.1823,0.1144
1785436272.78,102,drive,0,3.5,15.0,40.773,25.11,249.82,0.1691,0.2185,0.0479,0.2273,0.0621,0.2214,0.0591,0.0489,0.2053,0.1383,0.2185,0.0591,0.1848,0.1134
1785436272.88,102,drive,1,3.5,15.0,40.773,25.11,249.82,0.1667,0.2155,0.0494,0.2287,0.0621,0.2214,0.0601,0.0538,0.2028,0.1364,0.2146,0.0611,0.1857,0.1124
1785436272.98,102,drive,2,3.5,15.0,40.773,25.11,249.82,0.1681,0.2170,0.0469,0.2292,0.0630,0.2209,0.0591,0.0528,0.1999,0.1373,0.2180,0.0616,0.1867,0.1114
1785436273.08,102,drive,3,3.5,15.0,40.773,25.11,249.82,0.1691,0.2165,0.0474,0.2278,0.0635,0.2219,0.0582,0.0508,0.2043,0.1359,0.2155,0.0596,0.1843,0.1124
1785436273.79,102,drive,0,4.0,15.0,40.773,25.11,249.82,0.1706,0.2185,0.0469,0.2292,0.0630,0.2209,0.0577,0.0508,0.2048,0.1373,0.2180,0.0611,0.1838,0.1114
1785436273.89,102,drive,1,4.0,15.0,40.773,25.11,249.82,0.1676,0.2180,0.0494,0.2312,0.0616,0.2229,0.0591,0.0494,0.2028,0.1359,0.2195,0.0601,0.1848,0.1139
1785436273.99,102,drive,2,4.0,15.0,40.773,25.11,249.82,0.1681,0.2160,0.0489,0.2292,0.0606,0.2229,0.0601,0.0508,0.2043,0.1359,0.2170,0.0606,0.1862,0.1134
1785436274.09,102,drive,3,4.0,15.0,40.773,25.11,249.82,0.1686,0.2170,0.0484,0.2268,0.0611,0.2224,0.0601,0.0494,0.2053,0.1349,0.2180,0.0587,0.1857,0.1129
1785436274.92,33,base,0,0.0,15.0,40.753,25.11,249.82,0.1667,0.2185,0.0474,0.2287,0.0601,0.2219,0.0596,0.0499,0.2019,0.1364,0.2180,0.0596,0.1852,0.1109
1785436275.02,33,base,1,0.0,15.0,40.753,25.11,249.82,0.1681,0.2180,0.0474,0.2297,0.0640,0.2204,0.0591,0.0489,0.2053,0.1378,0.2170,0.0611,0.1838,0.1134
1785436275.12,33,base,2,0.0,15.0,40.753,25.11,249.82,0.1681,0.2170,0.0474,0.2292,0.0601,0.2214,0.0591,0.0494,0.2043,0.1364,0.2180,0.0587,0.1857,0.1163
1785436275.22,33,base,3,0.0,15.0,40.753,25.11,249.82,0.1676,0.2170,0.0464,0.2278,0.0626,0.2204,0.0591,0.0523,0.2058,0.1378,0.2175,0.0587,0.1857,0.1139
1785436275.92,33,drive,0,0.5,15.0,40.753,25.11,249.82,0.1701,0.2146,0.0455,0.2297,0.0606,0.2209,0.0577,0.0508,0.2038,0.1369,0.2180,0.0591,0.1848,0.1149
1785436276.02,33,drive,1,0.5,15.0,40.753,25.11,249.82,0.1706,0.2175,0.0479,0.2302,0.0606,0.2199,0.0587,0.0528,0.2053,0.1349,0.2214,0.0596,0.1852,0.1109
1785436276.12,33,drive,2,0.5,15.0,40.753,25.11,249.82,0.1696,0.2185,0.0469,0.2292,0.0616,0.2219,0.0572,0.0494,0.2063,0.1369,0.2195,0.0621,0.1857,0.1134
1785436276.22,33,drive,3,0.5,15.0,40.753,25.11,249.82,0.1647,0.2175,0.0464,0.2283,0.0616,0.2190,0.0606,0.0533,0.2033,0.1354,0.2190,0.0611,0.1857,0.1144
1785436276.92,33,drive,0,1.0,15.0,40.753,25.11,249.82,0.1681,0.2160,0.0469,0.2292,0.0611,0.2204,0.0606,0.0518,0.2067,0.1364,0.2180,0.0626,0.1857,0.1119
1785436277.01,33,drive,1,1.0,15.0,40.753,25.11,249.82,0.1672,0.2165,0.0484,0.2292,0.0611,0.2224,0.0587,0.0479,0.2082,0.1354,0.2199,0.0591,0.1867,0.1163
1785436277.11,33,drive,2,1.0,15.0,40.753,25.11,249.82,0.1667,0.2204,0.0489,0.2268,0.0606,0.2229,0.0582,0.0499,0.2048,0.1373,0.2209,0.0596,0.1862,0.1129
1785436277.21,33,drive,3,1.0,15.0,40.753,25.11,249.82,0.1672,0.2151,0.0469,0.2278,0.0635,0.2185,0.0596,0.0499,0.2063,0.1364,0.2170,0.0606,0.1867,0.1163
1785436277.91,33,drive,0,1.5,15.0,40.753,25.11,249.82,0.1657,0.2170,0.0474,0.2297,0.0626,0.2204,0.0577,0.0528,0.2077,0.1388,0.2195,0.0606,0.1857,0.1134
1785436278.01,33,drive,1,1.5,15.0,40.753,25.11,249.82,0.1676,0.2185,0.0474,0.2283,0.0635,0.2219,0.0567,0.0508,0.2038,0.1369,0.2195,0.0587,0.1852,0.1134
1785436278.11,33,drive,2,1.5,15.0,40.753,25.11,249.82,0.1667,0.2175,0.0469,0.2307,0.0621,0.2204,0.0596,0.0523,0.2067,0.1354,0.2199,0.0582,0.1857,0.1119
1785436278.21,33,drive,3,1.5,15.0,40.753,25.11,249.82,0.1662,0.2155,0.0464,0.2278,0.0606,0.2224,0.0587,0.0523,0.2043,0.1364,0.2195,0.0596,0.1867,0.1119
1785436278.91,33,drive,0,2.0,15.0,40.753,25.11,249.82,0.1657,0.2175,0.0489,0.2317,0.0616,0.2204,0.0577,0.0503,0.2072,0.1369,0.2190,0.0591,0.1867,0.1144
1785436279.01,33,drive,1,2.0,15.0,40.753,25.11,249.82,0.1657,0.2151,0.0469,0.2292,0.0621,0.2214,0.0587,0.0508,0.2063,0.1369,0.2199,0.0587,0.1843,0.1158
1785436279.11,33,drive,2,2.0,15.0,40.753,25.11,249.82,0.1662,0.2185,0.0469,0.2283,0.0621,0.2199,0.0591,0.0518,0.2072,0.1393,0.2195,0.0606,0.1867,0.1129
1785436279.21,33,drive,3,2.0,15.0,40.753,25.11,249.82,0.1691,0.2180,0.0474,0.2297,0.0621,0.2219,0.0596,0.0533,0.2038,0.1369,0.2204,0.0601,0.1828,0.1134
1785436279.91,33,drive,0,2.5,15.0,40.753,25.11,249.82,0.1681,0.2175,0.0484,0.2283,0.0626,0.2199,0.0577,0.0513,0.2077,0.1373,0.2190,0.0591,0.1887,0.1134
1785436280.01,33,drive,1,2.5,15.0,40.753,25.11,249.82,0.1686,0.2170,0.0469,0.2278,0.0616,0.2214,0.0582,0.0513,0.2058,0.1359,0.2224,0.0621,0.1848,0.1149
1785436280.11,33,drive,2,2.5,15.0,40.753,25.11,249.82,0.1676,0.2170,0.0459,0.2287,0.0606,0.2199,0.0591,0.0528,0.2072,0.1364,0.2229,0.0611,0.1857,0.1153
1785436280.21,33,drive,3,2.5,15.0,40.753,25.11,249.82,0.1686,0.2155,0.0479,0.2278,0.0630,0.2199,0.0582,0.0489,0.2077,0.1369,0.2195,0.0587,0.1862,0.1144
1785436280.91,33,drive,0,3.0,15.0,40.753,25.11,249.82,0.1657,0.2170,0.0484,0.2278,0.0606,0.2195,0.0582,0.0518,0.2043,0.1364,0.2209,0.0606,0.1848,0.1129
1785436281.01,33,drive,1,3.0,15.0,40.753,25.11,249.82,0.1662,0.2165,0.0455,0.2297,0.0630,0.2190,0.0577,0.0503,0.2053,0.1383,0.2199,0.0572,0.1867,0.1129
1785436281.11,33,drive,2,3.0,15.0,40.753,25.11,249.82,0.1681,0.2190,0.0474,0.2278,0.0611,0.2209,0.0596,0.0513,0.2063,0.1359,0.2204,0.0606,0.1857,0.1149
1785436281.21,33,drive,3,3.0,15.0,40.753,25.11,249.82,0.1667,0.2165,0.0484,0.2302,0.0626,0.2190,0.0587,0.0503,0.2067,0.1364,0.2190,0.0591,0.1843,0.1134
1785436281.91,33,drive,0,3.5,15.0,40.753,25.11,249.82,0.1662,0.2175,0.0489,0.2302,0.0596,0.2199,0.0587,0.0513,0.2072,0.1354,0.2209,0.0616,0.1848,0.1124
1785436282.01,33,drive,1,3.5,15.0,40.753,25.11,249.82,0.1662,0.2180,0.0455,0.2287,0.0606,0.2204,0.0601,0.0533,0.2043,0.1369,0.2224,0.0621,0.1843,0.1139
1785436282.11,33,drive,2,3.5,15.0,40.753,25.11,249.82,0.1681,0.2180,0.0469,0.2268,0.0626,0.2209,0.0577,0.0513,0.2053,0.1359,0.2224,0.0611,0.1852,0.1158
1785436282.21,33,drive,3,3.5,15.0,40.753,25.11,249.82,0.1676,0.2175,0.0469,0.2268,0.0640,0.2204,0.0582,0.0503,0.2072,0.1378,0.2229,0.0601,0.1867,0.1134
1785436282.91,33,drive,0,4.0,15.0,40.753,25.11,249.82,0.1642,0.2170,0.0459,0.2273,0.0606,0.2209,0.0572,0.0489,0.2077,0.1364,0.2204,0.0601,0.1882,0.1139
1785436283.01,33,drive,1,4.0,15.0,40.753,25.11,249.82,0.1672,0.2209,0.0494,0.2283,0.0611,0.2195,0.0591,0.0513,0.2048,0.1373,0.2209,0.0587,0.1857,0.1139
1785436283.10,33,drive,2,4.0,15.0,40.753,25.11,249.82,0.1662,0.2155,0.0474,0.2287,0.0635,0.2180,0.0587,0.0528,0.2048,0.1364,0.2204,0.0601,0.1857,0.1119
1785436283.20,33,drive,3,4.0,15.0,40.753,25.11,249.82,0.1701,0.2175,0.0464,0.2268,0.0626,0.2190,0.0577,0.0499,0.2058,0.1378,0.2224,0.0616,0.1867,0.1134
1785436284.03,105,base,0,0.0,15.0,40.753,25.11,249.82,0.1676,0.2175,0.0503,0.2283,0.0640,0.2180,0.0572,0.0528,0.2053,0.1398,0.2209,0.0591,0.1862,0.1144
1785436284.13,105,base,1,0.0,15.0,40.753,25.11,249.82,0.1672,0.2195,0.0503,0.2258,0.0630,0.2195,0.0601,0.0513,0.2053,0.1369,0.2199,0.0611,0.1852,0.1149
1785436284.23,105,base,2,0.0,15.0,40.753,25.11,249.82,0.1676,0.2204,0.0420,0.2283,0.0635,0.2185,0.0587,0.0528,0.2043,0.1388,0.2209,0.0601,0.1848,0.1129
1785436284.33,105,base,3,0.0,15.0,40.753,25.11,249.82,0.1652,0.2175,0.0479,0.2297,0.0626,0.2160,0.0582,0.0528,0.2063,0.1364,0.2234,0.0587,0.1848,0.1134
1785436285.03,105,drive,0,0.5,15.0,40.753,25.11,249.82,0.1676,0.2160,0.0474,0.2263,0.0626,0.2185,0.0596,0.0533,0.2053,0.1373,0.2214,0.0572,0.1848,0.1139
1785436285.13,105,drive,1,0.5,15.0,40.753,25.11,249.82,0.1672,0.2175,0.0484,0.2268,0.0621,0.2195,0.0601,0.0499,0.2048,0.1388,0.2214,0.0572,0.1862,0.1144
1785436285.23,105,drive,2,0.5,15.0,40.753,25.11,249.82,0.1667,0.2204,0.0474,0.2263,0.0626,0.2199,0.0572,0.0528,0.2038,0.1364,0.2190,0.0621,0.1872,0.1129
1785436285.33,105,drive,3,0.5,15.0,40.753,25.11,249.82,0.1657,0.2190,0.0450,0.2263,0.0606,0.2180,0.0591,0.0474,0.2053,0.1383,0.2224,0.0587,0.1843,0.1149
1785436286.02,105,drive,0,1.0,15.0,40.753,25.11,249.82,0.1701,0.2180,0.0464,0.2273,0.0621,0.2165,0.0572,0.0494,0.2058,0.1388,0.2239,0.0601,0.1872,0.1134
1785436286.12,105,drive,1,1.0,15.0,40.753,25.11,249.82,0.1672,0.2185,0.0459,0.2283,0.0611,0.2190,0.0591,0.0508,0.2072,0.1373,0.2234,0.0577,0.1843,0.1158
1785436286.22,105,drive,2,1.0,15.0,40.753,25.11,249.82,0.1662,0.2204,0.0469,0.2253,0.0601,0.2204,0.0587,0.0494,0.2067,0.1393,0.2224,0.0601,0.1857,0.1134
1785436286.32,105,drive,3,1.0,15.0,40.753,25.11,249.82,0.1672,0.2170,0.0479,0.2268,0.0626,0.2185,0.0582,0.0494,0.2072,0.1373,0.2224,0.0621,0.1852,0.1124
1785436287.03,105,drive,0,1.5,15.0,40.753,25.11,249.82,0.1730,0.2234,0.0464,0.1901,0.0748,0.2483,0.0718,0.0552,0.1989,0.1457,0.2419,0.0582,0.1730,0.1549
1785436287.13,105,drive,1,1.5,15.0,40.753,25.11,249.82,0.1716,0.2253,0.0479,0.1887,0.0743,0.2488,0.0733,0.0543,0.1965,0.1471,0.2439,0.0582,0.1725,0.1535
1785436287.22,105,drive,2,1.5,15.0,40.753,25.11,249.82,0.1716,0.2239,0.0494,0.1940,0.0733,0.2478,0.0704,0.0518,0.1960,0.1442,0.2429,0.0577,0.1740,0.1544
1785436287.32,105,drive,3,1.5,15.0,40.753,25.11,249.82,0.1725,0.2253,0.0518,0.1945,0.0728,0.2483,0.0718,0.0533,0.1945,0.1471,0.2414,0.0572,0.1730,0.1554
1785436288.03,105,drive,0,2.0,15.0,40.753,25.11,249.82,0.1760,0.2278,0.0484,0.1872,0.0792,0.2507,0.0714,0.0518,0.1935,0.1471,0.2380,0.0582,0.1691,0.1549
1785436288.13,105,drive,1,2.0,15.0,40.753,25.11,249.82,0.1735,0.2248,0.0494,0.1872,0.0767,0.2488,0.0704,0.0557,0.1896,0.1432,0.2385,0.0567,0.1696,0.1530
1785436288.23,105,drive,2,2.0,15.0,40.753,25.11,249.82,0.1711,0.2263,0.0503,0.1901,0.0753,0.2507,0.0689,0.0562,0.1931,0.1427,0.2370,0.0587,0.1706,0.1535
1785436288.33,105,drive,3,2.0,15.0,40.753,25.11,249.82,0.1740,0.2258,0.0489,0.1882,0.0758,0.2527,0.0704,0.0533,0.1906,0.1461,0.2385,0.0572,0.1686,0.1530
1785436289.03,105,drive,0,2.5,15.0,40.753,25.11,249.82,0.1730,0.2239,0.0489,0.1999,0.0762,0.2463,0.0694,0.0557,0.1926,0.1442,0.2366,0.0572,0.1676,0.1525
1785436289.12,105,drive,1,2.5,15.0,40.753,25.11,249.82,0.1730,0.2297,0.0503,0.1984,0.0772,0.2463,0.0728,0.0538,0.1887,0.1452,0.2380,0.0577,0.1691,0.1525
1785436289.22,105,drive,2,2.5,15.0,40.753,25.11,249.82,0.1720,0.2253,0.0494,0.1935,0.0772,0.2507,0.0733,0.0528,0.1901,0.1471,0.2370,0.0587,0.1676,0.1535
1785436289.32,105,drive,3,2.5,15.0,40.753,25.11,249.82,0.1730,0.2278,0.0489,0.1862,0.0787,0.2537,0.0704,0.0562,0.1906,0.1408,0.2361,0.0567,0.1667,0.1554
1785436290.03,105,drive,0,3.0,15.0,40.753,25.11,249.82,0.1725,0.2268,0.0499,0.1857,0.0767,0.2527,0.0723,0.0538,0.1887,0.1437,0.2351,0.0572,0.1652,0.1544
1785436290.12,105,drive,1,3.0,15.0,40.753,25.11,249.82,0.1735,0.2263,0.0499,0.1862,0.0762,0.2551,0.0684,0.0547,0.1891,0.1432,0.2336,0.0552,0.1657,0.1569
1785436290.22,105,drive,2,3.0,15.0,40.753,25.11,249.82,0.1735,0.2258,0.0479,0.1872,0.0787,0.2551,0.0709,0.0557,0.1877,0.1417,0.2346,0.0577,0.1681,0.1540
1785436290.32,105,drive,3,3.0,15.0,40.753,25.11,249.82,0.1730,0.2273,0.0499,0.1862,0.0806,0.2517,0.0704,0.0567,0.1882,0.1413,0.2341,0.0601,0.1647,0.1544
1785436291.03,105,drive,0,3.5,15.0,40.753,25.11,249.82,0.1764,0.2292,0.0494,0.1857,0.0797,0.2542,0.0704,0.0543,0.1862,0.1442,0.2322,0.0567,0.1623,0.1535
1785436291.13,105,drive,1,3.5,15.0,40.753,25.11,249.82,0.1735,0.2283,0.0499,0.1852,0.0797,0.2551,0.0684,0.0557,0.1867,0.1403,0.2297,0.0582,0.1613,0.1549
1785436291.23,105,drive,2,3.5,15.0,40.753,25.11,249.82,0.1750,0.2273,0.0508,0.1891,0.0802,0.2542,0.0684,0.0538,0.1877,0.1417,0.2341,0.0596,0.1623,0.1544
1785436291.33,105,drive,3,3.5,15.0,40.753,25.11,249.82,0.1740,0.2307,0.0513,0.1848,0.0797,0.2551,0.0718,0.0528,0.1877,0.1408,0.2346,0.0596,0.1632,0.1540
1785436292.03,105,drive,0,4.0,15.0,40.753,25.11,249.82,0.1755,0.2287,0.0489,0.1887,0.0777,0.2551,0.0699,0.0533,0.1867,0.1432,0.2317,0.0567,0.1618,0.1559
1785436292.13,105,drive,1,4.0,15.0,40.753,25.11,249.82,0.1750,0.2287,0.0494,0.1867,0.0777,0.2546,0.0704,0.0538,0.1882,0.1422,0.2297,0.0577,0.1618,0.1574
1785436292.23,105,drive,2,4.0,15.0,40.753,25.11,249.82,0.1745,0.2302,0.0484,0.1882,0.0787,0.2566,0.0723,0.0523,0.1887,0.1437,0.2278,0.0587,0.1628,0.1544
1785436292.33,105,drive,3,4.0,15.0,40.753,25.11,249.82,0.1755,0.2278,0.0489,0.1838,0.0806,0.2556,0.0699,0.0518,0.1887,0.1427,0.2307,0.0601,0.1623,0.1554
1785436293.13,104,base,0,0.0,15.0,40.773,25.11,249.82,0.1706,0.2292,0.0494,0.1872,0.0811,0.2561,0.0704,0.0547,0.1848,0.1427,0.2312,0.0572,0.1613,0.1549
1785436293.23,104,base,1,0.0,15.0,40.773,25.11,249.82,0.1725,0.2322,0.0474,0.1887,0.0792,0.2571,0.0704,0.0557,0.1857,0.1413,0.2283,0.0582,0.1608,0.1505
1785436293.33,104,base,2,0.0,15.0,40.773,25.11,249.82,0.1755,0.2331,0.0499,0.1896,0.0787,0.2561,0.0728,0.0523,0.1862,0.1437,0.2287,0.0562,0.1603,0.1574
1785436293.42,104,base,3,0.0,15.0,40.773,25.11,249.82,0.1730,0.2273,0.0494,0.1872,0.0802,0.2566,0.0723,0.0552,0.1877,0.1417,0.2287,0.0582,0.1628,0.1559
1785436294.12,104,drive,0,0.5,15.0,40.773,25.11,249.82,0.1764,0.2292,0.0484,0.1852,0.0811,0.2571,0.0723,0.0538,0.1857,0.1447,0.2292,0.0572,0.1603,0.1569
1785436294.22,104,drive,1,0.5,15.0,40.773,25.11,249.82,0.1760,0.2287,0.0503,0.1862,0.0816,0.2561,0.0704,0.0552,0.1857,0.1417,0.2287,0.0582,0.1593,0.1554
1785436294.32,104,drive,2,0.5,15.0,40.773,25.11,249.82,0.1735,0.2307,0.0499,0.1848,0.0802,0.2546,0.0699,0.0562,0.1852,0.1408,0.2278,0.0567,0.1608,0.1559
1785436294.42,104,drive,3,0.5,15.0,40.773,25.11,249.82,0.1750,0.2287,0.0499,0.1896,0.0802,0.2551,0.0709,0.0562,0.1877,0.1388,0.2268,0.0567,0.1618,0.1535
1785436295.12,104,drive,0,1.0,15.0,40.773,25.11,249.82,0.1750,0.2307,0.0513,0.1872,0.0797,0.2576,0.0728,0.0518,0.1877,0.1403,0.2268,0.0587,0.1608,0.1540
1785436295.22,104,drive,1,1.0,15.0,40.773,25.11,249.82,0.1760,0.2292,0.0499,0.1877,0.0777,0.2571,0.0704,0.0533,0.1867,0.1408,0.2258,0.0596,0.1603,0.1535
1785436295.32,104,drive,2,1.0,15.0,40.773,25.11,249.82,0.1774,0.2283,0.0523,0.1838,0.0816,0.2595,0.0699,0.0528,0.1877,0.1408,0.2273,0.0582,0.1623,0.1540
1785436295.42,104,drive,3,1.0,15.0,40.773,25.11,249.82,0.1755,0.2322,0.0464,0.1852,0.0811,0.2576,0.0699,0.0528,0.1877,0.1413,0.2278,0.0591,0.1603,0.1535
1785436296.12,104,drive,0,1.5,15.0,40.773,25.11,249.82,0.1764,0.2307,0.0494,0.1852,0.0811,0.2566,0.0714,0.0538,0.1872,0.1398,0.2273,0.0582,0.1613,0.1520
1785436296.22,104,drive,1,1.5,15.0,40.773,25.11,249.82,0.1725,0.2322,0.0479,0.1848,0.0802,0.2561,0.0689,0.0528,0.1862,0.1383,0.2263,0.0596,0.1623,0.1549
1785436296.31,104,drive,2,1.5,15.0,40.773,25.11,249.82,0.1799,0.2302,0.0503,0.1872,0.0806,0.2551,0.0699,0.0552,0.1882,0.1388,0.2234,0.0596,0.1603,0.1544
1785436296.41,104,drive,3,1.5,15.0,40.773,25.11,249.82,0.1740,0.2307,0.0494,0.1877,0.0806,0.2581,0.0704,0.0538,0.1877,0.1398,0.2248,0.0572,0.1603,0.1544
1785436297.12,104,drive,0,2.0,15.0,40.773,25.11,249.82,0.1745,0.2297,0.0484,0.1857,0.0802,0.2561,0.0709,0.0533,0.1872,0.1378,0.2229,0.0577,0.1603,0.1515
1785436297.22,104,drive,1,2.0,15.0,40.773,25.11,249.82,0.1764,0.2287,0.0474,0.1877,0.0792,0.2566,0.0699,0.0557,0.1848,0.1398,0.2243,0.0572,0.1603,0.1559
1785436297.32,104,drive,2,2.0,15.0,40.773,25.11,249.82,0.1745,0.2278,0.0518,0.1857,0.0792,0.2581,0.0699,0.0547,0.1882,0.1408,0.2234,0.0567,0.1637,0.1544
1785436297.42,104,drive,3,2.0,15.0,40.773,25.11,249.82,0.1735,0.2287,0.0499,0.1877,0.0792,0.2581,0.0704,0.0533,0.1882,0.1398,0.2248,0.0572,0.1603,0.1559
1785436298.12,104,drive,0,2.5,15.0,40.773,25.11,249.82,0.1750,0.2322,0.0494,0.1848,0.0806,0.2556,0.0709,0.0528,0.1867,0.1378,0.2229,0.0591,0.1628,0.1569
1785436298.22,104,drive,1,2.5,15.0,40.773,25.11,249.82,0.1745,0.2322,0.0479,0.1857,0.0806,0.2566,0.0689,0.0533,0.1867,0.1383,0.2234,0.0572,0.1603,0.1559
1785436298.32,104,drive,2,2.5,15.0,40.773,25.11,249.82,0.1740,0.2287,0.0494,0.1848,0.0797,0.2566,0.0694,0.0533,0.1882,0.1398,0.2224,0.0587,0.1613,0.1564
1785436298.42,104,drive,3,2.5,15.0,40.773,25.11,249.82,0.1745,0.2312,0.0513,0.1848,0.0797,0.2586,0.0689,0.0528,0.1891,0.1378,0.2243,0.0572,0.1593,0.1549
1785436299.12,104,drive,0,3.0,15.0,40.773,25.11,249.82,0.1750,0.2287,0.0484,0.1833,0.0802,0.2542,0.0704,0.0557,0.1887,0.1369,0.2209,0.0582,0.1603,0.1569
1785436299.22,104,drive,1,3.0,15.0,40.773,25.11,249.82,0.1760,0.2322,0.0503,0.1857,0.0792,0.2571,0.0714,0.0528,0.1887,0.1373,0.2224,0.0582,0.1598,0.1549
1785436299.31,104,drive,2,3.0,15.0,40.773,25.11,249.82,0.1745,0.2302,0.0518,0.1862,0.0816,0.2566,0.0709,0.0567,0.1877,0.1349,0.2224,0.0587,0.1613,0.1520
1785436299.41,104,drive,3,3.0,15.0,40.773,25.11,249.82,0.1735,0.2307,0.0484,0.1852,0.0806,0.2551,0.0694,0.0523,0.1891,0.1373,0.2234,0.0587,0.1623,0.1540
1785436300.11,104,drive,0,3.5,15.0,40.773,25.11,249.82,0.1769,0.2312,0.0503,0.1862,0.0806,0.2561,0.0694,0.0547,0.1882,0.1369,0.2224,0.0591,0.1613,0.1569
1785436300.21,104,drive,1,3.5,15.0,40.773,25.11,249.82,0.1760,0.2317,0.0508,0.1818,0.0782,0.2571,0.0704,0.0523,0.1896,0.1369,0.2234,0.0606,0.1628,0.1549
1785436300.31,104,drive,2,3.5,15.0,40.773,25.11,249.82,0.1745,0.2312,0.0489,0.1867,0.0792,0.2586,0.0709,0.0528,0.1882,0.1378,0.2219,0.0596,0.1613,0.1544
1785436300.41,104,drive,3,3.5,15.0,40.773,25.11,249.82,0.1735,0.2297,0.0503,0.1852,0.0802,0.2581,0.0684,0.0547,0.1887,0.1359,0.2234,0.0601,0.1628,0.1535
1785436301.11,104,drive,0,4.0,15.0,40.773,25.11,249.82,0.1764,0.2317,0.0513,0.1862,0.0797,0.2542,0.0704,0.0547,0.1877,0.1364,0.2224,0.0582,0.1628,0.1540
1785436301.20,104,drive,1,4.0,15.0,40.773,25.11,249.82,0.1725,0.2302,0.0484,0.1872,0.0792,0.2542,0.0684,0.0533,0.1882,0.1349,0.2229,0.0606,0.1598,0.1554
1785436301.30,104,drive,2,4.0,15.0,40.773,25.11,249.82,0.1764,0.2273,0.0494,0.1843,0.0811,0.2546,0.0714,0.0538,0.1891,0.1354,0.2234,0.0591,0.1623,0.1540
1785436301.40,104,drive,3,4.0,15.0,40.773,25.11,249.82,0.1735,0.2287,0.0489,0.1828,0.0802,0.2546,0.0704,0.0552,0.1882,0.1364,0.2224,0.0591,0.1632,0.1535
1785436302.22,103,base,0,0.0,15.0,40.773,25.11,249.82,0.1745,0.2302,0.0484,0.1862,0.0811,0.2561,0.0684,0.0543,0.1882,0.1373,0.2214,0.0596,0.1608,0.1549
1785436302.32,103,base,1,0.0,15.0,40.773,25.11,249.82,0.1750,0.2317,0.0499,0.1843,0.0792,0.2566,0.0694,0.0528,0.1891,0.1388,0.2234,0.0596,0.1642,0.1549
1785436302.42,103,base,2,0.0,15.0,40.773,25.11,249.82,0.1745,0.2287,0.0503,0.1843,0.0802,0.2566,0.0704,0.0533,0.1891,0.1369,0.2229,0.0543,0.1637,0.1535
1785436302.52,103,base,3,0.0,15.0,40.773,25.11,249.82,0.1755,0.2287,0.0494,0.1852,0.0802,0.2566,0.0684,0.0538,0.1867,0.1369,0.2229,0.0582,0.1608,0.1544
1785436303.23,103,drive,0,0.5,15.0,40.773,25.11,249.82,0.1735,0.2292,0.0503,0.1843,0.0787,0.2537,0.0709,0.0538,0.1882,0.1359,0.2234,0.0587,0.1642,0.1544
1785436303.32,103,drive,1,0.5,15.0,40.773,25.11,249.82,0.1750,0.2283,0.0508,0.1833,0.0782,0.2561,0.0709,0.0547,0.1862,0.1373,0.2248,0.0572,0.1637,0.1535
1785436303.42,103,drive,2,0.5,15.0,40.773,25.11,249.82,0.1764,0.2287,0.0484,0.1852,0.0787,0.2561,0.0709,0.0523,0.1901,0.1354,0.2234,0.0591,0.1618,0.1549
1785436303.52,103,drive,3,0.5,15.0,40.773,25.11,249.82,0.1730,0.2287,0.0503,0.1838,0.0777,0.2537,0.0689,0.0543,0.1872,0.1359,0.2243,0.0596,0.1632,0.1540
1785436304.23,103,drive,0,1.0,15.0,40.773,25.11,249.82,0.1745,0.2317,0.0503,0.1848,0.0797,0.2556,0.0704,0.0538,0.1857,0.1369,0.2229,0.0606,0.1603,0.1535
1785436304.33,103,drive,1,1.0,15.0,40.773,25.11,249.82,0.1745,0.2302,0.0503,0.1857,0.0792,0.2546,0.0699,0.0543,0.1887,0.1344,0.2219,0.0572,0.1632,0.1554
1785436304.43,103,drive,2,1.0,15.0,40.773,25.11,249.82,0.1769,0.2331,0.0499,0.1813,0.0816,0.2581,0.0704,0.0528,0.1896,0.1354,0.2219,0.0591,0.1628,0.1544
1785436304.52,103,drive,3,1.0,15.0,40.773,25.11,249.82,0.1740,0.2302,0.0499,0.1862,0.0787,0.2537,0.0709,0.0523,0.1862,0.1369,0.2234,0.0591,0.1642,0.1540
1785436305.24,103,drive,0,1.5,15.0,40.773,25.11,249.82,0.1730,0.2278,0.0503,0.1848,0.0802,0.2556,0.0699,0.0552,0.1891,0.1369,0.2214,0.0582,0.1647,0.1554
1785436305.34,103,drive,1,1.5,15.0,40.773,25.11,249.82,0.1730,0.2302,0.0499,0.1848,0.0767,0.2586,0.0704,0.0562,0.1872,0.1364,0.2243,0.0572,0.1642,0.1549
1785436305.44,103,drive,2,1.5,15.0,40.773,25.11,249.82,0.1740,0.2283,0.0489,0.1852,0.0743,0.2551,0.0718,0.0533,0.1877,0.1334,0.2243,0.0582,0.1628,0.1535
1785436305.54,103,drive,3,1.5,15.0,40.773,25.11,249.82,0.1735,0.2297,0.0499,0.1848,0.0782,0.2551,0.0714,0.0547,0.1887,0.1339,0.2243,0.0601,0.1662,0.1549
1785436306.24,103,drive,0,2.0,15.0,40.773,25.11,249.82,0.1740,0.2292,0.0503,0.1848,0.0767,0.2542,0.0694,0.0552,0.1882,0.1349,0.2248,0.0562,0.1628,0.1554
1785436306.34,103,drive,1,2.0,15.0,40.773,25.11,249.82,0.1750,0.2283,0.0474,0.1838,0.0816,0.2537,0.0674,0.0518,0.1887,0.1359,0.2219,0.0567,0.1623,0.1549
1785436306.44,103,drive,2,2.0,15.0,40.773,25.11,249.82,0.1750,0.2297,0.0489,0.1862,0.0782,0.2537,0.0689,0.0538,0.1891,0.1344,0.2234,0.0582,0.1642,0.1549
1785436306.54,103,drive,3,2.0,15.0,40.773,25.11,249.82,0.1720,0.2302,0.0518,0.1862,0.0748,0.2542,0.0714,0.0533,0.1896,0.1354,0.2209,0.0567,0.1642,0.1544
1785436307.24,103,drive,0,2.5,15.0,40.773,25.11,249.82,0.1769,0.2297,0.0499,0.1852,0.0777,0.2556,0.0718,0.0508,0.1882,0.1354,0.2224,0.0577,0.1618,0.1564
1785436307.33,103,drive,1,2.5,15.0,40.773,25.11,249.82,0.1760,0.2287,0.0489,0.1833,0.0762,0.2566,0.0684,0.0538,0.1872,0.1373,0.2234,0.0596,0.1647,0.1549
1785436307.43,103,drive,2,2.5,15.0,40.773,25.11,249.82,0.1740,0.2268,0.0513,0.1852,0.0772,0.2542,0.0684,0.0538,0.1872,0.1373,0.2229,0.0567,0.1628,0.1544
1785436307.53,103,drive,3,2.5,15.0,40.773,25.11,249.82,0.1750,0.2273,0.0489,0.1852,0.0782,0.2542,0.0704,0.0538,0.1891,0.1369,0.2243,0.0582,0.1632,0.1530
1785436308.23,103,drive,0,3.0,15.0,40.773,25.11,249.82,0.1730,0.2273,0.0494,0.1833,0.0792,0.2517,0.0694,0.0538,0.1872,0.1354,0.2243,0.0577,0.1642,0.1544
1785436308.33,103,drive,1,3.0,15.0,40.773,25.11,249.82,0.1750,0.2258,0.0513,0.1852,0.0767,0.2542,0.0704,0.0518,0.1867,0.1364,0.2229,0.0577,0.1637,0.1554
1785436308.43,103,drive,2,3.0,15.0,40.773,25.11,249.82,0.1760,0.2292,0.0484,0.1852,0.0792,0.2566,0.0704,0.0528,0.1877,0.1349,0.2243,0.0572,0.1623,0.1530
1785436308.53,103,drive,3,3.0,15.0,40.773,25.11,249.82,0.1755,0.2283,0.0499,0.1848,0.0792,0.2527,0.0679,0.0562,0.1872,0.1344,0.2229,0.0582,0.1632,0.1564
1785436309.23,103,drive,0,3.5,15.0,40.773,25.11,249.82,0.1750,0.2263,0.0528,0.1828,0.0777,0.2542,0.0689,0.0547,0.1852,0.1359,0.2239,0.0577,0.1608,0.1549
1785436309.33,103,drive,1,3.5,15.0,40.773,25.11,249.82,0.1720,0.2278,0.0499,0.1833,0.0767,0.2542,0.0709,0.0528,0.1877,0.1354,0.2243,0.0587,0.1657,0.1530
1785436309.43,103,drive,2,3.5,15.0,40.773,25.11,249.82,0.1735,0.2302,0.0484,0.1838,0.0772,0.2522,0.0694,0.0552,0.1872,0.1325,0.2253,0.0587,0.1652,0.1525
1785436309.53,103,drive,3,3.5,15.0,40.773,25.11,249.82,0.1745,0.2263,0.0503,0.1848,0.0772,0.2537,0.0709,0.0518,0.1867,0.1364,0.2263,0.0547,0.1618,0.1564
1785436310.23,103,drive,0,4.0,15.0,40.773,25.11,249.82,0.1755,0.2278,0.0484,0.1848,0.0772,0.2532,0.0704,0.0547,0.1867,0.1364,0.2263,0.0587,0.1642,0.1564
1785436310.33,103,drive,1,4.0,15.0,40.773,25.11,249.82,0.1711,0.2278,0.0503,0.1838,0.0762,0.2551,0.0704,0.0528,0.1867,0.1359,0.2268,0.0572,0.1613,0.1549
1785436310.43,103,drive,2,4.0,15.0,40.773,25.11,249.82,0.1745,0.2258,0.0494,0.1823,0.0787,0.2532,0.0694,0.0547,0.1867,0.1364,0.2248,0.0582,0.1657,0.1544
1785436310.52,103,drive,3,4.0,15.0,40.773,25.11,249.82,0.1735,0.2248,0.0513,0.1813,0.0767,0.2542,0.0689,0.0557,0.1867,0.1364,0.2263,0.0562,0.1623,0.1554
1785436311.32,41,base,0,0.0,15.0,40.773,25.11,249.82,0.1740,0.2283,0.0489,0.1808,0.0767,0.2507,0.0704,0.0552,0.1852,0.1339,0.2278,0.0582,0.1613,0.1554
1785436311.41,41,base,1,0.0,15.0,40.773,25.11,249.82,0.1735,0.2258,0.0508,0.1818,0.0743,0.2537,0.0704,0.0543,0.1848,0.1349,0.2263,0.0587,0.1613,0.1554
1785436311.51,41,base,2,0.0,15.0,40.773,25.11,249.82,0.1735,0.2263,0.0494,0.1828,0.0782,0.2537,0.0679,0.0543,0.1857,0.1344,0.2243,0.0562,0.1613,0.1564
1785436311.61,41,base,3,0.0,15.0,40.773,25.11,249.82,0.1740,0.2253,0.0513,0.1818,0.0782,0.2527,0.0709,0.0523,0.1848,0.1359,0.2273,0.0582,0.1623,0.1564
1785436312.31,41,drive,0,0.5,15.0,40.773,25.11,249.82,0.1706,0.2283,0.0523,0.1828,0.0753,0.2537,0.0694,0.0552,0.1823,0.1373,0.2263,0.0567,0.1652,0.1554
1785436312.41,41,drive,1,0.5,15.0,40.773,25.11,249.82,0.1740,0.2268,0.0508,0.1843,0.0772,0.2527,0.0670,0.0528,0.1857,0.1383,0.2258,0.0577,0.1637,0.1544
1785436312.51,41,drive,2,0.5,15.0,40.773,25.11,249.82,0.1725,0.2268,0.0508,0.1843,0.0767,0.2498,0.0684,0.0552,0.1843,0.1378,0.2263,0.0587,0.1618,0.1544
1785436312.61,41,drive,3,0.5,15.0,40.773,25.11,249.82,0.1740,0.2258,0.0508,0.1818,0.0772,0.2517,0.0684,0.0523,0.1848,0.1364,0.2268,0.0572,0.1618,0.1564
1785436313.31,41,drive,0,1.0,15.0,40.773,25.11,249.82,0.1735,0.2263,0.0499,0.1828,0.0758,0.2542,0.0674,0.0528,0.1818,0.1354,0.2263,0.0582,0.1623,0.1525
1785436313.41,41,drive,1,1.0,15.0,40.773,25.11,249.82,0.1730,0.2263,0.0503,0.1813,0.0772,0.2502,0.0665,0.0552,0.1857,0.1369,0.2258,0.0552,0.1598,0.1540
1785436313.51,41,drive,2,1.0,15.0,40.773,25.11,249.82,0.1740,0.2253,0.0494,0.1813,0.0772,0.2527,0.0679,0.0533,0.1852,0.1344,0.2268,0.0567,0.1593,0.1549
1785436313.61,41,drive,3,1.0,15.0,40.773,25.11,249.82,0.1735,0.2258,0.0489,0.1843,0.0772,0.2537,0.0660,0.0547,0.1852,0.1388,0.2258,0.0562,0.1608,0.1559
1785436314.31,41,drive,0,1.5,15.0,40.773,25.11,249.82,0.1735,0.2253,0.0494,0.1828,0.0758,0.2512,0.0655,0.0538,0.1838,0.1364,0.2283,0.0562,0.1584,0.1554
1785436314.41,41,drive,1,1.5,15.0,40.773,25.11,249.82,0.1725,0.2248,0.0513,0.1833,0.0743,0.2537,0.0684,0.0538,0.1828,0.1369,0.2224,0.0557,0.1598,0.1554
1785436314.51,41,drive,2,1.5,15.0,40.773,25.11,249.82,0.1711,0.2268,0.0503,0.1828,0.0748,0.2532,0.0684,0.0503,0.1813,0.1369,0.2248,0.0591,0.1579,0.1530
1785436314.61,41,drive,3,1.5,15.0,40.773,25.11,249.82,0.1730,0.2273,0.0503,0.1838,0.0738,0.2556,0.0704,0.0508,0.1818,0.1354,0.2283,0.0591,0.1584,0.1530
1785436315.31,41,drive,0,2.0,15.0,40.773,25.11,249.82,0.1735,0.2278,0.0503,0.1823,0.0723,0.2507,0.0699,0.0538,0.1808,0.1349,0.2258,0.0572,0.1584,0.1549
1785436315.41,41,drive,1,2.0,15.0,40.773,25.11,249.82,0.1740,0.2263,0.0508,0.1852,0.0753,0.2522,0.0694,0.0547,0.1818,0.1359,0.2268,0.0562,0.1579,0.1540
1785436315.51,41,drive,2,2.0,15.0,40.773,25.11,249.82,0.1735,0.2268,0.0508,0.1852,0.0738,0.2527,0.0694,0.0533,0.1794,0.1388,0.2268,0.0582,0.1584,0.1559
1785436315.61,41,drive,3,2.0,15.0,40.773,25.11,249.82,0.1725,0.2273,0.0499,0.1862,0.0743,0.2527,0.0679,0.0518,0.1813,0.1373,0.2253,0.0567,0.1579,0.1525
1785436316.31,41,drive,0,2.5,15.0,40.773,25.11,249.82,0.1735,0.2268,0.0499,0.1843,0.0733,0.2537,0.0684,0.0557,0.1799,0.1364,0.2258,0.0557,0.1569,0.1554
1785436316.41,41,drive,1,2.5,15.0,40.773,25.11,249.82,0.1735,0.2263,0.0513,0.1838,0.0723,0.2517,0.0679,0.0543,0.1808,0.1383,0.2234,0.0577,0.1579,0.1549
1785436316.51,41,drive,2,2.5,15.0,40.773,25.11,249.82,0.1745,0.2263,0.0508,0.1848,0.0753,0.2532,0.0704,0.0528,0.1804,0.1369,0.2263,0.0572,0.1559,0.1569
1785436316.61,41,drive,3,2.5,15.0,40.773,25.11,249.82,0.1725,0.2268,0.0503,0.1833,0.0743,0.2566,0.0694,0.0533,0.1789,0.1383,0.2248,0.0572,0.1574,0.1554
1785436317.31,41,drive,0,3.0,15.0,40.773,25.11,249.82,0.1725,0.2268,0.0484,0.1838,0.0753,0.2517,0.0674,0.0557,0.1823,0.1398,0.2239,0.0567,0.1588,0.1549
1785436317.41,41,drive,1,3.0,15.0,40.773,25.11,249.82,0.1725,0.2248,0.0494,0.1867,0.0743,0.2522,0.0709,0.0538,0.1779,0.1349,0.2253,0.0567,0.1588,0.1544
1785436317.51,41,drive,2,3.0,15.0,40.773,25.11,249.82,0.1706,0.2273,0.0479,0.1848,0.0714,0.2551,0.0679,0.0508,0.1784,0.1388,0.2263,0.0591,0.1574,0.1544
1785436317.61,41,drive,3,3.0,15.0,40.773,25.11,249.82,0.1735,0.2268,0.0499,0.1862,0.0743,0.2522,0.0694,0.0547,0.1789,0.1373,0.2253,0.0557,0.1574,0.1535
1785436318.31,41,drive,0,3.5,15.0,40.773,25.11,249.82,0.1706,0.2268,0.0508,0.1872,0.0728,0.2551,0.0694,0.0533,0.1774,0.1373,0.2273,0.0601,0.1549,0.1544
1785436318.41,41,drive,1,3.5,15.0,40.773,25.11,249.82,0.1725,0.2273,0.0499,0.1852,0.0738,0.2546,0.0689,0.0518,0.1769,0.1378,0.2239,0.0572,0.1554,0.1544
1785436318.51,41,drive,2,3.5,15.0,40.773,25.11,249.82,0.1701,0.2273,0.0518,0.1852,0.0714,0.2532,0.0694,0.0533,0.1774,0.1378,0.2239,0.0577,0.1559,0.1535
1785436318.61,41,drive,3,3.5,15.0,40.773,25.11,249.82,0.1711,0.2239,0.0513,0.1848,0.0723,0.2551,0.0679,0.0518,0.1755,0.1378,0.2224,0.0587,0.1559,0.1525
1785436319.31,41,drive,0,4.0,15.0,40.773,25.11,249.82,0.1701,0.2287,0.0474,0.1857,0.0728,0.2537,0.0694,0.0533,0.1760,0.1369,0.2253,0.0587,0.1569,0.1554
1785436319.41,41,drive,1,4.0,15.0,40.773,25.11,249.82,0.1711,0.2263,0.0518,0.1848,0.0738,0.2542,0.0689,0.0523,0.1794,0.1393,0.2273,0.0567,0.1549,0.1559
1785436319.51,41,drive,2,4.0,15.0,40.773,25.11,249.82,0.1745,0.2273,0.0450,0.1862,0.0743,0.2546,0.0679,0.0533,0.1789,0.1393,0.2248,0.0591,0.1559,0.1569
1785436319.61,41,drive,3,4.0,15.0,40.773,25.11,249.82,0.1720,0.2273,0.0494,0.1838,0.0723,0.2542,0.0689,0.0528,0.1774,0.1383,0.2253,0.0562,0.1554,0.1554
1785436320.44,108,base,0,0.0,15.0,40.813,25.11,249.82,0.1735,0.2268,0.0528,0.1872,0.0743,0.2532,0.0699,0.0533,0.1735,0.1388,0.2234,0.0582,0.1530,0.1554
1785436320.54,108,base,1,0.0,15.0,40.813,25.11,249.82,0.1716,0.2253,0.0494,0.1891,0.0723,0.2556,0.0674,0.0518,0.1774,0.1388,0.2248,0.0572,0.1535,0.1554
1785436320.64,108,base,2,0.0,15.0,40.813,25.11,249.82,0.1696,0.2258,0.0484,0.1882,0.0723,0.2546,0.0660,0.0543,0.1764,0.1398,0.2248,0.0557,0.1525,0.1564
1785436320.74,108,base,3,0.0,15.0,40.813,25.11,249.82,0.1745,0.2253,0.0484,0.1887,0.0733,0.2546,0.0674,0.0528,0.1774,0.1383,0.2224,0.0572,0.1535,0.1564
1785436321.44,108,drive,0,0.5,15.0,40.813,25.11,249.82,0.1735,0.2268,0.0499,0.1877,0.0718,0.2537,0.0699,0.0543,0.1740,0.1398,0.2239,0.0567,0.1544,0.1554
1785436321.54,108,drive,1,0.5,15.0,40.813,25.11,249.82,0.1711,0.2258,0.0489,0.1852,0.0748,0.2561,0.0689,0.0528,0.1755,0.1413,0.2234,0.0547,0.1540,0.1544
1785436321.64,108,drive,2,0.5,15.0,40.813,25.11,249.82,0.1725,0.2224,0.0503,0.1882,0.0738,0.2546,0.0709,0.0557,0.1735,0.1388,0.2219,0.0562,0.1525,0.1554
1785436321.74,108,drive,3,0.5,15.0,40.813,25.11,249.82,0.1720,0.2273,0.0484,0.1843,0.0733,0.2556,0.0699,0.0543,0.1740,0.1398,0.2258,0.0567,0.1525,0.1544
1785436322.44,108,drive,0,1.0,15.0,40.813,25.11,249.82,0.1730,0.2278,0.0489,0.1857,0.0709,0.2542,0.0670,0.0543,0.1745,0.1427,0.2195,0.0572,0.1544,0.1544
1785436322.54,108,drive,1,1.0,15.0,40.813,25.11,249.82,0.1735,0.2263,0.0503,0.1872,0.0728,0.2556,0.0670,0.0518,0.1740,0.1403,0.2234,0.0562,0.1540,0.1544
1785436322.63,108,drive,2,1.0,15.0,40.813,25.11,249.82,0.1735,0.2268,0.0484,0.1877,0.0718,0.2556,0.0679,0.0523,0.1760,0.1417,0.2219,0.0543,0.1549,0.1564
1785436322.73,108,drive,3,1.0,15.0,40.813,25.11,249.82,0.1750,0.2248,0.0523,0.1882,0.0718,0.2551,0.0684,0.0538,0.1735,0.1388,0.2209,0.0572,0.1549,0.1525
1785436323.43,108,drive,0,1.5,15.0,40.813,25.11,249.82,0.1725,0.2268,0.0503,0.1887,0.0718,0.2532,0.0684,0.0543,0.1716,0.1408,0.2190,0.0582,0.1520,0.1544
1785436323.53,108,drive,1,1.5,15.0,40.813,25.11,249.82,0.1740,0.2258,0.0503,0.1882,0.0723,0.2537,0.0684,0.0567,0.1730,0.1398,0.2199,0.0557,0.1515,0.1544
1785436323.62,108,drive,2,1.5,15.0,40.813,25.11,249.82,0.1716,0.2283,0.0474,0.1872,0.0714,0.2542,0.0684,0.0528,0.1740,0.1393,0.2219,0.0572,0.1515,0.1564
1785436323.72,108,drive,3,1.5,15.0,40.813,25.11,249.82,0.1745,0.2268,0.0494,0.1911,0.0718,0.2537,0.0684,0.0513,0.1735,0.1369,0.2209,0.0557,0.1535,0.1549
1785436324.43,108,drive,0,2.0,15.0,40.813,25.11,249.82,0.1720,0.2258,0.0494,0.1955,0.0723,0.2493,0.0684,0.0538,0.1730,0.1383,0.2199,0.0572,0.1544,0.1530
1785436324.53,108,drive,1,2.0,15.0,40.813,25.11,249.82,0.1730,0.2248,0.0494,0.1926,0.0723,0.2498,0.0704,0.0533,0.1745,0.1364,0.2209,0.0587,0.1535,0.1515
1785436324.63,108,drive,2,2.0,15.0,40.813,25.11,249.82,0.1760,0.2248,0.0503,0.1911,0.0738,0.2527,0.0694,0.0547,0.1750,0.1403,0.2204,0.0552,0.1505,0.1544
1785436324.72,108,drive,3,2.0,15.0,40.813,25.11,249.82,0.1716,0.2239,0.0499,0.1911,0.0733,0.2517,0.0699,0.0528,0.1735,0.1403,0.2209,0.0538,0.1544,0.1574
1785436325.43,108,drive,0,2.5,15.0,40.813,25.11,249.82,0.1750,0.2263,0.0489,0.1906,0.0714,0.2537,0.0684,0.0518,0.1720,0.1422,0.2199,0.0567,0.1520,0.1559
1785436325.53,108,drive,1,2.5,15.0,40.813,25.11,249.82,0.1725,0.2268,0.0489,0.1931,0.0699,0.2522,0.0689,0.0547,0.1725,0.1413,0.2234,0.0552,0.1500,0.1544
1785436325.63,108,drive,2,2.5,15.0,40.813,25.11,249.82,0.1730,0.2278,0.0484,0.1931,0.0704,0.2527,0.0674,0.0538,0.1720,0.1408,0.2214,0.0567,0.1505,0.1540
1785436325.73,108,drive,3,2.5,15.0,40.813,25.11,249.82,0.1725,0.2268,0.0528,0.1926,0.0694,0.2537,0.0694,0.0543,0.1706,0.1408,0.2190,0.0567,0.1510,0.1554
1785436326.43,108,drive,0,3.0,15.0,40.813,25.11,249.82,0.1720,0.2273,0.0508,0.1901,0.0704,0.2532,0.0670,0.0562,0.1725,0.1403,0.2209,0.0577,0.1525,0.1535
1785436326.52,108,drive,1,3.0,15.0,40.813,25.11,249.82,0.1730,0.2273,0.0528,0.1906,0.0709,0.2517,0.0689,0.0533,0.1725,0.1393,0.2204,0.0572,0.1505,0.1535
1785436326.62,108,drive,2,3.0,15.0,40.813,25.11,249.82,0.1760,0.2253,0.0484,0.1926,0.0723,0.2498,0.0665,0.0528,0.1706,0.1417,0.2214,0.0528,0.1505,0.1559
1785436326.72,108,drive,3,3.0,15.0,40.813,25.11,249.82,0.1735,0.2263,0.0484,0.1926,0.0709,0.2527,0.0679,0.0543,0.1725,0.1422,0.2219,0.0557,0.1500,0.1554
1785436327.43,108,drive,0,3.5,15.0,40.813,25.11,249.82,0.1725,0.2263,0.0513,0.1906,0.0699,0.2527,0.0694,0.0533,0.1686,0.1408,0.2190,0.0557,0.1525,0.1540
1785436327.53,108,drive,1,3.5,15.0,40.813,25.11,249.82,0.1711,0.2278,0.0499,0.1906,0.0684,0.2542,0.0704,0.0572,0.1716,0.1422,0.2204,0.0562,0.1510,0.1540
1785436327.62,108,drive,2,3.5,15.0,40.813,25.11,249.82,0.1730,0.2283,0.0528,0.1916,0.0704,0.2537,0.0684,0.0547,0.1711,0.1437,0.2185,0.0552,0.1486,0.1564
1785436327.72,108,drive,3,3.5,15.0,40.813,25.11,249.82,0.1706,0.2287,0.0484,0.1935,0.0704,0.2527,0.0684,0.0557,0.1701,0.1408,0.2185,0.0572,0.1510,0.1535
1785436328.42,108,drive,0,4.0,15.0,40.813,25.11,249.82,0.1735,0.2292,0.0484,0.1916,0.0738,0.2522,0.0694,0.0543,0.1706,0.1403,0.2204,0.0587,0.1500,0.1554
1785436328.52,108,drive,1,4.0,15.0,40.813,25.11,249.82,0.1750,0.2258,0.0494,0.1921,0.0728,0.2532,0.0689,0.0547,0.1735,0.1422,0.2219,0.0562,0.1481,0.1540
1785436328.61,108,drive,2,4.0,15.0,40.813,25.11,249.82,0.1711,0.2239,0.0523,0.1940,0.0718,0.2527,0.0694,0.0533,0.1716,0.1422,0.2199,0.0562,0.1491,0.1540
1785436328.71,108,drive,3,4.0,15.0,40.813,25.11,249.82,0.1745,0.2268,0.0474,0.1950,0.0714,0.2512,0.0689,0.0538,0.1696,0.1417,0.2199,0.0557,0.1515,0.1540
1785436329.50,107,base,0,0.0,15.0,40.753,25.11,249.82,0.1716,0.2273,0.0518,0.1921,0.0714,0.2522,0.0699,0.0513,0.1711,0.1427,0.2195,0.0538,0.1500,0.1554
1785436329.60,107,base,1,0.0,15.0,40.753,25.11,249.82,0.1750,0.2283,0.0503,0.1950,0.0699,0.2527,0.0699,0.0518,0.1691,0.1432,0.2199,0.0562,0.1476,0.1554
1785436329.70,107,base,2,0.0,15.0,40.753,25.11,249.82,0.1740,0.2283,0.0494,0.1916,0.0699,0.2527,0.0679,0.0547,0.1701,0.1437,0.2209,0.0567,0.1496,0.1559
1785436329.80,107,base,3,0.0,15.0,40.753,25.11,249.82,0.1750,0.2273,0.0489,0.1935,0.0728,0.2517,0.0709,0.0538,0.1720,0.1417,0.2180,0.0543,0.1481,0.1549
1785436330.50,107,drive,0,0.5,15.0,40.753,25.11,249.82,0.1745,0.2292,0.0499,0.1940,0.0709,0.2512,0.0699,0.0543,0.1725,0.1452,0.2195,0.0577,0.1476,0.1520
1785436330.60,107,drive,1,0.5,15.0,40.753,25.11,249.82,0.1735,0.2273,0.0508,0.1935,0.0728,0.2532,0.0709,0.0518,0.1696,0.1437,0.2199,0.0557,0.1461,0.1535
1785436330.70,107,drive,2,0.5,15.0,40.753,25.11,249.82,0.1735,0.2292,0.0489,0.1935,0.0704,0.2551,0.0699,0.0523,0.1720,0.1452,0.2199,0.0562,0.1466,0.1549
1785436330.80,107,drive,3,0.5,15.0,40.753,25.11,249.82,0.1730,0.2278,0.0489,0.1950,0.0709,0.2551,0.0699,0.0508,0.1706,0.1461,0.2190,0.0557,0.1491,0.1540
1785436331.50,107,drive,0,1.0,15.0,40.753,25.11,249.82,0.1745,0.2253,0.0484,0.1940,0.0718,0.2527,0.0709,0.0528,0.1691,0.1422,0.2219,0.0557,0.1476,0.1525
1785436331.60,107,drive,1,1.0,15.0,40.753,25.11,249.82,0.1740,0.2292,0.0523,0.1950,0.0733,0.2522,0.0665,0.0543,0.1706,0.1437,0.2190,0.0562,0.1500,0.1559
1785436331.70,107,drive,2,1.0,15.0,40.753,25.11,249.82,0.1750,0.2248,0.0503,0.1945,0.0714,0.2546,0.0714,0.0567,0.1706,0.1427,0.2175,0.0572,0.1491,0.1544
1785436331.80,107,drive,3,1.0,15.0,40.753,25.11,249.82,0.1711,0.2263,0.0523,0.1945,0.0709,0.2532,0.0704,0.0547,0.1711,0.1437,0.2209,0.0572,0.1486,0.1559
1785436332.50,107,drive,0,1.5,15.0,40.753,25.11,249.82,0.1706,0.2253,0.0513,0.1955,0.0689,0.2537,0.0694,0.0538,0.1716,0.1437,0.2155,0.0552,0.1481,0.1544
1785436332.60,107,drive,1,1.5,15.0,40.753,25.11,249.82,0.1730,0.2297,0.0494,0.1945,0.0694,0.2546,0.0674,0.0547,0.1716,0.1432,0.2180,0.0582,0.1476,0.1549
1785436332.70,107,drive,2,1.5,15.0,40.753,25.11,249.82,0.1716,0.2278,0.0518,0.1950,0.0709,0.2532,0.0684,0.0543,0.1676,0.1457,0.2180,0.0567,0.1471,0.1554
1785436332.80,107,drive,3,1.5,15.0,40.753,25.11,249.82,0.1750,0.2302,0.0464,0.1945,0.0714,0.2551,0.0689,0.0533,0.1696,0.1437,0.2190,0.0547,0.1476,0.1554
1785436333.50,107,drive,0,2.0,15.0,40.753,25.11,249.82,0.1720,0.2297,0.0508,0.1960,0.0709,0.2561,0.0679,0.0547,0.1701,0.1437,0.2185,0.0577,0.1496,0.1554
1785436333.59,107,drive,1,2.0,15.0,40.753,25.11,249.82,0.1730,0.2263,0.0499,0.1955,0.0709,0.2542,0.0718,0.0528,0.1691,0.1481,0.2175,0.0547,0.1466,0.1535
1785436333.69,107,drive,2,2.0,15.0,40.753,25.11,249.82,0.1750,0.2297,0.0499,0.1940,0.0699,0.2546,0.0684,0.0543,0.1691,0.1437,0.2180,0.0567,0.1466,0.1554
1785436333.79,107,drive,3,2.0,15.0,40.753,25.11,249.82,0.1764,0.2278,0.0499,0.1960,0.0718,0.2546,0.0699,0.0523,0.1706,0.1476,0.2160,0.0582,0.1471,0.1540
1785436334.49,107,drive,0,2.5,15.0,40.753,25.11,249.82,0.1740,0.2292,0.0489,0.1931,0.0738,0.2551,0.0699,0.0543,0.1701,0.1471,0.2175,0.0572,0.1471,0.1535
1785436334.59,107,drive,1,2.5,15.0,40.753,25.11,249.82,0.1730,0.2317,0.0469,0.1950,0.0709,0.2546,0.0694,0.0518,0.1730,0.1461,0.2185,0.0572,0.1471,0.1520
1785436334.69,107,drive,2,2.5,15.0,40.753,25.11,249.82,0.1740,0.2317,0.0508,0.1945,0.0689,0.2556,0.0689,0.0543,0.1701,0.1447,0.2160,0.0572,0.1461,0.1544
1785436334.79,107,drive,3,2.5,15.0,40.753,25.11,249.82,0.1735,0.2287,0.0513,0.1955,0.0684,0.2522,0.0699,0.0547,0.1706,0.1452,0.2190,0.0582,0.1486,0.1544
1785436335.49,107,drive,0,3.0,15.0,40.753,25.11,249.82,0.1750,0.2273,0.0499,0.1950,0.0684,0.2532,0.0689,0.0543,0.1696,0.1471,0.2170,0.0538,0.1496,0.1554
1785436335.59,107,drive,1,3.0,15.0,40.753,25.11,249.82,0.1716,0.2283,0.0494,0.1940,0.0704,0.2576,0.0660,0.0538,0.1686,0.1491,0.2165,0.0562,0.1491,0.1544
1785436335.69,107,drive,2,3.0,15.0,40.753,25.11,249.82,0.1730,0.2287,0.0484,0.1965,0.0714,0.2551,0.0694,0.0543,0.1681,0.1476,0.2185,0.0572,0.1471,0.1569
1785436335.79,107,drive,3,3.0,15.0,40.753,25.11,249.82,0.1725,0.2312,0.0503,0.1935,0.0689,0.2551,0.0694,0.0543,0.1691,0.1466,0.2160,0.0572,0.1466,0.1540
1785436336.50,107,drive,0,3.5,15.0,40.753,25.11,249.82,0.1755,0.2283,0.0503,0.1960,0.0699,0.2551,0.0709,0.0552,0.1686,0.1486,0.2185,0.0562,0.1481,0.1544
1785436336.59,107,drive,1,3.5,15.0,40.753,25.11,249.82,0.1720,0.2297,0.0474,0.1940,0.0718,0.2551,0.0694,0.0533,0.1686,0.1466,0.2170,0.0587,0.1491,0.1535
1785436336.69,107,drive,2,3.5,15.0,40.753,25.11,249.82,0.1735,0.2302,0.0479,0.1950,0.0694,0.2566,0.0709,0.0523,0.1686,0.1481,0.2175,0.0543,0.1432,0.1544
1785436336.79,107,drive,3,3.5,15.0,40.753,25.11,249.82,0.1740,0.2234,0.0503,0.1945,0.0699,0.2551,0.0684,0.0523,0.1676,0.1471,0.2195,0.0543,0.1471,0.1554
1785436337.49,107,drive,0,4.0,15.0,40.753,25.11,249.82,0.1730,0.2268,0.0489,0.1926,0.0709,0.2566,0.0704,0.0528,0.1711,0.1481,0.2185,0.0577,0.1466,0.1530
1785436337.59,107,drive,1,4.0,15.0,40.753,25.11,249.82,0.1750,0.2268,0.0508,0.1926,0.0718,0.2556,0.0694,0.0538,0.1681,0.1500,0.2170,0.0562,0.1461,0.1559
1785436337.69,107,drive,2,4.0,15.0,40.753,25.11,249.82,0.1760,0.2297,0.0489,0.1965,0.0723,0.2542,0.0694,0.0538,0.1691,0.1481,0.2180,0.0591,0.1486,0.1549
1785436337.79,107,drive,3,4.0,15.0,40.753,25.11,249.82,0.1745,0.2297,0.0508,0.1950,0.0704,0.2561,0.0694,0.0533,0.1701,0.1481,0.2155,0.0552,0.1491,0.1549
1785436338.57,106,base,0,0.0,15.0,40.753,25.11,249.82,0.1716,0.2312,0.0484,0.1940,0.0704,0.2566,0.0714,0.0533,0.1701,0.1481,0.2160,0.0567,0.1466,0.1540
1785436338.67,106,base,1,0.0,15.0,40.753,25.11,249.82,0.1755,0.2287,0.0484,0.1935,0.0714,0.2561,0.0714,0.0543,0.1696,0.1496,0.2170,0.0582,0.1442,0.1544
1785436338.77,106,base,2,0.0,15.0,40.753,25.11,249.82,0.1740,0.2292,0.0494,0.1955,0.0718,0.2556,0.0689,0.0543,0.1691,0.1496,0.2175,0.0557,0.1496,0.1569
1785436338.86,106,base,3,0.0,15.0,40.753,25.11,249.82,0.1725,0.2283,0.0513,0.1945,0.0699,0.2561,0.0694,0.0547,0.1706,0.1510,0.2185,0.0547,0.1486,0.1540
1785436339.57,106,drive,0,0.5,15.0,40.753,25.11,249.82,0.1716,0.2287,0.0499,0.1950,0.0743,0.2551,0.0694,0.0543,0.1706,0.1496,0.2170,0.0557,0.1476,0.1554
1785436339.67,106,drive,1,0.5,15.0,40.753,25.11,249.82,0.1730,0.2287,0.0499,0.1935,0.0704,0.2571,0.0689,0.0547,0.1676,0.1505,0.2165,0.0557,0.1491,0.1569
1785436339.77,106,drive,2,0.5,15.0,40.753,25.11,249.82,0.1760,0.2273,0.0484,0.1931,0.0709,0.2551,0.0694,0.0557,0.1706,0.1486,0.2185,0.0557,0.1486,0.1535
1785436339.87,106,drive,3,0.5,15.0,40.753,25.11,249.82,0.1701,0.2297,0.0484,0.1916,0.0709,0.2556,0.0714,0.0528,0.1701,0.1486,0.2185,0.0547,0.1466,0.1554
1785436340.56,106,drive,0,1.0,15.0,40.753,25.11,249.82,0.1740,0.2287,0.0499,0.1945,0.0709,0.2566,0.0699,0.0557,0.1716,0.1500,0.2195,0.0587,0.1481,0.1549
1785436340.66,106,drive,1,1.0,15.0,40.753,25.11,249.82,0.1716,0.2283,0.0489,0.1926,0.0718,0.2566,0.0709,0.0567,0.1691,0.1481,0.2180,0.0547,0.1457,0.1579
1785436340.76,106,drive,2,1.0,15.0,40.753,25.11,249.82,0.1755,0.2302,0.0499,0.1926,0.0738,0.2561,0.0704,0.0552,0.1740,0.1496,0.2180,0.0567,0.1486,0.1549
1785436340.86,106,drive,3,1.0,15.0,40.753,25.11,249.82,0.1725,0.2287,0.0489,0.1931,0.0694,0.2566,0.0699,0.0547,0.1725,0.1510,0.2180,0.0557,0.1486,0.1554
1785436341.56,106,drive,0,1.5,15.0,40.753,25.11,249.82,0.1750,0.2273,0.0479,0.1950,0.0718,0.2576,0.0684,0.0538,0.1725,0.1510,0.2165,0.0557,0.1481,0.1569
1785436341.66,106,drive,1,1.5,15.0,40.753,25.11,249.82,0.1740,0.2278,0.0508,0.1975,0.0723,0.2581,0.0699,0.0567,0.1716,0.1505,0.2185,0.0543,0.1452,0.1540
1785436341.76,106,drive,2,1.5,15.0,40.753,25.11,249.82,0.1755,0.2292,0.0499,0.1965,0.0718,0.2542,0.0689,0.0528,0.1716,0.1510,0.2195,0.0557,0.1491,0.1549
1785436341.86,106,drive,3,1.5,15.0,40.753,25.11,249.82,0.1725,0.2287,0.0494,0.1940,0.0694,0.2571,0.0704,0.0518,0.1750,0.1520,0.2175,0.0572,0.1500,0.1544
1785436342.56,106,drive,0,2.0,15.0,40.753,25.11,249.82,0.1735,0.2273,0.0508,0.1950,0.0718,0.2571,0.0665,0.0533,0.1750,0.1500,0.2195,0.0552,0.1481,0.1549
1785436342.65,106,drive,1,2.0,15.0,40.753,25.11,249.82,0.1745,0.2292,0.0503,0.1940,0.0704,0.2566,0.0689,0.0567,0.1711,0.1496,0.2185,0.0572,0.1505,0.1540
1785436342.75,106,drive,2,2.0,15.0,40.753,25.11,249.82,0.1730,0.2292,0.0494,0.1940,0.0714,0.2566,0.0694,0.0552,0.1740,0.1500,0.2185,0.0582,0.1466,0.1554
1785436342.85,106,drive,3,2.0,15.0,40.753,25.11,249.82,0.1730,0.2312,0.0494,0.1940,0.0704,0.2546,0.0679,0.0547,0.1716,0.1476,0.2195,0.0567,0.1510,0.1530
1785436343.56,106,drive,0,2.5,15.0,40.753,25.11,249.82,0.1735,0.2273,0.0474,0.1955,0.0709,0.2551,0.0704,0.0528,0.1711,0.1530,0.2195,0.0557,0.1491,0.1559
1785436343.66,106,drive,1,2.5,15.0,40.753,25.11,249.82,0.1735,0.2287,0.0494,0.1950,0.0679,0.2566,0.0694,0.0547,0.1725,0.1515,0.2170,0.0562,0.1510,0.1554
1785436343.75,106,drive,2,2.5,15.0,40.753,25.11,249.82,0.1745,0.2248,0.0508,0.1965,0.0699,0.2546,0.0718,0.0562,0.1735,0.1535,0.2199,0.0567,0.1471,0.1564
1785436343.85,106,drive,3,2.5,15.0,40.753,25.11,249.82,0.1730,0.2307,0.0489,0.1950,0.0723,0.2581,0.0699,0.0543,0.1750,0.1525,0.2209,0.0567,0.1496,0.1544
1785436344.55,106,drive,0,3.0,15.0,40.753,25.11,249.82,0.1730,0.2297,0.0513,0.1931,0.0689,0.2542,0.0718,0.0543,0.1735,0.1520,0.2199,0.0567,0.1481,0.1544
1785436344.65,106,drive,1,3.0,15.0,40.753,25.11,249.82,0.1735,0.2283,0.0494,0.1960,0.0723,0.2546,0.0674,0.0528,0.1750,0.1520,0.2180,0.0562,0.1481,0.1574
1785436344.75,106,drive,2,3.0,15.0,40.753,25.11,249.82,0.1716,0.2283,0.0489,0.1935,0.0709,0.2576,0.0704,0.0552,0.1740,0.1510,0.2195,0.0557,0.1505,0.1540
1785436344.85,106,drive,3,3.0,15.0,40.753,25.11,249.82,0.1750,0.2263,0.0499,0.1926,0.0709,0.2561,0.0684,0.0562,0.1740,0.1491,0.2185,0.0572,0.1510,0.1549
1785436345.55,106,drive,0,3.5,15.0,40.753,25.11,249.82,0.1745,0.2273,0.0499,0.1935,0.0689,0.2551,0.0684,0.0557,0.1735,0.1505,0.2170,0.0577,0.1505,0.1540
1785436345.65,106,drive,1,3.5,15.0,40.753,25.11,249.82,0.1745,0.2287,0.0513,0.1921,0.0699,0.2561,0.0704,0.0533,0.1745,0.1530,0.2185,0.0577,0.1491,0.1525
1785436345.74,106,drive,2,3.5,15.0,40.753,25.11,249.82,0.1750,0.2268,0.0508,0.1940,0.0728,0.2566,0.0679,0.0543,0.1735,0.1515,0.2190,0.0552,0.1476,0.1530
1785436345.84,106,drive,3,3.5,15.0,40.753,25.11,249.82,0.1740,0.2278,0.0508,0.1935,0.0704,0.2576,0.0704,0.0538,0.1740,0.1505,0.2190,0.0562,0.1500,0.1525
1785436346.55,106,drive,0,4.0,15.0,40.753,25.11,249.82,0.1720,0.2287,0.0503,0.1955,0.0689,0.2561,0.0714,0.0547,0.1750,0.1515,0.2195,0.0582,0.1491,0.1559
1785436346.65,106,drive,1,4.0,15.0,40.753,25.11,249.82,0.1740,0.2287,0.0479,0.1935,0.0714,0.2576,0.0714,0.0538,0.1735,0.1535,0.2224,0.0572,0.1500,0.1559
1785436346.74,106,drive,2,4.0,15.0,40.753,25.11,249.82,0.1740,0.2278,0.0494,0.1960,0.0704,0.2571,0.0699,0.0547,0.1725,0.1525,0.2204,0.0587,0.1496,0.1535
1785436346.84,106,drive,3,4.0,15.0,40.753,25.11,249.82,0.1716,0.2312,0.0499,0.1950,0.0714,0.2561,0.0684,0.0557,0.1711,0.1525,0.2199,0.0582,0.1486,0.1579
1785436347.66,42,base,0,0.0,15.0,40.773,25.11,249.82,0.1740,0.2278,0.0508,0.1975,0.0694,0.2566,0.0689,0.0547,0.1735,0.1525,0.2199,0.0596,0.1515,0.1554
1785436347.76,42,base,1,0.0,15.0,40.773,25.11,249.82,0.1735,0.2292,0.0503,0.1945,0.0709,0.2546,0.0684,0.0562,0.1725,0.1535,0.2204,0.0567,0.1505,0.1540
1785436347.86,42,base,2,0.0,15.0,40.773,25.11,249.82,0.1730,0.2263,0.0513,0.1931,0.0728,0.2571,0.0674,0.0552,0.1745,0.1530,0.2204,0.0562,0.1510,0.1549
1785436347.95,42,base,3,0.0,15.0,40.773,25.11,249.82,0.1764,0.2283,0.0469,0.1950,0.0718,0.2566,0.0689,0.0552,0.1740,0.1535,0.2195,0.0572,0.1466,0.1559
1785436348.66,42,drive,0,0.5,15.0,40.773,25.11,249.82,0.1755,0.2268,0.0518,0.1950,0.0699,0.2566,0.0689,0.0538,0.1725,0.1520,0.2199,0.0567,0.1496,0.1535
1785436348.76,42,drive,1,0.5,15.0,40.773,25.11,249.82,0.1725,0.2263,0.0528,0.1955,0.0689,0.2556,0.0674,0.0528,0.1730,0.1544,0.2204,0.0567,0.1491,0.1564
1785436348.86,42,drive,2,0.5,15.0,40.773,25.11,249.82,0.1750,0.2278,0.0494,0.1935,0.0714,0.2566,0.0704,0.0533,0.1745,0.1535,0.2199,0.0596,0.1500,0.1535
1785436348.95,42,drive,3,0.5,15.0,40.773,25.11,249.82,0.1720,0.2243,0.0503,0.1955,0.0718,0.2571,0.0704,0.0547,0.1769,0.1520,0.2185,0.0557,0.1481,0.1549
1785436349.66,42,drive,0,1.0,15.0,40.773,25.11,249.82,0.1750,0.2263,0.0489,0.1960,0.0699,0.2561,0.0704,0.0562,0.1730,0.1520,0.2204,0.0543,0.1505,0.1530
1785436349.76,42,drive,1,1.0,15.0,40.773,25.11,249.82,0.1730,0.2292,0.0494,0.1970,0.0709,0.2561,0.0684,0.0543,0.1720,0.1549,0.2199,0.0577,0.1500,0.1535
1785436349.86,42,drive,2,1.0,15.0,40.773,25.11,249.82,0.1716,0.2292,0.0494,0.1931,0.0689,0.2581,0.0709,0.0543,0.1740,0.1540,0.2204,0.0567,0.1491,0.1540
1785436349.95,42,drive,3,1.0,15.0,40.773,25.11,249.82,0.1730,0.2273,0.0503,0.1950,0.0699,0.2566,0.0709,0.0552,0.1750,0.1544,0.2185,0.0552,0.1510,0.1535
1785436350.66,42,drive,0,1.5,15.0,40.773,25.11,249.82,0.1725,0.2278,0.0503,0.1960,0.0718,0.2556,0.0699,0.0557,0.1745,0.1530,0.2209,0.0543,0.1505,0.1564
1785436350.76,42,drive,1,1.5,15.0,40.773,25.11,249.82,0.1720,0.2287,0.0484,0.1955,0.0723,0.2566,0.0684,0.0538,0.1760,0.1549,0.2195,0.0547,0.1530,0.1564
1785436350.86,42,drive,2,1.5,15.0,40.773,25.11,249.82,0.1720,0.2273,0.0489,0.1935,0.0704,0.2551,0.0679,0.0543,0.1764,0.1525,0.2214,0.0547,0.1510,0.1554
1785436350.96,42,drive,3,1.5,15.0,40.773,25.11,249.82,0.1740,0.2292,0.0494,0.1935,0.0733,0.2571,0.0689,0.0543,0.1760,0.1535,0.2195,0.0557,0.1500,0.1564
1785436351.65,42,drive,0,2.0,15.0,40.773,25.11,249.82,0.1730,0.2278,0.0508,0.1950,0.0714,0.2566,0.0679,0.0533,0.1760,0.1520,0.2185,0.0562,0.1530,0.1544
1785436351.75,42,drive,1,2.0,15.0,40.773,25.11,249.82,0.1725,0.2268,0.0494,0.1950,0.0709,0.2566,0.0714,0.0557,0.1725,0.1535,0.2199,0.0577,0.1496,0.1544
1785436351.85,42,drive,2,2.0,15.0,40.773,25.11,249.82,0.1730,0.2268,0.0503,0.1945,0.0709,0.2556,0.0684,0.0543,0.1735,0.1535,0.2190,0.0562,0.1540,0.1540
1785436351.95,42,drive,3,2.0,15.0,40.773,25.11,249.82,0.1735,0.2292,0.0494,0.1955,0.0718,0.2566,0.0689,0.0538,0.1750,0.1549,0.2199,0.0567,0.1520,0.1554
1785436352.65,42,drive,0,2.5,15.0,40.773,25.11,249.82,0.1716,0.2278,0.0494,0.1955,0.0723,0.2576,0.0684,0.0543,0.1764,0.1554,0.2204,0.0543,0.1515,0.1540
1785436352.75,42,drive,1,2.5,15.0,40.773,25.11,249.82,0.1745,0.2292,0.0508,0.1921,0.0738,0.2571,0.0709,0.0543,0.1760,0.1540,0.2195,0.0562,0.1515,0.1559
1785436352.85,42,drive,2,2.5,15.0,40.773,25.11,249.82,0.1725,0.2268,0.0489,0.1935,0.0718,0.2586,0.0679,0.0572,0.1755,0.1515,0.2224,0.0572,0.1510,0.1544
1785436352.95,42,drive,3,2.5,15.0,40.773,25.11,249.82,0.1740,0.2287,0.0538,0.1940,0.0728,0.2586,0.0704,0.0547,0.1764,0.1540,0.2199,0.0567,0.1520,0.1544
1785436353.65,42,drive,0,3.0,15.0,40.773,25.11,249.82,0.1750,0.2268,0.0484,0.1960,0.0728,0.2576,0.0679,0.0543,0.1760,0.1540,0.2199,0.0543,0.1515,0.1530
1785436353.75,42,drive,1,3.0,15.0,40.773,25.11,249.82,0.1730,0.2263,0.0479,0.1911,0.0714,0.2546,0.0689,0.0557,0.1750,0.1559,0.2229,0.0552,0.1500,0.1525
1785436353.85,42,drive,2,3.0,15.0,40.773,25.11,249.82,0.1701,0.2283,0.0513,0.1931,0.0714,0.2561,0.0704,0.0552,0.1750,0.1530,0.2209,0.0547,0.1500,0.1549
1785436353.95,42,drive,3,3.0,15.0,40.773,25.11,249.82,0.1716,0.2283,0.0489,0.1921,0.0723,0.2571,0.0674,0.0562,0.1755,0.1559,0.2209,0.0567,0.1496,0.1544
1785436354.65,42,drive,0,3.5,15.0,40.773,25.11,249.82,0.1706,0.2278,0.0503,0.1935,0.0709,0.2566,0.0714,0.0538,0.1769,0.1549,0.2185,0.0543,0.1515,0.1535
1785436354.74,42,drive,1,3.5,15.0,40.773,25.11,249.82,0.1745,0.2302,0.0489,0.1955,0.0704,0.2571,0.0699,0.0552,0.1755,0.1540,0.2175,0.0567,0.1515,0.1549
1785436354.84,42,drive,2,3.5,15.0,40.773,25.11,249.82,0.1745,0.2263,0.0494,0.1945,0.0733,0.2571,0.0689,0.0533,0.1760,0.1535,0.2195,0.0557,0.1535,0.1530
1785436354.94,42,drive,3,3.5,15.0,40.773,25.11,249.82,0.1740,0.2268,0.0494,0.1940,0.0723,0.2556,0.0694,0.0562,0.1769,0.1535,0.2204,0.0562,0.1525,0.1535
1785436355.65,42,drive,0,4.0,15.0,40.773,25.11,249.82,0.1740,0.2292,0.0523,0.1906,0.0709,0.2566,0.0718,0.0538,0.1764,0.1520,0.2204,0.0543,0.1496,0.1525
1785436355.75,42,drive,1,4.0,15.0,40.773,25.11,249.82,0.1730,0.2287,0.0503,0.1921,0.0728,0.2566,0.0714,0.0543,0.1760,0.1549,0.2170,0.0562,0.1496,0.1535
1785436355.84,42,drive,2,4.0,15.0,40.773,25.11,249.82,0.1760,0.2278,0.0494,0.1940,0.0733,0.2566,0.0704,0.0543,0.1764,0.1554,0.2199,0.0562,0.1525,0.1540
1785436355.94,42,drive,3,4.0,15.0,40.773,25.11,249.82,0.1740,0.2292,0.0484,0.1945,0.0718,0.2571,0.0679,0.0538,0.1740,0.1549,0.2204,0.0557,0.1491,0.1554
1785436356.74,47,base,0,0.0,15.0,40.793,25.11,249.82,0.1750,0.2263,0.0484,0.1960,0.0718,0.2556,0.0694,0.0538,0.1760,0.1535,0.2204,0.0562,0.1515,0.1510
1785436356.84,47,base,1,0.0,15.0,40.793,25.11,249.82,0.1716,0.2268,0.0499,0.1916,0.0728,0.2586,0.0694,0.0567,0.1745,0.1549,0.2175,0.0591,0.1510,0.1559
1785436356.94,47,base,2,0.0,15.0,40.793,25.11,249.82,0.1716,0.2287,0.0503,0.1955,0.0728,0.2546,0.0694,0.0567,0.1769,0.1520,0.2195,0.0572,0.1535,0.1520
1785436357.04,47,base,3,0.0,15.0,40.793,25.11,249.82,0.1716,0.2283,0.0494,0.1935,0.0738,0.2566,0.0694,0.0552,0.1769,0.1520,0.2190,0.0562,0.1505,0.1530
1785436357.74,47,drive,0,0.5,15.0,40.793,25.11,249.82,0.1716,0.2278,0.0513,0.1955,0.0689,0.2542,0.0699,0.0543,0.1750,0.1525,0.2190,0.0557,0.1515,0.1549
1785436357.84,47,drive,1,0.5,15.0,40.793,25.11,249.82,0.1745,0.2292,0.0523,0.1935,0.0728,0.2556,0.0684,0.0543,0.1774,0.1535,0.2195,0.0562,0.1496,0.1554
1785436357.94,47,drive,2,0.5,15.0,40.793,25.11,249.82,0.1745,0.2317,0.0508,0.1906,0.0733,0.2556,0.0694,0.0547,0.1789,0.1535,0.2195,0.0557,0.1500,0.1540
1785436358.04,47,drive,3,0.5,15.0,40.793,25.11,249.82,0.1735,0.2283,0.0474,0.1935,0.0748,0.2542,0.0694,0.0547,0.1755,0.1540,0.2209,0.0572,0.1500,0.1559
1785436358.74,47,drive,0,1.0,15.0,40.793,25.11,249.82,0.1740,0.2268,0.0494,0.1935,0.0743,0.2566,0.0689,0.0587,0.1774,0.1554,0.2204,0.0543,0.1486,0.1554
1785436358.83,47,drive,1,1.0,15.0,40.793,25.11,249.82,0.1735,0.2287,0.0503,0.1921,0.0728,0.2571,0.0699,0.0523,0.1774,0.1540,0.2185,0.0562,0.1530,0.1540
1785436358.93,47,drive,2,1.0,15.0,40.793,25.11,249.82,0.1745,0.2297,0.0484,0.1916,0.0733,0.2590,0.0689,0.0533,0.1784,0.1559,0.2209,0.0562,0.1496,0.1515
1785436359.03,47,drive,3,1.0,15.0,40.793,25.11,249.82,0.1720,0.2283,0.0489,0.1916,0.0714,0.2566,0.0684,0.0557,0.1760,0.1535,0.2224,0.0572,0.1515,0.1559
1785436359.74,47,drive,0,1.5,15.0,40.793,25.11,249.82,0.1735,0.2273,0.0503,0.1916,0.0714,0.2576,0.0714,0.0543,0.1774,0.1535,0.2190,0.0557,0.1525,0.1535
1785436359.83,47,drive,1,1.5,15.0,40.793,25.11,249.82,0.1730,0.2292,0.0503,0.1896,0.0723,0.2590,0.0714,0.0543,0.1760,0.1540,0.2214,0.0582,0.1505,0.1549
1785436359.93,47,drive,2,1.5,15.0,40.793,25.11,249.82,0.1735,0.2287,0.0479,0.1926,0.0733,0.2566,0.0714,0.0528,0.1794,0.1554,0.2199,0.0557,0.1505,0.1544
1785436360.03,47,drive,3,1.5,15.0,40.793,25.11,249.82,0.1730,0.2292,0.0503,0.1906,0.0738,0.2571,0.0694,0.0552,0.1779,0.1544,0.2199,0.0582,0.1496,0.1525
1785436360.74,47,drive,0,2.0,15.0,40.793,25.11,249.82,0.1750,0.2273,0.0494,0.1896,0.0728,0.2566,0.0694,0.0552,0.1769,0.1564,0.2219,0.0577,0.1520,0.1540
1785436360.84,47,drive,1,2.0,15.0,40.793,25.11,249.82,0.1735,0.2283,0.0489,0.1901,0.0723,0.2566,0.0714,0.0533,0.1750,0.1559,0.2199,0.0577,0.1481,0.1569
1785436360.93,47,drive,2,2.0,15.0,40.793,25.11,249.82,0.1740,0.2297,0.0508,0.1906,0.0728,0.2581,0.0679,0.0538,0.1784,0.1540,0.2195,0.0567,0.1505,0.1535
1785436361.03,47,drive,3,2.0,15.0,40.793,25.11,249.82,0.1730,0.2258,0.0518,0.1960,0.0733,0.2576,0.0699,0.0557,0.1774,0.1549,0.2190,0.0577,0.1515,0.1549
1785436361.74,47,drive,0,2.5,15.0,40.793,25.11,249.82,0.1711,0.2283,0.0513,0.1906,0.0723,0.2586,0.0709,0.0547,0.1779,0.1554,0.2199,0.0538,0.1500,0.1564
1785436361.84,47,drive,1,2.5,15.0,40.793,25.11,249.82,0.1735,0.2297,0.0469,0.1901,0.0738,0.2581,0.0689,0.0557,0.1764,0.1535,0.2209,0.0557,0.1496,0.1525
1785436361.94,47,drive,2,2.5,15.0,40.793,25.11,249.82,0.1730,0.2273,0.0484,0.1926,0.0728,0.2566,0.0665,0.0538,0.1774,0.1554,0.2209,0.0547,0.1496,0.1540
1785436362.03,47,drive,3,2.5,15.0,40.793,25.11,249.82,0.1725,0.2297,0.0489,0.1896,0.0728,0.2576,0.0689,0.0567,0.1760,0.1540,0.2214,0.0572,0.1530,0.1569
1785436362.74,47,drive,0,3.0,15.0,40.793,25.11,249.82,0.1706,0.2283,0.0489,0.1906,0.0733,0.2561,0.0699,0.0528,0.1784,0.1540,0.2219,0.0557,0.1491,0.1584
1785436362.84,47,drive,1,3.0,15.0,40.793,25.11,249.82,0.1750,0.2273,0.0494,0.1960,0.0748,0.2571,0.0699,0.0572,0.1779,0.1569,0.2204,0.0572,0.1525,0.1554
1785436362.94,47,drive,2,3.0,15.0,40.793,25.11,249.82,0.1735,0.2273,0.0513,0.1906,0.0738,0.2586,0.0704,0.0552,0.1760,0.1549,0.2199,0.0562,0.1491,0.1540
1785436363.04,47,drive,3,3.0,15.0,40.793,25.11,249.82,0.1725,0.2268,0.0508,0.1921,0.0723,0.2561,0.0694,0.0528,0.1774,0.1525,0.2185,0.0543,0.1525,0.1540
1785436363.74,47,drive,0,3.5,15.0,40.793,25.11,249.82,0.1730,0.2278,0.0479,0.1906,0.0728,0.2586,0.0679,0.0508,0.1789,0.1569,0.2199,0.0562,0.1515,0.1559
1785436363.84,47,drive,1,3.5,15.0,40.793,25.11,249.82,0.1725,0.2263,0.0489,0.1921,0.0723,0.2610,0.0709,0.0528,0.1755,0.1549,0.2214,0.0567,0.1500,0.1549
1785436363.94,47,drive,2,3.5,15.0,40.793,25.11,249.82,0.1711,0.2292,0.0479,0.1926,0.0723,0.2566,0.0709,0.0557,0.1774,0.1554,0.2204,0.0587,0.1530,0.1535
1785436364.03,47,drive,3,3.5,15.0,40.793,25.11,249.82,0.1735,0.2292,0.0503,0.1896,0.0728,0.2566,0.0714,0.0543,0.1774,0.1544,0.2214,0.0557,0.1520,0.1535
1785436364.73,47,drive,0,4.0,15.0,40.793,25.11,249.82,0.1720,0.2268,0.0528,0.1911,0.0714,0.2576,0.0723,0.0523,0.1779,0.1549,0.2199,0.0572,0.1510,0.1564
1785436364.83,47,drive,1,4.0,15.0,40.793,25.11,249.82,0.1725,0.2278,0.0479,0.1916,0.0743,0.2576,0.0694,0.0557,0.1769,0.1535,0.2170,0.0557,0.1520,0.1544
1785436364.93,47,drive,2,4.0,15.0,40.793,25.11,249.82,0.1750,0.2278,0.0479,0.1916,0.0714,0.2576,0.0704,0.0547,0.1794,0.1559,0.2224,0.0572,0.1525,0.1554
1785436365.03,47,drive,3,4.0,15.0,40.793,25.11,249.82,0.1735,0.2268,0.0499,0.1921,0.0728,0.2571,0.0689,0.0543,0.1774,0.1544,0.2190,0.0572,0.1530,0.1554
1785436365.84,116,base,0,0.0,15.0,40.733,25.11,249.82,0.1735,0.2268,0.0479,0.1935,0.0738,0.2551,0.0699,0.0543,0.1764,0.1554,0.2199,0.0606,0.1525,0.1564
1785436365.94,116,base,1,0.0,15.0,40.733,25.11,249.82,0.1716,0.2292,0.0499,0.1916,0.0723,0.2581,0.0709,0.0557,0.1769,0.1515,0.2185,0.0567,0.1540,0.1549
1785436366.03,116,base,2,0.0,15.0,40.733,25.11,249.82,0.1735,0.2292,0.0479,0.1911,0.0733,0.2576,0.0694,0.0547,0.1769,0.1535,0.2190,0.0547,0.1530,0.1559
1785436366.13,116,base,3,0.0,15.0,40.733,25.11,249.82,0.1750,0.2278,0.0508,0.1891,0.0762,0.2581,0.0684,0.0552,0.1764,0.1540,0.2214,0.0552,0.1525,0.1549
1785436366.83,116,drive,0,0.5,15.0,40.733,25.11,249.82,0.1720,0.2278,0.0489,0.1911,0.0709,0.2586,0.0699,0.0552,0.1779,0.1544,0.2214,0.0582,0.1491,0.1544
1785436366.93,116,drive,1,0.5,15.0,40.733,25.11,249.82,0.1740,0.2287,0.0499,0.1921,0.0748,0.2556,0.0704,0.0557,0.1764,0.1540,0.2195,0.0543,0.1525,0.1559
1785436367.03,116,drive,2,0.5,15.0,40.733,25.11,249.82,0.1725,0.2273,0.0508,0.1911,0.0723,0.2561,0.0709,0.0547,0.1774,0.1544,0.2170,0.0547,0.1510,0.1554
1785436367.12,116,drive,3,0.5,15.0,40.733,25.11,249.82,0.1750,0.2253,0.0508,0.1926,0.0718,0.2556,0.0704,0.0557,0.1769,0.1540,0.2185,0.0587,0.1515,0.1515
1785436367.83,116,drive,0,1.0,15.0,40.733,25.11,249.82,0.1745,0.2287,0.0503,0.1882,0.0723,0.2581,0.0694,0.0547,0.1789,0.1520,0.2175,0.0567,0.1520,0.1530
1785436367.93,116,drive,1,1.0,15.0,40.733,25.11,249.82,0.1745,0.2273,0.0499,0.1940,0.0738,0.2576,0.0709,0.0557,0.1774,0.1564,0.2190,0.0547,0.1505,0.1554
1785436368.03,116,drive,2,1.0,15.0,40.733,25.11,249.82,0.1745,0.2248,0.0508,0.1921,0.0723,0.2571,0.0704,0.0547,0.1789,0.1530,0.2195,0.0557,0.1500,0.1540
1785436368.13,116,drive,3,1.0,15.0,40.733,25.11,249.82,0.1730,0.2287,0.0474,0.1921,0.0743,0.2595,0.0694,0.0552,0.1774,0.1549,0.2199,0.0538,0.1500,0.1559
1785436368.83,116,drive,0,1.5,15.0,40.733,25.11,249.82,0.1716,0.2268,0.0494,0.1916,0.0738,0.2581,0.0689,0.0543,0.1794,0.1554,0.2195,0.0552,0.1505,0.1554
1785436368.93,116,drive,1,1.5,15.0,40.733,25.11,249.82,0.1706,0.2273,0.0503,0.1911,0.0733,0.2576,0.0694,0.0572,0.1740,0.1549,0.2204,0.0582,0.1525,0.1535
1785436369.03,116,drive,2,1.5,15.0,40.733,25.11,249.82,0.1730,0.2253,0.0494,0.1891,0.0748,0.2581,0.0679,0.0552,0.1774,0.1559,0.2209,0.0557,0.1496,0.1535
1785436369.12,116,drive,3,1.5,15.0,40.733,25.11,249.82,0.1725,0.2268,0.0479,0.1906,0.0748,0.2576,0.0689,0.0577,0.1769,0.1544,0.2199,0.0577,0.1500,0.1554
1785436369.83,116,drive,0,2.0,15.0,40.733,25.11,249.82,0.1725,0.2278,0.0484,0.1882,0.0753,0.2556,0.0684,0.0567,0.1784,0.1554,0.2199,0.0543,0.1520,0.1554
1785436369.93,116,drive,1,2.0,15.0,40.733,25.11,249.82,0.1730,0.2273,0.0484,0.1916,0.0733,0.2571,0.0704,0.0562,0.1769,0.1544,0.2190,0.0567,0.1520,0.1559
1785436370.03,116,drive,2,2.0,15.0,40.733,25.11,249.82,0.1745,0.2268,0.0503,0.1935,0.0718,0.2576,0.0714,0.0543,0.1779,0.1544,0.2185,0.0547,0.1510,0.1549
1785436370.12,116,drive,3,2.0,15.0,40.733,25.11,249.82,0.1735,0.2278,0.0503,0.1916,0.0733,0.2581,0.0689,0.0547,0.1779,0.1559,0.2170,0.0547,0.1515,0.1549
1785436370.83,116,drive,0,2.5,15.0,40.733,25.11,249.82,0.1725,0.2297,0.0474,0.1901,0.0748,0.2600,0.0699,0.0547,0.1764,0.1554,0.2199,0.0562,0.1491,0.1564
1785436370.93,116,drive,1,2.5,15.0,40.733,25.11,249.82,0.1711,0.2253,0.0494,0.1891,0.0748,0.2595,0.0694,0.0528,0.1779,0.1554,0.2175,0.0572,0.1510,0.1549
1785436371.03,116,drive,2,2.5,15.0,40.733,25.11,249.82,0.1745,0.2287,0.0494,0.1901,0.0743,0.2581,0.0684,0.0552,0.1784,0.1544,0.2180,0.0582,0.1510,0.1540
1785436371.13,116,drive,3,2.5,15.0,40.733,25.11,249.82,0.1730,0.2258,0.0499,0.1921,0.0733,0.2586,0.0714,0.0543,0.1779,0.1530,0.2185,0.0577,0.1505,0.1554
1785436371.83,116,drive,0,3.0,15.0,40.733,25.11,249.82,0.1725,0.2287,0.0489,0.1891,0.0758,0.2586,0.0689,0.0538,0.1755,0.1535,0.2199,0.0572,0.1515,0.1549
1785436371.93,116,drive,1,3.0,15.0,40.733,25.11,249.82,0.1716,0.2287,0.0508,0.1901,0.0753,0.2566,0.0709,0.0543,0.1760,0.1535,0.2180,0.0557,0.1496,0.1559
1785436372.03,116,drive,2,3.0,15.0,40.733,25.11,249.82,0.1725,0.2278,0.0499,0.1926,0.0748,0.2576,0.0709,0.0567,0.1750,0.1544,0.2214,0.0562,0.1500,0.1544
1785436372.13,116,drive,3,3.0,15.0,40.733,25.11,249.82,0.1755,0.2278,0.0494,0.1911,0.0738,0.2590,0.0709,0.0533,0.1779,0.1549,0.2175,0.0538,0.1481,0.1559
1785436372.83,116,drive,0,3.5,15.0,40.733,25.11,249.82,0.1730,0.2263,0.0508,0.1896,0.0733,0.2605,0.0714,0.0538,0.1789,0.1520,0.2170,0.0567,0.1525,0.1530
1785436372.93,116,drive,1,3.5,15.0,40.733,25.11,249.82,0.1750,0.2278,0.0489,0.1911,0.0718,0.2590,0.0699,0.0552,0.1799,0.1530,0.2195,0.0582,0.1515,0.1535
1785436373.03,116,drive,2,3.5,15.0,40.733,25.11,249.82,0.1740,0.2292,0.0499,0.1926,0.0723,0.2576,0.0709,0.0538,0.1755,0.1515,0.2190,0.0582,0.1510,0.1544
1785436373.13,116,drive,3,3.5,15.0,40.733,25.11,249.82,0.1730,0.2263,0.0479,0.1916,0.0748,0.2586,0.0723,0.0557,0.1779,0.1544,0.2190,0.0567,0.1505,0.1549
1785436373.84,116,drive,0,4.0,15.0,40.733,25.11,249.82,0.1735,0.2297,0.0528,0.1891,0.0728,0.2595,0.0679,0.0543,0.1774,0.1520,0.2175,0.0562,0.1535,0.1544
1785436373.93,116,drive,1,4.0,15.0,40.733,25.11,249.82,0.1730,0.2273,0.0489,0.1891,0.0758,0.2576,0.0704,0.0538,0.1779,0.1515,0.2170,0.0562,0.1515,0.1525
1785436374.03,116,drive,2,4.0,15.0,40.733,25.11,249.82,0.1735,0.2297,0.0484,0.1901,0.0733,0.2586,0.0714,0.0557,0.1769,0.1515,0.2199,0.0577,0.1496,0.1525
1785436374.13,116,drive,3,4.0,15.0,40.733,25.11,249.82,0.1740,0.2292,0.0499,0.1901,0.0743,0.2586,0.0704,0.0547,0.1769,0.1520,0.2185,0.0596,0.1510,0.1544
1785436374.92,119,base,0,0.0,15.0,40.793,25.11,249.82,0.1735,0.2253,0.0474,0.1921,0.0718,0.2590,0.0689,0.0577,0.1769,0.1544,0.2160,0.0557,0.1540,0.1564
1785436375.02,119,base,1,0.0,15.0,40.793,25.11,249.82,0.1740,0.2268,0.0503,0.1901,0.0753,0.2586,0.0699,0.0572,0.1774,0.1525,0.2195,0.0567,0.1491,0.1564
1785436375.12,119,base,2,0.0,15.0,40.793,25.11,249.82,0.1745,0.2307,0.0494,0.1911,0.0743,0.2600,0.0684,0.0567,0.1779,0.1540,0.2190,0.0572,0.1515,0.1544
1785436375.21,119,base,3,0.0,15.0,40.793,25.11,249.82,0.1745,0.2287,0.0503,0.1901,0.0714,0.2586,0.0718,0.0547,0.1755,0.1505,0.2185,0.0582,0.1520,0.1549
1785436375.91,119,drive,0,0.5,15.0,40.793,25.11,249.82,0.1750,0.2292,0.0513,0.1911,0.0743,0.2595,0.0718,0.0547,0.1769,0.1525,0.2180,0.0562,0.1505,0.1569
1785436376.01,119,drive,1,0.5,15.0,40.793,25.11,249.82,0.1755,0.2283,0.0503,0.1926,0.0743,0.2576,0.0689,0.0543,0.1769,0.1544,0.2165,0.0547,0.1510,0.1535
1785436376.11,119,drive,2,0.5,15.0,40.793,25.11,249.82,0.1720,0.2283,0.0503,0.1891,0.0733,0.2600,0.0714,0.0557,0.1769,0.1535,0.2195,0.0562,0.1525,0.1540
1785436376.21,119,drive,3,0.5,15.0,40.793,25.11,249.82,0.1740,0.2268,0.0503,0.1901,0.0753,0.2590,0.0704,0.0547,0.1789,0.1520,0.2170,0.0572,0.1491,0.1525
1785436376.91,119,drive,0,1.0,15.0,40.793,25.11,249.82,0.1730,0.2273,0.0503,0.1921,0.0753,0.2581,0.0699,0.0547,0.1769,0.1520,0.2170,0.0562,0.1520,0.1554
1785436377.00,119,drive,1,1.0,15.0,40.793,25.11,249.82,0.1730,0.2273,0.0503,0.1911,0.0743,0.2581,0.0709,0.0552,0.1774,0.1549,0.2175,0.0577,0.1500,0.1559
1785436377.10,119,drive,2,1.0,15.0,40.793,25.11,249.82,0.1720,0.2283,0.0508,0.1916,0.0738,0.2590,0.0704,0.0562,0.1779,0.1525,0.2155,0.0577,0.1505,0.1559
1785436377.20,119,drive,3,1.0,15.0,40.793,25.11,249.82,0.1711,0.2278,0.0489,0.1906,0.0748,0.2590,0.0704,0.0552,0.1789,0.1525,0.2180,0.0577,0.1505,0.1554
1785436377.91,119,drive,0,1.5,15.0,40.793,25.11,249.82,0.1745,0.2287,0.0508,0.1901,0.0733,0.2566,0.0694,0.0552,0.1769,0.1530,0.2170,0.0562,0.1530,0.1559
1785436378.01,119,drive,1,1.5,15.0,40.793,25.11,249.82,0.1711,0.2268,0.0494,0.1896,0.0738,0.2581,0.0704,0.0547,0.1774,0.1544,0.2160,0.0552,0.1510,0.1564
1785436378.10,119,drive,2,1.5,15.0,40.793,25.11,249.82,0.1725,0.2278,0.0494,0.1901,0.0743,0.2600,0.0718,0.0552,0.1794,0.1515,0.2195,0.0562,0.1486,0.1530
1785436378.20,119,drive,3,1.5,15.0,40.793,25.11,249.82,0.1740,0.2283,0.0494,0.1887,0.0738,0.2615,0.0684,0.0552,0.1750,0.1530,0.2175,0.0567,0.1500,0.1549
1785436378.91,119,drive,0,2.0,15.0,40.793,25.11,249.82,0.1730,0.2268,0.0484,0.1901,0.0748,0.2581,0.0704,0.0572,0.1750,0.1515,0.2170,0.0577,0.1515,0.1544
1785436379.00,119,drive,1,2.0,15.0,40.793,25.11,249.82,0.1745,0.2278,0.0489,0.1901,0.0743,0.2595,0.0674,0.0538,0.1784,0.1525,0.2146,0.0577,0.1505,0.1549
1785436379.10,119,drive,2,2.0,15.0,40.793,25.11,249.82,0.1716,0.2273,0.0508,0.1911,0.0738,0.2590,0.0714,0.0552,0.1760,0.1530,0.2151,0.0582,0.1491,0.1540
1785436379.20,119,drive,3,2.0,15.0,40.793,25.11,249.82,0.1725,0.2297,0.0494,0.1916,0.0748,0.2605,0.0709,0.0557,0.1755,0.1520,0.2165,0.0577,0.1525,0.1549
1785436379.90,119,drive,0,2.5,15.0,40.793,25.11,249.82,0.1725,0.2307,0.0523,0.1872,0.0758,0.2600,0.0728,0.0567,0.1769,0.1525,0.2126,0.0601,0.1505,0.1525
1785436380.00,119,drive,1,2.5,15.0,40.793,25.11,249.82,0.1725,0.2287,0.0489,0.1891,0.0767,0.2586,0.0718,0.0562,0.1779,0.1496,0.2151,0.0596,0.1510,0.1540
1785436380.10,119,drive,2,2.5,15.0,40.793,25.11,249.82,0.1716,0.2283,0.0494,0.1901,0.0743,0.2610,0.0728,0.0547,0.1794,0.1515,0.2136,0.0552,0.1530,0.1540
1785436380.20,119,drive,3,2.5,15.0,40.793,25.11,249.82,0.1740,0.2307,0.0508,0.1891,0.0748,0.2610,0.0689,0.0538,0.1774,0.1525,0.2141,0.0552,0.1515,0.1540
1785436380.90,119,drive,0,3.0,15.0,40.793,25.11,249.82,0.1745,0.2307,0.0499,0.1901,0.0728,0.2610,0.0689,0.0577,0.1769,0.1500,0.2165,0.0601,0.1530,0.1535
1785436381.00,119,drive,1,3.0,15.0,40.793,25.11,249.82,0.1725,0.2307,0.0484,0.1896,0.0758,0.2600,0.0684,0.0552,0.1764,0.1520,0.2165,0.0577,0.1515,0.1554
1785436381.10,119,drive,2,3.0,15.0,40.793,25.11,249.82,0.1755,0.2292,0.0494,0.1906,0.0733,0.2605,0.0714,0.0538,0.1779,0.1515,0.2151,0.0596,0.1520,0.1540
1785436381.20,119,drive,3,3.0,15.0,40.793,25.11,249.82,0.1769,0.2283,0.0499,0.1896,0.0753,0.2615,0.0699,0.0562,0.1789,0.1505,0.2151,0.0567,0.1505,0.1544
1785436381.91,119,drive,0,3.5,15.0,40.793,25.11,249.82,0.1735,0.2283,0.0503,0.1921,0.0748,0.2625,0.0674,0.0547,0.1764,0.1510,0.2121,0.0572,0.1515,0.1544
1785436382.00,119,drive,1,3.5,15.0,40.793,25.11,249.82,0.1745,0.2302,0.0489,0.1896,0.0762,0.2595,0.0699,0.0547,0.1769,0.1496,0.2141,0.0587,0.1515,0.1535
1785436382.10,119,drive,2,3.5,15.0,40.793,25.11,249.82,0.1760,0.2292,0.0469,0.1887,0.0733,0.2590,0.0704,0.0552,0.1750,0.1500,0.2160,0.0596,0.1505,0.1544
1785436382.20,119,drive,3,3.5,15.0,40.793,25.11,249.82,0.1735,0.2273,0.0499,0.1931,0.0753,0.2600,0.0679,0.0552,0.1769,0.1491,0.2146,0.0562,0.1510,0.1549
1785436382.90,119,drive,0,4.0,15.0,40.793,25.11,249.82,0.1725,0.2273,0.0489,0.1916,0.0748,0.2600,0.0694,0.0557,0.1764,0.1505,0.2136,0.0567,0.1510,0.1554
1785436383.00,119,drive,1,4.0,15.0,40.793,25.11,249.82,0.1725,0.2302,0.0523,0.1911,0.0723,0.2630,0.0723,0.0547,0.1730,0.1515,0.2155,0.0582,0.1525,0.1554
1785436383.10,119,drive,2,4.0,15.0,40.793,25.11,249.82,0.1745,0.2302,0.0503,0.1901,0.0728,0.2595,0.0699,0.0557,0.1769,0.1525,0.2155,0.0587,0.1525,0.1549
1785436383.19,119,drive,3,4.0,15.0,40.793,25.11,249.82,0.1730,0.2307,0.0484,0.1921,0.0748,0.2625,0.0718,0.0533,0.1769,0.1520,0.2141,0.0557,0.1505,0.1549
1785436384.01,55,base,0,0.0,15.0,40.793,25.11,249.82,0.1730,0.2287,0.0484,0.1891,0.0748,0.2605,0.0679,0.0552,0.1769,0.1491,0.2126,0.0567,0.1525,0.1544
1785436384.11,55,base,1,0.0,15.0,40.793,25.11,249.82,0.1740,0.2297,0.0508,0.1901,0.0767,0.2610,0.0694,0.0528,0.1789,0.1505,0.2121,0.0577,0.1520,0.1554
1785436384.21,55,base,2,0.0,15.0,40.793,25.11,249.82,0.1730,0.2283,0.0494,0.1931,0.0758,0.2620,0.0704,0.0567,0.1779,0.1481,0.2121,0.0572,0.1505,0.1525
1785436384.31,55,base,3,0.0,15.0,40.793,25.11,249.82,0.1740,0.2268,0.0499,0.1891,0.0753,0.2595,0.0689,0.0543,0.1745,0.1481,0.2136,0.0572,0.1510,0.1549
1785436385.01,55,drive,0,0.5,15.0,40.793,25.11,249.82,0.1730,0.2278,0.0474,0.1926,0.0753,0.2610,0.0718,0.0543,0.1789,0.1496,0.2175,0.0577,0.1505,0.1535
1785436385.11,55,drive,1,0.5,15.0,40.793,25.11,249.82,0.1730,0.2273,0.0484,0.1901,0.0777,0.2605,0.0699,0.0562,0.1764,0.1491,0.2146,0.0577,0.1491,0.1559
1785436385.21,55,drive,2,0.5,15.0,40.793,25.11,249.82,0.1755,0.2307,0.0513,0.1891,0.0762,0.2615,0.0699,0.0557,0.1764,0.1525,0.2126,0.0567,0.1530,0.1540
1785436385.31,55,drive,3,0.5,15.0,40.793,25.11,249.82,0.1750,0.2302,0.0513,0.1882,0.0753,0.2590,0.0699,0.0552,0.1779,0.1461,0.2151,0.0587,0.1476,0.1535
1785436386.02,55,drive,0,1.0,15.0,40.793,25.11,249.82,0.1750,0.2268,0.0508,0.1887,0.0758,0.2615,0.0694,0.0557,0.1789,0.1500,0.2146,0.0567,0.1530,0.1544
1785436386.11,55,drive,1,1.0,15.0,40.793,25.11,249.82,0.1740,0.2302,0.0479,0.1906,0.0758,0.2605,0.0714,0.0552,0.1764,0.1486,0.2121,0.0582,0.1535,0.1549
1785436386.21,55,drive,2,1.0,15.0,40.793,25.11,249.82,0.1735,0.2302,0.0503,0.1896,0.0753,0.2615,0.0699,0.0547,0.1750,0.1515,0.2136,0.0572,0.1510,0.1544
1785436386.31,55,drive,3,1.0,15.0,40.793,25.11,249.82,0.1740,0.2287,0.0494,0.1911,0.0728,0.2615,0.0709,0.0538,0.1769,0.1481,0.2141,0.0562,0.1510,0.1515
1785436387.02,55,drive,0,1.5,15.0,40.793,25.11,249.82,0.1745,0.2302,0.0508,0.1896,0.0743,0.2610,0.0679,0.0533,0.1779,0.1466,0.2126,0.0567,0.1515,0.1574
1785436387.11,55,drive,1,1.5,15.0,40.793,25.11,249.82,0.1760,0.2283,0.0494,0.1911,0.0743,0.2615,0.0689,0.0543,0.1774,0.1510,0.2146,0.0567,0.1505,0.1564
1785436387.21,55,drive,2,1.5,15.0,40.793,25.11,249.82,0.1750,0.2307,0.0499,0.1911,0.0758,0.2634,0.0689,0.0543,0.1784,0.1496,0.2131,0.0587,0.1520,0.1564
1785436387.31,55,drive,3,1.5,15.0,40.793,25.11,249.82,0.1745,0.2287,0.0499,0.1891,0.0767,0.2595,0.0684,0.0552,0.1750,0.1505,0.2131,0.0572,0.1510,0.1549
1785436388.02,55,drive,0,2.0,15.0,40.793,25.11,249.82,0.1735,0.2273,0.0499,0.1911,0.0762,0.2625,0.0723,0.0547,0.1779,0.1505,0.2136,0.0587,0.1520,0.1540
1785436388.12,55,drive,1,2.0,15.0,40.793,25.11,249.82,0.1764,0.2312,0.0479,0.1901,0.0748,0.2610,0.0709,0.0552,0.1774,0.1491,0.2141,0.0587,0.1535,0.1554
1785436388.21,55,drive,2,2.0,15.0,40.793,25.11,249.82,0.1750,0.2292,0.0499,0.1891,0.0767,0.2625,0.0699,0.0547,0.1769,0.1491,0.2126,0.0567,0.1520,0.1540
1785436388.31,55,drive,3,2.0,15.0,40.793,25.11,249.82,0.1725,0.2307,0.0499,0.1891,0.0748,0.2625,0.0723,0.0567,0.1760,0.1466,0.2141,0.0587,0.1525,0.1549
1785436389.01,55,drive,0,2.5,15.0,40.793,25.11,249.82,0.1740,0.2307,0.0503,0.1906,0.0738,0.2625,0.0699,0.0543,0.1774,0.1486,0.2146,0.0552,0.1530,0.1554
1785436389.11,55,drive,1,2.5,15.0,40.793,25.11,249.82,0.1755,0.2292,0.0484,0.1916,0.0767,0.2615,0.0694,0.0552,0.1764,0.1471,0.2131,0.0572,0.1505,0.1535
1785436389.21,55,drive,2,2.5,15.0,40.793,25.11,249.82,0.1774,0.2297,0.0499,0.1887,0.0762,0.2610,0.0723,0.0538,0.1735,0.1471,0.2126,0.0591,0.1500,0.1544
1785436389.30,55,drive,3,2.5,15.0,40.793,25.11,249.82,0.1750,0.2273,0.0499,0.1906,0.0748,0.2625,0.0684,0.0572,0.1769,0.1491,0.2126,0.0562,0.1535,0.1549
1785436390.00,55,drive,0,3.0,15.0,40.793,25.11,249.82,0.1716,0.2312,0.0484,0.1891,0.0762,0.2644,0.0704,0.0547,0.1794,0.1466,0.2126,0.0582,0.1530,0.1520
1785436390.10,55,drive,1,3.0,15.0,40.793,25.11,249.82,0.1725,0.2331,0.0499,0.1877,0.0777,0.2625,0.0704,0.0543,0.1779,0.1491,0.2121,0.0547,0.1515,0.1530
1785436390.20,55,drive,2,3.0,15.0,40.793,25.11,249.82,0.1730,0.2312,0.0523,0.1901,0.0753,0.2620,0.0723,0.0543,0.1760,0.1486,0.2116,0.0557,0.1525,0.1554
1785436390.30,55,drive,3,3.0,15.0,40.793,25.11,249.82,0.1740,0.2312,0.0469,0.1921,0.0758,0.2610,0.0714,0.0557,0.1774,0.1476,0.2131,0.0582,0.1535,0.1535
1785436391.00,55,drive,0,3.5,15.0,40.793,25.11,249.82,0.1764,0.2302,0.0508,0.1911,0.0758,0.2605,0.0723,0.0567,0.1755,0.1486,0.2146,0.0582,0.1510,0.1549
1785436391.10,55,drive,1,3.5,15.0,40.793,25.11,249.82,0.1755,0.2278,0.0479,0.1896,0.0762,0.2634,0.0714,0.0562,0.1764,0.1481,0.2126,0.0562,0.1505,0.1559
1785436391.20,55,drive,2,3.5,15.0,40.793,25.11,249.82,0.1750,0.2292,0.0489,0.1906,0.0762,0.2639,0.0709,0.0557,0.1784,0.1476,0.2131,0.0562,0.1510,0.1525
1785436391.29,55,drive,3,3.5,15.0,40.793,25.11,249.82,0.1740,0.2307,0.0494,0.1911,0.0762,0.2605,0.0709,0.0562,0.1755,0.1481,0.2121,0.0587,0.1510,0.1520
1785436392.00,55,drive,0,4.0,15.0,40.793,25.11,249.82,0.1711,0.2292,0.0489,0.1901,0.0753,0.2630,0.0714,0.0547,0.1760,0.1481,0.2131,0.0572,0.1530,0.1544
1785436392.10,55,drive,1,4.0,15.0,40.793,25.11,249.82,0.1745,0.2307,0.0474,0.1901,0.0777,0.2634,0.0714,0.0533,0.1784,0.1481,0.2121,0.0562,0.1530,0.1549
1785436392.20,55,drive,2,4.0,15.0,40.793,25.11,249.82,0.1755,0.2307,0.0508,0.1891,0.0743,0.2630,0.0723,0.0523,0.1774,0.1476,0.2111,0.0572,0.1530,0.1559
1785436392.30,55,drive,3,4.0,15.0,40.793,25.11,249.82,0.1735,0.2317,0.0489,0.1906,0.0777,0.2630,0.0704,0.0552,0.1764,0.1491,0.2131,0.0557,0.1510,0.1515
1785436393.13,56,base,0,0.0,15.0,40.853,25.11,249.82,0.1745,0.2312,0.0508,0.1882,0.0753,0.2644,0.0709,0.0557,0.1745,0.1496,0.2116,0.0587,0.1515,0.1544
1785436393.22,56,base,1,0.0,15.0,40.853,25.11,249.82,0.1740,0.2287,0.0499,0.1916,0.0738,0.2630,0.0733,0.0557,0.1769,0.1471,0.2111,0.0577,0.1530,0.1549
1785436393.32,56,base,2,0.0,15.0,40.853,25.11,249.82,0.1740,0.2292,0.0508,0.1896,0.0758,0.2610,0.0694,0.0557,0.1764,0.1491,0.2102,0.0557,0.1535,0.1559
1785436393.42,56,base,3,0.0,15.0,40.853,25.11,249.82,0.1745,0.2278,0.0503,0.1887,0.0758,0.2639,0.0699,0.0543,0.1760,0.1486,0.2111,0.0582,0.1510,0.1544
1785436394.12,56,drive,0,0.5,15.0,40.853,25.11,249.82,0.1740,0.2302,0.0494,0.1901,0.0772,0.2639,0.0679,0.0543,0.1779,0.1461,0.2102,0.0587,0.1525,0.1544
1785436394.22,56,drive,1,0.5,15.0,40.853,25.11,249.82,0.1750,0.2297,0.0518,0.1916,0.0782,0.2644,0.0723,0.0552,0.1774,0.1476,0.2102,0.0543,0.1540,0.1559
1785436394.32,56,drive,2,0.5,15.0,40.853,25.11,249.82,0.1725,0.2302,0.0494,0.1921,0.0772,0.2620,0.0718,0.0523,0.1764,0.1476,0.2097,0.0567,0.1535,0.1544
1785436394.42,56,drive,3,0.5,15.0,40.853,25.11,249.82,0.1769,0.2336,0.0503,0.1911,0.0758,0.2625,0.0709,0.0538,0.1779,0.1481,0.2107,0.0572,0.1520,0.1559
1785436395.12,56,drive,0,1.0,15.0,40.853,25.11,249.82,0.1750,0.2307,0.0494,0.1891,0.0758,0.2639,0.0674,0.0562,0.1769,0.1466,0.2131,0.0562,0.1525,0.1554
1785436395.22,56,drive,1,1.0,15.0,40.853,25.11,249.82,0.1740,0.2307,0.0499,0.1887,0.0758,0.2654,0.0704,0.0543,0.1794,0.1466,0.2111,0.0572,0.1505,0.1544
1785436395.32,56,drive,2,1.0,15.0,40.853,25.11,249.82,0.1725,0.2292,0.0484,0.1901,0.0767,0.2615,0.0723,0.0547,0.1774,0.1466,0.2102,0.0567,0.1530,0.1554
1785436395.42,56,drive,3,1.0,15.0,40.853,25.11,249.82,0.1750,0.2278,0.0499,0.1911,0.0772,0.2620,0.0684,0.0557,0.1784,0.1476,0.2111,0.0572,0.1515,0.1549
1785436396.13,56,drive,0,1.5,15.0,40.853,25.11,249.82,0.1730,0.2302,0.0499,0.1916,0.0767,0.2644,0.0733,0.0552,0.1799,0.1471,0.2102,0.0582,0.1535,0.1535
1785436396.22,56,drive,1,1.5,15.0,40.853,25.11,249.82,0.1760,0.2302,0.0489,0.1916,0.0758,0.2630,0.0694,0.0567,0.1784,0.1461,0.2107,0.0572,0.1540,0.1564
1785436396.32,56,drive,2,1.5,15.0,40.853,25.11,249.82,0.1774,0.2312,0.0484,0.1891,0.0753,0.2654,0.0709,0.0547,0.1764,0.1471,0.2116,0.0577,0.1525,0.1540
1785436396.42,56,drive,3,1.5,15.0,40.853,25.11,249.82,0.1735,0.2302,0.0503,0.1926,0.0743,0.2605,0.0728,0.0562,0.1764,0.1471,0.2116,0.0572,0.1535,0.1549
1785436397.13,56,drive,0,2.0,15.0,40.853,25.11,249.82,0.1745,0.2307,0.0489,0.1896,0.0782,0.2625,0.0704,0.0567,0.1774,0.1466,0.2116,0.0591,0.1510,0.1564
1785436397.23,56,drive,1,2.0,15.0,40.853,25.11,249.82,0.1764,0.2322,0.0499,0.1891,0.0748,0.2639,0.0718,0.0547,0.1769,0.1457,0.2111,0.0611,0.1544,0.1549
1785436397.33,56,drive,2,2.0,15.0,40.853,25.11,249.82,0.1740,0.2297,0.0494,0.1891,0.0758,0.2634,0.0709,0.0562,0.1774,0.1447,0.2111,0.0577,0.1544,0.1554
1785436397.42,56,drive,3,2.0,15.0,40.853,25.11,249.82,0.1760,0.2322,0.0508,0.1901,0.0767,0.2634,0.0699,0.0528,0.1774,0.1452,0.2116,0.0557,0.1549,0.1569
1785436398.13,56,drive,0,2.5,15.0,40.853,25.11,249.82,0.1750,0.2307,0.0513,0.1896,0.0753,0.2625,0.0723,0.0518,0.1784,0.1437,0.2092,0.0587,0.1544,0.1544
1785436398.23,56,drive,1,2.5,15.0,40.853,25.11,249.82,0.1750,0.2317,0.0499,0.1882,0.0753,0.2639,0.0723,0.0572,0.1784,0.1452,0.2102,0.0557,0.1544,0.1535
1785436398.33,56,drive,2,2.5,15.0,40.853,25.11,249.82,0.1774,0.2292,0.0494,0.1891,0.0758,0.2620,0.0714,0.0557,0.1769,0.1457,0.2102,0.0582,0.1530,0.1515
1785436398.43,56,drive,3,2.5,15.0,40.853,25.11,249.82,0.1760,0.2322,0.0508,0.1891,0.0762,0.2615,0.0704,0.0557,0.1774,0.1457,0.2116,0.0577,0.1530,0.1549
1785436399.13,56,drive,0,3.0,15.0,40.853,25.11,249.82,0.1740,0.2307,0.0479,0.1906,0.0758,0.2639,0.0714,0.0577,0.1789,0.1447,0.2111,0.0547,0.1520,0.1544
1785436399.23,56,drive,1,3.0,15.0,40.853,25.11,249.82,0.1735,0.2307,0.0489,0.1916,0.0738,0.2639,0.0709,0.0552,0.1774,0.1461,0.2121,0.0562,0.1540,0.1559
1785436399.33,56,drive,2,3.0,15.0,40.853,25.11,249.82,0.1730,0.2297,0.0479,0.1906,0.0762,0.2644,0.0723,0.0543,0.1789,0.1457,0.2126,0.0562,0.1549,0.1564
1785436399.43,56,drive,3,3.0,15.0,40.853,25.11,249.82,0.1735,0.2326,0.0508,0.1906,0.0772,0.2630,0.0709,0.0533,0.1774,0.1457,0.2116,0.0562,0.1530,0.1554
1785436400.13,56,drive,0,3.5,15.0,40.853,25.11,249.82,0.1740,0.2322,0.0508,0.1882,0.0772,0.2634,0.0689,0.0528,0.1799,0.1432,0.2072,0.0591,0.1549,0.1549
1785436400.23,56,drive,1,3.5,15.0,40.853,25.11,249.82,0.1740,0.2336,0.0508,0.1916,0.0767,0.2634,0.0728,0.0552,0.1755,0.1432,0.2111,0.0582,0.1530,0.1554
1785436400.33,56,drive,2,3.5,15.0,40.853,25.11,249.82,0.1730,0.2317,0.0508,0.1901,0.0753,0.2625,0.0709,0.0543,0.1789,0.1437,0.2107,0.0601,0.1540,0.1544
1785436400.43,56,drive,3,3.5,15.0,40.853,25.11,249.82,0.1750,0.2326,0.0474,0.1916,0.0777,0.2634,0.0699,0.0552,0.1799,0.1471,0.2111,0.0577,0.1535,0.1535
1785436401.13,56,drive,0,4.0,15.0,40.853,25.11,249.82,0.1730,0.2317,0.0489,0.1906,0.0748,0.2634,0.0723,0.0547,0.1774,0.1476,0.2111,0.0572,0.1515,0.1559
1785436401.23,56,drive,1,4.0,15.0,40.853,25.11,249.82,0.1740,0.2317,0.0508,0.1896,0.0767,0.2649,0.0709,0.0552,0.1774,0.1447,0.2111,0.0572,0.1544,0.1554
1785436401.33,56,drive,2,4.0,15.0,40.853,25.11,249.82,0.1750,0.2312,0.0484,0.1926,0.0762,0.2634,0.0704,0.0562,0.1779,0.1461,0.2116,0.0567,0.1520,0.1535
1785436401.43,56,drive,3,4.0,15.0,40.853,25.11,249.82,0.1730,0.2297,0.0508,0.1935,0.0758,0.2654,0.0723,0.0552,0.1779,0.1461,0.2102,0.0577,0.1544,0.1549
